policy,env,spent,rounds,inference_seconds,nlpd,flux_dex,regret
eig,0,15.0,30,0.5488325038459152,3.816725392984545,0.3050497607359382,15.892549999999993
eig,0,30.0,60,0.6611314945621416,3.6157667492107493,0.23383208397407396,21.560300000000005
eig,0,60.0,120,0.8808279070653953,3.4517207228517996,0.18668104458997575,21.560300000000005
eig,0,90.0,180,1.08784487308003,3.3436988147753723,0.15634849647220686,54.93705000000008
eig,0,120.0,240,1.3460406634840183,3.267376470336251,0.13484523316153063,92.72205000000015
epig,0,15.0,30,3.3862284361966886,3.816725392984545,0.3050497607359382,15.892549999999993
epig,0,30.0,60,4.682981378340628,3.6157667492107493,0.23383208397407396,21.560300000000005
epig,0,60.0,120,7.052523838356137,3.4517207228517996,0.18668104458997575,21.560300000000005
epig,0,90.0,180,9.485554767365102,3.3436988147753723,0.15634849647220686,54.93705000000008
epig,0,120.0,240,11.73327643488301,3.267376470336251,0.13484523316153063,92.72205000000015
maxent,0,15.0,30,0.4285323821241036,4.072129470513687,0.4151372988176368,3.9273000000000007
maxent,0,30.0,60,0.5202553541748784,4.071356202248089,0.4151356069279027,3.9273000000000007
maxent,0,60.0,120,0.7018255852744915,4.07104854947987,0.4151433117121688,3.9273000000000007
maxent,0,90.0,180,0.8968632121104747,4.07184203915559,0.4151330380309999,3.9273000000000007
maxent,0,120.0,240,1.0773471791762859,4.071918150935713,0.4151330101617327,3.9273000000000007
d-optimality,0,15.0,30,0.013547364680562168,3.889044341903927,0.29763144326948177,22.190050000000006
d-optimality,0,30.0,60,0.018336030654609203,3.573519734564099,0.21396677422724608,33.52555000000003
d-optimality,0,60.0,120,0.027240744791924953,3.454969948472159,0.18305777217621755,33.52555000000003
d-optimality,0,90.0,180,0.03776656254194677,3.3372554656445232,0.1545220451819949,62.494050000000094
d-optimality,0,120.0,240,0.04863953700987622,3.2585173513121752,0.13405349189000962,100.27905000000017
neyman,0,15.0,30,0.042043200810439885,3.816725392984545,0.3050497607359382,15.892549999999993
neyman,0,30.0,60,0.07998671976383775,3.57633402805522,0.2149849356181875,20.930550000000004
neyman,0,60.0,120,0.15931500581791624,3.449578984079729,0.18973671192506328,48.00980000000006
neyman,0,90.0,180,0.24215604533674195,3.3727433893811978,0.1667934010751648,77.60805000000012
neyman,0,120.0,240,0.3301242443267256,3.3556474261572746,0.15870111617612023,113.5038000000002
predictive-variance,0,15.0,1,0.008796998008619994,4.225587845087987,0.44354203099558226,196.36500000000004
predictive-variance,0,30.0,2,0.009183161018881947,4.190554477349848,0.4425979612043716,196.36500000000004
predictive-variance,0,60.0,3,0.009567029075697064,4.1406407913372325,0.4316547377304685,196.36500000000004
predictive-variance,0,90.0,4,0.009950247127562761,4.088016604786015,0.4209792758267792,196.36500000000004
predictive-variance,0,120.0,44,0.016609087761025876,3.5875136364134725,0.23922543283447797,213.99800000000008
epistemic,0,15.0,1,0.008769775973632932,4.225587845087987,0.44354203099558226,196.36500000000004
epistemic,0,30.0,2,0.009161469002719969,4.190554477349848,0.4425979612043716,196.36500000000004
epistemic,0,60.0,3,0.009549174981657416,4.1406407913372325,0.4316547377304685,196.36500000000004
epistemic,0,90.0,4,0.009933635010384023,4.088016604786015,0.4209792758267792,196.36500000000004
epistemic,0,120.0,44,0.01667253382038325,3.5875136364134725,0.23922543283447797,213.99800000000008
thompson,0,15.0,1,0.004296593018807471,4.221607146213108,0.44274071418564104,0.0
thompson,0,30.0,2,0.008515519963111728,4.178236581177079,0.44169365867648286,0.0
thompson,0,60.0,3,0.012290826940443367,4.150773092564278,0.44116648032740785,0.0
thompson,0,90.0,4,0.016236331954132766,4.119720423701018,0.4410232177891864,0.0
thompson,0,120.0,44,0.17570830992190167,3.6976681924509087,0.3290186743531826,16.37349999999999
uniform,0,15.0,3,1.0127900168299675e-05,4.19330881958769,0.4350736752001145,151.82300000000004
uniform,0,30.0,6,1.5859841369092464e-05,4.122983324751056,0.4296238622934173,298.377
uniform,0,60.0,12,2.214184496551752e-05,3.927190783366701,0.38422842987074174,336.1620000000001
uniform,0,90.0,18,2.6872963644564152e-05,3.79776086756195,0.3323932749894955,373.9470000000002
uniform,0,120.0,24,3.141281194984913e-05,3.639951658988594,0.30073695382646926,411.73200000000026
random,0,15.0,4,3.225100226700306e-05,4.127571666503445,0.4173066624798861,39.67424999999997
random,0,30.0,4,3.225100226700306e-05,4.127571666503445,0.4173066624798861,39.67424999999997
random,0,60.0,6,3.9134116377681494e-05,4.092334024312913,0.4088536511477484,83.75674999999995
random,0,90.0,9,4.7690176870673895e-05,4.021384492578964,0.3786091694279996,119.02274999999993
random,0,120.0,14,5.97722246311605e-05,3.958056866851582,0.35686158544750884,151.1399999999999
eig@gamma-poisson,0,15.0,30,0.024367925943806767,3.9134738685672534,0.31199065578086194,3.9273000000000007
eig@gamma-poisson,0,30.0,60,0.03236031491542235,3.7564591713505755,0.24672307372528787,3.9273000000000007
eig@gamma-poisson,0,60.0,120,0.04756840004120022,3.550454557449743,0.20477107824950683,3.9273000000000007
eig@gamma-poisson,0,90.0,180,0.06217626261059195,3.4773856176831384,0.1928549544279964,3.9273000000000007
eig@gamma-poisson,0,120.0,240,0.07666441664332524,3.3863543149877677,0.18626106648232316,3.9273000000000007
eig@lognormal-poisson,0,15.0,30,9.900391227274667,3.856034509380738,0.3029489160466886,15.892549999999993
eig@lognormal-poisson,0,30.0,60,10.09060359513387,3.680102619054828,0.23840637367268136,21.560300000000005
eig@lognormal-poisson,0,60.0,120,10.381702094629873,3.489413544350537,0.18952545481710303,21.560300000000005
eig@lognormal-poisson,0,90.0,180,10.659125172358472,3.3643685434768567,0.1592315956695486,22.819800000000008
eig@lognormal-poisson,0,120.0,240,10.90494241862325,3.3108212692824837,0.14741423375768564,25.968550000000015
eig,1,15.0,30,0.5232492354116403,4.251804848619431,0.32526790153404656,92.465
eig,1,30.0,60,0.6354742243420333,3.9979143190396456,0.26703385281768316,92.465
eig,1,60.0,120,0.8558512983727269,3.667740762258427,0.17388114923786926,92.465
eig,1,90.0,180,1.0757027046056464,3.6423051410491767,0.15900333670092912,92.465
eig,1,120.0,240,1.2914069164544344,3.541464396405764,0.1420592221903089,92.465
epig,1,15.0,30,3.480677258747164,4.251804848619431,0.32526790153404656,92.465
epig,1,30.0,60,4.815369611373171,3.9979143190396456,0.26703385281768316,92.465
epig,1,60.0,120,7.2487222863710485,3.6707068809617724,0.17630691427132872,92.465
epig,1,90.0,180,9.83893007360166,3.653801522411198,0.16102646135270104,92.465
epig,1,120.0,240,12.277982984262053,3.541464396405764,0.1420592221903089,92.465
maxent,1,15.0,30,0.4322779964422807,4.411890333068574,0.419565057451701,112.14749999999998
maxent,1,30.0,60,0.5281076583778486,4.410492749037345,0.419566776317823,171.19500000000022
maxent,1,60.0,120,0.7162846730207093,4.411718062364912,0.41956591191350995,289.29000000000093
maxent,1,90.0,180,0.904286258679349,4.427097537844706,0.4197383994491001,407.38500000000164
maxent,1,120.0,240,1.0921257344889455,4.42676877549989,0.4197384726679326,525.4800000000023
d-optimality,1,15.0,30,0.013491223333403468,4.271244890345436,0.3334167834809945,106.59285000000003
d-optimality,1,30.0,60,0.018325500132050365,3.9331809373992317,0.24373684596544,106.59285000000003
d-optimality,1,60.0,120,0.027837777452077717,3.667740762258427,0.17388114923786926,106.59285000000003
d-optimality,1,90.0,180,0.03875683748628944,3.6699773244535763,0.16383346100048993,106.59285000000003
d-optimality,1,120.0,240,0.049805316666606814,3.5462160210229485,0.14461393211543616,106.59285000000003
neyman,1,15.0,30,0.041275793220847845,4.251804848619431,0.32526790153404656,92.465
neyman,1,30.0,60,0.07893154490739107,4.020313780277287,0.26042957871745026,92.465
neyman,1,60.0,120,0.16094629233703017,3.7939218786645696,0.20212096283970776,92.465
neyman,1,90.0,180,0.24394831713289022,3.6229830687899933,0.1671998545756797,92.465
neyman,1,120.0,240,0.3282784564071335,3.53599662259462,0.15064675208564585,92.465
predictive-variance,1,15.0,1,0.008635867037810385,4.536968879469651,0.45002626617911584,393.41250000000014
predictive-variance,1,30.0,2,0.009016751020681113,4.493546602559442,0.442312306662461,786.8250000000003
predictive-variance,1,60.0,3,0.009397331974469125,4.459529048534084,0.44055389313624577,1180.2375000000004
predictive-variance,1,90.0,4,0.009819121973123401,4.433704305261066,0.44027316320208626,1573.6500000000005
predictive-variance,1,120.0,44,0.016590282029937953,4.068613498378914,0.2866744557341428,1634.6419999999994
epistemic,1,15.0,1,0.008690578048117459,4.536968879469651,0.45002626617911584,393.41250000000014
epistemic,1,30.0,2,0.009073114022612572,4.493546602559442,0.442312306662461,786.8250000000003
epistemic,1,60.0,3,0.009454006096348166,4.459529048534084,0.44055389313624577,1180.2375000000004
epistemic,1,90.0,4,0.009838116122409701,4.433704305261066,0.44027316320208626,1573.6500000000005
epistemic,1,120.0,44,0.016617048939224333,4.068613498378914,0.2866744557341428,1634.6419999999994
thompson,1,15.0,1,0.004444369988050312,4.530624792398705,0.4492044812937847,736.6225000000002
thompson,1,30.0,2,0.008507156046107411,4.51366490646637,0.4377866323547932,1473.2450000000003
thompson,1,60.0,3,0.012749758083373308,4.476566223870051,0.437204598237677,2209.8675000000003
thompson,1,90.0,4,0.01678109506610781,4.457544000173943,0.4336285983313317,2946.4900000000007
thompson,1,120.0,44,0.17576624086359516,4.254833579946395,0.36670177293608763,3079.2841999999973
uniform,1,15.0,3,7.79592664912343e-06,4.506827598848196,0.43446392933010874,236.0475000000001
uniform,1,30.0,6,1.2294971384108067e-05,4.393769312094995,0.4138540742346583,314.73000000000013
uniform,1,60.0,12,1.8016027752310038e-05,4.2305377202981855,0.39990310802986934,314.73000000000013
uniform,1,90.0,18,2.1800922695547342e-05,4.122718096448701,0.37063838959201895,314.73000000000013
uniform,1,120.0,24,2.5757006369531155e-05,3.9995718871191315,0.3647043873463044,314.73000000000013
random,1,15.0,1,2.7219997718930244e-05,4.44197796539946,0.43078828914982087,386.7600000000002
random,1,30.0,2,3.157701576128602e-05,4.4291589615295655,0.4287992882820461,773.5200000000004
random,1,60.0,4,3.767909947782755e-05,4.318437745082321,0.41664033798487743,935.9592000000005
random,1,90.0,8,4.810909740626812e-05,4.2278830503647535,0.3854568012051409,1446.4824000000008
random,1,120.0,12,5.8960169553756714e-05,4.228946193552144,0.37883286509957836,1856.4480000000012
eig@gamma-poisson,1,15.0,30,0.024733066384214908,4.394479488291952,0.3320708254993012,92.465
eig@gamma-poisson,1,30.0,60,0.03292884636903182,4.146235044993421,0.27501657882470226,96.4015
eig@gamma-poisson,1,60.0,120,0.04834745131665841,3.7139359163284005,0.18601863958249018,96.4015
eig@gamma-poisson,1,90.0,180,0.06331026216503233,3.7043129401678505,0.17603951273340407,96.4015
eig@gamma-poisson,1,120.0,240,0.0781234017922543,3.5556574064120734,0.1430769565038846,96.4015
eig@lognormal-poisson,1,15.0,30,9.694561918789987,4.287353793631515,0.32467641030600136,92.465
eig@lognormal-poisson,1,30.0,60,9.891731343930587,4.057519415342551,0.2718275450097579,92.465
eig@lognormal-poisson,1,60.0,120,10.212990070634987,3.7429146238748054,0.1862391296956777,92.465
eig@lognormal-poisson,1,90.0,180,10.50243583257543,3.6778112760871657,0.16923221756627765,92.465
eig@lognormal-poisson,1,120.0,240,10.763135932967998,3.5441966376507232,0.1456291921497815,92.465
eig,2,15.0,30,0.5252811989048496,4.080189073770839,0.2898374245207183,173.14664999999994
eig,2,30.0,60,0.6380296629504301,3.9047843163079548,0.22092226263407952,360.2243999999998
eig,2,60.0,120,0.8579414608539082,3.8295070165484035,0.2042015146460194,545.0467999999998
eig,2,90.0,180,1.0848532609525137,3.630333397289484,0.1748975092393774,707.5737999999994
eig,2,120.0,240,1.2965794724295847,3.4458231885129287,0.13048135781711387,756.371800000001
epig,2,15.0,30,3.469720476830844,4.080189073770839,0.2898374245207183,173.14664999999994
epig,2,30.0,60,4.8413686088752,3.9047843163079548,0.22092226263407952,354.38640000000004
epig,2,60.0,120,7.224802807555534,3.833935846436288,0.20428241591563023,566.9172000000002
epig,2,90.0,180,9.803380803845357,3.6293844248866622,0.1745991738163904,731.8840999999999
epig,2,120.0,240,12.16598294879077,3.444793534584018,0.13027834671822663,780.6821000000015
maxent,2,15.0,30,0.4280793060315773,4.130193410937835,0.3793422901732223,130.33199999999997
maxent,2,30.0,60,0.5242666773847304,4.108078411861258,0.3791947835419635,130.33199999999997
maxent,2,60.0,120,0.7144735045731068,4.105797866311799,0.3791924614221146,130.33199999999997
maxent,2,90.0,180,0.9034747133264318,4.105708862001834,0.37919232015761883,130.33199999999997
maxent,2,120.0,240,1.0919948262162507,4.105764360248931,0.37919211094231653,130.33199999999997
d-optimality,2,15.0,30,0.013279983075335622,4.096150678680568,0.25661710094416423,319.95394999999996
d-optimality,2,30.0,60,0.01810449786717072,3.9728858154975284,0.24106998747253508,501.8071000000004
d-optimality,2,60.0,120,0.02715394360711798,3.84107963091288,0.2045821223891856,719.633500000002
d-optimality,2,90.0,180,0.03705415508011356,3.622524102836979,0.15966197172607913,907.0511000000008
d-optimality,2,120.0,240,0.04972540313610807,3.441772708859267,0.12841459445740197,955.8491000000024
neyman,2,15.0,30,0.04153152590151876,4.080189073770839,0.2898374245207183,173.14664999999994
neyman,2,30.0,60,0.0784513734979555,3.9793508977071927,0.25121669754215786,365.3326499999998
neyman,2,60.0,120,0.15598276793025434,3.861604029276132,0.22159029835411664,474.3521499999997
neyman,2,90.0,180,0.24523698503617197,3.660936772425387,0.1855714010277386,507.6974500000008
neyman,2,120.0,240,0.3382220274070278,3.5586801809119883,0.16849449695611432,556.4954500000024
predictive-variance,2,15.0,1,0.008788370934780687,4.25562427183091,0.38534519475740486,40.66499999999991
predictive-variance,2,30.0,2,0.009173783008009195,4.203249976279326,0.38295145413569387,40.66499999999991
predictive-variance,2,60.0,3,0.009558994963299483,4.187906465849204,0.38302131137341255,40.66499999999991
predictive-variance,2,90.0,4,0.009941310971044004,4.155171094382622,0.382624035460049,40.66499999999991
predictive-variance,2,120.0,44,0.01639401976717636,3.8604523959172403,0.24440247540519158,40.66499999999991
epistemic,2,15.0,1,0.008717228018213063,4.25562427183091,0.38534519475740486,40.66499999999991
epistemic,2,30.0,2,0.009102740092203021,4.203249976279326,0.38295145413569387,40.66499999999991
epistemic,2,60.0,3,0.009483093162998557,4.187906465849204,0.38302131137341255,40.66499999999991
epistemic,2,90.0,4,0.009865538100712001,4.155171094382622,0.382624035460049,40.66499999999991
epistemic,2,120.0,44,0.016295519133564085,3.8604523959172403,0.24440247540519158,40.66499999999991
thompson,2,15.0,1,0.003908206010237336,4.25651803288575,0.38632312539974795,197.6499999999999
thompson,2,30.0,2,0.0078051009913906455,4.236788645771306,0.38538420179546773,395.2999999999998
thompson,2,60.0,3,0.011743903916794807,4.2073450351893165,0.3852779704140888,592.9499999999997
thompson,2,90.0,4,0.01572556688915938,4.207276413906075,0.385277916333234,790.5999999999996
thompson,2,120.0,44,0.17555998056195676,4.002059601929964,0.31840870718267594,958.3102499999985
uniform,2,15.0,3,7.825030479580164e-06,4.18165945857598,0.3781231917182339,24.398999999999944
uniform,2,30.0,6,1.1200085282325745e-05,4.0988635871199355,0.3568613516926684,48.79799999999989
uniform,2,60.0,12,1.706910552456975e-05,4.010268738326565,0.3240689710569753,97.59599999999978
uniform,2,90.0,18,2.1407089661806822e-05,3.9099240568377707,0.29690160031965035,146.39399999999966
uniform,2,120.0,24,2.6016088668256998e-05,3.7666123027538774,0.253003212711041,195.19199999999955
random,2,15.0,3,3.3562828321009874e-05,4.236469422708112,0.38142892623652386,20.332499999999953
random,2,30.0,6,4.3019826989620924e-05,4.19589180724747,0.36582206117576854,20.332499999999953
random,2,60.0,8,4.924292443320155e-05,4.190177971826194,0.3611067796853285,20.332499999999953
random,2,90.0,9,5.259894533082843e-05,4.170415057537819,0.35531569523686657,20.332499999999953
random,2,120.0,19,7.529882714152336e-05,4.114297527837178,0.3456706225560081,249.30344999999986
eig@gamma-poisson,2,15.0,30,0.024777876096777618,4.099066598808885,0.2982098820310333,173.14664999999994
eig@gamma-poisson,2,30.0,60,0.03302769031142816,3.9849643922649083,0.2349619736194938,363.8731499999998
eig@gamma-poisson,2,60.0,120,0.04850986023666337,3.7918488041671288,0.2040492744939307,561.89715
eig@gamma-poisson,2,90.0,180,0.0634099124581553,3.673455007346489,0.17375990795864404,731.8761499999989
eig@gamma-poisson,2,120.0,240,0.07823744718916714,3.496167069303201,0.1626354789596676,796.3726500000002
eig@lognormal-poisson,2,15.0,30,9.93648882722482,4.084259732148635,0.29010230425291844,173.14664999999994
eig@lognormal-poisson,2,30.0,60,10.131122248189058,3.912782097298729,0.22178097206096167,364.60289999999975
eig@lognormal-poisson,2,60.0,120,10.432358060206752,3.823324253516393,0.20366862554117074,536.2236999999998
eig@lognormal-poisson,2,90.0,180,10.712672255293,3.587021430456856,0.16594296379649867,738.0536999999988
eig@lognormal-poisson,2,120.0,240,10.97181985055795,3.4703385309876693,0.1387147612785298,786.8517000000004
eig,3,15.0,30,0.5221927131642587,4.208635784735302,0.3191354676356317,213.35842000000002
eig,3,30.0,60,0.6853536033304408,3.927657660122891,0.2687930317638169,382.01992000000007
eig,3,60.0,120,0.9095725357183255,3.5641079552974317,0.16945201235504748,449.4845200000001
eig,3,90.0,180,1.1209384205867536,3.461503775595613,0.15376983530494612,449.4845200000001
eig,3,120.0,240,1.3307762868353166,3.3803839690293134,0.13559052357002926,449.4845200000001
epig,3,15.0,30,3.3983758580870926,4.208635784735302,0.3191354676356317,213.35842000000002
epig,3,30.0,60,4.736778981226962,3.927657660122891,0.2687930317638169,382.01992000000007
epig,3,60.0,120,7.156102189212106,3.5641079552974317,0.16945201235504748,449.4845200000001
epig,3,90.0,180,9.555348865513224,3.461503775595613,0.15376983530494612,449.4845200000001
epig,3,120.0,240,12.01730422617402,3.3803839690293134,0.13559052357002926,449.4845200000001
maxent,3,15.0,30,0.42718385747866705,4.344536377533878,0.4075786045469431,187.87132000000003
maxent,3,30.0,60,0.5210163784213364,4.331070501442253,0.40748151341425065,245.38132000000007
maxent,3,60.0,120,0.7064336707117036,4.319096836896268,0.40743108020180885,360.40131999999863
maxent,3,90.0,180,0.8924973395769484,4.318684869537815,0.4074296271158314,475.421319999997
maxent,3,120.0,240,1.0792155678500421,4.318070463009161,0.40742654756898883,590.4413199999977
d-optimality,3,15.0,30,0.013317926845047623,4.139834999143198,0.3239159234338454,274.88654
d-optimality,3,30.0,60,0.018167270871344954,3.9131619722782554,0.23109474154134477,364.83934000000005
d-optimality,3,60.0,120,0.027546565979719162,3.56430675653023,0.16480758139941432,364.83934000000005
d-optimality,3,90.0,180,0.03838226734660566,3.457685174158281,0.15358364074538183,364.83934000000005
d-optimality,3,120.0,240,0.05016323283780366,3.3801249364622348,0.13520120724043277,364.83934000000005
neyman,3,15.0,30,0.04144198936410248,4.208635784735302,0.3191354676356317,213.35842000000002
neyman,3,30.0,60,0.07878359023015946,3.8024277224272995,0.22181023347107828,331.42147000000006
neyman,3,60.0,120,0.15970387228298932,3.605929748893901,0.18094539557510395,331.42147000000006
neyman,3,90.0,180,0.24607424845453352,3.4281413328134493,0.14913079929167355,331.42147000000006
neyman,3,120.0,240,0.3343198632937856,3.408203785868898,0.15061877935808757,331.42147000000006
predictive-variance,3,15.0,1,0.008679076039697975,4.470743217793927,0.43784600068140533,394.1349999999999
predictive-variance,3,30.0,2,0.009062684024684131,4.441998332834271,0.4375277460754232,788.2699999999998
predictive-variance,3,60.0,3,0.009442405018489808,4.413411604990171,0.43436565063168403,1182.4049999999997
predictive-variance,3,90.0,4,0.009821393992751837,4.373370010360599,0.4325288190922431,1278.2549999999997
predictive-variance,3,120.0,44,0.016261143027804792,3.8474055614690172,0.2674680684782231,1443.856199999997
epistemic,3,15.0,1,0.008721625024918467,4.470743217793927,0.43784600068140533,394.1349999999999
epistemic,3,30.0,2,0.009105051984079182,4.441998332834271,0.4375277460754232,788.2699999999998
epistemic,3,60.0,3,0.009483741014264524,4.413411604990171,0.43436565063168403,1182.4049999999997
epistemic,3,90.0,4,0.009872619062662125,4.373370010360599,0.4325288190922431,1278.2549999999997
epistemic,3,120.0,44,0.01628485694527626,3.8474055614690172,0.2674680684782231,1443.856199999997
thompson,3,15.0,1,0.004116412019357085,4.494740828668146,0.44840528184125766,394.1349999999999
thompson,3,30.0,2,0.008097529993392527,4.4315533072535045,0.4343247895502191,788.2699999999998
thompson,3,60.0,3,0.012090642936527729,4.410096997768994,0.4339415009471763,1182.4049999999997
thompson,3,90.0,4,0.015964671969413757,4.357354501935119,0.422691918596737,1576.5399999999995
thompson,3,120.0,44,0.17662167054368183,4.041713712010276,0.32708075567214906,1853.2723
uniform,3,15.0,3,8.476024959236383e-06,4.428958265716843,0.42088222704305756,236.48099999999994
uniform,3,30.0,6,1.2332049664109945e-05,4.368858744482168,0.4152566483362747,472.96199999999993
uniform,3,60.0,12,1.821614569053054e-05,4.271063675819918,0.3938919757385124,945.9239999999999
uniform,3,90.0,18,2.251414116472006e-05,4.134084884699771,0.3663474029730588,1239.915
uniform,3,120.0,24,2.707407111302018e-05,3.97637844147737,0.3386404043932331,1354.9350000000004
random,3,15.0,4,2.8856098651885986e-05,4.475449393685818,0.44263163252862653,999.7163799999998
random,3,30.0,5,3.246305277571082e-05,4.433352621702009,0.43535244542205465,1833.7693799999997
random,3,60.0,7,3.887404454872012e-05,4.434244214627323,0.43099196612684254,2701.1844999999994
random,3,90.0,8,4.227907629683614e-05,4.411126946920832,0.43065170846132184,3034.8056999999994
random,3,120.0,20,6.801506970077753e-05,4.211392269991414,0.39779864096760686,3510.5763999999995
eig@gamma-poisson,3,15.0,30,0.024572592868935317,4.412260262402701,0.3181711878616188,213.35842000000002
eig@gamma-poisson,3,30.0,60,0.0328239137888886,4.155642289657986,0.26112138100479765,382.01992000000007
eig@gamma-poisson,3,60.0,120,0.0482665512827225,3.6547563860580516,0.1835837535823319,719.3429199999981
eig@gamma-poisson,3,90.0,180,0.06324304325971752,3.5553226474761437,0.16862931400685102,803.6736699999973
eig@gamma-poisson,3,120.0,240,0.07799113396322355,3.4414000485584695,0.15297032663676252,803.6736699999973
eig@lognormal-poisson,3,15.0,30,9.81203147600172,4.280296029969499,0.31880280020509094,204.56006000000002
eig@lognormal-poisson,3,30.0,60,10.011432663130108,4.039211853308636,0.2768070935911222,373.22156000000007
eig@lognormal-poisson,3,60.0,120,10.328020292625297,3.584891168311812,0.1721918304277561,463.1743600000001
eig@lognormal-poisson,3,90.0,180,10.613370760343969,3.4885789025485376,0.15945350456827861,463.1743600000001
eig@lognormal-poisson,3,120.0,240,10.866002297087107,3.3964363413697938,0.14018844013431792,463.1743600000001
eig,4,15.0,30,0.5176674882532097,4.121808452327653,0.28103733253619084,96.84184999999995
eig,4,30.0,60,0.6319993183715269,4.043223017106712,0.23971250496205548,96.84184999999995
eig,4,60.0,120,0.8520781262195669,3.6599009415481287,0.1575771059293664,96.84184999999995
eig,4,90.0,180,1.1034967645537108,3.546698258691444,0.1350401291919878,96.84184999999995
eig,4,120.0,240,1.3108767649973743,3.4829595859586306,0.12049560367143197,96.84184999999995
epig,4,15.0,30,3.448547132255044,4.121808452327653,0.28103733253619084,96.84184999999995
epig,4,30.0,60,4.745225184306037,4.043223017106712,0.23971250496205548,96.84184999999995
epig,4,60.0,120,7.218105197127443,3.6667356319610818,0.1580117650218799,96.84184999999995
epig,4,90.0,180,9.759783325891476,3.5450406439655406,0.13478010132691617,96.84184999999995
epig,4,120.0,240,12.182298462779727,3.4829595859586306,0.12049560367143197,96.84184999999995
maxent,4,15.0,30,0.4331723859068006,4.446947263443598,0.3894797994682756,200.74155000000007
maxent,4,30.0,60,0.5254656437318772,4.438475769759548,0.3894038494643921,398.07705000000044
maxent,4,60.0,120,0.7058782833628356,4.435118768479189,0.3893671045998259,792.7480500000012
maxent,4,90.0,180,0.885792063025292,4.4358669150726024,0.38935915619948513,1187.419049999999
maxent,4,120.0,240,1.065371043747291,4.4365596430018615,0.3893580160901882,1582.090049999993
d-optimality,4,15.0,30,0.012996812118217349,4.213302920532242,0.30694098769328887,31.063350000000018
d-optimality,4,30.0,60,0.018136985250748694,4.081616045895489,0.24160312162118616,31.063350000000018
d-optimality,4,60.0,120,0.027628259384073317,3.6640052623571004,0.1568234013579457,31.063350000000018
d-optimality,4,90.0,180,0.037986675335559994,3.5619327648270676,0.13389590412351748,31.063350000000018
d-optimality,4,120.0,240,0.05030742730014026,3.489223347077742,0.12148783059311462,31.063350000000018
neyman,4,15.0,30,0.04073122807312757,4.121808452327653,0.28103733253619084,96.84184999999995
neyman,4,30.0,60,0.0782156660570763,4.070598504001921,0.2452639786710232,96.84184999999995
neyman,4,60.0,120,0.1576281330198981,3.6446810581745015,0.15661543776745307,96.84184999999995
neyman,4,90.0,180,0.24057724350132048,3.545123301944652,0.1328228957666925,96.84184999999995
neyman,4,120.0,240,0.32885147992055863,3.4797202108947674,0.11884877785725471,96.84184999999995
predictive-variance,4,15.0,1,0.008552486018743366,4.541912639548582,0.42369527011108454,328.8924999999999
predictive-variance,4,30.0,2,0.008930273063015193,4.49472419294461,0.4126040034782843,657.7849999999999
predictive-variance,4,60.0,3,0.009307961037848145,4.440772396440519,0.39834891416954565,986.6774999999998
predictive-variance,4,90.0,4,0.009681912022642791,4.413098669618402,0.39785047158577597,1315.5699999999997
predictive-variance,4,120.0,44,0.01650258811423555,3.9877338340370585,0.24259387402313018,1386.1004499999979
epistemic,4,15.0,1,0.008660015999339521,4.541912639548582,0.42369527011108454,328.8924999999999
epistemic,4,30.0,2,0.009042342018801719,4.49472419294461,0.4126040034782843,657.7849999999999
epistemic,4,60.0,3,0.009427223994862288,4.440772396440519,0.39834891416954565,986.6774999999998
epistemic,4,90.0,4,0.009800804022233933,4.413098669618402,0.39785047158577597,1315.5699999999997
epistemic,4,120.0,44,0.016635178995784372,3.9877338340370585,0.24259387402313018,1386.1004499999979
thompson,4,15.0,1,0.004116063006222248,4.545516376729522,0.42445402232310786,499.19499999999994
thompson,4,30.0,2,0.007978570007253438,4.521998703526283,0.4244003762102943,998.3899999999999
thompson,4,60.0,3,0.01182967604836449,4.513757315636794,0.42087083934547714,1497.5849999999998
thompson,4,90.0,4,0.015662457095459104,4.4881740551020926,0.4202116732098111,1996.7799999999997
thompson,4,120.0,44,0.17483184830052778,4.12961754595212,0.31227316704932323,2195.521000000002
uniform,4,15.0,3,6.351910997182131e-06,4.538279727826729,0.4190680188784615,197.33549999999994
uniform,4,30.0,6,9.69890970736742e-06,4.481593767849685,0.40436451324405404,394.67099999999994
uniform,4,60.0,12,1.5389930922538042e-05,4.252568517039719,0.3636891687254915,507.68100000000015
uniform,4,90.0,18,1.96578330360353e-05,4.131531774482511,0.32897908206639903,620.6910000000004
uniform,4,120.0,24,2.4858745746314526e-05,4.0281984608110974,0.3049572903050098,733.7010000000006
random,4,15.0,1,1.770397648215294e-05,4.5525315198397225,0.42474022993232785,328.8924999999999
random,4,30.0,2,2.2513035219162703e-05,4.537957422546747,0.421646474823775,657.7849999999999
random,4,60.0,6,3.8874102756381035e-05,4.515483777311471,0.4146175295301492,1032.7224499999998
random,4,90.0,10,5.108816549181938e-05,4.426166490576154,0.396074977207616,1433.9712999999995
random,4,120.0,13,0.00010614102939143777,4.387552070115059,0.3934878895641794,1578.6839999999993
eig@gamma-poisson,4,15.0,30,0.04433616588357836,4.1801185756646735,0.28935122895743337,96.84184999999995
eig@gamma-poisson,4,30.0,60,0.05238204071065411,4.062515019210619,0.23658099549031825,96.84184999999995
eig@gamma-poisson,4,60.0,120,0.06755463883746415,3.6897129281547962,0.14479484359841566,96.84184999999995
eig@gamma-poisson,4,90.0,180,0.08226968563394621,3.6337073797799704,0.14553909931518066,96.84184999999995
eig@gamma-poisson,4,120.0,240,0.09681971534155309,3.5352117416920503,0.130985837000953,96.84184999999995
eig@lognormal-poisson,4,15.0,30,9.90897373604821,4.149097523780392,0.2805966116714359,96.84184999999995
eig@lognormal-poisson,4,30.0,60,10.106522645859513,4.063156511826548,0.23911756518253427,96.84184999999995
eig@lognormal-poisson,4,60.0,120,10.419667061476503,3.6834231838648304,0.1564108466284368,96.84184999999995
eig@lognormal-poisson,4,90.0,180,10.706887768232264,3.599176323914089,0.1358892067180227,96.84184999999995
eig@lognormal-poisson,4,120.0,240,10.958243229193613,3.4671990396256613,0.11385590497748217,96.84184999999995
eig,5,15.0,30,0.5234311198582873,4.052716189989147,0.3231113777162362,223.91517999999996
eig,5,30.0,60,0.6372933780075982,3.8483047836680875,0.25858616054640754,289.42073000000005
eig,5,60.0,120,0.864512259780895,3.522548047331366,0.1583469248957709,289.42073000000005
eig,5,90.0,180,1.0790957977296785,3.470276657163314,0.14011164556777592,289.42073000000005
eig,5,120.0,240,1.2915575189399533,3.450421293836842,0.1382873347637503,289.42073000000005
epig,5,15.0,30,3.4388144271215424,4.052716189989147,0.3231113777162362,223.91517999999996
epig,5,30.0,60,4.791034872177988,3.8483047836680875,0.25858616054640754,283.46568
epig,5,60.0,120,7.345222930540331,3.5239800422796197,0.15866015744672635,283.46568
epig,5,90.0,180,9.958252808777615,3.469858904159496,0.13825574784042577,283.46568
epig,5,120.0,240,12.343657855701167,3.454689449614,0.13577933408320195,283.46568
maxent,5,15.0,30,0.4558708438416943,4.304814208674036,0.4277422969011676,172.07378000000006
maxent,5,30.0,60,0.5527377139078453,4.269682796723156,0.42730123910613566,244.9681300000002
maxent,5,60.0,120,0.744528416194953,4.266123926324678,0.42728326542227496,379.40412999999864
maxent,5,90.0,180,0.933208042406477,4.266638944243071,0.427274860299073,498.80587999999733
maxent,5,120.0,240,1.1279404064989649,4.266604588967307,0.42727444260117226,616.8408799999991
d-optimality,5,15.0,30,0.013459594105370343,4.139850933322756,0.3191710769009453,244.47045000000006
d-optimality,5,30.0,60,0.01822801906382665,3.7798658980240893,0.21009061597240175,382.47860000000026
d-optimality,5,60.0,120,0.028199755761306733,3.4927516194542734,0.15527432723363568,382.47860000000026
d-optimality,5,90.0,180,0.04109993088059127,3.4780925884310676,0.1395856789590542,382.47860000000026
d-optimality,5,120.0,240,0.05264488363172859,3.449776144193901,0.13711585716193997,382.47860000000026
neyman,5,15.0,30,0.04182176588801667,4.052716189989147,0.3231113777162362,223.91517999999996
neyman,5,30.0,60,0.07967155193910003,3.8224708283664355,0.22696831030695255,277.51063
neyman,5,60.0,120,0.16641484008869156,3.6125032032323254,0.17941431198984742,277.51063
neyman,5,90.0,180,0.2572472847532481,3.5046584383927892,0.1546143437392394,277.51063
neyman,5,120.0,240,0.3478309850906953,3.402949735185345,0.13410722416790294,277.51063
predictive-variance,5,15.0,1,0.009005713975057006,4.477809672538594,0.45549179685854174,1016.4939999999999
predictive-variance,5,30.0,2,0.00938680802937597,4.42427886821957,0.44480720853040595,1851.484
predictive-variance,5,60.0,3,0.00975737301632762,4.402354345052533,0.44349929671855787,2317.104
predictive-variance,5,90.0,4,0.010128117050044239,4.373129308642444,0.44319373512160265,2782.7239999999997
predictive-variance,5,120.0,44,0.0165909681818448,3.892907187337465,0.2733126873304381,3010.5352
epistemic,5,15.0,1,0.00850382400676608,4.477809672538594,0.45549179685854174,1016.4939999999999
epistemic,5,30.0,2,0.008886981988325715,4.42427886821957,0.44480720853040595,1851.484
epistemic,5,60.0,3,0.009263477055355906,4.402354345052533,0.44349929671855787,2317.104
epistemic,5,90.0,4,0.009648288076277822,4.373129308642444,0.44319373512160265,2782.7239999999997
epistemic,5,120.0,44,0.016234430950134993,3.892907187337465,0.2733126873304381,3010.5352
thompson,5,15.0,1,0.004315606958698481,4.482603845228177,0.45700797287287237,498.65
thompson,5,30.0,2,0.008206767961382866,4.436784504959978,0.45482190976219844,597.0124999999998
thompson,5,60.0,3,0.01220962795196101,4.371517306313329,0.44810628439548367,695.3749999999997
thompson,5,90.0,4,0.01613045489648357,4.317936155368099,0.4459632412796361,807.4049999999995
thompson,5,120.0,44,0.17399309010943398,4.1672215827840455,0.3788608939626897,920.0232999999995
uniform,5,15.0,3,7.703027222305536e-06,4.387385852443672,0.43623924120609336,476.5546
uniform,5,30.0,6,1.1151074431836605e-05,4.298986688733855,0.41174677470317167,686.4256
uniform,5,60.0,12,1.7102982383221388e-05,4.177684911574288,0.3885925417748977,1106.1675999999998
uniform,5,90.0,18,2.145790494978428e-05,4.073746156611097,0.37135692698293565,1595.4105999999995
uniform,5,120.0,24,2.5656074285507202e-05,3.997437729029688,0.35398205017075457,2154.1545999999994
random,5,15.0,2,2.6480003725737333e-05,4.464709749209514,0.45567565060214005,512.5065
random,5,30.0,6,3.7939928006380796e-05,4.392171923552726,0.4313487682225811,620.7052499999998
random,5,60.0,9,4.577497020363808e-05,4.3573258312807335,0.42414413251083427,888.6824999999998
random,5,90.0,11,5.148595664650202e-05,4.311670982341766,0.4086952276501658,1245.9854999999998
random,5,120.0,27,8.48370254971087e-05,4.0423141291945806,0.32045446300118485,1543.7380000000003
eig@gamma-poisson,5,15.0,30,0.024820067163091153,4.23677439345924,0.3299041756275355,223.91517999999996
eig@gamma-poisson,5,30.0,60,0.03306974592851475,4.011514308233257,0.2614595348291603,277.51063
eig@gamma-poisson,5,60.0,120,0.04843384330160916,3.682453975845975,0.17578280103429017,277.51063
eig@gamma-poisson,5,90.0,180,0.06341782707022503,3.5369210682837178,0.15572038456863987,277.51063
eig@gamma-poisson,5,120.0,240,0.07832507381681353,3.487984964525762,0.15593874100100222,277.51063
eig@lognormal-poisson,5,15.0,30,9.897952190076467,4.108975251725684,0.3203269821223888,223.91517999999996
eig@lognormal-poisson,5,30.0,60,10.09656350518344,3.9332824168893556,0.2624634315768098,283.46568
eig@lognormal-poisson,5,60.0,120,10.406697549158707,3.517716944120503,0.15701589745429445,283.46568
eig@lognormal-poisson,5,90.0,180,10.713073386112228,3.498741535320581,0.14149023291013882,283.46568
eig@lognormal-poisson,5,120.0,240,11.022086137614679,3.4473601693059677,0.13373338471689694,283.46568
eig,6,15.0,30,0.5263398083625361,3.842779917189334,0.30660403411582343,23.71689
eig,6,30.0,60,0.6403031195513904,3.6791097650043003,0.2492188211865512,23.71689
eig,6,60.0,120,0.8589749118546024,3.327535883793281,0.17490330526197628,23.71689
eig,6,90.0,180,1.0693441270850599,3.2608494146253633,0.1531878089081175,23.71689
eig,6,120.0,240,1.2748984912759624,3.180789902260661,0.13137709429783465,23.71689
epig,6,15.0,30,3.3057404877617955,3.842779917189334,0.30660403411582343,23.71689
epig,6,30.0,60,4.463215778698213,3.6791097650043003,0.2492188211865512,23.71689
epig,6,60.0,120,6.6967144896043465,3.3272115721660964,0.17479789704452403,23.71689
epig,6,90.0,180,8.880763730907347,3.261653156216726,0.1531352809987343,23.71689
epig,6,120.0,240,10.983866936236154,3.1748526149327,0.12921026274944322,23.71689
maxent,6,15.0,30,0.43414058920461684,3.844232177855831,0.3892736956940664,23.71689
maxent,6,30.0,60,0.5364335169433616,3.8323975014965472,0.3891802987541742,23.71689
maxent,6,60.0,120,0.7533596887951717,3.8366182451158184,0.3891903519665672,23.71689
maxent,6,90.0,180,0.9709810875938274,3.8351890655028047,0.3891861369626381,23.71689
maxent,6,120.0,240,1.1872784494771622,3.834249062024347,0.3891837681455681,23.71689
d-optimality,6,15.0,30,0.013610143912956119,4.013191887093657,0.339302787104969,232.04700000000008
d-optimality,6,30.0,60,0.01853543089237064,3.657668217688745,0.23768929488542298,247.5168000000001
d-optimality,6,60.0,120,0.02768341189948842,3.3568479107480456,0.17328612313492786,247.5168000000001
d-optimality,6,90.0,180,0.03744872257811949,3.229037581066496,0.14128518662369358,247.5168000000001
d-optimality,6,120.0,240,0.04766379116335884,3.1705219831803437,0.12865129115426516,247.5168000000001
neyman,6,15.0,30,0.04146964004030451,3.842779917189334,0.30660403411582343,23.71689
neyman,6,30.0,60,0.07936404523206875,3.67070843485662,0.24156462780303456,23.71689
neyman,6,60.0,120,0.1584078252199106,3.3362380538694416,0.16876825772254742,23.71689
neyman,6,90.0,180,0.23861195798963308,3.278831688860889,0.1572796859444277,23.71689
neyman,6,120.0,240,0.3187092414009385,3.2070545256841214,0.14078197713189217,23.71689
predictive-variance,6,15.0,1,0.008738153032027185,4.081460596546728,0.4459168022565415,596.2715000000001
predictive-variance,6,30.0,2,0.009120859031099826,4.03135433870536,0.4351920762085192,1185.8445000000002
predictive-variance,6,60.0,3,0.009500269952695817,3.979227439515831,0.4248550203912037,1185.8445000000002
predictive-variance,6,90.0,4,0.009877947915811092,3.9472562510814018,0.42433756998672845,1185.8445000000002
predictive-variance,6,120.0,44,0.01658306404715404,3.6870217170461324,0.25601576081324456,1185.8445000000002
epistemic,6,15.0,1,0.008683921012561768,4.081460596546728,0.4459168022565415,596.2715000000001
epistemic,6,30.0,2,0.009064844984095544,4.03135433870536,0.4351920762085192,1185.8445000000002
epistemic,6,60.0,3,0.009441169968340546,3.979227439515831,0.4248550203912037,1185.8445000000002
epistemic,6,90.0,4,0.009815540979616344,3.9472562510814018,0.42433756998672845,1185.8445000000002
epistemic,6,120.0,44,0.01645266736159101,3.6870217170461324,0.25601576081324456,1185.8445000000002
thompson,6,15.0,1,0.004201260977424681,4.056968216381654,0.4455839370349972,239.73250000000004
thompson,6,30.0,2,0.008193210931494832,4.027641904658119,0.44501278731097454,479.4650000000001
thompson,6,60.0,3,0.012099529965780675,4.01512468733241,0.4379746681088345,719.1975000000001
thompson,6,90.0,4,0.015973899979144335,3.965018429491041,0.42705053397112824,958.9300000000002
thompson,6,120.0,44,0.1743183585931547,3.6684682320423767,0.2836235770900492,1069.2069500000011
uniform,6,15.0,3,1.1110969353467226e-05,4.036391505313726,0.43938417747905983,357.7629
uniform,6,30.0,6,1.492892624810338e-05,3.911341321776097,0.42035471723748447,519.0252
uniform,6,60.0,12,2.0520994439721107e-05,3.735023690269293,0.4015945507739441,645.0492000000002
uniform,6,90.0,18,2.4708104319870472e-05,3.654611390229231,0.3715117259633901,708.0612000000002
uniform,6,120.0,24,2.910610055550933e-05,3.5274818430888915,0.3278732622142892,708.0612000000002
random,6,15.0,2,2.446497092023492e-05,4.081850325156505,0.43131848489994573,478.9818799999999
random,6,30.0,3,2.81529501080513e-05,4.075099008949464,0.4304046246088939,939.5413799999998
random,6,60.0,5,3.401393769308925e-05,4.033988026813998,0.42194073071957133,939.5413799999998
random,6,90.0,7,3.972393460571766e-05,3.99056552709407,0.4183808393255257,939.5413799999998
random,6,120.0,17,6.199302151799202e-05,3.955639436061105,0.4085851617716516,939.5413799999998
eig@gamma-poisson,6,15.0,30,0.024553895113058388,3.8911635586016513,0.30687987150377577,23.71689
eig@gamma-poisson,6,30.0,60,0.03258157381787896,3.6982219084517833,0.24374771182150035,23.71689
eig@gamma-poisson,6,60.0,120,0.047725309850648046,3.410851649351517,0.1757662253145481,23.71689
eig@gamma-poisson,6,90.0,180,0.06235961412312463,3.2695601204583173,0.14932535451807005,23.71689
eig@gamma-poisson,6,120.0,240,0.07688095810590312,3.2105123545464855,0.13114517310378854,23.71689
eig@lognormal-poisson,6,15.0,30,9.918503193184733,3.852582581100465,0.3039419039068494,23.71689
eig@lognormal-poisson,6,30.0,60,10.088849358027801,3.643888605168336,0.24046865707014256,23.71689
eig@lognormal-poisson,6,60.0,120,10.377706274564844,3.345650237107695,0.17356570317314268,23.71689
eig@lognormal-poisson,6,90.0,180,10.652778657560702,3.2358796166134405,0.14004105746039247,23.71689
eig@lognormal-poisson,6,120.0,240,10.908176777651533,3.1889253283176155,0.12741742757058042,23.71689
eig,7,15.0,30,0.5242096671136096,3.916619701315559,0.24553991083278168,146.0752999999999
eig,7,30.0,60,0.6540495330118574,3.7901659515636505,0.21279882291061664,236.0361999999996
eig,7,60.0,120,0.8802578697213903,3.5779740091892656,0.1659062177969599,236.3706999999992
eig,7,90.0,180,1.088374838058371,3.483260978405417,0.14587071332167023,236.3706999999992
eig,7,120.0,240,1.295165239018388,3.3712481320698267,0.11606691145400015,236.3706999999992
epig,7,15.0,30,3.4733056962140836,3.916619701315559,0.24553991083278168,146.0752999999999
epig,7,30.0,60,4.80453447002219,3.7901659515636505,0.21279882291061664,236.0361999999996
epig,7,60.0,120,7.158637259854004,3.5796906996554334,0.16594019270040655,236.41529999999915
epig,7,90.0,180,9.677844271587674,3.483260978405417,0.14587071332167023,236.41529999999915
epig,7,120.0,240,11.9587017557933,3.3712481320698267,0.11606691145400015,236.41529999999915
maxent,7,15.0,30,0.43268205411732197,4.029153254049743,0.3227883070561035,33.90850000000001
maxent,7,30.0,60,0.5272430591285229,4.022549490181331,0.32274165961509993,33.90850000000001
maxent,7,60.0,120,0.7124615557841025,4.021568696680352,0.3227238043308916,33.90850000000001
maxent,7,90.0,180,0.8944237566902302,4.0174331407713355,0.32269756678770056,33.90850000000001
maxent,7,120.0,240,1.0749728952068835,4.0183392402942415,0.3227055633776749,33.90850000000001
d-optimality,7,15.0,30,0.013482958835083991,3.9376774582724874,0.23589304945932188,204.89225000000005
d-optimality,7,30.0,60,0.018330694176256657,3.8012414012110867,0.19637965300508353,350.8696499999998
d-optimality,7,60.0,120,0.027127167384605855,3.586974365919128,0.1685518480836196,356.85039999999935
d-optimality,7,90.0,180,0.03672515437938273,3.475143257213046,0.14175714334026426,356.85039999999935
d-optimality,7,120.0,240,0.04803482646821067,3.369189517173504,0.11516506633427406,356.85039999999935
neyman,7,15.0,30,0.041795672150328755,3.916619701315559,0.24553991083278168,146.0752999999999
neyman,7,30.0,60,0.07906100410036743,3.708781670577102,0.1914374084855521,196.82464999999956
neyman,7,60.0,120,0.1547732335748151,3.623855226368805,0.17196303115939973,196.85809999999952
neyman,7,90.0,180,0.23442279401933774,3.4664037212243515,0.1409419693778811,196.85809999999952
neyman,7,120.0,240,0.3235602698405273,3.3464244196938764,0.11833923576011239,196.85809999999952
predictive-variance,7,15.0,1,0.008765404927544296,4.159205574362623,0.3366435418915639,285.535
predictive-variance,7,30.0,2,0.009149193938355893,4.121545622272561,0.33528912918889536,286.0925000000001
predictive-variance,7,60.0,3,0.009532472991850227,4.095005637075823,0.3349376756553275,286.6500000000001
predictive-variance,7,90.0,4,0.009916162060108036,4.079186454043614,0.33478502378997427,287.2075000000001
predictive-variance,7,120.0,44,0.01640945189865306,3.745206270009046,0.21400395524660906,287.65349999999955
epistemic,7,15.0,1,0.008770052925683558,4.159205574362623,0.3366435418915639,285.535
epistemic,7,30.0,2,0.009153280931059271,4.121545622272561,0.33528912918889536,286.0925000000001
epistemic,7,60.0,3,0.009533753909636289,4.095005637075823,0.3349376756553275,286.6500000000001
epistemic,7,90.0,4,0.009911951899994165,4.079186454043614,0.33478502378997427,287.2075000000001
epistemic,7,120.0,44,0.016453568823635578,3.745206270009046,0.21400395524660906,287.65349999999955
thompson,7,15.0,1,0.004196423979010433,4.1478159967375765,0.33527882262183734,0.557500000000033
thompson,7,30.0,2,0.008291196019854397,4.1170620884290186,0.3352755825890042,1.115000000000066
thompson,7,60.0,3,0.012352545047178864,4.117035674188775,0.3352755876946684,1.672500000000099
thompson,7,90.0,4,0.016226093051955104,4.102175605365043,0.3269949984615943,2.230000000000132
thompson,7,120.0,44,0.1770849807653576,3.934174319881206,0.2607094946592008,2.6760000000001583
uniform,7,15.0,3,7.416063454002142e-06,4.135289973467578,0.32139106661758127,171.32100000000003
uniform,7,30.0,6,1.056311884894967e-05,4.085160269126889,0.3188936905774543,285.64650000000006
uniform,7,60.0,12,1.617416273802519e-05,3.884252011251705,0.28293821962175375,286.31549999999993
uniform,7,90.0,18,2.0760169718414545e-05,3.783140050940549,0.2614050128436124,286.9844999999998
uniform,7,120.0,24,2.4649256374686956e-05,3.6661652277585746,0.2512405400281814,287.65349999999967
random,7,15.0,1,2.020894316956401e-05,4.164856296883634,0.3363838109559961,285.535
random,7,30.0,2,2.5458924937993288e-05,4.152504939159885,0.3284770491890911,342.64200000000005
random,7,60.0,8,4.0174927562475204e-05,4.034892156449438,0.30815235925634793,794.0692000000001
random,7,90.0,10,4.5766879338771105e-05,3.966799292980408,0.3008016349151636,1499.4242000000002
random,7,120.0,13,5.4030970204621553e-05,3.9589165420493906,0.29658731257611476,1612.2810000000002
eig@gamma-poisson,7,15.0,30,0.02492222306318581,4.007718582864758,0.25940905771194794,146.0752999999999
eig@gamma-poisson,7,30.0,60,0.033117800077889115,3.842213021934349,0.22294174561479188,202.42629999999957
eig@gamma-poisson,7,60.0,120,0.04852310166461393,3.6559897302466937,0.18697357200848208,202.74964999999918
eig@gamma-poisson,7,90.0,180,0.06334867083933204,3.4873994229348035,0.14525389776804412,202.74964999999918
eig@gamma-poisson,7,120.0,240,0.07797801669221371,3.440330003655959,0.13199922968849828,202.74964999999918
eig@lognormal-poisson,7,15.0,30,9.938873831008095,3.9381423273043787,0.2451266999372966,146.0752999999999
eig@lognormal-poisson,7,30.0,60,10.132959408976603,3.8030286771602166,0.21566435966064487,202.42629999999957
eig@lognormal-poisson,7,60.0,120,10.429195535951294,3.60029125942147,0.17381926494335728,202.71619999999922
eig@lognormal-poisson,7,90.0,180,10.6920491331839,3.49314327563977,0.14588792148514948,202.71619999999922
eig@lognormal-poisson,7,120.0,240,10.942994101555087,3.3928029648931814,0.11831486167808272,202.71619999999922
eig,8,15.0,30,0.5237633159849793,3.795363231831619,0.2609310272239799,0.0
eig,8,30.0,60,0.6392208708566613,3.668896478820099,0.22340534400829032,0.0
eig,8,60.0,120,0.85917978733778,3.541991027538055,0.17762194244421134,0.0
eig,8,90.0,180,1.0705087686656043,3.3741295955439434,0.13482597924753892,0.0
eig,8,120.0,240,1.2781656465958804,3.302603038435258,0.11746659676497727,0.0
epig,8,15.0,30,3.5543737476691604,3.795363231831619,0.2609310272239799,0.0
epig,8,30.0,60,4.868243715434801,3.668896478820099,0.22340534400829032,0.0
epig,8,60.0,120,7.244316746247932,3.540928308038018,0.17755822968884605,0.0
epig,8,90.0,180,9.719514690164942,3.3741295955439434,0.13482597924753892,0.0
epig,8,120.0,240,11.941459903435316,3.302603038435258,0.11746659676497727,0.0
maxent,8,15.0,30,0.42428696097340435,4.034041274114202,0.37002585260028026,0.0
maxent,8,30.0,60,0.5103419055230916,4.030716881467695,0.37004446087135573,0.0
maxent,8,60.0,120,0.7204608757747337,4.027300872660143,0.37003112476707256,0.0
maxent,8,90.0,180,0.9731403855839744,4.020192231845962,0.3699747760684061,0.0
maxent,8,120.0,240,1.187737631611526,4.02043290880106,0.3699746420614311,0.0
d-optimality,8,15.0,30,0.013479015848133713,3.928457912557537,0.2857454241944064,15.229799999999997
d-optimality,8,30.0,60,0.01831750583369285,3.7305597088439697,0.22991086559361013,15.229799999999997
d-optimality,8,60.0,120,0.027509303472470492,3.5234205566265615,0.16553741310450856,15.229799999999997
d-optimality,8,90.0,180,0.037699289503507316,3.3799429527865334,0.13761799824125379,15.229799999999997
d-optimality,8,120.0,240,0.048335252969991416,3.3113082110476353,0.12050925187811819,15.229799999999997
neyman,8,15.0,30,0.04212549404473975,3.795363231831619,0.2609310272239799,0.0
neyman,8,30.0,60,0.07990754011552781,3.7834538747939193,0.23430635742189296,0.0
neyman,8,60.0,120,0.15655175829306245,3.6092380338614483,0.18718413938690678,0.0
neyman,8,90.0,180,0.23943979816976935,3.386982708303067,0.14063207148533663,0.0
neyman,8,120.0,240,0.3284138572635129,3.296898039898835,0.1306613682658729,0.0
predictive-variance,8,15.0,1,0.008677589008584619,4.195795688702051,0.4019875825718416,0.0
predictive-variance,8,30.0,2,0.009063132049050182,4.156207888533552,0.39571411137392465,0.0
predictive-variance,8,60.0,3,0.00944370502838865,4.130582205606057,0.3955538417835686,0.0
predictive-variance,8,90.0,4,0.009828196023590863,4.102158016294028,0.3909021222505445,0.0
predictive-variance,8,120.0,44,0.016390477889217436,3.7028512230712973,0.2362559716124608,0.0
epistemic,8,15.0,1,0.00869534199591726,4.195795688702051,0.4019875825718416,0.0
epistemic,8,30.0,2,0.009079411975108087,4.156207888533552,0.39571411137392465,0.0
epistemic,8,60.0,3,0.009460716973990202,4.130582205606057,0.3955538417835686,0.0
epistemic,8,90.0,4,0.009839226957410574,4.102158016294028,0.3909021222505445,0.0
epistemic,8,120.0,44,0.016404710826463997,3.7028512230712973,0.2362559716124608,0.0
thompson,8,15.0,1,0.004107345012016594,4.199023046498331,0.4023697515705566,100.46249999999999
thompson,8,30.0,2,0.008029783959500492,4.172603201151887,0.4017713148941859,200.92499999999998
thompson,8,60.0,3,0.012291899940464646,4.154157560394446,0.39403392219304473,301.3875
thompson,8,90.0,4,0.016264513891655952,4.089662367687761,0.37886513693602814,401.84999999999997
thompson,8,120.0,44,0.17721802758751437,3.8720252983540413,0.29811281368659764,420.32805
uniform,8,15.0,3,6.8729277700185776e-06,4.170763414218837,0.39560328478363316,0.0
uniform,8,30.0,6,1.0221032425761223e-05,4.101630863590717,0.38796388031930457,0.0
uniform,8,60.0,12,1.569208689033985e-05,3.9903116195605643,0.35897838044815117,0.0
uniform,8,90.0,18,2.042920095846057e-05,3.9090309663663376,0.3315849763444802,0.0
uniform,8,120.0,24,2.437620423734188e-05,3.750216399219705,0.2822101834054672,0.0
random,8,15.0,6,3.713089972734451e-05,4.135651053471269,0.3828029192733715,106.66140000000001
random,8,30.0,6,3.713089972734451e-05,4.135651053471269,0.3828029192733715,106.66140000000001
random,8,60.0,9,4.568794975057244e-05,4.0652726710825995,0.35647387009171083,194.5002
random,8,90.0,15,5.946500459685922e-05,4.034999600734932,0.3568732924424154,288.6132
random,8,120.0,27,8.468312444165349e-05,3.919267288540945,0.34543684145045367,291.75030000000004
eig@gamma-poisson,8,15.0,30,0.02439517789753154,3.8537900743005573,0.26659123273804375,0.0
eig@gamma-poisson,8,30.0,60,0.03246599197154865,3.7715144130052134,0.23906765003965416,0.0
eig@gamma-poisson,8,60.0,120,0.04749569151317701,3.6215243030065074,0.184463423787609,0.0
eig@gamma-poisson,8,90.0,180,0.06208674964727834,3.421801870394044,0.14536710259616087,0.0
eig@gamma-poisson,8,120.0,240,0.07642848580144346,3.3383488320487125,0.12076871942081173,0.0
eig@lognormal-poisson,8,15.0,30,10.234906950208824,3.807230622292309,0.25761994831376084,0.0
eig@lognormal-poisson,8,30.0,60,10.433901113050524,3.703555523066948,0.2305386758277823,0.0
eig@lognormal-poisson,8,60.0,120,10.729085150640458,3.549404611768607,0.16976835546524344,0.0
eig@lognormal-poisson,8,90.0,180,10.996928839478642,3.421492678139925,0.1410996244229665,0.0
eig@lognormal-poisson,8,120.0,240,11.238136090396438,3.3047244299562544,0.11818214753447313,0.0
eig,9,15.0,30,0.5462470441125333,3.9214543402145856,0.2761254187102213,209.76871500000007
eig,9,30.0,60,0.6601597270346247,3.7726575452556346,0.2146983710328316,209.76871500000007
eig,9,60.0,120,0.8788283889880404,3.5689882504681196,0.1670567027771848,209.76871500000007
eig,9,90.0,180,1.0873981747427024,3.515318673677894,0.15325429954203648,209.76871500000007
eig,9,120.0,240,1.2915895757032558,3.383064955590219,0.1315328872564716,209.76871500000007
epig,9,15.0,30,3.4015734810382128,3.9214543402145856,0.2761254187102213,209.76871500000007
epig,9,30.0,60,4.695706526923459,3.7726575452556346,0.2146983710328316,209.76871500000007
epig,9,60.0,120,7.1268572206026874,3.5689882504681196,0.1670567027771848,209.76871500000007
epig,9,90.0,180,9.618516251561232,3.515318673677894,0.15325429954203648,209.76871500000007
epig,9,120.0,240,11.864995820564218,3.383064955590219,0.1315328872564716,209.76871500000007
maxent,9,15.0,30,0.42804130614968017,4.218055285474846,0.3729756413058108,276.796265
maxent,9,30.0,60,0.5358502079616301,4.212461033503635,0.3729267906427758,528.9867649999993
maxent,9,60.0,120,0.751066803582944,4.211365972628591,0.37291869105104,1033.367764999998
maxent,9,90.0,180,0.964382303704042,4.211151899059239,0.3729115891323174,1537.7487649999964
maxent,9,120.0,240,1.177487633365672,4.210881621091363,0.3729114693710617,2042.129764999995
d-optimality,9,15.0,30,0.013199239911045879,3.9831689681188114,0.29010293190398423,204.85955000000004
d-optimality,9,30.0,60,0.017966708226595074,3.7821542020893753,0.21816696892092438,204.85955000000004
d-optimality,9,60.0,120,0.027219730138313025,3.558178240577955,0.16290623360472206,204.85955000000004
d-optimality,9,90.0,180,0.036803771974518895,3.5119419193029997,0.14997248675960315,204.85955000000004
d-optimality,9,120.0,240,0.04709120880579576,3.3853047674729217,0.13293777638079454,204.85955000000004
neyman,9,15.0,30,0.040998447919264436,3.9214543402145856,0.2761254187102213,209.76871500000007
neyman,9,30.0,60,0.07803587918169796,3.750983452135214,0.2162511451474093,209.76871500000007
neyman,9,60.0,120,0.15325038437731564,3.6206818794279365,0.17648099145525767,209.76871500000007
neyman,9,90.0,180,0.23202182893874124,3.5364516863474003,0.16247471726607726,209.76871500000007
neyman,9,120.0,240,0.3123629145557061,3.395818669142436,0.13595895053238885,209.76871500000007
predictive-variance,9,15.0,1,0.008652532007545233,4.316731732808822,0.4056432101672445,978.2407500000002
predictive-variance,9,30.0,2,0.009029398031998426,4.2615682079120125,0.39252931790583606,1734.7407500000004
predictive-variance,9,60.0,3,0.009403337957337499,4.23561010262545,0.39152707532402337,2491.2407500000004
predictive-variance,9,90.0,4,0.009773420984856784,4.207300074653382,0.391188025772343,2911.5582500000005
predictive-variance,9,120.0,44,0.016420671832747757,3.7266581257497577,0.2204507309534467,3063.0958000000032
epistemic,9,15.0,1,0.008572964055929333,4.316731732808822,0.4056432101672445,978.2407500000002
epistemic,9,30.0,2,0.00894962006714195,4.2615682079120125,0.39252931790583606,1734.7407500000004
epistemic,9,60.0,3,0.00932436209404841,4.23561010262545,0.39152707532402337,2491.2407500000004
epistemic,9,90.0,4,0.00969717011321336,4.207300074653382,0.391188025772343,2911.5582500000005
epistemic,9,120.0,44,0.01635995344258845,3.7266581257497577,0.2204507309534467,3063.0958000000032
thompson,9,15.0,1,0.0042346540139988065,4.346757172742051,0.41283136116550795,756.5000000000001
thompson,9,30.0,2,0.008269443991594017,4.296115672813329,0.40472049855252207,1513.0000000000002
thompson,9,60.0,3,0.012053543992806226,4.263919790929467,0.39672212110843785,2269.5000000000005
thompson,9,90.0,4,0.015920319012366235,4.208756266032657,0.383303134395757,3026.0000000000005
thompson,9,120.0,44,0.1721959340502508,3.943896599892368,0.2838342497311453,3243.105350000003
uniform,9,15.0,3,1.1722033377736807e-05,4.277693120829618,0.39362876024702126,586.9444500000002
uniform,9,30.0,6,1.536804484203458e-05,4.14444326039214,0.368865293715435,896.1656000000003
uniform,9,60.0,12,2.120109274983406e-05,4.026517551164268,0.363867508805076,1236.8846
uniform,9,90.0,18,2.587004564702511e-05,3.918398366465297,0.33812307583049517,1577.6035999999997
uniform,9,120.0,24,3.0146155040711164e-05,3.687772860002036,0.2947780222679876,1634.3900999999996
random,9,15.0,3,3.138987813144922e-05,4.308839106856509,0.39221777836984184,1070.59452
random,9,30.0,4,3.53678478859365e-05,4.288283127220184,0.39222875961941805,1128.25627
random,9,60.0,6,4.144787089899182e-05,4.238919394366146,0.3915461338850711,1935.52077
random,9,90.0,7,4.4634914956986904e-05,4.192055718593017,0.3829962421630528,2512.1382700000004
random,9,120.0,25,8.306815288960934e-05,3.973101773555866,0.3346842709875792,2719.7205700000004
eig@gamma-poisson,9,15.0,30,0.024715091101825237,3.979496233013078,0.2830627740919516,209.76871500000007
eig@gamma-poisson,9,30.0,60,0.032816067163366824,3.8269124762201514,0.2253928569409688,209.76871500000007
eig@gamma-poisson,9,60.0,120,0.04799862619256601,3.5836134633258196,0.16676452611141068,209.76871500000007
eig@gamma-poisson,9,90.0,180,0.06262734025949612,3.528631361646481,0.16068655989258118,209.76871500000007
eig@gamma-poisson,9,120.0,240,0.07709711493225768,3.4038833688833514,0.1353113065053907,209.76871500000007
eig@lognormal-poisson,9,15.0,30,10.012038929620758,3.9284313386121763,0.2716274450166622,212.63862000000006
eig@lognormal-poisson,9,30.0,60,10.213051724189427,3.7571981530237757,0.21406783368869958,212.63862000000006
eig@lognormal-poisson,9,60.0,120,10.525587171141524,3.564422862971289,0.16413889841971252,212.63862000000006
eig@lognormal-poisson,9,90.0,180,10.803501686139498,3.503916309371668,0.14830877291292902,212.63862000000006
eig@lognormal-poisson,9,120.0,240,11.046459109231364,3.3910415788768518,0.13433338871809683,212.63862000000006
eig,10,15.0,30,0.5214670333079994,4.0308345213164065,0.28624002459926345,138.60207500000007
eig,10,30.0,60,0.631146575382445,3.8426564805638854,0.24226261901272458,177.10707500000018
eig,10,60.0,120,0.8533585142577067,3.5480065749809504,0.1653246487391409,254.1170750000004
eig,10,90.0,180,1.069273006170988,3.443125973237716,0.14952647398645158,331.1270750000006
eig,10,120.0,240,1.2768904211116023,3.3968551362946564,0.13898085696689505,408.13707500000083
epig,10,15.0,30,3.3758271030383185,4.0308345213164065,0.28624002459926345,138.60207500000007
epig,10,30.0,60,4.712740775023121,3.8426564805638854,0.24226261901272458,177.10707500000018
epig,10,60.0,120,7.162498522608075,3.5669353526632404,0.16618057787664187,254.1170750000004
epig,10,90.0,180,9.78961985046044,3.443125973237716,0.14952647398645158,331.1270750000006
epig,10,120.0,240,12.148085129330866,3.4031255932359095,0.1410976027040504,408.13707500000083
maxent,10,15.0,30,0.45145028695696965,4.294335267670513,0.42243606383184734,151.177075
maxent,10,30.0,60,0.5478923142654821,4.291737958860938,0.422425893301393,208.544575
maxent,10,60.0,120,0.7385013594757766,4.292637919920325,0.4224302022349429,323.279574999999
maxent,10,90.0,180,0.9393566377111711,4.290481969163607,0.4224211822750176,438.0145749999973
maxent,10,120.0,240,1.1326287809060887,4.2901944359882735,0.4224193698397074,552.7495749999956
d-optimality,10,15.0,30,0.013574144046287984,4.129084743329552,0.31971398957001784,38.505000000000024
d-optimality,10,30.0,60,0.01867655193200335,3.7474055136598587,0.20422885828145473,77.01000000000013
d-optimality,10,60.0,120,0.02819095505401492,3.5938930120359487,0.16780007855596324,154.02000000000035
d-optimality,10,90.0,180,0.03941543510882184,3.497918340571973,0.16368831836458733,231.03000000000057
d-optimality,10,120.0,240,0.05013889179099351,3.4034049409887452,0.13816399706790253,308.04000000000076
neyman,10,15.0,30,0.041718461143318564,4.043859888759456,0.2867522208673018,138.60207500000007
neyman,10,30.0,60,0.08067699300590903,3.816606579984773,0.22319562215931898,177.10707500000018
neyman,10,60.0,120,0.16257742582820356,3.575388445551544,0.1824551165069219,254.1170750000004
neyman,10,90.0,180,0.2460434627137147,3.464182763933247,0.16410774881367593,343.073325
neyman,10,120.0,240,0.3330371257616207,3.409990870847589,0.1512924304993847,455.89607499999835
predictive-variance,10,15.0,1,0.008675675955601037,4.483498389991432,0.4596610361811347,632.2375
predictive-variance,10,30.0,2,0.009061790013220161,4.423753070293607,0.446841179890919,1264.475
predictive-variance,10,60.0,3,0.009439467976335436,4.393082568532247,0.4450899055870103,1896.7124999999999
predictive-variance,10,90.0,4,0.009822305932175368,4.371254370125659,0.4446645378653712,2528.95
predictive-variance,10,120.0,44,0.016634948027785867,3.838520439255402,0.2530766073975234,2605.5274999999992
epistemic,10,15.0,1,0.008670166018418968,4.483498389991432,0.4596610361811347,632.2375
epistemic,10,30.0,2,0.009054586989805102,4.423753070293607,0.446841179890919,1264.475
epistemic,10,60.0,3,0.009428898978512734,4.393082568532247,0.4450899055870103,1896.7124999999999
epistemic,10,90.0,4,0.009810814925003797,4.371254370125659,0.4446645378653712,2528.95
epistemic,10,120.0,44,0.016484852822031826,3.838520439255402,0.2530766073975234,2605.5274999999992
thompson,10,15.0,1,0.004150235967244953,4.47214548213071,0.45793246414643807,632.2375
thompson,10,30.0,2,0.00801880593644455,4.443241112798078,0.45660697624209534,1264.475
thompson,10,60.0,3,0.011946695914957672,4.396645005195704,0.44513955111532516,1896.7124999999999
thompson,10,90.0,4,0.015945848892442882,4.384624802991163,0.44194900494055983,2528.95
thompson,10,120.0,44,0.1736614488181658,3.9848717435114174,0.33436691906806926,2597.8689999999956
uniform,10,15.0,3,1.0309973731637001e-05,4.410234173050342,0.4496055390645598,152.1175
uniform,10,30.0,6,1.3636949006468058e-05,4.349299227136114,0.42921101633561815,190.62250000000003
uniform,10,60.0,12,2.127193147316575e-05,4.2328740932706905,0.38941125397700793,267.63250000000005
uniform,10,90.0,18,2.5420798920094967e-05,4.078043834865528,0.36929600651564437,344.6424999999999
uniform,10,120.0,24,2.9522809199988842e-05,3.983896260871532,0.34824822229514896,421.6524999999998
random,10,15.0,2,2.8613954782485962e-05,4.463917333347815,0.4454387158446236,758.685
random,10,30.0,2,2.8613954782485962e-05,4.463917333347815,0.4454387158446236,758.685
random,10,60.0,6,4.579598316922784e-05,4.395145812277206,0.4265548660619853,1544.50505
random,10,90.0,8,5.217891884967685e-05,4.378019288888926,0.42725837198213557,2175.04705
random,10,120.0,16,7.095496403053403e-05,4.254267572685546,0.3841778347172603,2839.982249999999
eig@gamma-poisson,10,15.0,30,0.024676717002876103,4.0778283665302135,0.288752390691623,138.60207500000007
eig@gamma-poisson,10,30.0,60,0.03287798282690346,3.952944708136796,0.25531246216416886,177.10707500000018
eig@gamma-poisson,10,60.0,120,0.048161963059101254,3.689413873713138,0.18138329784867774,254.1170750000004
eig@gamma-poisson,10,90.0,180,0.06314910965738818,3.5663782691084935,0.1645413864614267,331.1270750000006
eig@gamma-poisson,10,120.0,240,0.07766146294306964,3.431320478151706,0.13795969343010261,408.13707500000083
eig@lognormal-poisson,10,15.0,30,9.942361748078838,4.056249930258465,0.28669795229221334,126.17520000000006
eig@lognormal-poisson,10,30.0,60,10.152335553662851,3.8817776108263136,0.2441281335665517,164.68020000000016
eig@lognormal-poisson,10,60.0,120,10.464746419573203,3.5988371716832845,0.17366224399570293,241.69020000000037
eig@lognormal-poisson,10,90.0,180,10.75579607929103,3.5043123883213974,0.1613077029343496,318.70020000000056
eig@lognormal-poisson,10,120.0,240,11.014224637008738,3.429856199959899,0.14404623672458663,395.7102000000008
eig,11,15.0,30,0.5197267780313268,4.08578713492583,0.33220409673139706,319.8498250000002
eig,11,30.0,60,0.6302179277990945,3.896430980070839,0.2771008770202149,319.8498250000002
eig,11,60.0,120,0.8448402540525422,3.4582555801523136,0.16829874612428922,319.8498250000002
eig,11,90.0,180,1.051344403065741,3.292597216995189,0.1396345219214396,319.8498250000002
eig,11,120.0,240,1.252584284346085,3.2842749120529944,0.13588595177681306,319.8498250000002
epig,11,15.0,30,3.3260877442080528,4.08578713492583,0.33220409673139706,319.8498250000002
epig,11,30.0,60,4.5613213132019155,3.896430980070839,0.2771008770202149,319.8498250000002
epig,11,60.0,120,6.854424968827516,3.4582555801523136,0.16829874612428922,319.8498250000002
epig,11,90.0,180,9.225268532172777,3.2910812434649372,0.13939391767828616,319.8498250000002
epig,11,120.0,240,11.380832453956828,3.2842749120529944,0.13588595177681306,319.8498250000002
maxent,11,15.0,30,0.4353705329122022,4.159130141999289,0.3926375208261837,214.52394000000012
maxent,11,30.0,60,0.5386956369038671,4.157973393266459,0.39263539301282324,359.65194000000037
maxent,11,60.0,120,0.738683445553761,4.15762413818668,0.39263485208878607,649.9079399999993
maxent,11,90.0,180,0.9382768476498313,4.155369684813609,0.3926340426741823,940.1639399999964
maxent,11,120.0,240,1.1480477341683581,4.1585982244266715,0.39263655632025385,1230.4199399999984
d-optimality,11,15.0,30,0.013408523227553815,4.254998270992885,0.361693322153105,241.85252000000008
d-optimality,11,30.0,60,0.018208185152616352,3.853710796212701,0.25146215738357214,241.85252000000008
d-optimality,11,60.0,120,0.027278973546344787,3.4656241977209135,0.16908526700928306,241.85252000000008
d-optimality,11,90.0,180,0.03685563831822947,3.3168491314909994,0.14462396299310237,241.85252000000008
d-optimality,11,120.0,240,0.046335089951753616,3.287307574366608,0.13631656177413598,241.85252000000008
neyman,11,15.0,30,0.041310945292934775,4.08578713492583,0.33220409673139706,319.8498250000002
neyman,11,30.0,60,0.07830579625442624,3.879910220770648,0.2542872161593262,319.8498250000002
neyman,11,60.0,120,0.15236958710011095,3.513561634062421,0.1784758126891799,319.8498250000002
neyman,11,90.0,180,0.22497958200983703,3.3271253245821275,0.1423809205521942,319.8498250000002
neyman,11,120.0,240,0.30625862535089254,3.339393775533825,0.13764413371696546,319.8498250000002
predictive-variance,11,15.0,1,0.008755034010391682,4.35590609699539,0.4386700684730622,579.5235
predictive-variance,11,30.0,2,0.00913315307116136,4.329056617177501,0.43316728084838674,1032.986
predictive-variance,11,60.0,3,0.00952208210946992,4.308193101462157,0.43183034624715255,1486.4485000000002
predictive-variance,11,90.0,4,0.00989332707831636,4.279277954009406,0.4274922962831257,1939.9110000000003
predictive-variance,11,120.0,44,0.01653835433535278,3.9480034847894907,0.28703008680124753,2166.6422500000003
epistemic,11,15.0,1,0.008853197912685573,4.35590609699539,0.4386700684730622,579.5235
epistemic,11,30.0,2,0.009239200910087675,4.329056617177501,0.43316728084838674,1032.986
epistemic,11,60.0,3,0.009613872913178056,4.308193101462157,0.43183034624715255,1486.4485000000002
epistemic,11,90.0,4,0.01000250194920227,4.279277954009406,0.4274922962831257,1939.9110000000003
epistemic,11,120.0,44,0.016413585806731135,3.9480034847894907,0.28703008680124753,2166.6422500000003
thompson,11,15.0,1,0.004053816024679691,4.357682394350295,0.4481813780730522,360.01250000000005
thompson,11,30.0,2,0.008136345073580742,4.337654805736398,0.44587183955834525,720.0250000000001
thompson,11,60.0,3,0.012955025071278214,4.3167912900210546,0.4445731121575992,1080.0375000000001
thompson,11,90.0,4,0.01691227004630491,4.254575446038784,0.43127165033811066,1440.0500000000002
thompson,11,120.0,44,0.17803961591562256,3.927997541229439,0.32239416157172446,1447.2502500000003
uniform,11,15.0,3,1.0739953722804785e-05,4.260286120843457,0.42806190399964145,231.80939999999998
uniform,11,30.0,6,1.5017983969300985e-05,4.11938407645379,0.41039963530000384,231.80939999999998
uniform,11,60.0,12,2.2132182493805885e-05,3.960599425583554,0.39627778994746343,231.80939999999998
uniform,11,90.0,18,2.7866277378052473e-05,3.8160467088305743,0.3672841106007676,231.80939999999998
uniform,11,120.0,24,3.3399323001503944e-05,3.6985086900631416,0.32690519161026216,231.80939999999998
random,11,15.0,2,2.4976965505629778e-05,4.371834551488263,0.44120664254418773,700.0994000000001
random,11,30.0,3,2.8974958695471287e-05,4.362947466997046,0.4347660267378143,827.3902
random,11,60.0,6,3.923394251614809e-05,4.348854444973128,0.430350715215132,1540.21868
random,11,90.0,9,4.748994251713157e-05,4.231590530150592,0.40458556171944665,2240.31808
random,11,120.0,20,7.139303488656878e-05,4.031174261213001,0.3572873189943059,2240.31808
eig@gamma-poisson,11,15.0,30,0.025455805123783648,4.142574808164227,0.33340047644980564,319.8498250000002
eig@gamma-poisson,11,30.0,60,0.03329050523461774,3.9638415491207084,0.2867594172738548,319.8498250000002
eig@gamma-poisson,11,60.0,120,0.0485876381280832,3.596409414720604,0.19463580914737355,319.8498250000002
eig@gamma-poisson,11,90.0,180,0.0632659830735065,3.415104773243087,0.1623169485102464,319.8498250000002
eig@gamma-poisson,11,120.0,240,0.07776715414365754,3.280332137039821,0.12817094228294304,319.8498250000002
eig@lognormal-poisson,11,15.0,30,10.04778802866349,4.108775626753426,0.3278614135182489,317.8379600000002
eig@lognormal-poisson,11,30.0,60,10.22364991158247,3.9318644046161713,0.27919836982836194,317.8379600000002
eig@lognormal-poisson,11,60.0,120,10.540443409467116,3.494256091935122,0.17979147764460107,317.8379600000002
eig@lognormal-poisson,11,90.0,180,10.795099004462827,3.369831494276022,0.15366092259222613,317.8379600000002
eig@lognormal-poisson,11,120.0,240,11.036366722546518,3.240527251737273,0.12299322988636964,317.8379600000002
eig,12,15.0,30,0.5230412199744023,4.100009360625781,0.3138329666998654,52.87489999999994
eig,12,30.0,60,0.6391511870315298,3.845642871971844,0.23934577874920615,91.71934999999993
eig,12,60.0,120,0.8627677870681509,3.5632612733934024,0.16995822312094572,91.71934999999993
eig,12,90.0,180,1.0753123475587927,3.5071841878106724,0.15735478720748994,91.71934999999993
eig,12,120.0,240,1.2803419374977238,3.4151157378628447,0.13529395992389906,91.71934999999993
epig,12,15.0,30,3.439950145664625,4.100009360625781,0.3138329666998654,52.87489999999994
epig,12,30.0,60,4.737362790852785,3.845642871971844,0.23934577874920615,96.93574999999993
epig,12,60.0,120,7.160894197411835,3.5632612733934024,0.16995822312094572,96.93574999999993
epig,12,90.0,180,9.615294143732172,3.518457583703631,0.16000366592252124,96.93574999999993
epig,12,120.0,240,11.948960453795735,3.408747303782983,0.13298061227673025,96.93574999999993
maxent,12,15.0,30,0.44024754589190707,4.216132965896478,0.3737353044481274,17.387999999999977
maxent,12,30.0,60,0.5359568579006009,4.215189272716928,0.37372403583335,17.387999999999977
maxent,12,60.0,120,0.7261056249844842,4.215731002562207,0.37372451306284676,17.387999999999977
maxent,12,90.0,180,0.9129130360088311,4.21657052563278,0.3737256037546473,17.387999999999977
maxent,12,120.0,240,1.0980035287793726,4.216264293303481,0.37372517206960115,17.387999999999977
d-optimality,12,15.0,30,0.013377146096900105,4.098686945284309,0.304530908319127,35.56379999999997
d-optimality,12,30.0,60,0.018199541314970702,3.8729808663946446,0.2364995748548769,108.03629999999997
d-optimality,12,60.0,120,0.027417692239396274,3.5497282197936904,0.1601209082333104,108.03629999999997
d-optimality,12,90.0,180,0.03733241598820314,3.484053473567794,0.1512633348979817,108.03629999999997
d-optimality,12,120.0,240,0.04893628240097314,3.421471804569915,0.13676650837720444,108.03629999999997
neyman,12,15.0,30,0.04127380141289905,4.100009360625781,0.3138329666998654,52.87489999999994
neyman,12,30.0,60,0.07849361031549051,3.9061239644207775,0.2461329068745401,80.57564999999994
neyman,12,60.0,120,0.15636679128510877,3.571513633822063,0.18021252097863183,80.57564999999994
neyman,12,90.0,180,0.23729176208144054,3.4519842491049952,0.15295159088528,80.57564999999994
neyman,12,120.0,240,0.32248869363684207,3.500700969087448,0.15712097132002928,80.57564999999994
predictive-variance,12,15.0,1,0.00866752996807918,4.253705686534919,0.39360883228755406,0.0
predictive-variance,12,30.0,2,0.00905094901099801,4.206630733012127,0.39185462169632146,0.0
predictive-variance,12,60.0,3,0.009431061043869704,4.185401738374988,0.39185416818933727,0.0
predictive-variance,12,90.0,4,0.009809219045564532,4.130868238121688,0.3797545449111972,0.0
predictive-variance,12,120.0,44,0.016258562682196498,3.870859211166825,0.26176637442256917,0.0
epistemic,12,15.0,1,0.008713145973160863,4.253705686534919,0.39360883228755406,0.0
epistemic,12,30.0,2,0.009097866946831346,4.206630733012127,0.39185462169632146,0.0
epistemic,12,60.0,3,0.00947847991483286,4.185401738374988,0.39185416818933727,0.0
epistemic,12,90.0,4,0.00985695788403973,4.130868238121688,0.3797545449111972,0.0
epistemic,12,120.0,44,0.016376123880036175,3.870859211166825,0.26176637442256917,0.0
thompson,12,15.0,1,0.004207834019325674,4.277994292581593,0.39583497891993286,413.75499999999994
thompson,12,30.0,2,0.007937923073768616,4.25726186686001,0.3935848445736925,827.5099999999999
thompson,12,60.0,3,0.01157613011309877,4.2101869133372185,0.39183052659037815,914.4499999999998
thompson,12,90.0,4,0.015485234092921019,4.182107022616587,0.39172931142707546,1001.3899999999996
thompson,12,120.0,44,0.17327019310323521,4.104378881634555,0.3324925856326953,1053.5540000000005
uniform,12,15.0,3,7.313909009099007e-06,4.2093939020819855,0.3778921441931951,0.0
uniform,12,30.0,6,1.0489951819181442e-05,4.147338282004726,0.3674353928381686,0.0
uniform,12,60.0,12,1.6029051039367914e-05,4.047796362179099,0.354348326954559,0.0
uniform,12,90.0,18,2.0198989659547806e-05,3.945799116741245,0.32007829577149854,0.0
uniform,12,120.0,24,2.4347100406885147e-05,3.8822464876046543,0.3045490775795976,0.0
random,12,15.0,6,3.2431911677122116e-05,4.154803571578976,0.3499787834247445,620.5074999999999
random,12,30.0,6,3.2431911677122116e-05,4.154803571578976,0.3499787834247445,620.5074999999999
random,12,60.0,7,3.644893877208233e-05,4.150324104857827,0.34973584925529183,1241.0149999999999
random,12,90.0,11,4.685908788815141e-05,4.054993135213495,0.33582685200038287,1766.4713499999996
random,12,120.0,32,8.97201825864613e-05,3.903267311654042,0.28931806492492845,2188.5014499999984
eig@gamma-poisson,12,15.0,30,0.02469476277474314,4.160957303490487,0.3183617309097571,50.42519999999993
eig@gamma-poisson,12,30.0,60,0.03279488073894754,3.9034024659213995,0.24967133116413404,69.55199999999991
eig@gamma-poisson,12,60.0,120,0.04799615888623521,3.6077799696496595,0.1676507691699932,69.55199999999991
eig@gamma-poisson,12,90.0,180,0.06259010289795697,3.5283092854383056,0.1579326778771507,69.55199999999991
eig@gamma-poisson,12,120.0,240,0.07707963470602408,3.462192682843503,0.13864259429950682,69.55199999999991
eig@lognormal-poisson,12,15.0,30,9.76172534894431,4.123331321716791,0.3096151528655263,50.42519999999993
eig@lognormal-poisson,12,30.0,60,9.948598006099928,3.905817635456524,0.2529087589146463,69.55199999999991
eig@lognormal-poisson,12,60.0,120,10.248498674074654,3.5726427225359285,0.1639444448419785,69.55199999999991
eig@lognormal-poisson,12,90.0,180,10.518547931220382,3.5127092139675056,0.15531242278308258,69.55199999999991
eig@lognormal-poisson,12,120.0,240,10.764817149320152,3.4366887465284086,0.13667191548623037,69.55199999999991
eig,13,15.0,30,0.5237536148633808,4.044687162958823,0.2859196506623415,14.599800000000016
eig,13,30.0,60,0.6366242677322589,3.8065867915681637,0.22318608815274546,26.76630000000003
eig,13,60.0,120,0.8625867789960466,3.5568002691850595,0.15744996688649301,26.76630000000003
eig,13,90.0,180,1.0764118258375674,3.420166945205516,0.13223732079396322,26.76630000000003
eig,13,120.0,240,1.2927657550317235,3.356247278308878,0.12095792458122391,57.18255000000006
epig,13,15.0,30,3.438641289016232,4.044687162958823,0.2859196506623415,14.599800000000016
epig,13,30.0,60,4.8999139599036425,3.8065867915681637,0.22318608815274546,27.98295000000003
epig,13,60.0,120,7.603072320984211,3.5455922012584,0.15993451049446175,27.98295000000003
epig,13,90.0,180,10.218986228574067,3.4210523574510305,0.13234029427942906,27.98295000000003
epig,13,120.0,240,12.773454586742446,3.3571121492210505,0.12136289482198416,51.099300000000056
maxent,13,15.0,30,0.4315409068367444,4.224132947597133,0.4103079753547085,0.0
maxent,13,30.0,60,0.5296589429490268,4.219297578000844,0.41029410837616326,0.0
maxent,13,60.0,120,0.7222959237988107,4.2214560226516,0.41029790723960313,0.0
maxent,13,90.0,180,0.9130615364992991,4.22162922252437,0.41030153747484344,0.0
maxent,13,120.0,240,1.1040415766765364,4.226103818821623,0.41030955995379814,0.0
d-optimality,13,15.0,30,0.01353152480442077,4.016406585271048,0.2402127878139067,160.96846000000033
d-optimality,13,30.0,60,0.01839652971830219,3.7872724243513503,0.2012024688784574,184.08481000000063
d-optimality,13,60.0,120,0.028907490079291165,3.6089236393126622,0.15916754392300994,184.08481000000063
d-optimality,13,90.0,180,0.04096303222468123,3.40537541200054,0.1265741542095685,184.08481000000063
d-optimality,13,120.0,240,0.05262413411401212,3.330552234550074,0.11556666459073052,214.50106000000102
neyman,13,15.0,30,0.041798126127105206,4.044687162958823,0.2859196506623415,14.599800000000016
neyman,13,30.0,60,0.08001388033153489,3.7804751114667616,0.20627021604208312,18.24975000000002
neyman,13,60.0,120,0.16799849353265017,3.610362311181064,0.17267019970314038,18.24975000000002
neyman,13,90.0,180,0.25933374412124977,3.460747240138661,0.14768633292911668,42.58275000000005
neyman,13,120.0,240,0.35695811914047226,3.387009777976287,0.13619250834479285,42.58275000000005
predictive-variance,13,15.0,1,0.008690410992130637,4.3790050663258775,0.41594868634633425,0.0
predictive-variance,13,30.0,2,0.009080772986635566,4.338179688214559,0.41356455650824314,0.0
predictive-variance,13,60.0,3,0.009460221976041794,4.287120496931461,0.41115216753194295,0.0
predictive-variance,13,90.0,4,0.009837037010584027,4.268699144752408,0.4106993582618194,0.0
predictive-variance,13,120.0,44,0.01650772796710953,3.7932717738136574,0.2243403816404572,0.0
epistemic,13,15.0,1,0.008730216010008007,4.3790050663258775,0.41594868634633425,0.0
epistemic,13,30.0,2,0.009113453037571162,4.338179688214559,0.41356455650824314,0.0
epistemic,13,60.0,3,0.009493333054706454,4.287120496931461,0.41115216753194295,0.0
epistemic,13,90.0,4,0.009870019101072103,4.268699144752408,0.4106993582618194,0.0
epistemic,13,120.0,44,0.01653884182451293,3.7932717738136574,0.2243403816404572,0.0
thompson,13,15.0,1,0.004174875968601555,4.389945454986592,0.4204667703909979,419.07250000000005
thompson,13,30.0,2,0.008127346052788198,4.3292478296200505,0.414256214036461,838.1450000000001
thompson,13,60.0,3,0.012133667070884258,4.293618367269903,0.4131662933448294,1049.1225000000002
thompson,13,90.0,4,0.016252849076408893,4.274214898028394,0.40308367961928593,1260.1000000000004
thompson,13,120.0,44,0.17709726304747164,3.874988855525084,0.28487995165289437,1263.7499500000006
uniform,13,15.0,3,9.868934284895658e-06,4.3307035132895635,0.413242623550924,0.0
uniform,13,30.0,6,1.4466873835772276e-05,4.254642142600719,0.3981576908826123,0.0
uniform,13,60.0,12,2.165179466828704e-05,4.072841941701513,0.37468134833087013,0.0
uniform,13,90.0,18,2.6038673240691423e-05,3.9939443734977487,0.3525995065165343,0.0
uniform,13,120.0,24,3.0720606446266174e-05,3.905259967810284,0.32566794625227946,0.0
random,13,15.0,1,2.2171007003635168e-05,4.380899878554344,0.4201565428816049,838.7635000000001
random,13,30.0,4,3.380299312993884e-05,4.360388474511859,0.41564871879603166,1794.9538900000002
random,13,60.0,6,4.424300277605653e-05,4.338204233655517,0.4066152607537222,2298.2119900000002
random,13,90.0,13,6.141315679997206e-05,4.202710362632392,0.3626267601879301,2298.2119900000002
random,13,120.0,23,8.366716792806983e-05,4.070595765349144,0.33489925020288436,2298.2119900000002
eig@gamma-poisson,13,15.0,30,0.02475763001712039,4.133762257810461,0.29254604741203394,14.599800000000016
eig@gamma-poisson,13,30.0,60,0.033117234183009714,3.8306982216262604,0.217418630451099,25.549650000000028
eig@gamma-poisson,13,60.0,120,0.048669893585611135,3.6884328094170136,0.16312139635579676,25.549650000000028
eig@gamma-poisson,13,90.0,180,0.06356114213122055,3.5019647780070593,0.14279309240622304,25.549650000000028
eig@gamma-poisson,13,120.0,240,0.07838310778606683,3.431838805974118,0.14071298778845961,25.549650000000028
eig@lognormal-poisson,13,15.0,30,9.889001280243974,4.070515485474929,0.28514963033809576,14.599800000000016
eig@lognormal-poisson,13,30.0,60,10.098525175417308,3.8347997836555816,0.22285782914871227,25.549650000000028
eig@lognormal-poisson,13,60.0,120,10.421064950583968,3.6353423232245006,0.15860135667705091,25.549650000000028
eig@lognormal-poisson,13,90.0,180,10.714705363032408,3.4678260957747162,0.13674084865622668,25.549650000000028
eig@lognormal-poisson,13,120.0,240,10.977009040070698,3.3572486227005,0.11766888110382313,25.549650000000028
eig,14,15.0,30,0.5239172309520654,4.1347463918209675,0.291582479924738,211.25770000000003
eig,14,30.0,60,0.637248805782292,3.760723507092358,0.208493399453302,307.62395000000026
eig,14,60.0,120,0.8622587056015618,3.5678606636622274,0.15788636540698628,445.1349500000009
eig,14,90.0,180,1.0794635171769187,3.436445390596654,0.1386770432124051,582.6459499999999
eig,14,120.0,240,1.289767330919858,3.3996177369873606,0.12319929085659613,720.1569499999971
epig,14,15.0,30,3.451245134929195,4.1347463918209675,0.291582479924738,211.25770000000003
epig,14,30.0,60,4.9015128026367165,3.760723507092358,0.208493399453302,307.62395000000026
epig,14,60.0,120,7.436971826071385,3.5712812963015073,0.15810520875560885,445.1349500000009
epig,14,90.0,180,10.11110506678233,3.4354517537050526,0.1385614951750295,582.6459499999999
epig,14,120.0,240,12.516047320095822,3.3854020075693163,0.11837381220155417,720.1569499999971
maxent,14,15.0,30,0.43174960871692747,4.296186924221943,0.39412007118150777,136.97800000000012
maxent,14,30.0,60,0.5284481740673073,4.253767915952335,0.3932473647071553,167.40120000000013
maxent,14,60.0,120,0.7209569988772273,4.254052882909821,0.393245439677914,167.40120000000013
maxent,14,90.0,180,0.9125173966749571,4.253986218305397,0.39324495840921336,167.40120000000013
maxent,14,120.0,240,1.1029264771495946,4.253953134805216,0.39324492775786113,167.40120000000013
d-optimality,14,15.0,30,0.01358506892574951,4.073778929409516,0.2754275407873883,210.54395000000005
d-optimality,14,30.0,60,0.018522721831686795,3.768344062639836,0.2046385132748138,279.2994500000004
d-optimality,14,60.0,120,0.028439175977837294,3.5784902503947458,0.1550837694765709,416.810450000001
d-optimality,14,90.0,180,0.03994897281518206,3.431702897401794,0.13605888311130376,554.3214500000006
d-optimality,14,120.0,240,0.052911304286681116,3.386430800252205,0.11853361201984318,691.8324499999978
neyman,14,15.0,30,0.04188644967507571,4.1347463918209675,0.291582479924738,211.25770000000003
neyman,14,30.0,60,0.07948514341842383,3.836790492302068,0.22073937326638482,307.62395000000026
neyman,14,60.0,120,0.16447281750151888,3.5476898296627204,0.16436284740740506,445.1349500000009
neyman,14,90.0,180,0.25612403015838936,3.4352713918124618,0.13918008248153146,582.6459499999999
neyman,14,120.0,240,0.3534151015919633,3.417407844412029,0.1334605772905678,720.1569499999971
predictive-variance,14,15.0,1,0.008754029986448586,4.441891591990462,0.41907583174204854,421.82250000000005
predictive-variance,14,30.0,2,0.009141595975961536,4.405922341142561,0.4184938762548904,733.2400000000002
predictive-variance,14,60.0,3,0.009528930997475982,4.3537708231733,0.4058930306136638,1044.6575000000003
predictive-variance,14,90.0,4,0.009907038940582424,4.312048625132353,0.4047738417065845,1258.3850000000002
predictive-variance,14,120.0,44,0.016451954492367804,3.7972731212718127,0.22682544304180685,1411.5227000000036
epistemic,14,15.0,1,0.00870216207113117,4.441891591990462,0.41907583174204854,421.82250000000005
epistemic,14,30.0,2,0.009087423095479608,4.405922341142561,0.4184938762548904,733.2400000000002
epistemic,14,60.0,3,0.009487753151915967,4.3537708231733,0.4058930306136638,1044.6575000000003
epistemic,14,90.0,4,0.009866452193818986,4.312048625132353,0.4047738417065845,1258.3850000000002
epistemic,14,120.0,44,0.01639726315625012,3.7972731212718127,0.22682544304180685,1411.5227000000036
thompson,14,15.0,1,0.004141064011491835,4.458981624970048,0.41311558274054483,421.82250000000005
thompson,14,30.0,2,0.008037719002459198,4.436539665773556,0.3967745939646981,843.6450000000001
thompson,14,60.0,3,0.01210687804268673,4.394817467732611,0.39562961093049337,1057.3725000000002
thompson,14,90.0,4,0.016077173058874905,4.3488057348178515,0.38745788087557576,1271.1000000000004
thompson,14,120.0,44,0.17368337407242507,3.996531467628529,0.2987148768805879,1407.8349000000032
uniform,14,15.0,3,9.216018952429295e-06,4.39905369948586,0.412563492724564,253.0935
uniform,14,30.0,6,1.3043987564742565e-05,4.338317406383272,0.40203262032384557,484.10600000000005
uniform,14,60.0,12,1.9197002984583378e-05,4.095382984064261,0.34585047670825264,765.0320000000003
uniform,14,90.0,18,2.3899017833173275e-05,3.9599012087813468,0.33377844144831587,987.3440000000004
uniform,14,120.0,24,2.8304988518357277e-05,3.847894265038305,0.3123838022956523,1243.8170000000005
random,14,15.0,4,3.180099884048104e-05,4.30865124062253,0.3778788015949275,138.43995
random,14,30.0,5,3.6088982596993446e-05,4.287558437219523,0.36556015770351813,253.03245
random,14,60.0,10,4.8531044740229845e-05,4.242171824961189,0.34794150812053726,404.2945500000001
random,14,90.0,13,5.703698843717575e-05,4.235902118805208,0.3447889818708917,443.2560000000001
random,14,120.0,24,8.503906428813934e-05,4.09005629625579,0.27480408373829046,580.7669999999999
eig@gamma-poisson,14,15.0,30,0.024649269180372357,4.185195813695874,0.2952121873687066,211.25770000000003
eig@gamma-poisson,14,30.0,60,0.032931802386883646,3.8122151211994884,0.20545031631005392,307.62395000000026
eig@gamma-poisson,14,60.0,120,0.048358176718465984,3.594186103306557,0.15196541280360107,447.9218500000003
eig@gamma-poisson,14,90.0,180,0.06334089342271909,3.4706733439614954,0.1464151170450342,588.2197500000005
eig@gamma-poisson,14,120.0,240,0.07805158320115879,3.4516218823844302,0.146912951405686,663.850799999999
eig@lognormal-poisson,14,15.0,30,9.890169443388004,4.149173856447833,0.2924038445042733,211.25770000000003
eig@lognormal-poisson,14,30.0,60,10.09877834917279,3.7821446522781828,0.2122900616546258,307.62395000000026
eig@lognormal-poisson,14,60.0,120,10.411111758614425,3.5914724972618024,0.15783337955422508,445.1349500000009
eig@lognormal-poisson,14,90.0,180,10.710007754096296,3.4343177202171975,0.13875781825845993,582.6459499999999
eig@lognormal-poisson,14,120.0,240,10.979826566937845,3.386556409895482,0.1171533610679308,672.0280999999981
eig,15,15.0,30,0.5227940591285005,4.27808123846964,0.2899544050099527,58.68360000000002
eig,15,30.0,60,0.638908259337768,3.9585441156297647,0.2187213391744633,58.68360000000002
eig,15,60.0,120,0.8679258032352664,3.7664966450802804,0.15839728094103245,58.68360000000002
eig,15,90.0,180,1.083340335811954,3.5949838858383827,0.12571968747227777,58.68360000000002
eig,15,120.0,240,1.293115085863974,3.4951843411103756,0.10391021819345561,58.68360000000002
epig,15,15.0,30,3.457051400328055,4.27808123846964,0.2899544050099527,58.68360000000002
epig,15,30.0,60,4.906622116221115,3.9585441156297647,0.2187213391744633,58.68360000000002
epig,15,60.0,120,7.495143722277135,3.7664966450802804,0.15839728094103245,58.68360000000002
epig,15,90.0,180,10.154707899724599,3.625148757360249,0.12926673171622288,58.68360000000002
epig,15,120.0,240,12.58815163577674,3.4951843411103756,0.10391021819345561,58.68360000000002
maxent,15,15.0,30,0.4330712111550383,4.38436755433212,0.3544701842928178,58.68360000000002
maxent,15,30.0,60,0.5319300830014981,4.386036424186654,0.35447704389039003,58.68360000000002
maxent,15,60.0,120,0.7279752379399724,4.381749127881601,0.3544699470639872,58.68360000000002
maxent,15,90.0,180,0.9236859761294909,4.381491364515049,0.35446999668151413,58.68360000000002
maxent,15,120.0,240,1.1189540589693934,4.3827504739774845,0.3544711488638213,58.68360000000002
d-optimality,15,15.0,30,0.013680292875505984,4.311054548498102,0.2757931431510149,334.85849999999994
d-optimality,15,30.0,60,0.018509852059651166,3.929506001963631,0.19446592389761103,387.0216999999999
d-optimality,15,60.0,120,0.027823780954349786,3.7072302946296922,0.1521216023753689,387.0216999999999
d-optimality,15,90.0,180,0.039272025984246284,3.5833145682542926,0.11639034966600917,387.0216999999999
d-optimality,15,120.0,240,0.05115001410013065,3.505389978814726,0.10680728225649416,387.0216999999999
neyman,15,15.0,30,0.04231793904909864,4.252120222049059,0.28500956320670906,58.68360000000002
neyman,15,30.0,60,0.08056385820964351,3.919508260512585,0.19577957241514307,58.68360000000002
neyman,15,60.0,120,0.16324554110178724,3.8080851434345298,0.1671998468251102,58.68360000000002
neyman,15,90.0,180,0.2515740836970508,3.647760982393985,0.14727308146172344,58.68360000000002
neyman,15,120.0,240,0.3418986215838231,3.5208940017639754,0.11252981714441311,58.68360000000002
predictive-variance,15,15.0,1,0.008760452037677169,4.601296141322061,0.38427959467190187,773.0550000000001
predictive-variance,15,30.0,2,0.00914604403078556,4.564252492067237,0.38309399972891905,1099.0750000000003
predictive-variance,15,60.0,3,0.009531636023893952,4.527354423985778,0.38190472421194377,1425.0950000000003
predictive-variance,15,90.0,4,0.009915935050230473,4.507654931735296,0.3819035882008312,1751.1150000000002
predictive-variance,15,120.0,44,0.016830895096063614,4.022936504518852,0.23077011737714323,1783.7170000000008
epistemic,15,15.0,1,0.00873711792519316,4.601296141322061,0.38427959467190187,773.0550000000001
epistemic,15,30.0,2,0.009126516932155937,4.564252492067237,0.38309399972891905,1099.0750000000003
epistemic,15,60.0,3,0.009506497939582914,4.527354423985778,0.38190472421194377,1425.0950000000003
epistemic,15,90.0,4,0.009884496859740466,4.507654931735296,0.3819035882008312,1751.1150000000002
epistemic,15,120.0,44,0.01674372685374692,4.022936504518852,0.23077011737714323,1783.7170000000008
thompson,15,15.0,1,0.00430984899867326,4.601296141322061,0.38427959467190187,773.0550000000001
thompson,15,30.0,2,0.008361696032807231,4.55540093014847,0.3717332631129009,1546.1100000000001
thompson,15,60.0,3,0.012484364036936313,4.5096885348077835,0.3643358867794436,2319.165
thompson,15,90.0,4,0.016524418082553893,4.472383011224398,0.3624852879501865,2550.855
thompson,15,120.0,44,0.17531859152950346,4.099324852425182,0.273791307142432,2699.136600000002
uniform,15,15.0,3,1.0029994882643223e-05,4.586290801353348,0.3774071953390427,463.8330000000001
uniform,15,30.0,6,1.4338002074509859e-05,4.528498365543352,0.3756992167215352,838.2590000000001
uniform,15,60.0,12,2.0368897821754217e-05,4.274926697756826,0.3495718595900892,1229.4830000000002
uniform,15,90.0,18,2.500787377357483e-05,4.050357206913001,0.3094348433459084,1620.7069999999999
uniform,15,120.0,24,2.9327813535928726e-05,3.9873631354695807,0.2926061423260094,2011.9309999999996
random,15,15.0,2,2.5578017812222242e-05,4.570139472606733,0.3671021720838471,262.61220000000003
random,15,30.0,5,3.4616037737578154e-05,4.557262548874924,0.364330195522026,508.2036000000001
random,15,60.0,7,4.0627026464790106e-05,4.445979506136624,0.35187967834906114,763.0626000000002
random,15,90.0,10,4.8541114665567875e-05,4.368113120281698,0.341158667593198,860.3724000000001
random,15,120.0,20,7.051328429952264e-05,4.193330653536216,0.3088230061176965,1133.7666000000008
eig@gamma-poisson,15,15.0,30,0.024880707846023142,4.334154184800533,0.29540314363420583,58.68360000000002
eig@gamma-poisson,15,30.0,60,0.03317398694343865,4.037277060843969,0.22552876317879045,58.68360000000002
eig@gamma-poisson,15,60.0,120,0.04865981708280742,3.726736260753858,0.14823257715486116,58.68360000000002
eig@gamma-poisson,15,90.0,180,0.06364632386248559,3.6896326414872482,0.1370467169486902,58.68360000000002
eig@gamma-poisson,15,120.0,240,0.07843284378759563,3.579299775662955,0.11629880733662663,58.68360000000002
eig@lognormal-poisson,15,15.0,30,9.897513017000165,4.3060840606066035,0.29052277615161415,67.62430000000002
eig@lognormal-poisson,15,30.0,60,10.096240779210348,3.9183380056649404,0.21206762164189427,67.62430000000002
eig@lognormal-poisson,15,60.0,120,10.411923661420587,3.720122617872388,0.15407446263477462,67.62430000000002
eig@lognormal-poisson,15,90.0,180,10.712381307559554,3.589244176487579,0.11490191021309776,67.62430000000002
eig@lognormal-poisson,15,120.0,240,10.981152019754518,3.5139017120160125,0.10651563584921211,67.62430000000002
eig,16,15.0,30,0.5298034811276011,3.908380518489255,0.30600189726751675,12.823650000000004
eig,16,30.0,60,0.6435645339079201,3.657290261587796,0.2552793672890708,15.183600000000006
eig,16,60.0,120,0.8696616592351347,3.4102007402358168,0.17438750777756334,15.183600000000006
eig,16,90.0,180,1.0825172362965532,3.281832815405075,0.1355384835973441,114.30149999999995
eig,16,120.0,240,1.2928039222606458,3.275055584611328,0.12893405429852708,114.30149999999995
epig,16,15.0,30,3.3658631710568443,3.908380518489255,0.30600189726751675,12.823650000000004
epig,16,30.0,60,4.681421689048875,3.657290261587796,0.2552793672890708,26.983350000000012
epig,16,60.0,120,7.017724673496559,3.39215015390259,0.17308769105766342,26.983350000000012
epig,16,90.0,180,9.344609411200508,3.279632472497905,0.13551868072324286,121.38134999999994
epig,16,120.0,240,11.52424417482689,3.2751103992396247,0.12979494049543583,121.38134999999994
maxent,16,15.0,30,0.43454323743935674,3.938734124551678,0.4200642087888077,15.183600000000006
maxent,16,30.0,60,0.5326214873930439,3.942702513043147,0.42008425852133285,15.183600000000006
maxent,16,60.0,120,0.7246437688590959,3.9345482031404297,0.42005448729912176,15.183600000000006
maxent,16,90.0,180,0.9139029979123734,3.9341768945631963,0.4200536222964538,15.183600000000006
maxent,16,120.0,240,1.1032480061403476,3.934497922405774,0.42005471044222753,15.183600000000006
d-optimality,16,15.0,30,0.013517882849555463,3.8988687274165343,0.3123707689231978,243.62310000000005
d-optimality,16,30.0,60,0.01866827718913555,3.6877638267654937,0.24674854285980422,254.53215000000006
d-optimality,16,60.0,120,0.028011139133013785,3.4303709149978494,0.17674517295543662,254.53215000000006
d-optimality,16,90.0,180,0.03884250909322873,3.2778740039258536,0.13408897830200836,346.5702000000011
d-optimality,16,120.0,240,0.04897370433900505,3.25287805598364,0.12468705866295157,346.5702000000011
neyman,16,15.0,30,0.041976567183155566,3.8626237035067774,0.302577896230916,22.26345000000001
neyman,16,30.0,60,0.08126531832385808,3.6767875133675836,0.2526653172851821,22.26345000000001
neyman,16,60.0,120,0.16278967313701287,3.3957027030061844,0.17259764213842874,62.3826
neyman,16,90.0,180,0.2439536967431195,3.3219843088561567,0.15255735602481008,62.3826
neyman,16,120.0,240,0.32689927361207083,3.2755293021350425,0.13730211312221324,62.3826
predictive-variance,16,15.0,1,0.008814783999696374,4.033884249430691,0.44254694578612047,213.72750000000008
predictive-variance,16,30.0,2,0.009202820947393775,4.004264979047438,0.4420512895697967,427.45500000000015
predictive-variance,16,60.0,3,0.009587310894858092,3.9784062616599645,0.4397747628766704,641.1825000000002
predictive-variance,16,90.0,4,0.009968904894776642,3.9311489747625536,0.4375056969011658,641.1825000000002
predictive-variance,16,120.0,44,0.016806642117444426,3.65083138470246,0.2695211787736994,690.7414500000008
epistemic,16,15.0,1,0.008717351011000574,4.033884249430691,0.44254694578612047,213.72750000000008
epistemic,16,30.0,2,0.00910072901751846,4.004264979047438,0.4420512895697967,427.45500000000015
epistemic,16,60.0,3,0.009479939006268978,3.9784062616599645,0.4397747628766704,641.1825000000002
epistemic,16,90.0,4,0.009860441030468792,3.9311489747625536,0.4375056969011658,641.1825000000002
epistemic,16,120.0,44,0.016677807841915637,3.65083138470246,0.2695211787736994,690.7414500000008
thompson,16,15.0,1,0.004336508980486542,4.058713992212905,0.44320822511362445,213.72750000000008
thompson,16,30.0,2,0.00837558094644919,4.011456705315494,0.44095682732679425,213.72750000000008
thompson,16,60.0,3,0.012229216983541846,3.990873284707264,0.4338852921869255,213.72750000000008
thompson,16,90.0,4,0.01610632595838979,3.964754817778202,0.4209014291820459,213.72750000000008
thompson,16,120.0,44,0.1743434511590749,3.840209609169064,0.35761498249252743,216.08745000000008
uniform,16,15.0,3,1.0257994290441275e-05,3.983721142388807,0.4315574863749876,128.23650000000004
uniform,16,30.0,6,1.584901474416256e-05,3.9564116431783756,0.4274331543989897,256.47300000000007
uniform,16,60.0,12,2.2442953195422888e-05,3.825484949239112,0.3847872767239128,512.946
uniform,16,90.0,18,2.6650901418179274e-05,3.6821109949718944,0.3691826999139353,641.1825
uniform,16,120.0,24,3.074784763157368e-05,3.6504261385764383,0.35042778999040114,641.1825
random,16,15.0,3,3.055902197957039e-05,3.9857074581271994,0.40962790241224706,609.066
random,16,30.0,3,3.055902197957039e-05,3.9857074581271994,0.40962790241224706,609.066
random,16,60.0,4,3.5028031561523676e-05,3.9438988580362264,0.40795282773471475,727.0635000000001
random,16,90.0,6,4.099810030311346e-05,3.919951637064745,0.4020878059605009,868.6605000000002
random,16,120.0,16,6.331026088446379e-05,3.8490352768880083,0.3687522519950373,1005.5376000000006
eig@gamma-poisson,16,15.0,30,0.02471137512475252,4.002977756818681,0.31801407082105476,12.823650000000004
eig@gamma-poisson,16,30.0,60,0.03287262324010953,3.7451420737698276,0.25730717717416474,15.183600000000006
eig@gamma-poisson,16,60.0,120,0.04807403980521485,3.507217878228929,0.18163775834549473,15.183600000000006
eig@gamma-poisson,16,90.0,180,0.06281173345632851,3.4041533051569774,0.1616239604390886,121.38134999999994
eig@gamma-poisson,16,120.0,240,0.07750251051038504,3.2954447939327896,0.13697535594750573,128.46119999999993
eig@lognormal-poisson,16,15.0,30,9.89529840904288,3.9633515559373307,0.3064758861757169,12.823650000000004
eig@lognormal-poisson,16,30.0,60,10.087592041993048,3.6848765324678676,0.2568536016840293,15.183600000000006
eig@lognormal-poisson,16,60.0,120,10.388601642334834,3.4696281646484515,0.18194492810818252,22.26345000000001
eig@lognormal-poisson,16,90.0,180,10.657841409847606,3.3547856060068635,0.14711924988580286,128.46119999999993
eig@lognormal-poisson,16,120.0,240,10.895869946980383,3.287491311147839,0.12810936658139604,128.46119999999993
eig,17,15.0,30,0.5249120928929187,3.904921696256191,0.2970682227098382,207.64530000000008
eig,17,30.0,60,0.6388474929262884,3.631376545663168,0.21129366702265784,278.1499500000001
eig,17,60.0,120,0.8625375419505872,3.4923394851096865,0.1677664994623265,278.1499500000001
eig,17,90.0,180,1.07547529990552,3.435397920392911,0.15256380353537774,278.1499500000001
eig,17,120.0,240,1.2858025191235356,3.344363418536575,0.1332271062995792,278.1499500000001
epig,17,15.0,30,3.4552252718713135,3.904921696256191,0.2970682227098382,207.64530000000008
epig,17,30.0,60,4.798636811960023,3.631376545663168,0.21129366702265784,278.1499500000001
epig,17,60.0,120,7.263066035695374,3.5056871416614803,0.1681323792442443,278.1499500000001
epig,17,90.0,180,9.710013688716572,3.435397920392911,0.15256380353537774,278.1499500000001
epig,17,120.0,240,12.016499390243553,3.337533915656611,0.13384291784614627,278.1499500000001
maxent,17,15.0,30,0.43083570624003187,4.174337983482807,0.4401867380203879,187.13129999999995
maxent,17,30.0,60,0.5236375439562835,4.180279989414142,0.44020545258408217,345.2193000000003
maxent,17,60.0,120,0.7081409246311523,4.177832509282964,0.440195513314868,661.3953000000002
maxent,17,90.0,180,0.890425837947987,4.174747933003479,0.4401866059130918,977.5712999999984
maxent,17,120.0,240,1.0712601033155806,4.190403136756627,0.44042884143628935,1293.7473000000023
d-optimality,17,15.0,30,0.013648906198795885,3.896317638725899,0.26001169607927554,354.31967999999995
d-optimality,17,30.0,60,0.018519366334658116,3.6294015813805953,0.20132332288410082,495.32897999999966
d-optimality,17,60.0,120,0.02835287933703512,3.480822653707724,0.16637166880517046,495.32897999999966
d-optimality,17,90.0,180,0.04051144456025213,3.425553946229473,0.14625528254943024,495.32897999999966
d-optimality,17,120.0,240,0.05187085340730846,3.358077992862698,0.13719000962696512,495.32897999999966
neyman,17,15.0,30,0.042106696986593306,3.904921696256191,0.2970682227098382,207.64530000000008
neyman,17,30.0,60,0.08115247212117538,3.6360020714723515,0.20166058571694273,207.64530000000008
neyman,17,60.0,120,0.16672497190302238,3.5415949762615333,0.18327457748764192,207.64530000000008
neyman,17,90.0,180,0.2594357399502769,3.4039512097367606,0.1587799469957194,207.64530000000008
neyman,17,120.0,240,0.35368331178324297,3.3150237661600523,0.14807357486804773,207.64530000000008
predictive-variance,17,15.0,1,0.008772553934250027,4.293647444979821,0.45821043102257347,980.93275
predictive-variance,17,30.0,2,0.009164617920760065,4.235500369637305,0.4462028086968748,1916.9750000000001
predictive-variance,17,60.0,3,0.009552894916851074,4.190960767546077,0.43896635261726896,2195.9925000000003
predictive-variance,17,90.0,4,0.00994082196848467,4.155033991201829,0.4380198195179693,2475.01
predictive-variance,17,120.0,44,0.01698680070694536,3.6292257336053204,0.2151742113952188,2630.2932500000034
epistemic,17,15.0,1,0.008724203915335238,4.293647444979821,0.45821043102257347,980.93275
epistemic,17,30.0,2,0.009113822889048606,4.235500369637305,0.4462028086968748,1916.9750000000001
epistemic,17,60.0,3,0.00950012682005763,4.190960767546077,0.43896635261726896,2195.9925000000003
epistemic,17,90.0,4,0.009881821810267866,4.155033991201829,0.4380198195179693,2475.01
epistemic,17,120.0,44,0.01693994353991002,3.6292257336053204,0.2151742113952188,2630.2932500000034
thompson,17,15.0,1,0.004248504003044218,4.30392491883469,0.4623494982280352,549.0150000000001
thompson,17,30.0,2,0.008348189992830157,4.259385316743462,0.4553697077681437,1098.0300000000002
thompson,17,60.0,3,0.012375981954392046,4.217712396688866,0.4543099114917406,1350.4800000000005
thompson,17,90.0,4,0.016217092925217003,4.205269760963513,0.4495479598924987,1602.9300000000007
thompson,17,120.0,44,0.17760573216946796,3.9505874204442204,0.3677812277618125,1809.522600000002
uniform,17,15.0,3,7.742899470031261e-06,4.238243441430135,0.4467160607627139,534.5841
uniform,17,30.0,6,1.0849849786609411e-05,4.166260383287345,0.43054504329674603,961.2171000000001
uniform,17,60.0,12,1.637678360566497e-05,3.9103010469649604,0.37022452284088603,1612.3406000000002
uniform,17,90.0,18,2.0736886654049158e-05,3.7438148759156484,0.3419945716403359,2061.6546000000003
uniform,17,120.0,24,2.479384420439601e-05,3.5940780116956894,0.3020735211421412,2117.4581000000003
random,17,15.0,2,2.7631991542875767e-05,4.300863215964045,0.45831879199621794,1066.5519000000002
random,17,30.0,2,2.7631991542875767e-05,4.300863215964045,0.45831879199621794,1066.5519000000002
random,17,60.0,4,3.661896334961057e-05,4.266934417371538,0.4491159602265412,2133.1038000000003
random,17,90.0,9,5.068589234724641e-05,4.236596376703442,0.42723158978815345,3178.327110000001
random,17,120.0,21,7.662794087082148e-05,3.9925905055508566,0.3875403811967254,3668.951460000002
eig@gamma-poisson,17,15.0,30,0.025088995811529458,3.9663919456250234,0.2998353715269293,207.64530000000008
eig@gamma-poisson,17,30.0,60,0.03337888576788828,3.740556380599114,0.2182925088426745,278.1499500000001
eig@gamma-poisson,17,60.0,120,0.04891791590489447,3.571484802550204,0.18542722626027525,278.1499500000001
eig@gamma-poisson,17,90.0,180,0.06386292690876871,3.5140989727294865,0.18260649158413567,278.1499500000001
eig@gamma-poisson,17,120.0,240,0.0787604097276926,3.4778280658367193,0.18099126916263575,278.1499500000001
eig@lognormal-poisson,17,15.0,30,9.92371358803939,3.937235731688719,0.29421588080689665,207.64530000000008
eig@lognormal-poisson,17,30.0,60,10.112795485882089,3.672952103992646,0.21152627271874083,278.1499500000001
eig@lognormal-poisson,17,60.0,120,10.423518815136049,3.522957016516674,0.1702961809358888,278.1499500000001
eig@lognormal-poisson,17,90.0,180,10.708058658288792,3.484879146759887,0.16240273002991584,278.1499500000001
eig@lognormal-poisson,17,120.0,240,10.962277980579529,3.3756341343493497,0.13893547209110518,278.1499500000001
eig,18,15.0,30,0.5269994239206426,3.9462440688983484,0.2942916857848835,30.7208
eig,18,30.0,60,0.6428666770807467,3.7236211491419193,0.22071395252268222,30.7208
eig,18,60.0,120,0.8646942573250271,3.4610694229948353,0.15538047158536367,30.7208
eig,18,90.0,180,1.0740359120536596,3.447545403858142,0.13931862874171905,30.7208
eig,18,120.0,240,1.2792895024176687,3.4140414225864877,0.13744990066773627,30.7208
epig,18,15.0,30,3.442354948958382,3.9462440688983484,0.2942916857848835,30.7208
epig,18,30.0,60,4.713523018930573,3.7236211491419193,0.22071395252268222,30.7208
epig,18,60.0,120,7.111083224939648,3.46550353548198,0.15558695822869628,30.7208
epig,18,90.0,180,9.441681874741334,3.447545403858142,0.13931862874171905,30.7208
epig,18,120.0,240,11.608919107704423,3.4140414225864877,0.13744990066773627,30.7208
maxent,18,15.0,30,0.4369163019582629,4.119194707505277,0.3920515321164212,30.7208
maxent,18,30.0,60,0.533557060174644,4.121875690033424,0.39206111111662134,30.7208
maxent,18,60.0,120,0.7243332877987996,4.1196950367176095,0.3920495006783951,30.7208
maxent,18,90.0,180,0.9160559609881602,4.118549258675786,0.392043608236917,30.7208
maxent,18,120.0,240,1.1057890218216926,4.118313094768884,0.39204205886440785,30.7208
d-optimality,18,15.0,30,0.013889542722608894,3.99703916755432,0.29954017923173687,333.33702000000017
d-optimality,18,30.0,60,0.018732422846369445,3.7642447223485025,0.21804591401943427,349.5569200000002
d-optimality,18,60.0,120,0.028110231563914567,3.4660955024149795,0.16108525168994905,349.5569200000002
d-optimality,18,90.0,180,0.03850036836229265,3.4400064084059614,0.137540651076685,349.5569200000002
d-optimality,18,120.0,240,0.04900809330865741,3.416029905024702,0.1355969625592273,349.5569200000002
neyman,18,15.0,30,0.04240185604430735,3.9462440688983484,0.2942916857848835,30.7208
neyman,18,30.0,60,0.081723646086175,3.7473386220582454,0.21516159607671884,30.7208
neyman,18,60.0,120,0.16222018271218985,3.486478164990228,0.1536411974352147,30.7208
neyman,18,90.0,180,0.24569177953526378,3.3833872641540546,0.1365578371420005,30.7208
neyman,18,120.0,240,0.3314614733681083,3.2830881896691513,0.1256511312847406,30.7208
predictive-variance,18,15.0,1,0.008788614009972662,4.21693215673384,0.423868796707883,606.235
predictive-variance,18,30.0,2,0.009181880042888224,4.202142852738006,0.42330570548678603,1071.1375
predictive-variance,18,60.0,3,0.009568643989041448,4.181145017988617,0.42334987593166545,1536.04
predictive-variance,18,90.0,4,0.009952722990419716,4.141567141745634,0.4214510969223176,1536.04
predictive-variance,18,120.0,44,0.01685346197336912,3.812191014245398,0.2434023119143016,1536.04
epistemic,18,15.0,1,0.008780640026088804,4.21693215673384,0.423868796707883,606.235
epistemic,18,30.0,2,0.009170080011244863,4.202142852738006,0.42330570548678603,1071.1375
epistemic,18,60.0,3,0.009555312048178166,4.181145017988617,0.42334987593166545,1536.04
epistemic,18,90.0,4,0.009939540002960712,4.141567141745634,0.4214510969223176,1536.04
epistemic,18,120.0,44,0.01681904710130766,3.812191014245398,0.2434023119143016,1536.04
thompson,18,15.0,1,0.004075389995705336,4.234911285256676,0.42700834625735434,780.658
thompson,18,30.0,2,0.00813583203125745,4.215774213000838,0.42106351639882733,1561.316
thompson,18,60.0,3,0.012344652030151337,4.156727698576458,0.4072204272120684,2341.974
thompson,18,90.0,4,0.01636377809336409,4.148044485516301,0.4015079131525289,3122.632
thompson,18,120.0,44,0.17875896714394912,3.94968921993322,0.3292780224760751,3204.7118000000005
uniform,18,15.0,3,9.1780093498528e-06,4.180878424712609,0.4150888381976626,363.74100000000004
uniform,18,30.0,6,1.2935022823512554e-05,4.133687876940014,0.4124987857913735,727.4820000000002
uniform,18,60.0,12,1.925800461322069e-05,3.9759028862818955,0.38093764960465476,1285.7930000000001
uniform,18,90.0,18,2.3705011699348688e-05,3.796452919480497,0.3728353638467449,1552.8535000000004
uniform,18,120.0,24,2.817308995872736e-05,3.6780191728231415,0.3462945245663039,1552.8535000000004
random,18,15.0,6,3.4485128708183765e-05,4.170399675762107,0.422504820784306,600.8519799999999
random,18,30.0,9,4.484417149797082e-05,4.134094000744509,0.40757489960706816,1102.9466799999998
random,18,60.0,10,4.807114601135254e-05,4.114670509019807,0.3985142743995419,1288.9076799999998
random,18,90.0,17,6.518210284411907e-05,4.050999188611752,0.3852356336129439,2125.73218
random,18,120.0,22,7.814809214323759e-05,3.957310169088609,0.3534085576346337,2172.2224300000003
eig@gamma-poisson,18,15.0,30,0.02491000364534557,4.032032239959815,0.298279932557482,30.7208
eig@gamma-poisson,18,30.0,60,0.033125399611890316,3.781685954962415,0.21108190991684428,30.7208
eig@gamma-poisson,18,60.0,120,0.0486393086030148,3.5863427592654737,0.185460941159715,30.7208
eig@gamma-poisson,18,90.0,180,0.06357085501076654,3.4464395448975815,0.15125341704048073,30.7208
eig@gamma-poisson,18,120.0,240,0.07832663005683571,3.452769360029768,0.14397096118481914,30.7208
eig@lognormal-poisson,18,15.0,30,9.79987005784642,3.9647025284510904,0.28906910643097733,33.54745
eig@lognormal-poisson,18,30.0,60,9.986568647902459,3.7576733458500553,0.2208231151789598,33.54745
eig@lognormal-poisson,18,60.0,120,10.28847040393157,3.481022860002963,0.1629521198375806,33.54745
eig@lognormal-poisson,18,90.0,180,10.552474322961643,3.4584122636634835,0.14378568567664057,33.54745
eig@lognormal-poisson,18,120.0,240,10.791959096270148,3.4324841964972617,0.13992205824159734,33.54745
eig,19,15.0,30,0.5259596391115338,3.887380884316624,0.2189633578071319,0.25199999999998823
eig,19,30.0,60,0.6413722910219803,3.7506472747288306,0.19661608370862127,0.25199999999998823
eig,19,60.0,120,0.8617327802930959,3.511417533316148,0.14379960637470648,0.25199999999998823
eig,19,90.0,180,1.0731359158526175,3.4931324980352927,0.14845600141925125,0.25199999999998823
eig,19,120.0,240,1.2820368587854318,3.497113520383095,0.14841240201518674,0.25199999999998823
epig,19,15.0,30,3.46415059606079,3.887380884316624,0.2189633578071319,0.25199999999998823
epig,19,30.0,60,4.810598173178732,3.748220593577584,0.1940279707674863,0.25199999999998823
epig,19,60.0,120,7.269761870265938,3.511417533316148,0.14379960637470648,0.25199999999998823
epig,19,90.0,180,9.77215660532238,3.477668295010725,0.14571054628415395,0.25199999999998823
epig,19,120.0,240,12.147364290256519,3.4918731334015742,0.1480407800647893,0.25199999999998823
maxent,19,15.0,30,0.4330715049873106,4.128606661359576,0.33358859803996205,0.25199999999998823
maxent,19,30.0,60,0.526359856245108,4.1291157684568285,0.33359625262331666,0.25199999999998823
maxent,19,60.0,120,0.7127433691057377,4.128963259908796,0.3335961041498366,0.25199999999998823
maxent,19,90.0,180,0.8963203788152896,4.127539987005428,0.3335895938059666,0.25199999999998823
maxent,19,120.0,240,1.0786405606777407,4.127198097049137,0.33358784398222596,0.25199999999998823
d-optimality,19,15.0,30,0.013410619867499918,4.042041478059672,0.2656963972797177,86.99189999999999
d-optimality,19,30.0,60,0.018338916823267937,3.7547522505634725,0.1832764671973252,87.21589999999992
d-optimality,19,60.0,120,0.027662347827572376,3.540195256277434,0.14913000796145057,87.21589999999992
d-optimality,19,90.0,180,0.03862477745860815,3.5186186246458475,0.15173172412398062,87.21589999999992
d-optimality,19,120.0,240,0.04934275522828102,3.4887955593515976,0.1444657767073387,87.21589999999992
neyman,19,15.0,30,0.04167586425319314,3.887380884316624,0.2189633578071319,0.25199999999998823
neyman,19,30.0,60,0.07917068718234077,3.83794183163099,0.1974906906991923,0.25199999999998823
neyman,19,60.0,120,0.15706524008419365,3.520803553805248,0.15213601515149938,0.25199999999998823
neyman,19,90.0,180,0.2412107766722329,3.4842785303601946,0.1414799182771613,0.25199999999998823
neyman,19,120.0,240,0.33020964462775737,3.471510135757646,0.14505344718580404,0.25199999999998823
predictive-variance,19,15.0,1,0.008748268941417336,4.2566324942990175,0.36470650306819424,1.3999999999999346
predictive-variance,19,30.0,2,0.00913124595535919,4.229461525631824,0.3608810326597102,2.7999999999998693
predictive-variance,19,60.0,3,0.009512197924777865,4.177081607889066,0.3476917234922656,4.199999999999804
predictive-variance,19,90.0,4,0.009891548950690776,4.1538880598439825,0.34733813161108684,5.5999999999997385
predictive-variance,19,120.0,44,0.016447374713607132,3.812446895820525,0.21362793637153704,6.719999999999686
epistemic,19,15.0,1,0.008846773998811841,4.2566324942990175,0.36470650306819424,1.3999999999999346
epistemic,19,30.0,2,0.00923060195054859,4.229461525631824,0.3608810326597102,2.7999999999998693
epistemic,19,60.0,3,0.009611985995434225,4.177081607889066,0.3476917234922656,4.199999999999804
epistemic,19,90.0,4,0.009995554981287569,4.1538880598439825,0.34733813161108684,5.5999999999997385
epistemic,19,120.0,44,0.01653115515364334,3.812446895820525,0.21362793637153704,6.719999999999686
thompson,19,15.0,1,0.0041485269903205335,4.27306833039336,0.363862879668593,1.3999999999999346
thompson,19,30.0,2,0.008216382993850857,4.229254597893078,0.36197103406001646,2.7999999999998693
thompson,19,60.0,3,0.01244608301203698,4.2300281945180584,0.3619717945800103,4.199999999999804
thompson,19,90.0,4,0.016701299988199025,4.210590485717645,0.3601197860787878,5.5999999999997385
thompson,19,120.0,44,0.17779738281387836,4.012008270802048,0.2897348368058751,6.383999999999702
uniform,19,15.0,3,6.370071787387133e-06,4.263194141945768,0.35863191171464576,0.8399999999999608
uniform,19,30.0,6,1.0135117918252945e-05,4.1692855066909535,0.34830950625119694,1.6799999999999216
uniform,19,60.0,12,1.584819983690977e-05,4.023199040860385,0.32279505544883075,3.359999999999843
uniform,19,90.0,18,2.0036182831972837e-05,3.897234710320857,0.29389984007607944,5.039999999999765
uniform,19,120.0,24,2.4175213184207678e-05,3.8240667196891103,0.2643769888819132,6.719999999999686
random,19,15.0,4,2.811197191476822e-05,4.2137296760317415,0.3515588988322359,1.2879999999999399
random,19,30.0,5,3.171898424625397e-05,4.156871620109879,0.3464347518269483,145.13199999999995
random,19,60.0,9,4.2008934542536736e-05,4.0734596267093135,0.3430276093153112,562.2796000000001
random,19,90.0,14,5.4342788644135e-05,3.9887712787757756,0.33952850573732973,1231.1542000000002
random,19,120.0,17,6.232783198356628e-05,3.933271218343251,0.32910394082731603,1374.9982000000002
eig@gamma-poisson,19,15.0,30,0.03429832716938108,3.9670927066882675,0.2290465819129405,0.25199999999998823
eig@gamma-poisson,19,30.0,60,0.04232380003668368,3.8497009616285496,0.21159155616540254,0.25199999999998823
eig@gamma-poisson,19,60.0,120,0.05802822526311502,3.6604729139461636,0.1851528157355627,0.25199999999998823
eig@gamma-poisson,19,90.0,180,0.07279621053021401,3.621451558310232,0.18370469686842533,0.25199999999998823
eig@gamma-poisson,19,120.0,240,0.0874137892969884,3.512720122545975,0.16910376271937147,0.25199999999998823
eig@lognormal-poisson,19,15.0,30,9.856242733018007,3.9067198484664516,0.21863429214649122,0.25199999999998823
eig@lognormal-poisson,19,30.0,60,10.048964735644404,3.7591521386387647,0.1940546846605645,0.25199999999998823
eig@lognormal-poisson,19,60.0,120,10.347999024612363,3.5728812840599473,0.159057801639691,0.25199999999998823
eig@lognormal-poisson,19,90.0,180,10.625702555233147,3.526277280821382,0.15512483504983846,0.25199999999998823
eig@lognormal-poisson,19,120.0,240,10.872793358226772,3.422825171315001,0.12537521529658854,0.25199999999998823
eig,20,15.0,30,0.5239207870909013,3.982582898673774,0.2778418723277833,114.66925500000005
eig,20,30.0,60,0.6363058329443447,3.6211151970725246,0.1708665954985192,114.66925500000005
eig,20,60.0,120,0.8570510807912797,3.487355541977371,0.15616077753713928,114.66925500000005
eig,20,90.0,180,1.0675081564113498,3.4202079174215108,0.1438004149889236,114.66925500000005
eig,20,120.0,240,1.274088210600894,3.4376369100299144,0.14663321304851537,114.66925500000005
epig,20,15.0,30,3.3485614772653207,3.982582898673774,0.2778418723277833,114.66925500000005
epig,20,30.0,60,4.62510660616681,3.6211151970725246,0.1708665954985192,114.66925500000005
epig,20,60.0,120,6.946298690745607,3.487355541977371,0.15616077753713928,114.66925500000005
epig,20,90.0,180,9.342210585484281,3.4202079174215108,0.1438004149889236,114.66925500000005
epig,20,120.0,240,11.522352377418429,3.426900632721825,0.14634228002150684,114.66925500000005
maxent,20,15.0,30,0.43629218405112624,4.128460137752971,0.3496889669559658,114.66925500000005
maxent,20,30.0,60,0.5348842550301924,4.129330494825916,0.34968945352672026,114.66925500000005
maxent,20,60.0,120,0.7301949161337689,4.125750141571371,0.3496857914291793,114.66925500000005
maxent,20,90.0,180,0.9262046890798956,4.125793544502732,0.3496867368877569,114.66925500000005
maxent,20,120.0,240,1.1178860139334574,4.125845539719588,0.34968593668191766,114.66925500000005
d-optimality,20,15.0,30,0.013524242211133242,3.9083760141060746,0.2660595577983492,595.4987650000002
d-optimality,20,30.0,60,0.018450362142175436,3.8243974899199356,0.21214532271664824,693.1522650000002
d-optimality,20,60.0,120,0.027775572787504643,3.5095548897865627,0.15276009364142865,693.1522650000002
d-optimality,20,90.0,180,0.03751722612651065,3.4325877882779086,0.1429229935044283,693.1522650000002
d-optimality,20,120.0,240,0.04862454184331,3.4514099610790345,0.14835818739364506,693.1522650000002
neyman,20,15.0,30,0.041839114448521286,3.982582898673774,0.2778418723277833,114.66925500000005
neyman,20,30.0,60,0.08009619661606848,3.8251553654652537,0.21159222810793718,114.66925500000005
neyman,20,60.0,120,0.15954354451969266,3.464810670340055,0.15088273248844322,114.66925500000005
neyman,20,90.0,180,0.2403008773108013,3.3920215305267987,0.13577505442502724,114.66925500000005
neyman,20,120.0,240,0.3208572280709632,3.4163806716024703,0.14581599919495658,114.66925500000005
predictive-variance,20,15.0,1,0.00870806397870183,4.183397899995768,0.38274023735676543,850.7877500000001
predictive-variance,20,30.0,2,0.009093947010114789,4.15604394999144,0.38011699978077024,1857.1827500000004
predictive-variance,20,60.0,3,0.009474310034420341,4.098242385656054,0.364453449515033,2546.0327500000003
predictive-variance,20,90.0,4,0.00985614606179297,4.074272600254585,0.36424173293559675,3234.8827500000007
predictive-variance,20,120.0,44,0.016988361719995737,3.7764946137795548,0.20331586541445487,3284.85435
epistemic,20,15.0,1,0.008749019994866103,4.183397899995768,0.38274023735676543,850.7877500000001
epistemic,20,30.0,2,0.009136134991422296,4.15604394999144,0.38011699978077024,1857.1827500000004
epistemic,20,60.0,3,0.009519392973743379,4.098242385656054,0.364453449515033,2546.0327500000003
epistemic,20,90.0,4,0.009902390942443162,4.074272600254585,0.36424173293559675,3234.8827500000007
epistemic,20,120.0,44,0.016751399321947247,3.7764946137795548,0.20331586541445487,3284.85435
thompson,20,15.0,1,0.004126656043808907,4.177333268572543,0.38084744450780333,997.3845000000001
thompson,20,30.0,2,0.008201035088859499,4.153961462361112,0.3700821940611964,1994.7690000000002
thompson,20,60.0,3,0.012449930072762072,4.126607512356784,0.36736858138873285,2992.1535000000003
thompson,20,90.0,4,0.01637764403130859,4.08033429794169,0.3658216193106164,3706.8810000000003
thompson,20,120.0,44,0.17601996508892626,4.0277037714092465,0.32937581591501136,3760.814
uniform,20,15.0,3,7.673981599509716e-06,4.132221359432044,0.3785934839688481,510.47265000000004
uniform,20,30.0,6,1.1139956768602133e-05,4.1082561400631645,0.377675091846794,1052.0667500000002
uniform,20,60.0,12,1.7158861737698317e-05,3.907381772635864,0.33807737906222596,1646.7057500000003
uniform,20,90.0,18,2.182688331231475e-05,3.824847563498592,0.2969962530709463,2118.7377500000002
uniform,20,120.0,24,2.6145949959754944e-05,3.687929726361037,0.27901182318266576,2628.317750000001
random,20,15.0,6,4.4241955038160086e-05,4.126508476556986,0.36786546312117463,957.48912
random,20,30.0,9,5.490094190463424e-05,4.087871870007157,0.36473159115011156,1196.8614
random,20,60.0,12,6.382795982062817e-05,4.041616589224311,0.3473321741039335,2613.14739
random,20,90.0,16,7.509882561862469e-05,4.015396712901769,0.34489396077160683,3804.841090000001
random,20,120.0,20,8.534785592928529e-05,3.9357558495956595,0.3231442718903223,4063.7194900000004
eig@gamma-poisson,20,15.0,30,0.024748763826210052,4.042702699620769,0.28590965734699136,114.66925500000005
eig@gamma-poisson,20,30.0,60,0.03283895051572472,3.7344349597614896,0.1865494218305775,114.66925500000005
eig@gamma-poisson,20,60.0,120,0.048161205544602126,3.552003595080086,0.15323491440958265,114.66925500000005
eig@gamma-poisson,20,90.0,180,0.0628726696013473,3.4816576106635146,0.15716055129928497,114.66925500000005
eig@gamma-poisson,20,120.0,240,0.07737714285030961,3.5031889051574048,0.16818579662252114,114.66925500000005
eig@lognormal-poisson,20,15.0,30,9.902511272986885,4.014012884703052,0.27766662501011896,114.66925500000005
eig@lognormal-poisson,20,30.0,60,10.087791827274486,3.829074380438525,0.2111291976438229,114.66925500000005
eig@lognormal-poisson,20,60.0,120,10.383853311068378,3.491500877061442,0.14640652957853964,114.66925500000005
eig@lognormal-poisson,20,90.0,180,10.651610742614139,3.414776322862826,0.13957838061806033,114.66925500000005
eig@lognormal-poisson,20,120.0,240,10.89141308463877,3.461918096376991,0.14920510835239362,114.66925500000005
eig,21,15.0,30,0.5279240778181702,3.7823008459793037,0.2416879066496766,40.90100000000004
eig,21,30.0,60,0.6413428818923421,3.578284113979836,0.19789853576997718,84.72350000000017
eig,21,60.0,120,0.8631767711485736,3.362917771964477,0.1370862527242361,130.0067500000003
eig,21,90.0,180,1.0768490608897991,3.350861649794192,0.13577505145737448,130.0067500000003
eig,21,120.0,240,1.2876068965997547,3.3408051057393653,0.13034010313048047,130.0067500000003
epig,21,15.0,30,3.456636491813697,3.7823008459793037,0.2416879066496766,40.90100000000004
epig,21,30.0,60,4.718901437823661,3.578284113979836,0.19789853576997718,77.41975000000015
epig,21,60.0,120,6.957123423577286,3.3651278144678987,0.13729631430502512,127.0852500000003
epig,21,90.0,180,9.398294937971514,3.350861649794192,0.13577505145737448,127.0852500000003
epig,21,120.0,240,11.63527134078322,3.3408051057393653,0.13034010313048047,127.0852500000003
maxent,21,15.0,30,0.4321296737762168,3.896057103179428,0.3430921855427472,24.832750000000015
maxent,21,30.0,60,0.530601556703914,3.9011508519322624,0.34311484774626605,24.832750000000015
maxent,21,60.0,120,0.723541570478119,3.8960309836138456,0.3430993832743233,24.832750000000015
maxent,21,90.0,180,0.9165720082819462,3.895237449123261,0.34309805180409136,24.832750000000015
maxent,21,120.0,240,1.1103266804129817,3.8950325323996053,0.3430985812511886,24.832750000000015
d-optimality,21,15.0,30,0.013336318195797503,3.9183592879493183,0.2712178151751058,0.0
d-optimality,21,30.0,60,0.018160808191169053,3.619699749118002,0.19137663917474634,42.36175000000004
d-optimality,21,60.0,120,0.027797509916126728,3.3640277758579082,0.13621029736575455,92.0272500000002
d-optimality,21,90.0,180,0.037758725869935006,3.3530201183388875,0.13590320535087014,92.0272500000002
d-optimality,21,120.0,240,0.04868398851249367,3.349171651160345,0.13262744086700098,92.0272500000002
neyman,21,15.0,30,0.04192591493483633,3.7823008459793037,0.2416879066496766,40.90100000000004
neyman,21,30.0,60,0.07958639581920579,3.559144477675274,0.19162937605508434,77.41975000000015
neyman,21,60.0,120,0.1592056256486103,3.4073224301507365,0.150594406902322,77.41975000000015
neyman,21,90.0,180,0.23936156620038673,3.334908232882967,0.12977047175944528,77.41975000000015
neyman,21,120.0,240,0.31899862439604476,3.299324442253566,0.13035953896145624,77.41975000000015
predictive-variance,21,15.0,1,0.008799835981335491,4.091059903376,0.3806878015119727,0.0
predictive-variance,21,30.0,2,0.009190245997160673,4.06783843291214,0.3799174200611492,0.0
predictive-variance,21,60.0,3,0.009572751994710416,4.016465422806935,0.3772881198455253,73.03750000000005
predictive-variance,21,90.0,4,0.009953555942047387,3.974095848636639,0.3746341101227536,143.3250000000001
predictive-variance,21,120.0,44,0.01644178491551429,3.5699505302326777,0.20829071921453257,199.55500000000058
epistemic,21,15.0,1,0.008747528016101569,4.091059903376,0.3806878015119727,0.0
epistemic,21,30.0,2,0.009133100975304842,4.06783843291214,0.3799174200611492,0.0
epistemic,21,60.0,3,0.009516208956483752,4.016465422806935,0.3772881198455253,73.03750000000005
epistemic,21,90.0,4,0.009898223914206028,3.974095848636639,0.3746341101227536,143.3250000000001
epistemic,21,120.0,44,0.01634794590063393,3.5699505302326777,0.20829071921453257,199.55500000000058
thompson,21,15.0,1,0.0040766430320218205,4.125214215118817,0.3830688762804564,0.0
thompson,21,30.0,2,0.008264824049547315,4.107482824924786,0.37801632623903964,0.0
thompson,21,60.0,3,0.012149548041634262,4.052114709620479,0.37484175079976567,0.0
thompson,21,90.0,4,0.016236901108641177,4.009380657789172,0.3658975715417766,0.0
thompson,21,120.0,44,0.17615782644134015,3.76105128216856,0.2925739504292947,4.382250000000003
uniform,21,15.0,3,8.12596408650279e-06,4.076211257091397,0.36310768929908677,0.0
uniform,21,30.0,6,1.2402946595102549e-05,4.03427437013216,0.36071452640798013,0.0
uniform,21,60.0,12,1.844298094511032e-05,3.956166897941664,0.3235383476122883,0.0
uniform,21,90.0,18,2.2797787096351385e-05,3.8543570372190583,0.3036843192488094,0.0
uniform,21,120.0,24,2.698675962164998e-05,3.711124899215516,0.2470290649763197,0.0
random,21,15.0,4,2.8214009944349527e-05,4.073901280445316,0.35639771076431254,105.95445000000004
random,21,30.0,6,3.499601734802127e-05,4.046057511657659,0.3526016104928093,105.95445000000004
random,21,60.0,14,5.497405072674155e-05,3.9616567130162754,0.32082976945210423,105.95445000000004
random,21,90.0,18,6.555410800501704e-05,3.872297400011084,0.3102142918272522,190.2994500000001
random,21,120.0,27,8.549302583560348e-05,3.8199275712316507,0.2992387047197235,231.06620000000015
eig@gamma-poisson,21,15.0,30,0.02470494306180626,3.8700836465445234,0.25545676218597146,40.90100000000004
eig@gamma-poisson,21,30.0,60,0.032825353962834924,3.6333645009488627,0.2036903619395074,84.72350000000017
eig@gamma-poisson,21,60.0,120,0.048144144006073475,3.4531602906083543,0.15513683729338912,125.6245000000003
eig@gamma-poisson,21,90.0,180,0.06291258515557274,3.4104206880831645,0.141788189522387,125.6245000000003
eig@gamma-poisson,21,120.0,240,0.07754315517377108,3.3722149203210496,0.13542654696233516,125.6245000000003
eig@lognormal-poisson,21,15.0,30,9.870837660040706,3.7999469065780827,0.24273191857150767,40.90100000000004
eig@lognormal-poisson,21,30.0,60,10.06689863500651,3.602674476116725,0.20198784447677,84.72350000000017
eig@lognormal-poisson,21,60.0,120,10.36723957117647,3.3821004286253893,0.14181855965072596,124.16375000000029
eig@lognormal-poisson,21,90.0,180,10.642042032035533,3.3540946638978997,0.1319385865615528,124.16375000000029
eig@lognormal-poisson,21,120.0,240,10.89672522386536,3.334727105457796,0.12730915127825393,124.16375000000029
eig,22,15.0,30,0.531239501258824,3.8327533788736754,0.30565318062792973,85.46740000000003
eig,22,30.0,60,0.6468036563019268,3.6025450212041044,0.23506238213145314,196.04440000000014
eig,22,60.0,120,0.871572075993754,3.378597758835696,0.16295828388328665,317.67910000000023
eig,22,90.0,180,1.0776352641405538,3.2952476486198576,0.13740601751417572,317.67910000000023
eig,22,120.0,240,1.2865465162321925,3.2659227604441523,0.13081498845875725,317.67910000000023
epig,22,15.0,30,3.4144592428347096,3.8327533788736754,0.30565318062792973,85.46740000000003
epig,22,30.0,60,4.687381090712734,3.6025450212041044,0.23506238213145314,196.04440000000014
epig,22,60.0,120,7.071283741737716,3.378597758835696,0.16295828388328665,302.9355000000002
epig,22,90.0,180,9.244811663753353,3.2988409010962862,0.13981089936658372,302.9355000000002
epig,22,120.0,240,11.388942008605227,3.284646891305458,0.1315567060024641,302.9355000000002
maxent,22,15.0,30,0.43731791677419096,3.980404691046074,0.41401645193850034,78.09560000000002
maxent,22,30.0,60,0.5338572928449139,3.980449063204908,0.4140211021577601,78.09560000000002
maxent,22,60.0,120,0.7248909960617311,3.9782504492985886,0.4140153644428693,78.09560000000002
maxent,22,90.0,180,0.9171207299805246,3.9790088663991128,0.4140180385892368,78.09560000000002
maxent,22,120.0,240,1.1096417810185812,3.9794954880993267,0.4140196141694532,78.09560000000002
d-optimality,22,15.0,30,0.013698665890842676,3.9349243124340334,0.357232158935254,282.3852
d-optimality,22,30.0,60,0.01861852704314515,3.656255047198902,0.24486605886555723,392.9622000000001
d-optimality,22,60.0,120,0.028473870595917106,3.372562551285508,0.159732783294897,496.1674000000002
d-optimality,22,90.0,180,0.038615784724242985,3.299148975573074,0.13861744744562393,529.3405
d-optimality,22,120.0,240,0.04848457925254479,3.255284208734166,0.12988314580753005,529.3405
neyman,22,15.0,30,0.042122487153392285,3.8327533788736754,0.30565318062792973,85.46740000000003
neyman,22,30.0,60,0.08091546135256067,3.646808313867601,0.2454521728577314,177.61490000000012
neyman,22,60.0,120,0.16165056236786768,3.403715345048029,0.17502888517605952,177.61490000000012
neyman,22,90.0,180,0.243336534476839,3.3168383319842305,0.1507365878371424,177.61490000000012
neyman,22,120.0,240,0.3242305495659821,3.3016835475630146,0.1351833702435308,177.61490000000012
predictive-variance,22,15.0,1,0.008800545998383313,4.180879267270166,0.47467760484483124,661.5400000000001
predictive-variance,22,30.0,2,0.009190066019073129,4.15347511588739,0.4745413494199955,1066.9450000000002
predictive-variance,22,60.0,3,0.009571631031576544,4.115914069343962,0.46923302493563984,1472.3500000000001
predictive-variance,22,90.0,4,0.009951612039003521,4.016932374294197,0.4365242093526898,1877.755
predictive-variance,22,120.0,44,0.016535675211343914,3.5953035549015735,0.24219978440402284,1973.583999999999
epistemic,22,15.0,1,0.008757256029639393,4.180879267270166,0.47467760484483124,661.5400000000001
epistemic,22,30.0,2,0.009143919043708593,4.15347511588739,0.4745413494199955,1066.9450000000002
epistemic,22,60.0,3,0.009525604080408812,4.115914069343962,0.46923302493563984,1472.3500000000001
epistemic,22,90.0,4,0.009905274084303528,4.016932374294197,0.4365242093526898,1877.755
epistemic,22,120.0,44,0.016456688928883523,3.5953035549015735,0.24219978440402284,1973.583999999999
thompson,22,15.0,1,0.004275585990399122,4.186025646902579,0.4718630427961232,661.5400000000001
thompson,22,30.0,2,0.008328203985001892,4.162810486884339,0.4619046074429167,1323.0800000000002
thompson,22,60.0,3,0.012251999927684665,4.121594987993475,0.4559785335288389,1984.6200000000003
thompson,22,90.0,4,0.01639522792538628,4.10498969303094,0.45212566383196173,2646.1600000000003
thompson,22,120.0,44,0.17800418549450114,3.7719692436729573,0.33673760468073005,2813.98405
uniform,22,15.0,3,1.1260970495641232e-05,4.142652510387464,0.4609461626133228,243.243
uniform,22,30.0,6,1.74029846675694e-05,4.101243037233602,0.4505039667688221,486.48600000000005
uniform,22,60.0,12,2.327311085537076e-05,3.9944102127631833,0.42580194781504965,972.9720000000001
uniform,22,90.0,18,2.7531117666512728e-05,3.844742304178594,0.34632221404738184,1459.4579999999996
uniform,22,120.0,24,3.1306000892072916e-05,3.7460649770706627,0.3169185599138623,1945.943999999999
random,22,15.0,5,3.2652984373271465e-05,4.072775830684851,0.4440026166018021,396.9240000000001
random,22,30.0,7,4.155997885391116e-05,4.002109334372321,0.42096775828068095,1084.9256
random,22,60.0,12,5.4502044804394245e-05,3.9406730828307475,0.400784128663805,1640.6192
random,22,90.0,17,6.685405969619751e-05,3.8864149550891995,0.3840579661061349,2460.9288
random,22,120.0,27,8.944811997935176e-05,3.6866789827907467,0.3119842350473916,2898.7662
eig@gamma-poisson,22,15.0,30,0.024798929982353002,3.92697589170726,0.31293403787746515,85.46740000000003
eig@gamma-poisson,22,30.0,60,0.032923654187470675,3.674208117002768,0.2363206113496299,192.35850000000013
eig@gamma-poisson,22,60.0,120,0.048225671343971044,3.442573147706875,0.16782192122953,295.5637000000002
eig@gamma-poisson,22,90.0,180,0.06299985235091299,3.3394272950332407,0.14297789739013209,295.5637000000002
eig@gamma-poisson,22,120.0,240,0.07761575665790588,3.2886746641513604,0.1313902401553526,295.5637000000002
eig@lognormal-poisson,22,15.0,30,9.664317625924014,3.8923395863440278,0.3061029284380788,85.46740000000003
eig@lognormal-poisson,22,30.0,60,9.859798813820817,3.6961757165847096,0.2518290652349151,196.04440000000014
eig@lognormal-poisson,22,60.0,120,10.15749110665638,3.4361803701673836,0.17803554808433578,266.0765000000002
eig@lognormal-poisson,22,90.0,180,10.411371235561091,3.3509180632565383,0.15010232751185035,266.0765000000002
eig@lognormal-poisson,22,120.0,240,10.643715215439443,3.288806097256375,0.13726812109352834,266.0765000000002
eig,23,15.0,30,0.5248068400542252,3.7195001987400165,0.28346633946740507,116.23620000000007
eig,23,30.0,60,0.638295202923473,3.5040222273941715,0.2062389266660469,161.1096
eig,23,60.0,120,0.8651081719435751,3.27322190978011,0.1409656099826223,178.36859999999996
eig,23,90.0,180,1.0727075783070177,3.242356087971873,0.13742172267634667,385.47659999999945
eig,23,120.0,240,1.2799623342580162,3.2253104311640715,0.1236503177891089,589.1328000000002
epig,23,15.0,30,3.4137785372440703,3.7195001987400165,0.28346633946740507,116.23620000000007
epig,23,30.0,60,4.68558932619635,3.5040222273941715,0.2062389266660469,171.46499999999997
epig,23,60.0,120,7.042216750851367,3.27322190978011,0.1409656099826223,181.82039999999995
epig,23,90.0,180,9.288968386186752,3.242356087971873,0.13742172267634667,388.92839999999944
epig,23,120.0,240,11.422476236242801,3.2309753456334285,0.12727367857997426,596.0364000000003
maxent,23,15.0,30,0.4339806151110679,3.832169198613105,0.3934041266149157,78.2664
maxent,23,30.0,60,0.5265654959366657,3.8319826240200263,0.3934046418194957,78.2664
maxent,23,60.0,120,0.7064082708093338,3.82899004240889,0.39338255922768267,78.2664
maxent,23,90.0,180,0.8845962965860963,3.8291301975162177,0.3933818466881851,78.2664
maxent,23,120.0,240,1.065615518251434,3.8290755311749307,0.3933832041479513,78.2664
d-optimality,23,15.0,30,0.013696013891603798,3.7282358199410637,0.26842775040653494,175.62614999999994
d-optimality,23,30.0,60,0.018624658812768757,3.5627434427395657,0.20826994211693642,275.9414499999997
d-optimality,23,60.0,120,0.027745203755330294,3.2700057617200886,0.1366358459380044,279.3932499999997
d-optimality,23,90.0,180,0.03820895298849791,3.2357943778510943,0.13417847498296148,458.88684999999924
d-optimality,23,120.0,240,0.04828823893330991,3.2335638578675883,0.12620117269879447,662.5430500000012
neyman,23,15.0,30,0.04195101372897625,3.7195001987400165,0.28346633946740507,116.23620000000007
neyman,23,30.0,60,0.08032181940507144,3.5406542102173586,0.2062402613174512,147.30240000000003
neyman,23,60.0,120,0.15910870995139703,3.3306916454392,0.15236765809999117,312.9887999999996
neyman,23,90.0,180,0.2402822076692246,3.2315784821384135,0.1380267589789245,388.92839999999944
neyman,23,120.0,240,0.32403748051729053,3.182298616036668,0.1288543057481433,388.92839999999944
predictive-variance,23,15.0,1,0.0088025409495458,4.007883643322449,0.42337856826915776,278.2749999999999
predictive-variance,23,30.0,2,0.009186309936922044,3.9459521292841013,0.4094098235675714,556.5499999999998
predictive-variance,23,60.0,3,0.00956911692628637,3.916768697894046,0.40680616538986647,834.8249999999998
predictive-variance,23,90.0,4,0.009950320876669139,3.894127267975629,0.4068035453981823,1113.0999999999997
predictive-variance,23,120.0,44,0.01668496784986928,3.498406142930446,0.21116859495251458,1241.5922000000012
epistemic,23,15.0,1,0.00883101305225864,4.007883643322449,0.42337856826915776,278.2749999999999
epistemic,23,30.0,2,0.009220322070177644,3.9459521292841013,0.4094098235675714,556.5499999999998
epistemic,23,60.0,3,0.00960351905087009,3.916768697894046,0.40680616538986647,834.8249999999998
epistemic,23,90.0,4,0.009984373056795448,3.894127267975629,0.4068035453981823,1113.0999999999997
epistemic,23,120.0,44,0.01673806377220899,3.498406142930446,0.21116859495251458,1241.5922000000012
thompson,23,15.0,1,0.004246541007887572,4.002192396183318,0.4233669322629607,278.2749999999999
thompson,23,30.0,2,0.008240028051659465,3.9751421371525395,0.42100595894982384,556.5499999999998
thompson,23,60.0,3,0.012313504004850984,3.947460420850574,0.4209906644241213,834.8249999999998
thompson,23,90.0,4,0.01629434694768861,3.898890857509651,0.40842618714938717,1113.0999999999997
thompson,23,120.0,44,0.175133514625486,3.61198448654167,0.3082302970574259,1146.2799
uniform,23,15.0,3,6.002024747431278e-06,3.970239887245699,0.420179044315175,166.96499999999997
uniform,23,30.0,6,9.506999049335718e-06,3.887746801232369,0.40261100450560267,333.9299999999999
uniform,23,60.0,12,1.4966877643018961e-05,3.814759709948293,0.3555634586520575,667.8599999999998
uniform,23,90.0,18,1.937279012054205e-05,3.6704223435115324,0.2976778746391057,1001.7899999999996
uniform,23,120.0,24,2.3388827685266733e-05,3.567126083427342,0.2729255009776414,1239.0999999999997
random,23,15.0,3,2.7301080990582705e-05,3.96227401458067,0.4210992993230125,170.63749999999996
random,23,30.0,8,3.981700865551829e-05,3.7971195047122754,0.38890655167291044,394.2875
random,23,60.0,9,4.306394839659333e-05,3.755939743231593,0.3883051623114239,551.7875
random,23,90.0,12,5.106901517137885e-05,3.746544538586957,0.38763908103679107,734.4311
random,23,120.0,22,8.31579091027379e-05,3.6850474108922726,0.36175510105330916,841.4369000000004
eig@gamma-poisson,23,15.0,30,0.024759374791756272,3.782793956112947,0.28805155325473186,116.23620000000007
eig@gamma-poisson,23,30.0,60,0.03290847974130884,3.5541755288353456,0.20468280095801622,150.75420000000003
eig@gamma-poisson,23,60.0,120,0.0482305649202317,3.3659215082830567,0.14155064033702364,154.20600000000002
eig@gamma-poisson,23,90.0,180,0.06302214472088963,3.300829251479545,0.13965954052609175,299.18159999999966
eig@gamma-poisson,23,120.0,240,0.07761868776287884,3.2883919057306947,0.14677980960389753,502.83779999999916
eig@lognormal-poisson,23,15.0,30,9.864943152817432,3.740088722493006,0.28088104424086735,116.23620000000007
eig@lognormal-poisson,23,30.0,60,10.043975079548545,3.516398523994697,0.20756933464246285,150.75420000000003
eig@lognormal-poisson,23,60.0,120,10.337492925522383,3.3107128175741196,0.13981461659400163,174.91679999999997
eig@lognormal-poisson,23,90.0,180,10.597802216128912,3.2451625592369733,0.12854096315212507,382.02479999999946
eig@lognormal-poisson,23,120.0,240,10.832734021125361,3.2507144592675465,0.1280556848017756,585.6810000000002
