policy,env,block,grade_true,volume_allocated
eig,0,0,0.7229733006236139,25.0
eig,0,1,0.07863729638550693,9.0
eig,0,2,1.9752137622100945,31.0
eig,0,3,0.1337629825382978,16.0
eig,0,4,0.03220558901383833,6.0
eig,0,5,0.16751606561218754,23.0
eig,0,6,0.017263973459326534,2.0
eig,0,7,0.3544474935558451,28.0
eig,0,8,1.0301808666299073,28.0
eig,0,9,2.236929144052396,31.0
eig,0,10,0.3218129271352258,15.0
eig,0,11,0.7474163509131219,26.0
epig,0,0,0.7229733006236139,18.0
epig,0,1,0.07863729638550693,9.0
epig,0,2,1.9752137622100945,31.0
epig,0,3,0.1337629825382978,16.0
epig,0,4,0.03220558901383833,6.0
epig,0,5,0.16751606561218754,24.0
epig,0,6,0.017263973459326534,6.0
epig,0,7,0.3544474935558451,27.0
epig,0,8,1.0301808666299073,28.0
epig,0,9,2.236929144052396,32.0
epig,0,10,0.3218129271352258,15.0
epig,0,11,0.7474163509131219,28.0
maxent,0,0,0.7229733006236139,0.0
maxent,0,1,0.07863729638550693,0.0
maxent,0,2,1.9752137622100945,1.0
maxent,0,3,0.1337629825382978,0.0
maxent,0,4,0.03220558901383833,0.0
maxent,0,5,0.16751606561218754,0.0
maxent,0,6,0.017263973459326534,0.0
maxent,0,7,0.3544474935558451,0.0
maxent,0,8,1.0301808666299073,0.0
maxent,0,9,2.236929144052396,239.0
maxent,0,10,0.3218129271352258,0.0
maxent,0,11,0.7474163509131219,0.0
d-optimality,0,0,0.7229733006236139,24.0
d-optimality,0,1,0.07863729638550693,12.0
d-optimality,0,2,1.9752137622100945,28.0
d-optimality,0,3,0.1337629825382978,16.0
d-optimality,0,4,0.03220558901383833,10.0
d-optimality,0,5,0.16751606561218754,23.0
d-optimality,0,6,0.017263973459326534,7.0
d-optimality,0,7,0.3544474935558451,26.0
d-optimality,0,8,1.0301808666299073,27.0
d-optimality,0,9,2.236929144052396,28.0
d-optimality,0,10,0.3218129271352258,15.0
d-optimality,0,11,0.7474163509131219,24.0
neyman,0,0,0.7229733006236139,13.0
neyman,0,1,0.07863729638550693,6.0
neyman,0,2,1.9752137622100945,48.0
neyman,0,3,0.1337629825382978,14.0
neyman,0,4,0.03220558901383833,5.0
neyman,0,5,0.16751606561218754,18.0
neyman,0,6,0.017263973459326534,7.0
neyman,0,7,0.3544474935558451,19.0
neyman,0,8,1.0301808666299073,28.0
neyman,0,9,2.236929144052396,40.0
neyman,0,10,0.3218129271352258,14.0
neyman,0,11,0.7474163509131219,28.0
predictive-variance,0,0,0.7229733006236139,40.0
predictive-variance,0,1,0.07863729638550693,0.0
predictive-variance,0,2,1.9752137622100945,40.0
predictive-variance,0,3,0.1337629825382978,40.0
predictive-variance,0,4,0.03220558901383833,0.0
predictive-variance,0,5,0.16751606561218754,40.0
predictive-variance,0,6,0.017263973459326534,0.0
predictive-variance,0,7,0.3544474935558451,0.0
predictive-variance,0,8,1.0301808666299073,40.0
predictive-variance,0,9,2.236929144052396,40.0
predictive-variance,0,10,0.3218129271352258,0.0
predictive-variance,0,11,0.7474163509131219,0.0
epistemic,0,0,0.7229733006236139,40.0
epistemic,0,1,0.07863729638550693,0.0
epistemic,0,2,1.9752137622100945,40.0
epistemic,0,3,0.1337629825382978,40.0
epistemic,0,4,0.03220558901383833,0.0
epistemic,0,5,0.16751606561218754,40.0
epistemic,0,6,0.017263973459326534,0.0
epistemic,0,7,0.3544474935558451,0.0
epistemic,0,8,1.0301808666299073,40.0
epistemic,0,9,2.236929144052396,40.0
epistemic,0,10,0.3218129271352258,0.0
epistemic,0,11,0.7474163509131219,0.0
thompson,0,0,0.7229733006236139,40.0
thompson,0,1,0.07863729638550693,0.0
thompson,0,2,1.9752137622100945,120.0
thompson,0,3,0.1337629825382978,0.0
thompson,0,4,0.03220558901383833,0.0
thompson,0,5,0.16751606561218754,0.0
thompson,0,6,0.017263973459326534,0.0
thompson,0,7,0.3544474935558451,0.0
thompson,0,8,1.0301808666299073,0.0
thompson,0,9,2.236929144052396,80.0
thompson,0,10,0.3218129271352258,0.0
thompson,0,11,0.7474163509131219,0.0
uniform,0,0,0.7229733006236139,20.0
uniform,0,1,0.07863729638550693,20.0
uniform,0,2,1.9752137622100945,20.0
uniform,0,3,0.1337629825382978,20.0
uniform,0,4,0.03220558901383833,20.0
uniform,0,5,0.16751606561218754,20.0
uniform,0,6,0.017263973459326534,20.0
uniform,0,7,0.3544474935558451,20.0
uniform,0,8,1.0301808666299073,20.0
uniform,0,9,2.236929144052396,20.0
uniform,0,10,0.3218129271352258,20.0
uniform,0,11,0.7474163509131219,20.0
random,0,0,0.7229733006236139,10.0
random,0,1,0.07863729638550693,2.5
random,0,2,1.9752137622100945,12.0
random,0,3,0.1337629825382978,10.0
random,0,4,0.03220558901383833,20.0
random,0,5,0.16751606561218754,50.0
random,0,6,0.017263973459326534,80.0
random,0,7,0.3544474935558451,0.0
random,0,8,1.0301808666299073,30.0
random,0,9,2.236929144052396,20.0
random,0,10,0.3218129271352258,5.0
random,0,11,0.7474163509131219,0.0
eig@gamma-poisson,0,0,0.7229733006236139,24.0
eig@gamma-poisson,0,1,0.07863729638550693,15.0
eig@gamma-poisson,0,2,1.9752137622100945,26.0
eig@gamma-poisson,0,3,0.1337629825382978,23.0
eig@gamma-poisson,0,4,0.03220558901383833,10.0
eig@gamma-poisson,0,5,0.16751606561218754,25.0
eig@gamma-poisson,0,6,0.017263973459326534,5.0
eig@gamma-poisson,0,7,0.3544474935558451,23.0
eig@gamma-poisson,0,8,1.0301808666299073,24.0
eig@gamma-poisson,0,9,2.236929144052396,26.0
eig@gamma-poisson,0,10,0.3218129271352258,21.0
eig@gamma-poisson,0,11,0.7474163509131219,18.0
maxent@gamma-poisson,0,0,0.7229733006236139,0.0
maxent@gamma-poisson,0,1,0.07863729638550693,0.0
maxent@gamma-poisson,0,2,1.9752137622100945,0.0
maxent@gamma-poisson,0,3,0.1337629825382978,0.0
maxent@gamma-poisson,0,4,0.03220558901383833,0.0
maxent@gamma-poisson,0,5,0.16751606561218754,0.0
maxent@gamma-poisson,0,6,0.017263973459326534,0.0
maxent@gamma-poisson,0,7,0.3544474935558451,0.0
maxent@gamma-poisson,0,8,1.0301808666299073,0.0
maxent@gamma-poisson,0,9,2.236929144052396,240.0
maxent@gamma-poisson,0,10,0.3218129271352258,0.0
maxent@gamma-poisson,0,11,0.7474163509131219,0.0
d-optimality@gamma-poisson,0,0,0.7229733006236139,22.0
d-optimality@gamma-poisson,0,1,0.07863729638550693,20.0
d-optimality@gamma-poisson,0,2,1.9752137622100945,24.0
d-optimality@gamma-poisson,0,3,0.1337629825382978,23.0
d-optimality@gamma-poisson,0,4,0.03220558901383833,14.0
d-optimality@gamma-poisson,0,5,0.16751606561218754,24.0
d-optimality@gamma-poisson,0,6,0.017263973459326534,9.0
d-optimality@gamma-poisson,0,7,0.3544474935558451,21.0
d-optimality@gamma-poisson,0,8,1.0301808666299073,22.0
d-optimality@gamma-poisson,0,9,2.236929144052396,24.0
d-optimality@gamma-poisson,0,10,0.3218129271352258,20.0
d-optimality@gamma-poisson,0,11,0.7474163509131219,17.0
neyman@gamma-poisson,0,0,0.7229733006236139,12.0
neyman@gamma-poisson,0,1,0.07863729638550693,6.0
neyman@gamma-poisson,0,2,1.9752137622100945,49.0
neyman@gamma-poisson,0,3,0.1337629825382978,13.0
neyman@gamma-poisson,0,4,0.03220558901383833,5.0
neyman@gamma-poisson,0,5,0.16751606561218754,18.0
neyman@gamma-poisson,0,6,0.017263973459326534,7.0
neyman@gamma-poisson,0,7,0.3544474935558451,19.0
neyman@gamma-poisson,0,8,1.0301808666299073,28.0
neyman@gamma-poisson,0,9,2.236929144052396,41.0
neyman@gamma-poisson,0,10,0.3218129271352258,14.0
neyman@gamma-poisson,0,11,0.7474163509131219,28.0
predictive-variance@gamma-poisson,0,0,0.7229733006236139,40.0
predictive-variance@gamma-poisson,0,1,0.07863729638550693,0.0
predictive-variance@gamma-poisson,0,2,1.9752137622100945,40.0
predictive-variance@gamma-poisson,0,3,0.1337629825382978,40.0
predictive-variance@gamma-poisson,0,4,0.03220558901383833,0.0
predictive-variance@gamma-poisson,0,5,0.16751606561218754,40.0
predictive-variance@gamma-poisson,0,6,0.017263973459326534,0.0
predictive-variance@gamma-poisson,0,7,0.3544474935558451,0.0
predictive-variance@gamma-poisson,0,8,1.0301808666299073,40.0
predictive-variance@gamma-poisson,0,9,2.236929144052396,40.0
predictive-variance@gamma-poisson,0,10,0.3218129271352258,0.0
predictive-variance@gamma-poisson,0,11,0.7474163509131219,0.0
epistemic@gamma-poisson,0,0,0.7229733006236139,40.0
epistemic@gamma-poisson,0,1,0.07863729638550693,0.0
epistemic@gamma-poisson,0,2,1.9752137622100945,40.0
epistemic@gamma-poisson,0,3,0.1337629825382978,40.0
epistemic@gamma-poisson,0,4,0.03220558901383833,0.0
epistemic@gamma-poisson,0,5,0.16751606561218754,40.0
epistemic@gamma-poisson,0,6,0.017263973459326534,0.0
epistemic@gamma-poisson,0,7,0.3544474935558451,0.0
epistemic@gamma-poisson,0,8,1.0301808666299073,40.0
epistemic@gamma-poisson,0,9,2.236929144052396,40.0
epistemic@gamma-poisson,0,10,0.3218129271352258,0.0
epistemic@gamma-poisson,0,11,0.7474163509131219,0.0
thompson@gamma-poisson,0,0,0.7229733006236139,0.0
thompson@gamma-poisson,0,1,0.07863729638550693,0.0
thompson@gamma-poisson,0,2,1.9752137622100945,0.0
thompson@gamma-poisson,0,3,0.1337629825382978,40.0
thompson@gamma-poisson,0,4,0.03220558901383833,0.0
thompson@gamma-poisson,0,5,0.16751606561218754,40.0
thompson@gamma-poisson,0,6,0.017263973459326534,0.0
thompson@gamma-poisson,0,7,0.3544474935558451,0.0
thompson@gamma-poisson,0,8,1.0301808666299073,40.0
thompson@gamma-poisson,0,9,2.236929144052396,120.0
thompson@gamma-poisson,0,10,0.3218129271352258,0.0
thompson@gamma-poisson,0,11,0.7474163509131219,0.0
epig@gamma-poisson,0,0,0.7229733006236139,22.0
epig@gamma-poisson,0,1,0.07863729638550693,14.0
epig@gamma-poisson,0,2,1.9752137622100945,27.0
epig@gamma-poisson,0,3,0.1337629825382978,22.0
epig@gamma-poisson,0,4,0.03220558901383833,8.0
epig@gamma-poisson,0,5,0.16751606561218754,26.0
epig@gamma-poisson,0,6,0.017263973459326534,9.0
epig@gamma-poisson,0,7,0.3544474935558451,23.0
epig@gamma-poisson,0,8,1.0301808666299073,24.0
epig@gamma-poisson,0,9,2.236929144052396,24.0
epig@gamma-poisson,0,10,0.3218129271352258,21.0
epig@gamma-poisson,0,11,0.7474163509131219,20.0
eig@lognormal-poisson,0,0,0.7229733006236139,25.0
eig@lognormal-poisson,0,1,0.07863729638550693,10.0
eig@lognormal-poisson,0,2,1.9752137622100945,30.0
eig@lognormal-poisson,0,3,0.1337629825382978,19.0
eig@lognormal-poisson,0,4,0.03220558901383833,5.0
eig@lognormal-poisson,0,5,0.16751606561218754,24.0
eig@lognormal-poisson,0,6,0.017263973459326534,1.0
eig@lognormal-poisson,0,7,0.3544474935558451,26.0
eig@lognormal-poisson,0,8,1.0301808666299073,27.0
eig@lognormal-poisson,0,9,2.236929144052396,30.0
eig@lognormal-poisson,0,10,0.3218129271352258,16.0
eig@lognormal-poisson,0,11,0.7474163509131219,27.0
maxent@lognormal-poisson,0,0,0.7229733006236139,0.0
maxent@lognormal-poisson,0,1,0.07863729638550693,0.0
maxent@lognormal-poisson,0,2,1.9752137622100945,1.0
maxent@lognormal-poisson,0,3,0.1337629825382978,0.0
maxent@lognormal-poisson,0,4,0.03220558901383833,0.0
maxent@lognormal-poisson,0,5,0.16751606561218754,0.0
maxent@lognormal-poisson,0,6,0.017263973459326534,0.0
maxent@lognormal-poisson,0,7,0.3544474935558451,0.0
maxent@lognormal-poisson,0,8,1.0301808666299073,0.0
maxent@lognormal-poisson,0,9,2.236929144052396,239.0
maxent@lognormal-poisson,0,10,0.3218129271352258,0.0
maxent@lognormal-poisson,0,11,0.7474163509131219,0.0
d-optimality@lognormal-poisson,0,0,0.7229733006236139,24.0
d-optimality@lognormal-poisson,0,1,0.07863729638550693,12.0
d-optimality@lognormal-poisson,0,2,1.9752137622100945,28.0
d-optimality@lognormal-poisson,0,3,0.1337629825382978,19.0
d-optimality@lognormal-poisson,0,4,0.03220558901383833,8.0
d-optimality@lognormal-poisson,0,5,0.16751606561218754,24.0
d-optimality@lognormal-poisson,0,6,0.017263973459326534,5.0
d-optimality@lognormal-poisson,0,7,0.3544474935558451,25.0
d-optimality@lognormal-poisson,0,8,1.0301808666299073,26.0
d-optimality@lognormal-poisson,0,9,2.236929144052396,28.0
d-optimality@lognormal-poisson,0,10,0.3218129271352258,16.0
d-optimality@lognormal-poisson,0,11,0.7474163509131219,25.0
neyman@lognormal-poisson,0,0,0.7229733006236139,13.0
neyman@lognormal-poisson,0,1,0.07863729638550693,7.0
neyman@lognormal-poisson,0,2,1.9752137622100945,48.0
neyman@lognormal-poisson,0,3,0.1337629825382978,14.0
neyman@lognormal-poisson,0,4,0.03220558901383833,5.0
neyman@lognormal-poisson,0,5,0.16751606561218754,18.0
neyman@lognormal-poisson,0,6,0.017263973459326534,7.0
neyman@lognormal-poisson,0,7,0.3544474935558451,19.0
neyman@lognormal-poisson,0,8,1.0301808666299073,27.0
neyman@lognormal-poisson,0,9,2.236929144052396,40.0
neyman@lognormal-poisson,0,10,0.3218129271352258,14.0
neyman@lognormal-poisson,0,11,0.7474163509131219,28.0
predictive-variance@lognormal-poisson,0,0,0.7229733006236139,40.0
predictive-variance@lognormal-poisson,0,1,0.07863729638550693,0.0
predictive-variance@lognormal-poisson,0,2,1.9752137622100945,40.0
predictive-variance@lognormal-poisson,0,3,0.1337629825382978,40.0
predictive-variance@lognormal-poisson,0,4,0.03220558901383833,0.0
predictive-variance@lognormal-poisson,0,5,0.16751606561218754,40.0
predictive-variance@lognormal-poisson,0,6,0.017263973459326534,0.0
predictive-variance@lognormal-poisson,0,7,0.3544474935558451,0.0
predictive-variance@lognormal-poisson,0,8,1.0301808666299073,40.0
predictive-variance@lognormal-poisson,0,9,2.236929144052396,40.0
predictive-variance@lognormal-poisson,0,10,0.3218129271352258,0.0
predictive-variance@lognormal-poisson,0,11,0.7474163509131219,0.0
epistemic@lognormal-poisson,0,0,0.7229733006236139,40.0
epistemic@lognormal-poisson,0,1,0.07863729638550693,0.0
epistemic@lognormal-poisson,0,2,1.9752137622100945,40.0
epistemic@lognormal-poisson,0,3,0.1337629825382978,40.0
epistemic@lognormal-poisson,0,4,0.03220558901383833,0.0
epistemic@lognormal-poisson,0,5,0.16751606561218754,40.0
epistemic@lognormal-poisson,0,6,0.017263973459326534,0.0
epistemic@lognormal-poisson,0,7,0.3544474935558451,0.0
epistemic@lognormal-poisson,0,8,1.0301808666299073,40.0
epistemic@lognormal-poisson,0,9,2.236929144052396,40.0
epistemic@lognormal-poisson,0,10,0.3218129271352258,0.0
epistemic@lognormal-poisson,0,11,0.7474163509131219,0.0
thompson@lognormal-poisson,0,0,0.7229733006236139,0.0
thompson@lognormal-poisson,0,1,0.07863729638550693,0.0
thompson@lognormal-poisson,0,2,1.9752137622100945,200.0
thompson@lognormal-poisson,0,3,0.1337629825382978,40.0
thompson@lognormal-poisson,0,4,0.03220558901383833,0.0
thompson@lognormal-poisson,0,5,0.16751606561218754,0.0
thompson@lognormal-poisson,0,6,0.017263973459326534,0.0
thompson@lognormal-poisson,0,7,0.3544474935558451,0.0
thompson@lognormal-poisson,0,8,1.0301808666299073,0.0
thompson@lognormal-poisson,0,9,2.236929144052396,0.0
thompson@lognormal-poisson,0,10,0.3218129271352258,0.0
thompson@lognormal-poisson,0,11,0.7474163509131219,0.0
eig,1,0,0.07757510621351019,15.0
eig,1,1,0.050517549471426566,23.0
eig,1,2,0.11575317416134848,1.0
eig,1,3,0.0506582264746632,12.0
eig,1,4,0.8598327809744648,36.0
eig,1,5,0.035487709384518146,5.0
eig,1,6,0.21693206379960261,21.0
eig,1,7,1.3816276382071415,36.0
eig,1,8,0.17673992044441444,26.0
eig,1,9,0.043748113307195025,13.0
eig,1,10,0.0885677551430599,16.0
eig,1,11,1.1391851500472658,36.0
epig,1,0,0.07757510621351019,18.0
epig,1,1,0.050517549471426566,25.0
epig,1,2,0.11575317416134848,2.0
epig,1,3,0.0506582264746632,11.0
epig,1,4,0.8598327809744648,35.0
epig,1,5,0.035487709384518146,9.0
epig,1,6,0.21693206379960261,21.0
epig,1,7,1.3816276382071415,34.0
epig,1,8,0.17673992044441444,22.0
epig,1,9,0.043748113307195025,15.0
epig,1,10,0.0885677551430599,14.0
epig,1,11,1.1391851500472658,34.0
maxent,1,0,0.07757510621351019,0.0
maxent,1,1,0.050517549471426566,0.0
maxent,1,2,0.11575317416134848,0.0
maxent,1,3,0.0506582264746632,0.0
maxent,1,4,0.8598327809744648,237.0
maxent,1,5,0.035487709384518146,0.0
maxent,1,6,0.21693206379960261,0.0
maxent,1,7,1.3816276382071415,2.0
maxent,1,8,0.17673992044441444,0.0
maxent,1,9,0.043748113307195025,0.0
maxent,1,10,0.0885677551430599,0.0
maxent,1,11,1.1391851500472658,1.0
d-optimality,1,0,0.07757510621351019,17.0
d-optimality,1,1,0.050517549471426566,22.0
d-optimality,1,2,0.11575317416134848,3.0
d-optimality,1,3,0.0506582264746632,14.0
d-optimality,1,4,0.8598327809744648,32.0
d-optimality,1,5,0.035487709384518146,9.0
d-optimality,1,6,0.21693206379960261,22.0
d-optimality,1,7,1.3816276382071415,33.0
d-optimality,1,8,0.17673992044441444,24.0
d-optimality,1,9,0.043748113307195025,14.0
d-optimality,1,10,0.0885677551430599,17.0
d-optimality,1,11,1.1391851500472658,33.0
neyman,1,0,0.07757510621351019,15.0
neyman,1,1,0.050517549471426566,16.0
neyman,1,2,0.11575317416134848,12.0
neyman,1,3,0.0506582264746632,9.0
neyman,1,4,0.8598327809744648,38.0
neyman,1,5,0.035487709384518146,10.0
neyman,1,6,0.21693206379960261,14.0
neyman,1,7,1.3816276382071415,41.0
neyman,1,8,0.17673992044441444,18.0
neyman,1,9,0.043748113307195025,15.0
neyman,1,10,0.0885677551430599,10.0
neyman,1,11,1.1391851500472658,42.0
predictive-variance,1,0,0.07757510621351019,40.0
predictive-variance,1,1,0.050517549471426566,0.0
predictive-variance,1,2,0.11575317416134848,0.0
predictive-variance,1,3,0.0506582264746632,0.0
predictive-variance,1,4,0.8598327809744648,40.0
predictive-variance,1,5,0.035487709384518146,0.0
predictive-variance,1,6,0.21693206379960261,40.0
predictive-variance,1,7,1.3816276382071415,40.0
predictive-variance,1,8,0.17673992044441444,40.0
predictive-variance,1,9,0.043748113307195025,0.0
predictive-variance,1,10,0.0885677551430599,0.0
predictive-variance,1,11,1.1391851500472658,40.0
epistemic,1,0,0.07757510621351019,40.0
epistemic,1,1,0.050517549471426566,0.0
epistemic,1,2,0.11575317416134848,0.0
epistemic,1,3,0.0506582264746632,0.0
epistemic,1,4,0.8598327809744648,40.0
epistemic,1,5,0.035487709384518146,0.0
epistemic,1,6,0.21693206379960261,40.0
epistemic,1,7,1.3816276382071415,40.0
epistemic,1,8,0.17673992044441444,40.0
epistemic,1,9,0.043748113307195025,0.0
epistemic,1,10,0.0885677551430599,0.0
epistemic,1,11,1.1391851500472658,40.0
thompson,1,0,0.07757510621351019,40.0
thompson,1,1,0.050517549471426566,0.0
thompson,1,2,0.11575317416134848,0.0
thompson,1,3,0.0506582264746632,0.0
thompson,1,4,0.8598327809744648,40.0
thompson,1,5,0.035487709384518146,0.0
thompson,1,6,0.21693206379960261,0.0
thompson,1,7,1.3816276382071415,80.0
thompson,1,8,0.17673992044441444,0.0
thompson,1,9,0.043748113307195025,0.0
thompson,1,10,0.0885677551430599,0.0
thompson,1,11,1.1391851500472658,80.0
uniform,1,0,0.07757510621351019,20.0
uniform,1,1,0.050517549471426566,20.0
uniform,1,2,0.11575317416134848,20.0
uniform,1,3,0.0506582264746632,20.0
uniform,1,4,0.8598327809744648,20.0
uniform,1,5,0.035487709384518146,20.0
uniform,1,6,0.21693206379960261,20.0
uniform,1,7,1.3816276382071415,20.0
uniform,1,8,0.17673992044441444,20.0
uniform,1,9,0.043748113307195025,20.0
uniform,1,10,0.0885677551430599,20.0
uniform,1,11,1.1391851500472658,20.0
random,1,0,0.07757510621351019,12.5
random,1,1,0.050517549471426566,3.0
random,1,2,0.11575317416134848,13.5
random,1,3,0.0506582264746632,42.5
random,1,4,0.8598327809744648,4.0
random,1,5,0.035487709384518146,2.0
random,1,6,0.21693206379960261,27.0
random,1,7,1.3816276382071415,42.0
random,1,8,0.17673992044441444,0.0
random,1,9,0.043748113307195025,1.0
random,1,10,0.0885677551430599,2.0
random,1,11,1.1391851500472658,90.0
eig@gamma-poisson,1,0,0.07757510621351019,18.0
eig@gamma-poisson,1,1,0.050517549471426566,16.0
eig@gamma-poisson,1,2,0.11575317416134848,0.0
eig@gamma-poisson,1,3,0.0506582264746632,18.0
eig@gamma-poisson,1,4,0.8598327809744648,30.0
eig@gamma-poisson,1,5,0.035487709384518146,8.0
eig@gamma-poisson,1,6,0.21693206379960261,27.0
eig@gamma-poisson,1,7,1.3816276382071415,30.0
eig@gamma-poisson,1,8,0.17673992044441444,26.0
eig@gamma-poisson,1,9,0.043748113307195025,20.0
eig@gamma-poisson,1,10,0.0885677551430599,17.0
eig@gamma-poisson,1,11,1.1391851500472658,30.0
maxent@gamma-poisson,1,0,0.07757510621351019,0.0
maxent@gamma-poisson,1,1,0.050517549471426566,0.0
maxent@gamma-poisson,1,2,0.11575317416134848,0.0
maxent@gamma-poisson,1,3,0.0506582264746632,0.0
maxent@gamma-poisson,1,4,0.8598327809744648,236.0
maxent@gamma-poisson,1,5,0.035487709384518146,0.0
maxent@gamma-poisson,1,6,0.21693206379960261,0.0
maxent@gamma-poisson,1,7,1.3816276382071415,3.0
maxent@gamma-poisson,1,8,0.17673992044441444,0.0
maxent@gamma-poisson,1,9,0.043748113307195025,0.0
maxent@gamma-poisson,1,10,0.0885677551430599,0.0
maxent@gamma-poisson,1,11,1.1391851500472658,1.0
d-optimality@gamma-poisson,1,0,0.07757510621351019,26.0
d-optimality@gamma-poisson,1,1,0.050517549471426566,14.0
d-optimality@gamma-poisson,1,2,0.11575317416134848,0.0
d-optimality@gamma-poisson,1,3,0.0506582264746632,22.0
d-optimality@gamma-poisson,1,4,0.8598327809744648,27.0
d-optimality@gamma-poisson,1,5,0.035487709384518146,11.0
d-optimality@gamma-poisson,1,6,0.21693206379960261,25.0
d-optimality@gamma-poisson,1,7,1.3816276382071415,27.0
d-optimality@gamma-poisson,1,8,0.17673992044441444,24.0
d-optimality@gamma-poisson,1,9,0.043748113307195025,21.0
d-optimality@gamma-poisson,1,10,0.0885677551430599,16.0
d-optimality@gamma-poisson,1,11,1.1391851500472658,27.0
neyman@gamma-poisson,1,0,0.07757510621351019,10.0
neyman@gamma-poisson,1,1,0.050517549471426566,20.0
neyman@gamma-poisson,1,2,0.11575317416134848,12.0
neyman@gamma-poisson,1,3,0.0506582264746632,8.0
neyman@gamma-poisson,1,4,0.8598327809744648,39.0
neyman@gamma-poisson,1,5,0.035487709384518146,10.0
neyman@gamma-poisson,1,6,0.21693206379960261,14.0
neyman@gamma-poisson,1,7,1.3816276382071415,42.0
neyman@gamma-poisson,1,8,0.17673992044441444,18.0
neyman@gamma-poisson,1,9,0.043748113307195025,13.0
neyman@gamma-poisson,1,10,0.0885677551430599,11.0
neyman@gamma-poisson,1,11,1.1391851500472658,43.0
predictive-variance@gamma-poisson,1,0,0.07757510621351019,40.0
predictive-variance@gamma-poisson,1,1,0.050517549471426566,0.0
predictive-variance@gamma-poisson,1,2,0.11575317416134848,0.0
predictive-variance@gamma-poisson,1,3,0.0506582264746632,0.0
predictive-variance@gamma-poisson,1,4,0.8598327809744648,40.0
predictive-variance@gamma-poisson,1,5,0.035487709384518146,0.0
predictive-variance@gamma-poisson,1,6,0.21693206379960261,40.0
predictive-variance@gamma-poisson,1,7,1.3816276382071415,40.0
predictive-variance@gamma-poisson,1,8,0.17673992044441444,40.0
predictive-variance@gamma-poisson,1,9,0.043748113307195025,0.0
predictive-variance@gamma-poisson,1,10,0.0885677551430599,0.0
predictive-variance@gamma-poisson,1,11,1.1391851500472658,40.0
epistemic@gamma-poisson,1,0,0.07757510621351019,40.0
epistemic@gamma-poisson,1,1,0.050517549471426566,0.0
epistemic@gamma-poisson,1,2,0.11575317416134848,0.0
epistemic@gamma-poisson,1,3,0.0506582264746632,0.0
epistemic@gamma-poisson,1,4,0.8598327809744648,40.0
epistemic@gamma-poisson,1,5,0.035487709384518146,0.0
epistemic@gamma-poisson,1,6,0.21693206379960261,40.0
epistemic@gamma-poisson,1,7,1.3816276382071415,40.0
epistemic@gamma-poisson,1,8,0.17673992044441444,40.0
epistemic@gamma-poisson,1,9,0.043748113307195025,0.0
epistemic@gamma-poisson,1,10,0.0885677551430599,0.0
epistemic@gamma-poisson,1,11,1.1391851500472658,40.0
thompson@gamma-poisson,1,0,0.07757510621351019,40.0
thompson@gamma-poisson,1,1,0.050517549471426566,0.0
thompson@gamma-poisson,1,2,0.11575317416134848,0.0
thompson@gamma-poisson,1,3,0.0506582264746632,0.0
thompson@gamma-poisson,1,4,0.8598327809744648,40.0
thompson@gamma-poisson,1,5,0.035487709384518146,0.0
thompson@gamma-poisson,1,6,0.21693206379960261,0.0
thompson@gamma-poisson,1,7,1.3816276382071415,40.0
thompson@gamma-poisson,1,8,0.17673992044441444,40.0
thompson@gamma-poisson,1,9,0.043748113307195025,0.0
thompson@gamma-poisson,1,10,0.0885677551430599,0.0
thompson@gamma-poisson,1,11,1.1391851500472658,80.0
epig@gamma-poisson,1,0,0.07757510621351019,23.0
epig@gamma-poisson,1,1,0.050517549471426566,17.0
epig@gamma-poisson,1,2,0.11575317416134848,0.0
epig@gamma-poisson,1,3,0.0506582264746632,16.0
epig@gamma-poisson,1,4,0.8598327809744648,30.0
epig@gamma-poisson,1,5,0.035487709384518146,11.0
epig@gamma-poisson,1,6,0.21693206379960261,26.0
epig@gamma-poisson,1,7,1.3816276382071415,29.0
epig@gamma-poisson,1,8,0.17673992044441444,23.0
epig@gamma-poisson,1,9,0.043748113307195025,23.0
epig@gamma-poisson,1,10,0.0885677551430599,14.0
epig@gamma-poisson,1,11,1.1391851500472658,28.0
eig@lognormal-poisson,1,0,0.07757510621351019,20.0
eig@lognormal-poisson,1,1,0.050517549471426566,21.0
eig@lognormal-poisson,1,2,0.11575317416134848,1.0
eig@lognormal-poisson,1,3,0.0506582264746632,13.0
eig@lognormal-poisson,1,4,0.8598327809744648,35.0
eig@lognormal-poisson,1,5,0.035487709384518146,3.0
eig@lognormal-poisson,1,6,0.21693206379960261,22.0
eig@lognormal-poisson,1,7,1.3816276382071415,35.0
eig@lognormal-poisson,1,8,0.17673992044441444,26.0
eig@lognormal-poisson,1,9,0.043748113307195025,14.0
eig@lognormal-poisson,1,10,0.0885677551430599,15.0
eig@lognormal-poisson,1,11,1.1391851500472658,35.0
maxent@lognormal-poisson,1,0,0.07757510621351019,0.0
maxent@lognormal-poisson,1,1,0.050517549471426566,0.0
maxent@lognormal-poisson,1,2,0.11575317416134848,0.0
maxent@lognormal-poisson,1,3,0.0506582264746632,0.0
maxent@lognormal-poisson,1,4,0.8598327809744648,237.0
maxent@lognormal-poisson,1,5,0.035487709384518146,0.0
maxent@lognormal-poisson,1,6,0.21693206379960261,0.0
maxent@lognormal-poisson,1,7,1.3816276382071415,2.0
maxent@lognormal-poisson,1,8,0.17673992044441444,0.0
maxent@lognormal-poisson,1,9,0.043748113307195025,0.0
maxent@lognormal-poisson,1,10,0.0885677551430599,0.0
maxent@lognormal-poisson,1,11,1.1391851500472658,1.0
d-optimality@lognormal-poisson,1,0,0.07757510621351019,21.0
d-optimality@lognormal-poisson,1,1,0.050517549471426566,21.0
d-optimality@lognormal-poisson,1,2,0.11575317416134848,2.0
d-optimality@lognormal-poisson,1,3,0.0506582264746632,15.0
d-optimality@lognormal-poisson,1,4,0.8598327809744648,32.0
d-optimality@lognormal-poisson,1,5,0.035487709384518146,7.0
d-optimality@lognormal-poisson,1,6,0.21693206379960261,22.0
d-optimality@lognormal-poisson,1,7,1.3816276382071415,32.0
d-optimality@lognormal-poisson,1,8,0.17673992044441444,24.0
d-optimality@lognormal-poisson,1,9,0.043748113307195025,15.0
d-optimality@lognormal-poisson,1,10,0.0885677551430599,16.0
d-optimality@lognormal-poisson,1,11,1.1391851500472658,33.0
neyman@lognormal-poisson,1,0,0.07757510621351019,15.0
neyman@lognormal-poisson,1,1,0.050517549471426566,16.0
neyman@lognormal-poisson,1,2,0.11575317416134848,12.0
neyman@lognormal-poisson,1,3,0.0506582264746632,9.0
neyman@lognormal-poisson,1,4,0.8598327809744648,38.0
neyman@lognormal-poisson,1,5,0.035487709384518146,10.0
neyman@lognormal-poisson,1,6,0.21693206379960261,14.0
neyman@lognormal-poisson,1,7,1.3816276382071415,41.0
neyman@lognormal-poisson,1,8,0.17673992044441444,18.0
neyman@lognormal-poisson,1,9,0.043748113307195025,15.0
neyman@lognormal-poisson,1,10,0.0885677551430599,10.0
neyman@lognormal-poisson,1,11,1.1391851500472658,42.0
predictive-variance@lognormal-poisson,1,0,0.07757510621351019,40.0
predictive-variance@lognormal-poisson,1,1,0.050517549471426566,0.0
predictive-variance@lognormal-poisson,1,2,0.11575317416134848,0.0
predictive-variance@lognormal-poisson,1,3,0.0506582264746632,0.0
predictive-variance@lognormal-poisson,1,4,0.8598327809744648,40.0
predictive-variance@lognormal-poisson,1,5,0.035487709384518146,0.0
predictive-variance@lognormal-poisson,1,6,0.21693206379960261,40.0
predictive-variance@lognormal-poisson,1,7,1.3816276382071415,40.0
predictive-variance@lognormal-poisson,1,8,0.17673992044441444,40.0
predictive-variance@lognormal-poisson,1,9,0.043748113307195025,0.0
predictive-variance@lognormal-poisson,1,10,0.0885677551430599,0.0
predictive-variance@lognormal-poisson,1,11,1.1391851500472658,40.0
epistemic@lognormal-poisson,1,0,0.07757510621351019,40.0
epistemic@lognormal-poisson,1,1,0.050517549471426566,0.0
epistemic@lognormal-poisson,1,2,0.11575317416134848,0.0
epistemic@lognormal-poisson,1,3,0.0506582264746632,0.0
epistemic@lognormal-poisson,1,4,0.8598327809744648,40.0
epistemic@lognormal-poisson,1,5,0.035487709384518146,0.0
epistemic@lognormal-poisson,1,6,0.21693206379960261,40.0
epistemic@lognormal-poisson,1,7,1.3816276382071415,40.0
epistemic@lognormal-poisson,1,8,0.17673992044441444,40.0
epistemic@lognormal-poisson,1,9,0.043748113307195025,0.0
epistemic@lognormal-poisson,1,10,0.0885677551430599,0.0
epistemic@lognormal-poisson,1,11,1.1391851500472658,40.0
thompson@lognormal-poisson,1,0,0.07757510621351019,40.0
thompson@lognormal-poisson,1,1,0.050517549471426566,0.0
thompson@lognormal-poisson,1,2,0.11575317416134848,0.0
thompson@lognormal-poisson,1,3,0.0506582264746632,0.0
thompson@lognormal-poisson,1,4,0.8598327809744648,80.0
thompson@lognormal-poisson,1,5,0.035487709384518146,0.0
thompson@lognormal-poisson,1,6,0.21693206379960261,0.0
thompson@lognormal-poisson,1,7,1.3816276382071415,0.0
thompson@lognormal-poisson,1,8,0.17673992044441444,0.0
thompson@lognormal-poisson,1,9,0.043748113307195025,0.0
thompson@lognormal-poisson,1,10,0.0885677551430599,0.0
thompson@lognormal-poisson,1,11,1.1391851500472658,120.0
eig,2,0,0.26983340580395443,30.0
eig,2,1,0.08321725559659736,13.0
eig,2,2,0.5695834086108728,27.0
eig,2,3,0.09943928475481668,5.0
eig,2,4,0.018959347587216985,6.0
eig,2,5,0.029833621960354655,11.0
eig,2,6,0.36480383058509874,25.0
eig,2,7,0.4511578878307204,29.0
eig,2,8,1.6404767264220048,32.0
eig,2,9,0.06893793387943603,21.0
eig,2,10,1.8583714017684476,31.0
eig,2,11,0.019839613407629336,10.0
epig,2,0,0.26983340580395443,29.0
epig,2,1,0.08321725559659736,14.0
epig,2,2,0.5695834086108728,26.0
epig,2,3,0.09943928475481668,9.0
epig,2,4,0.018959347587216985,8.0
epig,2,5,0.029833621960354655,10.0
epig,2,6,0.36480383058509874,27.0
epig,2,7,0.4511578878307204,26.0
epig,2,8,1.6404767264220048,32.0
epig,2,9,0.06893793387943603,19.0
epig,2,10,1.8583714017684476,31.0
epig,2,11,0.019839613407629336,9.0
maxent,2,0,0.26983340580395443,0.0
maxent,2,1,0.08321725559659736,0.0
maxent,2,2,0.5695834086108728,1.0
maxent,2,3,0.09943928475481668,0.0
maxent,2,4,0.018959347587216985,0.0
maxent,2,5,0.029833621960354655,0.0
maxent,2,6,0.36480383058509874,0.0
maxent,2,7,0.4511578878307204,1.0
maxent,2,8,1.6404767264220048,237.0
maxent,2,9,0.06893793387943603,1.0
maxent,2,10,1.8583714017684476,0.0
maxent,2,11,0.019839613407629336,0.0
d-optimality,2,0,0.26983340580395443,27.0
d-optimality,2,1,0.08321725559659736,14.0
d-optimality,2,2,0.5695834086108728,23.0
d-optimality,2,3,0.09943928475481668,11.0
d-optimality,2,4,0.018959347587216985,7.0
d-optimality,2,5,0.029833621960354655,19.0
d-optimality,2,6,0.36480383058509874,25.0
d-optimality,2,7,0.4511578878307204,25.0
d-optimality,2,8,1.6404767264220048,28.0
d-optimality,2,9,0.06893793387943603,20.0
d-optimality,2,10,1.8583714017684476,28.0
d-optimality,2,11,0.019839613407629336,13.0
neyman,2,0,0.26983340580395443,25.0
neyman,2,1,0.08321725559659736,12.0
neyman,2,2,0.5695834086108728,26.0
neyman,2,3,0.09943928475481668,7.0
neyman,2,4,0.018959347587216985,12.0
neyman,2,5,0.029833621960354655,7.0
neyman,2,6,0.36480383058509874,10.0
neyman,2,7,0.4511578878307204,22.0
neyman,2,8,1.6404767264220048,51.0
neyman,2,9,0.06893793387943603,15.0
neyman,2,10,1.8583714017684476,47.0
neyman,2,11,0.019839613407629336,6.0
predictive-variance,2,0,0.26983340580395443,0.0
predictive-variance,2,1,0.08321725559659736,40.0
predictive-variance,2,2,0.5695834086108728,40.0
predictive-variance,2,3,0.09943928475481668,0.0
predictive-variance,2,4,0.018959347587216985,0.0
predictive-variance,2,5,0.029833621960354655,0.0
predictive-variance,2,6,0.36480383058509874,0.0
predictive-variance,2,7,0.4511578878307204,40.0
predictive-variance,2,8,1.6404767264220048,40.0
predictive-variance,2,9,0.06893793387943603,40.0
predictive-variance,2,10,1.8583714017684476,40.0
predictive-variance,2,11,0.019839613407629336,0.0
epistemic,2,0,0.26983340580395443,0.0
epistemic,2,1,0.08321725559659736,40.0
epistemic,2,2,0.5695834086108728,40.0
epistemic,2,3,0.09943928475481668,0.0
epistemic,2,4,0.018959347587216985,0.0
epistemic,2,5,0.029833621960354655,0.0
epistemic,2,6,0.36480383058509874,0.0
epistemic,2,7,0.4511578878307204,40.0
epistemic,2,8,1.6404767264220048,40.0
epistemic,2,9,0.06893793387943603,40.0
epistemic,2,10,1.8583714017684476,40.0
epistemic,2,11,0.019839613407629336,0.0
thompson,2,0,0.26983340580395443,0.0
thompson,2,1,0.08321725559659736,0.0
thompson,2,2,0.5695834086108728,40.0
thompson,2,3,0.09943928475481668,0.0
thompson,2,4,0.018959347587216985,0.0
thompson,2,5,0.029833621960354655,0.0
thompson,2,6,0.36480383058509874,0.0
thompson,2,7,0.4511578878307204,40.0
thompson,2,8,1.6404767264220048,160.0
thompson,2,9,0.06893793387943603,0.0
thompson,2,10,1.8583714017684476,0.0
thompson,2,11,0.019839613407629336,0.0
uniform,2,0,0.26983340580395443,20.0
uniform,2,1,0.08321725559659736,20.0
uniform,2,2,0.5695834086108728,20.0
uniform,2,3,0.09943928475481668,20.0
uniform,2,4,0.018959347587216985,20.0
uniform,2,5,0.029833621960354655,20.0
uniform,2,6,0.36480383058509874,20.0
uniform,2,7,0.4511578878307204,20.0
uniform,2,8,1.6404767264220048,20.0
uniform,2,9,0.06893793387943603,20.0
uniform,2,10,1.8583714017684476,20.0
uniform,2,11,0.019839613407629336,20.0
random,2,0,0.26983340580395443,22.0
random,2,1,0.08321725559659736,10.0
random,2,2,0.5695834086108728,46.0
random,2,3,0.09943928475481668,3.5
random,2,4,0.018959347587216985,0.0
random,2,5,0.029833621960354655,30.0
random,2,6,0.36480383058509874,22.0
random,2,7,0.4511578878307204,5.0
random,2,8,1.6404767264220048,16.0
random,2,9,0.06893793387943603,40.0
random,2,10,1.8583714017684476,4.5
random,2,11,0.019839613407629336,41.0
eig@gamma-poisson,2,0,0.26983340580395443,23.0
eig@gamma-poisson,2,1,0.08321725559659736,24.0
eig@gamma-poisson,2,2,0.5695834086108728,26.0
eig@gamma-poisson,2,3,0.09943928475481668,8.0
eig@gamma-poisson,2,4,0.018959347587216985,8.0
eig@gamma-poisson,2,5,0.029833621960354655,21.0
eig@gamma-poisson,2,6,0.36480383058509874,19.0
eig@gamma-poisson,2,7,0.4511578878307204,25.0
eig@gamma-poisson,2,8,1.6404767264220048,25.0
eig@gamma-poisson,2,9,0.06893793387943603,24.0
eig@gamma-poisson,2,10,1.8583714017684476,24.0
eig@gamma-poisson,2,11,0.019839613407629336,13.0
maxent@gamma-poisson,2,0,0.26983340580395443,0.0
maxent@gamma-poisson,2,1,0.08321725559659736,0.0
maxent@gamma-poisson,2,2,0.5695834086108728,1.0
maxent@gamma-poisson,2,3,0.09943928475481668,0.0
maxent@gamma-poisson,2,4,0.018959347587216985,0.0
maxent@gamma-poisson,2,5,0.029833621960354655,0.0
maxent@gamma-poisson,2,6,0.36480383058509874,0.0
maxent@gamma-poisson,2,7,0.4511578878307204,1.0
maxent@gamma-poisson,2,8,1.6404767264220048,237.0
maxent@gamma-poisson,2,9,0.06893793387943603,1.0
maxent@gamma-poisson,2,10,1.8583714017684476,0.0
maxent@gamma-poisson,2,11,0.019839613407629336,0.0
d-optimality@gamma-poisson,2,0,0.26983340580395443,21.0
d-optimality@gamma-poisson,2,1,0.08321725559659736,23.0
d-optimality@gamma-poisson,2,2,0.5695834086108728,24.0
d-optimality@gamma-poisson,2,3,0.09943928475481668,15.0
d-optimality@gamma-poisson,2,4,0.018959347587216985,9.0
d-optimality@gamma-poisson,2,5,0.029833621960354655,21.0
d-optimality@gamma-poisson,2,6,0.36480383058509874,17.0
d-optimality@gamma-poisson,2,7,0.4511578878307204,23.0
d-optimality@gamma-poisson,2,8,1.6404767264220048,23.0
d-optimality@gamma-poisson,2,9,0.06893793387943603,23.0
d-optimality@gamma-poisson,2,10,1.8583714017684476,21.0
d-optimality@gamma-poisson,2,11,0.019839613407629336,20.0
neyman@gamma-poisson,2,0,0.26983340580395443,26.0
neyman@gamma-poisson,2,1,0.08321725559659736,9.0
neyman@gamma-poisson,2,2,0.5695834086108728,25.0
neyman@gamma-poisson,2,3,0.09943928475481668,7.0
neyman@gamma-poisson,2,4,0.018959347587216985,12.0
neyman@gamma-poisson,2,5,0.029833621960354655,7.0
neyman@gamma-poisson,2,6,0.36480383058509874,9.0
neyman@gamma-poisson,2,7,0.4511578878307204,23.0
neyman@gamma-poisson,2,8,1.6404767264220048,53.0
neyman@gamma-poisson,2,9,0.06893793387943603,15.0
neyman@gamma-poisson,2,10,1.8583714017684476,48.0
neyman@gamma-poisson,2,11,0.019839613407629336,6.0
predictive-variance@gamma-poisson,2,0,0.26983340580395443,0.0
predictive-variance@gamma-poisson,2,1,0.08321725559659736,40.0
predictive-variance@gamma-poisson,2,2,0.5695834086108728,40.0
predictive-variance@gamma-poisson,2,3,0.09943928475481668,0.0
predictive-variance@gamma-poisson,2,4,0.018959347587216985,0.0
predictive-variance@gamma-poisson,2,5,0.029833621960354655,0.0
predictive-variance@gamma-poisson,2,6,0.36480383058509874,0.0
predictive-variance@gamma-poisson,2,7,0.4511578878307204,40.0
predictive-variance@gamma-poisson,2,8,1.6404767264220048,40.0
predictive-variance@gamma-poisson,2,9,0.06893793387943603,40.0
predictive-variance@gamma-poisson,2,10,1.8583714017684476,40.0
predictive-variance@gamma-poisson,2,11,0.019839613407629336,0.0
epistemic@gamma-poisson,2,0,0.26983340580395443,0.0
epistemic@gamma-poisson,2,1,0.08321725559659736,40.0
epistemic@gamma-poisson,2,2,0.5695834086108728,40.0
epistemic@gamma-poisson,2,3,0.09943928475481668,0.0
epistemic@gamma-poisson,2,4,0.018959347587216985,0.0
epistemic@gamma-poisson,2,5,0.029833621960354655,0.0
epistemic@gamma-poisson,2,6,0.36480383058509874,0.0
epistemic@gamma-poisson,2,7,0.4511578878307204,40.0
epistemic@gamma-poisson,2,8,1.6404767264220048,40.0
epistemic@gamma-poisson,2,9,0.06893793387943603,40.0
epistemic@gamma-poisson,2,10,1.8583714017684476,40.0
epistemic@gamma-poisson,2,11,0.019839613407629336,0.0
thompson@gamma-poisson,2,0,0.26983340580395443,0.0
thompson@gamma-poisson,2,1,0.08321725559659736,0.0
thompson@gamma-poisson,2,2,0.5695834086108728,40.0
thompson@gamma-poisson,2,3,0.09943928475481668,0.0
thompson@gamma-poisson,2,4,0.018959347587216985,0.0
thompson@gamma-poisson,2,5,0.029833621960354655,0.0
thompson@gamma-poisson,2,6,0.36480383058509874,0.0
thompson@gamma-poisson,2,7,0.4511578878307204,0.0
thompson@gamma-poisson,2,8,1.6404767264220048,160.0
thompson@gamma-poisson,2,9,0.06893793387943603,40.0
thompson@gamma-poisson,2,10,1.8583714017684476,0.0
thompson@gamma-poisson,2,11,0.019839613407629336,0.0
epig@gamma-poisson,2,0,0.26983340580395443,22.0
epig@gamma-poisson,2,1,0.08321725559659736,23.0
epig@gamma-poisson,2,2,0.5695834086108728,26.0
epig@gamma-poisson,2,3,0.09943928475481668,11.0
epig@gamma-poisson,2,4,0.018959347587216985,11.0
epig@gamma-poisson,2,5,0.029833621960354655,18.0
epig@gamma-poisson,2,6,0.36480383058509874,19.0
epig@gamma-poisson,2,7,0.4511578878307204,24.0
epig@gamma-poisson,2,8,1.6404767264220048,27.0
epig@gamma-poisson,2,9,0.06893793387943603,22.0
epig@gamma-poisson,2,10,1.8583714017684476,24.0
epig@gamma-poisson,2,11,0.019839613407629336,13.0
eig@lognormal-poisson,2,0,0.26983340580395443,28.0
eig@lognormal-poisson,2,1,0.08321725559659736,23.0
eig@lognormal-poisson,2,2,0.5695834086108728,28.0
eig@lognormal-poisson,2,3,0.09943928475481668,4.0
eig@lognormal-poisson,2,4,0.018959347587216985,5.0
eig@lognormal-poisson,2,5,0.029833621960354655,18.0
eig@lognormal-poisson,2,6,0.36480383058509874,9.0
eig@lognormal-poisson,2,7,0.4511578878307204,29.0
eig@lognormal-poisson,2,8,1.6404767264220048,31.0
eig@lognormal-poisson,2,9,0.06893793387943603,24.0
eig@lognormal-poisson,2,10,1.8583714017684476,31.0
eig@lognormal-poisson,2,11,0.019839613407629336,10.0
maxent@lognormal-poisson,2,0,0.26983340580395443,0.0
maxent@lognormal-poisson,2,1,0.08321725559659736,0.0
maxent@lognormal-poisson,2,2,0.5695834086108728,1.0
maxent@lognormal-poisson,2,3,0.09943928475481668,0.0
maxent@lognormal-poisson,2,4,0.018959347587216985,0.0
maxent@lognormal-poisson,2,5,0.029833621960354655,0.0
maxent@lognormal-poisson,2,6,0.36480383058509874,0.0
maxent@lognormal-poisson,2,7,0.4511578878307204,1.0
maxent@lognormal-poisson,2,8,1.6404767264220048,237.0
maxent@lognormal-poisson,2,9,0.06893793387943603,1.0
maxent@lognormal-poisson,2,10,1.8583714017684476,0.0
maxent@lognormal-poisson,2,11,0.019839613407629336,0.0
d-optimality@lognormal-poisson,2,0,0.26983340580395443,25.0
d-optimality@lognormal-poisson,2,1,0.08321725559659736,22.0
d-optimality@lognormal-poisson,2,2,0.5695834086108728,26.0
d-optimality@lognormal-poisson,2,3,0.09943928475481668,8.0
d-optimality@lognormal-poisson,2,4,0.018959347587216985,6.0
d-optimality@lognormal-poisson,2,5,0.029833621960354655,18.0
d-optimality@lognormal-poisson,2,6,0.36480383058509874,22.0
d-optimality@lognormal-poisson,2,7,0.4511578878307204,25.0
d-optimality@lognormal-poisson,2,8,1.6404767264220048,27.0
d-optimality@lognormal-poisson,2,9,0.06893793387943603,22.0
d-optimality@lognormal-poisson,2,10,1.8583714017684476,27.0
d-optimality@lognormal-poisson,2,11,0.019839613407629336,12.0
neyman@lognormal-poisson,2,0,0.26983340580395443,25.0
neyman@lognormal-poisson,2,1,0.08321725559659736,12.0
neyman@lognormal-poisson,2,2,0.5695834086108728,26.0
neyman@lognormal-poisson,2,3,0.09943928475481668,7.0
neyman@lognormal-poisson,2,4,0.018959347587216985,12.0
neyman@lognormal-poisson,2,5,0.029833621960354655,7.0
neyman@lognormal-poisson,2,6,0.36480383058509874,12.0
neyman@lognormal-poisson,2,7,0.4511578878307204,22.0
neyman@lognormal-poisson,2,8,1.6404767264220048,50.0
neyman@lognormal-poisson,2,9,0.06893793387943603,15.0
neyman@lognormal-poisson,2,10,1.8583714017684476,46.0
neyman@lognormal-poisson,2,11,0.019839613407629336,6.0
predictive-variance@lognormal-poisson,2,0,0.26983340580395443,0.0
predictive-variance@lognormal-poisson,2,1,0.08321725559659736,40.0
predictive-variance@lognormal-poisson,2,2,0.5695834086108728,40.0
predictive-variance@lognormal-poisson,2,3,0.09943928475481668,0.0
predictive-variance@lognormal-poisson,2,4,0.018959347587216985,0.0
predictive-variance@lognormal-poisson,2,5,0.029833621960354655,0.0
predictive-variance@lognormal-poisson,2,6,0.36480383058509874,0.0
predictive-variance@lognormal-poisson,2,7,0.4511578878307204,40.0
predictive-variance@lognormal-poisson,2,8,1.6404767264220048,40.0
predictive-variance@lognormal-poisson,2,9,0.06893793387943603,40.0
predictive-variance@lognormal-poisson,2,10,1.8583714017684476,40.0
predictive-variance@lognormal-poisson,2,11,0.019839613407629336,0.0
epistemic@lognormal-poisson,2,0,0.26983340580395443,0.0
epistemic@lognormal-poisson,2,1,0.08321725559659736,40.0
epistemic@lognormal-poisson,2,2,0.5695834086108728,40.0
epistemic@lognormal-poisson,2,3,0.09943928475481668,0.0
epistemic@lognormal-poisson,2,4,0.018959347587216985,0.0
epistemic@lognormal-poisson,2,5,0.029833621960354655,0.0
epistemic@lognormal-poisson,2,6,0.36480383058509874,0.0
epistemic@lognormal-poisson,2,7,0.4511578878307204,40.0
epistemic@lognormal-poisson,2,8,1.6404767264220048,40.0
epistemic@lognormal-poisson,2,9,0.06893793387943603,40.0
epistemic@lognormal-poisson,2,10,1.8583714017684476,40.0
epistemic@lognormal-poisson,2,11,0.019839613407629336,0.0
thompson@lognormal-poisson,2,0,0.26983340580395443,0.0
thompson@lognormal-poisson,2,1,0.08321725559659736,0.0
thompson@lognormal-poisson,2,2,0.5695834086108728,40.0
thompson@lognormal-poisson,2,3,0.09943928475481668,0.0
thompson@lognormal-poisson,2,4,0.018959347587216985,0.0
thompson@lognormal-poisson,2,5,0.029833621960354655,40.0
thompson@lognormal-poisson,2,6,0.36480383058509874,0.0
thompson@lognormal-poisson,2,7,0.4511578878307204,40.0
thompson@lognormal-poisson,2,8,1.6404767264220048,80.0
thompson@lognormal-poisson,2,9,0.06893793387943603,40.0
thompson@lognormal-poisson,2,10,1.8583714017684476,0.0
thompson@lognormal-poisson,2,11,0.019839613407629336,0.0
eig,3,0,0.04160988477941751,19.0
eig,3,1,2.023949153475378,28.0
eig,3,2,3.237689271575416,28.0
eig,3,3,1.1130375972944406,27.0
eig,3,4,0.8452566160913108,26.0
eig,3,5,0.07350770491724151,7.0
eig,3,6,4.261637733239835,28.0
eig,3,7,0.3873531396438216,16.0
eig,3,8,0.147775639528053,0.0
eig,3,9,0.702631095082945,22.0
eig,3,10,0.13165429582744373,11.0
eig,3,11,1.323198992935129,28.0
epig,3,0,0.04160988477941751,19.0
epig,3,1,2.023949153475378,31.0
epig,3,2,3.237689271575416,27.0
epig,3,3,1.1130375972944406,24.0
epig,3,4,0.8452566160913108,23.0
epig,3,5,0.07350770491724151,8.0
epig,3,6,4.261637733239835,28.5
epig,3,7,0.3873531396438216,16.0
epig,3,8,0.147775639528053,1.0
epig,3,9,0.702631095082945,21.0
epig,3,10,0.13165429582744373,12.0
epig,3,11,1.323198992935129,29.0
maxent,3,0,0.04160988477941751,0.0
maxent,3,1,2.023949153475378,0.0
maxent,3,2,3.237689271575416,0.0
maxent,3,3,1.1130375972944406,0.0
maxent,3,4,0.8452566160913108,0.0
maxent,3,5,0.07350770491724151,0.0
maxent,3,6,4.261637733239835,240.0
maxent,3,7,0.3873531396438216,0.0
maxent,3,8,0.147775639528053,0.0
maxent,3,9,0.702631095082945,0.0
maxent,3,10,0.13165429582744373,0.0
maxent,3,11,1.323198992935129,0.0
d-optimality,3,0,0.04160988477941751,21.0
d-optimality,3,1,2.023949153475378,27.0
d-optimality,3,2,3.237689271575416,26.0
d-optimality,3,3,1.1130375972944406,25.0
d-optimality,3,4,0.8452566160913108,25.0
d-optimality,3,5,0.07350770491724151,10.0
d-optimality,3,6,4.261637733239835,27.0
d-optimality,3,7,0.3873531396438216,17.0
d-optimality,3,8,0.147775639528053,1.0
d-optimality,3,9,0.702631095082945,21.0
d-optimality,3,10,0.13165429582744373,13.0
d-optimality,3,11,1.323198992935129,27.0
neyman,3,0,0.04160988477941751,7.0
neyman,3,1,2.023949153475378,35.0
neyman,3,2,3.237689271575416,40.0
neyman,3,3,1.1130375972944406,23.0
neyman,3,4,0.8452566160913108,18.0
neyman,3,5,0.07350770491724151,5.0
neyman,3,6,4.261637733239835,45.0
neyman,3,7,0.3873531396438216,10.0
neyman,3,8,0.147775639528053,7.0
neyman,3,9,0.702631095082945,15.0
neyman,3,10,0.13165429582744373,9.0
neyman,3,11,1.323198992935129,26.0
predictive-variance,3,0,0.04160988477941751,0.0
predictive-variance,3,1,2.023949153475378,40.0
predictive-variance,3,2,3.237689271575416,40.0
predictive-variance,3,3,1.1130375972944406,0.0
predictive-variance,3,4,0.8452566160913108,0.0
predictive-variance,3,5,0.07350770491724151,0.0
predictive-variance,3,6,4.261637733239835,40.0
predictive-variance,3,7,0.3873531396438216,40.0
predictive-variance,3,8,0.147775639528053,0.0
predictive-variance,3,9,0.702631095082945,40.0
predictive-variance,3,10,0.13165429582744373,0.0
predictive-variance,3,11,1.323198992935129,40.0
epistemic,3,0,0.04160988477941751,0.0
epistemic,3,1,2.023949153475378,40.0
epistemic,3,2,3.237689271575416,40.0
epistemic,3,3,1.1130375972944406,0.0
epistemic,3,4,0.8452566160913108,0.0
epistemic,3,5,0.07350770491724151,0.0
epistemic,3,6,4.261637733239835,40.0
epistemic,3,7,0.3873531396438216,40.0
epistemic,3,8,0.147775639528053,0.0
epistemic,3,9,0.702631095082945,40.0
epistemic,3,10,0.13165429582744373,0.0
epistemic,3,11,1.323198992935129,40.0
thompson,3,0,0.04160988477941751,0.0
thompson,3,1,2.023949153475378,0.0
thompson,3,2,3.237689271575416,0.0
thompson,3,3,1.1130375972944406,0.0
thompson,3,4,0.8452566160913108,0.0
thompson,3,5,0.07350770491724151,0.0
thompson,3,6,4.261637733239835,200.0
thompson,3,7,0.3873531396438216,0.0
thompson,3,8,0.147775639528053,0.0
thompson,3,9,0.702631095082945,0.0
thompson,3,10,0.13165429582744373,0.0
thompson,3,11,1.323198992935129,40.0
uniform,3,0,0.04160988477941751,20.0
uniform,3,1,2.023949153475378,20.0
uniform,3,2,3.237689271575416,20.0
uniform,3,3,1.1130375972944406,20.0
uniform,3,4,0.8452566160913108,20.0
uniform,3,5,0.07350770491724151,20.0
uniform,3,6,4.261637733239835,20.0
uniform,3,7,0.3873531396438216,20.0
uniform,3,8,0.147775639528053,20.0
uniform,3,9,0.702631095082945,20.0
uniform,3,10,0.13165429582744373,20.0
uniform,3,11,1.323198992935129,20.0
random,3,0,0.04160988477941751,1.0
random,3,1,2.023949153475378,21.0
random,3,2,3.237689271575416,7.5
random,3,3,1.1130375972944406,2.5
random,3,4,0.8452566160913108,1.0
random,3,5,0.07350770491724151,46.0
random,3,6,4.261637733239835,82.5
random,3,7,0.3873531396438216,20.0
random,3,8,0.147775639528053,22.5
random,3,9,0.702631095082945,25.0
random,3,10,0.13165429582744373,10.0
random,3,11,1.323198992935129,1.0
eig@gamma-poisson,3,0,0.04160988477941751,19.0
eig@gamma-poisson,3,1,2.023949153475378,25.0
eig@gamma-poisson,3,2,3.237689271575416,24.0
eig@gamma-poisson,3,3,1.1130375972944406,22.0
eig@gamma-poisson,3,4,0.8452566160913108,22.0
eig@gamma-poisson,3,5,0.07350770491724151,12.0
eig@gamma-poisson,3,6,4.261637733239835,25.0
eig@gamma-poisson,3,7,0.3873531396438216,24.0
eig@gamma-poisson,3,8,0.147775639528053,0.0
eig@gamma-poisson,3,9,0.702631095082945,23.0
eig@gamma-poisson,3,10,0.13165429582744373,19.0
eig@gamma-poisson,3,11,1.323198992935129,25.0
maxent@gamma-poisson,3,0,0.04160988477941751,0.0
maxent@gamma-poisson,3,1,2.023949153475378,0.0
maxent@gamma-poisson,3,2,3.237689271575416,0.0
maxent@gamma-poisson,3,3,1.1130375972944406,0.0
maxent@gamma-poisson,3,4,0.8452566160913108,0.0
maxent@gamma-poisson,3,5,0.07350770491724151,0.0
maxent@gamma-poisson,3,6,4.261637733239835,240.0
maxent@gamma-poisson,3,7,0.3873531396438216,0.0
maxent@gamma-poisson,3,8,0.147775639528053,0.0
maxent@gamma-poisson,3,9,0.702631095082945,0.0
maxent@gamma-poisson,3,10,0.13165429582744373,0.0
maxent@gamma-poisson,3,11,1.323198992935129,0.0
d-optimality@gamma-poisson,3,0,0.04160988477941751,19.0
d-optimality@gamma-poisson,3,1,2.023949153475378,24.0
d-optimality@gamma-poisson,3,2,3.237689271575416,23.0
d-optimality@gamma-poisson,3,3,1.1130375972944406,21.0
d-optimality@gamma-poisson,3,4,0.8452566160913108,21.0
d-optimality@gamma-poisson,3,5,0.07350770491724151,17.0
d-optimality@gamma-poisson,3,6,4.261637733239835,24.0
d-optimality@gamma-poisson,3,7,0.3873531396438216,23.0
d-optimality@gamma-poisson,3,8,0.147775639528053,0.0
d-optimality@gamma-poisson,3,9,0.702631095082945,22.0
d-optimality@gamma-poisson,3,10,0.13165429582744373,22.0
d-optimality@gamma-poisson,3,11,1.323198992935129,24.0
neyman@gamma-poisson,3,0,0.04160988477941751,8.0
neyman@gamma-poisson,3,1,2.023949153475378,37.0
neyman@gamma-poisson,3,2,3.237689271575416,41.0
neyman@gamma-poisson,3,3,1.1130375972944406,24.0
neyman@gamma-poisson,3,4,0.8452566160913108,18.0
neyman@gamma-poisson,3,5,0.07350770491724151,5.0
neyman@gamma-poisson,3,6,4.261637733239835,46.0
neyman@gamma-poisson,3,7,0.3873531396438216,10.0
neyman@gamma-poisson,3,8,0.147775639528053,7.0
neyman@gamma-poisson,3,9,0.702631095082945,11.0
neyman@gamma-poisson,3,10,0.13165429582744373,7.0
neyman@gamma-poisson,3,11,1.323198992935129,26.0
predictive-variance@gamma-poisson,3,0,0.04160988477941751,0.0
predictive-variance@gamma-poisson,3,1,2.023949153475378,40.0
predictive-variance@gamma-poisson,3,2,3.237689271575416,40.0
predictive-variance@gamma-poisson,3,3,1.1130375972944406,0.0
predictive-variance@gamma-poisson,3,4,0.8452566160913108,0.0
predictive-variance@gamma-poisson,3,5,0.07350770491724151,0.0
predictive-variance@gamma-poisson,3,6,4.261637733239835,40.0
predictive-variance@gamma-poisson,3,7,0.3873531396438216,40.0
predictive-variance@gamma-poisson,3,8,0.147775639528053,0.0
predictive-variance@gamma-poisson,3,9,0.702631095082945,40.0
predictive-variance@gamma-poisson,3,10,0.13165429582744373,0.0
predictive-variance@gamma-poisson,3,11,1.323198992935129,40.0
epistemic@gamma-poisson,3,0,0.04160988477941751,0.0
epistemic@gamma-poisson,3,1,2.023949153475378,40.0
epistemic@gamma-poisson,3,2,3.237689271575416,40.0
epistemic@gamma-poisson,3,3,1.1130375972944406,0.0
epistemic@gamma-poisson,3,4,0.8452566160913108,0.0
epistemic@gamma-poisson,3,5,0.07350770491724151,0.0
epistemic@gamma-poisson,3,6,4.261637733239835,40.0
epistemic@gamma-poisson,3,7,0.3873531396438216,40.0
epistemic@gamma-poisson,3,8,0.147775639528053,0.0
epistemic@gamma-poisson,3,9,0.702631095082945,40.0
epistemic@gamma-poisson,3,10,0.13165429582744373,0.0
epistemic@gamma-poisson,3,11,1.323198992935129,40.0
thompson@gamma-poisson,3,0,0.04160988477941751,0.0
thompson@gamma-poisson,3,1,2.023949153475378,0.0
thompson@gamma-poisson,3,2,3.237689271575416,0.0
thompson@gamma-poisson,3,3,1.1130375972944406,0.0
thompson@gamma-poisson,3,4,0.8452566160913108,0.0
thompson@gamma-poisson,3,5,0.07350770491724151,0.0
thompson@gamma-poisson,3,6,4.261637733239835,240.0
thompson@gamma-poisson,3,7,0.3873531396438216,0.0
thompson@gamma-poisson,3,8,0.147775639528053,0.0
thompson@gamma-poisson,3,9,0.702631095082945,0.0
thompson@gamma-poisson,3,10,0.13165429582744373,0.0
thompson@gamma-poisson,3,11,1.323198992935129,0.0
epig@gamma-poisson,3,0,0.04160988477941751,18.0
epig@gamma-poisson,3,1,2.023949153475378,28.0
epig@gamma-poisson,3,2,3.237689271575416,24.5
epig@gamma-poisson,3,3,1.1130375972944406,21.0
epig@gamma-poisson,3,4,0.8452566160913108,20.0
epig@gamma-poisson,3,5,0.07350770491724151,13.0
epig@gamma-poisson,3,6,4.261637733239835,25.5
epig@gamma-poisson,3,7,0.3873531396438216,23.0
epig@gamma-poisson,3,8,0.147775639528053,0.0
epig@gamma-poisson,3,9,0.702631095082945,22.0
epig@gamma-poisson,3,10,0.13165429582744373,19.0
epig@gamma-poisson,3,11,1.323198992935129,26.0
eig@lognormal-poisson,3,0,0.04160988477941751,17.0
eig@lognormal-poisson,3,1,2.023949153475378,27.0
eig@lognormal-poisson,3,2,3.237689271575416,27.0
eig@lognormal-poisson,3,3,1.1130375972944406,26.0
eig@lognormal-poisson,3,4,0.8452566160913108,25.0
eig@lognormal-poisson,3,5,0.07350770491724151,6.0
eig@lognormal-poisson,3,6,4.261637733239835,28.0
eig@lognormal-poisson,3,7,0.3873531396438216,22.0
eig@lognormal-poisson,3,8,0.147775639528053,0.0
eig@lognormal-poisson,3,9,0.702631095082945,21.0
eig@lognormal-poisson,3,10,0.13165429582744373,14.0
eig@lognormal-poisson,3,11,1.323198992935129,27.0
maxent@lognormal-poisson,3,0,0.04160988477941751,0.0
maxent@lognormal-poisson,3,1,2.023949153475378,0.0
maxent@lognormal-poisson,3,2,3.237689271575416,0.0
maxent@lognormal-poisson,3,3,1.1130375972944406,0.0
maxent@lognormal-poisson,3,4,0.8452566160913108,0.0
maxent@lognormal-poisson,3,5,0.07350770491724151,0.0
maxent@lognormal-poisson,3,6,4.261637733239835,240.0
maxent@lognormal-poisson,3,7,0.3873531396438216,0.0
maxent@lognormal-poisson,3,8,0.147775639528053,0.0
maxent@lognormal-poisson,3,9,0.702631095082945,0.0
maxent@lognormal-poisson,3,10,0.13165429582744373,0.0
maxent@lognormal-poisson,3,11,1.323198992935129,0.0
d-optimality@lognormal-poisson,3,0,0.04160988477941751,18.0
d-optimality@lognormal-poisson,3,1,2.023949153475378,26.0
d-optimality@lognormal-poisson,3,2,3.237689271575416,26.0
d-optimality@lognormal-poisson,3,3,1.1130375972944406,25.0
d-optimality@lognormal-poisson,3,4,0.8452566160913108,24.0
d-optimality@lognormal-poisson,3,5,0.07350770491724151,9.0
d-optimality@lognormal-poisson,3,6,4.261637733239835,27.0
d-optimality@lognormal-poisson,3,7,0.3873531396438216,22.0
d-optimality@lognormal-poisson,3,8,0.147775639528053,1.0
d-optimality@lognormal-poisson,3,9,0.702631095082945,21.0
d-optimality@lognormal-poisson,3,10,0.13165429582744373,15.0
d-optimality@lognormal-poisson,3,11,1.323198992935129,26.0
neyman@lognormal-poisson,3,0,0.04160988477941751,7.0
neyman@lognormal-poisson,3,1,2.023949153475378,35.0
neyman@lognormal-poisson,3,2,3.237689271575416,40.0
neyman@lognormal-poisson,3,3,1.1130375972944406,23.0
neyman@lognormal-poisson,3,4,0.8452566160913108,18.0
neyman@lognormal-poisson,3,5,0.07350770491724151,6.0
neyman@lognormal-poisson,3,6,4.261637733239835,44.0
neyman@lognormal-poisson,3,7,0.3873531396438216,10.0
neyman@lognormal-poisson,3,8,0.147775639528053,7.0
neyman@lognormal-poisson,3,9,0.702631095082945,15.0
neyman@lognormal-poisson,3,10,0.13165429582744373,9.0
neyman@lognormal-poisson,3,11,1.323198992935129,26.0
predictive-variance@lognormal-poisson,3,0,0.04160988477941751,0.0
predictive-variance@lognormal-poisson,3,1,2.023949153475378,40.0
predictive-variance@lognormal-poisson,3,2,3.237689271575416,40.0
predictive-variance@lognormal-poisson,3,3,1.1130375972944406,0.0
predictive-variance@lognormal-poisson,3,4,0.8452566160913108,0.0
predictive-variance@lognormal-poisson,3,5,0.07350770491724151,0.0
predictive-variance@lognormal-poisson,3,6,4.261637733239835,40.0
predictive-variance@lognormal-poisson,3,7,0.3873531396438216,40.0
predictive-variance@lognormal-poisson,3,8,0.147775639528053,0.0
predictive-variance@lognormal-poisson,3,9,0.702631095082945,40.0
predictive-variance@lognormal-poisson,3,10,0.13165429582744373,0.0
predictive-variance@lognormal-poisson,3,11,1.323198992935129,40.0
epistemic@lognormal-poisson,3,0,0.04160988477941751,0.0
epistemic@lognormal-poisson,3,1,2.023949153475378,40.0
epistemic@lognormal-poisson,3,2,3.237689271575416,40.0
epistemic@lognormal-poisson,3,3,1.1130375972944406,0.0
epistemic@lognormal-poisson,3,4,0.8452566160913108,0.0
epistemic@lognormal-poisson,3,5,0.07350770491724151,0.0
epistemic@lognormal-poisson,3,6,4.261637733239835,40.0
epistemic@lognormal-poisson,3,7,0.3873531396438216,40.0
epistemic@lognormal-poisson,3,8,0.147775639528053,0.0
epistemic@lognormal-poisson,3,9,0.702631095082945,40.0
epistemic@lognormal-poisson,3,10,0.13165429582744373,0.0
epistemic@lognormal-poisson,3,11,1.323198992935129,40.0
thompson@lognormal-poisson,3,0,0.04160988477941751,0.0
thompson@lognormal-poisson,3,1,2.023949153475378,0.0
thompson@lognormal-poisson,3,2,3.237689271575416,0.0
thompson@lognormal-poisson,3,3,1.1130375972944406,0.0
thompson@lognormal-poisson,3,4,0.8452566160913108,0.0
thompson@lognormal-poisson,3,5,0.07350770491724151,0.0
thompson@lognormal-poisson,3,6,4.261637733239835,240.0
thompson@lognormal-poisson,3,7,0.3873531396438216,0.0
thompson@lognormal-poisson,3,8,0.147775639528053,0.0
thompson@lognormal-poisson,3,9,0.702631095082945,0.0
thompson@lognormal-poisson,3,10,0.13165429582744373,0.0
thompson@lognormal-poisson,3,11,1.323198992935129,0.0
eig,4,0,0.028498068243384564,6.0
eig,4,1,1.7441316048147697,34.0
eig,4,2,0.35977679920778943,29.0
eig,4,3,2.913972394818762,33.0
eig,4,4,0.050564964130320245,0.0
eig,4,5,1.1485649932134432,33.0
eig,4,6,0.11626459364555099,0.0
eig,4,7,0.1613729585832334,12.0
eig,4,8,0.36560562880421615,15.0
eig,4,9,0.34429689528410773,31.0
eig,4,10,0.23649116647986418,14.0
eig,4,11,3.2214993861258594,33.0
epig,4,0,0.028498068243384564,8.0
epig,4,1,1.7441316048147697,30.0
epig,4,2,0.35977679920778943,29.0
epig,4,3,2.913972394818762,35.0
epig,4,4,0.050564964130320245,0.0
epig,4,5,1.1485649932134432,32.0
epig,4,6,0.11626459364555099,0.0
epig,4,7,0.1613729585832334,12.0
epig,4,8,0.36560562880421615,23.0
epig,4,9,0.34429689528410773,25.0
epig,4,10,0.23649116647986418,14.0
epig,4,11,3.2214993861258594,31.5
maxent,4,0,0.028498068243384564,0.0
maxent,4,1,1.7441316048147697,1.0
maxent,4,2,0.35977679920778943,0.0
maxent,4,3,2.913972394818762,239.0
maxent,4,4,0.050564964130320245,0.0
maxent,4,5,1.1485649932134432,0.0
maxent,4,6,0.11626459364555099,0.0
maxent,4,7,0.1613729585832334,0.0
maxent,4,8,0.36560562880421615,0.0
maxent,4,9,0.34429689528410773,0.0
maxent,4,10,0.23649116647986418,0.0
maxent,4,11,3.2214993861258594,0.0
d-optimality,4,0,0.028498068243384564,11.0
d-optimality,4,1,1.7441316048147697,30.0
d-optimality,4,2,0.35977679920778943,27.0
d-optimality,4,3,2.913972394818762,30.0
d-optimality,4,4,0.050564964130320245,0.0
d-optimality,4,5,1.1485649932134432,30.0
d-optimality,4,6,0.11626459364555099,0.0
d-optimality,4,7,0.1613729585832334,21.0
d-optimality,4,8,0.36560562880421615,20.0
d-optimality,4,9,0.34429689528410773,27.0
d-optimality,4,10,0.23649116647986418,15.0
d-optimality,4,11,3.2214993861258594,29.0
neyman,4,0,0.028498068243384564,5.0
neyman,4,1,1.7441316048147697,35.0
neyman,4,2,0.35977679920778943,17.0
neyman,4,3,2.913972394818762,53.0
neyman,4,4,0.050564964130320245,7.0
neyman,4,5,1.1485649932134432,29.0
neyman,4,6,0.11626459364555099,6.0
neyman,4,7,0.1613729585832334,8.0
neyman,4,8,0.36560562880421615,12.0
neyman,4,9,0.34429689528410773,10.0
neyman,4,10,0.23649116647986418,9.0
neyman,4,11,3.2214993861258594,49.0
predictive-variance,4,0,0.028498068243384564,0.0
predictive-variance,4,1,1.7441316048147697,40.0
predictive-variance,4,2,0.35977679920778943,40.0
predictive-variance,4,3,2.913972394818762,40.0
predictive-variance,4,4,0.050564964130320245,0.0
predictive-variance,4,5,1.1485649932134432,40.0
predictive-variance,4,6,0.11626459364555099,0.0
predictive-variance,4,7,0.1613729585832334,0.0
predictive-variance,4,8,0.36560562880421615,0.0
predictive-variance,4,9,0.34429689528410773,0.0
predictive-variance,4,10,0.23649116647986418,40.0
predictive-variance,4,11,3.2214993861258594,40.0
epistemic,4,0,0.028498068243384564,0.0
epistemic,4,1,1.7441316048147697,40.0
epistemic,4,2,0.35977679920778943,40.0
epistemic,4,3,2.913972394818762,40.0
epistemic,4,4,0.050564964130320245,0.0
epistemic,4,5,1.1485649932134432,40.0
epistemic,4,6,0.11626459364555099,0.0
epistemic,4,7,0.1613729585832334,0.0
epistemic,4,8,0.36560562880421615,0.0
epistemic,4,9,0.34429689528410773,0.0
epistemic,4,10,0.23649116647986418,40.0
epistemic,4,11,3.2214993861258594,40.0
thompson,4,0,0.028498068243384564,0.0
thompson,4,1,1.7441316048147697,0.0
thompson,4,2,0.35977679920778943,0.0
thompson,4,3,2.913972394818762,40.0
thompson,4,4,0.050564964130320245,0.0
thompson,4,5,1.1485649932134432,0.0
thompson,4,6,0.11626459364555099,0.0
thompson,4,7,0.1613729585832334,0.0
thompson,4,8,0.36560562880421615,0.0
thompson,4,9,0.34429689528410773,0.0
thompson,4,10,0.23649116647986418,40.0
thompson,4,11,3.2214993861258594,160.0
uniform,4,0,0.028498068243384564,20.0
uniform,4,1,1.7441316048147697,20.0
uniform,4,2,0.35977679920778943,20.0
uniform,4,3,2.913972394818762,20.0
uniform,4,4,0.050564964130320245,20.0
uniform,4,5,1.1485649932134432,20.0
uniform,4,6,0.11626459364555099,20.0
uniform,4,7,0.1613729585832334,20.0
uniform,4,8,0.36560562880421615,20.0
uniform,4,9,0.34429689528410773,20.0
uniform,4,10,0.23649116647986418,20.0
uniform,4,11,3.2214993861258594,20.0
random,4,0,0.028498068243384564,47.0
random,4,1,1.7441316048147697,46.0
random,4,2,0.35977679920778943,46.0
random,4,3,2.913972394818762,2.0
random,4,4,0.050564964130320245,41.0
random,4,5,1.1485649932134432,0.0
random,4,6,0.11626459364555099,0.0
random,4,7,0.1613729585832334,20.0
random,4,8,0.36560562880421615,3.0
random,4,9,0.34429689528410773,7.5
random,4,10,0.23649116647986418,1.0
random,4,11,3.2214993861258594,26.0
eig@gamma-poisson,4,0,0.028498068243384564,10.0
eig@gamma-poisson,4,1,1.7441316048147697,29.0
eig@gamma-poisson,4,2,0.35977679920778943,27.0
eig@gamma-poisson,4,3,2.913972394818762,28.0
eig@gamma-poisson,4,4,0.050564964130320245,0.0
eig@gamma-poisson,4,5,1.1485649932134432,28.0
eig@gamma-poisson,4,6,0.11626459364555099,0.0
eig@gamma-poisson,4,7,0.1613729585832334,23.0
eig@gamma-poisson,4,8,0.36560562880421615,26.0
eig@gamma-poisson,4,9,0.34429689528410773,24.0
eig@gamma-poisson,4,10,0.23649116647986418,18.0
eig@gamma-poisson,4,11,3.2214993861258594,27.0
maxent@gamma-poisson,4,0,0.028498068243384564,0.0
maxent@gamma-poisson,4,1,1.7441316048147697,1.0
maxent@gamma-poisson,4,2,0.35977679920778943,0.0
maxent@gamma-poisson,4,3,2.913972394818762,239.0
maxent@gamma-poisson,4,4,0.050564964130320245,0.0
maxent@gamma-poisson,4,5,1.1485649932134432,0.0
maxent@gamma-poisson,4,6,0.11626459364555099,0.0
maxent@gamma-poisson,4,7,0.1613729585832334,0.0
maxent@gamma-poisson,4,8,0.36560562880421615,0.0
maxent@gamma-poisson,4,9,0.34429689528410773,0.0
maxent@gamma-poisson,4,10,0.23649116647986418,0.0
maxent@gamma-poisson,4,11,3.2214993861258594,0.0
d-optimality@gamma-poisson,4,0,0.028498068243384564,17.0
d-optimality@gamma-poisson,4,1,1.7441316048147697,26.0
d-optimality@gamma-poisson,4,2,0.35977679920778943,26.0
d-optimality@gamma-poisson,4,3,2.913972394818762,26.0
d-optimality@gamma-poisson,4,4,0.050564964130320245,0.0
d-optimality@gamma-poisson,4,5,1.1485649932134432,26.0
d-optimality@gamma-poisson,4,6,0.11626459364555099,0.0
d-optimality@gamma-poisson,4,7,0.1613729585832334,22.0
d-optimality@gamma-poisson,4,8,0.36560562880421615,24.0
d-optimality@gamma-poisson,4,9,0.34429689528410773,22.0
d-optimality@gamma-poisson,4,10,0.23649116647986418,26.0
d-optimality@gamma-poisson,4,11,3.2214993861258594,25.0
neyman@gamma-poisson,4,0,0.028498068243384564,5.0
neyman@gamma-poisson,4,1,1.7441316048147697,36.0
neyman@gamma-poisson,4,2,0.35977679920778943,18.0
neyman@gamma-poisson,4,3,2.913972394818762,54.0
neyman@gamma-poisson,4,4,0.050564964130320245,7.0
neyman@gamma-poisson,4,5,1.1485649932134432,30.0
neyman@gamma-poisson,4,6,0.11626459364555099,6.0
neyman@gamma-poisson,4,7,0.1613729585832334,7.0
neyman@gamma-poisson,4,8,0.36560562880421615,10.0
neyman@gamma-poisson,4,9,0.34429689528410773,11.0
neyman@gamma-poisson,4,10,0.23649116647986418,6.0
neyman@gamma-poisson,4,11,3.2214993861258594,50.0
predictive-variance@gamma-poisson,4,0,0.028498068243384564,0.0
predictive-variance@gamma-poisson,4,1,1.7441316048147697,40.0
predictive-variance@gamma-poisson,4,2,0.35977679920778943,40.0
predictive-variance@gamma-poisson,4,3,2.913972394818762,40.0
predictive-variance@gamma-poisson,4,4,0.050564964130320245,0.0
predictive-variance@gamma-poisson,4,5,1.1485649932134432,40.0
predictive-variance@gamma-poisson,4,6,0.11626459364555099,0.0
predictive-variance@gamma-poisson,4,7,0.1613729585832334,0.0
predictive-variance@gamma-poisson,4,8,0.36560562880421615,0.0
predictive-variance@gamma-poisson,4,9,0.34429689528410773,0.0
predictive-variance@gamma-poisson,4,10,0.23649116647986418,40.0
predictive-variance@gamma-poisson,4,11,3.2214993861258594,40.0
epistemic@gamma-poisson,4,0,0.028498068243384564,0.0
epistemic@gamma-poisson,4,1,1.7441316048147697,40.0
epistemic@gamma-poisson,4,2,0.35977679920778943,40.0
epistemic@gamma-poisson,4,3,2.913972394818762,40.0
epistemic@gamma-poisson,4,4,0.050564964130320245,0.0
epistemic@gamma-poisson,4,5,1.1485649932134432,40.0
epistemic@gamma-poisson,4,6,0.11626459364555099,0.0
epistemic@gamma-poisson,4,7,0.1613729585832334,0.0
epistemic@gamma-poisson,4,8,0.36560562880421615,0.0
epistemic@gamma-poisson,4,9,0.34429689528410773,0.0
epistemic@gamma-poisson,4,10,0.23649116647986418,40.0
epistemic@gamma-poisson,4,11,3.2214993861258594,40.0
thompson@gamma-poisson,4,0,0.028498068243384564,0.0
thompson@gamma-poisson,4,1,1.7441316048147697,40.0
thompson@gamma-poisson,4,2,0.35977679920778943,0.0
thompson@gamma-poisson,4,3,2.913972394818762,200.0
thompson@gamma-poisson,4,4,0.050564964130320245,0.0
thompson@gamma-poisson,4,5,1.1485649932134432,0.0
thompson@gamma-poisson,4,6,0.11626459364555099,0.0
thompson@gamma-poisson,4,7,0.1613729585832334,0.0
thompson@gamma-poisson,4,8,0.36560562880421615,0.0
thompson@gamma-poisson,4,9,0.34429689528410773,0.0
thompson@gamma-poisson,4,10,0.23649116647986418,0.0
thompson@gamma-poisson,4,11,3.2214993861258594,0.0
epig@gamma-poisson,4,0,0.028498068243384564,11.0
epig@gamma-poisson,4,1,1.7441316048147697,26.0
epig@gamma-poisson,4,2,0.35977679920778943,28.0
epig@gamma-poisson,4,3,2.913972394818762,31.0
epig@gamma-poisson,4,4,0.050564964130320245,0.0
epig@gamma-poisson,4,5,1.1485649932134432,28.0
epig@gamma-poisson,4,6,0.11626459364555099,0.0
epig@gamma-poisson,4,7,0.1613729585832334,20.0
epig@gamma-poisson,4,8,0.36560562880421615,26.0
epig@gamma-poisson,4,9,0.34429689528410773,20.0
epig@gamma-poisson,4,10,0.23649116647986418,24.0
epig@gamma-poisson,4,11,3.2214993861258594,26.0
eig@lognormal-poisson,4,0,0.028498068243384564,4.0
eig@lognormal-poisson,4,1,1.7441316048147697,31.0
eig@lognormal-poisson,4,2,0.35977679920778943,27.0
eig@lognormal-poisson,4,3,2.913972394818762,31.0
eig@lognormal-poisson,4,4,0.050564964130320245,0.0
eig@lognormal-poisson,4,5,1.1485649932134432,31.0
eig@lognormal-poisson,4,6,0.11626459364555099,0.0
eig@lognormal-poisson,4,7,0.1613729585832334,17.0
eig@lognormal-poisson,4,8,0.36560562880421615,23.0
eig@lognormal-poisson,4,9,0.34429689528410773,27.0
eig@lognormal-poisson,4,10,0.23649116647986418,18.0
eig@lognormal-poisson,4,11,3.2214993861258594,31.0
maxent@lognormal-poisson,4,0,0.028498068243384564,0.0
maxent@lognormal-poisson,4,1,1.7441316048147697,1.0
maxent@lognormal-poisson,4,2,0.35977679920778943,0.0
maxent@lognormal-poisson,4,3,2.913972394818762,239.0
maxent@lognormal-poisson,4,4,0.050564964130320245,0.0
maxent@lognormal-poisson,4,5,1.1485649932134432,0.0
maxent@lognormal-poisson,4,6,0.11626459364555099,0.0
maxent@lognormal-poisson,4,7,0.1613729585832334,0.0
maxent@lognormal-poisson,4,8,0.36560562880421615,0.0
maxent@lognormal-poisson,4,9,0.34429689528410773,0.0
maxent@lognormal-poisson,4,10,0.23649116647986418,0.0
maxent@lognormal-poisson,4,11,3.2214993861258594,0.0
d-optimality@lognormal-poisson,4,0,0.028498068243384564,9.0
d-optimality@lognormal-poisson,4,1,1.7441316048147697,29.0
d-optimality@lognormal-poisson,4,2,0.35977679920778943,26.0
d-optimality@lognormal-poisson,4,3,2.913972394818762,29.0
d-optimality@lognormal-poisson,4,4,0.050564964130320245,0.0
d-optimality@lognormal-poisson,4,5,1.1485649932134432,29.0
d-optimality@lognormal-poisson,4,6,0.11626459364555099,0.0
d-optimality@lognormal-poisson,4,7,0.1613729585832334,18.0
d-optimality@lognormal-poisson,4,8,0.36560562880421615,23.0
d-optimality@lognormal-poisson,4,9,0.34429689528410773,26.0
d-optimality@lognormal-poisson,4,10,0.23649116647986418,22.0
d-optimality@lognormal-poisson,4,11,3.2214993861258594,29.0
neyman@lognormal-poisson,4,0,0.028498068243384564,5.0
neyman@lognormal-poisson,4,1,1.7441316048147697,35.0
neyman@lognormal-poisson,4,2,0.35977679920778943,17.0
neyman@lognormal-poisson,4,3,2.913972394818762,53.0
neyman@lognormal-poisson,4,4,0.050564964130320245,7.0
neyman@lognormal-poisson,4,5,1.1485649932134432,29.0
neyman@lognormal-poisson,4,6,0.11626459364555099,6.0
neyman@lognormal-poisson,4,7,0.1613729585832334,8.0
neyman@lognormal-poisson,4,8,0.36560562880421615,12.0
neyman@lognormal-poisson,4,9,0.34429689528410773,10.0
neyman@lognormal-poisson,4,10,0.23649116647986418,9.0
neyman@lognormal-poisson,4,11,3.2214993861258594,49.0
predictive-variance@lognormal-poisson,4,0,0.028498068243384564,0.0
predictive-variance@lognormal-poisson,4,1,1.7441316048147697,40.0
predictive-variance@lognormal-poisson,4,2,0.35977679920778943,40.0
predictive-variance@lognormal-poisson,4,3,2.913972394818762,40.0
predictive-variance@lognormal-poisson,4,4,0.050564964130320245,0.0
predictive-variance@lognormal-poisson,4,5,1.1485649932134432,40.0
predictive-variance@lognormal-poisson,4,6,0.11626459364555099,0.0
predictive-variance@lognormal-poisson,4,7,0.1613729585832334,0.0
predictive-variance@lognormal-poisson,4,8,0.36560562880421615,0.0
predictive-variance@lognormal-poisson,4,9,0.34429689528410773,0.0
predictive-variance@lognormal-poisson,4,10,0.23649116647986418,40.0
predictive-variance@lognormal-poisson,4,11,3.2214993861258594,40.0
epistemic@lognormal-poisson,4,0,0.028498068243384564,0.0
epistemic@lognormal-poisson,4,1,1.7441316048147697,40.0
epistemic@lognormal-poisson,4,2,0.35977679920778943,40.0
epistemic@lognormal-poisson,4,3,2.913972394818762,40.0
epistemic@lognormal-poisson,4,4,0.050564964130320245,0.0
epistemic@lognormal-poisson,4,5,1.1485649932134432,40.0
epistemic@lognormal-poisson,4,6,0.11626459364555099,0.0
epistemic@lognormal-poisson,4,7,0.1613729585832334,0.0
epistemic@lognormal-poisson,4,8,0.36560562880421615,0.0
epistemic@lognormal-poisson,4,9,0.34429689528410773,0.0
epistemic@lognormal-poisson,4,10,0.23649116647986418,40.0
epistemic@lognormal-poisson,4,11,3.2214993861258594,40.0
thompson@lognormal-poisson,4,0,0.028498068243384564,0.0
thompson@lognormal-poisson,4,1,1.7441316048147697,40.0
thompson@lognormal-poisson,4,2,0.35977679920778943,0.0
thompson@lognormal-poisson,4,3,2.913972394818762,80.0
thompson@lognormal-poisson,4,4,0.050564964130320245,0.0
thompson@lognormal-poisson,4,5,1.1485649932134432,40.0
thompson@lognormal-poisson,4,6,0.11626459364555099,0.0
thompson@lognormal-poisson,4,7,0.1613729585832334,0.0
thompson@lognormal-poisson,4,8,0.36560562880421615,0.0
thompson@lognormal-poisson,4,9,0.34429689528410773,0.0
thompson@lognormal-poisson,4,10,0.23649116647986418,0.0
thompson@lognormal-poisson,4,11,3.2214993861258594,80.0
eig,5,0,0.029594584992318835,0.0
eig,5,1,0.7969359739328252,26.0
eig,5,2,1.2617076842607748,27.0
eig,5,3,0.5744464325819414,24.0
eig,5,4,0.06844421541864999,11.0
eig,5,5,0.6764178221944444,24.0
eig,5,6,2.695666018308289,28.0
eig,5,7,0.29116273803471676,27.0
eig,5,8,0.06557954290344864,8.0
eig,5,9,0.14001198441101703,11.0
eig,5,10,1.2100603083433026,27.0
eig,5,11,0.6438057154927868,27.0
epig,5,0,0.029594584992318835,0.0
epig,5,1,0.7969359739328252,26.0
epig,5,2,1.2617076842607748,26.0
epig,5,3,0.5744464325819414,19.0
epig,5,4,0.06844421541864999,20.0
epig,5,5,0.6764178221944444,25.0
epig,5,6,2.695666018308289,27.0
epig,5,7,0.29116273803471676,24.0
epig,5,8,0.06557954290344864,9.0
epig,5,9,0.14001198441101703,11.0
epig,5,10,1.2100603083433026,30.0
epig,5,11,0.6438057154927868,23.0
maxent,5,0,0.029594584992318835,0.0
maxent,5,1,0.7969359739328252,1.0
maxent,5,2,1.2617076842607748,1.0
maxent,5,3,0.5744464325819414,2.0
maxent,5,4,0.06844421541864999,0.0
maxent,5,5,0.6764178221944444,1.0
maxent,5,6,2.695666018308289,234.0
maxent,5,7,0.29116273803471676,1.0
maxent,5,8,0.06557954290344864,0.0
maxent,5,9,0.14001198441101703,0.0
maxent,5,10,1.2100603083433026,0.0
maxent,5,11,0.6438057154927868,0.0
d-optimality,5,0,0.029594584992318835,0.0
d-optimality,5,1,0.7969359739328252,25.0
d-optimality,5,2,1.2617076842607748,26.0
d-optimality,5,3,0.5744464325819414,23.0
d-optimality,5,4,0.06844421541864999,13.0
d-optimality,5,5,0.6764178221944444,23.0
d-optimality,5,6,2.695666018308289,27.0
d-optimality,5,7,0.29116273803471676,26.0
d-optimality,5,8,0.06557954290344864,12.0
d-optimality,5,9,0.14001198441101703,13.0
d-optimality,5,10,1.2100603083433026,26.0
d-optimality,5,11,0.6438057154927868,26.0
neyman,5,0,0.029594584992318835,7.0
neyman,5,1,0.7969359739328252,24.0
neyman,5,2,1.2617076842607748,27.0
neyman,5,3,0.5744464325819414,19.0
neyman,5,4,0.06844421541864999,11.0
neyman,5,5,0.6764178221944444,25.0
neyman,5,6,2.695666018308289,46.0
neyman,5,7,0.29116273803471676,18.0
neyman,5,8,0.06557954290344864,6.0
neyman,5,9,0.14001198441101703,8.0
neyman,5,10,1.2100603083433026,28.0
neyman,5,11,0.6438057154927868,21.0
predictive-variance,5,0,0.029594584992318835,0.0
predictive-variance,5,1,0.7969359739328252,40.0
predictive-variance,5,2,1.2617076842607748,40.0
predictive-variance,5,3,0.5744464325819414,40.0
predictive-variance,5,4,0.06844421541864999,0.0
predictive-variance,5,5,0.6764178221944444,40.0
predictive-variance,5,6,2.695666018308289,40.0
predictive-variance,5,7,0.29116273803471676,40.0
predictive-variance,5,8,0.06557954290344864,0.0
predictive-variance,5,9,0.14001198441101703,0.0
predictive-variance,5,10,1.2100603083433026,0.0
predictive-variance,5,11,0.6438057154927868,0.0
epistemic,5,0,0.029594584992318835,0.0
epistemic,5,1,0.7969359739328252,40.0
epistemic,5,2,1.2617076842607748,40.0
epistemic,5,3,0.5744464325819414,40.0
epistemic,5,4,0.06844421541864999,0.0
epistemic,5,5,0.6764178221944444,40.0
epistemic,5,6,2.695666018308289,40.0
epistemic,5,7,0.29116273803471676,40.0
epistemic,5,8,0.06557954290344864,0.0
epistemic,5,9,0.14001198441101703,0.0
epistemic,5,10,1.2100603083433026,0.0
epistemic,5,11,0.6438057154927868,0.0
thompson,5,0,0.029594584992318835,0.0
thompson,5,1,0.7969359739328252,40.0
thompson,5,2,1.2617076842607748,40.0
thompson,5,3,0.5744464325819414,40.0
thompson,5,4,0.06844421541864999,0.0
thompson,5,5,0.6764178221944444,40.0
thompson,5,6,2.695666018308289,80.0
thompson,5,7,0.29116273803471676,0.0
thompson,5,8,0.06557954290344864,0.0
thompson,5,9,0.14001198441101703,0.0
thompson,5,10,1.2100603083433026,0.0
thompson,5,11,0.6438057154927868,0.0
uniform,5,0,0.029594584992318835,20.0
uniform,5,1,0.7969359739328252,20.0
uniform,5,2,1.2617076842607748,20.0
uniform,5,3,0.5744464325819414,20.0
uniform,5,4,0.06844421541864999,20.0
uniform,5,5,0.6764178221944444,20.0
uniform,5,6,2.695666018308289,20.0
uniform,5,7,0.29116273803471676,20.0
uniform,5,8,0.06557954290344864,20.0
uniform,5,9,0.14001198441101703,20.0
uniform,5,10,1.2100603083433026,20.0
uniform,5,11,0.6438057154927868,20.0
random,5,0,0.029594584992318835,47.5
random,5,1,0.7969359739328252,21.0
random,5,2,1.2617076842607748,4.5
random,5,3,0.5744464325819414,1.0
random,5,4,0.06844421541864999,21.0
random,5,5,0.6764178221944444,15.0
random,5,6,2.695666018308289,3.5
random,5,7,0.29116273803471676,0.0
random,5,8,0.06557954290344864,40.0
random,5,9,0.14001198441101703,21.0
random,5,10,1.2100603083433026,30.0
random,5,11,0.6438057154927868,35.0
eig@gamma-poisson,5,0,0.029594584992318835,0.0
eig@gamma-poisson,5,1,0.7969359739328252,24.0
eig@gamma-poisson,5,2,1.2617076842607748,24.0
eig@gamma-poisson,5,3,0.5744464325819414,24.0
eig@gamma-poisson,5,4,0.06844421541864999,22.0
eig@gamma-poisson,5,5,0.6764178221944444,24.0
eig@gamma-poisson,5,6,2.695666018308289,24.0
eig@gamma-poisson,5,7,0.29116273803471676,24.0
eig@gamma-poisson,5,8,0.06557954290344864,12.0
eig@gamma-poisson,5,9,0.14001198441101703,16.0
eig@gamma-poisson,5,10,1.2100603083433026,23.0
eig@gamma-poisson,5,11,0.6438057154927868,23.0
maxent@gamma-poisson,5,0,0.029594584992318835,0.0
maxent@gamma-poisson,5,1,0.7969359739328252,1.0
maxent@gamma-poisson,5,2,1.2617076842607748,1.0
maxent@gamma-poisson,5,3,0.5744464325819414,2.0
maxent@gamma-poisson,5,4,0.06844421541864999,0.0
maxent@gamma-poisson,5,5,0.6764178221944444,1.0
maxent@gamma-poisson,5,6,2.695666018308289,235.0
maxent@gamma-poisson,5,7,0.29116273803471676,0.0
maxent@gamma-poisson,5,8,0.06557954290344864,0.0
maxent@gamma-poisson,5,9,0.14001198441101703,0.0
maxent@gamma-poisson,5,10,1.2100603083433026,0.0
maxent@gamma-poisson,5,11,0.6438057154927868,0.0
d-optimality@gamma-poisson,5,0,0.029594584992318835,0.0
d-optimality@gamma-poisson,5,1,0.7969359739328252,23.0
d-optimality@gamma-poisson,5,2,1.2617076842607748,23.0
d-optimality@gamma-poisson,5,3,0.5744464325819414,22.0
d-optimality@gamma-poisson,5,4,0.06844421541864999,22.0
d-optimality@gamma-poisson,5,5,0.6764178221944444,22.0
d-optimality@gamma-poisson,5,6,2.695666018308289,23.0
d-optimality@gamma-poisson,5,7,0.29116273803471676,23.0
d-optimality@gamma-poisson,5,8,0.06557954290344864,19.0
d-optimality@gamma-poisson,5,9,0.14001198441101703,21.0
d-optimality@gamma-poisson,5,10,1.2100603083433026,21.0
d-optimality@gamma-poisson,5,11,0.6438057154927868,21.0
neyman@gamma-poisson,5,0,0.029594584992318835,8.0
neyman@gamma-poisson,5,1,0.7969359739328252,25.0
neyman@gamma-poisson,5,2,1.2617076842607748,27.0
neyman@gamma-poisson,5,3,0.5744464325819414,18.0
neyman@gamma-poisson,5,4,0.06844421541864999,8.0
neyman@gamma-poisson,5,5,0.6764178221944444,25.0
neyman@gamma-poisson,5,6,2.695666018308289,47.0
neyman@gamma-poisson,5,7,0.29116273803471676,19.0
neyman@gamma-poisson,5,8,0.06557954290344864,5.0
neyman@gamma-poisson,5,9,0.14001198441101703,7.0
neyman@gamma-poisson,5,10,1.2100603083433026,30.0
neyman@gamma-poisson,5,11,0.6438057154927868,21.0
predictive-variance@gamma-poisson,5,0,0.029594584992318835,0.0
predictive-variance@gamma-poisson,5,1,0.7969359739328252,40.0
predictive-variance@gamma-poisson,5,2,1.2617076842607748,40.0
predictive-variance@gamma-poisson,5,3,0.5744464325819414,40.0
predictive-variance@gamma-poisson,5,4,0.06844421541864999,0.0
predictive-variance@gamma-poisson,5,5,0.6764178221944444,40.0
predictive-variance@gamma-poisson,5,6,2.695666018308289,40.0
predictive-variance@gamma-poisson,5,7,0.29116273803471676,40.0
predictive-variance@gamma-poisson,5,8,0.06557954290344864,0.0
predictive-variance@gamma-poisson,5,9,0.14001198441101703,0.0
predictive-variance@gamma-poisson,5,10,1.2100603083433026,0.0
predictive-variance@gamma-poisson,5,11,0.6438057154927868,0.0
epistemic@gamma-poisson,5,0,0.029594584992318835,0.0
epistemic@gamma-poisson,5,1,0.7969359739328252,40.0
epistemic@gamma-poisson,5,2,1.2617076842607748,40.0
epistemic@gamma-poisson,5,3,0.5744464325819414,40.0
epistemic@gamma-poisson,5,4,0.06844421541864999,0.0
epistemic@gamma-poisson,5,5,0.6764178221944444,40.0
epistemic@gamma-poisson,5,6,2.695666018308289,40.0
epistemic@gamma-poisson,5,7,0.29116273803471676,40.0
epistemic@gamma-poisson,5,8,0.06557954290344864,0.0
epistemic@gamma-poisson,5,9,0.14001198441101703,0.0
epistemic@gamma-poisson,5,10,1.2100603083433026,0.0
epistemic@gamma-poisson,5,11,0.6438057154927868,0.0
thompson@gamma-poisson,5,0,0.029594584992318835,0.0
thompson@gamma-poisson,5,1,0.7969359739328252,40.0
thompson@gamma-poisson,5,2,1.2617076842607748,40.0
thompson@gamma-poisson,5,3,0.5744464325819414,0.0
thompson@gamma-poisson,5,4,0.06844421541864999,0.0
thompson@gamma-poisson,5,5,0.6764178221944444,40.0
thompson@gamma-poisson,5,6,2.695666018308289,80.0
thompson@gamma-poisson,5,7,0.29116273803471676,40.0
thompson@gamma-poisson,5,8,0.06557954290344864,0.0
thompson@gamma-poisson,5,9,0.14001198441101703,0.0
thompson@gamma-poisson,5,10,1.2100603083433026,0.0
thompson@gamma-poisson,5,11,0.6438057154927868,0.0
epig@gamma-poisson,5,0,0.029594584992318835,0.0
epig@gamma-poisson,5,1,0.7969359739328252,25.0
epig@gamma-poisson,5,2,1.2617076842607748,24.0
epig@gamma-poisson,5,3,0.5744464325819414,22.0
epig@gamma-poisson,5,4,0.06844421541864999,25.0
epig@gamma-poisson,5,5,0.6764178221944444,25.0
epig@gamma-poisson,5,6,2.695666018308289,24.0
epig@gamma-poisson,5,7,0.29116273803471676,22.0
epig@gamma-poisson,5,8,0.06557954290344864,12.0
epig@gamma-poisson,5,9,0.14001198441101703,16.0
epig@gamma-poisson,5,10,1.2100603083433026,25.0
epig@gamma-poisson,5,11,0.6438057154927868,20.0
eig@lognormal-poisson,5,0,0.029594584992318835,0.0
eig@lognormal-poisson,5,1,0.7969359739328252,26.0
eig@lognormal-poisson,5,2,1.2617076842607748,27.0
eig@lognormal-poisson,5,3,0.5744464325819414,25.0
eig@lognormal-poisson,5,4,0.06844421541864999,13.0
eig@lognormal-poisson,5,5,0.6764178221944444,24.0
eig@lognormal-poisson,5,6,2.695666018308289,27.0
eig@lognormal-poisson,5,7,0.29116273803471676,26.0
eig@lognormal-poisson,5,8,0.06557954290344864,8.0
eig@lognormal-poisson,5,9,0.14001198441101703,12.0
eig@lognormal-poisson,5,10,1.2100603083433026,26.0
eig@lognormal-poisson,5,11,0.6438057154927868,26.0
maxent@lognormal-poisson,5,0,0.029594584992318835,0.0
maxent@lognormal-poisson,5,1,0.7969359739328252,1.0
maxent@lognormal-poisson,5,2,1.2617076842607748,1.0
maxent@lognormal-poisson,5,3,0.5744464325819414,2.0
maxent@lognormal-poisson,5,4,0.06844421541864999,0.0
maxent@lognormal-poisson,5,5,0.6764178221944444,1.0
maxent@lognormal-poisson,5,6,2.695666018308289,234.0
maxent@lognormal-poisson,5,7,0.29116273803471676,1.0
maxent@lognormal-poisson,5,8,0.06557954290344864,0.0
maxent@lognormal-poisson,5,9,0.14001198441101703,0.0
maxent@lognormal-poisson,5,10,1.2100603083433026,0.0
maxent@lognormal-poisson,5,11,0.6438057154927868,0.0
d-optimality@lognormal-poisson,5,0,0.029594584992318835,0.0
d-optimality@lognormal-poisson,5,1,0.7969359739328252,25.0
d-optimality@lognormal-poisson,5,2,1.2617076842607748,25.0
d-optimality@lognormal-poisson,5,3,0.5744464325819414,24.0
d-optimality@lognormal-poisson,5,4,0.06844421541864999,18.0
d-optimality@lognormal-poisson,5,5,0.6764178221944444,23.0
d-optimality@lognormal-poisson,5,6,2.695666018308289,26.0
d-optimality@lognormal-poisson,5,7,0.29116273803471676,25.0
d-optimality@lognormal-poisson,5,8,0.06557954290344864,11.0
d-optimality@lognormal-poisson,5,9,0.14001198441101703,14.0
d-optimality@lognormal-poisson,5,10,1.2100603083433026,24.0
d-optimality@lognormal-poisson,5,11,0.6438057154927868,25.0
neyman@lognormal-poisson,5,0,0.029594584992318835,7.0
neyman@lognormal-poisson,5,1,0.7969359739328252,25.0
neyman@lognormal-poisson,5,2,1.2617076842607748,27.0
neyman@lognormal-poisson,5,3,0.5744464325819414,19.0
neyman@lognormal-poisson,5,4,0.06844421541864999,11.0
neyman@lognormal-poisson,5,5,0.6764178221944444,25.0
neyman@lognormal-poisson,5,6,2.695666018308289,46.0
neyman@lognormal-poisson,5,7,0.29116273803471676,18.0
neyman@lognormal-poisson,5,8,0.06557954290344864,6.0
neyman@lognormal-poisson,5,9,0.14001198441101703,8.0
neyman@lognormal-poisson,5,10,1.2100603083433026,27.0
neyman@lognormal-poisson,5,11,0.6438057154927868,21.0
predictive-variance@lognormal-poisson,5,0,0.029594584992318835,0.0
predictive-variance@lognormal-poisson,5,1,0.7969359739328252,40.0
predictive-variance@lognormal-poisson,5,2,1.2617076842607748,40.0
predictive-variance@lognormal-poisson,5,3,0.5744464325819414,40.0
predictive-variance@lognormal-poisson,5,4,0.06844421541864999,0.0
predictive-variance@lognormal-poisson,5,5,0.6764178221944444,40.0
predictive-variance@lognormal-poisson,5,6,2.695666018308289,40.0
predictive-variance@lognormal-poisson,5,7,0.29116273803471676,40.0
predictive-variance@lognormal-poisson,5,8,0.06557954290344864,0.0
predictive-variance@lognormal-poisson,5,9,0.14001198441101703,0.0
predictive-variance@lognormal-poisson,5,10,1.2100603083433026,0.0
predictive-variance@lognormal-poisson,5,11,0.6438057154927868,0.0
epistemic@lognormal-poisson,5,0,0.029594584992318835,0.0
epistemic@lognormal-poisson,5,1,0.7969359739328252,40.0
epistemic@lognormal-poisson,5,2,1.2617076842607748,40.0
epistemic@lognormal-poisson,5,3,0.5744464325819414,40.0
epistemic@lognormal-poisson,5,4,0.06844421541864999,0.0
epistemic@lognormal-poisson,5,5,0.6764178221944444,40.0
epistemic@lognormal-poisson,5,6,2.695666018308289,40.0
epistemic@lognormal-poisson,5,7,0.29116273803471676,40.0
epistemic@lognormal-poisson,5,8,0.06557954290344864,0.0
epistemic@lognormal-poisson,5,9,0.14001198441101703,0.0
epistemic@lognormal-poisson,5,10,1.2100603083433026,0.0
epistemic@lognormal-poisson,5,11,0.6438057154927868,0.0
thompson@lognormal-poisson,5,0,0.029594584992318835,0.0
thompson@lognormal-poisson,5,1,0.7969359739328252,40.0
thompson@lognormal-poisson,5,2,1.2617076842607748,80.0
thompson@lognormal-poisson,5,3,0.5744464325819414,40.0
thompson@lognormal-poisson,5,4,0.06844421541864999,0.0
thompson@lognormal-poisson,5,5,0.6764178221944444,40.0
thompson@lognormal-poisson,5,6,2.695666018308289,40.0
thompson@lognormal-poisson,5,7,0.29116273803471676,0.0
thompson@lognormal-poisson,5,8,0.06557954290344864,0.0
thompson@lognormal-poisson,5,9,0.14001198441101703,0.0
thompson@lognormal-poisson,5,10,1.2100603083433026,0.0
thompson@lognormal-poisson,5,11,0.6438057154927868,0.0
eig,6,0,0.17395464634141072,30.0
eig,6,1,0.06311407804336686,14.0
eig,6,2,0.44239520721021425,35.0
eig,6,3,0.02962685061973292,5.0
eig,6,4,0.006161341312294632,9.0
eig,6,5,2.124956731737329,39.0
eig,6,6,0.14961322539701252,14.0
eig,6,7,0.04678915746588851,0.0
eig,6,8,0.24071113549344048,31.0
eig,6,9,0.06923526316113958,19.0
eig,6,10,0.057210359189370216,7.0
eig,6,11,0.6598177323733374,37.0
epig,6,0,0.17395464634141072,27.0
epig,6,1,0.06311407804336686,15.0
epig,6,2,0.44239520721021425,31.0
epig,6,3,0.02962685061973292,8.0
epig,6,4,0.006161341312294632,13.0
epig,6,5,2.124956731737329,38.0
epig,6,6,0.14961322539701252,16.0
epig,6,7,0.04678915746588851,0.0
epig,6,8,0.24071113549344048,30.0
epig,6,9,0.06923526316113958,18.0
epig,6,10,0.057210359189370216,11.0
epig,6,11,0.6598177323733374,33.0
maxent,6,0,0.17395464634141072,0.0
maxent,6,1,0.06311407804336686,0.0
maxent,6,2,0.44239520721021425,4.0
maxent,6,3,0.02962685061973292,0.0
maxent,6,4,0.006161341312294632,0.0
maxent,6,5,2.124956731737329,235.0
maxent,6,6,0.14961322539701252,0.0
maxent,6,7,0.04678915746588851,0.0
maxent,6,8,0.24071113549344048,0.0
maxent,6,9,0.06923526316113958,0.0
maxent,6,10,0.057210359189370216,0.0
maxent,6,11,0.6598177323733374,1.0
d-optimality,6,0,0.17395464634141072,28.0
d-optimality,6,1,0.06311407804336686,16.0
d-optimality,6,2,0.44239520721021425,31.0
d-optimality,6,3,0.02962685061973292,9.0
d-optimality,6,4,0.006161341312294632,13.0
d-optimality,6,5,2.124956731737329,34.0
d-optimality,6,6,0.14961322539701252,16.0
d-optimality,6,7,0.04678915746588851,1.0
d-optimality,6,8,0.24071113549344048,29.0
d-optimality,6,9,0.06923526316113958,18.0
d-optimality,6,10,0.057210359189370216,12.0
d-optimality,6,11,0.6598177323733374,33.0
neyman,6,0,0.17395464634141072,15.0
neyman,6,1,0.06311407804336686,12.0
neyman,6,2,0.44239520721021425,33.0
neyman,6,3,0.02962685061973292,9.0
neyman,6,4,0.006161341312294632,9.0
neyman,6,5,2.124956731737329,62.0
neyman,6,6,0.14961322539701252,12.0
neyman,6,7,0.04678915746588851,14.0
neyman,6,8,0.24071113549344048,18.0
neyman,6,9,0.06923526316113958,15.0
neyman,6,10,0.057210359189370216,9.0
neyman,6,11,0.6598177323733374,32.0
predictive-variance,6,0,0.17395464634141072,0.0
predictive-variance,6,1,0.06311407804336686,0.0
predictive-variance,6,2,0.44239520721021425,40.0
predictive-variance,6,3,0.02962685061973292,0.0
predictive-variance,6,4,0.006161341312294632,0.0
predictive-variance,6,5,2.124956731737329,160.0
predictive-variance,6,6,0.14961322539701252,0.0
predictive-variance,6,7,0.04678915746588851,0.0
predictive-variance,6,8,0.24071113549344048,0.0
predictive-variance,6,9,0.06923526316113958,0.0
predictive-variance,6,10,0.057210359189370216,0.0
predictive-variance,6,11,0.6598177323733374,40.0
epistemic,6,0,0.17395464634141072,40.0
epistemic,6,1,0.06311407804336686,40.0
epistemic,6,2,0.44239520721021425,40.0
epistemic,6,3,0.02962685061973292,0.0
epistemic,6,4,0.006161341312294632,0.0
epistemic,6,5,2.124956731737329,40.0
epistemic,6,6,0.14961322539701252,40.0
epistemic,6,7,0.04678915746588851,0.0
epistemic,6,8,0.24071113549344048,0.0
epistemic,6,9,0.06923526316113958,0.0
epistemic,6,10,0.057210359189370216,0.0
epistemic,6,11,0.6598177323733374,40.0
thompson,6,0,0.17395464634141072,0.0
thompson,6,1,0.06311407804336686,0.0
thompson,6,2,0.44239520721021425,80.0
thompson,6,3,0.02962685061973292,0.0
thompson,6,4,0.006161341312294632,0.0
thompson,6,5,2.124956731737329,160.0
thompson,6,6,0.14961322539701252,0.0
thompson,6,7,0.04678915746588851,0.0
thompson,6,8,0.24071113549344048,0.0
thompson,6,9,0.06923526316113958,0.0
thompson,6,10,0.057210359189370216,0.0
thompson,6,11,0.6598177323733374,0.0
uniform,6,0,0.17395464634141072,20.0
uniform,6,1,0.06311407804336686,20.0
uniform,6,2,0.44239520721021425,20.0
uniform,6,3,0.02962685061973292,20.0
uniform,6,4,0.006161341312294632,20.0
uniform,6,5,2.124956731737329,20.0
uniform,6,6,0.14961322539701252,20.0
uniform,6,7,0.04678915746588851,20.0
uniform,6,8,0.24071113549344048,20.0
uniform,6,9,0.06923526316113958,20.0
uniform,6,10,0.057210359189370216,20.0
uniform,6,11,0.6598177323733374,20.0
random,6,0,0.17395464634141072,20.0
random,6,1,0.06311407804336686,43.0
random,6,2,0.44239520721021425,25.0
random,6,3,0.02962685061973292,21.0
random,6,4,0.006161341312294632,0.0
random,6,5,2.124956731737329,40.0
random,6,6,0.14961322539701252,2.5
random,6,7,0.04678915746588851,6.0
random,6,8,0.24071113549344048,41.0
random,6,9,0.06923526316113958,40.0
random,6,10,0.057210359189370216,1.0
random,6,11,0.6598177323733374,0.0
eig@gamma-poisson,6,0,0.17395464634141072,26.0
eig@gamma-poisson,6,1,0.06311407804336686,21.0
eig@gamma-poisson,6,2,0.44239520721021425,31.0
eig@gamma-poisson,6,3,0.02962685061973292,7.0
eig@gamma-poisson,6,4,0.006161341312294632,13.0
eig@gamma-poisson,6,5,2.124956731737329,31.0
eig@gamma-poisson,6,6,0.14961322539701252,26.0
eig@gamma-poisson,6,7,0.04678915746588851,0.0
eig@gamma-poisson,6,8,0.24071113549344048,27.0
eig@gamma-poisson,6,9,0.06923526316113958,16.0
eig@gamma-poisson,6,10,0.057210359189370216,11.0
eig@gamma-poisson,6,11,0.6598177323733374,31.0
maxent@gamma-poisson,6,0,0.17395464634141072,0.0
maxent@gamma-poisson,6,1,0.06311407804336686,0.0
maxent@gamma-poisson,6,2,0.44239520721021425,4.0
maxent@gamma-poisson,6,3,0.02962685061973292,0.0
maxent@gamma-poisson,6,4,0.006161341312294632,0.0
maxent@gamma-poisson,6,5,2.124956731737329,235.0
maxent@gamma-poisson,6,6,0.14961322539701252,0.0
maxent@gamma-poisson,6,7,0.04678915746588851,0.0
maxent@gamma-poisson,6,8,0.24071113549344048,0.0
maxent@gamma-poisson,6,9,0.06923526316113958,0.0
maxent@gamma-poisson,6,10,0.057210359189370216,0.0
maxent@gamma-poisson,6,11,0.6598177323733374,1.0
d-optimality@gamma-poisson,6,0,0.17395464634141072,24.0
d-optimality@gamma-poisson,6,1,0.06311407804336686,24.0
d-optimality@gamma-poisson,6,2,0.44239520721021425,28.0
d-optimality@gamma-poisson,6,3,0.02962685061973292,11.0
d-optimality@gamma-poisson,6,4,0.006161341312294632,19.0
d-optimality@gamma-poisson,6,5,2.124956731737329,27.0
d-optimality@gamma-poisson,6,6,0.14961322539701252,25.0
d-optimality@gamma-poisson,6,7,0.04678915746588851,0.0
d-optimality@gamma-poisson,6,8,0.24071113549344048,24.0
d-optimality@gamma-poisson,6,9,0.06923526316113958,14.0
d-optimality@gamma-poisson,6,10,0.057210359189370216,17.0
d-optimality@gamma-poisson,6,11,0.6598177323733374,27.0
neyman@gamma-poisson,6,0,0.17395464634141072,18.0
neyman@gamma-poisson,6,1,0.06311407804336686,10.0
neyman@gamma-poisson,6,2,0.44239520721021425,33.0
neyman@gamma-poisson,6,3,0.02962685061973292,9.0
neyman@gamma-poisson,6,4,0.006161341312294632,9.0
neyman@gamma-poisson,6,5,2.124956731737329,62.0
neyman@gamma-poisson,6,6,0.14961322539701252,10.0
neyman@gamma-poisson,6,7,0.04678915746588851,14.0
neyman@gamma-poisson,6,8,0.24071113549344048,19.0
neyman@gamma-poisson,6,9,0.06923526316113958,15.0
neyman@gamma-poisson,6,10,0.057210359189370216,9.0
neyman@gamma-poisson,6,11,0.6598177323733374,32.0
predictive-variance@gamma-poisson,6,0,0.17395464634141072,0.0
predictive-variance@gamma-poisson,6,1,0.06311407804336686,0.0
predictive-variance@gamma-poisson,6,2,0.44239520721021425,40.0
predictive-variance@gamma-poisson,6,3,0.02962685061973292,0.0
predictive-variance@gamma-poisson,6,4,0.006161341312294632,0.0
predictive-variance@gamma-poisson,6,5,2.124956731737329,160.0
predictive-variance@gamma-poisson,6,6,0.14961322539701252,0.0
predictive-variance@gamma-poisson,6,7,0.04678915746588851,0.0
predictive-variance@gamma-poisson,6,8,0.24071113549344048,0.0
predictive-variance@gamma-poisson,6,9,0.06923526316113958,0.0
predictive-variance@gamma-poisson,6,10,0.057210359189370216,0.0
predictive-variance@gamma-poisson,6,11,0.6598177323733374,40.0
epistemic@gamma-poisson,6,0,0.17395464634141072,40.0
epistemic@gamma-poisson,6,1,0.06311407804336686,40.0
epistemic@gamma-poisson,6,2,0.44239520721021425,40.0
epistemic@gamma-poisson,6,3,0.02962685061973292,0.0
epistemic@gamma-poisson,6,4,0.006161341312294632,0.0
epistemic@gamma-poisson,6,5,2.124956731737329,40.0
epistemic@gamma-poisson,6,6,0.14961322539701252,40.0
epistemic@gamma-poisson,6,7,0.04678915746588851,0.0
epistemic@gamma-poisson,6,8,0.24071113549344048,0.0
epistemic@gamma-poisson,6,9,0.06923526316113958,0.0
epistemic@gamma-poisson,6,10,0.057210359189370216,0.0
epistemic@gamma-poisson,6,11,0.6598177323733374,40.0
thompson@gamma-poisson,6,0,0.17395464634141072,0.0
thompson@gamma-poisson,6,1,0.06311407804336686,0.0
thompson@gamma-poisson,6,2,0.44239520721021425,40.0
thompson@gamma-poisson,6,3,0.02962685061973292,0.0
thompson@gamma-poisson,6,4,0.006161341312294632,0.0
thompson@gamma-poisson,6,5,2.124956731737329,160.0
thompson@gamma-poisson,6,6,0.14961322539701252,0.0
thompson@gamma-poisson,6,7,0.04678915746588851,0.0
thompson@gamma-poisson,6,8,0.24071113549344048,0.0
thompson@gamma-poisson,6,9,0.06923526316113958,0.0
thompson@gamma-poisson,6,10,0.057210359189370216,0.0
thompson@gamma-poisson,6,11,0.6598177323733374,40.0
epig@gamma-poisson,6,0,0.17395464634141072,23.0
epig@gamma-poisson,6,1,0.06311407804336686,22.0
epig@gamma-poisson,6,2,0.44239520721021425,28.0
epig@gamma-poisson,6,3,0.02962685061973292,9.0
epig@gamma-poisson,6,4,0.006161341312294632,17.0
epig@gamma-poisson,6,5,2.124956731737329,30.0
epig@gamma-poisson,6,6,0.14961322539701252,26.0
epig@gamma-poisson,6,7,0.04678915746588851,0.0
epig@gamma-poisson,6,8,0.24071113549344048,25.0
epig@gamma-poisson,6,9,0.06923526316113958,14.0
epig@gamma-poisson,6,10,0.057210359189370216,19.0
epig@gamma-poisson,6,11,0.6598177323733374,27.0
eig@lognormal-poisson,6,0,0.17395464634141072,29.0
eig@lognormal-poisson,6,1,0.06311407804336686,17.0
eig@lognormal-poisson,6,2,0.44239520721021425,37.0
eig@lognormal-poisson,6,3,0.02962685061973292,4.0
eig@lognormal-poisson,6,4,0.006161341312294632,8.0
eig@lognormal-poisson,6,5,2.124956731737329,38.0
eig@lognormal-poisson,6,6,0.14961322539701252,16.0
eig@lognormal-poisson,6,7,0.04678915746588851,0.0
eig@lognormal-poisson,6,8,0.24071113549344048,30.0
eig@lognormal-poisson,6,9,0.06923526316113958,18.0
eig@lognormal-poisson,6,10,0.057210359189370216,6.0
eig@lognormal-poisson,6,11,0.6598177323733374,37.0
maxent@lognormal-poisson,6,0,0.17395464634141072,0.0
maxent@lognormal-poisson,6,1,0.06311407804336686,0.0
maxent@lognormal-poisson,6,2,0.44239520721021425,4.0
maxent@lognormal-poisson,6,3,0.02962685061973292,0.0
maxent@lognormal-poisson,6,4,0.006161341312294632,0.0
maxent@lognormal-poisson,6,5,2.124956731737329,235.0
maxent@lognormal-poisson,6,6,0.14961322539701252,0.0
maxent@lognormal-poisson,6,7,0.04678915746588851,0.0
maxent@lognormal-poisson,6,8,0.24071113549344048,0.0
maxent@lognormal-poisson,6,9,0.06923526316113958,0.0
maxent@lognormal-poisson,6,10,0.057210359189370216,0.0
maxent@lognormal-poisson,6,11,0.6598177323733374,1.0
d-optimality@lognormal-poisson,6,0,0.17395464634141072,27.0
d-optimality@lognormal-poisson,6,1,0.06311407804336686,18.0
d-optimality@lognormal-poisson,6,2,0.44239520721021425,33.0
d-optimality@lognormal-poisson,6,3,0.02962685061973292,7.0
d-optimality@lognormal-poisson,6,4,0.006161341312294632,12.0
d-optimality@lognormal-poisson,6,5,2.124956731737329,35.0
d-optimality@lognormal-poisson,6,6,0.14961322539701252,18.0
d-optimality@lognormal-poisson,6,7,0.04678915746588851,1.0
d-optimality@lognormal-poisson,6,8,0.24071113549344048,28.0
d-optimality@lognormal-poisson,6,9,0.06923526316113958,18.0
d-optimality@lognormal-poisson,6,10,0.057210359189370216,10.0
d-optimality@lognormal-poisson,6,11,0.6598177323733374,33.0
neyman@lognormal-poisson,6,0,0.17395464634141072,15.0
neyman@lognormal-poisson,6,1,0.06311407804336686,12.0
neyman@lognormal-poisson,6,2,0.44239520721021425,33.0
neyman@lognormal-poisson,6,3,0.02962685061973292,9.0
neyman@lognormal-poisson,6,4,0.006161341312294632,10.0
neyman@lognormal-poisson,6,5,2.124956731737329,61.0
neyman@lognormal-poisson,6,6,0.14961322539701252,12.0
neyman@lognormal-poisson,6,7,0.04678915746588851,14.0
neyman@lognormal-poisson,6,8,0.24071113549344048,18.0
neyman@lognormal-poisson,6,9,0.06923526316113958,15.0
neyman@lognormal-poisson,6,10,0.057210359189370216,9.0
neyman@lognormal-poisson,6,11,0.6598177323733374,32.0
predictive-variance@lognormal-poisson,6,0,0.17395464634141072,0.0
predictive-variance@lognormal-poisson,6,1,0.06311407804336686,0.0
predictive-variance@lognormal-poisson,6,2,0.44239520721021425,40.0
predictive-variance@lognormal-poisson,6,3,0.02962685061973292,0.0
predictive-variance@lognormal-poisson,6,4,0.006161341312294632,0.0
predictive-variance@lognormal-poisson,6,5,2.124956731737329,160.0
predictive-variance@lognormal-poisson,6,6,0.14961322539701252,0.0
predictive-variance@lognormal-poisson,6,7,0.04678915746588851,0.0
predictive-variance@lognormal-poisson,6,8,0.24071113549344048,0.0
predictive-variance@lognormal-poisson,6,9,0.06923526316113958,0.0
predictive-variance@lognormal-poisson,6,10,0.057210359189370216,0.0
predictive-variance@lognormal-poisson,6,11,0.6598177323733374,40.0
epistemic@lognormal-poisson,6,0,0.17395464634141072,40.0
epistemic@lognormal-poisson,6,1,0.06311407804336686,40.0
epistemic@lognormal-poisson,6,2,0.44239520721021425,40.0
epistemic@lognormal-poisson,6,3,0.02962685061973292,0.0
epistemic@lognormal-poisson,6,4,0.006161341312294632,0.0
epistemic@lognormal-poisson,6,5,2.124956731737329,40.0
epistemic@lognormal-poisson,6,6,0.14961322539701252,40.0
epistemic@lognormal-poisson,6,7,0.04678915746588851,0.0
epistemic@lognormal-poisson,6,8,0.24071113549344048,0.0
epistemic@lognormal-poisson,6,9,0.06923526316113958,0.0
epistemic@lognormal-poisson,6,10,0.057210359189370216,0.0
epistemic@lognormal-poisson,6,11,0.6598177323733374,40.0
thompson@lognormal-poisson,6,0,0.17395464634141072,0.0
thompson@lognormal-poisson,6,1,0.06311407804336686,0.0
thompson@lognormal-poisson,6,2,0.44239520721021425,80.0
thompson@lognormal-poisson,6,3,0.02962685061973292,0.0
thompson@lognormal-poisson,6,4,0.006161341312294632,0.0
thompson@lognormal-poisson,6,5,2.124956731737329,120.0
thompson@lognormal-poisson,6,6,0.14961322539701252,0.0
thompson@lognormal-poisson,6,7,0.04678915746588851,0.0
thompson@lognormal-poisson,6,8,0.24071113549344048,0.0
thompson@lognormal-poisson,6,9,0.06923526316113958,0.0
thompson@lognormal-poisson,6,10,0.057210359189370216,0.0
thompson@lognormal-poisson,6,11,0.6598177323733374,40.0
eig,7,0,0.10400676820467242,0.0
eig,7,1,0.7955034286948033,26.0
eig,7,2,1.5115534075833323,28.0
eig,7,3,0.3342576924416301,19.0
eig,7,4,0.9089167577655853,27.0
eig,7,5,3.544535190492942,28.0
eig,7,6,0.05782858531149256,4.0
eig,7,7,0.639385917921977,28.0
eig,7,8,0.17363611176439908,9.0
eig,7,9,0.9514073000582262,28.0
eig,7,10,0.34803272393437157,18.0
eig,7,11,0.25421145258935796,25.0
epig,7,0,0.10400676820467242,0.0
epig,7,1,0.7955034286948033,30.0
epig,7,2,1.5115534075833323,25.0
epig,7,3,0.3342576924416301,20.0
epig,7,4,0.9089167577655853,25.0
epig,7,5,3.544535190492942,30.0
epig,7,6,0.05782858531149256,5.0
epig,7,7,0.639385917921977,25.0
epig,7,8,0.17363611176439908,12.0
epig,7,9,0.9514073000582262,26.0
epig,7,10,0.34803272393437157,18.0
epig,7,11,0.25421145258935796,24.0
maxent,7,0,0.10400676820467242,0.0
maxent,7,1,0.7955034286948033,1.0
maxent,7,2,1.5115534075833323,1.0
maxent,7,3,0.3342576924416301,1.0
maxent,7,4,0.9089167577655853,0.0
maxent,7,5,3.544535190492942,236.0
maxent,7,6,0.05782858531149256,0.0
maxent,7,7,0.639385917921977,0.0
maxent,7,8,0.17363611176439908,0.0
maxent,7,9,0.9514073000582262,0.0
maxent,7,10,0.34803272393437157,0.0
maxent,7,11,0.25421145258935796,1.0
d-optimality,7,0,0.10400676820467242,1.0
d-optimality,7,1,0.7955034286948033,25.0
d-optimality,7,2,1.5115534075833323,27.0
d-optimality,7,3,0.3342576924416301,19.0
d-optimality,7,4,0.9089167577655853,26.0
d-optimality,7,5,3.544535190492942,27.0
d-optimality,7,6,0.05782858531149256,6.0
d-optimality,7,7,0.639385917921977,27.0
d-optimality,7,8,0.17363611176439908,12.0
d-optimality,7,9,0.9514073000582262,27.0
d-optimality,7,10,0.34803272393437157,18.0
d-optimality,7,11,0.25421145258935796,25.0
neyman,7,0,0.10400676820467242,7.0
neyman,7,1,0.7955034286948033,27.0
neyman,7,2,1.5115534075833323,27.0
neyman,7,3,0.3342576924416301,17.0
neyman,7,4,0.9089167577655853,18.0
neyman,7,5,3.544535190492942,51.0
neyman,7,6,0.05782858531149256,7.0
neyman,7,7,0.639385917921977,20.0
neyman,7,8,0.17363611176439908,9.0
neyman,7,9,0.9514073000582262,26.0
neyman,7,10,0.34803272393437157,14.0
neyman,7,11,0.25421145258935796,17.0
predictive-variance,7,0,0.10400676820467242,0.0
predictive-variance,7,1,0.7955034286948033,40.0
predictive-variance,7,2,1.5115534075833323,40.0
predictive-variance,7,3,0.3342576924416301,40.0
predictive-variance,7,4,0.9089167577655853,0.0
predictive-variance,7,5,3.544535190492942,40.0
predictive-variance,7,6,0.05782858531149256,0.0
predictive-variance,7,7,0.639385917921977,40.0
predictive-variance,7,8,0.17363611176439908,0.0
predictive-variance,7,9,0.9514073000582262,0.0
predictive-variance,7,10,0.34803272393437157,0.0
predictive-variance,7,11,0.25421145258935796,40.0
epistemic,7,0,0.10400676820467242,0.0
epistemic,7,1,0.7955034286948033,40.0
epistemic,7,2,1.5115534075833323,40.0
epistemic,7,3,0.3342576924416301,40.0
epistemic,7,4,0.9089167577655853,0.0
epistemic,7,5,3.544535190492942,40.0
epistemic,7,6,0.05782858531149256,0.0
epistemic,7,7,0.639385917921977,40.0
epistemic,7,8,0.17363611176439908,0.0
epistemic,7,9,0.9514073000582262,0.0
epistemic,7,10,0.34803272393437157,0.0
epistemic,7,11,0.25421145258935796,40.0
thompson,7,0,0.10400676820467242,0.0
thompson,7,1,0.7955034286948033,40.0
thompson,7,2,1.5115534075833323,0.0
thompson,7,3,0.3342576924416301,0.0
thompson,7,4,0.9089167577655853,0.0
thompson,7,5,3.544535190492942,120.0
thompson,7,6,0.05782858531149256,0.0
thompson,7,7,0.639385917921977,0.0
thompson,7,8,0.17363611176439908,0.0
thompson,7,9,0.9514073000582262,40.0
thompson,7,10,0.34803272393437157,0.0
thompson,7,11,0.25421145258935796,40.0
uniform,7,0,0.10400676820467242,20.0
uniform,7,1,0.7955034286948033,20.0
uniform,7,2,1.5115534075833323,20.0
uniform,7,3,0.3342576924416301,20.0
uniform,7,4,0.9089167577655853,20.0
uniform,7,5,3.544535190492942,20.0
uniform,7,6,0.05782858531149256,20.0
uniform,7,7,0.639385917921977,20.0
uniform,7,8,0.17363611176439908,20.0
uniform,7,9,0.9514073000582262,20.0
uniform,7,10,0.34803272393437157,20.0
uniform,7,11,0.25421145258935796,20.0
random,7,0,0.10400676820467242,4.5
random,7,1,0.7955034286948033,22.5
random,7,2,1.5115534075833323,40.0
random,7,3,0.3342576924416301,2.5
random,7,4,0.9089167577655853,2.0
random,7,5,3.544535190492942,1.0
random,7,6,0.05782858531149256,53.5
random,7,7,0.639385917921977,67.0
random,7,8,0.17363611176439908,22.0
random,7,9,0.9514073000582262,12.0
random,7,10,0.34803272393437157,9.5
random,7,11,0.25421145258935796,3.5
eig@gamma-poisson,7,0,0.10400676820467242,0.0
eig@gamma-poisson,7,1,0.7955034286948033,24.0
eig@gamma-poisson,7,2,1.5115534075833323,25.0
eig@gamma-poisson,7,3,0.3342576924416301,24.0
eig@gamma-poisson,7,4,0.9089167577655853,24.0
eig@gamma-poisson,7,5,3.544535190492942,24.0
eig@gamma-poisson,7,6,0.05782858531149256,7.0
eig@gamma-poisson,7,7,0.639385917921977,24.0
eig@gamma-poisson,7,8,0.17363611176439908,18.0
eig@gamma-poisson,7,9,0.9514073000582262,23.0
eig@gamma-poisson,7,10,0.34803272393437157,22.0
eig@gamma-poisson,7,11,0.25421145258935796,25.0
maxent@gamma-poisson,7,0,0.10400676820467242,0.0
maxent@gamma-poisson,7,1,0.7955034286948033,1.0
maxent@gamma-poisson,7,2,1.5115534075833323,1.0
maxent@gamma-poisson,7,3,0.3342576924416301,1.0
maxent@gamma-poisson,7,4,0.9089167577655853,0.0
maxent@gamma-poisson,7,5,3.544535190492942,236.0
maxent@gamma-poisson,7,6,0.05782858531149256,0.0
maxent@gamma-poisson,7,7,0.639385917921977,0.0
maxent@gamma-poisson,7,8,0.17363611176439908,0.0
maxent@gamma-poisson,7,9,0.9514073000582262,0.0
maxent@gamma-poisson,7,10,0.34803272393437157,0.0
maxent@gamma-poisson,7,11,0.25421145258935796,1.0
d-optimality@gamma-poisson,7,0,0.10400676820467242,0.0
d-optimality@gamma-poisson,7,1,0.7955034286948033,24.0
d-optimality@gamma-poisson,7,2,1.5115534075833323,24.0
d-optimality@gamma-poisson,7,3,0.3342576924416301,24.0
d-optimality@gamma-poisson,7,4,0.9089167577655853,23.0
d-optimality@gamma-poisson,7,5,3.544535190492942,24.0
d-optimality@gamma-poisson,7,6,0.05782858531149256,8.0
d-optimality@gamma-poisson,7,7,0.639385917921977,24.0
d-optimality@gamma-poisson,7,8,0.17363611176439908,20.0
d-optimality@gamma-poisson,7,9,0.9514073000582262,23.0
d-optimality@gamma-poisson,7,10,0.34803272393437157,22.0
d-optimality@gamma-poisson,7,11,0.25421145258935796,24.0
neyman@gamma-poisson,7,0,0.10400676820467242,8.0
neyman@gamma-poisson,7,1,0.7955034286948033,27.0
neyman@gamma-poisson,7,2,1.5115534075833323,27.0
neyman@gamma-poisson,7,3,0.3342576924416301,15.0
neyman@gamma-poisson,7,4,0.9089167577655853,18.0
neyman@gamma-poisson,7,5,3.544535190492942,52.0
neyman@gamma-poisson,7,6,0.05782858531149256,7.0
neyman@gamma-poisson,7,7,0.639385917921977,21.0
neyman@gamma-poisson,7,8,0.17363611176439908,8.0
neyman@gamma-poisson,7,9,0.9514073000582262,26.0
neyman@gamma-poisson,7,10,0.34803272393437157,14.0
neyman@gamma-poisson,7,11,0.25421145258935796,17.0
predictive-variance@gamma-poisson,7,0,0.10400676820467242,0.0
predictive-variance@gamma-poisson,7,1,0.7955034286948033,40.0
predictive-variance@gamma-poisson,7,2,1.5115534075833323,40.0
predictive-variance@gamma-poisson,7,3,0.3342576924416301,40.0
predictive-variance@gamma-poisson,7,4,0.9089167577655853,0.0
predictive-variance@gamma-poisson,7,5,3.544535190492942,40.0
predictive-variance@gamma-poisson,7,6,0.05782858531149256,0.0
predictive-variance@gamma-poisson,7,7,0.639385917921977,40.0
predictive-variance@gamma-poisson,7,8,0.17363611176439908,0.0
predictive-variance@gamma-poisson,7,9,0.9514073000582262,0.0
predictive-variance@gamma-poisson,7,10,0.34803272393437157,0.0
predictive-variance@gamma-poisson,7,11,0.25421145258935796,40.0
epistemic@gamma-poisson,7,0,0.10400676820467242,0.0
epistemic@gamma-poisson,7,1,0.7955034286948033,40.0
epistemic@gamma-poisson,7,2,1.5115534075833323,40.0
epistemic@gamma-poisson,7,3,0.3342576924416301,40.0
epistemic@gamma-poisson,7,4,0.9089167577655853,0.0
epistemic@gamma-poisson,7,5,3.544535190492942,40.0
epistemic@gamma-poisson,7,6,0.05782858531149256,0.0
epistemic@gamma-poisson,7,7,0.639385917921977,40.0
epistemic@gamma-poisson,7,8,0.17363611176439908,0.0
epistemic@gamma-poisson,7,9,0.9514073000582262,0.0
epistemic@gamma-poisson,7,10,0.34803272393437157,0.0
epistemic@gamma-poisson,7,11,0.25421145258935796,40.0
thompson@gamma-poisson,7,0,0.10400676820467242,0.0
thompson@gamma-poisson,7,1,0.7955034286948033,40.0
thompson@gamma-poisson,7,2,1.5115534075833323,80.0
thompson@gamma-poisson,7,3,0.3342576924416301,40.0
thompson@gamma-poisson,7,4,0.9089167577655853,40.0
thompson@gamma-poisson,7,5,3.544535190492942,0.0
thompson@gamma-poisson,7,6,0.05782858531149256,0.0
thompson@gamma-poisson,7,7,0.639385917921977,0.0
thompson@gamma-poisson,7,8,0.17363611176439908,0.0
thompson@gamma-poisson,7,9,0.9514073000582262,0.0
thompson@gamma-poisson,7,10,0.34803272393437157,0.0
thompson@gamma-poisson,7,11,0.25421145258935796,40.0
epig@gamma-poisson,7,0,0.10400676820467242,0.0
epig@gamma-poisson,7,1,0.7955034286948033,28.0
epig@gamma-poisson,7,2,1.5115534075833323,22.0
epig@gamma-poisson,7,3,0.3342576924416301,25.0
epig@gamma-poisson,7,4,0.9089167577655853,22.0
epig@gamma-poisson,7,5,3.544535190492942,25.5
epig@gamma-poisson,7,6,0.05782858531149256,6.0
epig@gamma-poisson,7,7,0.639385917921977,22.0
epig@gamma-poisson,7,8,0.17363611176439908,22.0
epig@gamma-poisson,7,9,0.9514073000582262,22.0
epig@gamma-poisson,7,10,0.34803272393437157,22.0
epig@gamma-poisson,7,11,0.25421145258935796,23.0
eig@lognormal-poisson,7,0,0.10400676820467242,0.0
eig@lognormal-poisson,7,1,0.7955034286948033,26.0
eig@lognormal-poisson,7,2,1.5115534075833323,27.0
eig@lognormal-poisson,7,3,0.3342576924416301,22.0
eig@lognormal-poisson,7,4,0.9089167577655853,26.0
eig@lognormal-poisson,7,5,3.544535190492942,28.0
eig@lognormal-poisson,7,6,0.05782858531149256,3.0
eig@lognormal-poisson,7,7,0.639385917921977,27.0
eig@lognormal-poisson,7,8,0.17363611176439908,9.0
eig@lognormal-poisson,7,9,0.9514073000582262,27.0
eig@lognormal-poisson,7,10,0.34803272393437157,20.0
eig@lognormal-poisson,7,11,0.25421145258935796,25.0
maxent@lognormal-poisson,7,0,0.10400676820467242,0.0
maxent@lognormal-poisson,7,1,0.7955034286948033,1.0
maxent@lognormal-poisson,7,2,1.5115534075833323,1.0
maxent@lognormal-poisson,7,3,0.3342576924416301,1.0
maxent@lognormal-poisson,7,4,0.9089167577655853,0.0
maxent@lognormal-poisson,7,5,3.544535190492942,236.0
maxent@lognormal-poisson,7,6,0.05782858531149256,0.0
maxent@lognormal-poisson,7,7,0.639385917921977,0.0
maxent@lognormal-poisson,7,8,0.17363611176439908,0.0
maxent@lognormal-poisson,7,9,0.9514073000582262,0.0
maxent@lognormal-poisson,7,10,0.34803272393437157,0.0
maxent@lognormal-poisson,7,11,0.25421145258935796,1.0
d-optimality@lognormal-poisson,7,0,0.10400676820467242,1.0
d-optimality@lognormal-poisson,7,1,0.7955034286948033,25.0
d-optimality@lognormal-poisson,7,2,1.5115534075833323,26.0
d-optimality@lognormal-poisson,7,3,0.3342576924416301,22.0
d-optimality@lognormal-poisson,7,4,0.9089167577655853,25.0
d-optimality@lognormal-poisson,7,5,3.544535190492942,27.0
d-optimality@lognormal-poisson,7,6,0.05782858531149256,5.0
d-optimality@lognormal-poisson,7,7,0.639385917921977,26.0
d-optimality@lognormal-poisson,7,8,0.17363611176439908,12.0
d-optimality@lognormal-poisson,7,9,0.9514073000582262,26.0
d-optimality@lognormal-poisson,7,10,0.34803272393437157,20.0
d-optimality@lognormal-poisson,7,11,0.25421145258935796,25.0
neyman@lognormal-poisson,7,0,0.10400676820467242,7.0
neyman@lognormal-poisson,7,1,0.7955034286948033,27.0
neyman@lognormal-poisson,7,2,1.5115534075833323,27.0
neyman@lognormal-poisson,7,3,0.3342576924416301,17.0
neyman@lognormal-poisson,7,4,0.9089167577655853,18.0
neyman@lognormal-poisson,7,5,3.544535190492942,51.0
neyman@lognormal-poisson,7,6,0.05782858531149256,7.0
neyman@lognormal-poisson,7,7,0.639385917921977,20.0
neyman@lognormal-poisson,7,8,0.17363611176439908,9.0
neyman@lognormal-poisson,7,9,0.9514073000582262,26.0
neyman@lognormal-poisson,7,10,0.34803272393437157,14.0
neyman@lognormal-poisson,7,11,0.25421145258935796,17.0
predictive-variance@lognormal-poisson,7,0,0.10400676820467242,0.0
predictive-variance@lognormal-poisson,7,1,0.7955034286948033,40.0
predictive-variance@lognormal-poisson,7,2,1.5115534075833323,40.0
predictive-variance@lognormal-poisson,7,3,0.3342576924416301,40.0
predictive-variance@lognormal-poisson,7,4,0.9089167577655853,0.0
predictive-variance@lognormal-poisson,7,5,3.544535190492942,40.0
predictive-variance@lognormal-poisson,7,6,0.05782858531149256,0.0
predictive-variance@lognormal-poisson,7,7,0.639385917921977,40.0
predictive-variance@lognormal-poisson,7,8,0.17363611176439908,0.0
predictive-variance@lognormal-poisson,7,9,0.9514073000582262,0.0
predictive-variance@lognormal-poisson,7,10,0.34803272393437157,0.0
predictive-variance@lognormal-poisson,7,11,0.25421145258935796,40.0
epistemic@lognormal-poisson,7,0,0.10400676820467242,0.0
epistemic@lognormal-poisson,7,1,0.7955034286948033,40.0
epistemic@lognormal-poisson,7,2,1.5115534075833323,40.0
epistemic@lognormal-poisson,7,3,0.3342576924416301,40.0
epistemic@lognormal-poisson,7,4,0.9089167577655853,0.0
epistemic@lognormal-poisson,7,5,3.544535190492942,40.0
epistemic@lognormal-poisson,7,6,0.05782858531149256,0.0
epistemic@lognormal-poisson,7,7,0.639385917921977,40.0
epistemic@lognormal-poisson,7,8,0.17363611176439908,0.0
epistemic@lognormal-poisson,7,9,0.9514073000582262,0.0
epistemic@lognormal-poisson,7,10,0.34803272393437157,0.0
epistemic@lognormal-poisson,7,11,0.25421145258935796,40.0
thompson@lognormal-poisson,7,0,0.10400676820467242,0.0
thompson@lognormal-poisson,7,1,0.7955034286948033,40.0
thompson@lognormal-poisson,7,2,1.5115534075833323,40.0
thompson@lognormal-poisson,7,3,0.3342576924416301,0.0
thompson@lognormal-poisson,7,4,0.9089167577655853,0.0
thompson@lognormal-poisson,7,5,3.544535190492942,120.0
thompson@lognormal-poisson,7,6,0.05782858531149256,0.0
thompson@lognormal-poisson,7,7,0.639385917921977,0.0
thompson@lognormal-poisson,7,8,0.17363611176439908,0.0
thompson@lognormal-poisson,7,9,0.9514073000582262,0.0
thompson@lognormal-poisson,7,10,0.34803272393437157,0.0
thompson@lognormal-poisson,7,11,0.25421145258935796,40.0
eig,8,0,0.07081993062879571,2.0
eig,8,1,0.12497002551654668,23.0
eig,8,2,0.0522743044501592,17.0
eig,8,3,0.5662140784208006,30.0
eig,8,4,0.02617894984631535,6.0
eig,8,5,0.16483443242912038,4.0
eig,8,6,6.2319779965022954,32.0
eig,8,7,2.2591612626283233,32.0
eig,8,8,2.8695729584227907,32.0
eig,8,9,0.5871999472924607,31.0
eig,8,10,1.8871079045921306,31.0
eig,8,11,0.02259513032549811,0.0
epig,8,0,0.07081993062879571,4.0
epig,8,1,0.12497002551654668,19.0
epig,8,2,0.0522743044501592,16.0
epig,8,3,0.5662140784208006,30.0
epig,8,4,0.02617894984631535,6.0
epig,8,5,0.16483443242912038,7.0
epig,8,6,6.2319779965022954,33.0
epig,8,7,2.2591612626283233,31.0
epig,8,8,2.8695729584227907,32.5
epig,8,9,0.5871999472924607,29.0
epig,8,10,1.8871079045921306,32.0
epig,8,11,0.02259513032549811,0.0
maxent,8,0,0.07081993062879571,0.0
maxent,8,1,0.12497002551654668,0.0
maxent,8,2,0.0522743044501592,0.0
maxent,8,3,0.5662140784208006,0.0
maxent,8,4,0.02617894984631535,0.0
maxent,8,5,0.16483443242912038,0.0
maxent,8,6,6.2319779965022954,237.0
maxent,8,7,2.2591612626283233,0.0
maxent,8,8,2.8695729584227907,3.0
maxent,8,9,0.5871999472924607,0.0
maxent,8,10,1.8871079045921306,0.0
maxent,8,11,0.02259513032549811,0.0
d-optimality,8,0,0.07081993062879571,4.0
d-optimality,8,1,0.12497002551654668,22.0
d-optimality,8,2,0.0522743044501592,18.0
d-optimality,8,3,0.5662140784208006,28.0
d-optimality,8,4,0.02617894984631535,10.0
d-optimality,8,5,0.16483443242912038,17.0
d-optimality,8,6,6.2319779965022954,29.0
d-optimality,8,7,2.2591612626283233,28.0
d-optimality,8,8,2.8695729584227907,28.0
d-optimality,8,9,0.5871999472924607,28.0
d-optimality,8,10,1.8871079045921306,28.0
d-optimality,8,11,0.02259513032549811,0.0
neyman,8,0,0.07081993062879571,8.0
neyman,8,1,0.12497002551654668,5.0
neyman,8,2,0.0522743044501592,8.0
neyman,8,3,0.5662140784208006,18.0
neyman,8,4,0.02617894984631535,4.0
neyman,8,5,0.16483443242912038,6.0
neyman,8,6,6.2319779965022954,57.0
neyman,8,7,2.2591612626283233,34.0
neyman,8,8,2.8695729584227907,39.0
neyman,8,9,0.5871999472924607,21.0
neyman,8,10,1.8871079045921306,35.0
neyman,8,11,0.02259513032549811,5.0
predictive-variance,8,0,0.07081993062879571,0.0
predictive-variance,8,1,0.12497002551654668,0.0
predictive-variance,8,2,0.0522743044501592,0.0
predictive-variance,8,3,0.5662140784208006,40.0
predictive-variance,8,4,0.02617894984631535,0.0
predictive-variance,8,5,0.16483443242912038,0.0
predictive-variance,8,6,6.2319779965022954,40.0
predictive-variance,8,7,2.2591612626283233,40.0
predictive-variance,8,8,2.8695729584227907,40.0
predictive-variance,8,9,0.5871999472924607,40.0
predictive-variance,8,10,1.8871079045921306,40.0
predictive-variance,8,11,0.02259513032549811,0.0
epistemic,8,0,0.07081993062879571,0.0
epistemic,8,1,0.12497002551654668,0.0
epistemic,8,2,0.0522743044501592,0.0
epistemic,8,3,0.5662140784208006,40.0
epistemic,8,4,0.02617894984631535,0.0
epistemic,8,5,0.16483443242912038,0.0
epistemic,8,6,6.2319779965022954,40.0
epistemic,8,7,2.2591612626283233,40.0
epistemic,8,8,2.8695729584227907,40.0
epistemic,8,9,0.5871999472924607,40.0
epistemic,8,10,1.8871079045921306,40.0
epistemic,8,11,0.02259513032549811,0.0
thompson,8,0,0.07081993062879571,0.0
thompson,8,1,0.12497002551654668,0.0
thompson,8,2,0.0522743044501592,0.0
thompson,8,3,0.5662140784208006,0.0
thompson,8,4,0.02617894984631535,0.0
thompson,8,5,0.16483443242912038,0.0
thompson,8,6,6.2319779965022954,200.0
thompson,8,7,2.2591612626283233,0.0
thompson,8,8,2.8695729584227907,40.0
thompson,8,9,0.5871999472924607,0.0
thompson,8,10,1.8871079045921306,0.0
thompson,8,11,0.02259513032549811,0.0
uniform,8,0,0.07081993062879571,20.0
uniform,8,1,0.12497002551654668,20.0
uniform,8,2,0.0522743044501592,20.0
uniform,8,3,0.5662140784208006,20.0
uniform,8,4,0.02617894984631535,20.0
uniform,8,5,0.16483443242912038,20.0
uniform,8,6,6.2319779965022954,20.0
uniform,8,7,2.2591612626283233,20.0
uniform,8,8,2.8695729584227907,20.0
uniform,8,9,0.5871999472924607,20.0
uniform,8,10,1.8871079045921306,20.0
uniform,8,11,0.02259513032549811,20.0
random,8,0,0.07081993062879571,7.5
random,8,1,0.12497002551654668,13.5
random,8,2,0.0522743044501592,0.0
random,8,3,0.5662140784208006,2.0
random,8,4,0.02617894984631535,1.0
random,8,5,0.16483443242912038,20.0
random,8,6,6.2319779965022954,1.0
random,8,7,2.2591612626283233,41.0
random,8,8,2.8695729584227907,11.0
random,8,9,0.5871999472924607,95.0
random,8,10,1.8871079045921306,5.0
random,8,11,0.02259513032549811,42.5
eig@gamma-poisson,8,0,0.07081993062879571,4.0
eig@gamma-poisson,8,1,0.12497002551654668,21.0
eig@gamma-poisson,8,2,0.0522743044501592,25.0
eig@gamma-poisson,8,3,0.5662140784208006,27.0
eig@gamma-poisson,8,4,0.02617894984631535,12.0
eig@gamma-poisson,8,5,0.16483443242912038,12.0
eig@gamma-poisson,8,6,6.2319779965022954,28.0
eig@gamma-poisson,8,7,2.2591612626283233,28.0
eig@gamma-poisson,8,8,2.8695729584227907,28.0
eig@gamma-poisson,8,9,0.5871999472924607,28.0
eig@gamma-poisson,8,10,1.8871079045921306,27.0
eig@gamma-poisson,8,11,0.02259513032549811,0.0
maxent@gamma-poisson,8,0,0.07081993062879571,0.0
maxent@gamma-poisson,8,1,0.12497002551654668,0.0
maxent@gamma-poisson,8,2,0.0522743044501592,0.0
maxent@gamma-poisson,8,3,0.5662140784208006,0.0
maxent@gamma-poisson,8,4,0.02617894984631535,0.0
maxent@gamma-poisson,8,5,0.16483443242912038,0.0
maxent@gamma-poisson,8,6,6.2319779965022954,0.0
maxent@gamma-poisson,8,7,2.2591612626283233,0.0
maxent@gamma-poisson,8,8,2.8695729584227907,240.0
maxent@gamma-poisson,8,9,0.5871999472924607,0.0
maxent@gamma-poisson,8,10,1.8871079045921306,0.0
maxent@gamma-poisson,8,11,0.02259513032549811,0.0
d-optimality@gamma-poisson,8,0,0.07081993062879571,5.0
d-optimality@gamma-poisson,8,1,0.12497002551654668,21.0
d-optimality@gamma-poisson,8,2,0.0522743044501592,25.0
d-optimality@gamma-poisson,8,3,0.5662140784208006,26.0
d-optimality@gamma-poisson,8,4,0.02617894984631535,17.0
d-optimality@gamma-poisson,8,5,0.16483443242912038,13.0
d-optimality@gamma-poisson,8,6,6.2319779965022954,27.0
d-optimality@gamma-poisson,8,7,2.2591612626283233,26.0
d-optimality@gamma-poisson,8,8,2.8695729584227907,27.0
d-optimality@gamma-poisson,8,9,0.5871999472924607,27.0
d-optimality@gamma-poisson,8,10,1.8871079045921306,26.0
d-optimality@gamma-poisson,8,11,0.02259513032549811,0.0
neyman@gamma-poisson,8,0,0.07081993062879571,7.0
neyman@gamma-poisson,8,1,0.12497002551654668,5.0
neyman@gamma-poisson,8,2,0.0522743044501592,8.0
neyman@gamma-poisson,8,3,0.5662140784208006,19.0
neyman@gamma-poisson,8,4,0.02617894984631535,4.0
neyman@gamma-poisson,8,5,0.16483443242912038,6.0
neyman@gamma-poisson,8,6,6.2319779965022954,57.0
neyman@gamma-poisson,8,7,2.2591612626283233,34.0
neyman@gamma-poisson,8,8,2.8695729584227907,39.0
neyman@gamma-poisson,8,9,0.5871999472924607,21.0
neyman@gamma-poisson,8,10,1.8871079045921306,35.0
neyman@gamma-poisson,8,11,0.02259513032549811,5.0
predictive-variance@gamma-poisson,8,0,0.07081993062879571,0.0
predictive-variance@gamma-poisson,8,1,0.12497002551654668,0.0
predictive-variance@gamma-poisson,8,2,0.0522743044501592,0.0
predictive-variance@gamma-poisson,8,3,0.5662140784208006,40.0
predictive-variance@gamma-poisson,8,4,0.02617894984631535,0.0
predictive-variance@gamma-poisson,8,5,0.16483443242912038,0.0
predictive-variance@gamma-poisson,8,6,6.2319779965022954,40.0
predictive-variance@gamma-poisson,8,7,2.2591612626283233,40.0
predictive-variance@gamma-poisson,8,8,2.8695729584227907,40.0
predictive-variance@gamma-poisson,8,9,0.5871999472924607,40.0
predictive-variance@gamma-poisson,8,10,1.8871079045921306,40.0
predictive-variance@gamma-poisson,8,11,0.02259513032549811,0.0
epistemic@gamma-poisson,8,0,0.07081993062879571,0.0
epistemic@gamma-poisson,8,1,0.12497002551654668,0.0
epistemic@gamma-poisson,8,2,0.0522743044501592,0.0
epistemic@gamma-poisson,8,3,0.5662140784208006,40.0
epistemic@gamma-poisson,8,4,0.02617894984631535,0.0
epistemic@gamma-poisson,8,5,0.16483443242912038,0.0
epistemic@gamma-poisson,8,6,6.2319779965022954,40.0
epistemic@gamma-poisson,8,7,2.2591612626283233,40.0
epistemic@gamma-poisson,8,8,2.8695729584227907,40.0
epistemic@gamma-poisson,8,9,0.5871999472924607,40.0
epistemic@gamma-poisson,8,10,1.8871079045921306,40.0
epistemic@gamma-poisson,8,11,0.02259513032549811,0.0
thompson@gamma-poisson,8,0,0.07081993062879571,0.0
thompson@gamma-poisson,8,1,0.12497002551654668,0.0
thompson@gamma-poisson,8,2,0.0522743044501592,0.0
thompson@gamma-poisson,8,3,0.5662140784208006,0.0
thompson@gamma-poisson,8,4,0.02617894984631535,0.0
thompson@gamma-poisson,8,5,0.16483443242912038,0.0
thompson@gamma-poisson,8,6,6.2319779965022954,0.0
thompson@gamma-poisson,8,7,2.2591612626283233,0.0
thompson@gamma-poisson,8,8,2.8695729584227907,160.0
thompson@gamma-poisson,8,9,0.5871999472924607,40.0
thompson@gamma-poisson,8,10,1.8871079045921306,40.0
thompson@gamma-poisson,8,11,0.02259513032549811,0.0
epig@gamma-poisson,8,0,0.07081993062879571,5.0
epig@gamma-poisson,8,1,0.12497002551654668,17.0
epig@gamma-poisson,8,2,0.0522743044501592,21.0
epig@gamma-poisson,8,3,0.5662140784208006,28.0
epig@gamma-poisson,8,4,0.02617894984631535,10.0
epig@gamma-poisson,8,5,0.16483443242912038,14.0
epig@gamma-poisson,8,6,6.2319779965022954,31.0
epig@gamma-poisson,8,7,2.2591612626283233,28.0
epig@gamma-poisson,8,8,2.8695729584227907,30.0
epig@gamma-poisson,8,9,0.5871999472924607,27.0
epig@gamma-poisson,8,10,1.8871079045921306,29.0
epig@gamma-poisson,8,11,0.02259513032549811,0.0
eig@lognormal-poisson,8,0,0.07081993062879571,2.0
eig@lognormal-poisson,8,1,0.12497002551654668,22.0
eig@lognormal-poisson,8,2,0.0522743044501592,19.0
eig@lognormal-poisson,8,3,0.5662140784208006,30.0
eig@lognormal-poisson,8,4,0.02617894984631535,6.0
eig@lognormal-poisson,8,5,0.16483443242912038,3.0
eig@lognormal-poisson,8,6,6.2319779965022954,32.0
eig@lognormal-poisson,8,7,2.2591612626283233,32.0
eig@lognormal-poisson,8,8,2.8695729584227907,32.0
eig@lognormal-poisson,8,9,0.5871999472924607,31.0
eig@lognormal-poisson,8,10,1.8871079045921306,31.0
eig@lognormal-poisson,8,11,0.02259513032549811,0.0
maxent@lognormal-poisson,8,0,0.07081993062879571,0.0
maxent@lognormal-poisson,8,1,0.12497002551654668,0.0
maxent@lognormal-poisson,8,2,0.0522743044501592,0.0
maxent@lognormal-poisson,8,3,0.5662140784208006,0.0
maxent@lognormal-poisson,8,4,0.02617894984631535,0.0
maxent@lognormal-poisson,8,5,0.16483443242912038,0.0
maxent@lognormal-poisson,8,6,6.2319779965022954,237.0
maxent@lognormal-poisson,8,7,2.2591612626283233,0.0
maxent@lognormal-poisson,8,8,2.8695729584227907,3.0
maxent@lognormal-poisson,8,9,0.5871999472924607,0.0
maxent@lognormal-poisson,8,10,1.8871079045921306,0.0
maxent@lognormal-poisson,8,11,0.02259513032549811,0.0
d-optimality@lognormal-poisson,8,0,0.07081993062879571,4.0
d-optimality@lognormal-poisson,8,1,0.12497002551654668,22.0
d-optimality@lognormal-poisson,8,2,0.0522743044501592,20.0
d-optimality@lognormal-poisson,8,3,0.5662140784208006,29.0
d-optimality@lognormal-poisson,8,4,0.02617894984631535,9.0
d-optimality@lognormal-poisson,8,5,0.16483443242912038,7.0
d-optimality@lognormal-poisson,8,6,6.2319779965022954,31.0
d-optimality@lognormal-poisson,8,7,2.2591612626283233,30.0
d-optimality@lognormal-poisson,8,8,2.8695729584227907,30.0
d-optimality@lognormal-poisson,8,9,0.5871999472924607,29.0
d-optimality@lognormal-poisson,8,10,1.8871079045921306,29.0
d-optimality@lognormal-poisson,8,11,0.02259513032549811,0.0
neyman@lognormal-poisson,8,0,0.07081993062879571,8.0
neyman@lognormal-poisson,8,1,0.12497002551654668,5.0
neyman@lognormal-poisson,8,2,0.0522743044501592,8.0
neyman@lognormal-poisson,8,3,0.5662140784208006,18.0
neyman@lognormal-poisson,8,4,0.02617894984631535,4.0
neyman@lognormal-poisson,8,5,0.16483443242912038,6.0
neyman@lognormal-poisson,8,6,6.2319779965022954,57.0
neyman@lognormal-poisson,8,7,2.2591612626283233,34.0
neyman@lognormal-poisson,8,8,2.8695729584227907,39.0
neyman@lognormal-poisson,8,9,0.5871999472924607,21.0
neyman@lognormal-poisson,8,10,1.8871079045921306,35.0
neyman@lognormal-poisson,8,11,0.02259513032549811,5.0
predictive-variance@lognormal-poisson,8,0,0.07081993062879571,0.0
predictive-variance@lognormal-poisson,8,1,0.12497002551654668,0.0
predictive-variance@lognormal-poisson,8,2,0.0522743044501592,0.0
predictive-variance@lognormal-poisson,8,3,0.5662140784208006,40.0
predictive-variance@lognormal-poisson,8,4,0.02617894984631535,0.0
predictive-variance@lognormal-poisson,8,5,0.16483443242912038,0.0
predictive-variance@lognormal-poisson,8,6,6.2319779965022954,40.0
predictive-variance@lognormal-poisson,8,7,2.2591612626283233,40.0
predictive-variance@lognormal-poisson,8,8,2.8695729584227907,40.0
predictive-variance@lognormal-poisson,8,9,0.5871999472924607,40.0
predictive-variance@lognormal-poisson,8,10,1.8871079045921306,40.0
predictive-variance@lognormal-poisson,8,11,0.02259513032549811,0.0
epistemic@lognormal-poisson,8,0,0.07081993062879571,0.0
epistemic@lognormal-poisson,8,1,0.12497002551654668,0.0
epistemic@lognormal-poisson,8,2,0.0522743044501592,0.0
epistemic@lognormal-poisson,8,3,0.5662140784208006,40.0
epistemic@lognormal-poisson,8,4,0.02617894984631535,0.0
epistemic@lognormal-poisson,8,5,0.16483443242912038,0.0
epistemic@lognormal-poisson,8,6,6.2319779965022954,40.0
epistemic@lognormal-poisson,8,7,2.2591612626283233,40.0
epistemic@lognormal-poisson,8,8,2.8695729584227907,40.0
epistemic@lognormal-poisson,8,9,0.5871999472924607,40.0
epistemic@lognormal-poisson,8,10,1.8871079045921306,40.0
epistemic@lognormal-poisson,8,11,0.02259513032549811,0.0
thompson@lognormal-poisson,8,0,0.07081993062879571,0.0
thompson@lognormal-poisson,8,1,0.12497002551654668,0.0
thompson@lognormal-poisson,8,2,0.0522743044501592,0.0
thompson@lognormal-poisson,8,3,0.5662140784208006,0.0
thompson@lognormal-poisson,8,4,0.02617894984631535,0.0
thompson@lognormal-poisson,8,5,0.16483443242912038,0.0
thompson@lognormal-poisson,8,6,6.2319779965022954,120.0
thompson@lognormal-poisson,8,7,2.2591612626283233,0.0
thompson@lognormal-poisson,8,8,2.8695729584227907,80.0
thompson@lognormal-poisson,8,9,0.5871999472924607,40.0
thompson@lognormal-poisson,8,10,1.8871079045921306,0.0
thompson@lognormal-poisson,8,11,0.02259513032549811,0.0
eig,9,0,0.005869996820473915,4.0
eig,9,1,0.43495958956450076,23.0
eig,9,2,0.6708625477603707,25.0
eig,9,3,0.3498815007518774,22.0
eig,9,4,0.5668849406597027,23.0
eig,9,5,0.0956074161894218,7.0
eig,9,6,0.40388141587797866,17.0
eig,9,7,0.6537911076867029,21.0
eig,9,8,0.6580180771476166,25.0
eig,9,9,0.9537905347730018,22.0
eig,9,10,1.0822452975720567,25.0
eig,9,11,1.2494841501911682,26.0
epig,9,0,0.005869996820473915,5.0
epig,9,1,0.43495958956450076,21.0
epig,9,2,0.6708625477603707,27.0
epig,9,3,0.3498815007518774,20.0
epig,9,4,0.5668849406597027,26.0
epig,9,5,0.0956074161894218,7.0
epig,9,6,0.40388141587797866,15.0
epig,9,7,0.6537911076867029,24.0
epig,9,8,0.6580180771476166,22.0
epig,9,9,0.9537905347730018,23.0
epig,9,10,1.0822452975720567,25.0
epig,9,11,1.2494841501911682,25.0
maxent,9,0,0.005869996820473915,0.0
maxent,9,1,0.43495958956450076,0.0
maxent,9,2,0.6708625477603707,0.0
maxent,9,3,0.3498815007518774,0.0
maxent,9,4,0.5668849406597027,0.0
maxent,9,5,0.0956074161894218,0.0
maxent,9,6,0.40388141587797866,0.0
maxent,9,7,0.6537911076867029,2.0
maxent,9,8,0.6580180771476166,1.0
maxent,9,9,0.9537905347730018,0.0
maxent,9,10,1.0822452975720567,16.0
maxent,9,11,1.2494841501911682,221.0
d-optimality,9,0,0.005869996820473915,8.0
d-optimality,9,1,0.43495958956450076,23.0
d-optimality,9,2,0.6708625477603707,24.0
d-optimality,9,3,0.3498815007518774,21.0
d-optimality,9,4,0.5668849406597027,23.0
d-optimality,9,5,0.0956074161894218,9.0
d-optimality,9,6,0.40388141587797866,17.0
d-optimality,9,7,0.6537911076867029,21.0
d-optimality,9,8,0.6580180771476166,24.0
d-optimality,9,9,0.9537905347730018,21.0
d-optimality,9,10,1.0822452975720567,24.0
d-optimality,9,11,1.2494841501911682,25.0
neyman,9,0,0.005869996820473915,5.0
neyman,9,1,0.43495958956450076,18.0
neyman,9,2,0.6708625477603707,34.0
neyman,9,3,0.3498815007518774,18.0
neyman,9,4,0.5668849406597027,17.0
neyman,9,5,0.0956074161894218,8.0
neyman,9,6,0.40388141587797866,15.0
neyman,9,7,0.6537911076867029,26.0
neyman,9,8,0.6580180771476166,18.0
neyman,9,9,0.9537905347730018,20.0
neyman,9,10,1.0822452975720567,28.0
neyman,9,11,1.2494841501911682,33.0
predictive-variance,9,0,0.005869996820473915,0.0
predictive-variance,9,1,0.43495958956450076,40.0
predictive-variance,9,2,0.6708625477603707,40.0
predictive-variance,9,3,0.3498815007518774,0.0
predictive-variance,9,4,0.5668849406597027,0.0
predictive-variance,9,5,0.0956074161894218,0.0
predictive-variance,9,6,0.40388141587797866,0.0
predictive-variance,9,7,0.6537911076867029,40.0
predictive-variance,9,8,0.6580180771476166,40.0
predictive-variance,9,9,0.9537905347730018,0.0
predictive-variance,9,10,1.0822452975720567,40.0
predictive-variance,9,11,1.2494841501911682,40.0
epistemic,9,0,0.005869996820473915,0.0
epistemic,9,1,0.43495958956450076,40.0
epistemic,9,2,0.6708625477603707,40.0
epistemic,9,3,0.3498815007518774,0.0
epistemic,9,4,0.5668849406597027,0.0
epistemic,9,5,0.0956074161894218,0.0
epistemic,9,6,0.40388141587797866,0.0
epistemic,9,7,0.6537911076867029,40.0
epistemic,9,8,0.6580180771476166,40.0
epistemic,9,9,0.9537905347730018,0.0
epistemic,9,10,1.0822452975720567,40.0
epistemic,9,11,1.2494841501911682,40.0
thompson,9,0,0.005869996820473915,0.0
thompson,9,1,0.43495958956450076,40.0
thompson,9,2,0.6708625477603707,0.0
thompson,9,3,0.3498815007518774,0.0
thompson,9,4,0.5668849406597027,40.0
thompson,9,5,0.0956074161894218,0.0
thompson,9,6,0.40388141587797866,0.0
thompson,9,7,0.6537911076867029,40.0
thompson,9,8,0.6580180771476166,0.0
thompson,9,9,0.9537905347730018,0.0
thompson,9,10,1.0822452975720567,0.0
thompson,9,11,1.2494841501911682,120.0
uniform,9,0,0.005869996820473915,20.0
uniform,9,1,0.43495958956450076,20.0
uniform,9,2,0.6708625477603707,20.0
uniform,9,3,0.3498815007518774,20.0
uniform,9,4,0.5668849406597027,20.0
uniform,9,5,0.0956074161894218,20.0
uniform,9,6,0.40388141587797866,20.0
uniform,9,7,0.6537911076867029,20.0
uniform,9,8,0.6580180771476166,20.0
uniform,9,9,0.9537905347730018,20.0
uniform,9,10,1.0822452975720567,20.0
uniform,9,11,1.2494841501911682,20.0
random,9,0,0.005869996820473915,41.0
random,9,1,0.43495958956450076,14.5
random,9,2,0.6708625477603707,42.0
random,9,3,0.3498815007518774,10.0
random,9,4,0.5668849406597027,43.5
random,9,5,0.0956074161894218,41.0
random,9,6,0.40388141587797866,0.0
random,9,7,0.6537911076867029,10.0
random,9,8,0.6580180771476166,6.0
random,9,9,0.9537905347730018,1.0
random,9,10,1.0822452975720567,26.0
random,9,11,1.2494841501911682,5.0
eig@gamma-poisson,9,0,0.005869996820473915,9.0
eig@gamma-poisson,9,1,0.43495958956450076,22.0
eig@gamma-poisson,9,2,0.6708625477603707,23.0
eig@gamma-poisson,9,3,0.3498815007518774,18.0
eig@gamma-poisson,9,4,0.5668849406597027,22.0
eig@gamma-poisson,9,5,0.0956074161894218,14.0
eig@gamma-poisson,9,6,0.40388141587797866,20.0
eig@gamma-poisson,9,7,0.6537911076867029,23.0
eig@gamma-poisson,9,8,0.6580180771476166,24.0
eig@gamma-poisson,9,9,0.9537905347730018,17.0
eig@gamma-poisson,9,10,1.0822452975720567,24.0
eig@gamma-poisson,9,11,1.2494841501911682,24.0
maxent@gamma-poisson,9,0,0.005869996820473915,0.0
maxent@gamma-poisson,9,1,0.43495958956450076,0.0
maxent@gamma-poisson,9,2,0.6708625477603707,0.0
maxent@gamma-poisson,9,3,0.3498815007518774,0.0
maxent@gamma-poisson,9,4,0.5668849406597027,0.0
maxent@gamma-poisson,9,5,0.0956074161894218,0.0
maxent@gamma-poisson,9,6,0.40388141587797866,0.0
maxent@gamma-poisson,9,7,0.6537911076867029,2.0
maxent@gamma-poisson,9,8,0.6580180771476166,1.0
maxent@gamma-poisson,9,9,0.9537905347730018,0.0
maxent@gamma-poisson,9,10,1.0822452975720567,16.0
maxent@gamma-poisson,9,11,1.2494841501911682,221.0
d-optimality@gamma-poisson,9,0,0.005869996820473915,14.0
d-optimality@gamma-poisson,9,1,0.43495958956450076,22.0
d-optimality@gamma-poisson,9,2,0.6708625477603707,22.0
d-optimality@gamma-poisson,9,3,0.3498815007518774,18.0
d-optimality@gamma-poisson,9,4,0.5668849406597027,22.0
d-optimality@gamma-poisson,9,5,0.0956074161894218,15.0
d-optimality@gamma-poisson,9,6,0.40388141587797866,19.0
d-optimality@gamma-poisson,9,7,0.6537911076867029,22.0
d-optimality@gamma-poisson,9,8,0.6580180771476166,23.0
d-optimality@gamma-poisson,9,9,0.9537905347730018,17.0
d-optimality@gamma-poisson,9,10,1.0822452975720567,23.0
d-optimality@gamma-poisson,9,11,1.2494841501911682,23.0
neyman@gamma-poisson,9,0,0.005869996820473915,5.0
neyman@gamma-poisson,9,1,0.43495958956450076,20.0
neyman@gamma-poisson,9,2,0.6708625477603707,36.0
neyman@gamma-poisson,9,3,0.3498815007518774,18.0
neyman@gamma-poisson,9,4,0.5668849406597027,8.0
neyman@gamma-poisson,9,5,0.0956074161894218,8.0
neyman@gamma-poisson,9,6,0.40388141587797866,15.0
neyman@gamma-poisson,9,7,0.6537911076867029,26.0
neyman@gamma-poisson,9,8,0.6580180771476166,20.0
neyman@gamma-poisson,9,9,0.9537905347730018,21.0
neyman@gamma-poisson,9,10,1.0822452975720567,29.0
neyman@gamma-poisson,9,11,1.2494841501911682,34.0
predictive-variance@gamma-poisson,9,0,0.005869996820473915,0.0
predictive-variance@gamma-poisson,9,1,0.43495958956450076,40.0
predictive-variance@gamma-poisson,9,2,0.6708625477603707,40.0
predictive-variance@gamma-poisson,9,3,0.3498815007518774,0.0
predictive-variance@gamma-poisson,9,4,0.5668849406597027,0.0
predictive-variance@gamma-poisson,9,5,0.0956074161894218,0.0
predictive-variance@gamma-poisson,9,6,0.40388141587797866,0.0
predictive-variance@gamma-poisson,9,7,0.6537911076867029,40.0
predictive-variance@gamma-poisson,9,8,0.6580180771476166,40.0
predictive-variance@gamma-poisson,9,9,0.9537905347730018,0.0
predictive-variance@gamma-poisson,9,10,1.0822452975720567,40.0
predictive-variance@gamma-poisson,9,11,1.2494841501911682,40.0
epistemic@gamma-poisson,9,0,0.005869996820473915,0.0
epistemic@gamma-poisson,9,1,0.43495958956450076,40.0
epistemic@gamma-poisson,9,2,0.6708625477603707,40.0
epistemic@gamma-poisson,9,3,0.3498815007518774,0.0
epistemic@gamma-poisson,9,4,0.5668849406597027,0.0
epistemic@gamma-poisson,9,5,0.0956074161894218,0.0
epistemic@gamma-poisson,9,6,0.40388141587797866,0.0
epistemic@gamma-poisson,9,7,0.6537911076867029,40.0
epistemic@gamma-poisson,9,8,0.6580180771476166,40.0
epistemic@gamma-poisson,9,9,0.9537905347730018,0.0
epistemic@gamma-poisson,9,10,1.0822452975720567,40.0
epistemic@gamma-poisson,9,11,1.2494841501911682,40.0
thompson@gamma-poisson,9,0,0.005869996820473915,0.0
thompson@gamma-poisson,9,1,0.43495958956450076,40.0
thompson@gamma-poisson,9,2,0.6708625477603707,40.0
thompson@gamma-poisson,9,3,0.3498815007518774,0.0
thompson@gamma-poisson,9,4,0.5668849406597027,0.0
thompson@gamma-poisson,9,5,0.0956074161894218,0.0
thompson@gamma-poisson,9,6,0.40388141587797866,0.0
thompson@gamma-poisson,9,7,0.6537911076867029,40.0
thompson@gamma-poisson,9,8,0.6580180771476166,40.0
thompson@gamma-poisson,9,9,0.9537905347730018,0.0
thompson@gamma-poisson,9,10,1.0822452975720567,40.0
thompson@gamma-poisson,9,11,1.2494841501911682,40.0
epig@gamma-poisson,9,0,0.005869996820473915,8.0
epig@gamma-poisson,9,1,0.43495958956450076,21.0
epig@gamma-poisson,9,2,0.6708625477603707,26.0
epig@gamma-poisson,9,3,0.3498815007518774,18.0
epig@gamma-poisson,9,4,0.5668849406597027,25.0
epig@gamma-poisson,9,5,0.0956074161894218,12.0
epig@gamma-poisson,9,6,0.40388141587797866,18.0
epig@gamma-poisson,9,7,0.6537911076867029,25.0
epig@gamma-poisson,9,8,0.6580180771476166,21.0
epig@gamma-poisson,9,9,0.9537905347730018,19.0
epig@gamma-poisson,9,10,1.0822452975720567,24.0
epig@gamma-poisson,9,11,1.2494841501911682,23.0
eig@lognormal-poisson,9,0,0.005869996820473915,4.0
eig@lognormal-poisson,9,1,0.43495958956450076,23.0
eig@lognormal-poisson,9,2,0.6708625477603707,24.0
eig@lognormal-poisson,9,3,0.3498815007518774,20.0
eig@lognormal-poisson,9,4,0.5668849406597027,22.0
eig@lognormal-poisson,9,5,0.0956074161894218,8.0
eig@lognormal-poisson,9,6,0.40388141587797866,18.0
eig@lognormal-poisson,9,7,0.6537911076867029,23.0
eig@lognormal-poisson,9,8,0.6580180771476166,25.0
eig@lognormal-poisson,9,9,0.9537905347730018,22.0
eig@lognormal-poisson,9,10,1.0822452975720567,25.0
eig@lognormal-poisson,9,11,1.2494841501911682,26.0
maxent@lognormal-poisson,9,0,0.005869996820473915,0.0
maxent@lognormal-poisson,9,1,0.43495958956450076,0.0
maxent@lognormal-poisson,9,2,0.6708625477603707,0.0
maxent@lognormal-poisson,9,3,0.3498815007518774,0.0
maxent@lognormal-poisson,9,4,0.5668849406597027,0.0
maxent@lognormal-poisson,9,5,0.0956074161894218,0.0
maxent@lognormal-poisson,9,6,0.40388141587797866,0.0
maxent@lognormal-poisson,9,7,0.6537911076867029,2.0
maxent@lognormal-poisson,9,8,0.6580180771476166,1.0
maxent@lognormal-poisson,9,9,0.9537905347730018,0.0
maxent@lognormal-poisson,9,10,1.0822452975720567,16.0
maxent@lognormal-poisson,9,11,1.2494841501911682,221.0
d-optimality@lognormal-poisson,9,0,0.005869996820473915,7.0
d-optimality@lognormal-poisson,9,1,0.43495958956450076,22.0
d-optimality@lognormal-poisson,9,2,0.6708625477603707,24.0
d-optimality@lognormal-poisson,9,3,0.3498815007518774,20.0
d-optimality@lognormal-poisson,9,4,0.5668849406597027,22.0
d-optimality@lognormal-poisson,9,5,0.0956074161894218,9.0
d-optimality@lognormal-poisson,9,6,0.40388141587797866,18.0
d-optimality@lognormal-poisson,9,7,0.6537911076867029,23.0
d-optimality@lognormal-poisson,9,8,0.6580180771476166,24.0
d-optimality@lognormal-poisson,9,9,0.9537905347730018,22.0
d-optimality@lognormal-poisson,9,10,1.0822452975720567,24.0
d-optimality@lognormal-poisson,9,11,1.2494841501911682,25.0
neyman@lognormal-poisson,9,0,0.005869996820473915,5.0
neyman@lognormal-poisson,9,1,0.43495958956450076,18.0
neyman@lognormal-poisson,9,2,0.6708625477603707,34.0
neyman@lognormal-poisson,9,3,0.3498815007518774,17.0
neyman@lognormal-poisson,9,4,0.5668849406597027,18.0
neyman@lognormal-poisson,9,5,0.0956074161894218,8.0
neyman@lognormal-poisson,9,6,0.40388141587797866,15.0
neyman@lognormal-poisson,9,7,0.6537911076867029,26.0
neyman@lognormal-poisson,9,8,0.6580180771476166,18.0
neyman@lognormal-poisson,9,9,0.9537905347730018,20.0
neyman@lognormal-poisson,9,10,1.0822452975720567,28.0
neyman@lognormal-poisson,9,11,1.2494841501911682,33.0
predictive-variance@lognormal-poisson,9,0,0.005869996820473915,0.0
predictive-variance@lognormal-poisson,9,1,0.43495958956450076,40.0
predictive-variance@lognormal-poisson,9,2,0.6708625477603707,40.0
predictive-variance@lognormal-poisson,9,3,0.3498815007518774,0.0
predictive-variance@lognormal-poisson,9,4,0.5668849406597027,0.0
predictive-variance@lognormal-poisson,9,5,0.0956074161894218,0.0
predictive-variance@lognormal-poisson,9,6,0.40388141587797866,0.0
predictive-variance@lognormal-poisson,9,7,0.6537911076867029,40.0
predictive-variance@lognormal-poisson,9,8,0.6580180771476166,40.0
predictive-variance@lognormal-poisson,9,9,0.9537905347730018,0.0
predictive-variance@lognormal-poisson,9,10,1.0822452975720567,40.0
predictive-variance@lognormal-poisson,9,11,1.2494841501911682,40.0
epistemic@lognormal-poisson,9,0,0.005869996820473915,0.0
epistemic@lognormal-poisson,9,1,0.43495958956450076,40.0
epistemic@lognormal-poisson,9,2,0.6708625477603707,40.0
epistemic@lognormal-poisson,9,3,0.3498815007518774,0.0
epistemic@lognormal-poisson,9,4,0.5668849406597027,0.0
epistemic@lognormal-poisson,9,5,0.0956074161894218,0.0
epistemic@lognormal-poisson,9,6,0.40388141587797866,0.0
epistemic@lognormal-poisson,9,7,0.6537911076867029,40.0
epistemic@lognormal-poisson,9,8,0.6580180771476166,40.0
epistemic@lognormal-poisson,9,9,0.9537905347730018,0.0
epistemic@lognormal-poisson,9,10,1.0822452975720567,40.0
epistemic@lognormal-poisson,9,11,1.2494841501911682,40.0
thompson@lognormal-poisson,9,0,0.005869996820473915,0.0
thompson@lognormal-poisson,9,1,0.43495958956450076,0.0
thompson@lognormal-poisson,9,2,0.6708625477603707,40.0
thompson@lognormal-poisson,9,3,0.3498815007518774,0.0
thompson@lognormal-poisson,9,4,0.5668849406597027,40.0
thompson@lognormal-poisson,9,5,0.0956074161894218,0.0
thompson@lognormal-poisson,9,6,0.40388141587797866,0.0
thompson@lognormal-poisson,9,7,0.6537911076867029,0.0
thompson@lognormal-poisson,9,8,0.6580180771476166,40.0
thompson@lognormal-poisson,9,9,0.9537905347730018,0.0
thompson@lognormal-poisson,9,10,1.0822452975720567,40.0
thompson@lognormal-poisson,9,11,1.2494841501911682,80.0
eig,10,0,0.033310115848835184,1.0
eig,10,1,0.2538967371667546,24.0
eig,10,2,2.5221776630967505,28.0
eig,10,3,0.013576942712114898,7.0
eig,10,4,1.0713385465988259,26.0
eig,10,5,0.09186060936205072,15.0
eig,10,6,0.44079823261600576,22.0
eig,10,7,0.2163972694337354,25.0
eig,10,8,5.6981723695268105,28.0
eig,10,9,1.1619650150360024,26.0
eig,10,10,0.7001821635037196,22.0
eig,10,11,0.1600964978740052,16.0
epig,10,0,0.033310115848835184,4.0
epig,10,1,0.2538967371667546,25.0
epig,10,2,2.5221776630967505,28.0
epig,10,3,0.013576942712114898,8.0
epig,10,4,1.0713385465988259,27.0
epig,10,5,0.09186060936205072,13.0
epig,10,6,0.44079823261600576,20.0
epig,10,7,0.2163972694337354,27.0
epig,10,8,5.6981723695268105,25.5
epig,10,9,1.1619650150360024,24.0
epig,10,10,0.7001821635037196,23.0
epig,10,11,0.1600964978740052,15.0
maxent,10,0,0.033310115848835184,0.0
maxent,10,1,0.2538967371667546,0.0
maxent,10,2,2.5221776630967505,239.0
maxent,10,3,0.013576942712114898,0.0
maxent,10,4,1.0713385465988259,0.0
maxent,10,5,0.09186060936205072,0.0
maxent,10,6,0.44079823261600576,0.0
maxent,10,7,0.2163972694337354,0.0
maxent,10,8,5.6981723695268105,1.0
maxent,10,9,1.1619650150360024,0.0
maxent,10,10,0.7001821635037196,0.0
maxent,10,11,0.1600964978740052,0.0
d-optimality,10,0,0.033310115848835184,4.0
d-optimality,10,1,0.2538967371667546,24.0
d-optimality,10,2,2.5221776630967505,26.0
d-optimality,10,3,0.013576942712114898,11.0
d-optimality,10,4,1.0713385465988259,25.0
d-optimality,10,5,0.09186060936205072,17.0
d-optimality,10,6,0.44079823261600576,21.0
d-optimality,10,7,0.2163972694337354,24.0
d-optimality,10,8,5.6981723695268105,26.0
d-optimality,10,9,1.1619650150360024,24.0
d-optimality,10,10,0.7001821635037196,22.0
d-optimality,10,11,0.1600964978740052,16.0
neyman,10,0,0.033310115848835184,7.0
neyman,10,1,0.2538967371667546,16.0
neyman,10,2,2.5221776630967505,43.0
neyman,10,3,0.013576942712114898,5.0
neyman,10,4,1.0713385465988259,22.0
neyman,10,5,0.09186060936205072,7.0
neyman,10,6,0.44079823261600576,17.0
neyman,10,7,0.2163972694337354,18.0
neyman,10,8,5.6981723695268105,51.0
neyman,10,9,1.1619650150360024,18.0
neyman,10,10,0.7001821635037196,23.0
neyman,10,11,0.1600964978740052,13.0
predictive-variance,10,0,0.033310115848835184,0.0
predictive-variance,10,1,0.2538967371667546,40.0
predictive-variance,10,2,2.5221776630967505,40.0
predictive-variance,10,3,0.013576942712114898,0.0
predictive-variance,10,4,1.0713385465988259,0.0
predictive-variance,10,5,0.09186060936205072,0.0
predictive-variance,10,6,0.44079823261600576,0.0
predictive-variance,10,7,0.2163972694337354,0.0
predictive-variance,10,8,5.6981723695268105,40.0
predictive-variance,10,9,1.1619650150360024,40.0
predictive-variance,10,10,0.7001821635037196,40.0
predictive-variance,10,11,0.1600964978740052,40.0
epistemic,10,0,0.033310115848835184,0.0
epistemic,10,1,0.2538967371667546,40.0
epistemic,10,2,2.5221776630967505,40.0
epistemic,10,3,0.013576942712114898,0.0
epistemic,10,4,1.0713385465988259,0.0
epistemic,10,5,0.09186060936205072,0.0
epistemic,10,6,0.44079823261600576,0.0
epistemic,10,7,0.2163972694337354,0.0
epistemic,10,8,5.6981723695268105,40.0
epistemic,10,9,1.1619650150360024,40.0
epistemic,10,10,0.7001821635037196,40.0
epistemic,10,11,0.1600964978740052,40.0
thompson,10,0,0.033310115848835184,0.0
thompson,10,1,0.2538967371667546,0.0
thompson,10,2,2.5221776630967505,0.0
thompson,10,3,0.013576942712114898,0.0
thompson,10,4,1.0713385465988259,0.0
thompson,10,5,0.09186060936205072,0.0
thompson,10,6,0.44079823261600576,0.0
thompson,10,7,0.2163972694337354,0.0
thompson,10,8,5.6981723695268105,200.0
thompson,10,9,1.1619650150360024,0.0
thompson,10,10,0.7001821635037196,0.0
thompson,10,11,0.1600964978740052,40.0
uniform,10,0,0.033310115848835184,20.0
uniform,10,1,0.2538967371667546,20.0
uniform,10,2,2.5221776630967505,20.0
uniform,10,3,0.013576942712114898,20.0
uniform,10,4,1.0713385465988259,20.0
uniform,10,5,0.09186060936205072,20.0
uniform,10,6,0.44079823261600576,20.0
uniform,10,7,0.2163972694337354,20.0
uniform,10,8,5.6981723695268105,20.0
uniform,10,9,1.1619650150360024,20.0
uniform,10,10,0.7001821635037196,20.0
uniform,10,11,0.1600964978740052,20.0
random,10,0,0.033310115848835184,6.0
random,10,1,0.2538967371667546,20.0
random,10,2,2.5221776630967505,40.0
random,10,3,0.013576942712114898,42.5
random,10,4,1.0713385465988259,83.0
random,10,5,0.09186060936205072,7.5
random,10,6,0.44079823261600576,21.0
random,10,7,0.2163972694337354,5.0
random,10,8,5.6981723695268105,0.0
random,10,9,1.1619650150360024,10.0
random,10,10,0.7001821635037196,4.5
random,10,11,0.1600964978740052,0.0
eig@gamma-poisson,10,0,0.033310115848835184,2.0
eig@gamma-poisson,10,1,0.2538967371667546,24.0
eig@gamma-poisson,10,2,2.5221776630967505,24.0
eig@gamma-poisson,10,3,0.013576942712114898,12.0
eig@gamma-poisson,10,4,1.0713385465988259,21.0
eig@gamma-poisson,10,5,0.09186060936205072,17.0
eig@gamma-poisson,10,6,0.44079823261600576,22.0
eig@gamma-poisson,10,7,0.2163972694337354,23.0
eig@gamma-poisson,10,8,5.6981723695268105,24.0
eig@gamma-poisson,10,9,1.1619650150360024,24.0
eig@gamma-poisson,10,10,0.7001821635037196,23.0
eig@gamma-poisson,10,11,0.1600964978740052,24.0
maxent@gamma-poisson,10,0,0.033310115848835184,0.0
maxent@gamma-poisson,10,1,0.2538967371667546,0.0
maxent@gamma-poisson,10,2,2.5221776630967505,239.0
maxent@gamma-poisson,10,3,0.013576942712114898,0.0
maxent@gamma-poisson,10,4,1.0713385465988259,0.0
maxent@gamma-poisson,10,5,0.09186060936205072,0.0
maxent@gamma-poisson,10,6,0.44079823261600576,0.0
maxent@gamma-poisson,10,7,0.2163972694337354,0.0
maxent@gamma-poisson,10,8,5.6981723695268105,1.0
maxent@gamma-poisson,10,9,1.1619650150360024,0.0
maxent@gamma-poisson,10,10,0.7001821635037196,0.0
maxent@gamma-poisson,10,11,0.1600964978740052,0.0
d-optimality@gamma-poisson,10,0,0.033310115848835184,5.0
d-optimality@gamma-poisson,10,1,0.2538967371667546,23.0
d-optimality@gamma-poisson,10,2,2.5221776630967505,23.0
d-optimality@gamma-poisson,10,3,0.013576942712114898,18.0
d-optimality@gamma-poisson,10,4,1.0713385465988259,20.0
d-optimality@gamma-poisson,10,5,0.09186060936205072,18.0
d-optimality@gamma-poisson,10,6,0.44079823261600576,21.0
d-optimality@gamma-poisson,10,7,0.2163972694337354,22.0
d-optimality@gamma-poisson,10,8,5.6981723695268105,22.0
d-optimality@gamma-poisson,10,9,1.1619650150360024,23.0
d-optimality@gamma-poisson,10,10,0.7001821635037196,22.0
d-optimality@gamma-poisson,10,11,0.1600964978740052,23.0
neyman@gamma-poisson,10,0,0.033310115848835184,7.0
neyman@gamma-poisson,10,1,0.2538967371667546,16.0
neyman@gamma-poisson,10,2,2.5221776630967505,44.0
neyman@gamma-poisson,10,3,0.013576942712114898,5.0
neyman@gamma-poisson,10,4,1.0713385465988259,22.0
neyman@gamma-poisson,10,5,0.09186060936205072,8.0
neyman@gamma-poisson,10,6,0.44079823261600576,17.0
neyman@gamma-poisson,10,7,0.2163972694337354,19.0
neyman@gamma-poisson,10,8,5.6981723695268105,51.0
neyman@gamma-poisson,10,9,1.1619650150360024,18.0
neyman@gamma-poisson,10,10,0.7001821635037196,23.0
neyman@gamma-poisson,10,11,0.1600964978740052,10.0
predictive-variance@gamma-poisson,10,0,0.033310115848835184,0.0
predictive-variance@gamma-poisson,10,1,0.2538967371667546,40.0
predictive-variance@gamma-poisson,10,2,2.5221776630967505,40.0
predictive-variance@gamma-poisson,10,3,0.013576942712114898,0.0
predictive-variance@gamma-poisson,10,4,1.0713385465988259,0.0
predictive-variance@gamma-poisson,10,5,0.09186060936205072,0.0
predictive-variance@gamma-poisson,10,6,0.44079823261600576,0.0
predictive-variance@gamma-poisson,10,7,0.2163972694337354,0.0
predictive-variance@gamma-poisson,10,8,5.6981723695268105,40.0
predictive-variance@gamma-poisson,10,9,1.1619650150360024,40.0
predictive-variance@gamma-poisson,10,10,0.7001821635037196,40.0
predictive-variance@gamma-poisson,10,11,0.1600964978740052,40.0
epistemic@gamma-poisson,10,0,0.033310115848835184,0.0
epistemic@gamma-poisson,10,1,0.2538967371667546,40.0
epistemic@gamma-poisson,10,2,2.5221776630967505,40.0
epistemic@gamma-poisson,10,3,0.013576942712114898,0.0
epistemic@gamma-poisson,10,4,1.0713385465988259,0.0
epistemic@gamma-poisson,10,5,0.09186060936205072,0.0
epistemic@gamma-poisson,10,6,0.44079823261600576,0.0
epistemic@gamma-poisson,10,7,0.2163972694337354,0.0
epistemic@gamma-poisson,10,8,5.6981723695268105,40.0
epistemic@gamma-poisson,10,9,1.1619650150360024,40.0
epistemic@gamma-poisson,10,10,0.7001821635037196,40.0
epistemic@gamma-poisson,10,11,0.1600964978740052,40.0
thompson@gamma-poisson,10,0,0.033310115848835184,0.0
thompson@gamma-poisson,10,1,0.2538967371667546,0.0
thompson@gamma-poisson,10,2,2.5221776630967505,160.0
thompson@gamma-poisson,10,3,0.013576942712114898,0.0
thompson@gamma-poisson,10,4,1.0713385465988259,0.0
thompson@gamma-poisson,10,5,0.09186060936205072,0.0
thompson@gamma-poisson,10,6,0.44079823261600576,0.0
thompson@gamma-poisson,10,7,0.2163972694337354,0.0
thompson@gamma-poisson,10,8,5.6981723695268105,0.0
thompson@gamma-poisson,10,9,1.1619650150360024,40.0
thompson@gamma-poisson,10,10,0.7001821635037196,0.0
thompson@gamma-poisson,10,11,0.1600964978740052,40.0
epig@gamma-poisson,10,0,0.033310115848835184,5.0
epig@gamma-poisson,10,1,0.2538967371667546,25.0
epig@gamma-poisson,10,2,2.5221776630967505,25.0
epig@gamma-poisson,10,3,0.013576942712114898,12.0
epig@gamma-poisson,10,4,1.0713385465988259,22.0
epig@gamma-poisson,10,5,0.09186060936205072,14.0
epig@gamma-poisson,10,6,0.44079823261600576,19.0
epig@gamma-poisson,10,7,0.2163972694337354,26.0
epig@gamma-poisson,10,8,5.6981723695268105,22.0
epig@gamma-poisson,10,9,1.1619650150360024,23.0
epig@gamma-poisson,10,10,0.7001821635037196,24.0
epig@gamma-poisson,10,11,0.1600964978740052,23.0
eig@lognormal-poisson,10,0,0.033310115848835184,0.0
eig@lognormal-poisson,10,1,0.2538967371667546,24.0
eig@lognormal-poisson,10,2,2.5221776630967505,27.0
eig@lognormal-poisson,10,3,0.013576942712114898,7.0
eig@lognormal-poisson,10,4,1.0713385465988259,25.0
eig@lognormal-poisson,10,5,0.09186060936205072,13.0
eig@lognormal-poisson,10,6,0.44079823261600576,22.0
eig@lognormal-poisson,10,7,0.2163972694337354,24.0
eig@lognormal-poisson,10,8,5.6981723695268105,28.0
eig@lognormal-poisson,10,9,1.1619650150360024,26.0
eig@lognormal-poisson,10,10,0.7001821635037196,23.0
eig@lognormal-poisson,10,11,0.1600964978740052,21.0
maxent@lognormal-poisson,10,0,0.033310115848835184,0.0
maxent@lognormal-poisson,10,1,0.2538967371667546,0.0
maxent@lognormal-poisson,10,2,2.5221776630967505,239.0
maxent@lognormal-poisson,10,3,0.013576942712114898,0.0
maxent@lognormal-poisson,10,4,1.0713385465988259,0.0
maxent@lognormal-poisson,10,5,0.09186060936205072,0.0
maxent@lognormal-poisson,10,6,0.44079823261600576,0.0
maxent@lognormal-poisson,10,7,0.2163972694337354,0.0
maxent@lognormal-poisson,10,8,5.6981723695268105,1.0
maxent@lognormal-poisson,10,9,1.1619650150360024,0.0
maxent@lognormal-poisson,10,10,0.7001821635037196,0.0
maxent@lognormal-poisson,10,11,0.1600964978740052,0.0
d-optimality@lognormal-poisson,10,0,0.033310115848835184,3.0
d-optimality@lognormal-poisson,10,1,0.2538967371667546,23.0
d-optimality@lognormal-poisson,10,2,2.5221776630967505,26.0
d-optimality@lognormal-poisson,10,3,0.013576942712114898,10.0
d-optimality@lognormal-poisson,10,4,1.0713385465988259,24.0
d-optimality@lognormal-poisson,10,5,0.09186060936205072,15.0
d-optimality@lognormal-poisson,10,6,0.44079823261600576,21.0
d-optimality@lognormal-poisson,10,7,0.2163972694337354,23.0
d-optimality@lognormal-poisson,10,8,5.6981723695268105,27.0
d-optimality@lognormal-poisson,10,9,1.1619650150360024,24.0
d-optimality@lognormal-poisson,10,10,0.7001821635037196,22.0
d-optimality@lognormal-poisson,10,11,0.1600964978740052,22.0
neyman@lognormal-poisson,10,0,0.033310115848835184,7.0
neyman@lognormal-poisson,10,1,0.2538967371667546,16.0
neyman@lognormal-poisson,10,2,2.5221776630967505,43.0
neyman@lognormal-poisson,10,3,0.013576942712114898,5.0
neyman@lognormal-poisson,10,4,1.0713385465988259,22.0
neyman@lognormal-poisson,10,5,0.09186060936205072,7.0
neyman@lognormal-poisson,10,6,0.44079823261600576,17.0
neyman@lognormal-poisson,10,7,0.2163972694337354,19.0
neyman@lognormal-poisson,10,8,5.6981723695268105,51.0
neyman@lognormal-poisson,10,9,1.1619650150360024,18.0
neyman@lognormal-poisson,10,10,0.7001821635037196,23.0
neyman@lognormal-poisson,10,11,0.1600964978740052,12.0
predictive-variance@lognormal-poisson,10,0,0.033310115848835184,0.0
predictive-variance@lognormal-poisson,10,1,0.2538967371667546,40.0
predictive-variance@lognormal-poisson,10,2,2.5221776630967505,40.0
predictive-variance@lognormal-poisson,10,3,0.013576942712114898,0.0
predictive-variance@lognormal-poisson,10,4,1.0713385465988259,0.0
predictive-variance@lognormal-poisson,10,5,0.09186060936205072,0.0
predictive-variance@lognormal-poisson,10,6,0.44079823261600576,0.0
predictive-variance@lognormal-poisson,10,7,0.2163972694337354,0.0
predictive-variance@lognormal-poisson,10,8,5.6981723695268105,40.0
predictive-variance@lognormal-poisson,10,9,1.1619650150360024,40.0
predictive-variance@lognormal-poisson,10,10,0.7001821635037196,40.0
predictive-variance@lognormal-poisson,10,11,0.1600964978740052,40.0
epistemic@lognormal-poisson,10,0,0.033310115848835184,0.0
epistemic@lognormal-poisson,10,1,0.2538967371667546,40.0
epistemic@lognormal-poisson,10,2,2.5221776630967505,40.0
epistemic@lognormal-poisson,10,3,0.013576942712114898,0.0
epistemic@lognormal-poisson,10,4,1.0713385465988259,0.0
epistemic@lognormal-poisson,10,5,0.09186060936205072,0.0
epistemic@lognormal-poisson,10,6,0.44079823261600576,0.0
epistemic@lognormal-poisson,10,7,0.2163972694337354,0.0
epistemic@lognormal-poisson,10,8,5.6981723695268105,40.0
epistemic@lognormal-poisson,10,9,1.1619650150360024,40.0
epistemic@lognormal-poisson,10,10,0.7001821635037196,40.0
epistemic@lognormal-poisson,10,11,0.1600964978740052,40.0
thompson@lognormal-poisson,10,0,0.033310115848835184,0.0
thompson@lognormal-poisson,10,1,0.2538967371667546,0.0
thompson@lognormal-poisson,10,2,2.5221776630967505,120.0
thompson@lognormal-poisson,10,3,0.013576942712114898,0.0
thompson@lognormal-poisson,10,4,1.0713385465988259,0.0
thompson@lognormal-poisson,10,5,0.09186060936205072,0.0
thompson@lognormal-poisson,10,6,0.44079823261600576,0.0
thompson@lognormal-poisson,10,7,0.2163972694337354,0.0
thompson@lognormal-poisson,10,8,5.6981723695268105,80.0
thompson@lognormal-poisson,10,9,1.1619650150360024,40.0
thompson@lognormal-poisson,10,10,0.7001821635037196,0.0
thompson@lognormal-poisson,10,11,0.1600964978740052,0.0
eig,11,0,0.2781179484180394,21.0
eig,11,1,0.11971238526830731,14.0
eig,11,2,0.15239208665596274,0.0
eig,11,3,1.2911959905780384,35.0
eig,11,4,0.029783600842054232,18.0
eig,11,5,0.03054098793050731,8.0
eig,11,6,0.11928407711291122,11.0
eig,11,7,7.392600268319969,35.0
eig,11,8,0.016642175182080988,21.0
eig,11,9,0.027877467872982942,10.0
eig,11,10,0.7974010342449723,34.0
eig,11,11,0.5714371405721193,33.0
epig,11,0,0.2781179484180394,27.0
epig,11,1,0.11971238526830731,14.0
epig,11,2,0.15239208665596274,0.0
epig,11,3,1.2911959905780384,33.0
epig,11,4,0.029783600842054232,17.0
epig,11,5,0.03054098793050731,12.0
epig,11,6,0.11928407711291122,11.0
epig,11,7,7.392600268319969,33.5
epig,11,8,0.016642175182080988,18.0
epig,11,9,0.027877467872982942,13.0
epig,11,10,0.7974010342449723,29.0
epig,11,11,0.5714371405721193,32.0
maxent,11,0,0.2781179484180394,0.0
maxent,11,1,0.11971238526830731,0.0
maxent,11,2,0.15239208665596274,0.0
maxent,11,3,1.2911959905780384,0.0
maxent,11,4,0.029783600842054232,0.0
maxent,11,5,0.03054098793050731,0.0
maxent,11,6,0.11928407711291122,0.0
maxent,11,7,7.392600268319969,0.0
maxent,11,8,0.016642175182080988,0.0
maxent,11,9,0.027877467872982942,0.0
maxent,11,10,0.7974010342449723,240.0
maxent,11,11,0.5714371405721193,0.0
d-optimality,11,0,0.2781179484180394,22.0
d-optimality,11,1,0.11971238526830731,15.0
d-optimality,11,2,0.15239208665596274,0.0
d-optimality,11,3,1.2911959905780384,32.0
d-optimality,11,4,0.029783600842054232,18.0
d-optimality,11,5,0.03054098793050731,12.0
d-optimality,11,6,0.11928407711291122,12.0
d-optimality,11,7,7.392600268319969,32.0
d-optimality,11,8,0.016642175182080988,21.0
d-optimality,11,9,0.027877467872982942,14.0
d-optimality,11,10,0.7974010342449723,32.0
d-optimality,11,11,0.5714371405721193,30.0
neyman,11,0,0.2781179484180394,13.0
neyman,11,1,0.11971238526830731,10.0
neyman,11,2,0.15239208665596274,7.0
neyman,11,3,1.2911959905780384,30.0
neyman,11,4,0.029783600842054232,12.0
neyman,11,5,0.03054098793050731,9.0
neyman,11,6,0.11928407711291122,10.0
neyman,11,7,7.392600268319969,78.0
neyman,11,8,0.016642175182080988,10.0
neyman,11,9,0.027877467872982942,8.0
neyman,11,10,0.7974010342449723,27.0
neyman,11,11,0.5714371405721193,26.0
predictive-variance,11,0,0.2781179484180394,0.0
predictive-variance,11,1,0.11971238526830731,0.0
predictive-variance,11,2,0.15239208665596274,0.0
predictive-variance,11,3,1.2911959905780384,40.0
predictive-variance,11,4,0.029783600842054232,0.0
predictive-variance,11,5,0.03054098793050731,0.0
predictive-variance,11,6,0.11928407711291122,0.0
predictive-variance,11,7,7.392600268319969,160.0
predictive-variance,11,8,0.016642175182080988,0.0
predictive-variance,11,9,0.027877467872982942,0.0
predictive-variance,11,10,0.7974010342449723,40.0
predictive-variance,11,11,0.5714371405721193,0.0
epistemic,11,0,0.2781179484180394,0.0
epistemic,11,1,0.11971238526830731,40.0
epistemic,11,2,0.15239208665596274,0.0
epistemic,11,3,1.2911959905780384,40.0
epistemic,11,4,0.029783600842054232,0.0
epistemic,11,5,0.03054098793050731,0.0
epistemic,11,6,0.11928407711291122,0.0
epistemic,11,7,7.392600268319969,80.0
epistemic,11,8,0.016642175182080988,0.0
epistemic,11,9,0.027877467872982942,0.0
epistemic,11,10,0.7974010342449723,40.0
epistemic,11,11,0.5714371405721193,40.0
thompson,11,0,0.2781179484180394,0.0
thompson,11,1,0.11971238526830731,0.0
thompson,11,2,0.15239208665596274,0.0
thompson,11,3,1.2911959905780384,40.0
thompson,11,4,0.029783600842054232,40.0
thompson,11,5,0.03054098793050731,0.0
thompson,11,6,0.11928407711291122,0.0
thompson,11,7,7.392600268319969,0.0
thompson,11,8,0.016642175182080988,0.0
thompson,11,9,0.027877467872982942,0.0
thompson,11,10,0.7974010342449723,160.0
thompson,11,11,0.5714371405721193,0.0
uniform,11,0,0.2781179484180394,20.0
uniform,11,1,0.11971238526830731,20.0
uniform,11,2,0.15239208665596274,20.0
uniform,11,3,1.2911959905780384,20.0
uniform,11,4,0.029783600842054232,20.0
uniform,11,5,0.03054098793050731,20.0
uniform,11,6,0.11928407711291122,20.0
uniform,11,7,7.392600268319969,20.0
uniform,11,8,0.016642175182080988,20.0
uniform,11,9,0.027877467872982942,20.0
uniform,11,10,0.7974010342449723,20.0
uniform,11,11,0.5714371405721193,20.0
random,11,0,0.2781179484180394,31.0
random,11,1,0.11971238526830731,6.0
random,11,2,0.15239208665596274,2.5
random,11,3,1.2911959905780384,45.0
random,11,4,0.029783600842054232,0.0
random,11,5,0.03054098793050731,8.5
random,11,6,0.11928407711291122,11.0
random,11,7,7.392600268319969,56.0
random,11,8,0.016642175182080988,0.0
random,11,9,0.027877467872982942,0.0
random,11,10,0.7974010342449723,40.0
random,11,11,0.5714371405721193,40.0
eig@gamma-poisson,11,0,0.2781179484180394,20.0
eig@gamma-poisson,11,1,0.11971238526830731,21.0
eig@gamma-poisson,11,2,0.15239208665596274,0.0
eig@gamma-poisson,11,3,1.2911959905780384,29.0
eig@gamma-poisson,11,4,0.029783600842054232,23.0
eig@gamma-poisson,11,5,0.03054098793050731,13.0
eig@gamma-poisson,11,6,0.11928407711291122,18.0
eig@gamma-poisson,11,7,7.392600268319969,29.0
eig@gamma-poisson,11,8,0.016642175182080988,15.0
eig@gamma-poisson,11,9,0.027877467872982942,16.0
eig@gamma-poisson,11,10,0.7974010342449723,30.0
eig@gamma-poisson,11,11,0.5714371405721193,26.0
maxent@gamma-poisson,11,0,0.2781179484180394,0.0
maxent@gamma-poisson,11,1,0.11971238526830731,0.0
maxent@gamma-poisson,11,2,0.15239208665596274,0.0
maxent@gamma-poisson,11,3,1.2911959905780384,0.0
maxent@gamma-poisson,11,4,0.029783600842054232,0.0
maxent@gamma-poisson,11,5,0.03054098793050731,0.0
maxent@gamma-poisson,11,6,0.11928407711291122,0.0
maxent@gamma-poisson,11,7,7.392600268319969,239.0
maxent@gamma-poisson,11,8,0.016642175182080988,0.0
maxent@gamma-poisson,11,9,0.027877467872982942,0.0
maxent@gamma-poisson,11,10,0.7974010342449723,1.0
maxent@gamma-poisson,11,11,0.5714371405721193,0.0
d-optimality@gamma-poisson,11,0,0.2781179484180394,19.0
d-optimality@gamma-poisson,11,1,0.11971238526830731,24.0
d-optimality@gamma-poisson,11,2,0.15239208665596274,0.0
d-optimality@gamma-poisson,11,3,1.2911959905780384,26.0
d-optimality@gamma-poisson,11,4,0.029783600842054232,22.0
d-optimality@gamma-poisson,11,5,0.03054098793050731,18.0
d-optimality@gamma-poisson,11,6,0.11928407711291122,18.0
d-optimality@gamma-poisson,11,7,7.392600268319969,25.0
d-optimality@gamma-poisson,11,8,0.016642175182080988,14.0
d-optimality@gamma-poisson,11,9,0.027877467872982942,23.0
d-optimality@gamma-poisson,11,10,0.7974010342449723,27.0
d-optimality@gamma-poisson,11,11,0.5714371405721193,24.0
neyman@gamma-poisson,11,0,0.2781179484180394,16.0
neyman@gamma-poisson,11,1,0.11971238526830731,8.0
neyman@gamma-poisson,11,2,0.15239208665596274,7.0
neyman@gamma-poisson,11,3,1.2911959905780384,31.0
neyman@gamma-poisson,11,4,0.029783600842054232,12.0
neyman@gamma-poisson,11,5,0.03054098793050731,8.0
neyman@gamma-poisson,11,6,0.11928407711291122,9.0
neyman@gamma-poisson,11,7,7.392600268319969,78.0
neyman@gamma-poisson,11,8,0.016642175182080988,10.0
neyman@gamma-poisson,11,9,0.027877467872982942,7.0
neyman@gamma-poisson,11,10,0.7974010342449723,27.0
neyman@gamma-poisson,11,11,0.5714371405721193,27.0
predictive-variance@gamma-poisson,11,0,0.2781179484180394,0.0
predictive-variance@gamma-poisson,11,1,0.11971238526830731,0.0
predictive-variance@gamma-poisson,11,2,0.15239208665596274,0.0
predictive-variance@gamma-poisson,11,3,1.2911959905780384,40.0
predictive-variance@gamma-poisson,11,4,0.029783600842054232,0.0
predictive-variance@gamma-poisson,11,5,0.03054098793050731,0.0
predictive-variance@gamma-poisson,11,6,0.11928407711291122,0.0
predictive-variance@gamma-poisson,11,7,7.392600268319969,160.0
predictive-variance@gamma-poisson,11,8,0.016642175182080988,0.0
predictive-variance@gamma-poisson,11,9,0.027877467872982942,0.0
predictive-variance@gamma-poisson,11,10,0.7974010342449723,40.0
predictive-variance@gamma-poisson,11,11,0.5714371405721193,0.0
epistemic@gamma-poisson,11,0,0.2781179484180394,0.0
epistemic@gamma-poisson,11,1,0.11971238526830731,40.0
epistemic@gamma-poisson,11,2,0.15239208665596274,0.0
epistemic@gamma-poisson,11,3,1.2911959905780384,40.0
epistemic@gamma-poisson,11,4,0.029783600842054232,0.0
epistemic@gamma-poisson,11,5,0.03054098793050731,0.0
epistemic@gamma-poisson,11,6,0.11928407711291122,0.0
epistemic@gamma-poisson,11,7,7.392600268319969,80.0
epistemic@gamma-poisson,11,8,0.016642175182080988,0.0
epistemic@gamma-poisson,11,9,0.027877467872982942,0.0
epistemic@gamma-poisson,11,10,0.7974010342449723,40.0
epistemic@gamma-poisson,11,11,0.5714371405721193,40.0
thompson@gamma-poisson,11,0,0.2781179484180394,0.0
thompson@gamma-poisson,11,1,0.11971238526830731,0.0
thompson@gamma-poisson,11,2,0.15239208665596274,0.0
thompson@gamma-poisson,11,3,1.2911959905780384,0.0
thompson@gamma-poisson,11,4,0.029783600842054232,0.0
thompson@gamma-poisson,11,5,0.03054098793050731,0.0
thompson@gamma-poisson,11,6,0.11928407711291122,0.0
thompson@gamma-poisson,11,7,7.392600268319969,0.0
thompson@gamma-poisson,11,8,0.016642175182080988,0.0
thompson@gamma-poisson,11,9,0.027877467872982942,0.0
thompson@gamma-poisson,11,10,0.7974010342449723,120.0
thompson@gamma-poisson,11,11,0.5714371405721193,120.0
epig@gamma-poisson,11,0,0.2781179484180394,24.0
epig@gamma-poisson,11,1,0.11971238526830731,21.0
epig@gamma-poisson,11,2,0.15239208665596274,0.0
epig@gamma-poisson,11,3,1.2911959905780384,28.0
epig@gamma-poisson,11,4,0.029783600842054232,22.0
epig@gamma-poisson,11,5,0.03054098793050731,18.0
epig@gamma-poisson,11,6,0.11928407711291122,17.0
epig@gamma-poisson,11,7,7.392600268319969,27.0
epig@gamma-poisson,11,8,0.016642175182080988,13.0
epig@gamma-poisson,11,9,0.027877467872982942,18.0
epig@gamma-poisson,11,10,0.7974010342449723,26.0
epig@gamma-poisson,11,11,0.5714371405721193,26.0
eig@lognormal-poisson,11,0,0.2781179484180394,19.0
eig@lognormal-poisson,11,1,0.11971238526830731,17.0
eig@lognormal-poisson,11,2,0.15239208665596274,0.0
eig@lognormal-poisson,11,3,1.2911959905780384,34.0
eig@lognormal-poisson,11,4,0.029783600842054232,19.0
eig@lognormal-poisson,11,5,0.03054098793050731,8.0
eig@lognormal-poisson,11,6,0.11928407711291122,12.0
eig@lognormal-poisson,11,7,7.392600268319969,36.0
eig@lognormal-poisson,11,8,0.016642175182080988,18.0
eig@lognormal-poisson,11,9,0.027877467872982942,11.0
eig@lognormal-poisson,11,10,0.7974010342449723,34.0
eig@lognormal-poisson,11,11,0.5714371405721193,32.0
maxent@lognormal-poisson,11,0,0.2781179484180394,0.0
maxent@lognormal-poisson,11,1,0.11971238526830731,0.0
maxent@lognormal-poisson,11,2,0.15239208665596274,0.0
maxent@lognormal-poisson,11,3,1.2911959905780384,0.0
maxent@lognormal-poisson,11,4,0.029783600842054232,0.0
maxent@lognormal-poisson,11,5,0.03054098793050731,0.0
maxent@lognormal-poisson,11,6,0.11928407711291122,0.0
maxent@lognormal-poisson,11,7,7.392600268319969,0.0
maxent@lognormal-poisson,11,8,0.016642175182080988,0.0
maxent@lognormal-poisson,11,9,0.027877467872982942,0.0
maxent@lognormal-poisson,11,10,0.7974010342449723,240.0
maxent@lognormal-poisson,11,11,0.5714371405721193,0.0
d-optimality@lognormal-poisson,11,0,0.2781179484180394,20.0
d-optimality@lognormal-poisson,11,1,0.11971238526830731,18.0
d-optimality@lognormal-poisson,11,2,0.15239208665596274,0.0
d-optimality@lognormal-poisson,11,3,1.2911959905780384,32.0
d-optimality@lognormal-poisson,11,4,0.029783600842054232,19.0
d-optimality@lognormal-poisson,11,5,0.03054098793050731,11.0
d-optimality@lognormal-poisson,11,6,0.11928407711291122,13.0
d-optimality@lognormal-poisson,11,7,7.392600268319969,32.0
d-optimality@lognormal-poisson,11,8,0.016642175182080988,19.0
d-optimality@lognormal-poisson,11,9,0.027877467872982942,14.0
d-optimality@lognormal-poisson,11,10,0.7974010342449723,32.0
d-optimality@lognormal-poisson,11,11,0.5714371405721193,30.0
neyman@lognormal-poisson,11,0,0.2781179484180394,13.0
neyman@lognormal-poisson,11,1,0.11971238526830731,10.0
neyman@lognormal-poisson,11,2,0.15239208665596274,7.0
neyman@lognormal-poisson,11,3,1.2911959905780384,30.0
neyman@lognormal-poisson,11,4,0.029783600842054232,12.0
neyman@lognormal-poisson,11,5,0.03054098793050731,9.0
neyman@lognormal-poisson,11,6,0.11928407711291122,10.0
neyman@lognormal-poisson,11,7,7.392600268319969,79.0
neyman@lognormal-poisson,11,8,0.016642175182080988,10.0
neyman@lognormal-poisson,11,9,0.027877467872982942,8.0
neyman@lognormal-poisson,11,10,0.7974010342449723,27.0
neyman@lognormal-poisson,11,11,0.5714371405721193,25.0
predictive-variance@lognormal-poisson,11,0,0.2781179484180394,0.0
predictive-variance@lognormal-poisson,11,1,0.11971238526830731,0.0
predictive-variance@lognormal-poisson,11,2,0.15239208665596274,0.0
predictive-variance@lognormal-poisson,11,3,1.2911959905780384,40.0
predictive-variance@lognormal-poisson,11,4,0.029783600842054232,0.0
predictive-variance@lognormal-poisson,11,5,0.03054098793050731,0.0
predictive-variance@lognormal-poisson,11,6,0.11928407711291122,0.0
predictive-variance@lognormal-poisson,11,7,7.392600268319969,160.0
predictive-variance@lognormal-poisson,11,8,0.016642175182080988,0.0
predictive-variance@lognormal-poisson,11,9,0.027877467872982942,0.0
predictive-variance@lognormal-poisson,11,10,0.7974010342449723,40.0
predictive-variance@lognormal-poisson,11,11,0.5714371405721193,0.0
epistemic@lognormal-poisson,11,0,0.2781179484180394,0.0
epistemic@lognormal-poisson,11,1,0.11971238526830731,40.0
epistemic@lognormal-poisson,11,2,0.15239208665596274,0.0
epistemic@lognormal-poisson,11,3,1.2911959905780384,40.0
epistemic@lognormal-poisson,11,4,0.029783600842054232,0.0
epistemic@lognormal-poisson,11,5,0.03054098793050731,0.0
epistemic@lognormal-poisson,11,6,0.11928407711291122,0.0
epistemic@lognormal-poisson,11,7,7.392600268319969,80.0
epistemic@lognormal-poisson,11,8,0.016642175182080988,0.0
epistemic@lognormal-poisson,11,9,0.027877467872982942,0.0
epistemic@lognormal-poisson,11,10,0.7974010342449723,40.0
epistemic@lognormal-poisson,11,11,0.5714371405721193,40.0
thompson@lognormal-poisson,11,0,0.2781179484180394,0.0
thompson@lognormal-poisson,11,1,0.11971238526830731,0.0
thompson@lognormal-poisson,11,2,0.15239208665596274,0.0
thompson@lognormal-poisson,11,3,1.2911959905780384,0.0
thompson@lognormal-poisson,11,4,0.029783600842054232,0.0
thompson@lognormal-poisson,11,5,0.03054098793050731,0.0
thompson@lognormal-poisson,11,6,0.11928407711291122,0.0
thompson@lognormal-poisson,11,7,7.392600268319969,240.0
thompson@lognormal-poisson,11,8,0.016642175182080988,0.0
thompson@lognormal-poisson,11,9,0.027877467872982942,0.0
thompson@lognormal-poisson,11,10,0.7974010342449723,0.0
thompson@lognormal-poisson,11,11,0.5714371405721193,0.0
eig,12,0,0.043021343881542586,10.0
eig,12,1,0.5499678995167385,31.0
eig,12,2,0.18284401535479988,16.0
eig,12,3,0.07663069803050519,12.0
eig,12,4,0.3119894867086673,29.0
eig,12,5,0.3141976074676383,31.0
eig,12,6,0.3988563623958905,29.0
eig,12,7,0.07283050223647593,18.0
eig,12,8,0.3897566811367426,31.0
eig,12,9,0.07893206346283009,0.0
eig,12,10,0.06334659993061938,0.0
eig,12,11,6.4178801375269785,33.0
epig,12,0,0.043021343881542586,10.0
epig,12,1,0.5499678995167385,30.0
epig,12,2,0.18284401535479988,16.0
epig,12,3,0.07663069803050519,13.0
epig,12,4,0.3119894867086673,29.0
epig,12,5,0.3141976074676383,28.0
epig,12,6,0.3988563623958905,29.0
epig,12,7,0.07283050223647593,23.0
epig,12,8,0.3897566811367426,32.0
epig,12,9,0.07893206346283009,0.0
epig,12,10,0.06334659993061938,1.0
epig,12,11,6.4178801375269785,29.0
maxent,12,0,0.043021343881542586,0.0
maxent,12,1,0.5499678995167385,0.0
maxent,12,2,0.18284401535479988,0.0
maxent,12,3,0.07663069803050519,0.0
maxent,12,4,0.3119894867086673,0.0
maxent,12,5,0.3141976074676383,0.0
maxent,12,6,0.3988563623958905,0.0
maxent,12,7,0.07283050223647593,0.0
maxent,12,8,0.3897566811367426,0.0
maxent,12,9,0.07893206346283009,0.0
maxent,12,10,0.06334659993061938,0.0
maxent,12,11,6.4178801375269785,240.0
d-optimality,12,0,0.043021343881542586,12.0
d-optimality,12,1,0.5499678995167385,29.0
d-optimality,12,2,0.18284401535479988,17.0
d-optimality,12,3,0.07663069803050519,15.0
d-optimality,12,4,0.3119894867086673,28.0
d-optimality,12,5,0.3141976074676383,30.0
d-optimality,12,6,0.3988563623958905,27.0
d-optimality,12,7,0.07283050223647593,19.0
d-optimality,12,8,0.3897566811367426,30.0
d-optimality,12,9,0.07893206346283009,0.0
d-optimality,12,10,0.06334659993061938,1.0
d-optimality,12,11,6.4178801375269785,32.0
neyman,12,0,0.043021343881542586,10.0
neyman,12,1,0.5499678995167385,18.0
neyman,12,2,0.18284401535479988,12.0
neyman,12,3,0.07663069803050519,9.0
neyman,12,4,0.3119894867086673,21.0
neyman,12,5,0.3141976074676383,16.0
neyman,12,6,0.3988563623958905,26.0
neyman,12,7,0.07283050223647593,14.0
neyman,12,8,0.3897566811367426,26.0
neyman,12,9,0.07893206346283009,9.0
neyman,12,10,0.06334659993061938,10.0
neyman,12,11,6.4178801375269785,69.0
predictive-variance,12,0,0.043021343881542586,0.0
predictive-variance,12,1,0.5499678995167385,40.0
predictive-variance,12,2,0.18284401535479988,0.0
predictive-variance,12,3,0.07663069803050519,0.0
predictive-variance,12,4,0.3119894867086673,40.0
predictive-variance,12,5,0.3141976074676383,0.0
predictive-variance,12,6,0.3988563623958905,40.0
predictive-variance,12,7,0.07283050223647593,0.0
predictive-variance,12,8,0.3897566811367426,40.0
predictive-variance,12,9,0.07893206346283009,0.0
predictive-variance,12,10,0.06334659993061938,0.0
predictive-variance,12,11,6.4178801375269785,80.0
epistemic,12,0,0.043021343881542586,0.0
epistemic,12,1,0.5499678995167385,40.0
epistemic,12,2,0.18284401535479988,0.0
epistemic,12,3,0.07663069803050519,0.0
epistemic,12,4,0.3119894867086673,40.0
epistemic,12,5,0.3141976074676383,0.0
epistemic,12,6,0.3988563623958905,40.0
epistemic,12,7,0.07283050223647593,0.0
epistemic,12,8,0.3897566811367426,40.0
epistemic,12,9,0.07893206346283009,0.0
epistemic,12,10,0.06334659993061938,0.0
epistemic,12,11,6.4178801375269785,80.0
thompson,12,0,0.043021343881542586,0.0
thompson,12,1,0.5499678995167385,40.0
thompson,12,2,0.18284401535479988,0.0
thompson,12,3,0.07663069803050519,0.0
thompson,12,4,0.3119894867086673,40.0
thompson,12,5,0.3141976074676383,0.0
thompson,12,6,0.3988563623958905,0.0
thompson,12,7,0.07283050223647593,0.0
thompson,12,8,0.3897566811367426,0.0
thompson,12,9,0.07893206346283009,0.0
thompson,12,10,0.06334659993061938,0.0
thompson,12,11,6.4178801375269785,160.0
uniform,12,0,0.043021343881542586,20.0
uniform,12,1,0.5499678995167385,20.0
uniform,12,2,0.18284401535479988,20.0
uniform,12,3,0.07663069803050519,20.0
uniform,12,4,0.3119894867086673,20.0
uniform,12,5,0.3141976074676383,20.0
uniform,12,6,0.3988563623958905,20.0
uniform,12,7,0.07283050223647593,20.0
uniform,12,8,0.3897566811367426,20.0
uniform,12,9,0.07893206346283009,20.0
uniform,12,10,0.06334659993061938,20.0
uniform,12,11,6.4178801375269785,20.0
random,12,0,0.043021343881542586,10.0
random,12,1,0.5499678995167385,43.0
random,12,2,0.18284401535479988,0.0
random,12,3,0.07663069803050519,46.0
random,12,4,0.3119894867086673,10.0
random,12,5,0.3141976074676383,0.0
random,12,6,0.3988563623958905,2.0
random,12,7,0.07283050223647593,63.5
random,12,8,0.3897566811367426,2.0
random,12,9,0.07893206346283009,45.0
random,12,10,0.06334659993061938,8.5
random,12,11,6.4178801375269785,10.0
eig@gamma-poisson,12,0,0.043021343881542586,16.0
eig@gamma-poisson,12,1,0.5499678995167385,27.0
eig@gamma-poisson,12,2,0.18284401535479988,21.0
eig@gamma-poisson,12,3,0.07663069803050519,17.0
eig@gamma-poisson,12,4,0.3119894867086673,28.0
eig@gamma-poisson,12,5,0.3141976074676383,25.0
eig@gamma-poisson,12,6,0.3988563623958905,26.0
eig@gamma-poisson,12,7,0.07283050223647593,24.0
eig@gamma-poisson,12,8,0.3897566811367426,28.0
eig@gamma-poisson,12,9,0.07893206346283009,0.0
eig@gamma-poisson,12,10,0.06334659993061938,0.0
eig@gamma-poisson,12,11,6.4178801375269785,28.0
maxent@gamma-poisson,12,0,0.043021343881542586,0.0
maxent@gamma-poisson,12,1,0.5499678995167385,0.0
maxent@gamma-poisson,12,2,0.18284401535479988,0.0
maxent@gamma-poisson,12,3,0.07663069803050519,0.0
maxent@gamma-poisson,12,4,0.3119894867086673,0.0
maxent@gamma-poisson,12,5,0.3141976074676383,0.0
maxent@gamma-poisson,12,6,0.3988563623958905,0.0
maxent@gamma-poisson,12,7,0.07283050223647593,0.0
maxent@gamma-poisson,12,8,0.3897566811367426,0.0
maxent@gamma-poisson,12,9,0.07893206346283009,0.0
maxent@gamma-poisson,12,10,0.06334659993061938,0.0
maxent@gamma-poisson,12,11,6.4178801375269785,240.0
d-optimality@gamma-poisson,12,0,0.043021343881542586,18.0
d-optimality@gamma-poisson,12,1,0.5499678995167385,25.0
d-optimality@gamma-poisson,12,2,0.18284401535479988,20.0
d-optimality@gamma-poisson,12,3,0.07663069803050519,24.0
d-optimality@gamma-poisson,12,4,0.3119894867086673,26.0
d-optimality@gamma-poisson,12,5,0.3141976074676383,24.0
d-optimality@gamma-poisson,12,6,0.3988563623958905,25.0
d-optimality@gamma-poisson,12,7,0.07283050223647593,24.0
d-optimality@gamma-poisson,12,8,0.3897566811367426,27.0
d-optimality@gamma-poisson,12,9,0.07893206346283009,0.0
d-optimality@gamma-poisson,12,10,0.06334659993061938,0.0
d-optimality@gamma-poisson,12,11,6.4178801375269785,27.0
neyman@gamma-poisson,12,0,0.043021343881542586,9.0
neyman@gamma-poisson,12,1,0.5499678995167385,11.0
neyman@gamma-poisson,12,2,0.18284401535479988,12.0
neyman@gamma-poisson,12,3,0.07663069803050519,8.0
neyman@gamma-poisson,12,4,0.3119894867086673,21.0
neyman@gamma-poisson,12,5,0.3141976074676383,21.0
neyman@gamma-poisson,12,6,0.3988563623958905,27.0
neyman@gamma-poisson,12,7,0.07283050223647593,14.0
neyman@gamma-poisson,12,8,0.3897566811367426,27.0
neyman@gamma-poisson,12,9,0.07893206346283009,9.0
neyman@gamma-poisson,12,10,0.06334659993061938,10.0
neyman@gamma-poisson,12,11,6.4178801375269785,71.0
predictive-variance@gamma-poisson,12,0,0.043021343881542586,0.0
predictive-variance@gamma-poisson,12,1,0.5499678995167385,40.0
predictive-variance@gamma-poisson,12,2,0.18284401535479988,0.0
predictive-variance@gamma-poisson,12,3,0.07663069803050519,0.0
predictive-variance@gamma-poisson,12,4,0.3119894867086673,40.0
predictive-variance@gamma-poisson,12,5,0.3141976074676383,0.0
predictive-variance@gamma-poisson,12,6,0.3988563623958905,40.0
predictive-variance@gamma-poisson,12,7,0.07283050223647593,0.0
predictive-variance@gamma-poisson,12,8,0.3897566811367426,40.0
predictive-variance@gamma-poisson,12,9,0.07893206346283009,0.0
predictive-variance@gamma-poisson,12,10,0.06334659993061938,0.0
predictive-variance@gamma-poisson,12,11,6.4178801375269785,80.0
epistemic@gamma-poisson,12,0,0.043021343881542586,0.0
epistemic@gamma-poisson,12,1,0.5499678995167385,40.0
epistemic@gamma-poisson,12,2,0.18284401535479988,0.0
epistemic@gamma-poisson,12,3,0.07663069803050519,0.0
epistemic@gamma-poisson,12,4,0.3119894867086673,40.0
epistemic@gamma-poisson,12,5,0.3141976074676383,0.0
epistemic@gamma-poisson,12,6,0.3988563623958905,40.0
epistemic@gamma-poisson,12,7,0.07283050223647593,0.0
epistemic@gamma-poisson,12,8,0.3897566811367426,40.0
epistemic@gamma-poisson,12,9,0.07893206346283009,0.0
epistemic@gamma-poisson,12,10,0.06334659993061938,0.0
epistemic@gamma-poisson,12,11,6.4178801375269785,80.0
thompson@gamma-poisson,12,0,0.043021343881542586,0.0
thompson@gamma-poisson,12,1,0.5499678995167385,0.0
thompson@gamma-poisson,12,2,0.18284401535479988,0.0
thompson@gamma-poisson,12,3,0.07663069803050519,0.0
thompson@gamma-poisson,12,4,0.3119894867086673,40.0
thompson@gamma-poisson,12,5,0.3141976074676383,0.0
thompson@gamma-poisson,12,6,0.3988563623958905,40.0
thompson@gamma-poisson,12,7,0.07283050223647593,0.0
thompson@gamma-poisson,12,8,0.3897566811367426,0.0
thompson@gamma-poisson,12,9,0.07893206346283009,0.0
thompson@gamma-poisson,12,10,0.06334659993061938,0.0
thompson@gamma-poisson,12,11,6.4178801375269785,160.0
epig@gamma-poisson,12,0,0.043021343881542586,15.0
epig@gamma-poisson,12,1,0.5499678995167385,27.0
epig@gamma-poisson,12,2,0.18284401535479988,19.0
epig@gamma-poisson,12,3,0.07663069803050519,19.0
epig@gamma-poisson,12,4,0.3119894867086673,29.0
epig@gamma-poisson,12,5,0.3141976074676383,23.0
epig@gamma-poisson,12,6,0.3988563623958905,27.0
epig@gamma-poisson,12,7,0.07283050223647593,26.0
epig@gamma-poisson,12,8,0.3897566811367426,29.0
epig@gamma-poisson,12,9,0.07893206346283009,0.0
epig@gamma-poisson,12,10,0.06334659993061938,0.0
epig@gamma-poisson,12,11,6.4178801375269785,25.5
eig@lognormal-poisson,12,0,0.043021343881542586,10.0
eig@lognormal-poisson,12,1,0.5499678995167385,30.0
eig@lognormal-poisson,12,2,0.18284401535479988,16.0
eig@lognormal-poisson,12,3,0.07663069803050519,13.0
eig@lognormal-poisson,12,4,0.3119894867086673,30.0
eig@lognormal-poisson,12,5,0.3141976074676383,29.0
eig@lognormal-poisson,12,6,0.3988563623958905,28.0
eig@lognormal-poisson,12,7,0.07283050223647593,20.0
eig@lognormal-poisson,12,8,0.3897566811367426,31.0
eig@lognormal-poisson,12,9,0.07893206346283009,0.0
eig@lognormal-poisson,12,10,0.06334659993061938,0.0
eig@lognormal-poisson,12,11,6.4178801375269785,33.0
maxent@lognormal-poisson,12,0,0.043021343881542586,0.0
maxent@lognormal-poisson,12,1,0.5499678995167385,0.0
maxent@lognormal-poisson,12,2,0.18284401535479988,0.0
maxent@lognormal-poisson,12,3,0.07663069803050519,0.0
maxent@lognormal-poisson,12,4,0.3119894867086673,0.0
maxent@lognormal-poisson,12,5,0.3141976074676383,0.0
maxent@lognormal-poisson,12,6,0.3988563623958905,0.0
maxent@lognormal-poisson,12,7,0.07283050223647593,0.0
maxent@lognormal-poisson,12,8,0.3897566811367426,0.0
maxent@lognormal-poisson,12,9,0.07893206346283009,0.0
maxent@lognormal-poisson,12,10,0.06334659993061938,0.0
maxent@lognormal-poisson,12,11,6.4178801375269785,240.0
d-optimality@lognormal-poisson,12,0,0.043021343881542586,12.0
d-optimality@lognormal-poisson,12,1,0.5499678995167385,28.0
d-optimality@lognormal-poisson,12,2,0.18284401535479988,17.0
d-optimality@lognormal-poisson,12,3,0.07663069803050519,16.0
d-optimality@lognormal-poisson,12,4,0.3119894867086673,28.0
d-optimality@lognormal-poisson,12,5,0.3141976074676383,28.0
d-optimality@lognormal-poisson,12,6,0.3988563623958905,27.0
d-optimality@lognormal-poisson,12,7,0.07283050223647593,22.0
d-optimality@lognormal-poisson,12,8,0.3897566811367426,30.0
d-optimality@lognormal-poisson,12,9,0.07893206346283009,0.0
d-optimality@lognormal-poisson,12,10,0.06334659993061938,1.0
d-optimality@lognormal-poisson,12,11,6.4178801375269785,31.0
neyman@lognormal-poisson,12,0,0.043021343881542586,10.0
neyman@lognormal-poisson,12,1,0.5499678995167385,14.0
neyman@lognormal-poisson,12,2,0.18284401535479988,12.0
neyman@lognormal-poisson,12,3,0.07663069803050519,9.0
neyman@lognormal-poisson,12,4,0.3119894867086673,22.0
neyman@lognormal-poisson,12,5,0.3141976074676383,16.0
neyman@lognormal-poisson,12,6,0.3988563623958905,27.0
neyman@lognormal-poisson,12,7,0.07283050223647593,14.0
neyman@lognormal-poisson,12,8,0.3897566811367426,27.0
neyman@lognormal-poisson,12,9,0.07893206346283009,9.0
neyman@lognormal-poisson,12,10,0.06334659993061938,10.0
neyman@lognormal-poisson,12,11,6.4178801375269785,70.0
predictive-variance@lognormal-poisson,12,0,0.043021343881542586,0.0
predictive-variance@lognormal-poisson,12,1,0.5499678995167385,40.0
predictive-variance@lognormal-poisson,12,2,0.18284401535479988,0.0
predictive-variance@lognormal-poisson,12,3,0.07663069803050519,0.0
predictive-variance@lognormal-poisson,12,4,0.3119894867086673,40.0
predictive-variance@lognormal-poisson,12,5,0.3141976074676383,0.0
predictive-variance@lognormal-poisson,12,6,0.3988563623958905,40.0
predictive-variance@lognormal-poisson,12,7,0.07283050223647593,0.0
predictive-variance@lognormal-poisson,12,8,0.3897566811367426,40.0
predictive-variance@lognormal-poisson,12,9,0.07893206346283009,0.0
predictive-variance@lognormal-poisson,12,10,0.06334659993061938,0.0
predictive-variance@lognormal-poisson,12,11,6.4178801375269785,80.0
epistemic@lognormal-poisson,12,0,0.043021343881542586,0.0
epistemic@lognormal-poisson,12,1,0.5499678995167385,40.0
epistemic@lognormal-poisson,12,2,0.18284401535479988,0.0
epistemic@lognormal-poisson,12,3,0.07663069803050519,0.0
epistemic@lognormal-poisson,12,4,0.3119894867086673,40.0
epistemic@lognormal-poisson,12,5,0.3141976074676383,0.0
epistemic@lognormal-poisson,12,6,0.3988563623958905,40.0
epistemic@lognormal-poisson,12,7,0.07283050223647593,0.0
epistemic@lognormal-poisson,12,8,0.3897566811367426,40.0
epistemic@lognormal-poisson,12,9,0.07893206346283009,0.0
epistemic@lognormal-poisson,12,10,0.06334659993061938,0.0
epistemic@lognormal-poisson,12,11,6.4178801375269785,80.0
thompson@lognormal-poisson,12,0,0.043021343881542586,0.0
thompson@lognormal-poisson,12,1,0.5499678995167385,0.0
thompson@lognormal-poisson,12,2,0.18284401535479988,0.0
thompson@lognormal-poisson,12,3,0.07663069803050519,0.0
thompson@lognormal-poisson,12,4,0.3119894867086673,0.0
thompson@lognormal-poisson,12,5,0.3141976074676383,0.0
thompson@lognormal-poisson,12,6,0.3988563623958905,40.0
thompson@lognormal-poisson,12,7,0.07283050223647593,0.0
thompson@lognormal-poisson,12,8,0.3897566811367426,40.0
thompson@lognormal-poisson,12,9,0.07893206346283009,0.0
thompson@lognormal-poisson,12,10,0.06334659993061938,0.0
thompson@lognormal-poisson,12,11,6.4178801375269785,160.0
eig,13,0,0.6780751962809514,26.0
eig,13,1,0.06408018627586574,7.0
eig,13,2,0.054906798751496795,15.0
eig,13,3,0.11237692298359983,15.0
eig,13,4,0.13683620383565304,11.0
eig,13,5,0.6869191384215383,25.0
eig,13,6,0.40789281293445523,24.0
eig,13,7,1.0663348068215734,26.0
eig,13,8,0.8568401166558849,25.0
eig,13,9,0.8015908673715487,26.0
eig,13,10,2.8343768040363417,26.0
eig,13,11,0.09696845518843285,14.0
epig,13,0,0.6780751962809514,24.0
epig,13,1,0.06408018627586574,8.0
epig,13,2,0.054906798751496795,14.0
epig,13,3,0.11237692298359983,15.0
epig,13,4,0.13683620383565304,12.0
epig,13,5,0.6869191384215383,24.0
epig,13,6,0.40789281293445523,26.0
epig,13,7,1.0663348068215734,24.0
epig,13,8,0.8568401166558849,27.0
epig,13,9,0.8015908673715487,25.0
epig,13,10,2.8343768040363417,28.0
epig,13,11,0.09696845518843285,13.0
maxent,13,0,0.6780751962809514,0.0
maxent,13,1,0.06408018627586574,0.0
maxent,13,2,0.054906798751496795,0.0
maxent,13,3,0.11237692298359983,0.0
maxent,13,4,0.13683620383565304,0.0
maxent,13,5,0.6869191384215383,0.0
maxent,13,6,0.40789281293445523,0.0
maxent,13,7,1.0663348068215734,2.0
maxent,13,8,0.8568401166558849,0.0
maxent,13,9,0.8015908673715487,1.0
maxent,13,10,2.8343768040363417,237.0
maxent,13,11,0.09696845518843285,0.0
d-optimality,13,0,0.6780751962809514,25.0
d-optimality,13,1,0.06408018627586574,9.0
d-optimality,13,2,0.054906798751496795,17.0
d-optimality,13,3,0.11237692298359983,16.0
d-optimality,13,4,0.13683620383565304,13.0
d-optimality,13,5,0.6869191384215383,24.0
d-optimality,13,6,0.40789281293445523,23.0
d-optimality,13,7,1.0663348068215734,25.0
d-optimality,13,8,0.8568401166558849,24.0
d-optimality,13,9,0.8015908673715487,24.0
d-optimality,13,10,2.8343768040363417,25.0
d-optimality,13,11,0.09696845518843285,15.0
neyman,13,0,0.6780751962809514,24.0
neyman,13,1,0.06408018627586574,8.0
neyman,13,2,0.054906798751496795,8.0
neyman,13,3,0.11237692298359983,12.0
neyman,13,4,0.13683620383565304,11.0
neyman,13,5,0.6869191384215383,18.0
neyman,13,6,0.40789281293445523,22.0
neyman,13,7,1.0663348068215734,31.0
neyman,13,8,0.8568401166558849,28.0
neyman,13,9,0.8015908673715487,27.0
neyman,13,10,2.8343768040363417,42.0
neyman,13,11,0.09696845518843285,9.0
predictive-variance,13,0,0.6780751962809514,40.0
predictive-variance,13,1,0.06408018627586574,0.0
predictive-variance,13,2,0.054906798751496795,0.0
predictive-variance,13,3,0.11237692298359983,0.0
predictive-variance,13,4,0.13683620383565304,40.0
predictive-variance,13,5,0.6869191384215383,0.0
predictive-variance,13,6,0.40789281293445523,0.0
predictive-variance,13,7,1.0663348068215734,40.0
predictive-variance,13,8,0.8568401166558849,40.0
predictive-variance,13,9,0.8015908673715487,40.0
predictive-variance,13,10,2.8343768040363417,40.0
predictive-variance,13,11,0.09696845518843285,0.0
epistemic,13,0,0.6780751962809514,40.0
epistemic,13,1,0.06408018627586574,0.0
epistemic,13,2,0.054906798751496795,0.0
epistemic,13,3,0.11237692298359983,0.0
epistemic,13,4,0.13683620383565304,40.0
epistemic,13,5,0.6869191384215383,0.0
epistemic,13,6,0.40789281293445523,0.0
epistemic,13,7,1.0663348068215734,40.0
epistemic,13,8,0.8568401166558849,40.0
epistemic,13,9,0.8015908673715487,40.0
epistemic,13,10,2.8343768040363417,40.0
epistemic,13,11,0.09696845518843285,0.0
thompson,13,0,0.6780751962809514,0.0
thompson,13,1,0.06408018627586574,0.0
thompson,13,2,0.054906798751496795,0.0
thompson,13,3,0.11237692298359983,0.0
thompson,13,4,0.13683620383565304,40.0
thompson,13,5,0.6869191384215383,40.0
thompson,13,6,0.40789281293445523,0.0
thompson,13,7,1.0663348068215734,40.0
thompson,13,8,0.8568401166558849,40.0
thompson,13,9,0.8015908673715487,0.0
thompson,13,10,2.8343768040363417,80.0
thompson,13,11,0.09696845518843285,0.0
uniform,13,0,0.6780751962809514,20.0
uniform,13,1,0.06408018627586574,20.0
uniform,13,2,0.054906798751496795,20.0
uniform,13,3,0.11237692298359983,20.0
uniform,13,4,0.13683620383565304,20.0
uniform,13,5,0.6869191384215383,20.0
uniform,13,6,0.40789281293445523,20.0
uniform,13,7,1.0663348068215734,20.0
uniform,13,8,0.8568401166558849,20.0
uniform,13,9,0.8015908673715487,20.0
uniform,13,10,2.8343768040363417,20.0
uniform,13,11,0.09696845518843285,20.0
random,13,0,0.6780751962809514,0.0
random,13,1,0.06408018627586574,2.5
random,13,2,0.054906798751496795,2.5
random,13,3,0.11237692298359983,20.0
random,13,4,0.13683620383565304,2.5
random,13,5,0.6869191384215383,10.0
random,13,6,0.40789281293445523,0.0
random,13,7,1.0663348068215734,65.0
random,13,8,0.8568401166558849,0.0
random,13,9,0.8015908673715487,95.0
random,13,10,2.8343768040363417,2.5
random,13,11,0.09696845518843285,40.0
eig@gamma-poisson,13,0,0.6780751962809514,23.0
eig@gamma-poisson,13,1,0.06408018627586574,12.0
eig@gamma-poisson,13,2,0.054906798751496795,20.0
eig@gamma-poisson,13,3,0.11237692298359983,21.0
eig@gamma-poisson,13,4,0.13683620383565304,16.0
eig@gamma-poisson,13,5,0.6869191384215383,22.0
eig@gamma-poisson,13,6,0.40789281293445523,19.0
eig@gamma-poisson,13,7,1.0663348068215734,23.0
eig@gamma-poisson,13,8,0.8568401166558849,22.0
eig@gamma-poisson,13,9,0.8015908673715487,23.0
eig@gamma-poisson,13,10,2.8343768040363417,22.0
eig@gamma-poisson,13,11,0.09696845518843285,17.0
maxent@gamma-poisson,13,0,0.6780751962809514,0.0
maxent@gamma-poisson,13,1,0.06408018627586574,0.0
maxent@gamma-poisson,13,2,0.054906798751496795,0.0
maxent@gamma-poisson,13,3,0.11237692298359983,0.0
maxent@gamma-poisson,13,4,0.13683620383565304,0.0
maxent@gamma-poisson,13,5,0.6869191384215383,0.0
maxent@gamma-poisson,13,6,0.40789281293445523,0.0
maxent@gamma-poisson,13,7,1.0663348068215734,2.0
maxent@gamma-poisson,13,8,0.8568401166558849,0.0
maxent@gamma-poisson,13,9,0.8015908673715487,1.0
maxent@gamma-poisson,13,10,2.8343768040363417,237.0
maxent@gamma-poisson,13,11,0.09696845518843285,0.0
d-optimality@gamma-poisson,13,0,0.6780751962809514,21.0
d-optimality@gamma-poisson,13,1,0.06408018627586574,15.0
d-optimality@gamma-poisson,13,2,0.054906798751496795,21.0
d-optimality@gamma-poisson,13,3,0.11237692298359983,21.0
d-optimality@gamma-poisson,13,4,0.13683620383565304,21.0
d-optimality@gamma-poisson,13,5,0.6869191384215383,21.0
d-optimality@gamma-poisson,13,6,0.40789281293445523,18.0
d-optimality@gamma-poisson,13,7,1.0663348068215734,21.0
d-optimality@gamma-poisson,13,8,0.8568401166558849,21.0
d-optimality@gamma-poisson,13,9,0.8015908673715487,22.0
d-optimality@gamma-poisson,13,10,2.8343768040363417,21.0
d-optimality@gamma-poisson,13,11,0.09696845518843285,17.0
neyman@gamma-poisson,13,0,0.6780751962809514,24.0
neyman@gamma-poisson,13,1,0.06408018627586574,8.0
neyman@gamma-poisson,13,2,0.054906798751496795,6.0
neyman@gamma-poisson,13,3,0.11237692298359983,11.0
neyman@gamma-poisson,13,4,0.13683620383565304,8.0
neyman@gamma-poisson,13,5,0.6869191384215383,19.0
neyman@gamma-poisson,13,6,0.40789281293445523,23.0
neyman@gamma-poisson,13,7,1.0663348068215734,31.0
neyman@gamma-poisson,13,8,0.8568401166558849,29.0
neyman@gamma-poisson,13,9,0.8015908673715487,29.0
neyman@gamma-poisson,13,10,2.8343768040363417,43.0
neyman@gamma-poisson,13,11,0.09696845518843285,9.0
predictive-variance@gamma-poisson,13,0,0.6780751962809514,40.0
predictive-variance@gamma-poisson,13,1,0.06408018627586574,0.0
predictive-variance@gamma-poisson,13,2,0.054906798751496795,0.0
predictive-variance@gamma-poisson,13,3,0.11237692298359983,0.0
predictive-variance@gamma-poisson,13,4,0.13683620383565304,40.0
predictive-variance@gamma-poisson,13,5,0.6869191384215383,0.0
predictive-variance@gamma-poisson,13,6,0.40789281293445523,0.0
predictive-variance@gamma-poisson,13,7,1.0663348068215734,40.0
predictive-variance@gamma-poisson,13,8,0.8568401166558849,40.0
predictive-variance@gamma-poisson,13,9,0.8015908673715487,40.0
predictive-variance@gamma-poisson,13,10,2.8343768040363417,40.0
predictive-variance@gamma-poisson,13,11,0.09696845518843285,0.0
epistemic@gamma-poisson,13,0,0.6780751962809514,40.0
epistemic@gamma-poisson,13,1,0.06408018627586574,0.0
epistemic@gamma-poisson,13,2,0.054906798751496795,0.0
epistemic@gamma-poisson,13,3,0.11237692298359983,0.0
epistemic@gamma-poisson,13,4,0.13683620383565304,40.0
epistemic@gamma-poisson,13,5,0.6869191384215383,0.0
epistemic@gamma-poisson,13,6,0.40789281293445523,0.0
epistemic@gamma-poisson,13,7,1.0663348068215734,40.0
epistemic@gamma-poisson,13,8,0.8568401166558849,40.0
epistemic@gamma-poisson,13,9,0.8015908673715487,40.0
epistemic@gamma-poisson,13,10,2.8343768040363417,40.0
epistemic@gamma-poisson,13,11,0.09696845518843285,0.0
thompson@gamma-poisson,13,0,0.6780751962809514,40.0
thompson@gamma-poisson,13,1,0.06408018627586574,0.0
thompson@gamma-poisson,13,2,0.054906798751496795,0.0
thompson@gamma-poisson,13,3,0.11237692298359983,40.0
thompson@gamma-poisson,13,4,0.13683620383565304,40.0
thompson@gamma-poisson,13,5,0.6869191384215383,0.0
thompson@gamma-poisson,13,6,0.40789281293445523,0.0
thompson@gamma-poisson,13,7,1.0663348068215734,80.0
thompson@gamma-poisson,13,8,0.8568401166558849,0.0
thompson@gamma-poisson,13,9,0.8015908673715487,40.0
thompson@gamma-poisson,13,10,2.8343768040363417,0.0
thompson@gamma-poisson,13,11,0.09696845518843285,0.0
epig@gamma-poisson,13,0,0.6780751962809514,22.0
epig@gamma-poisson,13,1,0.06408018627586574,12.0
epig@gamma-poisson,13,2,0.054906798751496795,18.0
epig@gamma-poisson,13,3,0.11237692298359983,21.0
epig@gamma-poisson,13,4,0.13683620383565304,17.0
epig@gamma-poisson,13,5,0.6869191384215383,21.0
epig@gamma-poisson,13,6,0.40789281293445523,21.0
epig@gamma-poisson,13,7,1.0663348068215734,22.0
epig@gamma-poisson,13,8,0.8568401166558849,24.0
epig@gamma-poisson,13,9,0.8015908673715487,23.0
epig@gamma-poisson,13,10,2.8343768040363417,24.0
epig@gamma-poisson,13,11,0.09696845518843285,15.0
eig@lognormal-poisson,13,0,0.6780751962809514,25.0
eig@lognormal-poisson,13,1,0.06408018627586574,7.0
eig@lognormal-poisson,13,2,0.054906798751496795,17.0
eig@lognormal-poisson,13,3,0.11237692298359983,17.0
eig@lognormal-poisson,13,4,0.13683620383565304,15.0
eig@lognormal-poisson,13,5,0.6869191384215383,24.0
eig@lognormal-poisson,13,6,0.40789281293445523,23.0
eig@lognormal-poisson,13,7,1.0663348068215734,25.0
eig@lognormal-poisson,13,8,0.8568401166558849,24.0
eig@lognormal-poisson,13,9,0.8015908673715487,25.0
eig@lognormal-poisson,13,10,2.8343768040363417,25.0
eig@lognormal-poisson,13,11,0.09696845518843285,13.0
maxent@lognormal-poisson,13,0,0.6780751962809514,1.0
maxent@lognormal-poisson,13,1,0.06408018627586574,0.0
maxent@lognormal-poisson,13,2,0.054906798751496795,0.0
maxent@lognormal-poisson,13,3,0.11237692298359983,0.0
maxent@lognormal-poisson,13,4,0.13683620383565304,0.0
maxent@lognormal-poisson,13,5,0.6869191384215383,0.0
maxent@lognormal-poisson,13,6,0.40789281293445523,0.0
maxent@lognormal-poisson,13,7,1.0663348068215734,2.0
maxent@lognormal-poisson,13,8,0.8568401166558849,0.0
maxent@lognormal-poisson,13,9,0.8015908673715487,1.0
maxent@lognormal-poisson,13,10,2.8343768040363417,236.0
maxent@lognormal-poisson,13,11,0.09696845518843285,0.0
d-optimality@lognormal-poisson,13,0,0.6780751962809514,24.0
d-optimality@lognormal-poisson,13,1,0.06408018627586574,9.0
d-optimality@lognormal-poisson,13,2,0.054906798751496795,18.0
d-optimality@lognormal-poisson,13,3,0.11237692298359983,18.0
d-optimality@lognormal-poisson,13,4,0.13683620383565304,16.0
d-optimality@lognormal-poisson,13,5,0.6869191384215383,23.0
d-optimality@lognormal-poisson,13,6,0.40789281293445523,23.0
d-optimality@lognormal-poisson,13,7,1.0663348068215734,24.0
d-optimality@lognormal-poisson,13,8,0.8568401166558849,23.0
d-optimality@lognormal-poisson,13,9,0.8015908673715487,24.0
d-optimality@lognormal-poisson,13,10,2.8343768040363417,24.0
d-optimality@lognormal-poisson,13,11,0.09696845518843285,14.0
neyman@lognormal-poisson,13,0,0.6780751962809514,24.0
neyman@lognormal-poisson,13,1,0.06408018627586574,8.0
neyman@lognormal-poisson,13,2,0.054906798751496795,8.0
neyman@lognormal-poisson,13,3,0.11237692298359983,12.0
neyman@lognormal-poisson,13,4,0.13683620383565304,11.0
neyman@lognormal-poisson,13,5,0.6869191384215383,18.0
neyman@lognormal-poisson,13,6,0.40789281293445523,22.0
neyman@lognormal-poisson,13,7,1.0663348068215734,31.0
neyman@lognormal-poisson,13,8,0.8568401166558849,28.0
neyman@lognormal-poisson,13,9,0.8015908673715487,27.0
neyman@lognormal-poisson,13,10,2.8343768040363417,42.0
neyman@lognormal-poisson,13,11,0.09696845518843285,9.0
predictive-variance@lognormal-poisson,13,0,0.6780751962809514,40.0
predictive-variance@lognormal-poisson,13,1,0.06408018627586574,0.0
predictive-variance@lognormal-poisson,13,2,0.054906798751496795,0.0
predictive-variance@lognormal-poisson,13,3,0.11237692298359983,0.0
predictive-variance@lognormal-poisson,13,4,0.13683620383565304,40.0
predictive-variance@lognormal-poisson,13,5,0.6869191384215383,0.0
predictive-variance@lognormal-poisson,13,6,0.40789281293445523,0.0
predictive-variance@lognormal-poisson,13,7,1.0663348068215734,40.0
predictive-variance@lognormal-poisson,13,8,0.8568401166558849,40.0
predictive-variance@lognormal-poisson,13,9,0.8015908673715487,40.0
predictive-variance@lognormal-poisson,13,10,2.8343768040363417,40.0
predictive-variance@lognormal-poisson,13,11,0.09696845518843285,0.0
epistemic@lognormal-poisson,13,0,0.6780751962809514,40.0
epistemic@lognormal-poisson,13,1,0.06408018627586574,0.0
epistemic@lognormal-poisson,13,2,0.054906798751496795,0.0
epistemic@lognormal-poisson,13,3,0.11237692298359983,0.0
epistemic@lognormal-poisson,13,4,0.13683620383565304,40.0
epistemic@lognormal-poisson,13,5,0.6869191384215383,0.0
epistemic@lognormal-poisson,13,6,0.40789281293445523,0.0
epistemic@lognormal-poisson,13,7,1.0663348068215734,40.0
epistemic@lognormal-poisson,13,8,0.8568401166558849,40.0
epistemic@lognormal-poisson,13,9,0.8015908673715487,40.0
epistemic@lognormal-poisson,13,10,2.8343768040363417,40.0
epistemic@lognormal-poisson,13,11,0.09696845518843285,0.0
thompson@lognormal-poisson,13,0,0.6780751962809514,40.0
thompson@lognormal-poisson,13,1,0.06408018627586574,0.0
thompson@lognormal-poisson,13,2,0.054906798751496795,0.0
thompson@lognormal-poisson,13,3,0.11237692298359983,40.0
thompson@lognormal-poisson,13,4,0.13683620383565304,0.0
thompson@lognormal-poisson,13,5,0.6869191384215383,0.0
thompson@lognormal-poisson,13,6,0.40789281293445523,0.0
thompson@lognormal-poisson,13,7,1.0663348068215734,0.0
thompson@lognormal-poisson,13,8,0.8568401166558849,0.0
thompson@lognormal-poisson,13,9,0.8015908673715487,40.0
thompson@lognormal-poisson,13,10,2.8343768040363417,120.0
thompson@lognormal-poisson,13,11,0.09696845518843285,0.0
eig,14,0,0.46445169856443996,24.0
eig,14,1,0.3997681198445359,22.0
eig,14,2,0.43216727342721706,22.0
eig,14,3,0.8478952135880066,23.0
eig,14,4,0.42379907034002207,17.0
eig,14,5,0.12927060017565684,11.0
eig,14,6,0.2837338524582281,21.0
eig,14,7,0.22913220245156263,5.0
eig,14,8,9.888552239398212,26.0
eig,14,9,4.002404209491492,25.0
eig,14,10,1.2911840487259236,25.0
eig,14,11,0.23714939182155403,19.0
epig,14,0,0.46445169856443996,21.0
epig,14,1,0.3997681198445359,21.0
epig,14,2,0.43216727342721706,20.0
epig,14,3,0.8478952135880066,24.0
epig,14,4,0.42379907034002207,17.0
epig,14,5,0.12927060017565684,10.0
epig,14,6,0.2837338524582281,20.0
epig,14,7,0.22913220245156263,6.0
epig,14,8,9.888552239398212,24.5
epig,14,9,4.002404209491492,30.5
epig,14,10,1.2911840487259236,26.0
epig,14,11,0.23714939182155403,20.0
maxent,14,0,0.46445169856443996,0.0
maxent,14,1,0.3997681198445359,0.0
maxent,14,2,0.43216727342721706,0.0
maxent,14,3,0.8478952135880066,0.0
maxent,14,4,0.42379907034002207,0.0
maxent,14,5,0.12927060017565684,0.0
maxent,14,6,0.2837338524582281,0.0
maxent,14,7,0.22913220245156263,0.0
maxent,14,8,9.888552239398212,240.0
maxent,14,9,4.002404209491492,0.0
maxent,14,10,1.2911840487259236,0.0
maxent,14,11,0.23714939182155403,0.0
d-optimality,14,0,0.46445169856443996,22.0
d-optimality,14,1,0.3997681198445359,20.0
d-optimality,14,2,0.43216727342721706,21.0
d-optimality,14,3,0.8478952135880066,22.0
d-optimality,14,4,0.42379907034002207,17.0
d-optimality,14,5,0.12927060017565684,12.0
d-optimality,14,6,0.2837338524582281,20.0
d-optimality,14,7,0.22913220245156263,15.0
d-optimality,14,8,9.888552239398212,24.0
d-optimality,14,9,4.002404209491492,24.0
d-optimality,14,10,1.2911840487259236,24.0
d-optimality,14,11,0.23714939182155403,19.0
neyman,14,0,0.46445169856443996,15.0
neyman,14,1,0.3997681198445359,14.0
neyman,14,2,0.43216727342721706,10.0
neyman,14,3,0.8478952135880066,22.0
neyman,14,4,0.42379907034002207,12.0
neyman,14,5,0.12927060017565684,8.0
neyman,14,6,0.2837338524582281,12.0
neyman,14,7,0.22913220245156263,6.0
neyman,14,8,9.888552239398212,63.0
neyman,14,9,4.002404209491492,45.0
neyman,14,10,1.2911840487259236,26.0
neyman,14,11,0.23714939182155403,7.0
predictive-variance,14,0,0.46445169856443996,0.0
predictive-variance,14,1,0.3997681198445359,0.0
predictive-variance,14,2,0.43216727342721706,0.0
predictive-variance,14,3,0.8478952135880066,40.0
predictive-variance,14,4,0.42379907034002207,40.0
predictive-variance,14,5,0.12927060017565684,0.0
predictive-variance,14,6,0.2837338524582281,40.0
predictive-variance,14,7,0.22913220245156263,0.0
predictive-variance,14,8,9.888552239398212,40.0
predictive-variance,14,9,4.002404209491492,40.0
predictive-variance,14,10,1.2911840487259236,40.0
predictive-variance,14,11,0.23714939182155403,0.0
epistemic,14,0,0.46445169856443996,0.0
epistemic,14,1,0.3997681198445359,0.0
epistemic,14,2,0.43216727342721706,0.0
epistemic,14,3,0.8478952135880066,40.0
epistemic,14,4,0.42379907034002207,40.0
epistemic,14,5,0.12927060017565684,0.0
epistemic,14,6,0.2837338524582281,40.0
epistemic,14,7,0.22913220245156263,0.0
epistemic,14,8,9.888552239398212,40.0
epistemic,14,9,4.002404209491492,40.0
epistemic,14,10,1.2911840487259236,40.0
epistemic,14,11,0.23714939182155403,0.0
thompson,14,0,0.46445169856443996,0.0
thompson,14,1,0.3997681198445359,40.0
thompson,14,2,0.43216727342721706,0.0
thompson,14,3,0.8478952135880066,40.0
thompson,14,4,0.42379907034002207,0.0
thompson,14,5,0.12927060017565684,0.0
thompson,14,6,0.2837338524582281,0.0
thompson,14,7,0.22913220245156263,0.0
thompson,14,8,9.888552239398212,120.0
thompson,14,9,4.002404209491492,40.0
thompson,14,10,1.2911840487259236,0.0
thompson,14,11,0.23714939182155403,0.0
uniform,14,0,0.46445169856443996,20.0
uniform,14,1,0.3997681198445359,20.0
uniform,14,2,0.43216727342721706,20.0
uniform,14,3,0.8478952135880066,20.0
uniform,14,4,0.42379907034002207,20.0
uniform,14,5,0.12927060017565684,20.0
uniform,14,6,0.2837338524582281,20.0
uniform,14,7,0.22913220245156263,20.0
uniform,14,8,9.888552239398212,20.0
uniform,14,9,4.002404209491492,20.0
uniform,14,10,1.2911840487259236,20.0
uniform,14,11,0.23714939182155403,20.0
random,14,0,0.46445169856443996,7.5
random,14,1,0.3997681198445359,27.5
random,14,2,0.43216727342721706,42.5
random,14,3,0.8478952135880066,2.5
random,14,4,0.42379907034002207,0.0
random,14,5,0.12927060017565684,10.0
random,14,6,0.2837338524582281,0.0
random,14,7,0.22913220245156263,2.5
random,14,8,9.888552239398212,62.5
random,14,9,4.002404209491492,25.0
random,14,10,1.2911840487259236,7.5
random,14,11,0.23714939182155403,52.5
eig@gamma-poisson,14,0,0.46445169856443996,20.0
eig@gamma-poisson,14,1,0.3997681198445359,22.0
eig@gamma-poisson,14,2,0.43216727342721706,18.0
eig@gamma-poisson,14,3,0.8478952135880066,23.0
eig@gamma-poisson,14,4,0.42379907034002207,22.0
eig@gamma-poisson,14,5,0.12927060017565684,20.0
eig@gamma-poisson,14,6,0.2837338524582281,22.0
eig@gamma-poisson,14,7,0.22913220245156263,11.0
eig@gamma-poisson,14,8,9.888552239398212,23.0
eig@gamma-poisson,14,9,4.002404209491492,23.0
eig@gamma-poisson,14,10,1.2911840487259236,23.0
eig@gamma-poisson,14,11,0.23714939182155403,13.0
maxent@gamma-poisson,14,0,0.46445169856443996,0.0
maxent@gamma-poisson,14,1,0.3997681198445359,0.0
maxent@gamma-poisson,14,2,0.43216727342721706,0.0
maxent@gamma-poisson,14,3,0.8478952135880066,0.0
maxent@gamma-poisson,14,4,0.42379907034002207,0.0
maxent@gamma-poisson,14,5,0.12927060017565684,0.0
maxent@gamma-poisson,14,6,0.2837338524582281,0.0
maxent@gamma-poisson,14,7,0.22913220245156263,0.0
maxent@gamma-poisson,14,8,9.888552239398212,240.0
maxent@gamma-poisson,14,9,4.002404209491492,0.0
maxent@gamma-poisson,14,10,1.2911840487259236,0.0
maxent@gamma-poisson,14,11,0.23714939182155403,0.0
d-optimality@gamma-poisson,14,0,0.46445169856443996,20.0
d-optimality@gamma-poisson,14,1,0.3997681198445359,22.0
d-optimality@gamma-poisson,14,2,0.43216727342721706,18.0
d-optimality@gamma-poisson,14,3,0.8478952135880066,23.0
d-optimality@gamma-poisson,14,4,0.42379907034002207,22.0
d-optimality@gamma-poisson,14,5,0.12927060017565684,22.0
d-optimality@gamma-poisson,14,6,0.2837338524582281,22.0
d-optimality@gamma-poisson,14,7,0.22913220245156263,12.0
d-optimality@gamma-poisson,14,8,9.888552239398212,22.0
d-optimality@gamma-poisson,14,9,4.002404209491492,22.0
d-optimality@gamma-poisson,14,10,1.2911840487259236,22.0
d-optimality@gamma-poisson,14,11,0.23714939182155403,13.0
neyman@gamma-poisson,14,0,0.46445169856443996,15.0
neyman@gamma-poisson,14,1,0.3997681198445359,14.0
neyman@gamma-poisson,14,2,0.43216727342721706,10.0
neyman@gamma-poisson,14,3,0.8478952135880066,22.0
neyman@gamma-poisson,14,4,0.42379907034002207,12.0
neyman@gamma-poisson,14,5,0.12927060017565684,6.0
neyman@gamma-poisson,14,6,0.2837338524582281,12.0
neyman@gamma-poisson,14,7,0.22913220245156263,6.0
neyman@gamma-poisson,14,8,9.888552239398212,64.0
neyman@gamma-poisson,14,9,4.002404209491492,45.0
neyman@gamma-poisson,14,10,1.2911840487259236,26.0
neyman@gamma-poisson,14,11,0.23714939182155403,8.0
predictive-variance@gamma-poisson,14,0,0.46445169856443996,0.0
predictive-variance@gamma-poisson,14,1,0.3997681198445359,0.0
predictive-variance@gamma-poisson,14,2,0.43216727342721706,0.0
predictive-variance@gamma-poisson,14,3,0.8478952135880066,40.0
predictive-variance@gamma-poisson,14,4,0.42379907034002207,40.0
predictive-variance@gamma-poisson,14,5,0.12927060017565684,0.0
predictive-variance@gamma-poisson,14,6,0.2837338524582281,40.0
predictive-variance@gamma-poisson,14,7,0.22913220245156263,0.0
predictive-variance@gamma-poisson,14,8,9.888552239398212,40.0
predictive-variance@gamma-poisson,14,9,4.002404209491492,40.0
predictive-variance@gamma-poisson,14,10,1.2911840487259236,40.0
predictive-variance@gamma-poisson,14,11,0.23714939182155403,0.0
epistemic@gamma-poisson,14,0,0.46445169856443996,0.0
epistemic@gamma-poisson,14,1,0.3997681198445359,0.0
epistemic@gamma-poisson,14,2,0.43216727342721706,0.0
epistemic@gamma-poisson,14,3,0.8478952135880066,40.0
epistemic@gamma-poisson,14,4,0.42379907034002207,40.0
epistemic@gamma-poisson,14,5,0.12927060017565684,0.0
epistemic@gamma-poisson,14,6,0.2837338524582281,40.0
epistemic@gamma-poisson,14,7,0.22913220245156263,0.0
epistemic@gamma-poisson,14,8,9.888552239398212,40.0
epistemic@gamma-poisson,14,9,4.002404209491492,40.0
epistemic@gamma-poisson,14,10,1.2911840487259236,40.0
epistemic@gamma-poisson,14,11,0.23714939182155403,0.0
thompson@gamma-poisson,14,0,0.46445169856443996,0.0
thompson@gamma-poisson,14,1,0.3997681198445359,0.0
thompson@gamma-poisson,14,2,0.43216727342721706,0.0
thompson@gamma-poisson,14,3,0.8478952135880066,0.0
thompson@gamma-poisson,14,4,0.42379907034002207,0.0
thompson@gamma-poisson,14,5,0.12927060017565684,0.0
thompson@gamma-poisson,14,6,0.2837338524582281,0.0
thompson@gamma-poisson,14,7,0.22913220245156263,0.0
thompson@gamma-poisson,14,8,9.888552239398212,240.0
thompson@gamma-poisson,14,9,4.002404209491492,0.0
thompson@gamma-poisson,14,10,1.2911840487259236,0.0
thompson@gamma-poisson,14,11,0.23714939182155403,0.0
epig@gamma-poisson,14,0,0.46445169856443996,18.0
epig@gamma-poisson,14,1,0.3997681198445359,22.0
epig@gamma-poisson,14,2,0.43216727342721706,18.0
epig@gamma-poisson,14,3,0.8478952135880066,24.0
epig@gamma-poisson,14,4,0.42379907034002207,22.0
epig@gamma-poisson,14,5,0.12927060017565684,19.0
epig@gamma-poisson,14,6,0.2837338524582281,22.0
epig@gamma-poisson,14,7,0.22913220245156263,11.0
epig@gamma-poisson,14,8,9.888552239398212,22.5
epig@gamma-poisson,14,9,4.002404209491492,24.5
epig@gamma-poisson,14,10,1.2911840487259236,24.0
epig@gamma-poisson,14,11,0.23714939182155403,13.0
eig@lognormal-poisson,14,0,0.46445169856443996,24.0
eig@lognormal-poisson,14,1,0.3997681198445359,22.0
eig@lognormal-poisson,14,2,0.43216727342721706,21.0
eig@lognormal-poisson,14,3,0.8478952135880066,24.0
eig@lognormal-poisson,14,4,0.42379907034002207,19.0
eig@lognormal-poisson,14,5,0.12927060017565684,17.0
eig@lognormal-poisson,14,6,0.2837338524582281,22.0
eig@lognormal-poisson,14,7,0.22913220245156263,5.0
eig@lognormal-poisson,14,8,9.888552239398212,26.0
eig@lognormal-poisson,14,9,4.002404209491492,26.0
eig@lognormal-poisson,14,10,1.2911840487259236,25.0
eig@lognormal-poisson,14,11,0.23714939182155403,9.0
maxent@lognormal-poisson,14,0,0.46445169856443996,0.0
maxent@lognormal-poisson,14,1,0.3997681198445359,0.0
maxent@lognormal-poisson,14,2,0.43216727342721706,0.0
maxent@lognormal-poisson,14,3,0.8478952135880066,0.0
maxent@lognormal-poisson,14,4,0.42379907034002207,0.0
maxent@lognormal-poisson,14,5,0.12927060017565684,0.0
maxent@lognormal-poisson,14,6,0.2837338524582281,0.0
maxent@lognormal-poisson,14,7,0.22913220245156263,0.0
maxent@lognormal-poisson,14,8,9.888552239398212,240.0
maxent@lognormal-poisson,14,9,4.002404209491492,0.0
maxent@lognormal-poisson,14,10,1.2911840487259236,0.0
maxent@lognormal-poisson,14,11,0.23714939182155403,0.0
d-optimality@lognormal-poisson,14,0,0.46445169856443996,22.0
d-optimality@lognormal-poisson,14,1,0.3997681198445359,21.0
d-optimality@lognormal-poisson,14,2,0.43216727342721706,20.0
d-optimality@lognormal-poisson,14,3,0.8478952135880066,23.0
d-optimality@lognormal-poisson,14,4,0.42379907034002207,19.0
d-optimality@lognormal-poisson,14,5,0.12927060017565684,17.0
d-optimality@lognormal-poisson,14,6,0.2837338524582281,21.0
d-optimality@lognormal-poisson,14,7,0.22913220245156263,6.0
d-optimality@lognormal-poisson,14,8,9.888552239398212,25.0
d-optimality@lognormal-poisson,14,9,4.002404209491492,24.0
d-optimality@lognormal-poisson,14,10,1.2911840487259236,24.0
d-optimality@lognormal-poisson,14,11,0.23714939182155403,18.0
neyman@lognormal-poisson,14,0,0.46445169856443996,15.0
neyman@lognormal-poisson,14,1,0.3997681198445359,14.0
neyman@lognormal-poisson,14,2,0.43216727342721706,10.0
neyman@lognormal-poisson,14,3,0.8478952135880066,22.0
neyman@lognormal-poisson,14,4,0.42379907034002207,12.0
neyman@lognormal-poisson,14,5,0.12927060017565684,8.0
neyman@lognormal-poisson,14,6,0.2837338524582281,12.0
neyman@lognormal-poisson,14,7,0.22913220245156263,6.0
neyman@lognormal-poisson,14,8,9.888552239398212,63.0
neyman@lognormal-poisson,14,9,4.002404209491492,45.0
neyman@lognormal-poisson,14,10,1.2911840487259236,26.0
neyman@lognormal-poisson,14,11,0.23714939182155403,7.0
predictive-variance@lognormal-poisson,14,0,0.46445169856443996,0.0
predictive-variance@lognormal-poisson,14,1,0.3997681198445359,0.0
predictive-variance@lognormal-poisson,14,2,0.43216727342721706,0.0
predictive-variance@lognormal-poisson,14,3,0.8478952135880066,40.0
predictive-variance@lognormal-poisson,14,4,0.42379907034002207,40.0
predictive-variance@lognormal-poisson,14,5,0.12927060017565684,0.0
predictive-variance@lognormal-poisson,14,6,0.2837338524582281,40.0
predictive-variance@lognormal-poisson,14,7,0.22913220245156263,0.0
predictive-variance@lognormal-poisson,14,8,9.888552239398212,40.0
predictive-variance@lognormal-poisson,14,9,4.002404209491492,40.0
predictive-variance@lognormal-poisson,14,10,1.2911840487259236,40.0
predictive-variance@lognormal-poisson,14,11,0.23714939182155403,0.0
epistemic@lognormal-poisson,14,0,0.46445169856443996,0.0
epistemic@lognormal-poisson,14,1,0.3997681198445359,0.0
epistemic@lognormal-poisson,14,2,0.43216727342721706,0.0
epistemic@lognormal-poisson,14,3,0.8478952135880066,40.0
epistemic@lognormal-poisson,14,4,0.42379907034002207,40.0
epistemic@lognormal-poisson,14,5,0.12927060017565684,0.0
epistemic@lognormal-poisson,14,6,0.2837338524582281,40.0
epistemic@lognormal-poisson,14,7,0.22913220245156263,0.0
epistemic@lognormal-poisson,14,8,9.888552239398212,40.0
epistemic@lognormal-poisson,14,9,4.002404209491492,40.0
epistemic@lognormal-poisson,14,10,1.2911840487259236,40.0
epistemic@lognormal-poisson,14,11,0.23714939182155403,0.0
thompson@lognormal-poisson,14,0,0.46445169856443996,0.0
thompson@lognormal-poisson,14,1,0.3997681198445359,0.0
thompson@lognormal-poisson,14,2,0.43216727342721706,0.0
thompson@lognormal-poisson,14,3,0.8478952135880066,40.0
thompson@lognormal-poisson,14,4,0.42379907034002207,0.0
thompson@lognormal-poisson,14,5,0.12927060017565684,0.0
thompson@lognormal-poisson,14,6,0.2837338524582281,0.0
thompson@lognormal-poisson,14,7,0.22913220245156263,0.0
thompson@lognormal-poisson,14,8,9.888552239398212,120.0
thompson@lognormal-poisson,14,9,4.002404209491492,80.0
thompson@lognormal-poisson,14,10,1.2911840487259236,0.0
thompson@lognormal-poisson,14,11,0.23714939182155403,0.0
eig,15,0,1.0633679141785601,27.0
eig,15,1,0.11132740735342724,7.0
eig,15,2,0.2821271709919926,28.0
eig,15,3,0.4142481463916562,22.0
eig,15,4,3.562949070295948,31.0
eig,15,5,0.953732218224031,29.0
eig,15,6,5.202557183603089,31.0
eig,15,7,0.032051886106244265,10.0
eig,15,8,0.06375609513610356,19.0
eig,15,9,0.09292538613210304,0.0
eig,15,10,1.4408413371885282,31.0
eig,15,11,0.03574918834015431,5.0
epig,15,0,1.0633679141785601,31.0
epig,15,1,0.11132740735342724,10.0
epig,15,2,0.2821271709919926,26.0
epig,15,3,0.4142481463916562,19.0
epig,15,4,3.562949070295948,29.0
epig,15,5,0.953732218224031,27.0
epig,15,6,5.202557183603089,32.0
epig,15,7,0.032051886106244265,11.0
epig,15,8,0.06375609513610356,20.0
epig,15,9,0.09292538613210304,0.0
epig,15,10,1.4408413371885282,29.0
epig,15,11,0.03574918834015431,6.0
maxent,15,0,1.0633679141785601,0.0
maxent,15,1,0.11132740735342724,0.0
maxent,15,2,0.2821271709919926,0.0
maxent,15,3,0.4142481463916562,1.0
maxent,15,4,3.562949070295948,237.0
maxent,15,5,0.953732218224031,0.0
maxent,15,6,5.202557183603089,0.0
maxent,15,7,0.032051886106244265,0.0
maxent,15,8,0.06375609513610356,0.0
maxent,15,9,0.09292538613210304,0.0
maxent,15,10,1.4408413371885282,2.0
maxent,15,11,0.03574918834015431,0.0
d-optimality,15,0,1.0633679141785601,26.0
d-optimality,15,1,0.11132740735342724,10.0
d-optimality,15,2,0.2821271709919926,27.0
d-optimality,15,3,0.4142481463916562,21.0
d-optimality,15,4,3.562949070295948,29.0
d-optimality,15,5,0.953732218224031,27.0
d-optimality,15,6,5.202557183603089,29.0
d-optimality,15,7,0.032051886106244265,13.0
d-optimality,15,8,0.06375609513610356,20.0
d-optimality,15,9,0.09292538613210304,0.0
d-optimality,15,10,1.4408413371885282,29.0
d-optimality,15,11,0.03574918834015431,9.0
neyman,15,0,1.0633679141785601,28.0
neyman,15,1,0.11132740735342724,7.0
neyman,15,2,0.2821271709919926,14.0
neyman,15,3,0.4142481463916562,14.0
neyman,15,4,3.562949070295948,42.0
neyman,15,5,0.953732218224031,24.0
neyman,15,6,5.202557183603089,52.0
neyman,15,7,0.032051886106244265,6.0
neyman,15,8,0.06375609513610356,12.0
neyman,15,9,0.09292538613210304,8.0
neyman,15,10,1.4408413371885282,28.0
neyman,15,11,0.03574918834015431,5.0
predictive-variance,15,0,1.0633679141785601,0.0
predictive-variance,15,1,0.11132740735342724,0.0
predictive-variance,15,2,0.2821271709919926,0.0
predictive-variance,15,3,0.4142481463916562,40.0
predictive-variance,15,4,3.562949070295948,40.0
predictive-variance,15,5,0.953732218224031,40.0
predictive-variance,15,6,5.202557183603089,80.0
predictive-variance,15,7,0.032051886106244265,0.0
predictive-variance,15,8,0.06375609513610356,0.0
predictive-variance,15,9,0.09292538613210304,0.0
predictive-variance,15,10,1.4408413371885282,40.0
predictive-variance,15,11,0.03574918834015431,0.0
epistemic,15,0,1.0633679141785601,0.0
epistemic,15,1,0.11132740735342724,0.0
epistemic,15,2,0.2821271709919926,0.0
epistemic,15,3,0.4142481463916562,40.0
epistemic,15,4,3.562949070295948,40.0
epistemic,15,5,0.953732218224031,40.0
epistemic,15,6,5.202557183603089,80.0
epistemic,15,7,0.032051886106244265,0.0
epistemic,15,8,0.06375609513610356,0.0
epistemic,15,9,0.09292538613210304,0.0
epistemic,15,10,1.4408413371885282,40.0
epistemic,15,11,0.03574918834015431,0.0
thompson,15,0,1.0633679141785601,0.0
thompson,15,1,0.11132740735342724,0.0
thompson,15,2,0.2821271709919926,0.0
thompson,15,3,0.4142481463916562,40.0
thompson,15,4,3.562949070295948,0.0
thompson,15,5,0.953732218224031,0.0
thompson,15,6,5.202557183603089,0.0
thompson,15,7,0.032051886106244265,0.0
thompson,15,8,0.06375609513610356,0.0
thompson,15,9,0.09292538613210304,0.0
thompson,15,10,1.4408413371885282,200.0
thompson,15,11,0.03574918834015431,0.0
uniform,15,0,1.0633679141785601,20.0
uniform,15,1,0.11132740735342724,20.0
uniform,15,2,0.2821271709919926,20.0
uniform,15,3,0.4142481463916562,20.0
uniform,15,4,3.562949070295948,20.0
uniform,15,5,0.953732218224031,20.0
uniform,15,6,5.202557183603089,20.0
uniform,15,7,0.032051886106244265,20.0
uniform,15,8,0.06375609513610356,20.0
uniform,15,9,0.09292538613210304,20.0
uniform,15,10,1.4408413371885282,20.0
uniform,15,11,0.03574918834015431,20.0
random,15,0,1.0633679141785601,12.5
random,15,1,0.11132740735342724,80.0
random,15,2,0.2821271709919926,3.0
random,15,3,0.4142481463916562,5.0
random,15,4,3.562949070295948,40.0
random,15,5,0.953732218224031,1.0
random,15,6,5.202557183603089,42.5
random,15,7,0.032051886106244265,2.0
random,15,8,0.06375609513610356,1.0
random,15,9,0.09292538613210304,0.0
random,15,10,1.4408413371885282,42.0
random,15,11,0.03574918834015431,11.0
eig@gamma-poisson,15,0,1.0633679141785601,21.0
eig@gamma-poisson,15,1,0.11132740735342724,12.0
eig@gamma-poisson,15,2,0.2821271709919926,24.0
eig@gamma-poisson,15,3,0.4142481463916562,27.0
eig@gamma-poisson,15,4,3.562949070295948,28.0
eig@gamma-poisson,15,5,0.953732218224031,25.0
eig@gamma-poisson,15,6,5.202557183603089,27.0
eig@gamma-poisson,15,7,0.032051886106244265,16.0
eig@gamma-poisson,15,8,0.06375609513610356,23.0
eig@gamma-poisson,15,9,0.09292538613210304,0.0
eig@gamma-poisson,15,10,1.4408413371885282,27.0
eig@gamma-poisson,15,11,0.03574918834015431,10.0
maxent@gamma-poisson,15,0,1.0633679141785601,0.0
maxent@gamma-poisson,15,1,0.11132740735342724,0.0
maxent@gamma-poisson,15,2,0.2821271709919926,0.0
maxent@gamma-poisson,15,3,0.4142481463916562,1.0
maxent@gamma-poisson,15,4,3.562949070295948,237.0
maxent@gamma-poisson,15,5,0.953732218224031,0.0
maxent@gamma-poisson,15,6,5.202557183603089,0.0
maxent@gamma-poisson,15,7,0.032051886106244265,0.0
maxent@gamma-poisson,15,8,0.06375609513610356,0.0
maxent@gamma-poisson,15,9,0.09292538613210304,0.0
maxent@gamma-poisson,15,10,1.4408413371885282,2.0
maxent@gamma-poisson,15,11,0.03574918834015431,0.0
d-optimality@gamma-poisson,15,0,1.0633679141785601,19.0
d-optimality@gamma-poisson,15,1,0.11132740735342724,17.0
d-optimality@gamma-poisson,15,2,0.2821271709919926,23.0
d-optimality@gamma-poisson,15,3,0.4142481463916562,25.0
d-optimality@gamma-poisson,15,4,3.562949070295948,25.0
d-optimality@gamma-poisson,15,5,0.953732218224031,23.0
d-optimality@gamma-poisson,15,6,5.202557183603089,25.0
d-optimality@gamma-poisson,15,7,0.032051886106244265,22.0
d-optimality@gamma-poisson,15,8,0.06375609513610356,22.0
d-optimality@gamma-poisson,15,9,0.09292538613210304,0.0
d-optimality@gamma-poisson,15,10,1.4408413371885282,25.0
d-optimality@gamma-poisson,15,11,0.03574918834015431,14.0
neyman@gamma-poisson,15,0,1.0633679141785601,28.0
neyman@gamma-poisson,15,1,0.11132740735342724,6.0
neyman@gamma-poisson,15,2,0.2821271709919926,14.0
neyman@gamma-poisson,15,3,0.4142481463916562,13.0
neyman@gamma-poisson,15,4,3.562949070295948,43.0
neyman@gamma-poisson,15,5,0.953732218224031,24.0
neyman@gamma-poisson,15,6,5.202557183603089,53.0
neyman@gamma-poisson,15,7,0.032051886106244265,5.0
neyman@gamma-poisson,15,8,0.06375609513610356,13.0
neyman@gamma-poisson,15,9,0.09292538613210304,8.0
neyman@gamma-poisson,15,10,1.4408413371885282,28.0
neyman@gamma-poisson,15,11,0.03574918834015431,5.0
predictive-variance@gamma-poisson,15,0,1.0633679141785601,0.0
predictive-variance@gamma-poisson,15,1,0.11132740735342724,0.0
predictive-variance@gamma-poisson,15,2,0.2821271709919926,0.0
predictive-variance@gamma-poisson,15,3,0.4142481463916562,40.0
predictive-variance@gamma-poisson,15,4,3.562949070295948,40.0
predictive-variance@gamma-poisson,15,5,0.953732218224031,40.0
predictive-variance@gamma-poisson,15,6,5.202557183603089,80.0
predictive-variance@gamma-poisson,15,7,0.032051886106244265,0.0
predictive-variance@gamma-poisson,15,8,0.06375609513610356,0.0
predictive-variance@gamma-poisson,15,9,0.09292538613210304,0.0
predictive-variance@gamma-poisson,15,10,1.4408413371885282,40.0
predictive-variance@gamma-poisson,15,11,0.03574918834015431,0.0
epistemic@gamma-poisson,15,0,1.0633679141785601,0.0
epistemic@gamma-poisson,15,1,0.11132740735342724,0.0
epistemic@gamma-poisson,15,2,0.2821271709919926,0.0
epistemic@gamma-poisson,15,3,0.4142481463916562,40.0
epistemic@gamma-poisson,15,4,3.562949070295948,40.0
epistemic@gamma-poisson,15,5,0.953732218224031,40.0
epistemic@gamma-poisson,15,6,5.202557183603089,80.0
epistemic@gamma-poisson,15,7,0.032051886106244265,0.0
epistemic@gamma-poisson,15,8,0.06375609513610356,0.0
epistemic@gamma-poisson,15,9,0.09292538613210304,0.0
epistemic@gamma-poisson,15,10,1.4408413371885282,40.0
epistemic@gamma-poisson,15,11,0.03574918834015431,0.0
thompson@gamma-poisson,15,0,1.0633679141785601,0.0
thompson@gamma-poisson,15,1,0.11132740735342724,0.0
thompson@gamma-poisson,15,2,0.2821271709919926,0.0
thompson@gamma-poisson,15,3,0.4142481463916562,0.0
thompson@gamma-poisson,15,4,3.562949070295948,40.0
thompson@gamma-poisson,15,5,0.953732218224031,0.0
thompson@gamma-poisson,15,6,5.202557183603089,160.0
thompson@gamma-poisson,15,7,0.032051886106244265,0.0
thompson@gamma-poisson,15,8,0.06375609513610356,0.0
thompson@gamma-poisson,15,9,0.09292538613210304,0.0
thompson@gamma-poisson,15,10,1.4408413371885282,40.0
thompson@gamma-poisson,15,11,0.03574918834015431,0.0
epig@gamma-poisson,15,0,1.0633679141785601,25.0
epig@gamma-poisson,15,1,0.11132740735342724,15.0
epig@gamma-poisson,15,2,0.2821271709919926,23.0
epig@gamma-poisson,15,3,0.4142481463916562,24.0
epig@gamma-poisson,15,4,3.562949070295948,26.5
epig@gamma-poisson,15,5,0.953732218224031,24.0
epig@gamma-poisson,15,6,5.202557183603089,27.0
epig@gamma-poisson,15,7,0.032051886106244265,16.0
epig@gamma-poisson,15,8,0.06375609513610356,23.0
epig@gamma-poisson,15,9,0.09292538613210304,0.0
epig@gamma-poisson,15,10,1.4408413371885282,27.0
epig@gamma-poisson,15,11,0.03574918834015431,9.0
eig@lognormal-poisson,15,0,1.0633679141785601,28.0
eig@lognormal-poisson,15,1,0.11132740735342724,6.0
eig@lognormal-poisson,15,2,0.2821271709919926,27.0
eig@lognormal-poisson,15,3,0.4142481463916562,26.0
eig@lognormal-poisson,15,4,3.562949070295948,30.0
eig@lognormal-poisson,15,5,0.953732218224031,28.0
eig@lognormal-poisson,15,6,5.202557183603089,30.0
eig@lognormal-poisson,15,7,0.032051886106244265,11.0
eig@lognormal-poisson,15,8,0.06375609513610356,20.0
eig@lognormal-poisson,15,9,0.09292538613210304,0.0
eig@lognormal-poisson,15,10,1.4408413371885282,30.0
eig@lognormal-poisson,15,11,0.03574918834015431,4.0
maxent@lognormal-poisson,15,0,1.0633679141785601,0.0
maxent@lognormal-poisson,15,1,0.11132740735342724,0.0
maxent@lognormal-poisson,15,2,0.2821271709919926,0.0
maxent@lognormal-poisson,15,3,0.4142481463916562,1.0
maxent@lognormal-poisson,15,4,3.562949070295948,237.0
maxent@lognormal-poisson,15,5,0.953732218224031,0.0
maxent@lognormal-poisson,15,6,5.202557183603089,0.0
maxent@lognormal-poisson,15,7,0.032051886106244265,0.0
maxent@lognormal-poisson,15,8,0.06375609513610356,0.0
maxent@lognormal-poisson,15,9,0.09292538613210304,0.0
maxent@lognormal-poisson,15,10,1.4408413371885282,2.0
maxent@lognormal-poisson,15,11,0.03574918834015431,0.0
d-optimality@lognormal-poisson,15,0,1.0633679141785601,26.0
d-optimality@lognormal-poisson,15,1,0.11132740735342724,9.0
d-optimality@lognormal-poisson,15,2,0.2821271709919926,25.0
d-optimality@lognormal-poisson,15,3,0.4142481463916562,25.0
d-optimality@lognormal-poisson,15,4,3.562949070295948,29.0
d-optimality@lognormal-poisson,15,5,0.953732218224031,27.0
d-optimality@lognormal-poisson,15,6,5.202557183603089,29.0
d-optimality@lognormal-poisson,15,7,0.032051886106244265,14.0
d-optimality@lognormal-poisson,15,8,0.06375609513610356,20.0
d-optimality@lognormal-poisson,15,9,0.09292538613210304,0.0
d-optimality@lognormal-poisson,15,10,1.4408413371885282,28.0
d-optimality@lognormal-poisson,15,11,0.03574918834015431,8.0
neyman@lognormal-poisson,15,0,1.0633679141785601,28.0
neyman@lognormal-poisson,15,1,0.11132740735342724,7.0
neyman@lognormal-poisson,15,2,0.2821271709919926,13.0
neyman@lognormal-poisson,15,3,0.4142481463916562,14.0
neyman@lognormal-poisson,15,4,3.562949070295948,43.0
neyman@lognormal-poisson,15,5,0.953732218224031,24.0
neyman@lognormal-poisson,15,6,5.202557183603089,52.0
neyman@lognormal-poisson,15,7,0.032051886106244265,6.0
neyman@lognormal-poisson,15,8,0.06375609513610356,12.0
neyman@lognormal-poisson,15,9,0.09292538613210304,8.0
neyman@lognormal-poisson,15,10,1.4408413371885282,28.0
neyman@lognormal-poisson,15,11,0.03574918834015431,5.0
predictive-variance@lognormal-poisson,15,0,1.0633679141785601,0.0
predictive-variance@lognormal-poisson,15,1,0.11132740735342724,0.0
predictive-variance@lognormal-poisson,15,2,0.2821271709919926,0.0
predictive-variance@lognormal-poisson,15,3,0.4142481463916562,40.0
predictive-variance@lognormal-poisson,15,4,3.562949070295948,40.0
predictive-variance@lognormal-poisson,15,5,0.953732218224031,40.0
predictive-variance@lognormal-poisson,15,6,5.202557183603089,80.0
predictive-variance@lognormal-poisson,15,7,0.032051886106244265,0.0
predictive-variance@lognormal-poisson,15,8,0.06375609513610356,0.0
predictive-variance@lognormal-poisson,15,9,0.09292538613210304,0.0
predictive-variance@lognormal-poisson,15,10,1.4408413371885282,40.0
predictive-variance@lognormal-poisson,15,11,0.03574918834015431,0.0
epistemic@lognormal-poisson,15,0,1.0633679141785601,0.0
epistemic@lognormal-poisson,15,1,0.11132740735342724,0.0
epistemic@lognormal-poisson,15,2,0.2821271709919926,0.0
epistemic@lognormal-poisson,15,3,0.4142481463916562,40.0
epistemic@lognormal-poisson,15,4,3.562949070295948,40.0
epistemic@lognormal-poisson,15,5,0.953732218224031,40.0
epistemic@lognormal-poisson,15,6,5.202557183603089,80.0
epistemic@lognormal-poisson,15,7,0.032051886106244265,0.0
epistemic@lognormal-poisson,15,8,0.06375609513610356,0.0
epistemic@lognormal-poisson,15,9,0.09292538613210304,0.0
epistemic@lognormal-poisson,15,10,1.4408413371885282,40.0
epistemic@lognormal-poisson,15,11,0.03574918834015431,0.0
thompson@lognormal-poisson,15,0,1.0633679141785601,0.0
thompson@lognormal-poisson,15,1,0.11132740735342724,0.0
thompson@lognormal-poisson,15,2,0.2821271709919926,0.0
thompson@lognormal-poisson,15,3,0.4142481463916562,0.0
thompson@lognormal-poisson,15,4,3.562949070295948,40.0
thompson@lognormal-poisson,15,5,0.953732218224031,0.0
thompson@lognormal-poisson,15,6,5.202557183603089,200.0
thompson@lognormal-poisson,15,7,0.032051886106244265,0.0
thompson@lognormal-poisson,15,8,0.06375609513610356,0.0
thompson@lognormal-poisson,15,9,0.09292538613210304,0.0
thompson@lognormal-poisson,15,10,1.4408413371885282,0.0
thompson@lognormal-poisson,15,11,0.03574918834015431,0.0
eig,16,0,0.04690514376242264,11.0
eig,16,1,0.2443986813261197,20.0
eig,16,2,0.014321777962040783,14.0
eig,16,3,0.006085238551837795,9.0
eig,16,4,3.0388775727024195,36.0
eig,16,5,2.299696951682147,36.0
eig,16,6,0.08157036636151878,0.0
eig,16,7,0.8301273567275732,35.0
eig,16,8,0.12664178305178445,10.0
eig,16,9,0.1401458945355861,23.0
eig,16,10,0.10047172472597542,10.0
eig,16,11,4.6424158229148516,36.0
epig,16,0,0.04690514376242264,12.0
epig,16,1,0.2443986813261197,19.0
epig,16,2,0.014321777962040783,14.0
epig,16,3,0.006085238551837795,10.0
epig,16,4,3.0388775727024195,38.0
epig,16,5,2.299696951682147,39.0
epig,16,6,0.08157036636151878,0.0
epig,16,7,0.8301273567275732,32.0
epig,16,8,0.12664178305178445,10.0
epig,16,9,0.1401458945355861,22.0
epig,16,10,0.10047172472597542,8.0
epig,16,11,4.6424158229148516,35.5
maxent,16,0,0.04690514376242264,0.0
maxent,16,1,0.2443986813261197,0.0
maxent,16,2,0.014321777962040783,0.0
maxent,16,3,0.006085238551837795,0.0
maxent,16,4,3.0388775727024195,0.0
maxent,16,5,2.299696951682147,0.0
maxent,16,6,0.08157036636151878,0.0
maxent,16,7,0.8301273567275732,0.0
maxent,16,8,0.12664178305178445,0.0
maxent,16,9,0.1401458945355861,0.0
maxent,16,10,0.10047172472597542,0.0
maxent,16,11,4.6424158229148516,240.0
d-optimality,16,0,0.04690514376242264,13.0
d-optimality,16,1,0.2443986813261197,19.0
d-optimality,16,2,0.014321777962040783,16.0
d-optimality,16,3,0.006085238551837795,13.0
d-optimality,16,4,3.0388775727024195,33.0
d-optimality,16,5,2.299696951682147,32.0
d-optimality,16,6,0.08157036636151878,0.0
d-optimality,16,7,0.8301273567275732,32.0
d-optimality,16,8,0.12664178305178445,11.0
d-optimality,16,9,0.1401458945355861,23.0
d-optimality,16,10,0.10047172472597542,15.0
d-optimality,16,11,4.6424158229148516,33.0
neyman,16,0,0.04690514376242264,8.0
neyman,16,1,0.2443986813261197,13.0
neyman,16,2,0.014321777962040783,7.0
neyman,16,3,0.006085238551837795,5.0
neyman,16,4,3.0388775727024195,50.0
neyman,16,5,2.299696951682147,43.0
neyman,16,6,0.08157036636151878,8.0
neyman,16,7,0.8301273567275732,23.0
neyman,16,8,0.12664178305178445,7.0
neyman,16,9,0.1401458945355861,13.0
neyman,16,10,0.10047172472597542,7.0
neyman,16,11,4.6424158229148516,56.0
predictive-variance,16,0,0.04690514376242264,0.0
predictive-variance,16,1,0.2443986813261197,0.0
predictive-variance,16,2,0.014321777962040783,40.0
predictive-variance,16,3,0.006085238551837795,0.0
predictive-variance,16,4,3.0388775727024195,40.0
predictive-variance,16,5,2.299696951682147,40.0
predictive-variance,16,6,0.08157036636151878,0.0
predictive-variance,16,7,0.8301273567275732,40.0
predictive-variance,16,8,0.12664178305178445,0.0
predictive-variance,16,9,0.1401458945355861,0.0
predictive-variance,16,10,0.10047172472597542,0.0
predictive-variance,16,11,4.6424158229148516,80.0
epistemic,16,0,0.04690514376242264,0.0
epistemic,16,1,0.2443986813261197,0.0
epistemic,16,2,0.014321777962040783,40.0
epistemic,16,3,0.006085238551837795,0.0
epistemic,16,4,3.0388775727024195,40.0
epistemic,16,5,2.299696951682147,40.0
epistemic,16,6,0.08157036636151878,0.0
epistemic,16,7,0.8301273567275732,40.0
epistemic,16,8,0.12664178305178445,0.0
epistemic,16,9,0.1401458945355861,0.0
epistemic,16,10,0.10047172472597542,0.0
epistemic,16,11,4.6424158229148516,80.0
thompson,16,0,0.04690514376242264,0.0
thompson,16,1,0.2443986813261197,0.0
thompson,16,2,0.014321777962040783,0.0
thompson,16,3,0.006085238551837795,0.0
thompson,16,4,3.0388775727024195,0.0
thompson,16,5,2.299696951682147,0.0
thompson,16,6,0.08157036636151878,0.0
thompson,16,7,0.8301273567275732,0.0
thompson,16,8,0.12664178305178445,0.0
thompson,16,9,0.1401458945355861,0.0
thompson,16,10,0.10047172472597542,0.0
thompson,16,11,4.6424158229148516,240.0
uniform,16,0,0.04690514376242264,20.0
uniform,16,1,0.2443986813261197,20.0
uniform,16,2,0.014321777962040783,20.0
uniform,16,3,0.006085238551837795,20.0
uniform,16,4,3.0388775727024195,20.0
uniform,16,5,2.299696951682147,20.0
uniform,16,6,0.08157036636151878,20.0
uniform,16,7,0.8301273567275732,20.0
uniform,16,8,0.12664178305178445,20.0
uniform,16,9,0.1401458945355861,20.0
uniform,16,10,0.10047172472597542,20.0
uniform,16,11,4.6424158229148516,20.0
random,16,0,0.04690514376242264,0.0
random,16,1,0.2443986813261197,5.0
random,16,2,0.014321777962040783,30.0
random,16,3,0.006085238551837795,0.0
random,16,4,3.0388775727024195,41.0
random,16,5,2.299696951682147,31.0
random,16,6,0.08157036636151878,0.0
random,16,7,0.8301273567275732,41.0
random,16,8,0.12664178305178445,20.0
random,16,9,0.1401458945355861,8.5
random,16,10,0.10047172472597542,20.0
random,16,11,4.6424158229148516,43.5
eig@gamma-poisson,16,0,0.04690514376242264,20.0
eig@gamma-poisson,16,1,0.2443986813261197,24.0
eig@gamma-poisson,16,2,0.014321777962040783,17.0
eig@gamma-poisson,16,3,0.006085238551837795,13.0
eig@gamma-poisson,16,4,3.0388775727024195,29.0
eig@gamma-poisson,16,5,2.299696951682147,29.0
eig@gamma-poisson,16,6,0.08157036636151878,0.0
eig@gamma-poisson,16,7,0.8301273567275732,28.0
eig@gamma-poisson,16,8,0.12664178305178445,16.0
eig@gamma-poisson,16,9,0.1401458945355861,20.0
eig@gamma-poisson,16,10,0.10047172472597542,15.0
eig@gamma-poisson,16,11,4.6424158229148516,29.0
maxent@gamma-poisson,16,0,0.04690514376242264,0.0
maxent@gamma-poisson,16,1,0.2443986813261197,0.0
maxent@gamma-poisson,16,2,0.014321777962040783,0.0
maxent@gamma-poisson,16,3,0.006085238551837795,0.0
maxent@gamma-poisson,16,4,3.0388775727024195,0.0
maxent@gamma-poisson,16,5,2.299696951682147,0.0
maxent@gamma-poisson,16,6,0.08157036636151878,0.0
maxent@gamma-poisson,16,7,0.8301273567275732,0.0
maxent@gamma-poisson,16,8,0.12664178305178445,0.0
maxent@gamma-poisson,16,9,0.1401458945355861,0.0
maxent@gamma-poisson,16,10,0.10047172472597542,0.0
maxent@gamma-poisson,16,11,4.6424158229148516,240.0
d-optimality@gamma-poisson,16,0,0.04690514376242264,20.0
d-optimality@gamma-poisson,16,1,0.2443986813261197,22.0
d-optimality@gamma-poisson,16,2,0.014321777962040783,26.0
d-optimality@gamma-poisson,16,3,0.006085238551837795,19.0
d-optimality@gamma-poisson,16,4,3.0388775727024195,27.0
d-optimality@gamma-poisson,16,5,2.299696951682147,26.0
d-optimality@gamma-poisson,16,6,0.08157036636151878,0.0
d-optimality@gamma-poisson,16,7,0.8301273567275732,26.0
d-optimality@gamma-poisson,16,8,0.12664178305178445,16.0
d-optimality@gamma-poisson,16,9,0.1401458945355861,18.0
d-optimality@gamma-poisson,16,10,0.10047172472597542,14.0
d-optimality@gamma-poisson,16,11,4.6424158229148516,26.0
neyman@gamma-poisson,16,0,0.04690514376242264,7.0
neyman@gamma-poisson,16,1,0.2443986813261197,13.0
neyman@gamma-poisson,16,2,0.014321777962040783,6.0
neyman@gamma-poisson,16,3,0.006085238551837795,5.0
neyman@gamma-poisson,16,4,3.0388775727024195,50.0
neyman@gamma-poisson,16,5,2.299696951682147,44.0
neyman@gamma-poisson,16,6,0.08157036636151878,8.0
neyman@gamma-poisson,16,7,0.8301273567275732,24.0
neyman@gamma-poisson,16,8,0.12664178305178445,7.0
neyman@gamma-poisson,16,9,0.1401458945355861,13.0
neyman@gamma-poisson,16,10,0.10047172472597542,7.0
neyman@gamma-poisson,16,11,4.6424158229148516,56.0
predictive-variance@gamma-poisson,16,0,0.04690514376242264,0.0
predictive-variance@gamma-poisson,16,1,0.2443986813261197,0.0
predictive-variance@gamma-poisson,16,2,0.014321777962040783,40.0
predictive-variance@gamma-poisson,16,3,0.006085238551837795,0.0
predictive-variance@gamma-poisson,16,4,3.0388775727024195,40.0
predictive-variance@gamma-poisson,16,5,2.299696951682147,40.0
predictive-variance@gamma-poisson,16,6,0.08157036636151878,0.0
predictive-variance@gamma-poisson,16,7,0.8301273567275732,40.0
predictive-variance@gamma-poisson,16,8,0.12664178305178445,0.0
predictive-variance@gamma-poisson,16,9,0.1401458945355861,0.0
predictive-variance@gamma-poisson,16,10,0.10047172472597542,0.0
predictive-variance@gamma-poisson,16,11,4.6424158229148516,80.0
epistemic@gamma-poisson,16,0,0.04690514376242264,0.0
epistemic@gamma-poisson,16,1,0.2443986813261197,0.0
epistemic@gamma-poisson,16,2,0.014321777962040783,40.0
epistemic@gamma-poisson,16,3,0.006085238551837795,0.0
epistemic@gamma-poisson,16,4,3.0388775727024195,40.0
epistemic@gamma-poisson,16,5,2.299696951682147,40.0
epistemic@gamma-poisson,16,6,0.08157036636151878,0.0
epistemic@gamma-poisson,16,7,0.8301273567275732,40.0
epistemic@gamma-poisson,16,8,0.12664178305178445,0.0
epistemic@gamma-poisson,16,9,0.1401458945355861,0.0
epistemic@gamma-poisson,16,10,0.10047172472597542,0.0
epistemic@gamma-poisson,16,11,4.6424158229148516,80.0
thompson@gamma-poisson,16,0,0.04690514376242264,0.0
thompson@gamma-poisson,16,1,0.2443986813261197,0.0
thompson@gamma-poisson,16,2,0.014321777962040783,0.0
thompson@gamma-poisson,16,3,0.006085238551837795,0.0
thompson@gamma-poisson,16,4,3.0388775727024195,40.0
thompson@gamma-poisson,16,5,2.299696951682147,40.0
thompson@gamma-poisson,16,6,0.08157036636151878,0.0
thompson@gamma-poisson,16,7,0.8301273567275732,0.0
thompson@gamma-poisson,16,8,0.12664178305178445,0.0
thompson@gamma-poisson,16,9,0.1401458945355861,0.0
thompson@gamma-poisson,16,10,0.10047172472597542,0.0
thompson@gamma-poisson,16,11,4.6424158229148516,160.0
epig@gamma-poisson,16,0,0.04690514376242264,20.0
epig@gamma-poisson,16,1,0.2443986813261197,21.0
epig@gamma-poisson,16,2,0.014321777962040783,18.0
epig@gamma-poisson,16,3,0.006085238551837795,13.0
epig@gamma-poisson,16,4,3.0388775727024195,34.0
epig@gamma-poisson,16,5,2.299696951682147,31.0
epig@gamma-poisson,16,6,0.08157036636151878,0.0
epig@gamma-poisson,16,7,0.8301273567275732,26.0
epig@gamma-poisson,16,8,0.12664178305178445,14.0
epig@gamma-poisson,16,9,0.1401458945355861,19.0
epig@gamma-poisson,16,10,0.10047172472597542,12.0
epig@gamma-poisson,16,11,4.6424158229148516,31.5
eig@lognormal-poisson,16,0,0.04690514376242264,11.0
eig@lognormal-poisson,16,1,0.2443986813261197,24.0
eig@lognormal-poisson,16,2,0.014321777962040783,17.0
eig@lognormal-poisson,16,3,0.006085238551837795,8.0
eig@lognormal-poisson,16,4,3.0388775727024195,35.0
eig@lognormal-poisson,16,5,2.299696951682147,35.0
eig@lognormal-poisson,16,6,0.08157036636151878,0.0
eig@lognormal-poisson,16,7,0.8301273567275732,34.0
eig@lognormal-poisson,16,8,0.12664178305178445,9.0
eig@lognormal-poisson,16,9,0.1401458945355861,22.0
eig@lognormal-poisson,16,10,0.10047172472597542,9.0
eig@lognormal-poisson,16,11,4.6424158229148516,36.0
maxent@lognormal-poisson,16,0,0.04690514376242264,0.0
maxent@lognormal-poisson,16,1,0.2443986813261197,0.0
maxent@lognormal-poisson,16,2,0.014321777962040783,0.0
maxent@lognormal-poisson,16,3,0.006085238551837795,0.0
maxent@lognormal-poisson,16,4,3.0388775727024195,0.0
maxent@lognormal-poisson,16,5,2.299696951682147,0.0
maxent@lognormal-poisson,16,6,0.08157036636151878,0.0
maxent@lognormal-poisson,16,7,0.8301273567275732,0.0
maxent@lognormal-poisson,16,8,0.12664178305178445,0.0
maxent@lognormal-poisson,16,9,0.1401458945355861,0.0
maxent@lognormal-poisson,16,10,0.10047172472597542,0.0
maxent@lognormal-poisson,16,11,4.6424158229148516,240.0
d-optimality@lognormal-poisson,16,0,0.04690514376242264,13.0
d-optimality@lognormal-poisson,16,1,0.2443986813261197,23.0
d-optimality@lognormal-poisson,16,2,0.014321777962040783,19.0
d-optimality@lognormal-poisson,16,3,0.006085238551837795,12.0
d-optimality@lognormal-poisson,16,4,3.0388775727024195,33.0
d-optimality@lognormal-poisson,16,5,2.299696951682147,32.0
d-optimality@lognormal-poisson,16,6,0.08157036636151878,0.0
d-optimality@lognormal-poisson,16,7,0.8301273567275732,32.0
d-optimality@lognormal-poisson,16,8,0.12664178305178445,11.0
d-optimality@lognormal-poisson,16,9,0.1401458945355861,21.0
d-optimality@lognormal-poisson,16,10,0.10047172472597542,11.0
d-optimality@lognormal-poisson,16,11,4.6424158229148516,33.0
neyman@lognormal-poisson,16,0,0.04690514376242264,8.0
neyman@lognormal-poisson,16,1,0.2443986813261197,13.0
neyman@lognormal-poisson,16,2,0.014321777962040783,7.0
neyman@lognormal-poisson,16,3,0.006085238551837795,5.0
neyman@lognormal-poisson,16,4,3.0388775727024195,50.0
neyman@lognormal-poisson,16,5,2.299696951682147,43.0
neyman@lognormal-poisson,16,6,0.08157036636151878,8.0
neyman@lognormal-poisson,16,7,0.8301273567275732,23.0
neyman@lognormal-poisson,16,8,0.12664178305178445,7.0
neyman@lognormal-poisson,16,9,0.1401458945355861,13.0
neyman@lognormal-poisson,16,10,0.10047172472597542,7.0
neyman@lognormal-poisson,16,11,4.6424158229148516,56.0
predictive-variance@lognormal-poisson,16,0,0.04690514376242264,0.0
predictive-variance@lognormal-poisson,16,1,0.2443986813261197,0.0
predictive-variance@lognormal-poisson,16,2,0.014321777962040783,40.0
predictive-variance@lognormal-poisson,16,3,0.006085238551837795,0.0
predictive-variance@lognormal-poisson,16,4,3.0388775727024195,40.0
predictive-variance@lognormal-poisson,16,5,2.299696951682147,40.0
predictive-variance@lognormal-poisson,16,6,0.08157036636151878,0.0
predictive-variance@lognormal-poisson,16,7,0.8301273567275732,40.0
predictive-variance@lognormal-poisson,16,8,0.12664178305178445,0.0
predictive-variance@lognormal-poisson,16,9,0.1401458945355861,0.0
predictive-variance@lognormal-poisson,16,10,0.10047172472597542,0.0
predictive-variance@lognormal-poisson,16,11,4.6424158229148516,80.0
epistemic@lognormal-poisson,16,0,0.04690514376242264,0.0
epistemic@lognormal-poisson,16,1,0.2443986813261197,0.0
epistemic@lognormal-poisson,16,2,0.014321777962040783,40.0
epistemic@lognormal-poisson,16,3,0.006085238551837795,0.0
epistemic@lognormal-poisson,16,4,3.0388775727024195,40.0
epistemic@lognormal-poisson,16,5,2.299696951682147,40.0
epistemic@lognormal-poisson,16,6,0.08157036636151878,0.0
epistemic@lognormal-poisson,16,7,0.8301273567275732,40.0
epistemic@lognormal-poisson,16,8,0.12664178305178445,0.0
epistemic@lognormal-poisson,16,9,0.1401458945355861,0.0
epistemic@lognormal-poisson,16,10,0.10047172472597542,0.0
epistemic@lognormal-poisson,16,11,4.6424158229148516,80.0
thompson@lognormal-poisson,16,0,0.04690514376242264,0.0
thompson@lognormal-poisson,16,1,0.2443986813261197,0.0
thompson@lognormal-poisson,16,2,0.014321777962040783,0.0
thompson@lognormal-poisson,16,3,0.006085238551837795,0.0
thompson@lognormal-poisson,16,4,3.0388775727024195,40.0
thompson@lognormal-poisson,16,5,2.299696951682147,0.0
thompson@lognormal-poisson,16,6,0.08157036636151878,0.0
thompson@lognormal-poisson,16,7,0.8301273567275732,0.0
thompson@lognormal-poisson,16,8,0.12664178305178445,0.0
thompson@lognormal-poisson,16,9,0.1401458945355861,0.0
thompson@lognormal-poisson,16,10,0.10047172472597542,0.0
thompson@lognormal-poisson,16,11,4.6424158229148516,200.0
eig,17,0,0.6200973971674189,28.0
eig,17,1,0.10067330725075718,18.0
eig,17,2,1.29390766117503,33.0
eig,17,3,0.006521561740299925,7.0
eig,17,4,0.04083142111967847,4.0
eig,17,5,0.044874558004548835,0.0
eig,17,6,0.24728592878038744,5.0
eig,17,7,1.023846690089247,33.0
eig,17,8,0.1661001944212791,28.0
eig,17,9,0.1838828482050118,22.0
eig,17,10,1.5351532349351034,32.0
eig,17,11,1.2242977334506204,30.0
epig,17,0,0.6200973971674189,27.0
epig,17,1,0.10067330725075718,17.0
epig,17,2,1.29390766117503,31.0
epig,17,3,0.006521561740299925,10.0
epig,17,4,0.04083142111967847,8.0
epig,17,5,0.044874558004548835,0.0
epig,17,6,0.24728592878038744,9.0
epig,17,7,1.023846690089247,30.0
epig,17,8,0.1661001944212791,26.0
epig,17,9,0.1838828482050118,20.0
epig,17,10,1.5351532349351034,29.0
epig,17,11,1.2242977334506204,33.0
maxent,17,0,0.6200973971674189,2.0
maxent,17,1,0.10067330725075718,0.0
maxent,17,2,1.29390766117503,1.0
maxent,17,3,0.006521561740299925,0.0
maxent,17,4,0.04083142111967847,0.0
maxent,17,5,0.044874558004548835,0.0
maxent,17,6,0.24728592878038744,0.0
maxent,17,7,1.023846690089247,1.0
maxent,17,8,0.1661001944212791,1.0
maxent,17,9,0.1838828482050118,0.0
maxent,17,10,1.5351532349351034,232.0
maxent,17,11,1.2242977334506204,3.0
d-optimality,17,0,0.6200973971674189,26.0
d-optimality,17,1,0.10067330725075718,19.0
d-optimality,17,2,1.29390766117503,30.0
d-optimality,17,3,0.006521561740299925,12.0
d-optimality,17,4,0.04083142111967847,9.0
d-optimality,17,5,0.044874558004548835,0.0
d-optimality,17,6,0.24728592878038744,9.0
d-optimality,17,7,1.023846690089247,31.0
d-optimality,17,8,0.1661001944212791,27.0
d-optimality,17,9,0.1838828482050118,20.0
d-optimality,17,10,1.5351532349351034,29.0
d-optimality,17,11,1.2242977334506204,28.0
neyman,17,0,0.6200973971674189,27.0
neyman,17,1,0.10067330725075718,11.0
neyman,17,2,1.29390766117503,35.0
neyman,17,3,0.006521561740299925,7.0
neyman,17,4,0.04083142111967847,7.0
neyman,17,5,0.044874558004548835,9.0
neyman,17,6,0.24728592878038744,9.0
neyman,17,7,1.023846690089247,32.0
neyman,17,8,0.1661001944212791,14.0
neyman,17,9,0.1838828482050118,14.0
neyman,17,10,1.5351532349351034,35.0
neyman,17,11,1.2242977334506204,40.0
predictive-variance,17,0,0.6200973971674189,40.0
predictive-variance,17,1,0.10067330725075718,0.0
predictive-variance,17,2,1.29390766117503,40.0
predictive-variance,17,3,0.006521561740299925,0.0
predictive-variance,17,4,0.04083142111967847,0.0
predictive-variance,17,5,0.044874558004548835,0.0
predictive-variance,17,6,0.24728592878038744,0.0
predictive-variance,17,7,1.023846690089247,40.0
predictive-variance,17,8,0.1661001944212791,40.0
predictive-variance,17,9,0.1838828482050118,0.0
predictive-variance,17,10,1.5351532349351034,40.0
predictive-variance,17,11,1.2242977334506204,40.0
epistemic,17,0,0.6200973971674189,40.0
epistemic,17,1,0.10067330725075718,0.0
epistemic,17,2,1.29390766117503,40.0
epistemic,17,3,0.006521561740299925,0.0
epistemic,17,4,0.04083142111967847,0.0
epistemic,17,5,0.044874558004548835,0.0
epistemic,17,6,0.24728592878038744,0.0
epistemic,17,7,1.023846690089247,40.0
epistemic,17,8,0.1661001944212791,40.0
epistemic,17,9,0.1838828482050118,0.0
epistemic,17,10,1.5351532349351034,40.0
epistemic,17,11,1.2242977334506204,40.0
thompson,17,0,0.6200973971674189,40.0
thompson,17,1,0.10067330725075718,0.0
thompson,17,2,1.29390766117503,80.0
thompson,17,3,0.006521561740299925,0.0
thompson,17,4,0.04083142111967847,0.0
thompson,17,5,0.044874558004548835,0.0
thompson,17,6,0.24728592878038744,0.0
thompson,17,7,1.023846690089247,40.0
thompson,17,8,0.1661001944212791,40.0
thompson,17,9,0.1838828482050118,0.0
thompson,17,10,1.5351532349351034,0.0
thompson,17,11,1.2242977334506204,40.0
uniform,17,0,0.6200973971674189,20.0
uniform,17,1,0.10067330725075718,20.0
uniform,17,2,1.29390766117503,20.0
uniform,17,3,0.006521561740299925,20.0
uniform,17,4,0.04083142111967847,20.0
uniform,17,5,0.044874558004548835,20.0
uniform,17,6,0.24728592878038744,20.0
uniform,17,7,1.023846690089247,20.0
uniform,17,8,0.1661001944212791,20.0
uniform,17,9,0.1838828482050118,20.0
uniform,17,10,1.5351532349351034,20.0
uniform,17,11,1.2242977334506204,20.0
random,17,0,0.6200973971674189,12.0
random,17,1,0.10067330725075718,1.0
random,17,2,1.29390766117503,44.5
random,17,3,0.006521561740299925,20.0
random,17,4,0.04083142111967847,40.0
random,17,5,0.044874558004548835,22.5
random,17,6,0.24728592878038744,62.0
random,17,7,1.023846690089247,4.5
random,17,8,0.1661001944212791,1.0
random,17,9,0.1838828482050118,11.0
random,17,10,1.5351532349351034,10.0
random,17,11,1.2242977334506204,11.0
eig@gamma-poisson,17,0,0.6200973971674189,29.0
eig@gamma-poisson,17,1,0.10067330725075718,27.0
eig@gamma-poisson,17,2,1.29390766117503,29.0
eig@gamma-poisson,17,3,0.006521561740299925,12.0
eig@gamma-poisson,17,4,0.04083142111967847,9.0
eig@gamma-poisson,17,5,0.044874558004548835,0.0
eig@gamma-poisson,17,6,0.24728592878038744,9.0
eig@gamma-poisson,17,7,1.023846690089247,29.0
eig@gamma-poisson,17,8,0.1661001944212791,29.0
eig@gamma-poisson,17,9,0.1838828482050118,10.0
eig@gamma-poisson,17,10,1.5351532349351034,28.0
eig@gamma-poisson,17,11,1.2242977334506204,29.0
maxent@gamma-poisson,17,0,0.6200973971674189,1.0
maxent@gamma-poisson,17,1,0.10067330725075718,0.0
maxent@gamma-poisson,17,2,1.29390766117503,1.0
maxent@gamma-poisson,17,3,0.006521561740299925,0.0
maxent@gamma-poisson,17,4,0.04083142111967847,0.0
maxent@gamma-poisson,17,5,0.044874558004548835,0.0
maxent@gamma-poisson,17,6,0.24728592878038744,0.0
maxent@gamma-poisson,17,7,1.023846690089247,1.0
maxent@gamma-poisson,17,8,0.1661001944212791,1.0
maxent@gamma-poisson,17,9,0.1838828482050118,0.0
maxent@gamma-poisson,17,10,1.5351532349351034,233.0
maxent@gamma-poisson,17,11,1.2242977334506204,3.0
d-optimality@gamma-poisson,17,0,0.6200973971674189,27.0
d-optimality@gamma-poisson,17,1,0.10067330725075718,26.0
d-optimality@gamma-poisson,17,2,1.29390766117503,27.0
d-optimality@gamma-poisson,17,3,0.006521561740299925,20.0
d-optimality@gamma-poisson,17,4,0.04083142111967847,13.0
d-optimality@gamma-poisson,17,5,0.044874558004548835,0.0
d-optimality@gamma-poisson,17,6,0.24728592878038744,14.0
d-optimality@gamma-poisson,17,7,1.023846690089247,27.0
d-optimality@gamma-poisson,17,8,0.1661001944212791,27.0
d-optimality@gamma-poisson,17,9,0.1838828482050118,8.0
d-optimality@gamma-poisson,17,10,1.5351532349351034,25.0
d-optimality@gamma-poisson,17,11,1.2242977334506204,26.0
neyman@gamma-poisson,17,0,0.6200973971674189,27.0
neyman@gamma-poisson,17,1,0.10067330725075718,11.0
neyman@gamma-poisson,17,2,1.29390766117503,36.0
neyman@gamma-poisson,17,3,0.006521561740299925,7.0
neyman@gamma-poisson,17,4,0.04083142111967847,7.0
neyman@gamma-poisson,17,5,0.044874558004548835,9.0
neyman@gamma-poisson,17,6,0.24728592878038744,8.0
neyman@gamma-poisson,17,7,1.023846690089247,33.0
neyman@gamma-poisson,17,8,0.1661001944212791,12.0
neyman@gamma-poisson,17,9,0.1838828482050118,14.0
neyman@gamma-poisson,17,10,1.5351532349351034,36.0
neyman@gamma-poisson,17,11,1.2242977334506204,40.0
predictive-variance@gamma-poisson,17,0,0.6200973971674189,40.0
predictive-variance@gamma-poisson,17,1,0.10067330725075718,0.0
predictive-variance@gamma-poisson,17,2,1.29390766117503,40.0
predictive-variance@gamma-poisson,17,3,0.006521561740299925,0.0
predictive-variance@gamma-poisson,17,4,0.04083142111967847,0.0
predictive-variance@gamma-poisson,17,5,0.044874558004548835,0.0
predictive-variance@gamma-poisson,17,6,0.24728592878038744,0.0
predictive-variance@gamma-poisson,17,7,1.023846690089247,40.0
predictive-variance@gamma-poisson,17,8,0.1661001944212791,40.0
predictive-variance@gamma-poisson,17,9,0.1838828482050118,0.0
predictive-variance@gamma-poisson,17,10,1.5351532349351034,40.0
predictive-variance@gamma-poisson,17,11,1.2242977334506204,40.0
epistemic@gamma-poisson,17,0,0.6200973971674189,40.0
epistemic@gamma-poisson,17,1,0.10067330725075718,0.0
epistemic@gamma-poisson,17,2,1.29390766117503,40.0
epistemic@gamma-poisson,17,3,0.006521561740299925,0.0
epistemic@gamma-poisson,17,4,0.04083142111967847,0.0
epistemic@gamma-poisson,17,5,0.044874558004548835,0.0
epistemic@gamma-poisson,17,6,0.24728592878038744,0.0
epistemic@gamma-poisson,17,7,1.023846690089247,40.0
epistemic@gamma-poisson,17,8,0.1661001944212791,40.0
epistemic@gamma-poisson,17,9,0.1838828482050118,0.0
epistemic@gamma-poisson,17,10,1.5351532349351034,40.0
epistemic@gamma-poisson,17,11,1.2242977334506204,40.0
thompson@gamma-poisson,17,0,0.6200973971674189,40.0
thompson@gamma-poisson,17,1,0.10067330725075718,0.0
thompson@gamma-poisson,17,2,1.29390766117503,80.0
thompson@gamma-poisson,17,3,0.006521561740299925,0.0
thompson@gamma-poisson,17,4,0.04083142111967847,0.0
thompson@gamma-poisson,17,5,0.044874558004548835,0.0
thompson@gamma-poisson,17,6,0.24728592878038744,0.0
thompson@gamma-poisson,17,7,1.023846690089247,40.0
thompson@gamma-poisson,17,8,0.1661001944212791,40.0
thompson@gamma-poisson,17,9,0.1838828482050118,0.0
thompson@gamma-poisson,17,10,1.5351532349351034,0.0
thompson@gamma-poisson,17,11,1.2242977334506204,40.0
epig@gamma-poisson,17,0,0.6200973971674189,28.0
epig@gamma-poisson,17,1,0.10067330725075718,23.0
epig@gamma-poisson,17,2,1.29390766117503,28.0
epig@gamma-poisson,17,3,0.006521561740299925,16.0
epig@gamma-poisson,17,4,0.04083142111967847,11.0
epig@gamma-poisson,17,5,0.044874558004548835,0.0
epig@gamma-poisson,17,6,0.24728592878038744,18.0
epig@gamma-poisson,17,7,1.023846690089247,26.0
epig@gamma-poisson,17,8,0.1661001944212791,27.0
epig@gamma-poisson,17,9,0.1838828482050118,7.0
epig@gamma-poisson,17,10,1.5351532349351034,25.0
epig@gamma-poisson,17,11,1.2242977334506204,31.0
eig@lognormal-poisson,17,0,0.6200973971674189,29.0
eig@lognormal-poisson,17,1,0.10067330725075718,20.0
eig@lognormal-poisson,17,2,1.29390766117503,32.0
eig@lognormal-poisson,17,3,0.006521561740299925,6.0
eig@lognormal-poisson,17,4,0.04083142111967847,3.0
eig@lognormal-poisson,17,5,0.044874558004548835,0.0
eig@lognormal-poisson,17,6,0.24728592878038744,3.0
eig@lognormal-poisson,17,7,1.023846690089247,32.0
eig@lognormal-poisson,17,8,0.1661001944212791,29.0
eig@lognormal-poisson,17,9,0.1838828482050118,25.0
eig@lognormal-poisson,17,10,1.5351532349351034,31.0
eig@lognormal-poisson,17,11,1.2242977334506204,30.0
maxent@lognormal-poisson,17,0,0.6200973971674189,2.0
maxent@lognormal-poisson,17,1,0.10067330725075718,0.0
maxent@lognormal-poisson,17,2,1.29390766117503,1.0
maxent@lognormal-poisson,17,3,0.006521561740299925,0.0
maxent@lognormal-poisson,17,4,0.04083142111967847,0.0
maxent@lognormal-poisson,17,5,0.044874558004548835,0.0
maxent@lognormal-poisson,17,6,0.24728592878038744,0.0
maxent@lognormal-poisson,17,7,1.023846690089247,1.0
maxent@lognormal-poisson,17,8,0.1661001944212791,1.0
maxent@lognormal-poisson,17,9,0.1838828482050118,0.0
maxent@lognormal-poisson,17,10,1.5351532349351034,232.0
maxent@lognormal-poisson,17,11,1.2242977334506204,3.0
d-optimality@lognormal-poisson,17,0,0.6200973971674189,27.0
d-optimality@lognormal-poisson,17,1,0.10067330725075718,21.0
d-optimality@lognormal-poisson,17,2,1.29390766117503,30.0
d-optimality@lognormal-poisson,17,3,0.006521561740299925,10.0
d-optimality@lognormal-poisson,17,4,0.04083142111967847,7.0
d-optimality@lognormal-poisson,17,5,0.044874558004548835,0.0
d-optimality@lognormal-poisson,17,6,0.24728592878038744,7.0
d-optimality@lognormal-poisson,17,7,1.023846690089247,30.0
d-optimality@lognormal-poisson,17,8,0.1661001944212791,28.0
d-optimality@lognormal-poisson,17,9,0.1838828482050118,23.0
d-optimality@lognormal-poisson,17,10,1.5351532349351034,29.0
d-optimality@lognormal-poisson,17,11,1.2242977334506204,28.0
neyman@lognormal-poisson,17,0,0.6200973971674189,27.0
neyman@lognormal-poisson,17,1,0.10067330725075718,11.0
neyman@lognormal-poisson,17,2,1.29390766117503,35.0
neyman@lognormal-poisson,17,3,0.006521561740299925,7.0
neyman@lognormal-poisson,17,4,0.04083142111967847,7.0
neyman@lognormal-poisson,17,5,0.044874558004548835,9.0
neyman@lognormal-poisson,17,6,0.24728592878038744,9.0
neyman@lognormal-poisson,17,7,1.023846690089247,32.0
neyman@lognormal-poisson,17,8,0.1661001944212791,14.0
neyman@lognormal-poisson,17,9,0.1838828482050118,14.0
neyman@lognormal-poisson,17,10,1.5351532349351034,35.0
neyman@lognormal-poisson,17,11,1.2242977334506204,40.0
predictive-variance@lognormal-poisson,17,0,0.6200973971674189,40.0
predictive-variance@lognormal-poisson,17,1,0.10067330725075718,0.0
predictive-variance@lognormal-poisson,17,2,1.29390766117503,40.0
predictive-variance@lognormal-poisson,17,3,0.006521561740299925,0.0
predictive-variance@lognormal-poisson,17,4,0.04083142111967847,0.0
predictive-variance@lognormal-poisson,17,5,0.044874558004548835,0.0
predictive-variance@lognormal-poisson,17,6,0.24728592878038744,0.0
predictive-variance@lognormal-poisson,17,7,1.023846690089247,40.0
predictive-variance@lognormal-poisson,17,8,0.1661001944212791,40.0
predictive-variance@lognormal-poisson,17,9,0.1838828482050118,0.0
predictive-variance@lognormal-poisson,17,10,1.5351532349351034,40.0
predictive-variance@lognormal-poisson,17,11,1.2242977334506204,40.0
epistemic@lognormal-poisson,17,0,0.6200973971674189,40.0
epistemic@lognormal-poisson,17,1,0.10067330725075718,0.0
epistemic@lognormal-poisson,17,2,1.29390766117503,40.0
epistemic@lognormal-poisson,17,3,0.006521561740299925,0.0
epistemic@lognormal-poisson,17,4,0.04083142111967847,0.0
epistemic@lognormal-poisson,17,5,0.044874558004548835,0.0
epistemic@lognormal-poisson,17,6,0.24728592878038744,0.0
epistemic@lognormal-poisson,17,7,1.023846690089247,40.0
epistemic@lognormal-poisson,17,8,0.1661001944212791,40.0
epistemic@lognormal-poisson,17,9,0.1838828482050118,0.0
epistemic@lognormal-poisson,17,10,1.5351532349351034,40.0
epistemic@lognormal-poisson,17,11,1.2242977334506204,40.0
thompson@lognormal-poisson,17,0,0.6200973971674189,40.0
thompson@lognormal-poisson,17,1,0.10067330725075718,0.0
thompson@lognormal-poisson,17,2,1.29390766117503,40.0
thompson@lognormal-poisson,17,3,0.006521561740299925,0.0
thompson@lognormal-poisson,17,4,0.04083142111967847,0.0
thompson@lognormal-poisson,17,5,0.044874558004548835,0.0
thompson@lognormal-poisson,17,6,0.24728592878038744,0.0
thompson@lognormal-poisson,17,7,1.023846690089247,0.0
thompson@lognormal-poisson,17,8,0.1661001944212791,40.0
thompson@lognormal-poisson,17,9,0.1838828482050118,0.0
thompson@lognormal-poisson,17,10,1.5351532349351034,80.0
thompson@lognormal-poisson,17,11,1.2242977334506204,40.0
eig,18,0,0.30128150225671374,31.0
eig,18,1,0.32688712776904477,39.0
eig,18,2,0.04851140748051866,3.0
eig,18,3,0.036634630190070835,2.0
eig,18,4,0.06694846396793452,15.0
eig,18,5,0.03386460796050164,29.0
eig,18,6,0.02508935861714709,13.0
eig,18,7,0.5480654725013402,39.0
eig,18,8,0.05353530112177586,30.0
eig,18,9,0.08127938456221603,26.0
eig,18,10,0.010827707385987066,8.0
eig,18,11,0.15425246876885162,5.0
epig,18,0,0.30128150225671374,31.0
epig,18,1,0.32688712776904477,34.0
epig,18,2,0.04851140748051866,7.0
epig,18,3,0.036634630190070835,3.0
epig,18,4,0.06694846396793452,17.0
epig,18,5,0.03386460796050164,26.0
epig,18,6,0.02508935861714709,16.0
epig,18,7,0.5480654725013402,34.0
epig,18,8,0.05353530112177586,27.0
epig,18,9,0.08127938456221603,30.0
epig,18,10,0.010827707385987066,7.0
epig,18,11,0.15425246876885162,8.0
maxent,18,0,0.30128150225671374,2.0
maxent,18,1,0.32688712776904477,2.0
maxent,18,2,0.04851140748051866,0.0
maxent,18,3,0.036634630190070835,0.0
maxent,18,4,0.06694846396793452,0.0
maxent,18,5,0.03386460796050164,0.0
maxent,18,6,0.02508935861714709,0.0
maxent,18,7,0.5480654725013402,236.0
maxent,18,8,0.05353530112177586,0.0
maxent,18,9,0.08127938456221603,0.0
maxent,18,10,0.010827707385987066,0.0
maxent,18,11,0.15425246876885162,0.0
d-optimality,18,0,0.30128150225671374,29.0
d-optimality,18,1,0.32688712776904477,35.0
d-optimality,18,2,0.04851140748051866,6.0
d-optimality,18,3,0.036634630190070835,4.0
d-optimality,18,4,0.06694846396793452,16.0
d-optimality,18,5,0.03386460796050164,29.0
d-optimality,18,6,0.02508935861714709,17.0
d-optimality,18,7,0.5480654725013402,35.0
d-optimality,18,8,0.05353530112177586,28.0
d-optimality,18,9,0.08127938456221603,25.0
d-optimality,18,10,0.010827707385987066,9.0
d-optimality,18,11,0.15425246876885162,7.0
neyman,18,0,0.30128150225671374,28.0
neyman,18,1,0.32688712776904477,32.0
neyman,18,2,0.04851140748051866,14.0
neyman,18,3,0.036634630190070835,13.0
neyman,18,4,0.06694846396793452,16.0
neyman,18,5,0.03386460796050164,14.0
neyman,18,6,0.02508935861714709,13.0
neyman,18,7,0.5480654725013402,35.0
neyman,18,8,0.05353530112177586,18.0
neyman,18,9,0.08127938456221603,23.0
neyman,18,10,0.010827707385987066,12.0
neyman,18,11,0.15425246876885162,22.0
predictive-variance,18,0,0.30128150225671374,40.0
predictive-variance,18,1,0.32688712776904477,40.0
predictive-variance,18,2,0.04851140748051866,0.0
predictive-variance,18,3,0.036634630190070835,0.0
predictive-variance,18,4,0.06694846396793452,40.0
predictive-variance,18,5,0.03386460796050164,40.0
predictive-variance,18,6,0.02508935861714709,0.0
predictive-variance,18,7,0.5480654725013402,40.0
predictive-variance,18,8,0.05353530112177586,0.0
predictive-variance,18,9,0.08127938456221603,40.0
predictive-variance,18,10,0.010827707385987066,0.0
predictive-variance,18,11,0.15425246876885162,0.0
epistemic,18,0,0.30128150225671374,40.0
epistemic,18,1,0.32688712776904477,40.0
epistemic,18,2,0.04851140748051866,0.0
epistemic,18,3,0.036634630190070835,0.0
epistemic,18,4,0.06694846396793452,40.0
epistemic,18,5,0.03386460796050164,40.0
epistemic,18,6,0.02508935861714709,0.0
epistemic,18,7,0.5480654725013402,40.0
epistemic,18,8,0.05353530112177586,0.0
epistemic,18,9,0.08127938456221603,40.0
epistemic,18,10,0.010827707385987066,0.0
epistemic,18,11,0.15425246876885162,0.0
thompson,18,0,0.30128150225671374,40.0
thompson,18,1,0.32688712776904477,120.0
thompson,18,2,0.04851140748051866,0.0
thompson,18,3,0.036634630190070835,0.0
thompson,18,4,0.06694846396793452,0.0
thompson,18,5,0.03386460796050164,40.0
thompson,18,6,0.02508935861714709,0.0
thompson,18,7,0.5480654725013402,0.0
thompson,18,8,0.05353530112177586,0.0
thompson,18,9,0.08127938456221603,40.0
thompson,18,10,0.010827707385987066,0.0
thompson,18,11,0.15425246876885162,0.0
uniform,18,0,0.30128150225671374,20.0
uniform,18,1,0.32688712776904477,20.0
uniform,18,2,0.04851140748051866,20.0
uniform,18,3,0.036634630190070835,20.0
uniform,18,4,0.06694846396793452,20.0
uniform,18,5,0.03386460796050164,20.0
uniform,18,6,0.02508935861714709,20.0
uniform,18,7,0.5480654725013402,20.0
uniform,18,8,0.05353530112177586,20.0
uniform,18,9,0.08127938456221603,20.0
uniform,18,10,0.010827707385987066,20.0
uniform,18,11,0.15425246876885162,20.0
random,18,0,0.30128150225671374,47.0
random,18,1,0.32688712776904477,72.5
random,18,2,0.04851140748051866,6.0
random,18,3,0.036634630190070835,3.5
random,18,4,0.06694846396793452,2.5
random,18,5,0.03386460796050164,2.5
random,18,6,0.02508935861714709,2.5
random,18,7,0.5480654725013402,0.0
random,18,8,0.05353530112177586,21.0
random,18,9,0.08127938456221603,22.5
random,18,10,0.010827707385987066,0.0
random,18,11,0.15425246876885162,60.0
eig@gamma-poisson,18,0,0.30128150225671374,32.0
eig@gamma-poisson,18,1,0.32688712776904477,32.0
eig@gamma-poisson,18,2,0.04851140748051866,3.0
eig@gamma-poisson,18,3,0.036634630190070835,1.0
eig@gamma-poisson,18,4,0.06694846396793452,22.0
eig@gamma-poisson,18,5,0.03386460796050164,30.0
eig@gamma-poisson,18,6,0.02508935861714709,19.0
eig@gamma-poisson,18,7,0.5480654725013402,31.0
eig@gamma-poisson,18,8,0.05353530112177586,24.0
eig@gamma-poisson,18,9,0.08127938456221603,29.0
eig@gamma-poisson,18,10,0.010827707385987066,11.0
eig@gamma-poisson,18,11,0.15425246876885162,6.0
maxent@gamma-poisson,18,0,0.30128150225671374,1.0
maxent@gamma-poisson,18,1,0.32688712776904477,1.0
maxent@gamma-poisson,18,2,0.04851140748051866,0.0
maxent@gamma-poisson,18,3,0.036634630190070835,0.0
maxent@gamma-poisson,18,4,0.06694846396793452,0.0
maxent@gamma-poisson,18,5,0.03386460796050164,0.0
maxent@gamma-poisson,18,6,0.02508935861714709,0.0
maxent@gamma-poisson,18,7,0.5480654725013402,238.0
maxent@gamma-poisson,18,8,0.05353530112177586,0.0
maxent@gamma-poisson,18,9,0.08127938456221603,0.0
maxent@gamma-poisson,18,10,0.010827707385987066,0.0
maxent@gamma-poisson,18,11,0.15425246876885162,0.0
d-optimality@gamma-poisson,18,0,0.30128150225671374,29.0
d-optimality@gamma-poisson,18,1,0.32688712776904477,29.0
d-optimality@gamma-poisson,18,2,0.04851140748051866,5.0
d-optimality@gamma-poisson,18,3,0.036634630190070835,1.0
d-optimality@gamma-poisson,18,4,0.06694846396793452,26.0
d-optimality@gamma-poisson,18,5,0.03386460796050164,28.0
d-optimality@gamma-poisson,18,6,0.02508935861714709,27.0
d-optimality@gamma-poisson,18,7,0.5480654725013402,28.0
d-optimality@gamma-poisson,18,8,0.05353530112177586,22.0
d-optimality@gamma-poisson,18,9,0.08127938456221603,27.0
d-optimality@gamma-poisson,18,10,0.010827707385987066,12.0
d-optimality@gamma-poisson,18,11,0.15425246876885162,6.0
neyman@gamma-poisson,18,0,0.30128150225671374,29.0
neyman@gamma-poisson,18,1,0.32688712776904477,35.0
neyman@gamma-poisson,18,2,0.04851140748051866,14.0
neyman@gamma-poisson,18,3,0.036634630190070835,13.0
neyman@gamma-poisson,18,4,0.06694846396793452,14.0
neyman@gamma-poisson,18,5,0.03386460796050164,10.0
neyman@gamma-poisson,18,6,0.02508935861714709,11.0
neyman@gamma-poisson,18,7,0.5480654725013402,36.0
neyman@gamma-poisson,18,8,0.05353530112177586,20.0
neyman@gamma-poisson,18,9,0.08127938456221603,24.0
neyman@gamma-poisson,18,10,0.010827707385987066,11.0
neyman@gamma-poisson,18,11,0.15425246876885162,23.0
predictive-variance@gamma-poisson,18,0,0.30128150225671374,40.0
predictive-variance@gamma-poisson,18,1,0.32688712776904477,40.0
predictive-variance@gamma-poisson,18,2,0.04851140748051866,0.0
predictive-variance@gamma-poisson,18,3,0.036634630190070835,0.0
predictive-variance@gamma-poisson,18,4,0.06694846396793452,40.0
predictive-variance@gamma-poisson,18,5,0.03386460796050164,40.0
predictive-variance@gamma-poisson,18,6,0.02508935861714709,0.0
predictive-variance@gamma-poisson,18,7,0.5480654725013402,40.0
predictive-variance@gamma-poisson,18,8,0.05353530112177586,0.0
predictive-variance@gamma-poisson,18,9,0.08127938456221603,40.0
predictive-variance@gamma-poisson,18,10,0.010827707385987066,0.0
predictive-variance@gamma-poisson,18,11,0.15425246876885162,0.0
epistemic@gamma-poisson,18,0,0.30128150225671374,40.0
epistemic@gamma-poisson,18,1,0.32688712776904477,40.0
epistemic@gamma-poisson,18,2,0.04851140748051866,0.0
epistemic@gamma-poisson,18,3,0.036634630190070835,0.0
epistemic@gamma-poisson,18,4,0.06694846396793452,40.0
epistemic@gamma-poisson,18,5,0.03386460796050164,40.0
epistemic@gamma-poisson,18,6,0.02508935861714709,0.0
epistemic@gamma-poisson,18,7,0.5480654725013402,40.0
epistemic@gamma-poisson,18,8,0.05353530112177586,0.0
epistemic@gamma-poisson,18,9,0.08127938456221603,40.0
epistemic@gamma-poisson,18,10,0.010827707385987066,0.0
epistemic@gamma-poisson,18,11,0.15425246876885162,0.0
thompson@gamma-poisson,18,0,0.30128150225671374,40.0
thompson@gamma-poisson,18,1,0.32688712776904477,40.0
thompson@gamma-poisson,18,2,0.04851140748051866,0.0
thompson@gamma-poisson,18,3,0.036634630190070835,0.0
thompson@gamma-poisson,18,4,0.06694846396793452,0.0
thompson@gamma-poisson,18,5,0.03386460796050164,0.0
thompson@gamma-poisson,18,6,0.02508935861714709,0.0
thompson@gamma-poisson,18,7,0.5480654725013402,120.0
thompson@gamma-poisson,18,8,0.05353530112177586,0.0
thompson@gamma-poisson,18,9,0.08127938456221603,40.0
thompson@gamma-poisson,18,10,0.010827707385987066,0.0
thompson@gamma-poisson,18,11,0.15425246876885162,0.0
epig@gamma-poisson,18,0,0.30128150225671374,31.0
epig@gamma-poisson,18,1,0.32688712776904477,29.0
epig@gamma-poisson,18,2,0.04851140748051866,7.0
epig@gamma-poisson,18,3,0.036634630190070835,1.0
epig@gamma-poisson,18,4,0.06694846396793452,24.0
epig@gamma-poisson,18,5,0.03386460796050164,26.0
epig@gamma-poisson,18,6,0.02508935861714709,26.0
epig@gamma-poisson,18,7,0.5480654725013402,27.0
epig@gamma-poisson,18,8,0.05353530112177586,22.0
epig@gamma-poisson,18,9,0.08127938456221603,29.0
epig@gamma-poisson,18,10,0.010827707385987066,9.0
epig@gamma-poisson,18,11,0.15425246876885162,9.0
eig@lognormal-poisson,18,0,0.30128150225671374,33.0
eig@lognormal-poisson,18,1,0.32688712776904477,38.0
eig@lognormal-poisson,18,2,0.04851140748051866,2.0
eig@lognormal-poisson,18,3,0.036634630190070835,2.0
eig@lognormal-poisson,18,4,0.06694846396793452,17.0
eig@lognormal-poisson,18,5,0.03386460796050164,29.0
eig@lognormal-poisson,18,6,0.02508935861714709,15.0
eig@lognormal-poisson,18,7,0.5480654725013402,39.0
eig@lognormal-poisson,18,8,0.05353530112177586,24.0
eig@lognormal-poisson,18,9,0.08127938456221603,30.0
eig@lognormal-poisson,18,10,0.010827707385987066,7.0
eig@lognormal-poisson,18,11,0.15425246876885162,4.0
maxent@lognormal-poisson,18,0,0.30128150225671374,2.0
maxent@lognormal-poisson,18,1,0.32688712776904477,2.0
maxent@lognormal-poisson,18,2,0.04851140748051866,0.0
maxent@lognormal-poisson,18,3,0.036634630190070835,0.0
maxent@lognormal-poisson,18,4,0.06694846396793452,0.0
maxent@lognormal-poisson,18,5,0.03386460796050164,0.0
maxent@lognormal-poisson,18,6,0.02508935861714709,0.0
maxent@lognormal-poisson,18,7,0.5480654725013402,236.0
maxent@lognormal-poisson,18,8,0.05353530112177586,0.0
maxent@lognormal-poisson,18,9,0.08127938456221603,0.0
maxent@lognormal-poisson,18,10,0.010827707385987066,0.0
maxent@lognormal-poisson,18,11,0.15425246876885162,0.0
d-optimality@lognormal-poisson,18,0,0.30128150225671374,31.0
d-optimality@lognormal-poisson,18,1,0.32688712776904477,35.0
d-optimality@lognormal-poisson,18,2,0.04851140748051866,5.0
d-optimality@lognormal-poisson,18,3,0.036634630190070835,4.0
d-optimality@lognormal-poisson,18,4,0.06694846396793452,18.0
d-optimality@lognormal-poisson,18,5,0.03386460796050164,29.0
d-optimality@lognormal-poisson,18,6,0.02508935861714709,18.0
d-optimality@lognormal-poisson,18,7,0.5480654725013402,35.0
d-optimality@lognormal-poisson,18,8,0.05353530112177586,24.0
d-optimality@lognormal-poisson,18,9,0.08127938456221603,26.0
d-optimality@lognormal-poisson,18,10,0.010827707385987066,9.0
d-optimality@lognormal-poisson,18,11,0.15425246876885162,6.0
neyman@lognormal-poisson,18,0,0.30128150225671374,28.0
neyman@lognormal-poisson,18,1,0.32688712776904477,32.0
neyman@lognormal-poisson,18,2,0.04851140748051866,14.0
neyman@lognormal-poisson,18,3,0.036634630190070835,13.0
neyman@lognormal-poisson,18,4,0.06694846396793452,16.0
neyman@lognormal-poisson,18,5,0.03386460796050164,15.0
neyman@lognormal-poisson,18,6,0.02508935861714709,13.0
neyman@lognormal-poisson,18,7,0.5480654725013402,35.0
neyman@lognormal-poisson,18,8,0.05353530112177586,18.0
neyman@lognormal-poisson,18,9,0.08127938456221603,23.0
neyman@lognormal-poisson,18,10,0.010827707385987066,11.0
neyman@lognormal-poisson,18,11,0.15425246876885162,22.0
predictive-variance@lognormal-poisson,18,0,0.30128150225671374,40.0
predictive-variance@lognormal-poisson,18,1,0.32688712776904477,40.0
predictive-variance@lognormal-poisson,18,2,0.04851140748051866,0.0
predictive-variance@lognormal-poisson,18,3,0.036634630190070835,0.0
predictive-variance@lognormal-poisson,18,4,0.06694846396793452,40.0
predictive-variance@lognormal-poisson,18,5,0.03386460796050164,40.0
predictive-variance@lognormal-poisson,18,6,0.02508935861714709,0.0
predictive-variance@lognormal-poisson,18,7,0.5480654725013402,40.0
predictive-variance@lognormal-poisson,18,8,0.05353530112177586,0.0
predictive-variance@lognormal-poisson,18,9,0.08127938456221603,40.0
predictive-variance@lognormal-poisson,18,10,0.010827707385987066,0.0
predictive-variance@lognormal-poisson,18,11,0.15425246876885162,0.0
epistemic@lognormal-poisson,18,0,0.30128150225671374,40.0
epistemic@lognormal-poisson,18,1,0.32688712776904477,40.0
epistemic@lognormal-poisson,18,2,0.04851140748051866,0.0
epistemic@lognormal-poisson,18,3,0.036634630190070835,0.0
epistemic@lognormal-poisson,18,4,0.06694846396793452,40.0
epistemic@lognormal-poisson,18,5,0.03386460796050164,40.0
epistemic@lognormal-poisson,18,6,0.02508935861714709,0.0
epistemic@lognormal-poisson,18,7,0.5480654725013402,40.0
epistemic@lognormal-poisson,18,8,0.05353530112177586,0.0
epistemic@lognormal-poisson,18,9,0.08127938456221603,40.0
epistemic@lognormal-poisson,18,10,0.010827707385987066,0.0
epistemic@lognormal-poisson,18,11,0.15425246876885162,0.0
thompson@lognormal-poisson,18,0,0.30128150225671374,80.0
thompson@lognormal-poisson,18,1,0.32688712776904477,80.0
thompson@lognormal-poisson,18,2,0.04851140748051866,0.0
thompson@lognormal-poisson,18,3,0.036634630190070835,0.0
thompson@lognormal-poisson,18,4,0.06694846396793452,40.0
thompson@lognormal-poisson,18,5,0.03386460796050164,0.0
thompson@lognormal-poisson,18,6,0.02508935861714709,0.0
thompson@lognormal-poisson,18,7,0.5480654725013402,0.0
thompson@lognormal-poisson,18,8,0.05353530112177586,0.0
thompson@lognormal-poisson,18,9,0.08127938456221603,40.0
thompson@lognormal-poisson,18,10,0.010827707385987066,0.0
thompson@lognormal-poisson,18,11,0.15425246876885162,0.0
eig,19,0,0.039815741950618155,8.0
eig,19,1,0.10747219571866416,22.0
eig,19,2,1.4257897151276286,30.0
eig,19,3,0.19826550718773955,5.0
eig,19,4,2.143833359223925,30.0
eig,19,5,0.03734866895281084,7.0
eig,19,6,3.428240567854619,30.0
eig,19,7,3.4755943471390474,30.0
eig,19,8,1.2350099955095961,30.0
eig,19,9,0.7568693985325864,22.0
eig,19,10,0.2623210761651215,21.0
eig,19,11,0.026714594543286244,5.0
epig,19,0,0.039815741950618155,10.0
epig,19,1,0.10747219571866416,21.0
epig,19,2,1.4257897151276286,29.0
epig,19,3,0.19826550718773955,6.0
epig,19,4,2.143833359223925,29.0
epig,19,5,0.03734866895281084,7.0
epig,19,6,3.428240567854619,28.5
epig,19,7,3.4755943471390474,30.5
epig,19,8,1.2350099955095961,27.0
epig,19,9,0.7568693985325864,19.0
epig,19,10,0.2623210761651215,25.0
epig,19,11,0.026714594543286244,8.0
maxent,19,0,0.039815741950618155,0.0
maxent,19,1,0.10747219571866416,0.0
maxent,19,2,1.4257897151276286,0.0
maxent,19,3,0.19826550718773955,0.0
maxent,19,4,2.143833359223925,3.0
maxent,19,5,0.03734866895281084,0.0
maxent,19,6,3.428240567854619,234.0
maxent,19,7,3.4755943471390474,0.0
maxent,19,8,1.2350099955095961,0.0
maxent,19,9,0.7568693985325864,3.0
maxent,19,10,0.2623210761651215,0.0
maxent,19,11,0.026714594543286244,0.0
d-optimality,19,0,0.039815741950618155,11.0
d-optimality,19,1,0.10747219571866416,21.0
d-optimality,19,2,1.4257897151276286,28.0
d-optimality,19,3,0.19826550718773955,8.0
d-optimality,19,4,2.143833359223925,28.0
d-optimality,19,5,0.03734866895281084,8.0
d-optimality,19,6,3.428240567854619,28.0
d-optimality,19,7,3.4755943471390474,27.0
d-optimality,19,8,1.2350099955095961,28.0
d-optimality,19,9,0.7568693985325864,20.0
d-optimality,19,10,0.2623210761651215,23.0
d-optimality,19,11,0.026714594543286244,10.0
neyman,19,0,0.039815741950618155,8.0
neyman,19,1,0.10747219571866416,13.0
neyman,19,2,1.4257897151276286,29.0
neyman,19,3,0.19826550718773955,6.0
neyman,19,4,2.143833359223925,32.0
neyman,19,5,0.03734866895281084,7.0
neyman,19,6,3.428240567854619,43.0
neyman,19,7,3.4755943471390474,43.0
neyman,19,8,1.2350099955095961,25.0
neyman,19,9,0.7568693985325864,19.0
neyman,19,10,0.2623210761651215,10.0
neyman,19,11,0.026714594543286244,5.0
predictive-variance,19,0,0.039815741950618155,0.0
predictive-variance,19,1,0.10747219571866416,40.0
predictive-variance,19,2,1.4257897151276286,40.0
predictive-variance,19,3,0.19826550718773955,0.0
predictive-variance,19,4,2.143833359223925,40.0
predictive-variance,19,5,0.03734866895281084,0.0
predictive-variance,19,6,3.428240567854619,40.0
predictive-variance,19,7,3.4755943471390474,0.0
predictive-variance,19,8,1.2350099955095961,40.0
predictive-variance,19,9,0.7568693985325864,40.0
predictive-variance,19,10,0.2623210761651215,0.0
predictive-variance,19,11,0.026714594543286244,0.0
epistemic,19,0,0.039815741950618155,0.0
epistemic,19,1,0.10747219571866416,40.0
epistemic,19,2,1.4257897151276286,40.0
epistemic,19,3,0.19826550718773955,0.0
epistemic,19,4,2.143833359223925,40.0
epistemic,19,5,0.03734866895281084,0.0
epistemic,19,6,3.428240567854619,40.0
epistemic,19,7,3.4755943471390474,0.0
epistemic,19,8,1.2350099955095961,40.0
epistemic,19,9,0.7568693985325864,40.0
epistemic,19,10,0.2623210761651215,0.0
epistemic,19,11,0.026714594543286244,0.0
thompson,19,0,0.039815741950618155,0.0
thompson,19,1,0.10747219571866416,0.0
thompson,19,2,1.4257897151276286,0.0
thompson,19,3,0.19826550718773955,0.0
thompson,19,4,2.143833359223925,120.0
thompson,19,5,0.03734866895281084,0.0
thompson,19,6,3.428240567854619,40.0
thompson,19,7,3.4755943471390474,0.0
thompson,19,8,1.2350099955095961,40.0
thompson,19,9,0.7568693985325864,40.0
thompson,19,10,0.2623210761651215,0.0
thompson,19,11,0.026714594543286244,0.0
uniform,19,0,0.039815741950618155,20.0
uniform,19,1,0.10747219571866416,20.0
uniform,19,2,1.4257897151276286,20.0
uniform,19,3,0.19826550718773955,20.0
uniform,19,4,2.143833359223925,20.0
uniform,19,5,0.03734866895281084,20.0
uniform,19,6,3.428240567854619,20.0
uniform,19,7,3.4755943471390474,20.0
uniform,19,8,1.2350099955095961,20.0
uniform,19,9,0.7568693985325864,20.0
uniform,19,10,0.2623210761651215,20.0
uniform,19,11,0.026714594543286244,20.0
random,19,0,0.039815741950618155,46.0
random,19,1,0.10747219571866416,42.0
random,19,2,1.4257897151276286,6.0
random,19,3,0.19826550718773955,40.0
random,19,4,2.143833359223925,41.0
random,19,5,0.03734866895281084,1.0
random,19,6,3.428240567854619,0.0
random,19,7,3.4755943471390474,22.5
random,19,8,1.2350099955095961,11.0
random,19,9,0.7568693985325864,0.0
random,19,10,0.2623210761651215,22.5
random,19,11,0.026714594543286244,7.5
eig@gamma-poisson,19,0,0.039815741950618155,13.0
eig@gamma-poisson,19,1,0.10747219571866416,24.0
eig@gamma-poisson,19,2,1.4257897151276286,25.0
eig@gamma-poisson,19,3,0.19826550718773955,10.0
eig@gamma-poisson,19,4,2.143833359223925,25.0
eig@gamma-poisson,19,5,0.03734866895281084,11.0
eig@gamma-poisson,19,6,3.428240567854619,25.0
eig@gamma-poisson,19,7,3.4755943471390474,25.0
eig@gamma-poisson,19,8,1.2350099955095961,25.0
eig@gamma-poisson,19,9,0.7568693985325864,25.0
eig@gamma-poisson,19,10,0.2623210761651215,23.0
eig@gamma-poisson,19,11,0.026714594543286244,9.0
maxent@gamma-poisson,19,0,0.039815741950618155,0.0
maxent@gamma-poisson,19,1,0.10747219571866416,0.0
maxent@gamma-poisson,19,2,1.4257897151276286,0.0
maxent@gamma-poisson,19,3,0.19826550718773955,0.0
maxent@gamma-poisson,19,4,2.143833359223925,3.0
maxent@gamma-poisson,19,5,0.03734866895281084,0.0
maxent@gamma-poisson,19,6,3.428240567854619,235.0
maxent@gamma-poisson,19,7,3.4755943471390474,0.0
maxent@gamma-poisson,19,8,1.2350099955095961,0.0
maxent@gamma-poisson,19,9,0.7568693985325864,2.0
maxent@gamma-poisson,19,10,0.2623210761651215,0.0
maxent@gamma-poisson,19,11,0.026714594543286244,0.0
d-optimality@gamma-poisson,19,0,0.039815741950618155,17.0
d-optimality@gamma-poisson,19,1,0.10747219571866416,24.0
d-optimality@gamma-poisson,19,2,1.4257897151276286,23.0
d-optimality@gamma-poisson,19,3,0.19826550718773955,11.0
d-optimality@gamma-poisson,19,4,2.143833359223925,23.0
d-optimality@gamma-poisson,19,5,0.03734866895281084,11.0
d-optimality@gamma-poisson,19,6,3.428240567854619,23.0
d-optimality@gamma-poisson,19,7,3.4755943471390474,23.0
d-optimality@gamma-poisson,19,8,1.2350099955095961,23.0
d-optimality@gamma-poisson,19,9,0.7568693985325864,24.0
d-optimality@gamma-poisson,19,10,0.2623210761651215,22.0
d-optimality@gamma-poisson,19,11,0.026714594543286244,16.0
neyman@gamma-poisson,19,0,0.039815741950618155,7.0
neyman@gamma-poisson,19,1,0.10747219571866416,8.0
neyman@gamma-poisson,19,2,1.4257897151276286,30.0
neyman@gamma-poisson,19,3,0.19826550718773955,6.0
neyman@gamma-poisson,19,4,2.143833359223925,34.0
neyman@gamma-poisson,19,5,0.03734866895281084,7.0
neyman@gamma-poisson,19,6,3.428240567854619,45.0
neyman@gamma-poisson,19,7,3.4755943471390474,45.0
neyman@gamma-poisson,19,8,1.2350099955095961,26.0
neyman@gamma-poisson,19,9,0.7568693985325864,18.0
neyman@gamma-poisson,19,10,0.2623210761651215,9.0
neyman@gamma-poisson,19,11,0.026714594543286244,5.0
predictive-variance@gamma-poisson,19,0,0.039815741950618155,0.0
predictive-variance@gamma-poisson,19,1,0.10747219571866416,40.0
predictive-variance@gamma-poisson,19,2,1.4257897151276286,40.0
predictive-variance@gamma-poisson,19,3,0.19826550718773955,0.0
predictive-variance@gamma-poisson,19,4,2.143833359223925,40.0
predictive-variance@gamma-poisson,19,5,0.03734866895281084,0.0
predictive-variance@gamma-poisson,19,6,3.428240567854619,40.0
predictive-variance@gamma-poisson,19,7,3.4755943471390474,0.0
predictive-variance@gamma-poisson,19,8,1.2350099955095961,40.0
predictive-variance@gamma-poisson,19,9,0.7568693985325864,40.0
predictive-variance@gamma-poisson,19,10,0.2623210761651215,0.0
predictive-variance@gamma-poisson,19,11,0.026714594543286244,0.0
epistemic@gamma-poisson,19,0,0.039815741950618155,0.0
epistemic@gamma-poisson,19,1,0.10747219571866416,40.0
epistemic@gamma-poisson,19,2,1.4257897151276286,40.0
epistemic@gamma-poisson,19,3,0.19826550718773955,0.0
epistemic@gamma-poisson,19,4,2.143833359223925,40.0
epistemic@gamma-poisson,19,5,0.03734866895281084,0.0
epistemic@gamma-poisson,19,6,3.428240567854619,40.0
epistemic@gamma-poisson,19,7,3.4755943471390474,0.0
epistemic@gamma-poisson,19,8,1.2350099955095961,40.0
epistemic@gamma-poisson,19,9,0.7568693985325864,40.0
epistemic@gamma-poisson,19,10,0.2623210761651215,0.0
epistemic@gamma-poisson,19,11,0.026714594543286244,0.0
thompson@gamma-poisson,19,0,0.039815741950618155,0.0
thompson@gamma-poisson,19,1,0.10747219571866416,0.0
thompson@gamma-poisson,19,2,1.4257897151276286,40.0
thompson@gamma-poisson,19,3,0.19826550718773955,0.0
thompson@gamma-poisson,19,4,2.143833359223925,120.0
thompson@gamma-poisson,19,5,0.03734866895281084,0.0
thompson@gamma-poisson,19,6,3.428240567854619,0.0
thompson@gamma-poisson,19,7,3.4755943471390474,0.0
thompson@gamma-poisson,19,8,1.2350099955095961,40.0
thompson@gamma-poisson,19,9,0.7568693985325864,40.0
thompson@gamma-poisson,19,10,0.2623210761651215,0.0
thompson@gamma-poisson,19,11,0.026714594543286244,0.0
epig@gamma-poisson,19,0,0.039815741950618155,15.0
epig@gamma-poisson,19,1,0.10747219571866416,24.0
epig@gamma-poisson,19,2,1.4257897151276286,23.0
epig@gamma-poisson,19,3,0.19826550718773955,11.0
epig@gamma-poisson,19,4,2.143833359223925,25.0
epig@gamma-poisson,19,5,0.03734866895281084,9.0
epig@gamma-poisson,19,6,3.428240567854619,26.0
epig@gamma-poisson,19,7,3.4755943471390474,24.5
epig@gamma-poisson,19,8,1.2350099955095961,23.0
epig@gamma-poisson,19,9,0.7568693985325864,23.0
epig@gamma-poisson,19,10,0.2623210761651215,25.0
epig@gamma-poisson,19,11,0.026714594543286244,11.0
eig@lognormal-poisson,19,0,0.039815741950618155,7.0
eig@lognormal-poisson,19,1,0.10747219571866416,24.0
eig@lognormal-poisson,19,2,1.4257897151276286,30.0
eig@lognormal-poisson,19,3,0.19826550718773955,4.0
eig@lognormal-poisson,19,4,2.143833359223925,30.0
eig@lognormal-poisson,19,5,0.03734866895281084,6.0
eig@lognormal-poisson,19,6,3.428240567854619,30.0
eig@lognormal-poisson,19,7,3.4755943471390474,30.0
eig@lognormal-poisson,19,8,1.2350099955095961,29.0
eig@lognormal-poisson,19,9,0.7568693985325864,26.0
eig@lognormal-poisson,19,10,0.2623210761651215,20.0
eig@lognormal-poisson,19,11,0.026714594543286244,4.0
maxent@lognormal-poisson,19,0,0.039815741950618155,0.0
maxent@lognormal-poisson,19,1,0.10747219571866416,0.0
maxent@lognormal-poisson,19,2,1.4257897151276286,0.0
maxent@lognormal-poisson,19,3,0.19826550718773955,0.0
maxent@lognormal-poisson,19,4,2.143833359223925,3.0
maxent@lognormal-poisson,19,5,0.03734866895281084,0.0
maxent@lognormal-poisson,19,6,3.428240567854619,234.0
maxent@lognormal-poisson,19,7,3.4755943471390474,0.0
maxent@lognormal-poisson,19,8,1.2350099955095961,0.0
maxent@lognormal-poisson,19,9,0.7568693985325864,3.0
maxent@lognormal-poisson,19,10,0.2623210761651215,0.0
maxent@lognormal-poisson,19,11,0.026714594543286244,0.0
d-optimality@lognormal-poisson,19,0,0.039815741950618155,10.0
d-optimality@lognormal-poisson,19,1,0.10747219571866416,23.0
d-optimality@lognormal-poisson,19,2,1.4257897151276286,28.0
d-optimality@lognormal-poisson,19,3,0.19826550718773955,7.0
d-optimality@lognormal-poisson,19,4,2.143833359223925,28.0
d-optimality@lognormal-poisson,19,5,0.03734866895281084,8.0
d-optimality@lognormal-poisson,19,6,3.428240567854619,28.0
d-optimality@lognormal-poisson,19,7,3.4755943471390474,28.0
d-optimality@lognormal-poisson,19,8,1.2350099955095961,27.0
d-optimality@lognormal-poisson,19,9,0.7568693985325864,24.0
d-optimality@lognormal-poisson,19,10,0.2623210761651215,20.0
d-optimality@lognormal-poisson,19,11,0.026714594543286244,9.0
neyman@lognormal-poisson,19,0,0.039815741950618155,8.0
neyman@lognormal-poisson,19,1,0.10747219571866416,13.0
neyman@lognormal-poisson,19,2,1.4257897151276286,28.0
neyman@lognormal-poisson,19,3,0.19826550718773955,6.0
neyman@lognormal-poisson,19,4,2.143833359223925,32.0
neyman@lognormal-poisson,19,5,0.03734866895281084,7.0
neyman@lognormal-poisson,19,6,3.428240567854619,42.0
neyman@lognormal-poisson,19,7,3.4755943471390474,43.0
neyman@lognormal-poisson,19,8,1.2350099955095961,25.0
neyman@lognormal-poisson,19,9,0.7568693985325864,18.0
neyman@lognormal-poisson,19,10,0.2623210761651215,13.0
neyman@lognormal-poisson,19,11,0.026714594543286244,5.0
predictive-variance@lognormal-poisson,19,0,0.039815741950618155,0.0
predictive-variance@lognormal-poisson,19,1,0.10747219571866416,40.0
predictive-variance@lognormal-poisson,19,2,1.4257897151276286,40.0
predictive-variance@lognormal-poisson,19,3,0.19826550718773955,0.0
predictive-variance@lognormal-poisson,19,4,2.143833359223925,40.0
predictive-variance@lognormal-poisson,19,5,0.03734866895281084,0.0
predictive-variance@lognormal-poisson,19,6,3.428240567854619,40.0
predictive-variance@lognormal-poisson,19,7,3.4755943471390474,0.0
predictive-variance@lognormal-poisson,19,8,1.2350099955095961,40.0
predictive-variance@lognormal-poisson,19,9,0.7568693985325864,40.0
predictive-variance@lognormal-poisson,19,10,0.2623210761651215,0.0
predictive-variance@lognormal-poisson,19,11,0.026714594543286244,0.0
epistemic@lognormal-poisson,19,0,0.039815741950618155,0.0
epistemic@lognormal-poisson,19,1,0.10747219571866416,40.0
epistemic@lognormal-poisson,19,2,1.4257897151276286,40.0
epistemic@lognormal-poisson,19,3,0.19826550718773955,0.0
epistemic@lognormal-poisson,19,4,2.143833359223925,40.0
epistemic@lognormal-poisson,19,5,0.03734866895281084,0.0
epistemic@lognormal-poisson,19,6,3.428240567854619,40.0
epistemic@lognormal-poisson,19,7,3.4755943471390474,0.0
epistemic@lognormal-poisson,19,8,1.2350099955095961,40.0
epistemic@lognormal-poisson,19,9,0.7568693985325864,40.0
epistemic@lognormal-poisson,19,10,0.2623210761651215,0.0
epistemic@lognormal-poisson,19,11,0.026714594543286244,0.0
thompson@lognormal-poisson,19,0,0.039815741950618155,0.0
thompson@lognormal-poisson,19,1,0.10747219571866416,0.0
thompson@lognormal-poisson,19,2,1.4257897151276286,0.0
thompson@lognormal-poisson,19,3,0.19826550718773955,0.0
thompson@lognormal-poisson,19,4,2.143833359223925,0.0
thompson@lognormal-poisson,19,5,0.03734866895281084,0.0
thompson@lognormal-poisson,19,6,3.428240567854619,0.0
thompson@lognormal-poisson,19,7,3.4755943471390474,200.0
thompson@lognormal-poisson,19,8,1.2350099955095961,0.0
thompson@lognormal-poisson,19,9,0.7568693985325864,40.0
thompson@lognormal-poisson,19,10,0.2623210761651215,0.0
thompson@lognormal-poisson,19,11,0.026714594543286244,0.0
eig,20,0,0.0644617627592807,13.0
eig,20,1,0.17111139444790782,16.0
eig,20,2,0.03226999743667062,0.0
eig,20,3,0.9505605075540748,30.0
eig,20,4,0.07599318703021775,8.0
eig,20,5,0.6210384958139407,28.0
eig,20,6,2.774828076398209,31.0
eig,20,7,0.14763513855822777,21.0
eig,20,8,0.7407630667936042,26.0
eig,20,9,6.721257375953189,31.0
eig,20,10,0.02422442746896389,7.0
eig,20,11,0.6512866064693973,29.0
epig,20,0,0.0644617627592807,14.0
epig,20,1,0.17111139444790782,15.0
epig,20,2,0.03226999743667062,0.0
epig,20,3,0.9505605075540748,27.0
epig,20,4,0.07599318703021775,8.0
epig,20,5,0.6210384958139407,26.0
epig,20,6,2.774828076398209,34.0
epig,20,7,0.14763513855822777,22.0
epig,20,8,0.7407630667936042,23.0
epig,20,9,6.721257375953189,30.5
epig,20,10,0.02422442746896389,9.0
epig,20,11,0.6512866064693973,31.0
maxent,20,0,0.0644617627592807,0.0
maxent,20,1,0.17111139444790782,0.0
maxent,20,2,0.03226999743667062,0.0
maxent,20,3,0.9505605075540748,0.0
maxent,20,4,0.07599318703021775,0.0
maxent,20,5,0.6210384958139407,0.0
maxent,20,6,2.774828076398209,0.0
maxent,20,7,0.14763513855822777,0.0
maxent,20,8,0.7407630667936042,1.0
maxent,20,9,6.721257375953189,239.0
maxent,20,10,0.02422442746896389,0.0
maxent,20,11,0.6512866064693973,0.0
d-optimality,20,0,0.0644617627592807,14.0
d-optimality,20,1,0.17111139444790782,16.0
d-optimality,20,2,0.03226999743667062,0.0
d-optimality,20,3,0.9505605075540748,29.0
d-optimality,20,4,0.07599318703021775,10.0
d-optimality,20,5,0.6210384958139407,26.0
d-optimality,20,6,2.774828076398209,29.0
d-optimality,20,7,0.14763513855822777,22.0
d-optimality,20,8,0.7407630667936042,25.0
d-optimality,20,9,6.721257375953189,29.0
d-optimality,20,10,0.02422442746896389,12.0
d-optimality,20,11,0.6512866064693973,28.0
neyman,20,0,0.0644617627592807,10.0
neyman,20,1,0.17111139444790782,10.0
neyman,20,2,0.03226999743667062,7.0
neyman,20,3,0.9505605075540748,27.0
neyman,20,4,0.07599318703021775,7.0
neyman,20,5,0.6210384958139407,21.0
neyman,20,6,2.774828076398209,44.0
neyman,20,7,0.14763513855822777,12.0
neyman,20,8,0.7407630667936042,22.0
neyman,20,9,6.721257375953189,66.0
neyman,20,10,0.02422442746896389,6.0
neyman,20,11,0.6512866064693973,8.0
predictive-variance,20,0,0.0644617627592807,40.0
predictive-variance,20,1,0.17111139444790782,0.0
predictive-variance,20,2,0.03226999743667062,0.0
predictive-variance,20,3,0.9505605075540748,40.0
predictive-variance,20,4,0.07599318703021775,0.0
predictive-variance,20,5,0.6210384958139407,40.0
predictive-variance,20,6,2.774828076398209,40.0
predictive-variance,20,7,0.14763513855822777,0.0
predictive-variance,20,8,0.7407630667936042,40.0
predictive-variance,20,9,6.721257375953189,40.0
predictive-variance,20,10,0.02422442746896389,0.0
predictive-variance,20,11,0.6512866064693973,0.0
epistemic,20,0,0.0644617627592807,40.0
epistemic,20,1,0.17111139444790782,0.0
epistemic,20,2,0.03226999743667062,0.0
epistemic,20,3,0.9505605075540748,40.0
epistemic,20,4,0.07599318703021775,0.0
epistemic,20,5,0.6210384958139407,40.0
epistemic,20,6,2.774828076398209,40.0
epistemic,20,7,0.14763513855822777,0.0
epistemic,20,8,0.7407630667936042,40.0
epistemic,20,9,6.721257375953189,40.0
epistemic,20,10,0.02422442746896389,0.0
epistemic,20,11,0.6512866064693973,0.0
thompson,20,0,0.0644617627592807,0.0
thompson,20,1,0.17111139444790782,0.0
thompson,20,2,0.03226999743667062,0.0
thompson,20,3,0.9505605075540748,0.0
thompson,20,4,0.07599318703021775,0.0
thompson,20,5,0.6210384958139407,40.0
thompson,20,6,2.774828076398209,0.0
thompson,20,7,0.14763513855822777,0.0
thompson,20,8,0.7407630667936042,40.0
thompson,20,9,6.721257375953189,160.0
thompson,20,10,0.02422442746896389,0.0
thompson,20,11,0.6512866064693973,0.0
uniform,20,0,0.0644617627592807,20.0
uniform,20,1,0.17111139444790782,20.0
uniform,20,2,0.03226999743667062,20.0
uniform,20,3,0.9505605075540748,20.0
uniform,20,4,0.07599318703021775,20.0
uniform,20,5,0.6210384958139407,20.0
uniform,20,6,2.774828076398209,20.0
uniform,20,7,0.14763513855822777,20.0
uniform,20,8,0.7407630667936042,20.0
uniform,20,9,6.721257375953189,20.0
uniform,20,10,0.02422442746896389,20.0
uniform,20,11,0.6512866064693973,20.0
random,20,0,0.0644617627592807,22.0
random,20,1,0.17111139444790782,26.0
random,20,2,0.03226999743667062,70.0
random,20,3,0.9505605075540748,2.5
random,20,4,0.07599318703021775,6.0
random,20,5,0.6210384958139407,7.5
random,20,6,2.774828076398209,0.0
random,20,7,0.14763513855822777,45.0
random,20,8,0.7407630667936042,6.0
random,20,9,6.721257375953189,16.0
random,20,10,0.02422442746896389,0.0
random,20,11,0.6512866064693973,38.5
eig@gamma-poisson,20,0,0.0644617627592807,19.0
eig@gamma-poisson,20,1,0.17111139444790782,22.0
eig@gamma-poisson,20,2,0.03226999743667062,0.0
eig@gamma-poisson,20,3,0.9505605075540748,26.0
eig@gamma-poisson,20,4,0.07599318703021775,13.0
eig@gamma-poisson,20,5,0.6210384958139407,26.0
eig@gamma-poisson,20,6,2.774828076398209,26.0
eig@gamma-poisson,20,7,0.14763513855822777,22.0
eig@gamma-poisson,20,8,0.7407630667936042,26.0
eig@gamma-poisson,20,9,6.721257375953189,26.0
eig@gamma-poisson,20,10,0.02422442746896389,11.0
eig@gamma-poisson,20,11,0.6512866064693973,23.0
maxent@gamma-poisson,20,0,0.0644617627592807,0.0
maxent@gamma-poisson,20,1,0.17111139444790782,0.0
maxent@gamma-poisson,20,2,0.03226999743667062,0.0
maxent@gamma-poisson,20,3,0.9505605075540748,0.0
maxent@gamma-poisson,20,4,0.07599318703021775,0.0
maxent@gamma-poisson,20,5,0.6210384958139407,0.0
maxent@gamma-poisson,20,6,2.774828076398209,0.0
maxent@gamma-poisson,20,7,0.14763513855822777,0.0
maxent@gamma-poisson,20,8,0.7407630667936042,1.0
maxent@gamma-poisson,20,9,6.721257375953189,239.0
maxent@gamma-poisson,20,10,0.02422442746896389,0.0
maxent@gamma-poisson,20,11,0.6512866064693973,0.0
d-optimality@gamma-poisson,20,0,0.0644617627592807,23.0
d-optimality@gamma-poisson,20,1,0.17111139444790782,22.0
d-optimality@gamma-poisson,20,2,0.03226999743667062,0.0
d-optimality@gamma-poisson,20,3,0.9505605075540748,24.0
d-optimality@gamma-poisson,20,4,0.07599318703021775,14.0
d-optimality@gamma-poisson,20,5,0.6210384958139407,24.0
d-optimality@gamma-poisson,20,6,2.774828076398209,24.0
d-optimality@gamma-poisson,20,7,0.14763513855822777,21.0
d-optimality@gamma-poisson,20,8,0.7407630667936042,24.0
d-optimality@gamma-poisson,20,9,6.721257375953189,24.0
d-optimality@gamma-poisson,20,10,0.02422442746896389,18.0
d-optimality@gamma-poisson,20,11,0.6512866064693973,22.0
neyman@gamma-poisson,20,0,0.0644617627592807,8.0
neyman@gamma-poisson,20,1,0.17111139444790782,9.0
neyman@gamma-poisson,20,2,0.03226999743667062,7.0
neyman@gamma-poisson,20,3,0.9505605075540748,28.0
neyman@gamma-poisson,20,4,0.07599318703021775,7.0
neyman@gamma-poisson,20,5,0.6210384958139407,21.0
neyman@gamma-poisson,20,6,2.774828076398209,46.0
neyman@gamma-poisson,20,7,0.14763513855822777,13.0
neyman@gamma-poisson,20,8,0.7407630667936042,20.0
neyman@gamma-poisson,20,9,6.721257375953189,69.0
neyman@gamma-poisson,20,10,0.02422442746896389,5.0
neyman@gamma-poisson,20,11,0.6512866064693973,7.0
predictive-variance@gamma-poisson,20,0,0.0644617627592807,40.0
predictive-variance@gamma-poisson,20,1,0.17111139444790782,0.0
predictive-variance@gamma-poisson,20,2,0.03226999743667062,0.0
predictive-variance@gamma-poisson,20,3,0.9505605075540748,40.0
predictive-variance@gamma-poisson,20,4,0.07599318703021775,0.0
predictive-variance@gamma-poisson,20,5,0.6210384958139407,40.0
predictive-variance@gamma-poisson,20,6,2.774828076398209,40.0
predictive-variance@gamma-poisson,20,7,0.14763513855822777,0.0
predictive-variance@gamma-poisson,20,8,0.7407630667936042,40.0
predictive-variance@gamma-poisson,20,9,6.721257375953189,40.0
predictive-variance@gamma-poisson,20,10,0.02422442746896389,0.0
predictive-variance@gamma-poisson,20,11,0.6512866064693973,0.0
epistemic@gamma-poisson,20,0,0.0644617627592807,40.0
epistemic@gamma-poisson,20,1,0.17111139444790782,0.0
epistemic@gamma-poisson,20,2,0.03226999743667062,0.0
epistemic@gamma-poisson,20,3,0.9505605075540748,40.0
epistemic@gamma-poisson,20,4,0.07599318703021775,0.0
epistemic@gamma-poisson,20,5,0.6210384958139407,40.0
epistemic@gamma-poisson,20,6,2.774828076398209,40.0
epistemic@gamma-poisson,20,7,0.14763513855822777,0.0
epistemic@gamma-poisson,20,8,0.7407630667936042,40.0
epistemic@gamma-poisson,20,9,6.721257375953189,40.0
epistemic@gamma-poisson,20,10,0.02422442746896389,0.0
epistemic@gamma-poisson,20,11,0.6512866064693973,0.0
thompson@gamma-poisson,20,0,0.0644617627592807,0.0
thompson@gamma-poisson,20,1,0.17111139444790782,0.0
thompson@gamma-poisson,20,2,0.03226999743667062,0.0
thompson@gamma-poisson,20,3,0.9505605075540748,0.0
thompson@gamma-poisson,20,4,0.07599318703021775,0.0
thompson@gamma-poisson,20,5,0.6210384958139407,0.0
thompson@gamma-poisson,20,6,2.774828076398209,0.0
thompson@gamma-poisson,20,7,0.14763513855822777,0.0
thompson@gamma-poisson,20,8,0.7407630667936042,0.0
thompson@gamma-poisson,20,9,6.721257375953189,240.0
thompson@gamma-poisson,20,10,0.02422442746896389,0.0
thompson@gamma-poisson,20,11,0.6512866064693973,0.0
epig@gamma-poisson,20,0,0.0644617627592807,20.0
epig@gamma-poisson,20,1,0.17111139444790782,20.0
epig@gamma-poisson,20,2,0.03226999743667062,0.0
epig@gamma-poisson,20,3,0.9505605075540748,23.0
epig@gamma-poisson,20,4,0.07599318703021775,11.0
epig@gamma-poisson,20,5,0.6210384958139407,24.0
epig@gamma-poisson,20,6,2.774828076398209,31.0
epig@gamma-poisson,20,7,0.14763513855822777,23.0
epig@gamma-poisson,20,8,0.7407630667936042,23.0
epig@gamma-poisson,20,9,6.721257375953189,27.0
epig@gamma-poisson,20,10,0.02422442746896389,13.0
epig@gamma-poisson,20,11,0.6512866064693973,25.0
eig@lognormal-poisson,20,0,0.0644617627592807,17.0
eig@lognormal-poisson,20,1,0.17111139444790782,18.0
eig@lognormal-poisson,20,2,0.03226999743667062,0.0
eig@lognormal-poisson,20,3,0.9505605075540748,30.0
eig@lognormal-poisson,20,4,0.07599318703021775,7.0
eig@lognormal-poisson,20,5,0.6210384958139407,29.0
eig@lognormal-poisson,20,6,2.774828076398209,30.0
eig@lognormal-poisson,20,7,0.14763513855822777,21.0
eig@lognormal-poisson,20,8,0.7407630667936042,28.0
eig@lognormal-poisson,20,9,6.721257375953189,31.0
eig@lognormal-poisson,20,10,0.02422442746896389,6.0
eig@lognormal-poisson,20,11,0.6512866064693973,23.0
maxent@lognormal-poisson,20,0,0.0644617627592807,0.0
maxent@lognormal-poisson,20,1,0.17111139444790782,0.0
maxent@lognormal-poisson,20,2,0.03226999743667062,0.0
maxent@lognormal-poisson,20,3,0.9505605075540748,0.0
maxent@lognormal-poisson,20,4,0.07599318703021775,0.0
maxent@lognormal-poisson,20,5,0.6210384958139407,0.0
maxent@lognormal-poisson,20,6,2.774828076398209,0.0
maxent@lognormal-poisson,20,7,0.14763513855822777,0.0
maxent@lognormal-poisson,20,8,0.7407630667936042,1.0
maxent@lognormal-poisson,20,9,6.721257375953189,239.0
maxent@lognormal-poisson,20,10,0.02422442746896389,0.0
maxent@lognormal-poisson,20,11,0.6512866064693973,0.0
d-optimality@lognormal-poisson,20,0,0.0644617627592807,18.0
d-optimality@lognormal-poisson,20,1,0.17111139444790782,19.0
d-optimality@lognormal-poisson,20,2,0.03226999743667062,0.0
d-optimality@lognormal-poisson,20,3,0.9505605075540748,28.0
d-optimality@lognormal-poisson,20,4,0.07599318703021775,9.0
d-optimality@lognormal-poisson,20,5,0.6210384958139407,27.0
d-optimality@lognormal-poisson,20,6,2.774828076398209,28.0
d-optimality@lognormal-poisson,20,7,0.14763513855822777,21.0
d-optimality@lognormal-poisson,20,8,0.7407630667936042,27.0
d-optimality@lognormal-poisson,20,9,6.721257375953189,29.0
d-optimality@lognormal-poisson,20,10,0.02422442746896389,11.0
d-optimality@lognormal-poisson,20,11,0.6512866064693973,23.0
neyman@lognormal-poisson,20,0,0.0644617627592807,10.0
neyman@lognormal-poisson,20,1,0.17111139444790782,10.0
neyman@lognormal-poisson,20,2,0.03226999743667062,7.0
neyman@lognormal-poisson,20,3,0.9505605075540748,27.0
neyman@lognormal-poisson,20,4,0.07599318703021775,7.0
neyman@lognormal-poisson,20,5,0.6210384958139407,21.0
neyman@lognormal-poisson,20,6,2.774828076398209,43.0
neyman@lognormal-poisson,20,7,0.14763513855822777,12.0
neyman@lognormal-poisson,20,8,0.7407630667936042,20.0
neyman@lognormal-poisson,20,9,6.721257375953189,66.0
neyman@lognormal-poisson,20,10,0.02422442746896389,6.0
neyman@lognormal-poisson,20,11,0.6512866064693973,11.0
predictive-variance@lognormal-poisson,20,0,0.0644617627592807,40.0
predictive-variance@lognormal-poisson,20,1,0.17111139444790782,0.0
predictive-variance@lognormal-poisson,20,2,0.03226999743667062,0.0
predictive-variance@lognormal-poisson,20,3,0.9505605075540748,40.0
predictive-variance@lognormal-poisson,20,4,0.07599318703021775,0.0
predictive-variance@lognormal-poisson,20,5,0.6210384958139407,40.0
predictive-variance@lognormal-poisson,20,6,2.774828076398209,40.0
predictive-variance@lognormal-poisson,20,7,0.14763513855822777,0.0
predictive-variance@lognormal-poisson,20,8,0.7407630667936042,40.0
predictive-variance@lognormal-poisson,20,9,6.721257375953189,40.0
predictive-variance@lognormal-poisson,20,10,0.02422442746896389,0.0
predictive-variance@lognormal-poisson,20,11,0.6512866064693973,0.0
epistemic@lognormal-poisson,20,0,0.0644617627592807,40.0
epistemic@lognormal-poisson,20,1,0.17111139444790782,0.0
epistemic@lognormal-poisson,20,2,0.03226999743667062,0.0
epistemic@lognormal-poisson,20,3,0.9505605075540748,40.0
epistemic@lognormal-poisson,20,4,0.07599318703021775,0.0
epistemic@lognormal-poisson,20,5,0.6210384958139407,40.0
epistemic@lognormal-poisson,20,6,2.774828076398209,40.0
epistemic@lognormal-poisson,20,7,0.14763513855822777,0.0
epistemic@lognormal-poisson,20,8,0.7407630667936042,40.0
epistemic@lognormal-poisson,20,9,6.721257375953189,40.0
epistemic@lognormal-poisson,20,10,0.02422442746896389,0.0
epistemic@lognormal-poisson,20,11,0.6512866064693973,0.0
thompson@lognormal-poisson,20,0,0.0644617627592807,0.0
thompson@lognormal-poisson,20,1,0.17111139444790782,0.0
thompson@lognormal-poisson,20,2,0.03226999743667062,0.0
thompson@lognormal-poisson,20,3,0.9505605075540748,40.0
thompson@lognormal-poisson,20,4,0.07599318703021775,0.0
thompson@lognormal-poisson,20,5,0.6210384958139407,40.0
thompson@lognormal-poisson,20,6,2.774828076398209,40.0
thompson@lognormal-poisson,20,7,0.14763513855822777,0.0
thompson@lognormal-poisson,20,8,0.7407630667936042,40.0
thompson@lognormal-poisson,20,9,6.721257375953189,80.0
thompson@lognormal-poisson,20,10,0.02422442746896389,0.0
thompson@lognormal-poisson,20,11,0.6512866064693973,0.0
eig,21,0,0.017321803595617965,15.0
eig,21,1,0.047567587331651125,17.0
eig,21,2,1.7106187285939114,37.0
eig,21,3,0.018569949769661254,5.0
eig,21,4,0.20971367798322654,20.0
eig,21,5,0.08568838575583176,0.0
eig,21,6,0.3021295913088965,23.0
eig,21,7,0.03601312761702729,8.0
eig,21,8,1.349989838676342,34.0
eig,21,9,0.843983195005148,37.0
eig,21,10,0.04139073127036242,8.0
eig,21,11,0.5990407620927954,36.0
epig,21,0,0.017321803595617965,15.0
epig,21,1,0.047567587331651125,15.0
epig,21,2,1.7106187285939114,35.0
epig,21,3,0.018569949769661254,7.0
epig,21,4,0.20971367798322654,22.0
epig,21,5,0.08568838575583176,0.0
epig,21,6,0.3021295913088965,15.0
epig,21,7,0.03601312761702729,8.0
epig,21,8,1.349989838676342,37.0
epig,21,9,0.843983195005148,38.0
epig,21,10,0.04139073127036242,13.0
epig,21,11,0.5990407620927954,35.0
maxent,21,0,0.017321803595617965,0.0
maxent,21,1,0.047567587331651125,1.0
maxent,21,2,1.7106187285939114,0.0
maxent,21,3,0.018569949769661254,0.0
maxent,21,4,0.20971367798322654,0.0
maxent,21,5,0.08568838575583176,0.0
maxent,21,6,0.3021295913088965,0.0
maxent,21,7,0.03601312761702729,0.0
maxent,21,8,1.349989838676342,70.0
maxent,21,9,0.843983195005148,169.0
maxent,21,10,0.04139073127036242,0.0
maxent,21,11,0.5990407620927954,0.0
d-optimality,21,0,0.017321803595617965,17.0
d-optimality,21,1,0.047567587331651125,17.0
d-optimality,21,2,1.7106187285939114,34.0
d-optimality,21,3,0.018569949769661254,7.0
d-optimality,21,4,0.20971367798322654,21.0
d-optimality,21,5,0.08568838575583176,0.0
d-optimality,21,6,0.3021295913088965,22.0
d-optimality,21,7,0.03601312761702729,10.0
d-optimality,21,8,1.349989838676342,32.0
d-optimality,21,9,0.843983195005148,34.0
d-optimality,21,10,0.04139073127036242,13.0
d-optimality,21,11,0.5990407620927954,33.0
neyman,21,0,0.017321803595617965,9.0
neyman,21,1,0.047567587331651125,11.0
neyman,21,2,1.7106187285939114,42.0
neyman,21,3,0.018569949769661254,9.0
neyman,21,4,0.20971367798322654,14.0
neyman,21,5,0.08568838575583176,11.0
neyman,21,6,0.3021295913088965,13.0
neyman,21,7,0.03601312761702729,7.0
neyman,21,8,1.349989838676342,44.0
neyman,21,9,0.843983195005148,40.0
neyman,21,10,0.04139073127036242,8.0
neyman,21,11,0.5990407620927954,32.0
predictive-variance,21,0,0.017321803595617965,40.0
predictive-variance,21,1,0.047567587331651125,40.0
predictive-variance,21,2,1.7106187285939114,40.0
predictive-variance,21,3,0.018569949769661254,0.0
predictive-variance,21,4,0.20971367798322654,0.0
predictive-variance,21,5,0.08568838575583176,0.0
predictive-variance,21,6,0.3021295913088965,0.0
predictive-variance,21,7,0.03601312761702729,0.0
predictive-variance,21,8,1.349989838676342,40.0
predictive-variance,21,9,0.843983195005148,40.0
predictive-variance,21,10,0.04139073127036242,0.0
predictive-variance,21,11,0.5990407620927954,40.0
epistemic,21,0,0.017321803595617965,40.0
epistemic,21,1,0.047567587331651125,40.0
epistemic,21,2,1.7106187285939114,40.0
epistemic,21,3,0.018569949769661254,0.0
epistemic,21,4,0.20971367798322654,0.0
epistemic,21,5,0.08568838575583176,0.0
epistemic,21,6,0.3021295913088965,0.0
epistemic,21,7,0.03601312761702729,0.0
epistemic,21,8,1.349989838676342,40.0
epistemic,21,9,0.843983195005148,40.0
epistemic,21,10,0.04139073127036242,0.0
epistemic,21,11,0.5990407620927954,40.0
thompson,21,0,0.017321803595617965,0.0
thompson,21,1,0.047567587331651125,40.0
thompson,21,2,1.7106187285939114,0.0
thompson,21,3,0.018569949769661254,0.0
thompson,21,4,0.20971367798322654,40.0
thompson,21,5,0.08568838575583176,0.0
thompson,21,6,0.3021295913088965,0.0
thompson,21,7,0.03601312761702729,0.0
thompson,21,8,1.349989838676342,80.0
thompson,21,9,0.843983195005148,40.0
thompson,21,10,0.04139073127036242,0.0
thompson,21,11,0.5990407620927954,40.0
uniform,21,0,0.017321803595617965,20.0
uniform,21,1,0.047567587331651125,20.0
uniform,21,2,1.7106187285939114,20.0
uniform,21,3,0.018569949769661254,20.0
uniform,21,4,0.20971367798322654,20.0
uniform,21,5,0.08568838575583176,20.0
uniform,21,6,0.3021295913088965,20.0
uniform,21,7,0.03601312761702729,20.0
uniform,21,8,1.349989838676342,20.0
uniform,21,9,0.843983195005148,20.0
uniform,21,10,0.04139073127036242,20.0
uniform,21,11,0.5990407620927954,20.0
random,21,0,0.017321803595617965,0.0
random,21,1,0.047567587331651125,47.5
random,21,2,1.7106187285939114,23.5
random,21,3,0.018569949769661254,30.0
random,21,4,0.20971367798322654,0.0
random,21,5,0.08568838575583176,10.0
random,21,6,0.3021295913088965,15.0
random,21,7,0.03601312761702729,43.5
random,21,8,1.349989838676342,11.0
random,21,9,0.843983195005148,42.0
random,21,10,0.04139073127036242,10.0
random,21,11,0.5990407620927954,7.5
eig@gamma-poisson,21,0,0.017321803595617965,19.0
eig@gamma-poisson,21,1,0.047567587331651125,24.0
eig@gamma-poisson,21,2,1.7106187285939114,30.0
eig@gamma-poisson,21,3,0.018569949769661254,7.0
eig@gamma-poisson,21,4,0.20971367798322654,24.0
eig@gamma-poisson,21,5,0.08568838575583176,0.0
eig@gamma-poisson,21,6,0.3021295913088965,23.0
eig@gamma-poisson,21,7,0.03601312761702729,11.0
eig@gamma-poisson,21,8,1.349989838676342,30.0
eig@gamma-poisson,21,9,0.843983195005148,31.0
eig@gamma-poisson,21,10,0.04139073127036242,12.0
eig@gamma-poisson,21,11,0.5990407620927954,29.0
maxent@gamma-poisson,21,0,0.017321803595617965,0.0
maxent@gamma-poisson,21,1,0.047567587331651125,1.0
maxent@gamma-poisson,21,2,1.7106187285939114,0.0
maxent@gamma-poisson,21,3,0.018569949769661254,0.0
maxent@gamma-poisson,21,4,0.20971367798322654,0.0
maxent@gamma-poisson,21,5,0.08568838575583176,0.0
maxent@gamma-poisson,21,6,0.3021295913088965,0.0
maxent@gamma-poisson,21,7,0.03601312761702729,0.0
maxent@gamma-poisson,21,8,1.349989838676342,238.0
maxent@gamma-poisson,21,9,0.843983195005148,1.0
maxent@gamma-poisson,21,10,0.04139073127036242,0.0
maxent@gamma-poisson,21,11,0.5990407620927954,0.0
d-optimality@gamma-poisson,21,0,0.017321803595617965,26.0
d-optimality@gamma-poisson,21,1,0.047567587331651125,27.0
d-optimality@gamma-poisson,21,2,1.7106187285939114,26.0
d-optimality@gamma-poisson,21,3,0.018569949769661254,7.0
d-optimality@gamma-poisson,21,4,0.20971367798322654,23.0
d-optimality@gamma-poisson,21,5,0.08568838575583176,0.0
d-optimality@gamma-poisson,21,6,0.3021295913088965,20.0
d-optimality@gamma-poisson,21,7,0.03601312761702729,13.0
d-optimality@gamma-poisson,21,8,1.349989838676342,27.0
d-optimality@gamma-poisson,21,9,0.843983195005148,27.0
d-optimality@gamma-poisson,21,10,0.04139073127036242,19.0
d-optimality@gamma-poisson,21,11,0.5990407620927954,25.0
neyman@gamma-poisson,21,0,0.017321803595617965,7.0
neyman@gamma-poisson,21,1,0.047567587331651125,9.0
neyman@gamma-poisson,21,2,1.7106187285939114,43.0
neyman@gamma-poisson,21,3,0.018569949769661254,9.0
neyman@gamma-poisson,21,4,0.20971367798322654,15.0
neyman@gamma-poisson,21,5,0.08568838575583176,11.0
neyman@gamma-poisson,21,6,0.3021295913088965,13.0
neyman@gamma-poisson,21,7,0.03601312761702729,7.0
neyman@gamma-poisson,21,8,1.349989838676342,45.0
neyman@gamma-poisson,21,9,0.843983195005148,40.0
neyman@gamma-poisson,21,10,0.04139073127036242,8.0
neyman@gamma-poisson,21,11,0.5990407620927954,33.0
predictive-variance@gamma-poisson,21,0,0.017321803595617965,40.0
predictive-variance@gamma-poisson,21,1,0.047567587331651125,40.0
predictive-variance@gamma-poisson,21,2,1.7106187285939114,40.0
predictive-variance@gamma-poisson,21,3,0.018569949769661254,0.0
predictive-variance@gamma-poisson,21,4,0.20971367798322654,0.0
predictive-variance@gamma-poisson,21,5,0.08568838575583176,0.0
predictive-variance@gamma-poisson,21,6,0.3021295913088965,0.0
predictive-variance@gamma-poisson,21,7,0.03601312761702729,0.0
predictive-variance@gamma-poisson,21,8,1.349989838676342,40.0
predictive-variance@gamma-poisson,21,9,0.843983195005148,40.0
predictive-variance@gamma-poisson,21,10,0.04139073127036242,0.0
predictive-variance@gamma-poisson,21,11,0.5990407620927954,40.0
epistemic@gamma-poisson,21,0,0.017321803595617965,40.0
epistemic@gamma-poisson,21,1,0.047567587331651125,40.0
epistemic@gamma-poisson,21,2,1.7106187285939114,40.0
epistemic@gamma-poisson,21,3,0.018569949769661254,0.0
epistemic@gamma-poisson,21,4,0.20971367798322654,0.0
epistemic@gamma-poisson,21,5,0.08568838575583176,0.0
epistemic@gamma-poisson,21,6,0.3021295913088965,0.0
epistemic@gamma-poisson,21,7,0.03601312761702729,0.0
epistemic@gamma-poisson,21,8,1.349989838676342,40.0
epistemic@gamma-poisson,21,9,0.843983195005148,40.0
epistemic@gamma-poisson,21,10,0.04139073127036242,0.0
epistemic@gamma-poisson,21,11,0.5990407620927954,40.0
thompson@gamma-poisson,21,0,0.017321803595617965,0.0
thompson@gamma-poisson,21,1,0.047567587331651125,40.0
thompson@gamma-poisson,21,2,1.7106187285939114,0.0
thompson@gamma-poisson,21,3,0.018569949769661254,0.0
thompson@gamma-poisson,21,4,0.20971367798322654,0.0
thompson@gamma-poisson,21,5,0.08568838575583176,0.0
thompson@gamma-poisson,21,6,0.3021295913088965,0.0
thompson@gamma-poisson,21,7,0.03601312761702729,0.0
thompson@gamma-poisson,21,8,1.349989838676342,120.0
thompson@gamma-poisson,21,9,0.843983195005148,80.0
thompson@gamma-poisson,21,10,0.04139073127036242,0.0
thompson@gamma-poisson,21,11,0.5990407620927954,0.0
epig@gamma-poisson,21,0,0.017321803595617965,20.0
epig@gamma-poisson,21,1,0.047567587331651125,21.0
epig@gamma-poisson,21,2,1.7106187285939114,29.0
epig@gamma-poisson,21,3,0.018569949769661254,7.0
epig@gamma-poisson,21,4,0.20971367798322654,26.0
epig@gamma-poisson,21,5,0.08568838575583176,0.0
epig@gamma-poisson,21,6,0.3021295913088965,19.0
epig@gamma-poisson,21,7,0.03601312761702729,9.0
epig@gamma-poisson,21,8,1.349989838676342,32.0
epig@gamma-poisson,21,9,0.843983195005148,32.0
epig@gamma-poisson,21,10,0.04139073127036242,17.0
epig@gamma-poisson,21,11,0.5990407620927954,28.0
eig@lognormal-poisson,21,0,0.017321803595617965,18.0
eig@lognormal-poisson,21,1,0.047567587331651125,22.0
eig@lognormal-poisson,21,2,1.7106187285939114,36.0
eig@lognormal-poisson,21,3,0.018569949769661254,4.0
eig@lognormal-poisson,21,4,0.20971367798322654,20.0
eig@lognormal-poisson,21,5,0.08568838575583176,0.0
eig@lognormal-poisson,21,6,0.3021295913088965,22.0
eig@lognormal-poisson,21,7,0.03601312761702729,7.0
eig@lognormal-poisson,21,8,1.349989838676342,34.0
eig@lognormal-poisson,21,9,0.843983195005148,36.0
eig@lognormal-poisson,21,10,0.04139073127036242,6.0
eig@lognormal-poisson,21,11,0.5990407620927954,35.0
maxent@lognormal-poisson,21,0,0.017321803595617965,0.0
maxent@lognormal-poisson,21,1,0.047567587331651125,1.0
maxent@lognormal-poisson,21,2,1.7106187285939114,0.0
maxent@lognormal-poisson,21,3,0.018569949769661254,0.0
maxent@lognormal-poisson,21,4,0.20971367798322654,0.0
maxent@lognormal-poisson,21,5,0.08568838575583176,0.0
maxent@lognormal-poisson,21,6,0.3021295913088965,0.0
maxent@lognormal-poisson,21,7,0.03601312761702729,0.0
maxent@lognormal-poisson,21,8,1.349989838676342,72.0
maxent@lognormal-poisson,21,9,0.843983195005148,167.0
maxent@lognormal-poisson,21,10,0.04139073127036242,0.0
maxent@lognormal-poisson,21,11,0.5990407620927954,0.0
d-optimality@lognormal-poisson,21,0,0.017321803595617965,20.0
d-optimality@lognormal-poisson,21,1,0.047567587331651125,22.0
d-optimality@lognormal-poisson,21,2,1.7106187285939114,34.0
d-optimality@lognormal-poisson,21,3,0.018569949769661254,6.0
d-optimality@lognormal-poisson,21,4,0.20971367798322654,21.0
d-optimality@lognormal-poisson,21,5,0.08568838575583176,0.0
d-optimality@lognormal-poisson,21,6,0.3021295913088965,21.0
d-optimality@lognormal-poisson,21,7,0.03601312761702729,9.0
d-optimality@lognormal-poisson,21,8,1.349989838676342,31.0
d-optimality@lognormal-poisson,21,9,0.843983195005148,33.0
d-optimality@lognormal-poisson,21,10,0.04139073127036242,11.0
d-optimality@lognormal-poisson,21,11,0.5990407620927954,32.0
neyman@lognormal-poisson,21,0,0.017321803595617965,9.0
neyman@lognormal-poisson,21,1,0.047567587331651125,11.0
neyman@lognormal-poisson,21,2,1.7106187285939114,41.0
neyman@lognormal-poisson,21,3,0.018569949769661254,9.0
neyman@lognormal-poisson,21,4,0.20971367798322654,15.0
neyman@lognormal-poisson,21,5,0.08568838575583176,11.0
neyman@lognormal-poisson,21,6,0.3021295913088965,13.0
neyman@lognormal-poisson,21,7,0.03601312761702729,7.0
neyman@lognormal-poisson,21,8,1.349989838676342,43.0
neyman@lognormal-poisson,21,9,0.843983195005148,40.0
neyman@lognormal-poisson,21,10,0.04139073127036242,9.0
neyman@lognormal-poisson,21,11,0.5990407620927954,32.0
predictive-variance@lognormal-poisson,21,0,0.017321803595617965,40.0
predictive-variance@lognormal-poisson,21,1,0.047567587331651125,40.0
predictive-variance@lognormal-poisson,21,2,1.7106187285939114,40.0
predictive-variance@lognormal-poisson,21,3,0.018569949769661254,0.0
predictive-variance@lognormal-poisson,21,4,0.20971367798322654,0.0
predictive-variance@lognormal-poisson,21,5,0.08568838575583176,0.0
predictive-variance@lognormal-poisson,21,6,0.3021295913088965,0.0
predictive-variance@lognormal-poisson,21,7,0.03601312761702729,0.0
predictive-variance@lognormal-poisson,21,8,1.349989838676342,40.0
predictive-variance@lognormal-poisson,21,9,0.843983195005148,40.0
predictive-variance@lognormal-poisson,21,10,0.04139073127036242,0.0
predictive-variance@lognormal-poisson,21,11,0.5990407620927954,40.0
epistemic@lognormal-poisson,21,0,0.017321803595617965,40.0
epistemic@lognormal-poisson,21,1,0.047567587331651125,40.0
epistemic@lognormal-poisson,21,2,1.7106187285939114,40.0
epistemic@lognormal-poisson,21,3,0.018569949769661254,0.0
epistemic@lognormal-poisson,21,4,0.20971367798322654,0.0
epistemic@lognormal-poisson,21,5,0.08568838575583176,0.0
epistemic@lognormal-poisson,21,6,0.3021295913088965,0.0
epistemic@lognormal-poisson,21,7,0.03601312761702729,0.0
epistemic@lognormal-poisson,21,8,1.349989838676342,40.0
epistemic@lognormal-poisson,21,9,0.843983195005148,40.0
epistemic@lognormal-poisson,21,10,0.04139073127036242,0.0
epistemic@lognormal-poisson,21,11,0.5990407620927954,40.0
thompson@lognormal-poisson,21,0,0.017321803595617965,0.0
thompson@lognormal-poisson,21,1,0.047567587331651125,40.0
thompson@lognormal-poisson,21,2,1.7106187285939114,120.0
thompson@lognormal-poisson,21,3,0.018569949769661254,0.0
thompson@lognormal-poisson,21,4,0.20971367798322654,0.0
thompson@lognormal-poisson,21,5,0.08568838575583176,0.0
thompson@lognormal-poisson,21,6,0.3021295913088965,0.0
thompson@lognormal-poisson,21,7,0.03601312761702729,0.0
thompson@lognormal-poisson,21,8,1.349989838676342,40.0
thompson@lognormal-poisson,21,9,0.843983195005148,40.0
thompson@lognormal-poisson,21,10,0.04139073127036242,0.0
thompson@lognormal-poisson,21,11,0.5990407620927954,0.0
eig,22,0,0.031486192166688964,0.0
eig,22,1,3.0835745390793563,42.0
eig,22,2,0.061591328440035106,16.0
eig,22,3,0.24969359769698057,29.0
eig,22,4,1.7780656041793503,42.0
eig,22,5,0.25202090149163825,40.0
eig,22,6,0.08598091648039367,11.0
eig,22,7,0.040115809291471585,7.0
eig,22,8,0.18891540338040985,33.0
eig,22,9,0.024966350113714664,2.0
eig,22,10,0.08661910212126091,7.0
eig,22,11,0.05254176585617768,11.0
epig,22,0,0.031486192166688964,0.0
epig,22,1,3.0835745390793563,40.0
epig,22,2,0.061591328440035106,15.0
epig,22,3,0.24969359769698057,24.0
epig,22,4,1.7780656041793503,43.5
epig,22,5,0.25202090149163825,33.0
epig,22,6,0.08598091648039367,15.0
epig,22,7,0.040115809291471585,12.0
epig,22,8,0.18891540338040985,33.0
epig,22,9,0.024966350113714664,4.0
epig,22,10,0.08661910212126091,6.0
epig,22,11,0.05254176585617768,14.0
maxent,22,0,0.031486192166688964,0.0
maxent,22,1,3.0835745390793563,239.0
maxent,22,2,0.061591328440035106,0.0
maxent,22,3,0.24969359769698057,0.0
maxent,22,4,1.7780656041793503,1.0
maxent,22,5,0.25202090149163825,0.0
maxent,22,6,0.08598091648039367,0.0
maxent,22,7,0.040115809291471585,0.0
maxent,22,8,0.18891540338040985,0.0
maxent,22,9,0.024966350113714664,0.0
maxent,22,10,0.08661910212126091,0.0
maxent,22,11,0.05254176585617768,0.0
d-optimality,22,0,0.031486192166688964,0.0
d-optimality,22,1,3.0835745390793563,38.0
d-optimality,22,2,0.061591328440035106,16.0
d-optimality,22,3,0.24969359769698057,27.0
d-optimality,22,4,1.7780656041793503,38.0
d-optimality,22,5,0.25202090149163825,36.0
d-optimality,22,6,0.08598091648039367,14.0
d-optimality,22,7,0.040115809291471585,12.0
d-optimality,22,8,0.18891540338040985,31.0
d-optimality,22,9,0.024966350113714664,5.0
d-optimality,22,10,0.08661910212126091,8.0
d-optimality,22,11,0.05254176585617768,15.0
neyman,22,0,0.031486192166688964,8.0
neyman,22,1,3.0835745390793563,64.0
neyman,22,2,0.061591328440035106,12.0
neyman,22,3,0.24969359769698057,16.0
neyman,22,4,1.7780656041793503,54.0
neyman,22,5,0.25202090149163825,19.0
neyman,22,6,0.08598091648039367,10.0
neyman,22,7,0.040115809291471585,9.0
neyman,22,8,0.18891540338040985,20.0
neyman,22,9,0.024966350113714664,9.0
neyman,22,10,0.08661910212126091,9.0
neyman,22,11,0.05254176585617768,10.0
predictive-variance,22,0,0.031486192166688964,0.0
predictive-variance,22,1,3.0835745390793563,160.0
predictive-variance,22,2,0.061591328440035106,0.0
predictive-variance,22,3,0.24969359769698057,0.0
predictive-variance,22,4,1.7780656041793503,40.0
predictive-variance,22,5,0.25202090149163825,40.0
predictive-variance,22,6,0.08598091648039367,0.0
predictive-variance,22,7,0.040115809291471585,0.0
predictive-variance,22,8,0.18891540338040985,0.0
predictive-variance,22,9,0.024966350113714664,0.0
predictive-variance,22,10,0.08661910212126091,0.0
predictive-variance,22,11,0.05254176585617768,0.0
epistemic,22,0,0.031486192166688964,0.0
epistemic,22,1,3.0835745390793563,80.0
epistemic,22,2,0.061591328440035106,0.0
epistemic,22,3,0.24969359769698057,0.0
epistemic,22,4,1.7780656041793503,80.0
epistemic,22,5,0.25202090149163825,40.0
epistemic,22,6,0.08598091648039367,0.0
epistemic,22,7,0.040115809291471585,0.0
epistemic,22,8,0.18891540338040985,40.0
epistemic,22,9,0.024966350113714664,0.0
epistemic,22,10,0.08661910212126091,0.0
epistemic,22,11,0.05254176585617768,0.0
thompson,22,0,0.031486192166688964,0.0
thompson,22,1,3.0835745390793563,200.0
thompson,22,2,0.061591328440035106,0.0
thompson,22,3,0.24969359769698057,0.0
thompson,22,4,1.7780656041793503,40.0
thompson,22,5,0.25202090149163825,0.0
thompson,22,6,0.08598091648039367,0.0
thompson,22,7,0.040115809291471585,0.0
thompson,22,8,0.18891540338040985,0.0
thompson,22,9,0.024966350113714664,0.0
thompson,22,10,0.08661910212126091,0.0
thompson,22,11,0.05254176585617768,0.0
uniform,22,0,0.031486192166688964,20.0
uniform,22,1,3.0835745390793563,20.0
uniform,22,2,0.061591328440035106,20.0
uniform,22,3,0.24969359769698057,20.0
uniform,22,4,1.7780656041793503,20.0
uniform,22,5,0.25202090149163825,20.0
uniform,22,6,0.08598091648039367,20.0
uniform,22,7,0.040115809291471585,20.0
uniform,22,8,0.18891540338040985,20.0
uniform,22,9,0.024966350113714664,20.0
uniform,22,10,0.08661910212126091,20.0
uniform,22,11,0.05254176585617768,20.0
random,22,0,0.031486192166688964,41.0
random,22,1,3.0835745390793563,26.0
random,22,2,0.061591328440035106,0.0
random,22,3,0.24969359769698057,11.0
random,22,4,1.7780656041793503,21.0
random,22,5,0.25202090149163825,17.5
random,22,6,0.08598091648039367,50.0
random,22,7,0.040115809291471585,12.5
random,22,8,0.18891540338040985,25.0
random,22,9,0.024966350113714664,20.0
random,22,10,0.08661910212126091,1.0
random,22,11,0.05254176585617768,15.0
eig@gamma-poisson,22,0,0.031486192166688964,0.0
eig@gamma-poisson,22,1,3.0835745390793563,36.0
eig@gamma-poisson,22,2,0.061591328440035106,27.0
eig@gamma-poisson,22,3,0.24969359769698057,14.0
eig@gamma-poisson,22,4,1.7780656041793503,35.0
eig@gamma-poisson,22,5,0.25202090149163825,34.0
eig@gamma-poisson,22,6,0.08598091648039367,18.0
eig@gamma-poisson,22,7,0.040115809291471585,12.0
eig@gamma-poisson,22,8,0.18891540338040985,31.0
eig@gamma-poisson,22,9,0.024966350113714664,3.0
eig@gamma-poisson,22,10,0.08661910212126091,11.0
eig@gamma-poisson,22,11,0.05254176585617768,19.0
maxent@gamma-poisson,22,0,0.031486192166688964,0.0
maxent@gamma-poisson,22,1,3.0835745390793563,239.0
maxent@gamma-poisson,22,2,0.061591328440035106,0.0
maxent@gamma-poisson,22,3,0.24969359769698057,0.0
maxent@gamma-poisson,22,4,1.7780656041793503,1.0
maxent@gamma-poisson,22,5,0.25202090149163825,0.0
maxent@gamma-poisson,22,6,0.08598091648039367,0.0
maxent@gamma-poisson,22,7,0.040115809291471585,0.0
maxent@gamma-poisson,22,8,0.18891540338040985,0.0
maxent@gamma-poisson,22,9,0.024966350113714664,0.0
maxent@gamma-poisson,22,10,0.08661910212126091,0.0
maxent@gamma-poisson,22,11,0.05254176585617768,0.0
d-optimality@gamma-poisson,22,0,0.031486192166688964,0.0
d-optimality@gamma-poisson,22,1,3.0835745390793563,32.0
d-optimality@gamma-poisson,22,2,0.061591328440035106,27.0
d-optimality@gamma-poisson,22,3,0.24969359769698057,12.0
d-optimality@gamma-poisson,22,4,1.7780656041793503,32.0
d-optimality@gamma-poisson,22,5,0.25202090149163825,31.0
d-optimality@gamma-poisson,22,6,0.08598091648039367,23.0
d-optimality@gamma-poisson,22,7,0.040115809291471585,17.0
d-optimality@gamma-poisson,22,8,0.18891540338040985,29.0
d-optimality@gamma-poisson,22,9,0.024966350113714664,3.0
d-optimality@gamma-poisson,22,10,0.08661910212126091,11.0
d-optimality@gamma-poisson,22,11,0.05254176585617768,23.0
neyman@gamma-poisson,22,0,0.031486192166688964,8.0
neyman@gamma-poisson,22,1,3.0835745390793563,64.0
neyman@gamma-poisson,22,2,0.061591328440035106,11.0
neyman@gamma-poisson,22,3,0.24969359769698057,16.0
neyman@gamma-poisson,22,4,1.7780656041793503,54.0
neyman@gamma-poisson,22,5,0.25202090149163825,20.0
neyman@gamma-poisson,22,6,0.08598091648039367,10.0
neyman@gamma-poisson,22,7,0.040115809291471585,9.0
neyman@gamma-poisson,22,8,0.18891540338040985,21.0
neyman@gamma-poisson,22,9,0.024966350113714664,9.0
neyman@gamma-poisson,22,10,0.08661910212126091,9.0
neyman@gamma-poisson,22,11,0.05254176585617768,9.0
predictive-variance@gamma-poisson,22,0,0.031486192166688964,0.0
predictive-variance@gamma-poisson,22,1,3.0835745390793563,160.0
predictive-variance@gamma-poisson,22,2,0.061591328440035106,0.0
predictive-variance@gamma-poisson,22,3,0.24969359769698057,0.0
predictive-variance@gamma-poisson,22,4,1.7780656041793503,40.0
predictive-variance@gamma-poisson,22,5,0.25202090149163825,40.0
predictive-variance@gamma-poisson,22,6,0.08598091648039367,0.0
predictive-variance@gamma-poisson,22,7,0.040115809291471585,0.0
predictive-variance@gamma-poisson,22,8,0.18891540338040985,0.0
predictive-variance@gamma-poisson,22,9,0.024966350113714664,0.0
predictive-variance@gamma-poisson,22,10,0.08661910212126091,0.0
predictive-variance@gamma-poisson,22,11,0.05254176585617768,0.0
epistemic@gamma-poisson,22,0,0.031486192166688964,0.0
epistemic@gamma-poisson,22,1,3.0835745390793563,80.0
epistemic@gamma-poisson,22,2,0.061591328440035106,0.0
epistemic@gamma-poisson,22,3,0.24969359769698057,0.0
epistemic@gamma-poisson,22,4,1.7780656041793503,80.0
epistemic@gamma-poisson,22,5,0.25202090149163825,40.0
epistemic@gamma-poisson,22,6,0.08598091648039367,0.0
epistemic@gamma-poisson,22,7,0.040115809291471585,0.0
epistemic@gamma-poisson,22,8,0.18891540338040985,40.0
epistemic@gamma-poisson,22,9,0.024966350113714664,0.0
epistemic@gamma-poisson,22,10,0.08661910212126091,0.0
epistemic@gamma-poisson,22,11,0.05254176585617768,0.0
thompson@gamma-poisson,22,0,0.031486192166688964,0.0
thompson@gamma-poisson,22,1,3.0835745390793563,160.0
thompson@gamma-poisson,22,2,0.061591328440035106,0.0
thompson@gamma-poisson,22,3,0.24969359769698057,0.0
thompson@gamma-poisson,22,4,1.7780656041793503,40.0
thompson@gamma-poisson,22,5,0.25202090149163825,40.0
thompson@gamma-poisson,22,6,0.08598091648039367,0.0
thompson@gamma-poisson,22,7,0.040115809291471585,0.0
thompson@gamma-poisson,22,8,0.18891540338040985,0.0
thompson@gamma-poisson,22,9,0.024966350113714664,0.0
thompson@gamma-poisson,22,10,0.08661910212126091,0.0
thompson@gamma-poisson,22,11,0.05254176585617768,0.0
epig@gamma-poisson,22,0,0.031486192166688964,0.0
epig@gamma-poisson,22,1,3.0835745390793563,32.5
epig@gamma-poisson,22,2,0.061591328440035106,24.0
epig@gamma-poisson,22,3,0.24969359769698057,10.0
epig@gamma-poisson,22,4,1.7780656041793503,38.0
epig@gamma-poisson,22,5,0.25202090149163825,30.0
epig@gamma-poisson,22,6,0.08598091648039367,22.0
epig@gamma-poisson,22,7,0.040115809291471585,20.0
epig@gamma-poisson,22,8,0.18891540338040985,31.0
epig@gamma-poisson,22,9,0.024966350113714664,3.0
epig@gamma-poisson,22,10,0.08661910212126091,8.0
epig@gamma-poisson,22,11,0.05254176585617768,21.0
eig@lognormal-poisson,22,0,0.031486192166688964,0.0
eig@lognormal-poisson,22,1,3.0835745390793563,43.0
eig@lognormal-poisson,22,2,0.061591328440035106,19.0
eig@lognormal-poisson,22,3,0.24969359769698057,31.0
eig@lognormal-poisson,22,4,1.7780656041793503,42.0
eig@lognormal-poisson,22,5,0.25202090149163825,39.0
eig@lognormal-poisson,22,6,0.08598091648039367,10.0
eig@lognormal-poisson,22,7,0.040115809291471585,6.0
eig@lognormal-poisson,22,8,0.18891540338040985,32.0
eig@lognormal-poisson,22,9,0.024966350113714664,1.0
eig@lognormal-poisson,22,10,0.08661910212126091,6.0
eig@lognormal-poisson,22,11,0.05254176585617768,11.0
maxent@lognormal-poisson,22,0,0.031486192166688964,0.0
maxent@lognormal-poisson,22,1,3.0835745390793563,239.0
maxent@lognormal-poisson,22,2,0.061591328440035106,0.0
maxent@lognormal-poisson,22,3,0.24969359769698057,0.0
maxent@lognormal-poisson,22,4,1.7780656041793503,1.0
maxent@lognormal-poisson,22,5,0.25202090149163825,0.0
maxent@lognormal-poisson,22,6,0.08598091648039367,0.0
maxent@lognormal-poisson,22,7,0.040115809291471585,0.0
maxent@lognormal-poisson,22,8,0.18891540338040985,0.0
maxent@lognormal-poisson,22,9,0.024966350113714664,0.0
maxent@lognormal-poisson,22,10,0.08661910212126091,0.0
maxent@lognormal-poisson,22,11,0.05254176585617768,0.0
d-optimality@lognormal-poisson,22,0,0.031486192166688964,0.0
d-optimality@lognormal-poisson,22,1,3.0835745390793563,39.0
d-optimality@lognormal-poisson,22,2,0.061591328440035106,19.0
d-optimality@lognormal-poisson,22,3,0.24969359769698057,29.0
d-optimality@lognormal-poisson,22,4,1.7780656041793503,38.0
d-optimality@lognormal-poisson,22,5,0.25202090149163825,35.0
d-optimality@lognormal-poisson,22,6,0.08598091648039367,14.0
d-optimality@lognormal-poisson,22,7,0.040115809291471585,10.0
d-optimality@lognormal-poisson,22,8,0.18891540338040985,30.0
d-optimality@lognormal-poisson,22,9,0.024966350113714664,4.0
d-optimality@lognormal-poisson,22,10,0.08661910212126091,8.0
d-optimality@lognormal-poisson,22,11,0.05254176585617768,14.0
neyman@lognormal-poisson,22,0,0.031486192166688964,8.0
neyman@lognormal-poisson,22,1,3.0835745390793563,63.0
neyman@lognormal-poisson,22,2,0.061591328440035106,12.0
neyman@lognormal-poisson,22,3,0.24969359769698057,16.0
neyman@lognormal-poisson,22,4,1.7780656041793503,54.0
neyman@lognormal-poisson,22,5,0.25202090149163825,20.0
neyman@lognormal-poisson,22,6,0.08598091648039367,10.0
neyman@lognormal-poisson,22,7,0.040115809291471585,9.0
neyman@lognormal-poisson,22,8,0.18891540338040985,20.0
neyman@lognormal-poisson,22,9,0.024966350113714664,9.0
neyman@lognormal-poisson,22,10,0.08661910212126091,9.0
neyman@lognormal-poisson,22,11,0.05254176585617768,10.0
predictive-variance@lognormal-poisson,22,0,0.031486192166688964,0.0
predictive-variance@lognormal-poisson,22,1,3.0835745390793563,160.0
predictive-variance@lognormal-poisson,22,2,0.061591328440035106,0.0
predictive-variance@lognormal-poisson,22,3,0.24969359769698057,0.0
predictive-variance@lognormal-poisson,22,4,1.7780656041793503,40.0
predictive-variance@lognormal-poisson,22,5,0.25202090149163825,40.0
predictive-variance@lognormal-poisson,22,6,0.08598091648039367,0.0
predictive-variance@lognormal-poisson,22,7,0.040115809291471585,0.0
predictive-variance@lognormal-poisson,22,8,0.18891540338040985,0.0
predictive-variance@lognormal-poisson,22,9,0.024966350113714664,0.0
predictive-variance@lognormal-poisson,22,10,0.08661910212126091,0.0
predictive-variance@lognormal-poisson,22,11,0.05254176585617768,0.0
epistemic@lognormal-poisson,22,0,0.031486192166688964,0.0
epistemic@lognormal-poisson,22,1,3.0835745390793563,80.0
epistemic@lognormal-poisson,22,2,0.061591328440035106,0.0
epistemic@lognormal-poisson,22,3,0.24969359769698057,0.0
epistemic@lognormal-poisson,22,4,1.7780656041793503,80.0
epistemic@lognormal-poisson,22,5,0.25202090149163825,40.0
epistemic@lognormal-poisson,22,6,0.08598091648039367,0.0
epistemic@lognormal-poisson,22,7,0.040115809291471585,0.0
epistemic@lognormal-poisson,22,8,0.18891540338040985,40.0
epistemic@lognormal-poisson,22,9,0.024966350113714664,0.0
epistemic@lognormal-poisson,22,10,0.08661910212126091,0.0
epistemic@lognormal-poisson,22,11,0.05254176585617768,0.0
thompson@lognormal-poisson,22,0,0.031486192166688964,0.0
thompson@lognormal-poisson,22,1,3.0835745390793563,0.0
thompson@lognormal-poisson,22,2,0.061591328440035106,0.0
thompson@lognormal-poisson,22,3,0.24969359769698057,0.0
thompson@lognormal-poisson,22,4,1.7780656041793503,240.0
thompson@lognormal-poisson,22,5,0.25202090149163825,0.0
thompson@lognormal-poisson,22,6,0.08598091648039367,0.0
thompson@lognormal-poisson,22,7,0.040115809291471585,0.0
thompson@lognormal-poisson,22,8,0.18891540338040985,0.0
thompson@lognormal-poisson,22,9,0.024966350113714664,0.0
thompson@lognormal-poisson,22,10,0.08661910212126091,0.0
thompson@lognormal-poisson,22,11,0.05254176585617768,0.0
eig,23,0,0.2807080667437989,9.0
eig,23,1,0.16240584758162782,22.0
eig,23,2,0.1444346531235006,18.0
eig,23,3,0.3965373348645353,30.0
eig,23,4,0.1174816160966806,22.0
eig,23,5,0.40938980877730935,21.0
eig,23,6,0.045266202478729846,11.0
eig,23,7,0.5021864730121567,4.0
eig,23,8,0.6185256455967052,33.0
eig,23,9,0.13190038819583758,13.0
eig,23,10,0.7119294257355013,33.0
eig,23,11,0.38145929333795753,24.0
epig,23,0,0.2807080667437989,10.0
epig,23,1,0.16240584758162782,21.0
epig,23,2,0.1444346531235006,18.0
epig,23,3,0.3965373348645353,30.0
epig,23,4,0.1174816160966806,17.0
epig,23,5,0.40938980877730935,21.0
epig,23,6,0.045266202478729846,13.0
epig,23,7,0.5021864730121567,17.0
epig,23,8,0.6185256455967052,29.0
epig,23,9,0.13190038819583758,12.0
epig,23,10,0.7119294257355013,28.0
epig,23,11,0.38145929333795753,24.0
maxent,23,0,0.2807080667437989,0.0
maxent,23,1,0.16240584758162782,0.0
maxent,23,2,0.1444346531235006,0.0
maxent,23,3,0.3965373348645353,5.0
maxent,23,4,0.1174816160966806,0.0
maxent,23,5,0.40938980877730935,0.0
maxent,23,6,0.045266202478729846,0.0
maxent,23,7,0.5021864730121567,0.0
maxent,23,8,0.6185256455967052,234.0
maxent,23,9,0.13190038819583758,0.0
maxent,23,10,0.7119294257355013,1.0
maxent,23,11,0.38145929333795753,0.0
d-optimality,23,0,0.2807080667437989,9.0
d-optimality,23,1,0.16240584758162782,20.0
d-optimality,23,2,0.1444346531235006,19.0
d-optimality,23,3,0.3965373348645353,26.0
d-optimality,23,4,0.1174816160966806,21.0
d-optimality,23,5,0.40938980877730935,21.0
d-optimality,23,6,0.045266202478729846,14.0
d-optimality,23,7,0.5021864730121567,17.0
d-optimality,23,8,0.6185256455967052,29.0
d-optimality,23,9,0.13190038819583758,14.0
d-optimality,23,10,0.7119294257355013,29.0
d-optimality,23,11,0.38145929333795753,21.0
neyman,23,0,0.2807080667437989,14.0
neyman,23,1,0.16240584758162782,16.0
neyman,23,2,0.1444346531235006,10.0
neyman,23,3,0.3965373348645353,32.0
neyman,23,4,0.1174816160966806,15.0
neyman,23,5,0.40938980877730935,18.0
neyman,23,6,0.045266202478729846,11.0
neyman,23,7,0.5021864730121567,18.0
neyman,23,8,0.6185256455967052,34.0
neyman,23,9,0.13190038819583758,12.0
neyman,23,10,0.7119294257355013,34.0
neyman,23,11,0.38145929333795753,26.0
predictive-variance,23,0,0.2807080667437989,0.0
predictive-variance,23,1,0.16240584758162782,0.0
predictive-variance,23,2,0.1444346531235006,0.0
predictive-variance,23,3,0.3965373348645353,40.0
predictive-variance,23,4,0.1174816160966806,40.0
predictive-variance,23,5,0.40938980877730935,40.0
predictive-variance,23,6,0.045266202478729846,0.0
predictive-variance,23,7,0.5021864730121567,0.0
predictive-variance,23,8,0.6185256455967052,40.0
predictive-variance,23,9,0.13190038819583758,40.0
predictive-variance,23,10,0.7119294257355013,40.0
predictive-variance,23,11,0.38145929333795753,0.0
epistemic,23,0,0.2807080667437989,0.0
epistemic,23,1,0.16240584758162782,0.0
epistemic,23,2,0.1444346531235006,0.0
epistemic,23,3,0.3965373348645353,40.0
epistemic,23,4,0.1174816160966806,40.0
epistemic,23,5,0.40938980877730935,40.0
epistemic,23,6,0.045266202478729846,0.0
epistemic,23,7,0.5021864730121567,0.0
epistemic,23,8,0.6185256455967052,40.0
epistemic,23,9,0.13190038819583758,40.0
epistemic,23,10,0.7119294257355013,40.0
epistemic,23,11,0.38145929333795753,0.0
thompson,23,0,0.2807080667437989,0.0
thompson,23,1,0.16240584758162782,40.0
thompson,23,2,0.1444346531235006,0.0
thompson,23,3,0.3965373348645353,40.0
thompson,23,4,0.1174816160966806,0.0
thompson,23,5,0.40938980877730935,40.0
thompson,23,6,0.045266202478729846,0.0
thompson,23,7,0.5021864730121567,0.0
thompson,23,8,0.6185256455967052,80.0
thompson,23,9,0.13190038819583758,40.0
thompson,23,10,0.7119294257355013,0.0
thompson,23,11,0.38145929333795753,0.0
uniform,23,0,0.2807080667437989,20.0
uniform,23,1,0.16240584758162782,20.0
uniform,23,2,0.1444346531235006,20.0
uniform,23,3,0.3965373348645353,20.0
uniform,23,4,0.1174816160966806,20.0
uniform,23,5,0.40938980877730935,20.0
uniform,23,6,0.045266202478729846,20.0
uniform,23,7,0.5021864730121567,20.0
uniform,23,8,0.6185256455967052,20.0
uniform,23,9,0.13190038819583758,20.0
uniform,23,10,0.7119294257355013,20.0
uniform,23,11,0.38145929333795753,20.0
random,23,0,0.2807080667437989,43.5
random,23,1,0.16240584758162782,60.0
random,23,2,0.1444346531235006,42.5
random,23,3,0.3965373348645353,0.0
random,23,4,0.1174816160966806,30.0
random,23,5,0.40938980877730935,30.0
random,23,6,0.045266202478729846,2.0
random,23,7,0.5021864730121567,3.5
random,23,8,0.6185256455967052,0.0
random,23,9,0.13190038819583758,8.0
random,23,10,0.7119294257355013,5.0
random,23,11,0.38145929333795753,15.0
eig@gamma-poisson,23,0,0.2807080667437989,14.0
eig@gamma-poisson,23,1,0.16240584758162782,17.0
eig@gamma-poisson,23,2,0.1444346531235006,23.0
eig@gamma-poisson,23,3,0.3965373348645353,28.0
eig@gamma-poisson,23,4,0.1174816160966806,23.0
eig@gamma-poisson,23,5,0.40938980877730935,26.0
eig@gamma-poisson,23,6,0.045266202478729846,17.0
eig@gamma-poisson,23,7,0.5021864730121567,0.0
eig@gamma-poisson,23,8,0.6185256455967052,29.0
eig@gamma-poisson,23,9,0.13190038819583758,24.0
eig@gamma-poisson,23,10,0.7119294257355013,27.0
eig@gamma-poisson,23,11,0.38145929333795753,12.0
maxent@gamma-poisson,23,0,0.2807080667437989,0.0
maxent@gamma-poisson,23,1,0.16240584758162782,0.0
maxent@gamma-poisson,23,2,0.1444346531235006,0.0
maxent@gamma-poisson,23,3,0.3965373348645353,4.0
maxent@gamma-poisson,23,4,0.1174816160966806,0.0
maxent@gamma-poisson,23,5,0.40938980877730935,0.0
maxent@gamma-poisson,23,6,0.045266202478729846,0.0
maxent@gamma-poisson,23,7,0.5021864730121567,0.0
maxent@gamma-poisson,23,8,0.6185256455967052,235.0
maxent@gamma-poisson,23,9,0.13190038819583758,0.0
maxent@gamma-poisson,23,10,0.7119294257355013,1.0
maxent@gamma-poisson,23,11,0.38145929333795753,0.0
d-optimality@gamma-poisson,23,0,0.2807080667437989,14.0
d-optimality@gamma-poisson,23,1,0.16240584758162782,16.0
d-optimality@gamma-poisson,23,2,0.1444346531235006,23.0
d-optimality@gamma-poisson,23,3,0.3965373348645353,27.0
d-optimality@gamma-poisson,23,4,0.1174816160966806,22.0
d-optimality@gamma-poisson,23,5,0.40938980877730935,25.0
d-optimality@gamma-poisson,23,6,0.045266202478729846,24.0
d-optimality@gamma-poisson,23,7,0.5021864730121567,2.0
d-optimality@gamma-poisson,23,8,0.6185256455967052,27.0
d-optimality@gamma-poisson,23,9,0.13190038819583758,24.0
d-optimality@gamma-poisson,23,10,0.7119294257355013,25.0
d-optimality@gamma-poisson,23,11,0.38145929333795753,11.0
neyman@gamma-poisson,23,0,0.2807080667437989,14.0
neyman@gamma-poisson,23,1,0.16240584758162782,17.0
neyman@gamma-poisson,23,2,0.1444346531235006,9.0
neyman@gamma-poisson,23,3,0.3965373348645353,32.0
neyman@gamma-poisson,23,4,0.1174816160966806,15.0
neyman@gamma-poisson,23,5,0.40938980877730935,19.0
neyman@gamma-poisson,23,6,0.045266202478729846,9.0
neyman@gamma-poisson,23,7,0.5021864730121567,18.0
neyman@gamma-poisson,23,8,0.6185256455967052,35.0
neyman@gamma-poisson,23,9,0.13190038819583758,11.0
neyman@gamma-poisson,23,10,0.7119294257355013,35.0
neyman@gamma-poisson,23,11,0.38145929333795753,26.0
predictive-variance@gamma-poisson,23,0,0.2807080667437989,0.0
predictive-variance@gamma-poisson,23,1,0.16240584758162782,0.0
predictive-variance@gamma-poisson,23,2,0.1444346531235006,0.0
predictive-variance@gamma-poisson,23,3,0.3965373348645353,40.0
predictive-variance@gamma-poisson,23,4,0.1174816160966806,40.0
predictive-variance@gamma-poisson,23,5,0.40938980877730935,40.0
predictive-variance@gamma-poisson,23,6,0.045266202478729846,0.0
predictive-variance@gamma-poisson,23,7,0.5021864730121567,0.0
predictive-variance@gamma-poisson,23,8,0.6185256455967052,40.0
predictive-variance@gamma-poisson,23,9,0.13190038819583758,40.0
predictive-variance@gamma-poisson,23,10,0.7119294257355013,40.0
predictive-variance@gamma-poisson,23,11,0.38145929333795753,0.0
epistemic@gamma-poisson,23,0,0.2807080667437989,0.0
epistemic@gamma-poisson,23,1,0.16240584758162782,0.0
epistemic@gamma-poisson,23,2,0.1444346531235006,0.0
epistemic@gamma-poisson,23,3,0.3965373348645353,40.0
epistemic@gamma-poisson,23,4,0.1174816160966806,40.0
epistemic@gamma-poisson,23,5,0.40938980877730935,40.0
epistemic@gamma-poisson,23,6,0.045266202478729846,0.0
epistemic@gamma-poisson,23,7,0.5021864730121567,0.0
epistemic@gamma-poisson,23,8,0.6185256455967052,40.0
epistemic@gamma-poisson,23,9,0.13190038819583758,40.0
epistemic@gamma-poisson,23,10,0.7119294257355013,40.0
epistemic@gamma-poisson,23,11,0.38145929333795753,0.0
thompson@gamma-poisson,23,0,0.2807080667437989,0.0
thompson@gamma-poisson,23,1,0.16240584758162782,0.0
thompson@gamma-poisson,23,2,0.1444346531235006,0.0
thompson@gamma-poisson,23,3,0.3965373348645353,40.0
thompson@gamma-poisson,23,4,0.1174816160966806,0.0
thompson@gamma-poisson,23,5,0.40938980877730935,40.0
thompson@gamma-poisson,23,6,0.045266202478729846,0.0
thompson@gamma-poisson,23,7,0.5021864730121567,0.0
thompson@gamma-poisson,23,8,0.6185256455967052,40.0
thompson@gamma-poisson,23,9,0.13190038819583758,0.0
thompson@gamma-poisson,23,10,0.7119294257355013,120.0
thompson@gamma-poisson,23,11,0.38145929333795753,0.0
epig@gamma-poisson,23,0,0.2807080667437989,15.0
epig@gamma-poisson,23,1,0.16240584758162782,17.0
epig@gamma-poisson,23,2,0.1444346531235006,23.0
epig@gamma-poisson,23,3,0.3965373348645353,30.0
epig@gamma-poisson,23,4,0.1174816160966806,19.0
epig@gamma-poisson,23,5,0.40938980877730935,26.0
epig@gamma-poisson,23,6,0.045266202478729846,19.0
epig@gamma-poisson,23,7,0.5021864730121567,3.0
epig@gamma-poisson,23,8,0.6185256455967052,27.0
epig@gamma-poisson,23,9,0.13190038819583758,23.0
epig@gamma-poisson,23,10,0.7119294257355013,24.0
epig@gamma-poisson,23,11,0.38145929333795753,14.0
eig@lognormal-poisson,23,0,0.2807080667437989,9.0
eig@lognormal-poisson,23,1,0.16240584758162782,17.0
eig@lognormal-poisson,23,2,0.1444346531235006,19.0
eig@lognormal-poisson,23,3,0.3965373348645353,32.0
eig@lognormal-poisson,23,4,0.1174816160966806,22.0
eig@lognormal-poisson,23,5,0.40938980877730935,23.0
eig@lognormal-poisson,23,6,0.045266202478729846,13.0
eig@lognormal-poisson,23,7,0.5021864730121567,0.0
eig@lognormal-poisson,23,8,0.6185256455967052,33.0
eig@lognormal-poisson,23,9,0.13190038819583758,15.0
eig@lognormal-poisson,23,10,0.7119294257355013,32.0
eig@lognormal-poisson,23,11,0.38145929333795753,25.0
maxent@lognormal-poisson,23,0,0.2807080667437989,0.0
maxent@lognormal-poisson,23,1,0.16240584758162782,0.0
maxent@lognormal-poisson,23,2,0.1444346531235006,0.0
maxent@lognormal-poisson,23,3,0.3965373348645353,5.0
maxent@lognormal-poisson,23,4,0.1174816160966806,0.0
maxent@lognormal-poisson,23,5,0.40938980877730935,0.0
maxent@lognormal-poisson,23,6,0.045266202478729846,0.0
maxent@lognormal-poisson,23,7,0.5021864730121567,0.0
maxent@lognormal-poisson,23,8,0.6185256455967052,234.0
maxent@lognormal-poisson,23,9,0.13190038819583758,0.0
maxent@lognormal-poisson,23,10,0.7119294257355013,1.0
maxent@lognormal-poisson,23,11,0.38145929333795753,0.0
d-optimality@lognormal-poisson,23,0,0.2807080667437989,9.0
d-optimality@lognormal-poisson,23,1,0.16240584758162782,16.0
d-optimality@lognormal-poisson,23,2,0.1444346531235006,18.0
d-optimality@lognormal-poisson,23,3,0.3965373348645353,27.0
d-optimality@lognormal-poisson,23,4,0.1174816160966806,20.0
d-optimality@lognormal-poisson,23,5,0.40938980877730935,22.0
d-optimality@lognormal-poisson,23,6,0.045266202478729846,15.0
d-optimality@lognormal-poisson,23,7,0.5021864730121567,18.0
d-optimality@lognormal-poisson,23,8,0.6185256455967052,29.0
d-optimality@lognormal-poisson,23,9,0.13190038819583758,15.0
d-optimality@lognormal-poisson,23,10,0.7119294257355013,28.0
d-optimality@lognormal-poisson,23,11,0.38145929333795753,23.0
neyman@lognormal-poisson,23,0,0.2807080667437989,14.0
neyman@lognormal-poisson,23,1,0.16240584758162782,16.0
neyman@lognormal-poisson,23,2,0.1444346531235006,11.0
neyman@lognormal-poisson,23,3,0.3965373348645353,32.0
neyman@lognormal-poisson,23,4,0.1174816160966806,15.0
neyman@lognormal-poisson,23,5,0.40938980877730935,19.0
neyman@lognormal-poisson,23,6,0.045266202478729846,11.0
neyman@lognormal-poisson,23,7,0.5021864730121567,17.0
neyman@lognormal-poisson,23,8,0.6185256455967052,34.0
neyman@lognormal-poisson,23,9,0.13190038819583758,12.0
neyman@lognormal-poisson,23,10,0.7119294257355013,34.0
neyman@lognormal-poisson,23,11,0.38145929333795753,25.0
predictive-variance@lognormal-poisson,23,0,0.2807080667437989,0.0
predictive-variance@lognormal-poisson,23,1,0.16240584758162782,0.0
predictive-variance@lognormal-poisson,23,2,0.1444346531235006,0.0
predictive-variance@lognormal-poisson,23,3,0.3965373348645353,40.0
predictive-variance@lognormal-poisson,23,4,0.1174816160966806,40.0
predictive-variance@lognormal-poisson,23,5,0.40938980877730935,40.0
predictive-variance@lognormal-poisson,23,6,0.045266202478729846,0.0
predictive-variance@lognormal-poisson,23,7,0.5021864730121567,0.0
predictive-variance@lognormal-poisson,23,8,0.6185256455967052,40.0
predictive-variance@lognormal-poisson,23,9,0.13190038819583758,40.0
predictive-variance@lognormal-poisson,23,10,0.7119294257355013,40.0
predictive-variance@lognormal-poisson,23,11,0.38145929333795753,0.0
epistemic@lognormal-poisson,23,0,0.2807080667437989,0.0
epistemic@lognormal-poisson,23,1,0.16240584758162782,0.0
epistemic@lognormal-poisson,23,2,0.1444346531235006,0.0
epistemic@lognormal-poisson,23,3,0.3965373348645353,40.0
epistemic@lognormal-poisson,23,4,0.1174816160966806,40.0
epistemic@lognormal-poisson,23,5,0.40938980877730935,40.0
epistemic@lognormal-poisson,23,6,0.045266202478729846,0.0
epistemic@lognormal-poisson,23,7,0.5021864730121567,0.0
epistemic@lognormal-poisson,23,8,0.6185256455967052,40.0
epistemic@lognormal-poisson,23,9,0.13190038819583758,40.0
epistemic@lognormal-poisson,23,10,0.7119294257355013,40.0
epistemic@lognormal-poisson,23,11,0.38145929333795753,0.0
thompson@lognormal-poisson,23,0,0.2807080667437989,0.0
thompson@lognormal-poisson,23,1,0.16240584758162782,0.0
thompson@lognormal-poisson,23,2,0.1444346531235006,0.0
thompson@lognormal-poisson,23,3,0.3965373348645353,40.0
thompson@lognormal-poisson,23,4,0.1174816160966806,0.0
thompson@lognormal-poisson,23,5,0.40938980877730935,40.0
thompson@lognormal-poisson,23,6,0.045266202478729846,0.0
thompson@lognormal-poisson,23,7,0.5021864730121567,0.0
thompson@lognormal-poisson,23,8,0.6185256455967052,120.0
thompson@lognormal-poisson,23,9,0.13190038819583758,40.0
thompson@lognormal-poisson,23,10,0.7119294257355013,0.0
thompson@lognormal-poisson,23,11,0.38145929333795753,0.0
eig,24,0,0.04202309920587816,22.0
eig,24,1,0.04200984797220097,0.0
eig,24,2,1.3208254566517497,32.0
eig,24,3,0.17767440229783943,19.0
eig,24,4,0.5498527924643379,22.0
eig,24,5,0.16198874187635479,23.0
eig,24,6,0.1906515625486192,13.0
eig,24,7,0.7391477535510542,31.0
eig,24,8,0.6140007551868673,31.0
eig,24,9,0.04729246573731356,12.0
eig,24,10,0.05757214573403581,18.0
eig,24,11,0.18798647941153454,17.0
epig,24,0,0.04202309920587816,22.0
epig,24,1,0.04200984797220097,0.0
epig,24,2,1.3208254566517497,31.0
epig,24,3,0.17767440229783943,22.0
epig,24,4,0.5498527924643379,20.0
epig,24,5,0.16198874187635479,23.0
epig,24,6,0.1906515625486192,14.0
epig,24,7,0.7391477535510542,33.0
epig,24,8,0.6140007551868673,30.0
epig,24,9,0.04729246573731356,12.0
epig,24,10,0.05757214573403581,17.0
epig,24,11,0.18798647941153454,16.0
maxent,24,0,0.04202309920587816,0.0
maxent,24,1,0.04200984797220097,0.0
maxent,24,2,1.3208254566517497,234.0
maxent,24,3,0.17767440229783943,2.0
maxent,24,4,0.5498527924643379,2.0
maxent,24,5,0.16198874187635479,1.0
maxent,24,6,0.1906515625486192,0.0
maxent,24,7,0.7391477535510542,1.0
maxent,24,8,0.6140007551868673,0.0
maxent,24,9,0.04729246573731356,0.0
maxent,24,10,0.05757214573403581,0.0
maxent,24,11,0.18798647941153454,0.0
d-optimality,24,0,0.04202309920587816,23.0
d-optimality,24,1,0.04200984797220097,0.0
d-optimality,24,2,1.3208254566517497,30.0
d-optimality,24,3,0.17767440229783943,19.0
d-optimality,24,4,0.5498527924643379,20.0
d-optimality,24,5,0.16198874187635479,23.0
d-optimality,24,6,0.1906515625486192,15.0
d-optimality,24,7,0.7391477535510542,29.0
d-optimality,24,8,0.6140007551868673,29.0
d-optimality,24,9,0.04729246573731356,15.0
d-optimality,24,10,0.05757214573403581,19.0
d-optimality,24,11,0.18798647941153454,18.0
neyman,24,0,0.04202309920587816,14.0
neyman,24,1,0.04200984797220097,11.0
neyman,24,2,1.3208254566517497,47.0
neyman,24,3,0.17767440229783943,24.0
neyman,24,4,0.5498527924643379,20.0
neyman,24,5,0.16198874187635479,18.0
neyman,24,6,0.1906515625486192,12.0
neyman,24,7,0.7391477535510542,35.0
neyman,24,8,0.6140007551868673,24.0
neyman,24,9,0.04729246573731356,9.0
neyman,24,10,0.05757214573403581,12.0
neyman,24,11,0.18798647941153454,14.0
predictive-variance,24,0,0.04202309920587816,0.0
predictive-variance,24,1,0.04200984797220097,0.0
predictive-variance,24,2,1.3208254566517497,40.0
predictive-variance,24,3,0.17767440229783943,40.0
predictive-variance,24,4,0.5498527924643379,40.0
predictive-variance,24,5,0.16198874187635479,40.0
predictive-variance,24,6,0.1906515625486192,0.0
predictive-variance,24,7,0.7391477535510542,40.0
predictive-variance,24,8,0.6140007551868673,0.0
predictive-variance,24,9,0.04729246573731356,0.0
predictive-variance,24,10,0.05757214573403581,40.0
predictive-variance,24,11,0.18798647941153454,0.0
epistemic,24,0,0.04202309920587816,0.0
epistemic,24,1,0.04200984797220097,0.0
epistemic,24,2,1.3208254566517497,40.0
epistemic,24,3,0.17767440229783943,40.0
epistemic,24,4,0.5498527924643379,40.0
epistemic,24,5,0.16198874187635479,40.0
epistemic,24,6,0.1906515625486192,0.0
epistemic,24,7,0.7391477535510542,40.0
epistemic,24,8,0.6140007551868673,0.0
epistemic,24,9,0.04729246573731356,0.0
epistemic,24,10,0.05757214573403581,40.0
epistemic,24,11,0.18798647941153454,0.0
thompson,24,0,0.04202309920587816,0.0
thompson,24,1,0.04200984797220097,0.0
thompson,24,2,1.3208254566517497,160.0
thompson,24,3,0.17767440229783943,40.0
thompson,24,4,0.5498527924643379,0.0
thompson,24,5,0.16198874187635479,40.0
thompson,24,6,0.1906515625486192,0.0
thompson,24,7,0.7391477535510542,0.0
thompson,24,8,0.6140007551868673,0.0
thompson,24,9,0.04729246573731356,0.0
thompson,24,10,0.05757214573403581,0.0
thompson,24,11,0.18798647941153454,0.0
uniform,24,0,0.04202309920587816,20.0
uniform,24,1,0.04200984797220097,20.0
uniform,24,2,1.3208254566517497,20.0
uniform,24,3,0.17767440229783943,20.0
uniform,24,4,0.5498527924643379,20.0
uniform,24,5,0.16198874187635479,20.0
uniform,24,6,0.1906515625486192,20.0
uniform,24,7,0.7391477535510542,20.0
uniform,24,8,0.6140007551868673,20.0
uniform,24,9,0.04729246573731356,20.0
uniform,24,10,0.05757214573403581,20.0
uniform,24,11,0.18798647941153454,20.0
random,24,0,0.04202309920587816,0.0
random,24,1,0.04200984797220097,10.0
random,24,2,1.3208254566517497,0.0
random,24,3,0.17767440229783943,42.0
random,24,4,0.5498527924643379,50.0
random,24,5,0.16198874187635479,44.5
random,24,6,0.1906515625486192,1.0
random,24,7,0.7391477535510542,12.0
random,24,8,0.6140007551868673,0.0
random,24,9,0.04729246573731356,0.0
random,24,10,0.05757214573403581,80.0
random,24,11,0.18798647941153454,0.0
eig@gamma-poisson,24,0,0.04202309920587816,21.0
eig@gamma-poisson,24,1,0.04200984797220097,0.0
eig@gamma-poisson,24,2,1.3208254566517497,25.0
eig@gamma-poisson,24,3,0.17767440229783943,22.0
eig@gamma-poisson,24,4,0.5498527924643379,24.0
eig@gamma-poisson,24,5,0.16198874187635479,23.0
eig@gamma-poisson,24,6,0.1906515625486192,18.0
eig@gamma-poisson,24,7,0.7391477535510542,25.0
eig@gamma-poisson,24,8,0.6140007551868673,23.0
eig@gamma-poisson,24,9,0.04729246573731356,16.0
eig@gamma-poisson,24,10,0.05757214573403581,22.0
eig@gamma-poisson,24,11,0.18798647941153454,21.0
maxent@gamma-poisson,24,0,0.04202309920587816,0.0
maxent@gamma-poisson,24,1,0.04200984797220097,0.0
maxent@gamma-poisson,24,2,1.3208254566517497,233.0
maxent@gamma-poisson,24,3,0.17767440229783943,3.0
maxent@gamma-poisson,24,4,0.5498527924643379,2.0
maxent@gamma-poisson,24,5,0.16198874187635479,1.0
maxent@gamma-poisson,24,6,0.1906515625486192,0.0
maxent@gamma-poisson,24,7,0.7391477535510542,1.0
maxent@gamma-poisson,24,8,0.6140007551868673,0.0
maxent@gamma-poisson,24,9,0.04729246573731356,0.0
maxent@gamma-poisson,24,10,0.05757214573403581,0.0
maxent@gamma-poisson,24,11,0.18798647941153454,0.0
d-optimality@gamma-poisson,24,0,0.04202309920587816,21.0
d-optimality@gamma-poisson,24,1,0.04200984797220097,0.0
d-optimality@gamma-poisson,24,2,1.3208254566517497,23.0
d-optimality@gamma-poisson,24,3,0.17767440229783943,21.0
d-optimality@gamma-poisson,24,4,0.5498527924643379,23.0
d-optimality@gamma-poisson,24,5,0.16198874187635479,23.0
d-optimality@gamma-poisson,24,6,0.1906515625486192,21.0
d-optimality@gamma-poisson,24,7,0.7391477535510542,23.0
d-optimality@gamma-poisson,24,8,0.6140007551868673,21.0
d-optimality@gamma-poisson,24,9,0.04729246573731356,21.0
d-optimality@gamma-poisson,24,10,0.05757214573403581,22.0
d-optimality@gamma-poisson,24,11,0.18798647941153454,21.0
neyman@gamma-poisson,24,0,0.04202309920587816,16.0
neyman@gamma-poisson,24,1,0.04200984797220097,12.0
neyman@gamma-poisson,24,2,1.3208254566517497,50.0
neyman@gamma-poisson,24,3,0.17767440229783943,23.0
neyman@gamma-poisson,24,4,0.5498527924643379,19.0
neyman@gamma-poisson,24,5,0.16198874187635479,15.0
neyman@gamma-poisson,24,6,0.1906515625486192,10.0
neyman@gamma-poisson,24,7,0.7391477535510542,39.0
neyman@gamma-poisson,24,8,0.6140007551868673,26.0
neyman@gamma-poisson,24,9,0.04729246573731356,8.0
neyman@gamma-poisson,24,10,0.05757214573403581,8.0
neyman@gamma-poisson,24,11,0.18798647941153454,14.0
predictive-variance@gamma-poisson,24,0,0.04202309920587816,0.0
predictive-variance@gamma-poisson,24,1,0.04200984797220097,0.0
predictive-variance@gamma-poisson,24,2,1.3208254566517497,40.0
predictive-variance@gamma-poisson,24,3,0.17767440229783943,40.0
predictive-variance@gamma-poisson,24,4,0.5498527924643379,40.0
predictive-variance@gamma-poisson,24,5,0.16198874187635479,40.0
predictive-variance@gamma-poisson,24,6,0.1906515625486192,0.0
predictive-variance@gamma-poisson,24,7,0.7391477535510542,40.0
predictive-variance@gamma-poisson,24,8,0.6140007551868673,0.0
predictive-variance@gamma-poisson,24,9,0.04729246573731356,0.0
predictive-variance@gamma-poisson,24,10,0.05757214573403581,40.0
predictive-variance@gamma-poisson,24,11,0.18798647941153454,0.0
epistemic@gamma-poisson,24,0,0.04202309920587816,0.0
epistemic@gamma-poisson,24,1,0.04200984797220097,0.0
epistemic@gamma-poisson,24,2,1.3208254566517497,40.0
epistemic@gamma-poisson,24,3,0.17767440229783943,40.0
epistemic@gamma-poisson,24,4,0.5498527924643379,40.0
epistemic@gamma-poisson,24,5,0.16198874187635479,40.0
epistemic@gamma-poisson,24,6,0.1906515625486192,0.0
epistemic@gamma-poisson,24,7,0.7391477535510542,40.0
epistemic@gamma-poisson,24,8,0.6140007551868673,0.0
epistemic@gamma-poisson,24,9,0.04729246573731356,0.0
epistemic@gamma-poisson,24,10,0.05757214573403581,40.0
epistemic@gamma-poisson,24,11,0.18798647941153454,0.0
thompson@gamma-poisson,24,0,0.04202309920587816,0.0
thompson@gamma-poisson,24,1,0.04200984797220097,0.0
thompson@gamma-poisson,24,2,1.3208254566517497,80.0
thompson@gamma-poisson,24,3,0.17767440229783943,40.0
thompson@gamma-poisson,24,4,0.5498527924643379,40.0
thompson@gamma-poisson,24,5,0.16198874187635479,0.0
thompson@gamma-poisson,24,6,0.1906515625486192,0.0
thompson@gamma-poisson,24,7,0.7391477535510542,40.0
thompson@gamma-poisson,24,8,0.6140007551868673,0.0
thompson@gamma-poisson,24,9,0.04729246573731356,0.0
thompson@gamma-poisson,24,10,0.05757214573403581,40.0
thompson@gamma-poisson,24,11,0.18798647941153454,0.0
epig@gamma-poisson,24,0,0.04202309920587816,20.0
epig@gamma-poisson,24,1,0.04200984797220097,0.0
epig@gamma-poisson,24,2,1.3208254566517497,24.0
epig@gamma-poisson,24,3,0.17767440229783943,26.0
epig@gamma-poisson,24,4,0.5498527924643379,23.0
epig@gamma-poisson,24,5,0.16198874187635479,24.0
epig@gamma-poisson,24,6,0.1906515625486192,18.0
epig@gamma-poisson,24,7,0.7391477535510542,27.0
epig@gamma-poisson,24,8,0.6140007551868673,22.0
epig@gamma-poisson,24,9,0.04729246573731356,16.0
epig@gamma-poisson,24,10,0.05757214573403581,20.0
epig@gamma-poisson,24,11,0.18798647941153454,20.0
eig@lognormal-poisson,24,0,0.04202309920587816,20.0
eig@lognormal-poisson,24,1,0.04200984797220097,0.0
eig@lognormal-poisson,24,2,1.3208254566517497,30.0
eig@lognormal-poisson,24,3,0.17767440229783943,20.0
eig@lognormal-poisson,24,4,0.5498527924643379,24.0
eig@lognormal-poisson,24,5,0.16198874187635479,24.0
eig@lognormal-poisson,24,6,0.1906515625486192,15.0
eig@lognormal-poisson,24,7,0.7391477535510542,28.0
eig@lognormal-poisson,24,8,0.6140007551868673,28.0
eig@lognormal-poisson,24,9,0.04729246573731356,13.0
eig@lognormal-poisson,24,10,0.05757214573403581,20.0
eig@lognormal-poisson,24,11,0.18798647941153454,18.0
maxent@lognormal-poisson,24,0,0.04202309920587816,0.0
maxent@lognormal-poisson,24,1,0.04200984797220097,0.0
maxent@lognormal-poisson,24,2,1.3208254566517497,236.0
maxent@lognormal-poisson,24,3,0.17767440229783943,0.0
maxent@lognormal-poisson,24,4,0.5498527924643379,2.0
maxent@lognormal-poisson,24,5,0.16198874187635479,1.0
maxent@lognormal-poisson,24,6,0.1906515625486192,0.0
maxent@lognormal-poisson,24,7,0.7391477535510542,1.0
maxent@lognormal-poisson,24,8,0.6140007551868673,0.0
maxent@lognormal-poisson,24,9,0.04729246573731356,0.0
maxent@lognormal-poisson,24,10,0.05757214573403581,0.0
maxent@lognormal-poisson,24,11,0.18798647941153454,0.0
d-optimality@lognormal-poisson,24,0,0.04202309920587816,20.0
d-optimality@lognormal-poisson,24,1,0.04200984797220097,0.0
d-optimality@lognormal-poisson,24,2,1.3208254566517497,28.0
d-optimality@lognormal-poisson,24,3,0.17767440229783943,20.0
d-optimality@lognormal-poisson,24,4,0.5498527924643379,24.0
d-optimality@lognormal-poisson,24,5,0.16198874187635479,24.0
d-optimality@lognormal-poisson,24,6,0.1906515625486192,16.0
d-optimality@lognormal-poisson,24,7,0.7391477535510542,27.0
d-optimality@lognormal-poisson,24,8,0.6140007551868673,26.0
d-optimality@lognormal-poisson,24,9,0.04729246573731356,15.0
d-optimality@lognormal-poisson,24,10,0.05757214573403581,21.0
d-optimality@lognormal-poisson,24,11,0.18798647941153454,19.0
neyman@lognormal-poisson,24,0,0.04202309920587816,14.0
neyman@lognormal-poisson,24,1,0.04200984797220097,11.0
neyman@lognormal-poisson,24,2,1.3208254566517497,47.0
neyman@lognormal-poisson,24,3,0.17767440229783943,24.0
neyman@lognormal-poisson,24,4,0.5498527924643379,20.0
neyman@lognormal-poisson,24,5,0.16198874187635479,18.0
neyman@lognormal-poisson,24,6,0.1906515625486192,12.0
neyman@lognormal-poisson,24,7,0.7391477535510542,35.0
neyman@lognormal-poisson,24,8,0.6140007551868673,24.0
neyman@lognormal-poisson,24,9,0.04729246573731356,9.0
neyman@lognormal-poisson,24,10,0.05757214573403581,12.0
neyman@lognormal-poisson,24,11,0.18798647941153454,14.0
predictive-variance@lognormal-poisson,24,0,0.04202309920587816,0.0
predictive-variance@lognormal-poisson,24,1,0.04200984797220097,0.0
predictive-variance@lognormal-poisson,24,2,1.3208254566517497,40.0
predictive-variance@lognormal-poisson,24,3,0.17767440229783943,40.0
predictive-variance@lognormal-poisson,24,4,0.5498527924643379,40.0
predictive-variance@lognormal-poisson,24,5,0.16198874187635479,40.0
predictive-variance@lognormal-poisson,24,6,0.1906515625486192,0.0
predictive-variance@lognormal-poisson,24,7,0.7391477535510542,40.0
predictive-variance@lognormal-poisson,24,8,0.6140007551868673,0.0
predictive-variance@lognormal-poisson,24,9,0.04729246573731356,0.0
predictive-variance@lognormal-poisson,24,10,0.05757214573403581,40.0
predictive-variance@lognormal-poisson,24,11,0.18798647941153454,0.0
epistemic@lognormal-poisson,24,0,0.04202309920587816,0.0
epistemic@lognormal-poisson,24,1,0.04200984797220097,0.0
epistemic@lognormal-poisson,24,2,1.3208254566517497,40.0
epistemic@lognormal-poisson,24,3,0.17767440229783943,40.0
epistemic@lognormal-poisson,24,4,0.5498527924643379,40.0
epistemic@lognormal-poisson,24,5,0.16198874187635479,40.0
epistemic@lognormal-poisson,24,6,0.1906515625486192,0.0
epistemic@lognormal-poisson,24,7,0.7391477535510542,40.0
epistemic@lognormal-poisson,24,8,0.6140007551868673,0.0
epistemic@lognormal-poisson,24,9,0.04729246573731356,0.0
epistemic@lognormal-poisson,24,10,0.05757214573403581,40.0
epistemic@lognormal-poisson,24,11,0.18798647941153454,0.0
thompson@lognormal-poisson,24,0,0.04202309920587816,0.0
thompson@lognormal-poisson,24,1,0.04200984797220097,0.0
thompson@lognormal-poisson,24,2,1.3208254566517497,80.0
thompson@lognormal-poisson,24,3,0.17767440229783943,40.0
thompson@lognormal-poisson,24,4,0.5498527924643379,40.0
thompson@lognormal-poisson,24,5,0.16198874187635479,40.0
thompson@lognormal-poisson,24,6,0.1906515625486192,0.0
thompson@lognormal-poisson,24,7,0.7391477535510542,40.0
thompson@lognormal-poisson,24,8,0.6140007551868673,0.0
thompson@lognormal-poisson,24,9,0.04729246573731356,0.0
thompson@lognormal-poisson,24,10,0.05757214573403581,0.0
thompson@lognormal-poisson,24,11,0.18798647941153454,0.0
eig,25,0,0.7422628913179785,24.0
eig,25,1,1.1882518828632536,26.0
eig,25,2,0.6717414063436647,21.0
eig,25,3,4.360199676601936,26.0
eig,25,4,0.11118820274187564,0.0
eig,25,5,0.6329868435114419,25.0
eig,25,6,0.10645837463645351,6.0
eig,25,7,0.43124887821229785,19.0
eig,25,8,1.304036004512092,26.0
eig,25,9,0.046904941005583956,14.0
eig,25,10,5.76707370866307,27.0
eig,25,11,1.710467336093178,26.0
epig,25,0,0.7422628913179785,25.0
epig,25,1,1.1882518828632536,23.0
epig,25,2,0.6717414063436647,23.0
epig,25,3,4.360199676601936,30.0
epig,25,4,0.11118820274187564,0.0
epig,25,5,0.6329868435114419,22.0
epig,25,6,0.10645837463645351,7.0
epig,25,7,0.43124887821229785,19.0
epig,25,8,1.304036004512092,26.0
epig,25,9,0.046904941005583956,15.0
epig,25,10,5.76707370866307,26.5
epig,25,11,1.710467336093178,23.0
maxent,25,0,0.7422628913179785,0.0
maxent,25,1,1.1882518828632536,0.0
maxent,25,2,0.6717414063436647,0.0
maxent,25,3,4.360199676601936,0.0
maxent,25,4,0.11118820274187564,0.0
maxent,25,5,0.6329868435114419,0.0
maxent,25,6,0.10645837463645351,0.0
maxent,25,7,0.43124887821229785,0.0
maxent,25,8,1.304036004512092,0.0
maxent,25,9,0.046904941005583956,0.0
maxent,25,10,5.76707370866307,239.0
maxent,25,11,1.710467336093178,1.0
d-optimality,25,0,0.7422628913179785,22.0
d-optimality,25,1,1.1882518828632536,25.0
d-optimality,25,2,0.6717414063436647,21.0
d-optimality,25,3,4.360199676601936,25.0
d-optimality,25,4,0.11118820274187564,0.0
d-optimality,25,5,0.6329868435114419,24.0
d-optimality,25,6,0.10645837463645351,7.0
d-optimality,25,7,0.43124887821229785,19.0
d-optimality,25,8,1.304036004512092,25.0
d-optimality,25,9,0.046904941005583956,21.0
d-optimality,25,10,5.76707370866307,26.0
d-optimality,25,11,1.710467336093178,25.0
neyman,25,0,0.7422628913179785,19.0
neyman,25,1,1.1882518828632536,23.0
neyman,25,2,0.6717414063436647,17.0
neyman,25,3,4.360199676601936,41.0
neyman,25,4,0.11118820274187564,5.0
neyman,25,5,0.6329868435114419,15.0
neyman,25,6,0.10645837463645351,8.0
neyman,25,7,0.43124887821229785,14.0
neyman,25,8,1.304036004512092,22.0
neyman,25,9,0.046904941005583956,4.0
neyman,25,10,5.76707370866307,46.0
neyman,25,11,1.710467336093178,26.0
predictive-variance,25,0,0.7422628913179785,40.0
predictive-variance,25,1,1.1882518828632536,0.0
predictive-variance,25,2,0.6717414063436647,0.0
predictive-variance,25,3,4.360199676601936,40.0
predictive-variance,25,4,0.11118820274187564,0.0
predictive-variance,25,5,0.6329868435114419,40.0
predictive-variance,25,6,0.10645837463645351,0.0
predictive-variance,25,7,0.43124887821229785,40.0
predictive-variance,25,8,1.304036004512092,0.0
predictive-variance,25,9,0.046904941005583956,0.0
predictive-variance,25,10,5.76707370866307,40.0
predictive-variance,25,11,1.710467336093178,40.0
epistemic,25,0,0.7422628913179785,40.0
epistemic,25,1,1.1882518828632536,0.0
epistemic,25,2,0.6717414063436647,0.0
epistemic,25,3,4.360199676601936,40.0
epistemic,25,4,0.11118820274187564,0.0
epistemic,25,5,0.6329868435114419,40.0
epistemic,25,6,0.10645837463645351,0.0
epistemic,25,7,0.43124887821229785,40.0
epistemic,25,8,1.304036004512092,0.0
epistemic,25,9,0.046904941005583956,0.0
epistemic,25,10,5.76707370866307,40.0
epistemic,25,11,1.710467336093178,40.0
thompson,25,0,0.7422628913179785,0.0
thompson,25,1,1.1882518828632536,0.0
thompson,25,2,0.6717414063436647,0.0
thompson,25,3,4.360199676601936,0.0
thompson,25,4,0.11118820274187564,0.0
thompson,25,5,0.6329868435114419,0.0
thompson,25,6,0.10645837463645351,0.0
thompson,25,7,0.43124887821229785,0.0
thompson,25,8,1.304036004512092,0.0
thompson,25,9,0.046904941005583956,0.0
thompson,25,10,5.76707370866307,200.0
thompson,25,11,1.710467336093178,40.0
uniform,25,0,0.7422628913179785,20.0
uniform,25,1,1.1882518828632536,20.0
uniform,25,2,0.6717414063436647,20.0
uniform,25,3,4.360199676601936,20.0
uniform,25,4,0.11118820274187564,20.0
uniform,25,5,0.6329868435114419,20.0
uniform,25,6,0.10645837463645351,20.0
uniform,25,7,0.43124887821229785,20.0
uniform,25,8,1.304036004512092,20.0
uniform,25,9,0.046904941005583956,20.0
uniform,25,10,5.76707370866307,20.0
uniform,25,11,1.710467336093178,20.0
random,25,0,0.7422628913179785,22.5
random,25,1,1.1882518828632536,5.0
random,25,2,0.6717414063436647,0.0
random,25,3,4.360199676601936,27.0
random,25,4,0.11118820274187564,0.0
random,25,5,0.6329868435114419,41.0
random,25,6,0.10645837463645351,27.0
random,25,7,0.43124887821229785,5.0
random,25,8,1.304036004512092,45.0
random,25,9,0.046904941005583956,0.0
random,25,10,5.76707370866307,5.0
random,25,11,1.710467336093178,62.5
eig@gamma-poisson,25,0,0.7422628913179785,25.0
eig@gamma-poisson,25,1,1.1882518828632536,24.0
eig@gamma-poisson,25,2,0.6717414063436647,18.0
eig@gamma-poisson,25,3,4.360199676601936,24.0
eig@gamma-poisson,25,4,0.11118820274187564,0.0
eig@gamma-poisson,25,5,0.6329868435114419,25.0
eig@gamma-poisson,25,6,0.10645837463645351,4.0
eig@gamma-poisson,25,7,0.43124887821229785,24.0
eig@gamma-poisson,25,8,1.304036004512092,25.0
eig@gamma-poisson,25,9,0.046904941005583956,19.0
eig@gamma-poisson,25,10,5.76707370866307,26.0
eig@gamma-poisson,25,11,1.710467336093178,26.0
maxent@gamma-poisson,25,0,0.7422628913179785,0.0
maxent@gamma-poisson,25,1,1.1882518828632536,0.0
maxent@gamma-poisson,25,2,0.6717414063436647,0.0
maxent@gamma-poisson,25,3,4.360199676601936,0.0
maxent@gamma-poisson,25,4,0.11118820274187564,0.0
maxent@gamma-poisson,25,5,0.6329868435114419,0.0
maxent@gamma-poisson,25,6,0.10645837463645351,0.0
maxent@gamma-poisson,25,7,0.43124887821229785,0.0
maxent@gamma-poisson,25,8,1.304036004512092,0.0
maxent@gamma-poisson,25,9,0.046904941005583956,0.0
maxent@gamma-poisson,25,10,5.76707370866307,239.0
maxent@gamma-poisson,25,11,1.710467336093178,1.0
d-optimality@gamma-poisson,25,0,0.7422628913179785,25.0
d-optimality@gamma-poisson,25,1,1.1882518828632536,24.0
d-optimality@gamma-poisson,25,2,0.6717414063436647,18.0
d-optimality@gamma-poisson,25,3,4.360199676601936,24.0
d-optimality@gamma-poisson,25,4,0.11118820274187564,0.0
d-optimality@gamma-poisson,25,5,0.6329868435114419,25.0
d-optimality@gamma-poisson,25,6,0.10645837463645351,5.0
d-optimality@gamma-poisson,25,7,0.43124887821229785,24.0
d-optimality@gamma-poisson,25,8,1.304036004512092,24.0
d-optimality@gamma-poisson,25,9,0.046904941005583956,21.0
d-optimality@gamma-poisson,25,10,5.76707370866307,25.0
d-optimality@gamma-poisson,25,11,1.710467336093178,25.0
neyman@gamma-poisson,25,0,0.7422628913179785,19.0
neyman@gamma-poisson,25,1,1.1882518828632536,23.0
neyman@gamma-poisson,25,2,0.6717414063436647,17.0
neyman@gamma-poisson,25,3,4.360199676601936,41.0
neyman@gamma-poisson,25,4,0.11118820274187564,5.0
neyman@gamma-poisson,25,5,0.6329868435114419,15.0
neyman@gamma-poisson,25,6,0.10645837463645351,8.0
neyman@gamma-poisson,25,7,0.43124887821229785,14.0
neyman@gamma-poisson,25,8,1.304036004512092,22.0
neyman@gamma-poisson,25,9,0.046904941005583956,4.0
neyman@gamma-poisson,25,10,5.76707370866307,46.0
neyman@gamma-poisson,25,11,1.710467336093178,26.0
predictive-variance@gamma-poisson,25,0,0.7422628913179785,40.0
predictive-variance@gamma-poisson,25,1,1.1882518828632536,0.0
predictive-variance@gamma-poisson,25,2,0.6717414063436647,0.0
predictive-variance@gamma-poisson,25,3,4.360199676601936,40.0
predictive-variance@gamma-poisson,25,4,0.11118820274187564,0.0
predictive-variance@gamma-poisson,25,5,0.6329868435114419,40.0
predictive-variance@gamma-poisson,25,6,0.10645837463645351,0.0
predictive-variance@gamma-poisson,25,7,0.43124887821229785,40.0
predictive-variance@gamma-poisson,25,8,1.304036004512092,0.0
predictive-variance@gamma-poisson,25,9,0.046904941005583956,0.0
predictive-variance@gamma-poisson,25,10,5.76707370866307,40.0
predictive-variance@gamma-poisson,25,11,1.710467336093178,40.0
epistemic@gamma-poisson,25,0,0.7422628913179785,40.0
epistemic@gamma-poisson,25,1,1.1882518828632536,0.0
epistemic@gamma-poisson,25,2,0.6717414063436647,0.0
epistemic@gamma-poisson,25,3,4.360199676601936,40.0
epistemic@gamma-poisson,25,4,0.11118820274187564,0.0
epistemic@gamma-poisson,25,5,0.6329868435114419,40.0
epistemic@gamma-poisson,25,6,0.10645837463645351,0.0
epistemic@gamma-poisson,25,7,0.43124887821229785,40.0
epistemic@gamma-poisson,25,8,1.304036004512092,0.0
epistemic@gamma-poisson,25,9,0.046904941005583956,0.0
epistemic@gamma-poisson,25,10,5.76707370866307,40.0
epistemic@gamma-poisson,25,11,1.710467336093178,40.0
thompson@gamma-poisson,25,0,0.7422628913179785,0.0
thompson@gamma-poisson,25,1,1.1882518828632536,0.0
thompson@gamma-poisson,25,2,0.6717414063436647,0.0
thompson@gamma-poisson,25,3,4.360199676601936,0.0
thompson@gamma-poisson,25,4,0.11118820274187564,0.0
thompson@gamma-poisson,25,5,0.6329868435114419,0.0
thompson@gamma-poisson,25,6,0.10645837463645351,0.0
thompson@gamma-poisson,25,7,0.43124887821229785,0.0
thompson@gamma-poisson,25,8,1.304036004512092,0.0
thompson@gamma-poisson,25,9,0.046904941005583956,0.0
thompson@gamma-poisson,25,10,5.76707370866307,200.0
thompson@gamma-poisson,25,11,1.710467336093178,40.0
epig@gamma-poisson,25,0,0.7422628913179785,26.0
epig@gamma-poisson,25,1,1.1882518828632536,22.0
epig@gamma-poisson,25,2,0.6717414063436647,20.0
epig@gamma-poisson,25,3,4.360199676601936,26.0
epig@gamma-poisson,25,4,0.11118820274187564,0.0
epig@gamma-poisson,25,5,0.6329868435114419,23.0
epig@gamma-poisson,25,6,0.10645837463645351,5.0
epig@gamma-poisson,25,7,0.43124887821229785,25.0
epig@gamma-poisson,25,8,1.304036004512092,25.0
epig@gamma-poisson,25,9,0.046904941005583956,18.0
epig@gamma-poisson,25,10,5.76707370866307,26.5
epig@gamma-poisson,25,11,1.710467336093178,23.0
eig@lognormal-poisson,25,0,0.7422628913179785,25.0
eig@lognormal-poisson,25,1,1.1882518828632536,26.0
eig@lognormal-poisson,25,2,0.6717414063436647,22.0
eig@lognormal-poisson,25,3,4.360199676601936,26.0
eig@lognormal-poisson,25,4,0.11118820274187564,0.0
eig@lognormal-poisson,25,5,0.6329868435114419,25.0
eig@lognormal-poisson,25,6,0.10645837463645351,1.0
eig@lognormal-poisson,25,7,0.43124887821229785,22.0
eig@lognormal-poisson,25,8,1.304036004512092,26.0
eig@lognormal-poisson,25,9,0.046904941005583956,13.0
eig@lognormal-poisson,25,10,5.76707370866307,27.0
eig@lognormal-poisson,25,11,1.710467336093178,27.0
maxent@lognormal-poisson,25,0,0.7422628913179785,0.0
maxent@lognormal-poisson,25,1,1.1882518828632536,0.0
maxent@lognormal-poisson,25,2,0.6717414063436647,0.0
maxent@lognormal-poisson,25,3,4.360199676601936,0.0
maxent@lognormal-poisson,25,4,0.11118820274187564,0.0
maxent@lognormal-poisson,25,5,0.6329868435114419,0.0
maxent@lognormal-poisson,25,6,0.10645837463645351,0.0
maxent@lognormal-poisson,25,7,0.43124887821229785,0.0
maxent@lognormal-poisson,25,8,1.304036004512092,0.0
maxent@lognormal-poisson,25,9,0.046904941005583956,0.0
maxent@lognormal-poisson,25,10,5.76707370866307,239.0
maxent@lognormal-poisson,25,11,1.710467336093178,1.0
d-optimality@lognormal-poisson,25,0,0.7422628913179785,23.0
d-optimality@lognormal-poisson,25,1,1.1882518828632536,25.0
d-optimality@lognormal-poisson,25,2,0.6717414063436647,20.0
d-optimality@lognormal-poisson,25,3,4.360199676601936,25.0
d-optimality@lognormal-poisson,25,4,0.11118820274187564,0.0
d-optimality@lognormal-poisson,25,5,0.6329868435114419,24.0
d-optimality@lognormal-poisson,25,6,0.10645837463645351,7.0
d-optimality@lognormal-poisson,25,7,0.43124887821229785,22.0
d-optimality@lognormal-poisson,25,8,1.304036004512092,25.0
d-optimality@lognormal-poisson,25,9,0.046904941005583956,18.0
d-optimality@lognormal-poisson,25,10,5.76707370866307,26.0
d-optimality@lognormal-poisson,25,11,1.710467336093178,25.0
neyman@lognormal-poisson,25,0,0.7422628913179785,19.0
neyman@lognormal-poisson,25,1,1.1882518828632536,23.0
neyman@lognormal-poisson,25,2,0.6717414063436647,17.0
neyman@lognormal-poisson,25,3,4.360199676601936,41.0
neyman@lognormal-poisson,25,4,0.11118820274187564,5.0
neyman@lognormal-poisson,25,5,0.6329868435114419,15.0
neyman@lognormal-poisson,25,6,0.10645837463645351,8.0
neyman@lognormal-poisson,25,7,0.43124887821229785,14.0
neyman@lognormal-poisson,25,8,1.304036004512092,22.0
neyman@lognormal-poisson,25,9,0.046904941005583956,4.0
neyman@lognormal-poisson,25,10,5.76707370866307,46.0
neyman@lognormal-poisson,25,11,1.710467336093178,26.0
predictive-variance@lognormal-poisson,25,0,0.7422628913179785,40.0
predictive-variance@lognormal-poisson,25,1,1.1882518828632536,0.0
predictive-variance@lognormal-poisson,25,2,0.6717414063436647,0.0
predictive-variance@lognormal-poisson,25,3,4.360199676601936,40.0
predictive-variance@lognormal-poisson,25,4,0.11118820274187564,0.0
predictive-variance@lognormal-poisson,25,5,0.6329868435114419,40.0
predictive-variance@lognormal-poisson,25,6,0.10645837463645351,0.0
predictive-variance@lognormal-poisson,25,7,0.43124887821229785,40.0
predictive-variance@lognormal-poisson,25,8,1.304036004512092,0.0
predictive-variance@lognormal-poisson,25,9,0.046904941005583956,0.0
predictive-variance@lognormal-poisson,25,10,5.76707370866307,40.0
predictive-variance@lognormal-poisson,25,11,1.710467336093178,40.0
epistemic@lognormal-poisson,25,0,0.7422628913179785,40.0
epistemic@lognormal-poisson,25,1,1.1882518828632536,0.0
epistemic@lognormal-poisson,25,2,0.6717414063436647,0.0
epistemic@lognormal-poisson,25,3,4.360199676601936,40.0
epistemic@lognormal-poisson,25,4,0.11118820274187564,0.0
epistemic@lognormal-poisson,25,5,0.6329868435114419,40.0
epistemic@lognormal-poisson,25,6,0.10645837463645351,0.0
epistemic@lognormal-poisson,25,7,0.43124887821229785,40.0
epistemic@lognormal-poisson,25,8,1.304036004512092,0.0
epistemic@lognormal-poisson,25,9,0.046904941005583956,0.0
epistemic@lognormal-poisson,25,10,5.76707370866307,40.0
epistemic@lognormal-poisson,25,11,1.710467336093178,40.0
thompson@lognormal-poisson,25,0,0.7422628913179785,0.0
thompson@lognormal-poisson,25,1,1.1882518828632536,0.0
thompson@lognormal-poisson,25,2,0.6717414063436647,0.0
thompson@lognormal-poisson,25,3,4.360199676601936,120.0
thompson@lognormal-poisson,25,4,0.11118820274187564,0.0
thompson@lognormal-poisson,25,5,0.6329868435114419,40.0
thompson@lognormal-poisson,25,6,0.10645837463645351,0.0
thompson@lognormal-poisson,25,7,0.43124887821229785,40.0
thompson@lognormal-poisson,25,8,1.304036004512092,0.0
thompson@lognormal-poisson,25,9,0.046904941005583956,0.0
thompson@lognormal-poisson,25,10,5.76707370866307,0.0
thompson@lognormal-poisson,25,11,1.710467336093178,40.0
eig,26,0,0.36516336459202325,25.0
eig,26,1,0.06024053590646233,18.0
eig,26,2,2.134673237331676,33.0
eig,26,3,1.2618979777099468,31.0
eig,26,4,0.011334866306536176,8.0
eig,26,5,0.14321004460448586,10.0
eig,26,6,0.3656302846636759,29.0
eig,26,7,0.01215302219919305,11.0
eig,26,8,0.017280204751112742,11.0
eig,26,9,0.03202137962402636,0.0
eig,26,10,0.9365431860974502,31.0
eig,26,11,1.5493915179136697,33.0
epig,26,0,0.36516336459202325,21.0
epig,26,1,0.06024053590646233,18.0
epig,26,2,2.134673237331676,35.0
epig,26,3,1.2618979777099468,32.0
epig,26,4,0.011334866306536176,9.0
epig,26,5,0.14321004460448586,12.0
epig,26,6,0.3656302846636759,25.0
epig,26,7,0.01215302219919305,10.0
epig,26,8,0.017280204751112742,14.0
epig,26,9,0.03202137962402636,0.0
epig,26,10,0.9365431860974502,32.0
epig,26,11,1.5493915179136697,32.0
maxent,26,0,0.36516336459202325,0.0
maxent,26,1,0.06024053590646233,0.0
maxent,26,2,2.134673237331676,238.0
maxent,26,3,1.2618979777099468,1.0
maxent,26,4,0.011334866306536176,0.0
maxent,26,5,0.14321004460448586,0.0
maxent,26,6,0.3656302846636759,0.0
maxent,26,7,0.01215302219919305,0.0
maxent,26,8,0.017280204751112742,0.0
maxent,26,9,0.03202137962402636,0.0
maxent,26,10,0.9365431860974502,1.0
maxent,26,11,1.5493915179136697,0.0
d-optimality,26,0,0.36516336459202325,23.0
d-optimality,26,1,0.06024053590646233,19.0
d-optimality,26,2,2.134673237331676,30.0
d-optimality,26,3,1.2618979777099468,29.0
d-optimality,26,4,0.011334866306536176,12.0
d-optimality,26,5,0.14321004460448586,12.0
d-optimality,26,6,0.3656302846636759,27.0
d-optimality,26,7,0.01215302219919305,14.0
d-optimality,26,8,0.017280204751112742,14.0
d-optimality,26,9,0.03202137962402636,1.0
d-optimality,26,10,0.9365431860974502,29.0
d-optimality,26,11,1.5493915179136697,30.0
neyman,26,0,0.36516336459202325,15.0
neyman,26,1,0.06024053590646233,13.0
neyman,26,2,2.134673237331676,46.0
neyman,26,3,1.2618979777099468,36.0
neyman,26,4,0.011334866306536176,6.0
neyman,26,5,0.14321004460448586,11.0
neyman,26,6,0.3656302846636759,19.0
neyman,26,7,0.01215302219919305,6.0
neyman,26,8,0.017280204751112742,10.0
neyman,26,9,0.03202137962402636,7.0
neyman,26,10,0.9365431860974502,31.0
neyman,26,11,1.5493915179136697,40.0
predictive-variance,26,0,0.36516336459202325,0.0
predictive-variance,26,1,0.06024053590646233,40.0
predictive-variance,26,2,2.134673237331676,80.0
predictive-variance,26,3,1.2618979777099468,40.0
predictive-variance,26,4,0.011334866306536176,0.0
predictive-variance,26,5,0.14321004460448586,0.0
predictive-variance,26,6,0.3656302846636759,0.0
predictive-variance,26,7,0.01215302219919305,0.0
predictive-variance,26,8,0.017280204751112742,0.0
predictive-variance,26,9,0.03202137962402636,0.0
predictive-variance,26,10,0.9365431860974502,40.0
predictive-variance,26,11,1.5493915179136697,40.0
epistemic,26,0,0.36516336459202325,0.0
epistemic,26,1,0.06024053590646233,40.0
epistemic,26,2,2.134673237331676,40.0
epistemic,26,3,1.2618979777099468,40.0
epistemic,26,4,0.011334866306536176,0.0
epistemic,26,5,0.14321004460448586,0.0
epistemic,26,6,0.3656302846636759,0.0
epistemic,26,7,0.01215302219919305,0.0
epistemic,26,8,0.017280204751112742,40.0
epistemic,26,9,0.03202137962402636,0.0
epistemic,26,10,0.9365431860974502,40.0
epistemic,26,11,1.5493915179136697,40.0
thompson,26,0,0.36516336459202325,0.0
thompson,26,1,0.06024053590646233,0.0
thompson,26,2,2.134673237331676,200.0
thompson,26,3,1.2618979777099468,40.0
thompson,26,4,0.011334866306536176,0.0
thompson,26,5,0.14321004460448586,0.0
thompson,26,6,0.3656302846636759,0.0
thompson,26,7,0.01215302219919305,0.0
thompson,26,8,0.017280204751112742,0.0
thompson,26,9,0.03202137962402636,0.0
thompson,26,10,0.9365431860974502,0.0
thompson,26,11,1.5493915179136697,0.0
uniform,26,0,0.36516336459202325,20.0
uniform,26,1,0.06024053590646233,20.0
uniform,26,2,2.134673237331676,20.0
uniform,26,3,1.2618979777099468,20.0
uniform,26,4,0.011334866306536176,20.0
uniform,26,5,0.14321004460448586,20.0
uniform,26,6,0.3656302846636759,20.0
uniform,26,7,0.01215302219919305,20.0
uniform,26,8,0.017280204751112742,20.0
uniform,26,9,0.03202137962402636,20.0
uniform,26,10,0.9365431860974502,20.0
uniform,26,11,1.5493915179136697,20.0
random,26,0,0.36516336459202325,36.0
random,26,1,0.06024053590646233,7.0
random,26,2,2.134673237331676,9.5
random,26,3,1.2618979777099468,8.5
random,26,4,0.011334866306536176,68.5
random,26,5,0.14321004460448586,14.5
random,26,6,0.3656302846636759,50.0
random,26,7,0.01215302219919305,8.5
random,26,8,0.017280204751112742,32.5
random,26,9,0.03202137962402636,0.0
random,26,10,0.9365431860974502,1.0
random,26,11,1.5493915179136697,3.5
eig@gamma-poisson,26,0,0.36516336459202325,17.0
eig@gamma-poisson,26,1,0.06024053590646233,24.0
eig@gamma-poisson,26,2,2.134673237331676,29.0
eig@gamma-poisson,26,3,1.2618979777099468,28.0
eig@gamma-poisson,26,4,0.011334866306536176,13.0
eig@gamma-poisson,26,5,0.14321004460448586,17.0
eig@gamma-poisson,26,6,0.3656302846636759,22.0
eig@gamma-poisson,26,7,0.01215302219919305,16.0
eig@gamma-poisson,26,8,0.017280204751112742,17.0
eig@gamma-poisson,26,9,0.03202137962402636,0.0
eig@gamma-poisson,26,10,0.9365431860974502,29.0
eig@gamma-poisson,26,11,1.5493915179136697,28.0
maxent@gamma-poisson,26,0,0.36516336459202325,0.0
maxent@gamma-poisson,26,1,0.06024053590646233,0.0
maxent@gamma-poisson,26,2,2.134673237331676,239.0
maxent@gamma-poisson,26,3,1.2618979777099468,0.0
maxent@gamma-poisson,26,4,0.011334866306536176,0.0
maxent@gamma-poisson,26,5,0.14321004460448586,0.0
maxent@gamma-poisson,26,6,0.3656302846636759,0.0
maxent@gamma-poisson,26,7,0.01215302219919305,0.0
maxent@gamma-poisson,26,8,0.017280204751112742,0.0
maxent@gamma-poisson,26,9,0.03202137962402636,0.0
maxent@gamma-poisson,26,10,0.9365431860974502,1.0
maxent@gamma-poisson,26,11,1.5493915179136697,0.0
d-optimality@gamma-poisson,26,0,0.36516336459202325,15.0
d-optimality@gamma-poisson,26,1,0.06024053590646233,24.0
d-optimality@gamma-poisson,26,2,2.134673237331676,25.0
d-optimality@gamma-poisson,26,3,1.2618979777099468,25.0
d-optimality@gamma-poisson,26,4,0.011334866306536176,19.0
d-optimality@gamma-poisson,26,5,0.14321004460448586,18.0
d-optimality@gamma-poisson,26,6,0.3656302846636759,19.0
d-optimality@gamma-poisson,26,7,0.01215302219919305,23.0
d-optimality@gamma-poisson,26,8,0.017280204751112742,23.0
d-optimality@gamma-poisson,26,9,0.03202137962402636,0.0
d-optimality@gamma-poisson,26,10,0.9365431860974502,25.0
d-optimality@gamma-poisson,26,11,1.5493915179136697,24.0
neyman@gamma-poisson,26,0,0.36516336459202325,15.0
neyman@gamma-poisson,26,1,0.06024053590646233,13.0
neyman@gamma-poisson,26,2,2.134673237331676,46.0
neyman@gamma-poisson,26,3,1.2618979777099468,39.0
neyman@gamma-poisson,26,4,0.011334866306536176,5.0
neyman@gamma-poisson,26,5,0.14321004460448586,10.0
neyman@gamma-poisson,26,6,0.3656302846636759,19.0
neyman@gamma-poisson,26,7,0.01215302219919305,6.0
neyman@gamma-poisson,26,8,0.017280204751112742,9.0
neyman@gamma-poisson,26,9,0.03202137962402636,7.0
neyman@gamma-poisson,26,10,0.9365431860974502,31.0
neyman@gamma-poisson,26,11,1.5493915179136697,40.0
predictive-variance@gamma-poisson,26,0,0.36516336459202325,0.0
predictive-variance@gamma-poisson,26,1,0.06024053590646233,40.0
predictive-variance@gamma-poisson,26,2,2.134673237331676,80.0
predictive-variance@gamma-poisson,26,3,1.2618979777099468,40.0
predictive-variance@gamma-poisson,26,4,0.011334866306536176,0.0
predictive-variance@gamma-poisson,26,5,0.14321004460448586,0.0
predictive-variance@gamma-poisson,26,6,0.3656302846636759,0.0
predictive-variance@gamma-poisson,26,7,0.01215302219919305,0.0
predictive-variance@gamma-poisson,26,8,0.017280204751112742,0.0
predictive-variance@gamma-poisson,26,9,0.03202137962402636,0.0
predictive-variance@gamma-poisson,26,10,0.9365431860974502,40.0
predictive-variance@gamma-poisson,26,11,1.5493915179136697,40.0
epistemic@gamma-poisson,26,0,0.36516336459202325,0.0
epistemic@gamma-poisson,26,1,0.06024053590646233,40.0
epistemic@gamma-poisson,26,2,2.134673237331676,40.0
epistemic@gamma-poisson,26,3,1.2618979777099468,40.0
epistemic@gamma-poisson,26,4,0.011334866306536176,0.0
epistemic@gamma-poisson,26,5,0.14321004460448586,0.0
epistemic@gamma-poisson,26,6,0.3656302846636759,0.0
epistemic@gamma-poisson,26,7,0.01215302219919305,0.0
epistemic@gamma-poisson,26,8,0.017280204751112742,40.0
epistemic@gamma-poisson,26,9,0.03202137962402636,0.0
epistemic@gamma-poisson,26,10,0.9365431860974502,40.0
epistemic@gamma-poisson,26,11,1.5493915179136697,40.0
thompson@gamma-poisson,26,0,0.36516336459202325,0.0
thompson@gamma-poisson,26,1,0.06024053590646233,0.0
thompson@gamma-poisson,26,2,2.134673237331676,200.0
thompson@gamma-poisson,26,3,1.2618979777099468,0.0
thompson@gamma-poisson,26,4,0.011334866306536176,0.0
thompson@gamma-poisson,26,5,0.14321004460448586,0.0
thompson@gamma-poisson,26,6,0.3656302846636759,0.0
thompson@gamma-poisson,26,7,0.01215302219919305,0.0
thompson@gamma-poisson,26,8,0.017280204751112742,0.0
thompson@gamma-poisson,26,9,0.03202137962402636,0.0
thompson@gamma-poisson,26,10,0.9365431860974502,40.0
thompson@gamma-poisson,26,11,1.5493915179136697,0.0
epig@gamma-poisson,26,0,0.36516336459202325,15.0
epig@gamma-poisson,26,1,0.06024053590646233,24.0
epig@gamma-poisson,26,2,2.134673237331676,28.0
epig@gamma-poisson,26,3,1.2618979777099468,29.0
epig@gamma-poisson,26,4,0.011334866306536176,13.0
epig@gamma-poisson,26,5,0.14321004460448586,19.0
epig@gamma-poisson,26,6,0.3656302846636759,20.0
epig@gamma-poisson,26,7,0.01215302219919305,15.0
epig@gamma-poisson,26,8,0.017280204751112742,21.0
epig@gamma-poisson,26,9,0.03202137962402636,0.0
epig@gamma-poisson,26,10,0.9365431860974502,30.0
epig@gamma-poisson,26,11,1.5493915179136697,26.0
eig@lognormal-poisson,26,0,0.36516336459202325,22.0
eig@lognormal-poisson,26,1,0.06024053590646233,20.0
eig@lognormal-poisson,26,2,2.134673237331676,32.0
eig@lognormal-poisson,26,3,1.2618979777099468,31.0
eig@lognormal-poisson,26,4,0.011334866306536176,7.0
eig@lognormal-poisson,26,5,0.14321004460448586,10.0
eig@lognormal-poisson,26,6,0.3656302846636759,29.0
eig@lognormal-poisson,26,7,0.01215302219919305,12.0
eig@lognormal-poisson,26,8,0.017280204751112742,13.0
eig@lognormal-poisson,26,9,0.03202137962402636,0.0
eig@lognormal-poisson,26,10,0.9365431860974502,31.0
eig@lognormal-poisson,26,11,1.5493915179136697,33.0
maxent@lognormal-poisson,26,0,0.36516336459202325,0.0
maxent@lognormal-poisson,26,1,0.06024053590646233,0.0
maxent@lognormal-poisson,26,2,2.134673237331676,238.0
maxent@lognormal-poisson,26,3,1.2618979777099468,1.0
maxent@lognormal-poisson,26,4,0.011334866306536176,0.0
maxent@lognormal-poisson,26,5,0.14321004460448586,0.0
maxent@lognormal-poisson,26,6,0.3656302846636759,0.0
maxent@lognormal-poisson,26,7,0.01215302219919305,0.0
maxent@lognormal-poisson,26,8,0.017280204751112742,0.0
maxent@lognormal-poisson,26,9,0.03202137962402636,0.0
maxent@lognormal-poisson,26,10,0.9365431860974502,1.0
maxent@lognormal-poisson,26,11,1.5493915179136697,0.0
d-optimality@lognormal-poisson,26,0,0.36516336459202325,21.0
d-optimality@lognormal-poisson,26,1,0.06024053590646233,20.0
d-optimality@lognormal-poisson,26,2,2.134673237331676,30.0
d-optimality@lognormal-poisson,26,3,1.2618979777099468,29.0
d-optimality@lognormal-poisson,26,4,0.011334866306536176,11.0
d-optimality@lognormal-poisson,26,5,0.14321004460448586,12.0
d-optimality@lognormal-poisson,26,6,0.3656302846636759,26.0
d-optimality@lognormal-poisson,26,7,0.01215302219919305,15.0
d-optimality@lognormal-poisson,26,8,0.017280204751112742,16.0
d-optimality@lognormal-poisson,26,9,0.03202137962402636,1.0
d-optimality@lognormal-poisson,26,10,0.9365431860974502,29.0
d-optimality@lognormal-poisson,26,11,1.5493915179136697,30.0
neyman@lognormal-poisson,26,0,0.36516336459202325,15.0
neyman@lognormal-poisson,26,1,0.06024053590646233,13.0
neyman@lognormal-poisson,26,2,2.134673237331676,46.0
neyman@lognormal-poisson,26,3,1.2618979777099468,36.0
neyman@lognormal-poisson,26,4,0.011334866306536176,6.0
neyman@lognormal-poisson,26,5,0.14321004460448586,11.0
neyman@lognormal-poisson,26,6,0.3656302846636759,18.0
neyman@lognormal-poisson,26,7,0.01215302219919305,7.0
neyman@lognormal-poisson,26,8,0.017280204751112742,10.0
neyman@lognormal-poisson,26,9,0.03202137962402636,7.0
neyman@lognormal-poisson,26,10,0.9365431860974502,31.0
neyman@lognormal-poisson,26,11,1.5493915179136697,40.0
predictive-variance@lognormal-poisson,26,0,0.36516336459202325,0.0
predictive-variance@lognormal-poisson,26,1,0.06024053590646233,40.0
predictive-variance@lognormal-poisson,26,2,2.134673237331676,80.0
predictive-variance@lognormal-poisson,26,3,1.2618979777099468,40.0
predictive-variance@lognormal-poisson,26,4,0.011334866306536176,0.0
predictive-variance@lognormal-poisson,26,5,0.14321004460448586,0.0
predictive-variance@lognormal-poisson,26,6,0.3656302846636759,0.0
predictive-variance@lognormal-poisson,26,7,0.01215302219919305,0.0
predictive-variance@lognormal-poisson,26,8,0.017280204751112742,0.0
predictive-variance@lognormal-poisson,26,9,0.03202137962402636,0.0
predictive-variance@lognormal-poisson,26,10,0.9365431860974502,40.0
predictive-variance@lognormal-poisson,26,11,1.5493915179136697,40.0
epistemic@lognormal-poisson,26,0,0.36516336459202325,0.0
epistemic@lognormal-poisson,26,1,0.06024053590646233,40.0
epistemic@lognormal-poisson,26,2,2.134673237331676,40.0
epistemic@lognormal-poisson,26,3,1.2618979777099468,40.0
epistemic@lognormal-poisson,26,4,0.011334866306536176,0.0
epistemic@lognormal-poisson,26,5,0.14321004460448586,0.0
epistemic@lognormal-poisson,26,6,0.3656302846636759,0.0
epistemic@lognormal-poisson,26,7,0.01215302219919305,0.0
epistemic@lognormal-poisson,26,8,0.017280204751112742,40.0
epistemic@lognormal-poisson,26,9,0.03202137962402636,0.0
epistemic@lognormal-poisson,26,10,0.9365431860974502,40.0
epistemic@lognormal-poisson,26,11,1.5493915179136697,40.0
thompson@lognormal-poisson,26,0,0.36516336459202325,0.0
thompson@lognormal-poisson,26,1,0.06024053590646233,0.0
thompson@lognormal-poisson,26,2,2.134673237331676,160.0
thompson@lognormal-poisson,26,3,1.2618979777099468,40.0
thompson@lognormal-poisson,26,4,0.011334866306536176,0.0
thompson@lognormal-poisson,26,5,0.14321004460448586,0.0
thompson@lognormal-poisson,26,6,0.3656302846636759,0.0
thompson@lognormal-poisson,26,7,0.01215302219919305,0.0
thompson@lognormal-poisson,26,8,0.017280204751112742,0.0
thompson@lognormal-poisson,26,9,0.03202137962402636,0.0
thompson@lognormal-poisson,26,10,0.9365431860974502,40.0
thompson@lognormal-poisson,26,11,1.5493915179136697,0.0
eig,27,0,0.11328664677715576,0.0
eig,27,1,1.5852009770756057,29.0
eig,27,2,0.09416389264579667,18.0
eig,27,3,16.669713013625326,29.0
eig,27,4,0.00910990079838472,4.0
eig,27,5,0.509427241303101,19.0
eig,27,6,0.8472087658865071,27.0
eig,27,7,1.4584980648060233,27.0
eig,27,8,0.04056672580000491,3.0
eig,27,9,1.0682344691954062,26.0
eig,27,10,3.542564548335941,29.0
eig,27,11,3.8187918902618696,29.0
epig,27,0,0.11328664677715576,0.0
epig,27,1,1.5852009770756057,25.0
epig,27,2,0.09416389264579667,16.0
epig,27,3,16.669713013625326,30.5
epig,27,4,0.00910990079838472,8.0
epig,27,5,0.509427241303101,22.0
epig,27,6,0.8472087658865071,28.0
epig,27,7,1.4584980648060233,26.0
epig,27,8,0.04056672580000491,3.0
epig,27,9,1.0682344691954062,26.0
epig,27,10,3.542564548335941,26.5
epig,27,11,3.8187918902618696,29.0
maxent,27,0,0.11328664677715576,0.0
maxent,27,1,1.5852009770756057,0.0
maxent,27,2,0.09416389264579667,0.0
maxent,27,3,16.669713013625326,0.0
maxent,27,4,0.00910990079838472,0.0
maxent,27,5,0.509427241303101,0.0
maxent,27,6,0.8472087658865071,0.0
maxent,27,7,1.4584980648060233,0.0
maxent,27,8,0.04056672580000491,0.0
maxent,27,9,1.0682344691954062,0.0
maxent,27,10,3.542564548335941,0.0
maxent,27,11,3.8187918902618696,240.0
d-optimality,27,0,0.11328664677715576,1.0
d-optimality,27,1,1.5852009770756057,27.0
d-optimality,27,2,0.09416389264579667,19.0
d-optimality,27,3,16.669713013625326,28.0
d-optimality,27,4,0.00910990079838472,10.0
d-optimality,27,5,0.509427241303101,19.0
d-optimality,27,6,0.8472087658865071,25.0
d-optimality,27,7,1.4584980648060233,26.0
d-optimality,27,8,0.04056672580000491,6.0
d-optimality,27,9,1.0682344691954062,24.0
d-optimality,27,10,3.542564548335941,27.0
d-optimality,27,11,3.8187918902618696,28.0
neyman,27,0,0.11328664677715576,7.0
neyman,27,1,1.5852009770756057,19.0
neyman,27,2,0.09416389264579667,5.0
neyman,27,3,16.669713013625326,68.0
neyman,27,4,0.00910990079838472,4.0
neyman,27,5,0.509427241303101,12.0
neyman,27,6,0.8472087658865071,23.0
neyman,27,7,1.4584980648060233,17.0
neyman,27,8,0.04056672580000491,4.0
neyman,27,9,1.0682344691954062,18.0
neyman,27,10,3.542564548335941,31.0
neyman,27,11,3.8187918902618696,32.0
predictive-variance,27,0,0.11328664677715576,0.0
predictive-variance,27,1,1.5852009770756057,40.0
predictive-variance,27,2,0.09416389264579667,0.0
predictive-variance,27,3,16.669713013625326,40.0
predictive-variance,27,4,0.00910990079838472,0.0
predictive-variance,27,5,0.509427241303101,40.0
predictive-variance,27,6,0.8472087658865071,0.0
predictive-variance,27,7,1.4584980648060233,40.0
predictive-variance,27,8,0.04056672580000491,0.0
predictive-variance,27,9,1.0682344691954062,0.0
predictive-variance,27,10,3.542564548335941,40.0
predictive-variance,27,11,3.8187918902618696,40.0
epistemic,27,0,0.11328664677715576,0.0
epistemic,27,1,1.5852009770756057,40.0
epistemic,27,2,0.09416389264579667,0.0
epistemic,27,3,16.669713013625326,40.0
epistemic,27,4,0.00910990079838472,0.0
epistemic,27,5,0.509427241303101,40.0
epistemic,27,6,0.8472087658865071,0.0
epistemic,27,7,1.4584980648060233,40.0
epistemic,27,8,0.04056672580000491,0.0
epistemic,27,9,1.0682344691954062,0.0
epistemic,27,10,3.542564548335941,40.0
epistemic,27,11,3.8187918902618696,40.0
thompson,27,0,0.11328664677715576,0.0
thompson,27,1,1.5852009770756057,0.0
thompson,27,2,0.09416389264579667,0.0
thompson,27,3,16.669713013625326,240.0
thompson,27,4,0.00910990079838472,0.0
thompson,27,5,0.509427241303101,0.0
thompson,27,6,0.8472087658865071,0.0
thompson,27,7,1.4584980648060233,0.0
thompson,27,8,0.04056672580000491,0.0
thompson,27,9,1.0682344691954062,0.0
thompson,27,10,3.542564548335941,0.0
thompson,27,11,3.8187918902618696,0.0
uniform,27,0,0.11328664677715576,20.0
uniform,27,1,1.5852009770756057,20.0
uniform,27,2,0.09416389264579667,20.0
uniform,27,3,16.669713013625326,20.0
uniform,27,4,0.00910990079838472,20.0
uniform,27,5,0.509427241303101,20.0
uniform,27,6,0.8472087658865071,20.0
uniform,27,7,1.4584980648060233,20.0
uniform,27,8,0.04056672580000491,20.0
uniform,27,9,1.0682344691954062,20.0
uniform,27,10,3.542564548335941,20.0
uniform,27,11,3.8187918902618696,20.0
random,27,0,0.11328664677715576,1.0
random,27,1,1.5852009770756057,12.0
random,27,2,0.09416389264579667,1.0
random,27,3,16.669713013625326,42.5
random,27,4,0.00910990079838472,35.0
random,27,5,0.509427241303101,60.0
random,27,6,0.8472087658865071,1.0
random,27,7,1.4584980648060233,0.0
random,27,8,0.04056672580000491,40.0
random,27,9,1.0682344691954062,5.0
random,27,10,3.542564548335941,8.5
random,27,11,3.8187918902618696,33.5
eig@gamma-poisson,27,0,0.11328664677715576,0.0
eig@gamma-poisson,27,1,1.5852009770756057,27.0
eig@gamma-poisson,27,2,0.09416389264579667,20.0
eig@gamma-poisson,27,3,16.669713013625326,27.0
eig@gamma-poisson,27,4,0.00910990079838472,8.0
eig@gamma-poisson,27,5,0.509427241303101,27.0
eig@gamma-poisson,27,6,0.8472087658865071,23.0
eig@gamma-poisson,27,7,1.4584980648060233,26.0
eig@gamma-poisson,27,8,0.04056672580000491,6.0
eig@gamma-poisson,27,9,1.0682344691954062,22.0
eig@gamma-poisson,27,10,3.542564548335941,27.0
eig@gamma-poisson,27,11,3.8187918902618696,27.0
maxent@gamma-poisson,27,0,0.11328664677715576,0.0
maxent@gamma-poisson,27,1,1.5852009770756057,0.0
maxent@gamma-poisson,27,2,0.09416389264579667,0.0
maxent@gamma-poisson,27,3,16.669713013625326,0.0
maxent@gamma-poisson,27,4,0.00910990079838472,0.0
maxent@gamma-poisson,27,5,0.509427241303101,0.0
maxent@gamma-poisson,27,6,0.8472087658865071,0.0
maxent@gamma-poisson,27,7,1.4584980648060233,0.0
maxent@gamma-poisson,27,8,0.04056672580000491,0.0
maxent@gamma-poisson,27,9,1.0682344691954062,0.0
maxent@gamma-poisson,27,10,3.542564548335941,0.0
maxent@gamma-poisson,27,11,3.8187918902618696,240.0
d-optimality@gamma-poisson,27,0,0.11328664677715576,0.0
d-optimality@gamma-poisson,27,1,1.5852009770756057,25.0
d-optimality@gamma-poisson,27,2,0.09416389264579667,19.0
d-optimality@gamma-poisson,27,3,16.669713013625326,26.0
d-optimality@gamma-poisson,27,4,0.00910990079838472,17.0
d-optimality@gamma-poisson,27,5,0.509427241303101,26.0
d-optimality@gamma-poisson,27,6,0.8472087658865071,21.0
d-optimality@gamma-poisson,27,7,1.4584980648060233,25.0
d-optimality@gamma-poisson,27,8,0.04056672580000491,9.0
d-optimality@gamma-poisson,27,9,1.0682344691954062,21.0
d-optimality@gamma-poisson,27,10,3.542564548335941,25.0
d-optimality@gamma-poisson,27,11,3.8187918902618696,26.0
neyman@gamma-poisson,27,0,0.11328664677715576,8.0
neyman@gamma-poisson,27,1,1.5852009770756057,19.0
neyman@gamma-poisson,27,2,0.09416389264579667,4.0
neyman@gamma-poisson,27,3,16.669713013625326,70.0
neyman@gamma-poisson,27,4,0.00910990079838472,4.0
neyman@gamma-poisson,27,5,0.509427241303101,7.0
neyman@gamma-poisson,27,6,0.8472087658865071,24.0
neyman@gamma-poisson,27,7,1.4584980648060233,17.0
neyman@gamma-poisson,27,8,0.04056672580000491,4.0
neyman@gamma-poisson,27,9,1.0682344691954062,19.0
neyman@gamma-poisson,27,10,3.542564548335941,31.0
neyman@gamma-poisson,27,11,3.8187918902618696,33.0
predictive-variance@gamma-poisson,27,0,0.11328664677715576,0.0
predictive-variance@gamma-poisson,27,1,1.5852009770756057,40.0
predictive-variance@gamma-poisson,27,2,0.09416389264579667,0.0
predictive-variance@gamma-poisson,27,3,16.669713013625326,40.0
predictive-variance@gamma-poisson,27,4,0.00910990079838472,0.0
predictive-variance@gamma-poisson,27,5,0.509427241303101,40.0
predictive-variance@gamma-poisson,27,6,0.8472087658865071,0.0
predictive-variance@gamma-poisson,27,7,1.4584980648060233,40.0
predictive-variance@gamma-poisson,27,8,0.04056672580000491,0.0
predictive-variance@gamma-poisson,27,9,1.0682344691954062,0.0
predictive-variance@gamma-poisson,27,10,3.542564548335941,40.0
predictive-variance@gamma-poisson,27,11,3.8187918902618696,40.0
epistemic@gamma-poisson,27,0,0.11328664677715576,0.0
epistemic@gamma-poisson,27,1,1.5852009770756057,40.0
epistemic@gamma-poisson,27,2,0.09416389264579667,0.0
epistemic@gamma-poisson,27,3,16.669713013625326,40.0
epistemic@gamma-poisson,27,4,0.00910990079838472,0.0
epistemic@gamma-poisson,27,5,0.509427241303101,40.0
epistemic@gamma-poisson,27,6,0.8472087658865071,0.0
epistemic@gamma-poisson,27,7,1.4584980648060233,40.0
epistemic@gamma-poisson,27,8,0.04056672580000491,0.0
epistemic@gamma-poisson,27,9,1.0682344691954062,0.0
epistemic@gamma-poisson,27,10,3.542564548335941,40.0
epistemic@gamma-poisson,27,11,3.8187918902618696,40.0
thompson@gamma-poisson,27,0,0.11328664677715576,0.0
thompson@gamma-poisson,27,1,1.5852009770756057,0.0
thompson@gamma-poisson,27,2,0.09416389264579667,0.0
thompson@gamma-poisson,27,3,16.669713013625326,200.0
thompson@gamma-poisson,27,4,0.00910990079838472,0.0
thompson@gamma-poisson,27,5,0.509427241303101,40.0
thompson@gamma-poisson,27,6,0.8472087658865071,0.0
thompson@gamma-poisson,27,7,1.4584980648060233,0.0
thompson@gamma-poisson,27,8,0.04056672580000491,0.0
thompson@gamma-poisson,27,9,1.0682344691954062,0.0
thompson@gamma-poisson,27,10,3.542564548335941,0.0
thompson@gamma-poisson,27,11,3.8187918902618696,0.0
epig@gamma-poisson,27,0,0.11328664677715576,0.0
epig@gamma-poisson,27,1,1.5852009770756057,24.0
epig@gamma-poisson,27,2,0.09416389264579667,16.0
epig@gamma-poisson,27,3,16.669713013625326,28.0
epig@gamma-poisson,27,4,0.00910990079838472,13.0
epig@gamma-poisson,27,5,0.509427241303101,27.0
epig@gamma-poisson,27,6,0.8472087658865071,24.0
epig@gamma-poisson,27,7,1.4584980648060233,25.0
epig@gamma-poisson,27,8,0.04056672580000491,5.0
epig@gamma-poisson,27,9,1.0682344691954062,23.0
epig@gamma-poisson,27,10,3.542564548335941,26.5
epig@gamma-poisson,27,11,3.8187918902618696,28.5
eig@lognormal-poisson,27,0,0.11328664677715576,0.0
eig@lognormal-poisson,27,1,1.5852009770756057,29.0
eig@lognormal-poisson,27,2,0.09416389264579667,17.0
eig@lognormal-poisson,27,3,16.669713013625326,23.0
eig@lognormal-poisson,27,4,0.00910990079838472,3.0
eig@lognormal-poisson,27,5,0.509427241303101,26.0
eig@lognormal-poisson,27,6,0.8472087658865071,28.0
eig@lognormal-poisson,27,7,1.4584980648060233,28.0
eig@lognormal-poisson,27,8,0.04056672580000491,2.0
eig@lognormal-poisson,27,9,1.0682344691954062,26.0
eig@lognormal-poisson,27,10,3.542564548335941,29.0
eig@lognormal-poisson,27,11,3.8187918902618696,29.0
maxent@lognormal-poisson,27,0,0.11328664677715576,0.0
maxent@lognormal-poisson,27,1,1.5852009770756057,0.0
maxent@lognormal-poisson,27,2,0.09416389264579667,0.0
maxent@lognormal-poisson,27,3,16.669713013625326,0.0
maxent@lognormal-poisson,27,4,0.00910990079838472,0.0
maxent@lognormal-poisson,27,5,0.509427241303101,0.0
maxent@lognormal-poisson,27,6,0.8472087658865071,0.0
maxent@lognormal-poisson,27,7,1.4584980648060233,0.0
maxent@lognormal-poisson,27,8,0.04056672580000491,0.0
maxent@lognormal-poisson,27,9,1.0682344691954062,0.0
maxent@lognormal-poisson,27,10,3.542564548335941,0.0
maxent@lognormal-poisson,27,11,3.8187918902618696,240.0
d-optimality@lognormal-poisson,27,0,0.11328664677715576,1.0
d-optimality@lognormal-poisson,27,1,1.5852009770756057,28.0
d-optimality@lognormal-poisson,27,2,0.09416389264579667,18.0
d-optimality@lognormal-poisson,27,3,16.669713013625326,22.0
d-optimality@lognormal-poisson,27,4,0.00910990079838472,8.0
d-optimality@lognormal-poisson,27,5,0.509427241303101,25.0
d-optimality@lognormal-poisson,27,6,0.8472087658865071,26.0
d-optimality@lognormal-poisson,27,7,1.4584980648060233,26.0
d-optimality@lognormal-poisson,27,8,0.04056672580000491,5.0
d-optimality@lognormal-poisson,27,9,1.0682344691954062,25.0
d-optimality@lognormal-poisson,27,10,3.542564548335941,28.0
d-optimality@lognormal-poisson,27,11,3.8187918902618696,28.0
neyman@lognormal-poisson,27,0,0.11328664677715576,7.0
neyman@lognormal-poisson,27,1,1.5852009770756057,19.0
neyman@lognormal-poisson,27,2,0.09416389264579667,5.0
neyman@lognormal-poisson,27,3,16.669713013625326,69.0
neyman@lognormal-poisson,27,4,0.00910990079838472,4.0
neyman@lognormal-poisson,27,5,0.509427241303101,11.0
neyman@lognormal-poisson,27,6,0.8472087658865071,23.0
neyman@lognormal-poisson,27,7,1.4584980648060233,17.0
neyman@lognormal-poisson,27,8,0.04056672580000491,4.0
neyman@lognormal-poisson,27,9,1.0682344691954062,18.0
neyman@lognormal-poisson,27,10,3.542564548335941,31.0
neyman@lognormal-poisson,27,11,3.8187918902618696,32.0
predictive-variance@lognormal-poisson,27,0,0.11328664677715576,0.0
predictive-variance@lognormal-poisson,27,1,1.5852009770756057,40.0
predictive-variance@lognormal-poisson,27,2,0.09416389264579667,0.0
predictive-variance@lognormal-poisson,27,3,16.669713013625326,40.0
predictive-variance@lognormal-poisson,27,4,0.00910990079838472,0.0
predictive-variance@lognormal-poisson,27,5,0.509427241303101,40.0
predictive-variance@lognormal-poisson,27,6,0.8472087658865071,0.0
predictive-variance@lognormal-poisson,27,7,1.4584980648060233,40.0
predictive-variance@lognormal-poisson,27,8,0.04056672580000491,0.0
predictive-variance@lognormal-poisson,27,9,1.0682344691954062,0.0
predictive-variance@lognormal-poisson,27,10,3.542564548335941,40.0
predictive-variance@lognormal-poisson,27,11,3.8187918902618696,40.0
epistemic@lognormal-poisson,27,0,0.11328664677715576,0.0
epistemic@lognormal-poisson,27,1,1.5852009770756057,40.0
epistemic@lognormal-poisson,27,2,0.09416389264579667,0.0
epistemic@lognormal-poisson,27,3,16.669713013625326,40.0
epistemic@lognormal-poisson,27,4,0.00910990079838472,0.0
epistemic@lognormal-poisson,27,5,0.509427241303101,40.0
epistemic@lognormal-poisson,27,6,0.8472087658865071,0.0
epistemic@lognormal-poisson,27,7,1.4584980648060233,40.0
epistemic@lognormal-poisson,27,8,0.04056672580000491,0.0
epistemic@lognormal-poisson,27,9,1.0682344691954062,0.0
epistemic@lognormal-poisson,27,10,3.542564548335941,40.0
epistemic@lognormal-poisson,27,11,3.8187918902618696,40.0
thompson@lognormal-poisson,27,0,0.11328664677715576,0.0
thompson@lognormal-poisson,27,1,1.5852009770756057,80.0
thompson@lognormal-poisson,27,2,0.09416389264579667,0.0
thompson@lognormal-poisson,27,3,16.669713013625326,80.0
thompson@lognormal-poisson,27,4,0.00910990079838472,0.0
thompson@lognormal-poisson,27,5,0.509427241303101,40.0
thompson@lognormal-poisson,27,6,0.8472087658865071,0.0
thompson@lognormal-poisson,27,7,1.4584980648060233,0.0
thompson@lognormal-poisson,27,8,0.04056672580000491,0.0
thompson@lognormal-poisson,27,9,1.0682344691954062,0.0
thompson@lognormal-poisson,27,10,3.542564548335941,0.0
thompson@lognormal-poisson,27,11,3.8187918902618696,40.0
eig,28,0,3.6076355840489636,27.0
eig,28,1,0.2185254706506044,16.0
eig,28,2,0.06328061433170468,15.0
eig,28,3,0.10722536493107362,3.0
eig,28,4,1.2680832820881363,25.0
eig,28,5,0.7984886963641864,23.0
eig,28,6,0.31231982927043367,22.0
eig,28,7,2.467547830521292,26.0
eig,28,8,0.6398116083669859,23.0
eig,28,9,2.345080606656126,27.0
eig,28,10,0.08109218231639527,7.0
eig,28,11,2.740435716817214,26.0
epig,28,0,3.6076355840489636,23.0
epig,28,1,0.2185254706506044,16.0
epig,28,2,0.06328061433170468,15.0
epig,28,3,0.10722536493107362,8.0
epig,28,4,1.2680832820881363,24.0
epig,28,5,0.7984886963641864,22.0
epig,28,6,0.31231982927043367,18.0
epig,28,7,2.467547830521292,26.0
epig,28,8,0.6398116083669859,24.0
epig,28,9,2.345080606656126,30.0
epig,28,10,0.08109218231639527,7.0
epig,28,11,2.740435716817214,27.0
maxent,28,0,3.6076355840489636,237.0
maxent,28,1,0.2185254706506044,0.0
maxent,28,2,0.06328061433170468,0.0
maxent,28,3,0.10722536493107362,0.0
maxent,28,4,1.2680832820881363,2.0
maxent,28,5,0.7984886963641864,0.0
maxent,28,6,0.31231982927043367,1.0
maxent,28,7,2.467547830521292,0.0
maxent,28,8,0.6398116083669859,0.0
maxent,28,9,2.345080606656126,0.0
maxent,28,10,0.08109218231639527,0.0
maxent,28,11,2.740435716817214,0.0
d-optimality,28,0,3.6076355840489636,24.0
d-optimality,28,1,0.2185254706506044,15.0
d-optimality,28,2,0.06328061433170468,18.0
d-optimality,28,3,0.10722536493107362,8.0
d-optimality,28,4,1.2680832820881363,23.0
d-optimality,28,5,0.7984886963641864,22.0
d-optimality,28,6,0.31231982927043367,20.0
d-optimality,28,7,2.467547830521292,24.0
d-optimality,28,8,0.6398116083669859,22.0
d-optimality,28,9,2.345080606656126,24.0
d-optimality,28,10,0.08109218231639527,16.0
d-optimality,28,11,2.740435716817214,24.0
neyman,28,0,3.6076355840489636,35.0
neyman,28,1,0.2185254706506044,12.0
neyman,28,2,0.06328061433170468,9.0
neyman,28,3,0.10722536493107362,9.0
neyman,28,4,1.2680832820881363,25.0
neyman,28,5,0.7984886963641864,19.0
neyman,28,6,0.31231982927043367,11.0
neyman,28,7,2.467547830521292,26.0
neyman,28,8,0.6398116083669859,17.0
neyman,28,9,2.345080606656126,38.0
neyman,28,10,0.08109218231639527,4.0
neyman,28,11,2.740435716817214,35.0
predictive-variance,28,0,3.6076355840489636,40.0
predictive-variance,28,1,0.2185254706506044,0.0
predictive-variance,28,2,0.06328061433170468,0.0
predictive-variance,28,3,0.10722536493107362,0.0
predictive-variance,28,4,1.2680832820881363,40.0
predictive-variance,28,5,0.7984886963641864,40.0
predictive-variance,28,6,0.31231982927043367,40.0
predictive-variance,28,7,2.467547830521292,40.0
predictive-variance,28,8,0.6398116083669859,0.0
predictive-variance,28,9,2.345080606656126,40.0
predictive-variance,28,10,0.08109218231639527,0.0
predictive-variance,28,11,2.740435716817214,0.0
epistemic,28,0,3.6076355840489636,40.0
epistemic,28,1,0.2185254706506044,0.0
epistemic,28,2,0.06328061433170468,0.0
epistemic,28,3,0.10722536493107362,0.0
epistemic,28,4,1.2680832820881363,40.0
epistemic,28,5,0.7984886963641864,40.0
epistemic,28,6,0.31231982927043367,40.0
epistemic,28,7,2.467547830521292,40.0
epistemic,28,8,0.6398116083669859,0.0
epistemic,28,9,2.345080606656126,40.0
epistemic,28,10,0.08109218231639527,0.0
epistemic,28,11,2.740435716817214,0.0
thompson,28,0,3.6076355840489636,160.0
thompson,28,1,0.2185254706506044,0.0
thompson,28,2,0.06328061433170468,0.0
thompson,28,3,0.10722536493107362,0.0
thompson,28,4,1.2680832820881363,40.0
thompson,28,5,0.7984886963641864,0.0
thompson,28,6,0.31231982927043367,0.0
thompson,28,7,2.467547830521292,0.0
thompson,28,8,0.6398116083669859,0.0
thompson,28,9,2.345080606656126,0.0
thompson,28,10,0.08109218231639527,0.0
thompson,28,11,2.740435716817214,40.0
uniform,28,0,3.6076355840489636,20.0
uniform,28,1,0.2185254706506044,20.0
uniform,28,2,0.06328061433170468,20.0
uniform,28,3,0.10722536493107362,20.0
uniform,28,4,1.2680832820881363,20.0
uniform,28,5,0.7984886963641864,20.0
uniform,28,6,0.31231982927043367,20.0
uniform,28,7,2.467547830521292,20.0
uniform,28,8,0.6398116083669859,20.0
uniform,28,9,2.345080606656126,20.0
uniform,28,10,0.08109218231639527,20.0
uniform,28,11,2.740435716817214,20.0
random,28,0,3.6076355840489636,28.5
random,28,1,0.2185254706506044,26.0
random,28,2,0.06328061433170468,52.0
random,28,3,0.10722536493107362,0.0
random,28,4,1.2680832820881363,2.5
random,28,5,0.7984886963641864,2.5
random,28,6,0.31231982927043367,2.0
random,28,7,2.467547830521292,1.0
random,28,8,0.6398116083669859,21.0
random,28,9,2.345080606656126,6.0
random,28,10,0.08109218231639527,12.5
random,28,11,2.740435716817214,86.0
eig@gamma-poisson,28,0,3.6076355840489636,23.0
eig@gamma-poisson,28,1,0.2185254706506044,16.0
eig@gamma-poisson,28,2,0.06328061433170468,21.0
eig@gamma-poisson,28,3,0.10722536493107362,5.0
eig@gamma-poisson,28,4,1.2680832820881363,23.0
eig@gamma-poisson,28,5,0.7984886963641864,22.0
eig@gamma-poisson,28,6,0.31231982927043367,23.0
eig@gamma-poisson,28,7,2.467547830521292,23.0
eig@gamma-poisson,28,8,0.6398116083669859,22.0
eig@gamma-poisson,28,9,2.345080606656126,23.0
eig@gamma-poisson,28,10,0.08109218231639527,17.0
eig@gamma-poisson,28,11,2.740435716817214,22.0
maxent@gamma-poisson,28,0,3.6076355840489636,237.0
maxent@gamma-poisson,28,1,0.2185254706506044,0.0
maxent@gamma-poisson,28,2,0.06328061433170468,0.0
maxent@gamma-poisson,28,3,0.10722536493107362,0.0
maxent@gamma-poisson,28,4,1.2680832820881363,2.0
maxent@gamma-poisson,28,5,0.7984886963641864,0.0
maxent@gamma-poisson,28,6,0.31231982927043367,1.0
maxent@gamma-poisson,28,7,2.467547830521292,0.0
maxent@gamma-poisson,28,8,0.6398116083669859,0.0
maxent@gamma-poisson,28,9,2.345080606656126,0.0
maxent@gamma-poisson,28,10,0.08109218231639527,0.0
maxent@gamma-poisson,28,11,2.740435716817214,0.0
d-optimality@gamma-poisson,28,0,3.6076355840489636,23.0
d-optimality@gamma-poisson,28,1,0.2185254706506044,16.0
d-optimality@gamma-poisson,28,2,0.06328061433170468,21.0
d-optimality@gamma-poisson,28,3,0.10722536493107362,6.0
d-optimality@gamma-poisson,28,4,1.2680832820881363,22.0
d-optimality@gamma-poisson,28,5,0.7984886963641864,21.0
d-optimality@gamma-poisson,28,6,0.31231982927043367,23.0
d-optimality@gamma-poisson,28,7,2.467547830521292,22.0
d-optimality@gamma-poisson,28,8,0.6398116083669859,22.0
d-optimality@gamma-poisson,28,9,2.345080606656126,23.0
d-optimality@gamma-poisson,28,10,0.08109218231639527,19.0
d-optimality@gamma-poisson,28,11,2.740435716817214,22.0
neyman@gamma-poisson,28,0,3.6076355840489636,35.0
neyman@gamma-poisson,28,1,0.2185254706506044,12.0
neyman@gamma-poisson,28,2,0.06328061433170468,9.0
neyman@gamma-poisson,28,3,0.10722536493107362,9.0
neyman@gamma-poisson,28,4,1.2680832820881363,25.0
neyman@gamma-poisson,28,5,0.7984886963641864,19.0
neyman@gamma-poisson,28,6,0.31231982927043367,11.0
neyman@gamma-poisson,28,7,2.467547830521292,26.0
neyman@gamma-poisson,28,8,0.6398116083669859,17.0
neyman@gamma-poisson,28,9,2.345080606656126,38.0
neyman@gamma-poisson,28,10,0.08109218231639527,4.0
neyman@gamma-poisson,28,11,2.740435716817214,35.0
predictive-variance@gamma-poisson,28,0,3.6076355840489636,40.0
predictive-variance@gamma-poisson,28,1,0.2185254706506044,0.0
predictive-variance@gamma-poisson,28,2,0.06328061433170468,0.0
predictive-variance@gamma-poisson,28,3,0.10722536493107362,0.0
predictive-variance@gamma-poisson,28,4,1.2680832820881363,40.0
predictive-variance@gamma-poisson,28,5,0.7984886963641864,40.0
predictive-variance@gamma-poisson,28,6,0.31231982927043367,40.0
predictive-variance@gamma-poisson,28,7,2.467547830521292,40.0
predictive-variance@gamma-poisson,28,8,0.6398116083669859,0.0
predictive-variance@gamma-poisson,28,9,2.345080606656126,40.0
predictive-variance@gamma-poisson,28,10,0.08109218231639527,0.0
predictive-variance@gamma-poisson,28,11,2.740435716817214,0.0
epistemic@gamma-poisson,28,0,3.6076355840489636,40.0
epistemic@gamma-poisson,28,1,0.2185254706506044,0.0
epistemic@gamma-poisson,28,2,0.06328061433170468,0.0
epistemic@gamma-poisson,28,3,0.10722536493107362,0.0
epistemic@gamma-poisson,28,4,1.2680832820881363,40.0
epistemic@gamma-poisson,28,5,0.7984886963641864,40.0
epistemic@gamma-poisson,28,6,0.31231982927043367,40.0
epistemic@gamma-poisson,28,7,2.467547830521292,40.0
epistemic@gamma-poisson,28,8,0.6398116083669859,0.0
epistemic@gamma-poisson,28,9,2.345080606656126,40.0
epistemic@gamma-poisson,28,10,0.08109218231639527,0.0
epistemic@gamma-poisson,28,11,2.740435716817214,0.0
thompson@gamma-poisson,28,0,3.6076355840489636,80.0
thompson@gamma-poisson,28,1,0.2185254706506044,0.0
thompson@gamma-poisson,28,2,0.06328061433170468,0.0
thompson@gamma-poisson,28,3,0.10722536493107362,0.0
thompson@gamma-poisson,28,4,1.2680832820881363,40.0
thompson@gamma-poisson,28,5,0.7984886963641864,0.0
thompson@gamma-poisson,28,6,0.31231982927043367,40.0
thompson@gamma-poisson,28,7,2.467547830521292,40.0
thompson@gamma-poisson,28,8,0.6398116083669859,0.0
thompson@gamma-poisson,28,9,2.345080606656126,40.0
thompson@gamma-poisson,28,10,0.08109218231639527,0.0
thompson@gamma-poisson,28,11,2.740435716817214,0.0
epig@gamma-poisson,28,0,3.6076355840489636,21.0
epig@gamma-poisson,28,1,0.2185254706506044,16.0
epig@gamma-poisson,28,2,0.06328061433170468,20.0
epig@gamma-poisson,28,3,0.10722536493107362,7.0
epig@gamma-poisson,28,4,1.2680832820881363,23.0
epig@gamma-poisson,28,5,0.7984886963641864,21.0
epig@gamma-poisson,28,6,0.31231982927043367,21.0
epig@gamma-poisson,28,7,2.467547830521292,24.0
epig@gamma-poisson,28,8,0.6398116083669859,23.0
epig@gamma-poisson,28,9,2.345080606656126,25.0
epig@gamma-poisson,28,10,0.08109218231639527,14.0
epig@gamma-poisson,28,11,2.740435716817214,25.0
eig@lognormal-poisson,28,0,3.6076355840489636,26.0
eig@lognormal-poisson,28,1,0.2185254706506044,15.0
eig@lognormal-poisson,28,2,0.06328061433170468,18.0
eig@lognormal-poisson,28,3,0.10722536493107362,2.0
eig@lognormal-poisson,28,4,1.2680832820881363,25.0
eig@lognormal-poisson,28,5,0.7984886963641864,23.0
eig@lognormal-poisson,28,6,0.31231982927043367,24.0
eig@lognormal-poisson,28,7,2.467547830521292,25.0
eig@lognormal-poisson,28,8,0.6398116083669859,23.0
eig@lognormal-poisson,28,9,2.345080606656126,26.0
eig@lognormal-poisson,28,10,0.08109218231639527,7.0
eig@lognormal-poisson,28,11,2.740435716817214,26.0
maxent@lognormal-poisson,28,0,3.6076355840489636,238.0
maxent@lognormal-poisson,28,1,0.2185254706506044,0.0
maxent@lognormal-poisson,28,2,0.06328061433170468,0.0
maxent@lognormal-poisson,28,3,0.10722536493107362,0.0
maxent@lognormal-poisson,28,4,1.2680832820881363,1.0
maxent@lognormal-poisson,28,5,0.7984886963641864,0.0
maxent@lognormal-poisson,28,6,0.31231982927043367,1.0
maxent@lognormal-poisson,28,7,2.467547830521292,0.0
maxent@lognormal-poisson,28,8,0.6398116083669859,0.0
maxent@lognormal-poisson,28,9,2.345080606656126,0.0
maxent@lognormal-poisson,28,10,0.08109218231639527,0.0
maxent@lognormal-poisson,28,11,2.740435716817214,0.0
d-optimality@lognormal-poisson,28,0,3.6076355840489636,25.0
d-optimality@lognormal-poisson,28,1,0.2185254706506044,14.0
d-optimality@lognormal-poisson,28,2,0.06328061433170468,18.0
d-optimality@lognormal-poisson,28,3,0.10722536493107362,7.0
d-optimality@lognormal-poisson,28,4,1.2680832820881363,23.0
d-optimality@lognormal-poisson,28,5,0.7984886963641864,22.0
d-optimality@lognormal-poisson,28,6,0.31231982927043367,23.0
d-optimality@lognormal-poisson,28,7,2.467547830521292,24.0
d-optimality@lognormal-poisson,28,8,0.6398116083669859,22.0
d-optimality@lognormal-poisson,28,9,2.345080606656126,24.0
d-optimality@lognormal-poisson,28,10,0.08109218231639527,14.0
d-optimality@lognormal-poisson,28,11,2.740435716817214,24.0
neyman@lognormal-poisson,28,0,3.6076355840489636,35.0
neyman@lognormal-poisson,28,1,0.2185254706506044,12.0
neyman@lognormal-poisson,28,2,0.06328061433170468,9.0
neyman@lognormal-poisson,28,3,0.10722536493107362,9.0
neyman@lognormal-poisson,28,4,1.2680832820881363,25.0
neyman@lognormal-poisson,28,5,0.7984886963641864,19.0
neyman@lognormal-poisson,28,6,0.31231982927043367,11.0
neyman@lognormal-poisson,28,7,2.467547830521292,26.0
neyman@lognormal-poisson,28,8,0.6398116083669859,17.0
neyman@lognormal-poisson,28,9,2.345080606656126,38.0
neyman@lognormal-poisson,28,10,0.08109218231639527,4.0
neyman@lognormal-poisson,28,11,2.740435716817214,35.0
predictive-variance@lognormal-poisson,28,0,3.6076355840489636,40.0
predictive-variance@lognormal-poisson,28,1,0.2185254706506044,0.0
predictive-variance@lognormal-poisson,28,2,0.06328061433170468,0.0
predictive-variance@lognormal-poisson,28,3,0.10722536493107362,0.0
predictive-variance@lognormal-poisson,28,4,1.2680832820881363,40.0
predictive-variance@lognormal-poisson,28,5,0.7984886963641864,40.0
predictive-variance@lognormal-poisson,28,6,0.31231982927043367,40.0
predictive-variance@lognormal-poisson,28,7,2.467547830521292,40.0
predictive-variance@lognormal-poisson,28,8,0.6398116083669859,0.0
predictive-variance@lognormal-poisson,28,9,2.345080606656126,40.0
predictive-variance@lognormal-poisson,28,10,0.08109218231639527,0.0
predictive-variance@lognormal-poisson,28,11,2.740435716817214,0.0
epistemic@lognormal-poisson,28,0,3.6076355840489636,40.0
epistemic@lognormal-poisson,28,1,0.2185254706506044,0.0
epistemic@lognormal-poisson,28,2,0.06328061433170468,0.0
epistemic@lognormal-poisson,28,3,0.10722536493107362,0.0
epistemic@lognormal-poisson,28,4,1.2680832820881363,40.0
epistemic@lognormal-poisson,28,5,0.7984886963641864,40.0
epistemic@lognormal-poisson,28,6,0.31231982927043367,40.0
epistemic@lognormal-poisson,28,7,2.467547830521292,40.0
epistemic@lognormal-poisson,28,8,0.6398116083669859,0.0
epistemic@lognormal-poisson,28,9,2.345080606656126,40.0
epistemic@lognormal-poisson,28,10,0.08109218231639527,0.0
epistemic@lognormal-poisson,28,11,2.740435716817214,0.0
thompson@lognormal-poisson,28,0,3.6076355840489636,40.0
thompson@lognormal-poisson,28,1,0.2185254706506044,0.0
thompson@lognormal-poisson,28,2,0.06328061433170468,0.0
thompson@lognormal-poisson,28,3,0.10722536493107362,0.0
thompson@lognormal-poisson,28,4,1.2680832820881363,40.0
thompson@lognormal-poisson,28,5,0.7984886963641864,0.0
thompson@lognormal-poisson,28,6,0.31231982927043367,40.0
thompson@lognormal-poisson,28,7,2.467547830521292,0.0
thompson@lognormal-poisson,28,8,0.6398116083669859,40.0
thompson@lognormal-poisson,28,9,2.345080606656126,40.0
thompson@lognormal-poisson,28,10,0.08109218231639527,0.0
thompson@lognormal-poisson,28,11,2.740435716817214,40.0
eig,29,0,1.1631541653337472,27.0
eig,29,1,0.02388900482926976,7.0
eig,29,2,0.030792856890466142,6.0
eig,29,3,3.314019275456429,28.0
eig,29,4,0.5343274821596696,22.0
eig,29,5,1.4529482262538664,28.0
eig,29,6,4.51185850890998,28.0
eig,29,7,1.0151081066552818,27.0
eig,29,8,1.4598054879053062,27.0
eig,29,9,0.07742399043997338,14.0
eig,29,10,0.08462361422899496,18.0
eig,29,11,0.02774261884846089,8.0
epig,29,0,1.1631541653337472,25.0
epig,29,1,0.02388900482926976,6.0
epig,29,2,0.030792856890466142,7.0
epig,29,3,3.314019275456429,24.0
epig,29,4,0.5343274821596696,23.0
epig,29,5,1.4529482262538664,28.0
epig,29,6,4.51185850890998,25.5
epig,29,7,1.0151081066552818,26.0
epig,29,8,1.4598054879053062,28.0
epig,29,9,0.07742399043997338,19.0
epig,29,10,0.08462361422899496,19.0
epig,29,11,0.02774261884846089,9.0
maxent,29,0,1.1631541653337472,0.0
maxent,29,1,0.02388900482926976,0.0
maxent,29,2,0.030792856890466142,0.0
maxent,29,3,3.314019275456429,238.0
maxent,29,4,0.5343274821596696,1.0
maxent,29,5,1.4529482262538664,0.0
maxent,29,6,4.51185850890998,0.0
maxent,29,7,1.0151081066552818,0.0
maxent,29,8,1.4598054879053062,1.0
maxent,29,9,0.07742399043997338,0.0
maxent,29,10,0.08462361422899496,0.0
maxent,29,11,0.02774261884846089,0.0
d-optimality,29,0,1.1631541653337472,25.0
d-optimality,29,1,0.02388900482926976,8.0
d-optimality,29,2,0.030792856890466142,8.0
d-optimality,29,3,3.314019275456429,26.0
d-optimality,29,4,0.5343274821596696,21.0
d-optimality,29,5,1.4529482262538664,26.0
d-optimality,29,6,4.51185850890998,26.0
d-optimality,29,7,1.0151081066552818,25.0
d-optimality,29,8,1.4598054879053062,25.0
d-optimality,29,9,0.07742399043997338,20.0
d-optimality,29,10,0.08462361422899496,19.0
d-optimality,29,11,0.02774261884846089,11.0
neyman,29,0,1.1631541653337472,26.0
neyman,29,1,0.02388900482926976,6.0
neyman,29,2,0.030792856890466142,6.0
neyman,29,3,3.314019275456429,35.0
neyman,29,4,0.5343274821596696,22.0
neyman,29,5,1.4529482262538664,28.0
neyman,29,6,4.51185850890998,41.0
neyman,29,7,1.0151081066552818,24.0
neyman,29,8,1.4598054879053062,28.0
neyman,29,9,0.07742399043997338,7.0
neyman,29,10,0.08462361422899496,12.0
neyman,29,11,0.02774261884846089,5.0
predictive-variance,29,0,1.1631541653337472,40.0
predictive-variance,29,1,0.02388900482926976,0.0
predictive-variance,29,2,0.030792856890466142,0.0
predictive-variance,29,3,3.314019275456429,40.0
predictive-variance,29,4,0.5343274821596696,40.0
predictive-variance,29,5,1.4529482262538664,40.0
predictive-variance,29,6,4.51185850890998,40.0
predictive-variance,29,7,1.0151081066552818,0.0
predictive-variance,29,8,1.4598054879053062,40.0
predictive-variance,29,9,0.07742399043997338,0.0
predictive-variance,29,10,0.08462361422899496,0.0
predictive-variance,29,11,0.02774261884846089,0.0
epistemic,29,0,1.1631541653337472,40.0
epistemic,29,1,0.02388900482926976,0.0
epistemic,29,2,0.030792856890466142,0.0
epistemic,29,3,3.314019275456429,40.0
epistemic,29,4,0.5343274821596696,40.0
epistemic,29,5,1.4529482262538664,40.0
epistemic,29,6,4.51185850890998,40.0
epistemic,29,7,1.0151081066552818,0.0
epistemic,29,8,1.4598054879053062,40.0
epistemic,29,9,0.07742399043997338,0.0
epistemic,29,10,0.08462361422899496,0.0
epistemic,29,11,0.02774261884846089,0.0
thompson,29,0,1.1631541653337472,40.0
thompson,29,1,0.02388900482926976,0.0
thompson,29,2,0.030792856890466142,0.0
thompson,29,3,3.314019275456429,0.0
thompson,29,4,0.5343274821596696,40.0
thompson,29,5,1.4529482262538664,40.0
thompson,29,6,4.51185850890998,80.0
thompson,29,7,1.0151081066552818,0.0
thompson,29,8,1.4598054879053062,40.0
thompson,29,9,0.07742399043997338,0.0
thompson,29,10,0.08462361422899496,0.0
thompson,29,11,0.02774261884846089,0.0
uniform,29,0,1.1631541653337472,20.0
uniform,29,1,0.02388900482926976,20.0
uniform,29,2,0.030792856890466142,20.0
uniform,29,3,3.314019275456429,20.0
uniform,29,4,0.5343274821596696,20.0
uniform,29,5,1.4529482262538664,20.0
uniform,29,6,4.51185850890998,20.0
uniform,29,7,1.0151081066552818,20.0
uniform,29,8,1.4598054879053062,20.0
uniform,29,9,0.07742399043997338,20.0
uniform,29,10,0.08462361422899496,20.0
uniform,29,11,0.02774261884846089,20.0
random,29,0,1.1631541653337472,50.0
random,29,1,0.02388900482926976,10.0
random,29,2,0.030792856890466142,22.5
random,29,3,3.314019275456429,12.5
random,29,4,0.5343274821596696,3.5
random,29,5,1.4529482262538664,8.5
random,29,6,4.51185850890998,77.5
random,29,7,1.0151081066552818,1.0
random,29,8,1.4598054879053062,31.0
random,29,9,0.07742399043997338,17.0
random,29,10,0.08462361422899496,2.0
random,29,11,0.02774261884846089,4.5
eig@gamma-poisson,29,0,1.1631541653337472,24.0
eig@gamma-poisson,29,1,0.02388900482926976,12.0
eig@gamma-poisson,29,2,0.030792856890466142,11.0
eig@gamma-poisson,29,3,3.314019275456429,25.0
eig@gamma-poisson,29,4,0.5343274821596696,24.0
eig@gamma-poisson,29,5,1.4529482262538664,24.0
eig@gamma-poisson,29,6,4.51185850890998,25.0
eig@gamma-poisson,29,7,1.0151081066552818,23.0
eig@gamma-poisson,29,8,1.4598054879053062,24.0
eig@gamma-poisson,29,9,0.07742399043997338,14.0
eig@gamma-poisson,29,10,0.08462361422899496,22.0
eig@gamma-poisson,29,11,0.02774261884846089,12.0
maxent@gamma-poisson,29,0,1.1631541653337472,0.0
maxent@gamma-poisson,29,1,0.02388900482926976,0.0
maxent@gamma-poisson,29,2,0.030792856890466142,0.0
maxent@gamma-poisson,29,3,3.314019275456429,238.0
maxent@gamma-poisson,29,4,0.5343274821596696,1.0
maxent@gamma-poisson,29,5,1.4529482262538664,0.0
maxent@gamma-poisson,29,6,4.51185850890998,0.0
maxent@gamma-poisson,29,7,1.0151081066552818,0.0
maxent@gamma-poisson,29,8,1.4598054879053062,1.0
maxent@gamma-poisson,29,9,0.07742399043997338,0.0
maxent@gamma-poisson,29,10,0.08462361422899496,0.0
maxent@gamma-poisson,29,11,0.02774261884846089,0.0
d-optimality@gamma-poisson,29,0,1.1631541653337472,22.0
d-optimality@gamma-poisson,29,1,0.02388900482926976,12.0
d-optimality@gamma-poisson,29,2,0.030792856890466142,13.0
d-optimality@gamma-poisson,29,3,3.314019275456429,23.0
d-optimality@gamma-poisson,29,4,0.5343274821596696,23.0
d-optimality@gamma-poisson,29,5,1.4529482262538664,23.0
d-optimality@gamma-poisson,29,6,4.51185850890998,23.0
d-optimality@gamma-poisson,29,7,1.0151081066552818,22.0
d-optimality@gamma-poisson,29,8,1.4598054879053062,23.0
d-optimality@gamma-poisson,29,9,0.07742399043997338,15.0
d-optimality@gamma-poisson,29,10,0.08462361422899496,22.0
d-optimality@gamma-poisson,29,11,0.02774261884846089,19.0
neyman@gamma-poisson,29,0,1.1631541653337472,26.0
neyman@gamma-poisson,29,1,0.02388900482926976,6.0
neyman@gamma-poisson,29,2,0.030792856890466142,6.0
neyman@gamma-poisson,29,3,3.314019275456429,35.0
neyman@gamma-poisson,29,4,0.5343274821596696,21.0
neyman@gamma-poisson,29,5,1.4529482262538664,28.0
neyman@gamma-poisson,29,6,4.51185850890998,41.0
neyman@gamma-poisson,29,7,1.0151081066552818,24.0
neyman@gamma-poisson,29,8,1.4598054879053062,28.0
neyman@gamma-poisson,29,9,0.07742399043997338,8.0
neyman@gamma-poisson,29,10,0.08462361422899496,12.0
neyman@gamma-poisson,29,11,0.02774261884846089,5.0
predictive-variance@gamma-poisson,29,0,1.1631541653337472,40.0
predictive-variance@gamma-poisson,29,1,0.02388900482926976,0.0
predictive-variance@gamma-poisson,29,2,0.030792856890466142,0.0
predictive-variance@gamma-poisson,29,3,3.314019275456429,40.0
predictive-variance@gamma-poisson,29,4,0.5343274821596696,40.0
predictive-variance@gamma-poisson,29,5,1.4529482262538664,40.0
predictive-variance@gamma-poisson,29,6,4.51185850890998,40.0
predictive-variance@gamma-poisson,29,7,1.0151081066552818,0.0
predictive-variance@gamma-poisson,29,8,1.4598054879053062,40.0
predictive-variance@gamma-poisson,29,9,0.07742399043997338,0.0
predictive-variance@gamma-poisson,29,10,0.08462361422899496,0.0
predictive-variance@gamma-poisson,29,11,0.02774261884846089,0.0
epistemic@gamma-poisson,29,0,1.1631541653337472,40.0
epistemic@gamma-poisson,29,1,0.02388900482926976,0.0
epistemic@gamma-poisson,29,2,0.030792856890466142,0.0
epistemic@gamma-poisson,29,3,3.314019275456429,40.0
epistemic@gamma-poisson,29,4,0.5343274821596696,40.0
epistemic@gamma-poisson,29,5,1.4529482262538664,40.0
epistemic@gamma-poisson,29,6,4.51185850890998,40.0
epistemic@gamma-poisson,29,7,1.0151081066552818,0.0
epistemic@gamma-poisson,29,8,1.4598054879053062,40.0
epistemic@gamma-poisson,29,9,0.07742399043997338,0.0
epistemic@gamma-poisson,29,10,0.08462361422899496,0.0
epistemic@gamma-poisson,29,11,0.02774261884846089,0.0
thompson@gamma-poisson,29,0,1.1631541653337472,40.0
thompson@gamma-poisson,29,1,0.02388900482926976,0.0
thompson@gamma-poisson,29,2,0.030792856890466142,0.0
thompson@gamma-poisson,29,3,3.314019275456429,120.0
thompson@gamma-poisson,29,4,0.5343274821596696,40.0
thompson@gamma-poisson,29,5,1.4529482262538664,0.0
thompson@gamma-poisson,29,6,4.51185850890998,0.0
thompson@gamma-poisson,29,7,1.0151081066552818,0.0
thompson@gamma-poisson,29,8,1.4598054879053062,40.0
thompson@gamma-poisson,29,9,0.07742399043997338,0.0
thompson@gamma-poisson,29,10,0.08462361422899496,0.0
thompson@gamma-poisson,29,11,0.02774261884846089,0.0
epig@gamma-poisson,29,0,1.1631541653337472,23.0
epig@gamma-poisson,29,1,0.02388900482926976,9.0
epig@gamma-poisson,29,2,0.030792856890466142,11.0
epig@gamma-poisson,29,3,3.314019275456429,24.0
epig@gamma-poisson,29,4,0.5343274821596696,26.0
epig@gamma-poisson,29,5,1.4529482262538664,25.0
epig@gamma-poisson,29,6,4.51185850890998,24.0
epig@gamma-poisson,29,7,1.0151081066552818,23.0
epig@gamma-poisson,29,8,1.4598054879053062,25.0
epig@gamma-poisson,29,9,0.07742399043997338,14.0
epig@gamma-poisson,29,10,0.08462361422899496,23.0
epig@gamma-poisson,29,11,0.02774261884846089,13.0
eig@lognormal-poisson,29,0,1.1631541653337472,28.0
eig@lognormal-poisson,29,1,0.02388900482926976,7.0
eig@lognormal-poisson,29,2,0.030792856890466142,6.0
eig@lognormal-poisson,29,3,3.314019275456429,29.0
eig@lognormal-poisson,29,4,0.5343274821596696,26.0
eig@lognormal-poisson,29,5,1.4529482262538664,28.0
eig@lognormal-poisson,29,6,4.51185850890998,29.0
eig@lognormal-poisson,29,7,1.0151081066552818,28.0
eig@lognormal-poisson,29,8,1.4598054879053062,28.0
eig@lognormal-poisson,29,9,0.07742399043997338,3.0
eig@lognormal-poisson,29,10,0.08462361422899496,20.0
eig@lognormal-poisson,29,11,0.02774261884846089,8.0
maxent@lognormal-poisson,29,0,1.1631541653337472,0.0
maxent@lognormal-poisson,29,1,0.02388900482926976,0.0
maxent@lognormal-poisson,29,2,0.030792856890466142,0.0
maxent@lognormal-poisson,29,3,3.314019275456429,238.0
maxent@lognormal-poisson,29,4,0.5343274821596696,1.0
maxent@lognormal-poisson,29,5,1.4529482262538664,0.0
maxent@lognormal-poisson,29,6,4.51185850890998,0.0
maxent@lognormal-poisson,29,7,1.0151081066552818,0.0
maxent@lognormal-poisson,29,8,1.4598054879053062,1.0
maxent@lognormal-poisson,29,9,0.07742399043997338,0.0
maxent@lognormal-poisson,29,10,0.08462361422899496,0.0
maxent@lognormal-poisson,29,11,0.02774261884846089,0.0
d-optimality@lognormal-poisson,29,0,1.1631541653337472,25.0
d-optimality@lognormal-poisson,29,1,0.02388900482926976,8.0
d-optimality@lognormal-poisson,29,2,0.030792856890466142,8.0
d-optimality@lognormal-poisson,29,3,3.314019275456429,26.0
d-optimality@lognormal-poisson,29,4,0.5343274821596696,23.0
d-optimality@lognormal-poisson,29,5,1.4529482262538664,26.0
d-optimality@lognormal-poisson,29,6,4.51185850890998,27.0
d-optimality@lognormal-poisson,29,7,1.0151081066552818,26.0
d-optimality@lognormal-poisson,29,8,1.4598054879053062,26.0
d-optimality@lognormal-poisson,29,9,0.07742399043997338,14.0
d-optimality@lognormal-poisson,29,10,0.08462361422899496,20.0
d-optimality@lognormal-poisson,29,11,0.02774261884846089,11.0
neyman@lognormal-poisson,29,0,1.1631541653337472,26.0
neyman@lognormal-poisson,29,1,0.02388900482926976,6.0
neyman@lognormal-poisson,29,2,0.030792856890466142,6.0
neyman@lognormal-poisson,29,3,3.314019275456429,35.0
neyman@lognormal-poisson,29,4,0.5343274821596696,22.0
neyman@lognormal-poisson,29,5,1.4529482262538664,27.0
neyman@lognormal-poisson,29,6,4.51185850890998,41.0
neyman@lognormal-poisson,29,7,1.0151081066552818,24.0
neyman@lognormal-poisson,29,8,1.4598054879053062,28.0
neyman@lognormal-poisson,29,9,0.07742399043997338,7.0
neyman@lognormal-poisson,29,10,0.08462361422899496,13.0
neyman@lognormal-poisson,29,11,0.02774261884846089,5.0
predictive-variance@lognormal-poisson,29,0,1.1631541653337472,40.0
predictive-variance@lognormal-poisson,29,1,0.02388900482926976,0.0
predictive-variance@lognormal-poisson,29,2,0.030792856890466142,0.0
predictive-variance@lognormal-poisson,29,3,3.314019275456429,40.0
predictive-variance@lognormal-poisson,29,4,0.5343274821596696,40.0
predictive-variance@lognormal-poisson,29,5,1.4529482262538664,40.0
predictive-variance@lognormal-poisson,29,6,4.51185850890998,40.0
predictive-variance@lognormal-poisson,29,7,1.0151081066552818,0.0
predictive-variance@lognormal-poisson,29,8,1.4598054879053062,40.0
predictive-variance@lognormal-poisson,29,9,0.07742399043997338,0.0
predictive-variance@lognormal-poisson,29,10,0.08462361422899496,0.0
predictive-variance@lognormal-poisson,29,11,0.02774261884846089,0.0
epistemic@lognormal-poisson,29,0,1.1631541653337472,40.0
epistemic@lognormal-poisson,29,1,0.02388900482926976,0.0
epistemic@lognormal-poisson,29,2,0.030792856890466142,0.0
epistemic@lognormal-poisson,29,3,3.314019275456429,40.0
epistemic@lognormal-poisson,29,4,0.5343274821596696,40.0
epistemic@lognormal-poisson,29,5,1.4529482262538664,40.0
epistemic@lognormal-poisson,29,6,4.51185850890998,40.0
epistemic@lognormal-poisson,29,7,1.0151081066552818,0.0
epistemic@lognormal-poisson,29,8,1.4598054879053062,40.0
epistemic@lognormal-poisson,29,9,0.07742399043997338,0.0
epistemic@lognormal-poisson,29,10,0.08462361422899496,0.0
epistemic@lognormal-poisson,29,11,0.02774261884846089,0.0
thompson@lognormal-poisson,29,0,1.1631541653337472,40.0
thompson@lognormal-poisson,29,1,0.02388900482926976,0.0
thompson@lognormal-poisson,29,2,0.030792856890466142,0.0
thompson@lognormal-poisson,29,3,3.314019275456429,120.0
thompson@lognormal-poisson,29,4,0.5343274821596696,40.0
thompson@lognormal-poisson,29,5,1.4529482262538664,0.0
thompson@lognormal-poisson,29,6,4.51185850890998,0.0
thompson@lognormal-poisson,29,7,1.0151081066552818,0.0
thompson@lognormal-poisson,29,8,1.4598054879053062,40.0
thompson@lognormal-poisson,29,9,0.07742399043997338,0.0
thompson@lognormal-poisson,29,10,0.08462361422899496,0.0
thompson@lognormal-poisson,29,11,0.02774261884846089,0.0
eig,30,0,0.8573445296598625,24.0
eig,30,1,0.1440922700653913,3.0
eig,30,2,0.37615948807545696,23.0
eig,30,3,0.11055532581455349,21.0
eig,30,4,0.26540881262030014,24.0
eig,30,5,0.2930138140765016,16.0
eig,30,6,2.3186774495455986,26.0
eig,30,7,0.7841729353955631,26.0
eig,30,8,14.065332318875406,27.0
eig,30,9,0.03232127675343209,7.0
eig,30,10,0.5165560550042735,21.0
eig,30,11,0.40490078521311307,22.0
epig,30,0,0.8573445296598625,27.0
epig,30,1,0.1440922700653913,5.0
epig,30,2,0.37615948807545696,22.0
epig,30,3,0.11055532581455349,16.0
epig,30,4,0.26540881262030014,23.0
epig,30,5,0.2930138140765016,16.0
epig,30,6,2.3186774495455986,28.0
epig,30,7,0.7841729353955631,24.0
epig,30,8,14.065332318875406,31.5
epig,30,9,0.03232127675343209,8.0
epig,30,10,0.5165560550042735,19.0
epig,30,11,0.40490078521311307,20.0
maxent,30,0,0.8573445296598625,0.0
maxent,30,1,0.1440922700653913,0.0
maxent,30,2,0.37615948807545696,0.0
maxent,30,3,0.11055532581455349,0.0
maxent,30,4,0.26540881262030014,0.0
maxent,30,5,0.2930138140765016,0.0
maxent,30,6,2.3186774495455986,0.0
maxent,30,7,0.7841729353955631,0.0
maxent,30,8,14.065332318875406,238.0
maxent,30,9,0.03232127675343209,0.0
maxent,30,10,0.5165560550042735,1.0
maxent,30,11,0.40490078521311307,1.0
d-optimality,30,0,0.8573445296598625,24.0
d-optimality,30,1,0.1440922700653913,6.0
d-optimality,30,2,0.37615948807545696,23.0
d-optimality,30,3,0.11055532581455349,21.0
d-optimality,30,4,0.26540881262030014,23.0
d-optimality,30,5,0.2930138140765016,17.0
d-optimality,30,6,2.3186774495455986,25.0
d-optimality,30,7,0.7841729353955631,25.0
d-optimality,30,8,14.065332318875406,26.0
d-optimality,30,9,0.03232127675343209,9.0
d-optimality,30,10,0.5165560550042735,20.0
d-optimality,30,11,0.40490078521311307,21.0
neyman,30,0,0.8573445296598625,12.0
neyman,30,1,0.1440922700653913,6.0
neyman,30,2,0.37615948807545696,15.0
neyman,30,3,0.11055532581455349,6.0
neyman,30,4,0.26540881262030014,10.0
neyman,30,5,0.2930138140765016,14.0
neyman,30,6,2.3186774495455986,32.0
neyman,30,7,0.7841729353955631,20.0
neyman,30,8,14.065332318875406,89.0
neyman,30,9,0.03232127675343209,7.0
neyman,30,10,0.5165560550042735,14.0
neyman,30,11,0.40490078521311307,15.0
predictive-variance,30,0,0.8573445296598625,0.0
predictive-variance,30,1,0.1440922700653913,0.0
predictive-variance,30,2,0.37615948807545696,40.0
predictive-variance,30,3,0.11055532581455349,0.0
predictive-variance,30,4,0.26540881262030014,0.0
predictive-variance,30,5,0.2930138140765016,0.0
predictive-variance,30,6,2.3186774495455986,40.0
predictive-variance,30,7,0.7841729353955631,40.0
predictive-variance,30,8,14.065332318875406,40.0
predictive-variance,30,9,0.03232127675343209,0.0
predictive-variance,30,10,0.5165560550042735,40.0
predictive-variance,30,11,0.40490078521311307,40.0
epistemic,30,0,0.8573445296598625,0.0
epistemic,30,1,0.1440922700653913,0.0
epistemic,30,2,0.37615948807545696,40.0
epistemic,30,3,0.11055532581455349,0.0
epistemic,30,4,0.26540881262030014,0.0
epistemic,30,5,0.2930138140765016,0.0
epistemic,30,6,2.3186774495455986,40.0
epistemic,30,7,0.7841729353955631,40.0
epistemic,30,8,14.065332318875406,40.0
epistemic,30,9,0.03232127675343209,0.0
epistemic,30,10,0.5165560550042735,40.0
epistemic,30,11,0.40490078521311307,40.0
thompson,30,0,0.8573445296598625,0.0
thompson,30,1,0.1440922700653913,0.0
thompson,30,2,0.37615948807545696,40.0
thompson,30,3,0.11055532581455349,0.0
thompson,30,4,0.26540881262030014,0.0
thompson,30,5,0.2930138140765016,40.0
thompson,30,6,2.3186774495455986,0.0
thompson,30,7,0.7841729353955631,40.0
thompson,30,8,14.065332318875406,40.0
thompson,30,9,0.03232127675343209,0.0
thompson,30,10,0.5165560550042735,40.0
thompson,30,11,0.40490078521311307,40.0
uniform,30,0,0.8573445296598625,20.0
uniform,30,1,0.1440922700653913,20.0
uniform,30,2,0.37615948807545696,20.0
uniform,30,3,0.11055532581455349,20.0
uniform,30,4,0.26540881262030014,20.0
uniform,30,5,0.2930138140765016,20.0
uniform,30,6,2.3186774495455986,20.0
uniform,30,7,0.7841729353955631,20.0
uniform,30,8,14.065332318875406,20.0
uniform,30,9,0.03232127675343209,20.0
uniform,30,10,0.5165560550042735,20.0
uniform,30,11,0.40490078521311307,20.0
random,30,0,0.8573445296598625,22.0
random,30,1,0.1440922700653913,22.5
random,30,2,0.37615948807545696,22.5
random,30,3,0.11055532581455349,2.5
random,30,4,0.26540881262030014,0.0
random,30,5,0.2930138140765016,5.0
random,30,6,2.3186774495455986,3.0
random,30,7,0.7841729353955631,52.5
random,30,8,14.065332318875406,23.5
random,30,9,0.03232127675343209,42.5
random,30,10,0.5165560550042735,43.5
random,30,11,0.40490078521311307,0.0
eig@gamma-poisson,30,0,0.8573445296598625,20.0
eig@gamma-poisson,30,1,0.1440922700653913,6.0
eig@gamma-poisson,30,2,0.37615948807545696,24.0
eig@gamma-poisson,30,3,0.11055532581455349,15.0
eig@gamma-poisson,30,4,0.26540881262030014,19.0
eig@gamma-poisson,30,5,0.2930138140765016,22.0
eig@gamma-poisson,30,6,2.3186774495455986,23.0
eig@gamma-poisson,30,7,0.7841729353955631,24.0
eig@gamma-poisson,30,8,14.065332318875406,24.0
eig@gamma-poisson,30,9,0.03232127675343209,15.0
eig@gamma-poisson,30,10,0.5165560550042735,24.0
eig@gamma-poisson,30,11,0.40490078521311307,24.0
maxent@gamma-poisson,30,0,0.8573445296598625,0.0
maxent@gamma-poisson,30,1,0.1440922700653913,0.0
maxent@gamma-poisson,30,2,0.37615948807545696,0.0
maxent@gamma-poisson,30,3,0.11055532581455349,0.0
maxent@gamma-poisson,30,4,0.26540881262030014,0.0
maxent@gamma-poisson,30,5,0.2930138140765016,0.0
maxent@gamma-poisson,30,6,2.3186774495455986,0.0
maxent@gamma-poisson,30,7,0.7841729353955631,0.0
maxent@gamma-poisson,30,8,14.065332318875406,238.0
maxent@gamma-poisson,30,9,0.03232127675343209,0.0
maxent@gamma-poisson,30,10,0.5165560550042735,1.0
maxent@gamma-poisson,30,11,0.40490078521311307,1.0
d-optimality@gamma-poisson,30,0,0.8573445296598625,20.0
d-optimality@gamma-poisson,30,1,0.1440922700653913,10.0
d-optimality@gamma-poisson,30,2,0.37615948807545696,23.0
d-optimality@gamma-poisson,30,3,0.11055532581455349,15.0
d-optimality@gamma-poisson,30,4,0.26540881262030014,19.0
d-optimality@gamma-poisson,30,5,0.2930138140765016,22.0
d-optimality@gamma-poisson,30,6,2.3186774495455986,22.0
d-optimality@gamma-poisson,30,7,0.7841729353955631,23.0
d-optimality@gamma-poisson,30,8,14.065332318875406,24.0
d-optimality@gamma-poisson,30,9,0.03232127675343209,16.0
d-optimality@gamma-poisson,30,10,0.5165560550042735,23.0
d-optimality@gamma-poisson,30,11,0.40490078521311307,23.0
neyman@gamma-poisson,30,0,0.8573445296598625,12.0
neyman@gamma-poisson,30,1,0.1440922700653913,6.0
neyman@gamma-poisson,30,2,0.37615948807545696,15.0
neyman@gamma-poisson,30,3,0.11055532581455349,7.0
neyman@gamma-poisson,30,4,0.26540881262030014,10.0
neyman@gamma-poisson,30,5,0.2930138140765016,13.0
neyman@gamma-poisson,30,6,2.3186774495455986,32.0
neyman@gamma-poisson,30,7,0.7841729353955631,20.0
neyman@gamma-poisson,30,8,14.065332318875406,90.0
neyman@gamma-poisson,30,9,0.03232127675343209,7.0
neyman@gamma-poisson,30,10,0.5165560550042735,14.0
neyman@gamma-poisson,30,11,0.40490078521311307,14.0
predictive-variance@gamma-poisson,30,0,0.8573445296598625,0.0
predictive-variance@gamma-poisson,30,1,0.1440922700653913,0.0
predictive-variance@gamma-poisson,30,2,0.37615948807545696,40.0
predictive-variance@gamma-poisson,30,3,0.11055532581455349,0.0
predictive-variance@gamma-poisson,30,4,0.26540881262030014,0.0
predictive-variance@gamma-poisson,30,5,0.2930138140765016,0.0
predictive-variance@gamma-poisson,30,6,2.3186774495455986,40.0
predictive-variance@gamma-poisson,30,7,0.7841729353955631,40.0
predictive-variance@gamma-poisson,30,8,14.065332318875406,40.0
predictive-variance@gamma-poisson,30,9,0.03232127675343209,0.0
predictive-variance@gamma-poisson,30,10,0.5165560550042735,40.0
predictive-variance@gamma-poisson,30,11,0.40490078521311307,40.0
epistemic@gamma-poisson,30,0,0.8573445296598625,0.0
epistemic@gamma-poisson,30,1,0.1440922700653913,0.0
epistemic@gamma-poisson,30,2,0.37615948807545696,40.0
epistemic@gamma-poisson,30,3,0.11055532581455349,0.0
epistemic@gamma-poisson,30,4,0.26540881262030014,0.0
epistemic@gamma-poisson,30,5,0.2930138140765016,0.0
epistemic@gamma-poisson,30,6,2.3186774495455986,40.0
epistemic@gamma-poisson,30,7,0.7841729353955631,40.0
epistemic@gamma-poisson,30,8,14.065332318875406,40.0
epistemic@gamma-poisson,30,9,0.03232127675343209,0.0
epistemic@gamma-poisson,30,10,0.5165560550042735,40.0
epistemic@gamma-poisson,30,11,0.40490078521311307,40.0
thompson@gamma-poisson,30,0,0.8573445296598625,0.0
thompson@gamma-poisson,30,1,0.1440922700653913,0.0
thompson@gamma-poisson,30,2,0.37615948807545696,40.0
thompson@gamma-poisson,30,3,0.11055532581455349,0.0
thompson@gamma-poisson,30,4,0.26540881262030014,0.0
thompson@gamma-poisson,30,5,0.2930138140765016,0.0
thompson@gamma-poisson,30,6,2.3186774495455986,120.0
thompson@gamma-poisson,30,7,0.7841729353955631,0.0
thompson@gamma-poisson,30,8,14.065332318875406,0.0
thompson@gamma-poisson,30,9,0.03232127675343209,0.0
thompson@gamma-poisson,30,10,0.5165560550042735,40.0
thompson@gamma-poisson,30,11,0.40490078521311307,40.0
epig@gamma-poisson,30,0,0.8573445296598625,23.0
epig@gamma-poisson,30,1,0.1440922700653913,8.0
epig@gamma-poisson,30,2,0.37615948807545696,23.0
epig@gamma-poisson,30,3,0.11055532581455349,13.0
epig@gamma-poisson,30,4,0.26540881262030014,19.0
epig@gamma-poisson,30,5,0.2930138140765016,21.0
epig@gamma-poisson,30,6,2.3186774495455986,23.0
epig@gamma-poisson,30,7,0.7841729353955631,22.0
epig@gamma-poisson,30,8,14.065332318875406,29.5
epig@gamma-poisson,30,9,0.03232127675343209,14.0
epig@gamma-poisson,30,10,0.5165560550042735,22.0
epig@gamma-poisson,30,11,0.40490078521311307,22.0
eig@lognormal-poisson,30,0,0.8573445296598625,25.0
eig@lognormal-poisson,30,1,0.1440922700653913,2.0
eig@lognormal-poisson,30,2,0.37615948807545696,24.0
eig@lognormal-poisson,30,3,0.11055532581455349,16.0
eig@lognormal-poisson,30,4,0.26540881262030014,23.0
eig@lognormal-poisson,30,5,0.2930138140765016,18.0
eig@lognormal-poisson,30,6,2.3186774495455986,26.0
eig@lognormal-poisson,30,7,0.7841729353955631,26.0
eig@lognormal-poisson,30,8,14.065332318875406,27.0
eig@lognormal-poisson,30,9,0.03232127675343209,7.0
eig@lognormal-poisson,30,10,0.5165560550042735,23.0
eig@lognormal-poisson,30,11,0.40490078521311307,23.0
maxent@lognormal-poisson,30,0,0.8573445296598625,0.0
maxent@lognormal-poisson,30,1,0.1440922700653913,0.0
maxent@lognormal-poisson,30,2,0.37615948807545696,0.0
maxent@lognormal-poisson,30,3,0.11055532581455349,0.0
maxent@lognormal-poisson,30,4,0.26540881262030014,0.0
maxent@lognormal-poisson,30,5,0.2930138140765016,0.0
maxent@lognormal-poisson,30,6,2.3186774495455986,0.0
maxent@lognormal-poisson,30,7,0.7841729353955631,0.0
maxent@lognormal-poisson,30,8,14.065332318875406,238.0
maxent@lognormal-poisson,30,9,0.03232127675343209,0.0
maxent@lognormal-poisson,30,10,0.5165560550042735,1.0
maxent@lognormal-poisson,30,11,0.40490078521311307,1.0
d-optimality@lognormal-poisson,30,0,0.8573445296598625,24.0
d-optimality@lognormal-poisson,30,1,0.1440922700653913,5.0
d-optimality@lognormal-poisson,30,2,0.37615948807545696,23.0
d-optimality@lognormal-poisson,30,3,0.11055532581455349,17.0
d-optimality@lognormal-poisson,30,4,0.26540881262030014,23.0
d-optimality@lognormal-poisson,30,5,0.2930138140765016,18.0
d-optimality@lognormal-poisson,30,6,2.3186774495455986,25.0
d-optimality@lognormal-poisson,30,7,0.7841729353955631,25.0
d-optimality@lognormal-poisson,30,8,14.065332318875406,26.0
d-optimality@lognormal-poisson,30,9,0.03232127675343209,9.0
d-optimality@lognormal-poisson,30,10,0.5165560550042735,22.0
d-optimality@lognormal-poisson,30,11,0.40490078521311307,23.0
neyman@lognormal-poisson,30,0,0.8573445296598625,11.0
neyman@lognormal-poisson,30,1,0.1440922700653913,6.0
neyman@lognormal-poisson,30,2,0.37615948807545696,15.0
neyman@lognormal-poisson,30,3,0.11055532581455349,6.0
neyman@lognormal-poisson,30,4,0.26540881262030014,10.0
neyman@lognormal-poisson,30,5,0.2930138140765016,14.0
neyman@lognormal-poisson,30,6,2.3186774495455986,32.0
neyman@lognormal-poisson,30,7,0.7841729353955631,20.0
neyman@lognormal-poisson,30,8,14.065332318875406,90.0
neyman@lognormal-poisson,30,9,0.03232127675343209,7.0
neyman@lognormal-poisson,30,10,0.5165560550042735,14.0
neyman@lognormal-poisson,30,11,0.40490078521311307,15.0
predictive-variance@lognormal-poisson,30,0,0.8573445296598625,0.0
predictive-variance@lognormal-poisson,30,1,0.1440922700653913,0.0
predictive-variance@lognormal-poisson,30,2,0.37615948807545696,40.0
predictive-variance@lognormal-poisson,30,3,0.11055532581455349,0.0
predictive-variance@lognormal-poisson,30,4,0.26540881262030014,0.0
predictive-variance@lognormal-poisson,30,5,0.2930138140765016,0.0
predictive-variance@lognormal-poisson,30,6,2.3186774495455986,40.0
predictive-variance@lognormal-poisson,30,7,0.7841729353955631,40.0
predictive-variance@lognormal-poisson,30,8,14.065332318875406,40.0
predictive-variance@lognormal-poisson,30,9,0.03232127675343209,0.0
predictive-variance@lognormal-poisson,30,10,0.5165560550042735,40.0
predictive-variance@lognormal-poisson,30,11,0.40490078521311307,40.0
epistemic@lognormal-poisson,30,0,0.8573445296598625,0.0
epistemic@lognormal-poisson,30,1,0.1440922700653913,0.0
epistemic@lognormal-poisson,30,2,0.37615948807545696,40.0
epistemic@lognormal-poisson,30,3,0.11055532581455349,0.0
epistemic@lognormal-poisson,30,4,0.26540881262030014,0.0
epistemic@lognormal-poisson,30,5,0.2930138140765016,0.0
epistemic@lognormal-poisson,30,6,2.3186774495455986,40.0
epistemic@lognormal-poisson,30,7,0.7841729353955631,40.0
epistemic@lognormal-poisson,30,8,14.065332318875406,40.0
epistemic@lognormal-poisson,30,9,0.03232127675343209,0.0
epistemic@lognormal-poisson,30,10,0.5165560550042735,40.0
epistemic@lognormal-poisson,30,11,0.40490078521311307,40.0
thompson@lognormal-poisson,30,0,0.8573445296598625,0.0
thompson@lognormal-poisson,30,1,0.1440922700653913,0.0
thompson@lognormal-poisson,30,2,0.37615948807545696,0.0
thompson@lognormal-poisson,30,3,0.11055532581455349,0.0
thompson@lognormal-poisson,30,4,0.26540881262030014,0.0
thompson@lognormal-poisson,30,5,0.2930138140765016,0.0
thompson@lognormal-poisson,30,6,2.3186774495455986,0.0
thompson@lognormal-poisson,30,7,0.7841729353955631,0.0
thompson@lognormal-poisson,30,8,14.065332318875406,240.0
thompson@lognormal-poisson,30,9,0.03232127675343209,0.0
thompson@lognormal-poisson,30,10,0.5165560550042735,0.0
thompson@lognormal-poisson,30,11,0.40490078521311307,0.0
eig,31,0,0.676223468814766,20.0
eig,31,1,0.1286011403150503,15.0
eig,31,2,0.011603961626701293,6.0
eig,31,3,0.08416231736924489,11.0
eig,31,4,0.3233554356403467,24.0
eig,31,5,1.4903634858968506,26.0
eig,31,6,0.7879275150057281,25.0
eig,31,7,0.261480415240346,15.0
eig,31,8,1.1253178008508768,25.0
eig,31,9,0.6166154673084787,25.0
eig,31,10,0.8107497851880574,23.0
eig,31,11,1.2757035615192838,25.0
epig,31,0,0.676223468814766,21.0
epig,31,1,0.1286011403150503,17.0
epig,31,2,0.011603961626701293,9.0
epig,31,3,0.08416231736924489,11.0
epig,31,4,0.3233554356403467,22.0
epig,31,5,1.4903634858968506,27.0
epig,31,6,0.7879275150057281,25.0
epig,31,7,0.261480415240346,16.0
epig,31,8,1.1253178008508768,21.0
epig,31,9,0.6166154673084787,24.0
epig,31,10,0.8107497851880574,22.0
epig,31,11,1.2757035615192838,25.0
maxent,31,0,0.676223468814766,7.0
maxent,31,1,0.1286011403150503,1.0
maxent,31,2,0.011603961626701293,0.0
maxent,31,3,0.08416231736924489,0.0
maxent,31,4,0.3233554356403467,6.0
maxent,31,5,1.4903634858968506,2.0
maxent,31,6,0.7879275150057281,1.0
maxent,31,7,0.261480415240346,1.0
maxent,31,8,1.1253178008508768,219.0
maxent,31,9,0.6166154673084787,2.0
maxent,31,10,0.8107497851880574,0.0
maxent,31,11,1.2757035615192838,1.0
d-optimality,31,0,0.676223468814766,20.0
d-optimality,31,1,0.1286011403150503,16.0
d-optimality,31,2,0.011603961626701293,10.0
d-optimality,31,3,0.08416231736924489,12.0
d-optimality,31,4,0.3233554356403467,23.0
d-optimality,31,5,1.4903634858968506,25.0
d-optimality,31,6,0.7879275150057281,24.0
d-optimality,31,7,0.261480415240346,16.0
d-optimality,31,8,1.1253178008508768,24.0
d-optimality,31,9,0.6166154673084787,24.0
d-optimality,31,10,0.8107497851880574,22.0
d-optimality,31,11,1.2757035615192838,24.0
neyman,31,0,0.676223468814766,22.0
neyman,31,1,0.1286011403150503,14.0
neyman,31,2,0.011603961626701293,8.0
neyman,31,3,0.08416231736924489,11.0
neyman,31,4,0.3233554356403467,16.0
neyman,31,5,1.4903634858968506,34.0
neyman,31,6,0.7879275150057281,23.0
neyman,31,7,0.261480415240346,13.0
neyman,31,8,1.1253178008508768,21.0
neyman,31,9,0.6166154673084787,24.0
neyman,31,10,0.8107497851880574,22.0
neyman,31,11,1.2757035615192838,32.0
predictive-variance,31,0,0.676223468814766,0.0
predictive-variance,31,1,0.1286011403150503,40.0
predictive-variance,31,2,0.011603961626701293,0.0
predictive-variance,31,3,0.08416231736924489,0.0
predictive-variance,31,4,0.3233554356403467,40.0
predictive-variance,31,5,1.4903634858968506,40.0
predictive-variance,31,6,0.7879275150057281,0.0
predictive-variance,31,7,0.261480415240346,40.0
predictive-variance,31,8,1.1253178008508768,40.0
predictive-variance,31,9,0.6166154673084787,40.0
predictive-variance,31,10,0.8107497851880574,0.0
predictive-variance,31,11,1.2757035615192838,0.0
epistemic,31,0,0.676223468814766,0.0
epistemic,31,1,0.1286011403150503,40.0
epistemic,31,2,0.011603961626701293,0.0
epistemic,31,3,0.08416231736924489,0.0
epistemic,31,4,0.3233554356403467,40.0
epistemic,31,5,1.4903634858968506,40.0
epistemic,31,6,0.7879275150057281,0.0
epistemic,31,7,0.261480415240346,40.0
epistemic,31,8,1.1253178008508768,40.0
epistemic,31,9,0.6166154673084787,40.0
epistemic,31,10,0.8107497851880574,0.0
epistemic,31,11,1.2757035615192838,0.0
thompson,31,0,0.676223468814766,40.0
thompson,31,1,0.1286011403150503,40.0
thompson,31,2,0.011603961626701293,0.0
thompson,31,3,0.08416231736924489,0.0
thompson,31,4,0.3233554356403467,0.0
thompson,31,5,1.4903634858968506,80.0
thompson,31,6,0.7879275150057281,40.0
thompson,31,7,0.261480415240346,0.0
thompson,31,8,1.1253178008508768,0.0
thompson,31,9,0.6166154673084787,40.0
thompson,31,10,0.8107497851880574,0.0
thompson,31,11,1.2757035615192838,0.0
uniform,31,0,0.676223468814766,20.0
uniform,31,1,0.1286011403150503,20.0
uniform,31,2,0.011603961626701293,20.0
uniform,31,3,0.08416231736924489,20.0
uniform,31,4,0.3233554356403467,20.0
uniform,31,5,1.4903634858968506,20.0
uniform,31,6,0.7879275150057281,20.0
uniform,31,7,0.261480415240346,20.0
uniform,31,8,1.1253178008508768,20.0
uniform,31,9,0.6166154673084787,20.0
uniform,31,10,0.8107497851880574,20.0
uniform,31,11,1.2757035615192838,20.0
random,31,0,0.676223468814766,2.5
random,31,1,0.1286011403150503,6.0
random,31,2,0.011603961626701293,41.0
random,31,3,0.08416231736924489,27.0
random,31,4,0.3233554356403467,41.0
random,31,5,1.4903634858968506,5.0
random,31,6,0.7879275150057281,50.0
random,31,7,0.261480415240346,0.0
random,31,8,1.1253178008508768,22.5
random,31,9,0.6166154673084787,7.0
random,31,10,0.8107497851880574,5.0
random,31,11,1.2757035615192838,32.5
eig@gamma-poisson,31,0,0.676223468814766,21.0
eig@gamma-poisson,31,1,0.1286011403150503,21.0
eig@gamma-poisson,31,2,0.011603961626701293,11.0
eig@gamma-poisson,31,3,0.08416231736924489,14.0
eig@gamma-poisson,31,4,0.3233554356403467,23.0
eig@gamma-poisson,31,5,1.4903634858968506,23.0
eig@gamma-poisson,31,6,0.7879275150057281,22.0
eig@gamma-poisson,31,7,0.261480415240346,20.0
eig@gamma-poisson,31,8,1.1253178008508768,23.0
eig@gamma-poisson,31,9,0.6166154673084787,23.0
eig@gamma-poisson,31,10,0.8107497851880574,17.0
eig@gamma-poisson,31,11,1.2757035615192838,22.0
maxent@gamma-poisson,31,0,0.676223468814766,70.0
maxent@gamma-poisson,31,1,0.1286011403150503,1.0
maxent@gamma-poisson,31,2,0.011603961626701293,0.0
maxent@gamma-poisson,31,3,0.08416231736924489,0.0
maxent@gamma-poisson,31,4,0.3233554356403467,11.0
maxent@gamma-poisson,31,5,1.4903634858968506,2.0
maxent@gamma-poisson,31,6,0.7879275150057281,1.0
maxent@gamma-poisson,31,7,0.261480415240346,1.0
maxent@gamma-poisson,31,8,1.1253178008508768,151.0
maxent@gamma-poisson,31,9,0.6166154673084787,2.0
maxent@gamma-poisson,31,10,0.8107497851880574,0.0
maxent@gamma-poisson,31,11,1.2757035615192838,1.0
d-optimality@gamma-poisson,31,0,0.676223468814766,20.0
d-optimality@gamma-poisson,31,1,0.1286011403150503,22.0
d-optimality@gamma-poisson,31,2,0.011603961626701293,17.0
d-optimality@gamma-poisson,31,3,0.08416231736924489,14.0
d-optimality@gamma-poisson,31,4,0.3233554356403467,22.0
d-optimality@gamma-poisson,31,5,1.4903634858968506,22.0
d-optimality@gamma-poisson,31,6,0.7879275150057281,21.0
d-optimality@gamma-poisson,31,7,0.261480415240346,22.0
d-optimality@gamma-poisson,31,8,1.1253178008508768,21.0
d-optimality@gamma-poisson,31,9,0.6166154673084787,22.0
d-optimality@gamma-poisson,31,10,0.8107497851880574,16.0
d-optimality@gamma-poisson,31,11,1.2757035615192838,21.0
neyman@gamma-poisson,31,0,0.676223468814766,22.0
neyman@gamma-poisson,31,1,0.1286011403150503,13.0
neyman@gamma-poisson,31,2,0.011603961626701293,7.0
neyman@gamma-poisson,31,3,0.08416231736924489,11.0
neyman@gamma-poisson,31,4,0.3233554356403467,16.0
neyman@gamma-poisson,31,5,1.4903634858968506,35.0
neyman@gamma-poisson,31,6,0.7879275150057281,24.0
neyman@gamma-poisson,31,7,0.261480415240346,12.0
neyman@gamma-poisson,31,8,1.1253178008508768,21.0
neyman@gamma-poisson,31,9,0.6166154673084787,24.0
neyman@gamma-poisson,31,10,0.8107497851880574,22.0
neyman@gamma-poisson,31,11,1.2757035615192838,33.0
predictive-variance@gamma-poisson,31,0,0.676223468814766,0.0
predictive-variance@gamma-poisson,31,1,0.1286011403150503,40.0
predictive-variance@gamma-poisson,31,2,0.011603961626701293,0.0
predictive-variance@gamma-poisson,31,3,0.08416231736924489,0.0
predictive-variance@gamma-poisson,31,4,0.3233554356403467,40.0
predictive-variance@gamma-poisson,31,5,1.4903634858968506,40.0
predictive-variance@gamma-poisson,31,6,0.7879275150057281,0.0
predictive-variance@gamma-poisson,31,7,0.261480415240346,40.0
predictive-variance@gamma-poisson,31,8,1.1253178008508768,40.0
predictive-variance@gamma-poisson,31,9,0.6166154673084787,40.0
predictive-variance@gamma-poisson,31,10,0.8107497851880574,0.0
predictive-variance@gamma-poisson,31,11,1.2757035615192838,0.0
epistemic@gamma-poisson,31,0,0.676223468814766,0.0
epistemic@gamma-poisson,31,1,0.1286011403150503,40.0
epistemic@gamma-poisson,31,2,0.011603961626701293,0.0
epistemic@gamma-poisson,31,3,0.08416231736924489,0.0
epistemic@gamma-poisson,31,4,0.3233554356403467,40.0
epistemic@gamma-poisson,31,5,1.4903634858968506,40.0
epistemic@gamma-poisson,31,6,0.7879275150057281,0.0
epistemic@gamma-poisson,31,7,0.261480415240346,40.0
epistemic@gamma-poisson,31,8,1.1253178008508768,40.0
epistemic@gamma-poisson,31,9,0.6166154673084787,40.0
epistemic@gamma-poisson,31,10,0.8107497851880574,0.0
epistemic@gamma-poisson,31,11,1.2757035615192838,0.0
thompson@gamma-poisson,31,0,0.676223468814766,0.0
thompson@gamma-poisson,31,1,0.1286011403150503,40.0
thompson@gamma-poisson,31,2,0.011603961626701293,0.0
thompson@gamma-poisson,31,3,0.08416231736924489,0.0
thompson@gamma-poisson,31,4,0.3233554356403467,40.0
thompson@gamma-poisson,31,5,1.4903634858968506,40.0
thompson@gamma-poisson,31,6,0.7879275150057281,0.0
thompson@gamma-poisson,31,7,0.261480415240346,0.0
thompson@gamma-poisson,31,8,1.1253178008508768,40.0
thompson@gamma-poisson,31,9,0.6166154673084787,40.0
thompson@gamma-poisson,31,10,0.8107497851880574,0.0
thompson@gamma-poisson,31,11,1.2757035615192838,40.0
epig@gamma-poisson,31,0,0.676223468814766,21.0
epig@gamma-poisson,31,1,0.1286011403150503,24.0
epig@gamma-poisson,31,2,0.011603961626701293,14.0
epig@gamma-poisson,31,3,0.08416231736924489,13.0
epig@gamma-poisson,31,4,0.3233554356403467,20.0
epig@gamma-poisson,31,5,1.4903634858968506,24.0
epig@gamma-poisson,31,6,0.7879275150057281,23.0
epig@gamma-poisson,31,7,0.261480415240346,22.0
epig@gamma-poisson,31,8,1.1253178008508768,19.0
epig@gamma-poisson,31,9,0.6166154673084787,23.0
epig@gamma-poisson,31,10,0.8107497851880574,16.0
epig@gamma-poisson,31,11,1.2757035615192838,21.0
eig@lognormal-poisson,31,0,0.676223468814766,20.0
eig@lognormal-poisson,31,1,0.1286011403150503,18.0
eig@lognormal-poisson,31,2,0.011603961626701293,6.0
eig@lognormal-poisson,31,3,0.08416231736924489,10.0
eig@lognormal-poisson,31,4,0.3233554356403467,24.0
eig@lognormal-poisson,31,5,1.4903634858968506,25.0
eig@lognormal-poisson,31,6,0.7879275150057281,24.0
eig@lognormal-poisson,31,7,0.261480415240346,17.0
eig@lognormal-poisson,31,8,1.1253178008508768,24.0
eig@lognormal-poisson,31,9,0.6166154673084787,24.0
eig@lognormal-poisson,31,10,0.8107497851880574,23.0
eig@lognormal-poisson,31,11,1.2757035615192838,25.0
maxent@lognormal-poisson,31,0,0.676223468814766,7.0
maxent@lognormal-poisson,31,1,0.1286011403150503,1.0
maxent@lognormal-poisson,31,2,0.011603961626701293,0.0
maxent@lognormal-poisson,31,3,0.08416231736924489,0.0
maxent@lognormal-poisson,31,4,0.3233554356403467,6.0
maxent@lognormal-poisson,31,5,1.4903634858968506,2.0
maxent@lognormal-poisson,31,6,0.7879275150057281,1.0
maxent@lognormal-poisson,31,7,0.261480415240346,1.0
maxent@lognormal-poisson,31,8,1.1253178008508768,219.0
maxent@lognormal-poisson,31,9,0.6166154673084787,2.0
maxent@lognormal-poisson,31,10,0.8107497851880574,0.0
maxent@lognormal-poisson,31,11,1.2757035615192838,1.0
d-optimality@lognormal-poisson,31,0,0.676223468814766,20.0
d-optimality@lognormal-poisson,31,1,0.1286011403150503,19.0
d-optimality@lognormal-poisson,31,2,0.011603961626701293,9.0
d-optimality@lognormal-poisson,31,3,0.08416231736924489,11.0
d-optimality@lognormal-poisson,31,4,0.3233554356403467,23.0
d-optimality@lognormal-poisson,31,5,1.4903634858968506,24.0
d-optimality@lognormal-poisson,31,6,0.7879275150057281,23.0
d-optimality@lognormal-poisson,31,7,0.261480415240346,18.0
d-optimality@lognormal-poisson,31,8,1.1253178008508768,23.0
d-optimality@lognormal-poisson,31,9,0.6166154673084787,24.0
d-optimality@lognormal-poisson,31,10,0.8107497851880574,22.0
d-optimality@lognormal-poisson,31,11,1.2757035615192838,24.0
neyman@lognormal-poisson,31,0,0.676223468814766,22.0
neyman@lognormal-poisson,31,1,0.1286011403150503,14.0
neyman@lognormal-poisson,31,2,0.011603961626701293,8.0
neyman@lognormal-poisson,31,3,0.08416231736924489,11.0
neyman@lognormal-poisson,31,4,0.3233554356403467,16.0
neyman@lognormal-poisson,31,5,1.4903634858968506,34.0
neyman@lognormal-poisson,31,6,0.7879275150057281,23.0
neyman@lognormal-poisson,31,7,0.261480415240346,13.0
neyman@lognormal-poisson,31,8,1.1253178008508768,21.0
neyman@lognormal-poisson,31,9,0.6166154673084787,24.0
neyman@lognormal-poisson,31,10,0.8107497851880574,22.0
neyman@lognormal-poisson,31,11,1.2757035615192838,32.0
predictive-variance@lognormal-poisson,31,0,0.676223468814766,0.0
predictive-variance@lognormal-poisson,31,1,0.1286011403150503,40.0
predictive-variance@lognormal-poisson,31,2,0.011603961626701293,0.0
predictive-variance@lognormal-poisson,31,3,0.08416231736924489,0.0
predictive-variance@lognormal-poisson,31,4,0.3233554356403467,40.0
predictive-variance@lognormal-poisson,31,5,1.4903634858968506,40.0
predictive-variance@lognormal-poisson,31,6,0.7879275150057281,0.0
predictive-variance@lognormal-poisson,31,7,0.261480415240346,40.0
predictive-variance@lognormal-poisson,31,8,1.1253178008508768,40.0
predictive-variance@lognormal-poisson,31,9,0.6166154673084787,40.0
predictive-variance@lognormal-poisson,31,10,0.8107497851880574,0.0
predictive-variance@lognormal-poisson,31,11,1.2757035615192838,0.0
epistemic@lognormal-poisson,31,0,0.676223468814766,0.0
epistemic@lognormal-poisson,31,1,0.1286011403150503,40.0
epistemic@lognormal-poisson,31,2,0.011603961626701293,0.0
epistemic@lognormal-poisson,31,3,0.08416231736924489,0.0
epistemic@lognormal-poisson,31,4,0.3233554356403467,40.0
epistemic@lognormal-poisson,31,5,1.4903634858968506,40.0
epistemic@lognormal-poisson,31,6,0.7879275150057281,0.0
epistemic@lognormal-poisson,31,7,0.261480415240346,40.0
epistemic@lognormal-poisson,31,8,1.1253178008508768,40.0
epistemic@lognormal-poisson,31,9,0.6166154673084787,40.0
epistemic@lognormal-poisson,31,10,0.8107497851880574,0.0
epistemic@lognormal-poisson,31,11,1.2757035615192838,0.0
thompson@lognormal-poisson,31,0,0.676223468814766,40.0
thompson@lognormal-poisson,31,1,0.1286011403150503,40.0
thompson@lognormal-poisson,31,2,0.011603961626701293,0.0
thompson@lognormal-poisson,31,3,0.08416231736924489,0.0
thompson@lognormal-poisson,31,4,0.3233554356403467,40.0
thompson@lognormal-poisson,31,5,1.4903634858968506,0.0
thompson@lognormal-poisson,31,6,0.7879275150057281,40.0
thompson@lognormal-poisson,31,7,0.261480415240346,40.0
thompson@lognormal-poisson,31,8,1.1253178008508768,0.0
thompson@lognormal-poisson,31,9,0.6166154673084787,40.0
thompson@lognormal-poisson,31,10,0.8107497851880574,0.0
thompson@lognormal-poisson,31,11,1.2757035615192838,0.0
eig,32,0,1.6323538703884806,28.0
eig,32,1,0.11820939213199981,11.0
eig,32,2,0.020499350414932248,0.0
eig,32,3,4.36074987133376,28.0
eig,32,4,2.4957502739605384,28.0
eig,32,5,1.4187012591557917,26.0
eig,32,6,2.730804976369442,28.0
eig,32,7,0.38793734711113037,25.0
eig,32,8,0.26202951998003926,19.0
eig,32,9,0.4844853467370945,11.0
eig,32,10,0.011298860203342661,9.0
eig,32,11,1.6136284151453086,27.0
epig,32,0,1.6323538703884806,29.0
epig,32,1,0.11820939213199981,11.0
epig,32,2,0.020499350414932248,2.0
epig,32,3,4.36074987133376,26.0
epig,32,4,2.4957502739605384,28.0
epig,32,5,1.4187012591557917,27.0
epig,32,6,2.730804976369442,28.0
epig,32,7,0.38793734711113037,26.0
epig,32,8,0.26202951998003926,12.0
epig,32,9,0.4844853467370945,17.0
epig,32,10,0.011298860203342661,9.0
epig,32,11,1.6136284151453086,25.0
maxent,32,0,1.6323538703884806,0.0
maxent,32,1,0.11820939213199981,0.0
maxent,32,2,0.020499350414932248,0.0
maxent,32,3,4.36074987133376,240.0
maxent,32,4,2.4957502739605384,0.0
maxent,32,5,1.4187012591557917,0.0
maxent,32,6,2.730804976369442,0.0
maxent,32,7,0.38793734711113037,0.0
maxent,32,8,0.26202951998003926,0.0
maxent,32,9,0.4844853467370945,0.0
maxent,32,10,0.011298860203342661,0.0
maxent,32,11,1.6136284151453086,0.0
d-optimality,32,0,1.6323538703884806,25.0
d-optimality,32,1,0.11820939213199981,11.0
d-optimality,32,2,0.020499350414932248,9.0
d-optimality,32,3,4.36074987133376,25.0
d-optimality,32,4,2.4957502739605384,25.0
d-optimality,32,5,1.4187012591557917,24.0
d-optimality,32,6,2.730804976369442,25.0
d-optimality,32,7,0.38793734711113037,20.0
d-optimality,32,8,0.26202951998003926,18.0
d-optimality,32,9,0.4844853467370945,17.0
d-optimality,32,10,0.011298860203342661,17.0
d-optimality,32,11,1.6136284151453086,24.0
neyman,32,0,1.6323538703884806,31.0
neyman,32,1,0.11820939213199981,7.0
neyman,32,2,0.020499350414932248,7.0
neyman,32,3,4.36074987133376,38.0
neyman,32,4,2.4957502739605384,32.0
neyman,32,5,1.4187012591557917,26.0
neyman,32,6,2.730804976369442,37.0
neyman,32,7,0.38793734711113037,12.0
neyman,32,8,0.26202951998003926,9.0
neyman,32,9,0.4844853467370945,9.0
neyman,32,10,0.011298860203342661,4.0
neyman,32,11,1.6136284151453086,28.0
predictive-variance,32,0,1.6323538703884806,40.0
predictive-variance,32,1,0.11820939213199981,0.0
predictive-variance,32,2,0.020499350414932248,0.0
predictive-variance,32,3,4.36074987133376,40.0
predictive-variance,32,4,2.4957502739605384,40.0
predictive-variance,32,5,1.4187012591557917,40.0
predictive-variance,32,6,2.730804976369442,40.0
predictive-variance,32,7,0.38793734711113037,0.0
predictive-variance,32,8,0.26202951998003926,0.0
predictive-variance,32,9,0.4844853467370945,0.0
predictive-variance,32,10,0.011298860203342661,0.0
predictive-variance,32,11,1.6136284151453086,40.0
epistemic,32,0,1.6323538703884806,40.0
epistemic,32,1,0.11820939213199981,0.0
epistemic,32,2,0.020499350414932248,0.0
epistemic,32,3,4.36074987133376,40.0
epistemic,32,4,2.4957502739605384,40.0
epistemic,32,5,1.4187012591557917,40.0
epistemic,32,6,2.730804976369442,40.0
epistemic,32,7,0.38793734711113037,0.0
epistemic,32,8,0.26202951998003926,0.0
epistemic,32,9,0.4844853467370945,0.0
epistemic,32,10,0.011298860203342661,0.0
epistemic,32,11,1.6136284151453086,40.0
thompson,32,0,1.6323538703884806,40.0
thompson,32,1,0.11820939213199981,0.0
thompson,32,2,0.020499350414932248,0.0
thompson,32,3,4.36074987133376,40.0
thompson,32,4,2.4957502739605384,80.0
thompson,32,5,1.4187012591557917,40.0
thompson,32,6,2.730804976369442,0.0
thompson,32,7,0.38793734711113037,40.0
thompson,32,8,0.26202951998003926,0.0
thompson,32,9,0.4844853467370945,0.0
thompson,32,10,0.011298860203342661,0.0
thompson,32,11,1.6136284151453086,0.0
uniform,32,0,1.6323538703884806,20.0
uniform,32,1,0.11820939213199981,20.0
uniform,32,2,0.020499350414932248,20.0
uniform,32,3,4.36074987133376,20.0
uniform,32,4,2.4957502739605384,20.0
uniform,32,5,1.4187012591557917,20.0
uniform,32,6,2.730804976369442,20.0
uniform,32,7,0.38793734711113037,20.0
uniform,32,8,0.26202951998003926,20.0
uniform,32,9,0.4844853467370945,20.0
uniform,32,10,0.011298860203342661,20.0
uniform,32,11,1.6136284151453086,20.0
random,32,0,1.6323538703884806,0.0
random,32,1,0.11820939213199981,45.0
random,32,2,0.020499350414932248,1.0
random,32,3,4.36074987133376,0.0
random,32,4,2.4957502739605384,3.5
random,32,5,1.4187012591557917,2.5
random,32,6,2.730804976369442,20.0
random,32,7,0.38793734711113037,22.5
random,32,8,0.26202951998003926,60.0
random,32,9,0.4844853467370945,40.0
random,32,10,0.011298860203342661,44.5
random,32,11,1.6136284151453086,1.0
eig@gamma-poisson,32,0,1.6323538703884806,26.0
eig@gamma-poisson,32,1,0.11820939213199981,13.0
eig@gamma-poisson,32,2,0.020499350414932248,0.0
eig@gamma-poisson,32,3,4.36074987133376,26.0
eig@gamma-poisson,32,4,2.4957502739605384,25.0
eig@gamma-poisson,32,5,1.4187012591557917,23.0
eig@gamma-poisson,32,6,2.730804976369442,26.0
eig@gamma-poisson,32,7,0.38793734711113037,24.0
eig@gamma-poisson,32,8,0.26202951998003926,23.0
eig@gamma-poisson,32,9,0.4844853467370945,10.0
eig@gamma-poisson,32,10,0.011298860203342661,20.0
eig@gamma-poisson,32,11,1.6136284151453086,24.0
maxent@gamma-poisson,32,0,1.6323538703884806,0.0
maxent@gamma-poisson,32,1,0.11820939213199981,0.0
maxent@gamma-poisson,32,2,0.020499350414932248,0.0
maxent@gamma-poisson,32,3,4.36074987133376,240.0
maxent@gamma-poisson,32,4,2.4957502739605384,0.0
maxent@gamma-poisson,32,5,1.4187012591557917,0.0
maxent@gamma-poisson,32,6,2.730804976369442,0.0
maxent@gamma-poisson,32,7,0.38793734711113037,0.0
maxent@gamma-poisson,32,8,0.26202951998003926,0.0
maxent@gamma-poisson,32,9,0.4844853467370945,0.0
maxent@gamma-poisson,32,10,0.011298860203342661,0.0
maxent@gamma-poisson,32,11,1.6136284151453086,0.0
d-optimality@gamma-poisson,32,0,1.6323538703884806,25.0
d-optimality@gamma-poisson,32,1,0.11820939213199981,14.0
d-optimality@gamma-poisson,32,2,0.020499350414932248,4.0
d-optimality@gamma-poisson,32,3,4.36074987133376,25.0
d-optimality@gamma-poisson,32,4,2.4957502739605384,24.0
d-optimality@gamma-poisson,32,5,1.4187012591557917,22.0
d-optimality@gamma-poisson,32,6,2.730804976369442,25.0
d-optimality@gamma-poisson,32,7,0.38793734711113037,24.0
d-optimality@gamma-poisson,32,8,0.26202951998003926,22.0
d-optimality@gamma-poisson,32,9,0.4844853467370945,10.0
d-optimality@gamma-poisson,32,10,0.011298860203342661,22.0
d-optimality@gamma-poisson,32,11,1.6136284151453086,23.0
neyman@gamma-poisson,32,0,1.6323538703884806,31.0
neyman@gamma-poisson,32,1,0.11820939213199981,8.0
neyman@gamma-poisson,32,2,0.020499350414932248,7.0
neyman@gamma-poisson,32,3,4.36074987133376,38.0
neyman@gamma-poisson,32,4,2.4957502739605384,32.0
neyman@gamma-poisson,32,5,1.4187012591557917,26.0
neyman@gamma-poisson,32,6,2.730804976369442,37.0
neyman@gamma-poisson,32,7,0.38793734711113037,12.0
neyman@gamma-poisson,32,8,0.26202951998003926,8.0
neyman@gamma-poisson,32,9,0.4844853467370945,9.0
neyman@gamma-poisson,32,10,0.011298860203342661,4.0
neyman@gamma-poisson,32,11,1.6136284151453086,28.0
predictive-variance@gamma-poisson,32,0,1.6323538703884806,40.0
predictive-variance@gamma-poisson,32,1,0.11820939213199981,0.0
predictive-variance@gamma-poisson,32,2,0.020499350414932248,0.0
predictive-variance@gamma-poisson,32,3,4.36074987133376,40.0
predictive-variance@gamma-poisson,32,4,2.4957502739605384,40.0
predictive-variance@gamma-poisson,32,5,1.4187012591557917,40.0
predictive-variance@gamma-poisson,32,6,2.730804976369442,40.0
predictive-variance@gamma-poisson,32,7,0.38793734711113037,0.0
predictive-variance@gamma-poisson,32,8,0.26202951998003926,0.0
predictive-variance@gamma-poisson,32,9,0.4844853467370945,0.0
predictive-variance@gamma-poisson,32,10,0.011298860203342661,0.0
predictive-variance@gamma-poisson,32,11,1.6136284151453086,40.0
epistemic@gamma-poisson,32,0,1.6323538703884806,40.0
epistemic@gamma-poisson,32,1,0.11820939213199981,0.0
epistemic@gamma-poisson,32,2,0.020499350414932248,0.0
epistemic@gamma-poisson,32,3,4.36074987133376,40.0
epistemic@gamma-poisson,32,4,2.4957502739605384,40.0
epistemic@gamma-poisson,32,5,1.4187012591557917,40.0
epistemic@gamma-poisson,32,6,2.730804976369442,40.0
epistemic@gamma-poisson,32,7,0.38793734711113037,0.0
epistemic@gamma-poisson,32,8,0.26202951998003926,0.0
epistemic@gamma-poisson,32,9,0.4844853467370945,0.0
epistemic@gamma-poisson,32,10,0.011298860203342661,0.0
epistemic@gamma-poisson,32,11,1.6136284151453086,40.0
thompson@gamma-poisson,32,0,1.6323538703884806,0.0
thompson@gamma-poisson,32,1,0.11820939213199981,0.0
thompson@gamma-poisson,32,2,0.020499350414932248,0.0
thompson@gamma-poisson,32,3,4.36074987133376,160.0
thompson@gamma-poisson,32,4,2.4957502739605384,0.0
thompson@gamma-poisson,32,5,1.4187012591557917,0.0
thompson@gamma-poisson,32,6,2.730804976369442,40.0
thompson@gamma-poisson,32,7,0.38793734711113037,40.0
thompson@gamma-poisson,32,8,0.26202951998003926,0.0
thompson@gamma-poisson,32,9,0.4844853467370945,0.0
thompson@gamma-poisson,32,10,0.011298860203342661,0.0
thompson@gamma-poisson,32,11,1.6136284151453086,0.0
epig@gamma-poisson,32,0,1.6323538703884806,28.0
epig@gamma-poisson,32,1,0.11820939213199981,12.0
epig@gamma-poisson,32,2,0.020499350414932248,4.0
epig@gamma-poisson,32,3,4.36074987133376,23.5
epig@gamma-poisson,32,4,2.4957502739605384,26.0
epig@gamma-poisson,32,5,1.4187012591557917,25.0
epig@gamma-poisson,32,6,2.730804976369442,27.0
epig@gamma-poisson,32,7,0.38793734711113037,26.0
epig@gamma-poisson,32,8,0.26202951998003926,19.0
epig@gamma-poisson,32,9,0.4844853467370945,8.0
epig@gamma-poisson,32,10,0.011298860203342661,18.0
epig@gamma-poisson,32,11,1.6136284151453086,23.0
eig@lognormal-poisson,32,0,1.6323538703884806,28.0
eig@lognormal-poisson,32,1,0.11820939213199981,10.0
eig@lognormal-poisson,32,2,0.020499350414932248,0.0
eig@lognormal-poisson,32,3,4.36074987133376,29.0
eig@lognormal-poisson,32,4,2.4957502739605384,28.0
eig@lognormal-poisson,32,5,1.4187012591557917,26.0
eig@lognormal-poisson,32,6,2.730804976369442,28.0
eig@lognormal-poisson,32,7,0.38793734711113037,24.0
eig@lognormal-poisson,32,8,0.26202951998003926,20.0
eig@lognormal-poisson,32,9,0.4844853467370945,3.0
eig@lognormal-poisson,32,10,0.011298860203342661,16.0
eig@lognormal-poisson,32,11,1.6136284151453086,28.0
maxent@lognormal-poisson,32,0,1.6323538703884806,0.0
maxent@lognormal-poisson,32,1,0.11820939213199981,0.0
maxent@lognormal-poisson,32,2,0.020499350414932248,0.0
maxent@lognormal-poisson,32,3,4.36074987133376,240.0
maxent@lognormal-poisson,32,4,2.4957502739605384,0.0
maxent@lognormal-poisson,32,5,1.4187012591557917,0.0
maxent@lognormal-poisson,32,6,2.730804976369442,0.0
maxent@lognormal-poisson,32,7,0.38793734711113037,0.0
maxent@lognormal-poisson,32,8,0.26202951998003926,0.0
maxent@lognormal-poisson,32,9,0.4844853467370945,0.0
maxent@lognormal-poisson,32,10,0.011298860203342661,0.0
maxent@lognormal-poisson,32,11,1.6136284151453086,0.0
d-optimality@lognormal-poisson,32,0,1.6323538703884806,25.0
d-optimality@lognormal-poisson,32,1,0.11820939213199981,11.0
d-optimality@lognormal-poisson,32,2,0.020499350414932248,2.0
d-optimality@lognormal-poisson,32,3,4.36074987133376,26.0
d-optimality@lognormal-poisson,32,4,2.4957502739605384,25.0
d-optimality@lognormal-poisson,32,5,1.4187012591557917,24.0
d-optimality@lognormal-poisson,32,6,2.730804976369442,25.0
d-optimality@lognormal-poisson,32,7,0.38793734711113037,21.0
d-optimality@lognormal-poisson,32,8,0.26202951998003926,19.0
d-optimality@lognormal-poisson,32,9,0.4844853467370945,20.0
d-optimality@lognormal-poisson,32,10,0.011298860203342661,17.0
d-optimality@lognormal-poisson,32,11,1.6136284151453086,25.0
neyman@lognormal-poisson,32,0,1.6323538703884806,31.0
neyman@lognormal-poisson,32,1,0.11820939213199981,7.0
neyman@lognormal-poisson,32,2,0.020499350414932248,7.0
neyman@lognormal-poisson,32,3,4.36074987133376,38.0
neyman@lognormal-poisson,32,4,2.4957502739605384,32.0
neyman@lognormal-poisson,32,5,1.4187012591557917,26.0
neyman@lognormal-poisson,32,6,2.730804976369442,37.0
neyman@lognormal-poisson,32,7,0.38793734711113037,12.0
neyman@lognormal-poisson,32,8,0.26202951998003926,9.0
neyman@lognormal-poisson,32,9,0.4844853467370945,9.0
neyman@lognormal-poisson,32,10,0.011298860203342661,5.0
neyman@lognormal-poisson,32,11,1.6136284151453086,27.0
predictive-variance@lognormal-poisson,32,0,1.6323538703884806,40.0
predictive-variance@lognormal-poisson,32,1,0.11820939213199981,0.0
predictive-variance@lognormal-poisson,32,2,0.020499350414932248,0.0
predictive-variance@lognormal-poisson,32,3,4.36074987133376,40.0
predictive-variance@lognormal-poisson,32,4,2.4957502739605384,40.0
predictive-variance@lognormal-poisson,32,5,1.4187012591557917,40.0
predictive-variance@lognormal-poisson,32,6,2.730804976369442,40.0
predictive-variance@lognormal-poisson,32,7,0.38793734711113037,0.0
predictive-variance@lognormal-poisson,32,8,0.26202951998003926,0.0
predictive-variance@lognormal-poisson,32,9,0.4844853467370945,0.0
predictive-variance@lognormal-poisson,32,10,0.011298860203342661,0.0
predictive-variance@lognormal-poisson,32,11,1.6136284151453086,40.0
epistemic@lognormal-poisson,32,0,1.6323538703884806,40.0
epistemic@lognormal-poisson,32,1,0.11820939213199981,0.0
epistemic@lognormal-poisson,32,2,0.020499350414932248,0.0
epistemic@lognormal-poisson,32,3,4.36074987133376,40.0
epistemic@lognormal-poisson,32,4,2.4957502739605384,40.0
epistemic@lognormal-poisson,32,5,1.4187012591557917,40.0
epistemic@lognormal-poisson,32,6,2.730804976369442,40.0
epistemic@lognormal-poisson,32,7,0.38793734711113037,0.0
epistemic@lognormal-poisson,32,8,0.26202951998003926,0.0
epistemic@lognormal-poisson,32,9,0.4844853467370945,0.0
epistemic@lognormal-poisson,32,10,0.011298860203342661,0.0
epistemic@lognormal-poisson,32,11,1.6136284151453086,40.0
thompson@lognormal-poisson,32,0,1.6323538703884806,40.0
thompson@lognormal-poisson,32,1,0.11820939213199981,0.0
thompson@lognormal-poisson,32,2,0.020499350414932248,0.0
thompson@lognormal-poisson,32,3,4.36074987133376,80.0
thompson@lognormal-poisson,32,4,2.4957502739605384,0.0
thompson@lognormal-poisson,32,5,1.4187012591557917,0.0
thompson@lognormal-poisson,32,6,2.730804976369442,80.0
thompson@lognormal-poisson,32,7,0.38793734711113037,40.0
thompson@lognormal-poisson,32,8,0.26202951998003926,0.0
thompson@lognormal-poisson,32,9,0.4844853467370945,0.0
thompson@lognormal-poisson,32,10,0.011298860203342661,0.0
thompson@lognormal-poisson,32,11,1.6136284151453086,0.0
eig,33,0,0.8425003247852837,29.0
eig,33,1,0.037839597825302246,10.0
eig,33,2,0.022008370710418383,8.0
eig,33,3,0.3194450507831948,26.0
eig,33,4,0.26075276760205085,16.0
eig,33,5,1.106083460467649,28.0
eig,33,6,0.753831262823098,28.0
eig,33,7,0.16211360936081226,18.0
eig,33,8,3.0590989692285233,30.0
eig,33,9,0.14104358075271925,12.0
eig,33,10,2.660849932299313,30.0
eig,33,11,0.09600385143602086,5.0
epig,33,0,0.8425003247852837,26.0
epig,33,1,0.037839597825302246,10.0
epig,33,2,0.022008370710418383,9.0
epig,33,3,0.3194450507831948,23.0
epig,33,4,0.26075276760205085,15.0
epig,33,5,1.106083460467649,23.0
epig,33,6,0.753831262823098,25.0
epig,33,7,0.16211360936081226,18.0
epig,33,8,3.0590989692285233,30.0
epig,33,9,0.14104358075271925,14.0
epig,33,10,2.660849932299313,31.5
epig,33,11,0.09600385143602086,15.0
maxent,33,0,0.8425003247852837,3.0
maxent,33,1,0.037839597825302246,0.0
maxent,33,2,0.022008370710418383,0.0
maxent,33,3,0.3194450507831948,0.0
maxent,33,4,0.26075276760205085,0.0
maxent,33,5,1.106083460467649,1.0
maxent,33,6,0.753831262823098,0.0
maxent,33,7,0.16211360936081226,0.0
maxent,33,8,3.0590989692285233,0.0
maxent,33,9,0.14104358075271925,0.0
maxent,33,10,2.660849932299313,236.0
maxent,33,11,0.09600385143602086,0.0
d-optimality,33,0,0.8425003247852837,26.0
d-optimality,33,1,0.037839597825302246,12.0
d-optimality,33,2,0.022008370710418383,11.0
d-optimality,33,3,0.3194450507831948,24.0
d-optimality,33,4,0.26075276760205085,17.0
d-optimality,33,5,1.106083460467649,26.0
d-optimality,33,6,0.753831262823098,25.0
d-optimality,33,7,0.16211360936081226,18.0
d-optimality,33,8,3.0590989692285233,28.0
d-optimality,33,9,0.14104358075271925,13.0
d-optimality,33,10,2.660849932299313,27.0
d-optimality,33,11,0.09600385143602086,13.0
neyman,33,0,0.8425003247852837,29.0
neyman,33,1,0.037839597825302246,8.0
neyman,33,2,0.022008370710418383,7.0
neyman,33,3,0.3194450507831948,16.0
neyman,33,4,0.26075276760205085,7.0
neyman,33,5,1.106083460467649,21.0
neyman,33,6,0.753831262823098,23.0
neyman,33,7,0.16211360936081226,11.0
neyman,33,8,3.0590989692285233,44.0
neyman,33,9,0.14104358075271925,12.0
neyman,33,10,2.660849932299313,51.0
neyman,33,11,0.09600385143602086,11.0
predictive-variance,33,0,0.8425003247852837,40.0
predictive-variance,33,1,0.037839597825302246,0.0
predictive-variance,33,2,0.022008370710418383,0.0
predictive-variance,33,3,0.3194450507831948,40.0
predictive-variance,33,4,0.26075276760205085,0.0
predictive-variance,33,5,1.106083460467649,40.0
predictive-variance,33,6,0.753831262823098,0.0
predictive-variance,33,7,0.16211360936081226,0.0
predictive-variance,33,8,3.0590989692285233,40.0
predictive-variance,33,9,0.14104358075271925,40.0
predictive-variance,33,10,2.660849932299313,40.0
predictive-variance,33,11,0.09600385143602086,0.0
epistemic,33,0,0.8425003247852837,40.0
epistemic,33,1,0.037839597825302246,0.0
epistemic,33,2,0.022008370710418383,0.0
epistemic,33,3,0.3194450507831948,40.0
epistemic,33,4,0.26075276760205085,0.0
epistemic,33,5,1.106083460467649,40.0
epistemic,33,6,0.753831262823098,0.0
epistemic,33,7,0.16211360936081226,0.0
epistemic,33,8,3.0590989692285233,40.0
epistemic,33,9,0.14104358075271925,40.0
epistemic,33,10,2.660849932299313,40.0
epistemic,33,11,0.09600385143602086,0.0
thompson,33,0,0.8425003247852837,0.0
thompson,33,1,0.037839597825302246,0.0
thompson,33,2,0.022008370710418383,0.0
thompson,33,3,0.3194450507831948,0.0
thompson,33,4,0.26075276760205085,0.0
thompson,33,5,1.106083460467649,40.0
thompson,33,6,0.753831262823098,0.0
thompson,33,7,0.16211360936081226,0.0
thompson,33,8,3.0590989692285233,120.0
thompson,33,9,0.14104358075271925,0.0
thompson,33,10,2.660849932299313,80.0
thompson,33,11,0.09600385143602086,0.0
uniform,33,0,0.8425003247852837,20.0
uniform,33,1,0.037839597825302246,20.0
uniform,33,2,0.022008370710418383,20.0
uniform,33,3,0.3194450507831948,20.0
uniform,33,4,0.26075276760205085,20.0
uniform,33,5,1.106083460467649,20.0
uniform,33,6,0.753831262823098,20.0
uniform,33,7,0.16211360936081226,20.0
uniform,33,8,3.0590989692285233,20.0
uniform,33,9,0.14104358075271925,20.0
uniform,33,10,2.660849932299313,20.0
uniform,33,11,0.09600385143602086,20.0
random,33,0,0.8425003247852837,86.0
random,33,1,0.037839597825302246,1.0
random,33,2,0.022008370710418383,0.0
random,33,3,0.3194450507831948,26.0
random,33,4,0.26075276760205085,2.5
random,33,5,1.106083460467649,10.0
random,33,6,0.753831262823098,6.0
random,33,7,0.16211360936081226,22.5
random,33,8,3.0590989692285233,13.5
random,33,9,0.14104358075271925,22.5
random,33,10,2.660849932299313,40.0
random,33,11,0.09600385143602086,10.0
eig@gamma-poisson,33,0,0.8425003247852837,25.0
eig@gamma-poisson,33,1,0.037839597825302246,16.0
eig@gamma-poisson,33,2,0.022008370710418383,13.0
eig@gamma-poisson,33,3,0.3194450507831948,22.0
eig@gamma-poisson,33,4,0.26075276760205085,20.0
eig@gamma-poisson,33,5,1.106083460467649,26.0
eig@gamma-poisson,33,6,0.753831262823098,20.0
eig@gamma-poisson,33,7,0.16211360936081226,17.0
eig@gamma-poisson,33,8,3.0590989692285233,26.0
eig@gamma-poisson,33,9,0.14104358075271925,19.0
eig@gamma-poisson,33,10,2.660849932299313,25.0
eig@gamma-poisson,33,11,0.09600385143602086,11.0
maxent@gamma-poisson,33,0,0.8425003247852837,4.0
maxent@gamma-poisson,33,1,0.037839597825302246,0.0
maxent@gamma-poisson,33,2,0.022008370710418383,0.0
maxent@gamma-poisson,33,3,0.3194450507831948,0.0
maxent@gamma-poisson,33,4,0.26075276760205085,0.0
maxent@gamma-poisson,33,5,1.106083460467649,1.0
maxent@gamma-poisson,33,6,0.753831262823098,0.0
maxent@gamma-poisson,33,7,0.16211360936081226,0.0
maxent@gamma-poisson,33,8,3.0590989692285233,0.0
maxent@gamma-poisson,33,9,0.14104358075271925,0.0
maxent@gamma-poisson,33,10,2.660849932299313,235.0
maxent@gamma-poisson,33,11,0.09600385143602086,0.0
d-optimality@gamma-poisson,33,0,0.8425003247852837,23.0
d-optimality@gamma-poisson,33,1,0.037839597825302246,19.0
d-optimality@gamma-poisson,33,2,0.022008370710418383,17.0
d-optimality@gamma-poisson,33,3,0.3194450507831948,21.0
d-optimality@gamma-poisson,33,4,0.26075276760205085,21.0
d-optimality@gamma-poisson,33,5,1.106083460467649,24.0
d-optimality@gamma-poisson,33,6,0.753831262823098,19.0
d-optimality@gamma-poisson,33,7,0.16211360936081226,16.0
d-optimality@gamma-poisson,33,8,3.0590989692285233,24.0
d-optimality@gamma-poisson,33,9,0.14104358075271925,22.0
d-optimality@gamma-poisson,33,10,2.660849932299313,23.0
d-optimality@gamma-poisson,33,11,0.09600385143602086,11.0
neyman@gamma-poisson,33,0,0.8425003247852837,30.0
neyman@gamma-poisson,33,1,0.037839597825302246,7.0
neyman@gamma-poisson,33,2,0.022008370710418383,6.0
neyman@gamma-poisson,33,3,0.3194450507831948,16.0
neyman@gamma-poisson,33,4,0.26075276760205085,7.0
neyman@gamma-poisson,33,5,1.106083460467649,21.0
neyman@gamma-poisson,33,6,0.753831262823098,23.0
neyman@gamma-poisson,33,7,0.16211360936081226,12.0
neyman@gamma-poisson,33,8,3.0590989692285233,45.0
neyman@gamma-poisson,33,9,0.14104358075271925,9.0
neyman@gamma-poisson,33,10,2.660849932299313,52.0
neyman@gamma-poisson,33,11,0.09600385143602086,12.0
predictive-variance@gamma-poisson,33,0,0.8425003247852837,40.0
predictive-variance@gamma-poisson,33,1,0.037839597825302246,0.0
predictive-variance@gamma-poisson,33,2,0.022008370710418383,0.0
predictive-variance@gamma-poisson,33,3,0.3194450507831948,40.0
predictive-variance@gamma-poisson,33,4,0.26075276760205085,0.0
predictive-variance@gamma-poisson,33,5,1.106083460467649,40.0
predictive-variance@gamma-poisson,33,6,0.753831262823098,0.0
predictive-variance@gamma-poisson,33,7,0.16211360936081226,0.0
predictive-variance@gamma-poisson,33,8,3.0590989692285233,40.0
predictive-variance@gamma-poisson,33,9,0.14104358075271925,40.0
predictive-variance@gamma-poisson,33,10,2.660849932299313,40.0
predictive-variance@gamma-poisson,33,11,0.09600385143602086,0.0
epistemic@gamma-poisson,33,0,0.8425003247852837,40.0
epistemic@gamma-poisson,33,1,0.037839597825302246,0.0
epistemic@gamma-poisson,33,2,0.022008370710418383,0.0
epistemic@gamma-poisson,33,3,0.3194450507831948,40.0
epistemic@gamma-poisson,33,4,0.26075276760205085,0.0
epistemic@gamma-poisson,33,5,1.106083460467649,40.0
epistemic@gamma-poisson,33,6,0.753831262823098,0.0
epistemic@gamma-poisson,33,7,0.16211360936081226,0.0
epistemic@gamma-poisson,33,8,3.0590989692285233,40.0
epistemic@gamma-poisson,33,9,0.14104358075271925,40.0
epistemic@gamma-poisson,33,10,2.660849932299313,40.0
epistemic@gamma-poisson,33,11,0.09600385143602086,0.0
thompson@gamma-poisson,33,0,0.8425003247852837,40.0
thompson@gamma-poisson,33,1,0.037839597825302246,0.0
thompson@gamma-poisson,33,2,0.022008370710418383,0.0
thompson@gamma-poisson,33,3,0.3194450507831948,0.0
thompson@gamma-poisson,33,4,0.26075276760205085,0.0
thompson@gamma-poisson,33,5,1.106083460467649,40.0
thompson@gamma-poisson,33,6,0.753831262823098,0.0
thompson@gamma-poisson,33,7,0.16211360936081226,0.0
thompson@gamma-poisson,33,8,3.0590989692285233,0.0
thompson@gamma-poisson,33,9,0.14104358075271925,0.0
thompson@gamma-poisson,33,10,2.660849932299313,160.0
thompson@gamma-poisson,33,11,0.09600385143602086,0.0
epig@gamma-poisson,33,0,0.8425003247852837,23.0
epig@gamma-poisson,33,1,0.037839597825302246,16.0
epig@gamma-poisson,33,2,0.022008370710418383,13.0
epig@gamma-poisson,33,3,0.3194450507831948,20.0
epig@gamma-poisson,33,4,0.26075276760205085,18.0
epig@gamma-poisson,33,5,1.106083460467649,22.0
epig@gamma-poisson,33,6,0.753831262823098,18.0
epig@gamma-poisson,33,7,0.16211360936081226,16.0
epig@gamma-poisson,33,8,3.0590989692285233,30.0
epig@gamma-poisson,33,9,0.14104358075271925,20.0
epig@gamma-poisson,33,10,2.660849932299313,30.0
epig@gamma-poisson,33,11,0.09600385143602086,14.0
eig@lognormal-poisson,33,0,0.8425003247852837,28.0
eig@lognormal-poisson,33,1,0.037839597825302246,11.0
eig@lognormal-poisson,33,2,0.022008370710418383,8.0
eig@lognormal-poisson,33,3,0.3194450507831948,25.0
eig@lognormal-poisson,33,4,0.26075276760205085,16.0
eig@lognormal-poisson,33,5,1.106083460467649,28.0
eig@lognormal-poisson,33,6,0.753831262823098,29.0
eig@lognormal-poisson,33,7,0.16211360936081226,16.0
eig@lognormal-poisson,33,8,3.0590989692285233,30.0
eig@lognormal-poisson,33,9,0.14104358075271925,15.0
eig@lognormal-poisson,33,10,2.660849932299313,29.0
eig@lognormal-poisson,33,11,0.09600385143602086,5.0
maxent@lognormal-poisson,33,0,0.8425003247852837,3.0
maxent@lognormal-poisson,33,1,0.037839597825302246,0.0
maxent@lognormal-poisson,33,2,0.022008370710418383,0.0
maxent@lognormal-poisson,33,3,0.3194450507831948,0.0
maxent@lognormal-poisson,33,4,0.26075276760205085,0.0
maxent@lognormal-poisson,33,5,1.106083460467649,1.0
maxent@lognormal-poisson,33,6,0.753831262823098,0.0
maxent@lognormal-poisson,33,7,0.16211360936081226,0.0
maxent@lognormal-poisson,33,8,3.0590989692285233,0.0
maxent@lognormal-poisson,33,9,0.14104358075271925,0.0
maxent@lognormal-poisson,33,10,2.660849932299313,236.0
maxent@lognormal-poisson,33,11,0.09600385143602086,0.0
d-optimality@lognormal-poisson,33,0,0.8425003247852837,26.0
d-optimality@lognormal-poisson,33,1,0.037839597825302246,13.0
d-optimality@lognormal-poisson,33,2,0.022008370710418383,11.0
d-optimality@lognormal-poisson,33,3,0.3194450507831948,24.0
d-optimality@lognormal-poisson,33,4,0.26075276760205085,17.0
d-optimality@lognormal-poisson,33,5,1.106083460467649,27.0
d-optimality@lognormal-poisson,33,6,0.753831262823098,27.0
d-optimality@lognormal-poisson,33,7,0.16211360936081226,17.0
d-optimality@lognormal-poisson,33,8,3.0590989692285233,28.0
d-optimality@lognormal-poisson,33,9,0.14104358075271925,16.0
d-optimality@lognormal-poisson,33,10,2.660849932299313,27.0
d-optimality@lognormal-poisson,33,11,0.09600385143602086,7.0
neyman@lognormal-poisson,33,0,0.8425003247852837,29.0
neyman@lognormal-poisson,33,1,0.037839597825302246,8.0
neyman@lognormal-poisson,33,2,0.022008370710418383,7.0
neyman@lognormal-poisson,33,3,0.3194450507831948,16.0
neyman@lognormal-poisson,33,4,0.26075276760205085,7.0
neyman@lognormal-poisson,33,5,1.106083460467649,21.0
neyman@lognormal-poisson,33,6,0.753831262823098,23.0
neyman@lognormal-poisson,33,7,0.16211360936081226,11.0
neyman@lognormal-poisson,33,8,3.0590989692285233,44.0
neyman@lognormal-poisson,33,9,0.14104358075271925,12.0
neyman@lognormal-poisson,33,10,2.660849932299313,51.0
neyman@lognormal-poisson,33,11,0.09600385143602086,11.0
predictive-variance@lognormal-poisson,33,0,0.8425003247852837,40.0
predictive-variance@lognormal-poisson,33,1,0.037839597825302246,0.0
predictive-variance@lognormal-poisson,33,2,0.022008370710418383,0.0
predictive-variance@lognormal-poisson,33,3,0.3194450507831948,40.0
predictive-variance@lognormal-poisson,33,4,0.26075276760205085,0.0
predictive-variance@lognormal-poisson,33,5,1.106083460467649,40.0
predictive-variance@lognormal-poisson,33,6,0.753831262823098,0.0
predictive-variance@lognormal-poisson,33,7,0.16211360936081226,0.0
predictive-variance@lognormal-poisson,33,8,3.0590989692285233,40.0
predictive-variance@lognormal-poisson,33,9,0.14104358075271925,40.0
predictive-variance@lognormal-poisson,33,10,2.660849932299313,40.0
predictive-variance@lognormal-poisson,33,11,0.09600385143602086,0.0
epistemic@lognormal-poisson,33,0,0.8425003247852837,40.0
epistemic@lognormal-poisson,33,1,0.037839597825302246,0.0
epistemic@lognormal-poisson,33,2,0.022008370710418383,0.0
epistemic@lognormal-poisson,33,3,0.3194450507831948,40.0
epistemic@lognormal-poisson,33,4,0.26075276760205085,0.0
epistemic@lognormal-poisson,33,5,1.106083460467649,40.0
epistemic@lognormal-poisson,33,6,0.753831262823098,0.0
epistemic@lognormal-poisson,33,7,0.16211360936081226,0.0
epistemic@lognormal-poisson,33,8,3.0590989692285233,40.0
epistemic@lognormal-poisson,33,9,0.14104358075271925,40.0
epistemic@lognormal-poisson,33,10,2.660849932299313,40.0
epistemic@lognormal-poisson,33,11,0.09600385143602086,0.0
thompson@lognormal-poisson,33,0,0.8425003247852837,40.0
thompson@lognormal-poisson,33,1,0.037839597825302246,0.0
thompson@lognormal-poisson,33,2,0.022008370710418383,0.0
thompson@lognormal-poisson,33,3,0.3194450507831948,0.0
thompson@lognormal-poisson,33,4,0.26075276760205085,0.0
thompson@lognormal-poisson,33,5,1.106083460467649,40.0
thompson@lognormal-poisson,33,6,0.753831262823098,0.0
thompson@lognormal-poisson,33,7,0.16211360936081226,0.0
thompson@lognormal-poisson,33,8,3.0590989692285233,40.0
thompson@lognormal-poisson,33,9,0.14104358075271925,0.0
thompson@lognormal-poisson,33,10,2.660849932299313,120.0
thompson@lognormal-poisson,33,11,0.09600385143602086,0.0
eig,34,0,0.34863277406430915,26.0
eig,34,1,0.03168581340815885,8.0
eig,34,2,0.8115765924109377,19.0
eig,34,3,0.2872434747568494,21.0
eig,34,4,1.0308282556416593,29.0
eig,34,5,0.06023848061392573,9.0
eig,34,6,3.017048257890276,30.0
eig,34,7,0.6109338341596162,26.0
eig,34,8,0.07708245572180933,14.0
eig,34,9,0.43291949088477144,26.0
eig,34,10,0.09821396238218282,2.0
eig,34,11,1.613601525489057,30.0
epig,34,0,0.34863277406430915,23.0
epig,34,1,0.03168581340815885,9.0
epig,34,2,0.8115765924109377,23.0
epig,34,3,0.2872434747568494,21.0
epig,34,4,1.0308282556416593,26.0
epig,34,5,0.06023848061392573,10.0
epig,34,6,3.017048257890276,30.0
epig,34,7,0.6109338341596162,25.0
epig,34,8,0.07708245572180933,14.0
epig,34,9,0.43291949088477144,23.0
epig,34,10,0.09821396238218282,5.0
epig,34,11,1.613601525489057,31.0
maxent,34,0,0.34863277406430915,1.0
maxent,34,1,0.03168581340815885,0.0
maxent,34,2,0.8115765924109377,1.0
maxent,34,3,0.2872434747568494,0.0
maxent,34,4,1.0308282556416593,1.0
maxent,34,5,0.06023848061392573,0.0
maxent,34,6,3.017048257890276,235.0
maxent,34,7,0.6109338341596162,1.0
maxent,34,8,0.07708245572180933,0.0
maxent,34,9,0.43291949088477144,0.0
maxent,34,10,0.09821396238218282,0.0
maxent,34,11,1.613601525489057,1.0
d-optimality,34,0,0.34863277406430915,24.0
d-optimality,34,1,0.03168581340815885,12.0
d-optimality,34,2,0.8115765924109377,18.0
d-optimality,34,3,0.2872434747568494,20.0
d-optimality,34,4,1.0308282556416593,27.0
d-optimality,34,5,0.06023848061392573,18.0
d-optimality,34,6,3.017048257890276,27.0
d-optimality,34,7,0.6109338341596162,23.0
d-optimality,34,8,0.07708245572180933,14.0
d-optimality,34,9,0.43291949088477144,24.0
d-optimality,34,10,0.09821396238218282,6.0
d-optimality,34,11,1.613601525489057,27.0
neyman,34,0,0.34863277406430915,19.0
neyman,34,1,0.03168581340815885,6.0
neyman,34,2,0.8115765924109377,27.0
neyman,34,3,0.2872434747568494,20.0
neyman,34,4,1.0308282556416593,23.0
neyman,34,5,0.06023848061392573,7.0
neyman,34,6,3.017048257890276,47.0
neyman,34,7,0.6109338341596162,24.0
neyman,34,8,0.07708245572180933,11.0
neyman,34,9,0.43291949088477144,12.0
neyman,34,10,0.09821396238218282,6.0
neyman,34,11,1.613601525489057,38.0
predictive-variance,34,0,0.34863277406430915,40.0
predictive-variance,34,1,0.03168581340815885,0.0
predictive-variance,34,2,0.8115765924109377,40.0
predictive-variance,34,3,0.2872434747568494,0.0
predictive-variance,34,4,1.0308282556416593,40.0
predictive-variance,34,5,0.06023848061392573,0.0
predictive-variance,34,6,3.017048257890276,40.0
predictive-variance,34,7,0.6109338341596162,40.0
predictive-variance,34,8,0.07708245572180933,0.0
predictive-variance,34,9,0.43291949088477144,0.0
predictive-variance,34,10,0.09821396238218282,0.0
predictive-variance,34,11,1.613601525489057,40.0
epistemic,34,0,0.34863277406430915,40.0
epistemic,34,1,0.03168581340815885,0.0
epistemic,34,2,0.8115765924109377,40.0
epistemic,34,3,0.2872434747568494,0.0
epistemic,34,4,1.0308282556416593,40.0
epistemic,34,5,0.06023848061392573,0.0
epistemic,34,6,3.017048257890276,40.0
epistemic,34,7,0.6109338341596162,40.0
epistemic,34,8,0.07708245572180933,0.0
epistemic,34,9,0.43291949088477144,0.0
epistemic,34,10,0.09821396238218282,0.0
epistemic,34,11,1.613601525489057,40.0
thompson,34,0,0.34863277406430915,40.0
thompson,34,1,0.03168581340815885,0.0
thompson,34,2,0.8115765924109377,40.0
thompson,34,3,0.2872434747568494,0.0
thompson,34,4,1.0308282556416593,40.0
thompson,34,5,0.06023848061392573,0.0
thompson,34,6,3.017048257890276,0.0
thompson,34,7,0.6109338341596162,40.0
thompson,34,8,0.07708245572180933,0.0
thompson,34,9,0.43291949088477144,0.0
thompson,34,10,0.09821396238218282,0.0
thompson,34,11,1.613601525489057,80.0
uniform,34,0,0.34863277406430915,20.0
uniform,34,1,0.03168581340815885,20.0
uniform,34,2,0.8115765924109377,20.0
uniform,34,3,0.2872434747568494,20.0
uniform,34,4,1.0308282556416593,20.0
uniform,34,5,0.06023848061392573,20.0
uniform,34,6,3.017048257890276,20.0
uniform,34,7,0.6109338341596162,20.0
uniform,34,8,0.07708245572180933,20.0
uniform,34,9,0.43291949088477144,20.0
uniform,34,10,0.09821396238218282,20.0
uniform,34,11,1.613601525489057,20.0
random,34,0,0.34863277406430915,27.0
random,34,1,0.03168581340815885,20.0
random,34,2,0.8115765924109377,3.5
random,34,3,0.2872434747568494,43.0
random,34,4,1.0308282556416593,45.0
random,34,5,0.06023848061392573,15.0
random,34,6,3.017048257890276,25.0
random,34,7,0.6109338341596162,0.0
random,34,8,0.07708245572180933,17.5
random,34,9,0.43291949088477144,1.0
random,34,10,0.09821396238218282,0.0
random,34,11,1.613601525489057,42.5
eig@gamma-poisson,34,0,0.34863277406430915,25.0
eig@gamma-poisson,34,1,0.03168581340815885,13.0
eig@gamma-poisson,34,2,0.8115765924109377,24.0
eig@gamma-poisson,34,3,0.2872434747568494,23.0
eig@gamma-poisson,34,4,1.0308282556416593,26.0
eig@gamma-poisson,34,5,0.06023848061392573,19.0
eig@gamma-poisson,34,6,3.017048257890276,25.0
eig@gamma-poisson,34,7,0.6109338341596162,25.0
eig@gamma-poisson,34,8,0.07708245572180933,12.0
eig@gamma-poisson,34,9,0.43291949088477144,19.0
eig@gamma-poisson,34,10,0.09821396238218282,4.0
eig@gamma-poisson,34,11,1.613601525489057,25.0
maxent@gamma-poisson,34,0,0.34863277406430915,1.0
maxent@gamma-poisson,34,1,0.03168581340815885,0.0
maxent@gamma-poisson,34,2,0.8115765924109377,1.0
maxent@gamma-poisson,34,3,0.2872434747568494,0.0
maxent@gamma-poisson,34,4,1.0308282556416593,1.0
maxent@gamma-poisson,34,5,0.06023848061392573,0.0
maxent@gamma-poisson,34,6,3.017048257890276,235.0
maxent@gamma-poisson,34,7,0.6109338341596162,1.0
maxent@gamma-poisson,34,8,0.07708245572180933,0.0
maxent@gamma-poisson,34,9,0.43291949088477144,0.0
maxent@gamma-poisson,34,10,0.09821396238218282,0.0
maxent@gamma-poisson,34,11,1.613601525489057,1.0
d-optimality@gamma-poisson,34,0,0.34863277406430915,24.0
d-optimality@gamma-poisson,34,1,0.03168581340815885,20.0
d-optimality@gamma-poisson,34,2,0.8115765924109377,23.0
d-optimality@gamma-poisson,34,3,0.2872434747568494,22.0
d-optimality@gamma-poisson,34,4,1.0308282556416593,24.0
d-optimality@gamma-poisson,34,5,0.06023848061392573,19.0
d-optimality@gamma-poisson,34,6,3.017048257890276,24.0
d-optimality@gamma-poisson,34,7,0.6109338341596162,23.0
d-optimality@gamma-poisson,34,8,0.07708245572180933,11.0
d-optimality@gamma-poisson,34,9,0.43291949088477144,18.0
d-optimality@gamma-poisson,34,10,0.09821396238218282,8.0
d-optimality@gamma-poisson,34,11,1.613601525489057,24.0
neyman@gamma-poisson,34,0,0.34863277406430915,19.0
neyman@gamma-poisson,34,1,0.03168581340815885,5.0
neyman@gamma-poisson,34,2,0.8115765924109377,23.0
neyman@gamma-poisson,34,3,0.2872434747568494,20.0
neyman@gamma-poisson,34,4,1.0308282556416593,24.0
neyman@gamma-poisson,34,5,0.06023848061392573,7.0
neyman@gamma-poisson,34,6,3.017048257890276,48.0
neyman@gamma-poisson,34,7,0.6109338341596162,24.0
neyman@gamma-poisson,34,8,0.07708245572180933,12.0
neyman@gamma-poisson,34,9,0.43291949088477144,13.0
neyman@gamma-poisson,34,10,0.09821396238218282,6.0
neyman@gamma-poisson,34,11,1.613601525489057,39.0
predictive-variance@gamma-poisson,34,0,0.34863277406430915,40.0
predictive-variance@gamma-poisson,34,1,0.03168581340815885,0.0
predictive-variance@gamma-poisson,34,2,0.8115765924109377,40.0
predictive-variance@gamma-poisson,34,3,0.2872434747568494,0.0
predictive-variance@gamma-poisson,34,4,1.0308282556416593,40.0
predictive-variance@gamma-poisson,34,5,0.06023848061392573,0.0
predictive-variance@gamma-poisson,34,6,3.017048257890276,40.0
predictive-variance@gamma-poisson,34,7,0.6109338341596162,40.0
predictive-variance@gamma-poisson,34,8,0.07708245572180933,0.0
predictive-variance@gamma-poisson,34,9,0.43291949088477144,0.0
predictive-variance@gamma-poisson,34,10,0.09821396238218282,0.0
predictive-variance@gamma-poisson,34,11,1.613601525489057,40.0
epistemic@gamma-poisson,34,0,0.34863277406430915,40.0
epistemic@gamma-poisson,34,1,0.03168581340815885,0.0
epistemic@gamma-poisson,34,2,0.8115765924109377,40.0
epistemic@gamma-poisson,34,3,0.2872434747568494,0.0
epistemic@gamma-poisson,34,4,1.0308282556416593,40.0
epistemic@gamma-poisson,34,5,0.06023848061392573,0.0
epistemic@gamma-poisson,34,6,3.017048257890276,40.0
epistemic@gamma-poisson,34,7,0.6109338341596162,40.0
epistemic@gamma-poisson,34,8,0.07708245572180933,0.0
epistemic@gamma-poisson,34,9,0.43291949088477144,0.0
epistemic@gamma-poisson,34,10,0.09821396238218282,0.0
epistemic@gamma-poisson,34,11,1.613601525489057,40.0
thompson@gamma-poisson,34,0,0.34863277406430915,40.0
thompson@gamma-poisson,34,1,0.03168581340815885,0.0
thompson@gamma-poisson,34,2,0.8115765924109377,0.0
thompson@gamma-poisson,34,3,0.2872434747568494,0.0
thompson@gamma-poisson,34,4,1.0308282556416593,40.0
thompson@gamma-poisson,34,5,0.06023848061392573,0.0
thompson@gamma-poisson,34,6,3.017048257890276,120.0
thompson@gamma-poisson,34,7,0.6109338341596162,40.0
thompson@gamma-poisson,34,8,0.07708245572180933,0.0
thompson@gamma-poisson,34,9,0.43291949088477144,0.0
thompson@gamma-poisson,34,10,0.09821396238218282,0.0
thompson@gamma-poisson,34,11,1.613601525489057,0.0
epig@gamma-poisson,34,0,0.34863277406430915,23.0
epig@gamma-poisson,34,1,0.03168581340815885,13.0
epig@gamma-poisson,34,2,0.8115765924109377,27.0
epig@gamma-poisson,34,3,0.2872434747568494,24.0
epig@gamma-poisson,34,4,1.0308282556416593,24.0
epig@gamma-poisson,34,5,0.06023848061392573,18.0
epig@gamma-poisson,34,6,3.017048257890276,24.0
epig@gamma-poisson,34,7,0.6109338341596162,25.0
epig@gamma-poisson,34,8,0.07708245572180933,11.0
epig@gamma-poisson,34,9,0.43291949088477144,18.0
epig@gamma-poisson,34,10,0.09821396238218282,6.0
epig@gamma-poisson,34,11,1.613601525489057,27.0
eig@lognormal-poisson,34,0,0.34863277406430915,27.0
eig@lognormal-poisson,34,1,0.03168581340815885,8.0
eig@lognormal-poisson,34,2,0.8115765924109377,23.0
eig@lognormal-poisson,34,3,0.2872434747568494,22.0
eig@lognormal-poisson,34,4,1.0308282556416593,28.0
eig@lognormal-poisson,34,5,0.06023848061392573,9.0
eig@lognormal-poisson,34,6,3.017048257890276,29.0
eig@lognormal-poisson,34,7,0.6109338341596162,26.0
eig@lognormal-poisson,34,8,0.07708245572180933,13.0
eig@lognormal-poisson,34,9,0.43291949088477144,25.0
eig@lognormal-poisson,34,10,0.09821396238218282,1.0
eig@lognormal-poisson,34,11,1.613601525489057,29.0
maxent@lognormal-poisson,34,0,0.34863277406430915,1.0
maxent@lognormal-poisson,34,1,0.03168581340815885,0.0
maxent@lognormal-poisson,34,2,0.8115765924109377,1.0
maxent@lognormal-poisson,34,3,0.2872434747568494,0.0
maxent@lognormal-poisson,34,4,1.0308282556416593,1.0
maxent@lognormal-poisson,34,5,0.06023848061392573,0.0
maxent@lognormal-poisson,34,6,3.017048257890276,235.0
maxent@lognormal-poisson,34,7,0.6109338341596162,1.0
maxent@lognormal-poisson,34,8,0.07708245572180933,0.0
maxent@lognormal-poisson,34,9,0.43291949088477144,0.0
maxent@lognormal-poisson,34,10,0.09821396238218282,0.0
maxent@lognormal-poisson,34,11,1.613601525489057,1.0
d-optimality@lognormal-poisson,34,0,0.34863277406430915,26.0
d-optimality@lognormal-poisson,34,1,0.03168581340815885,11.0
d-optimality@lognormal-poisson,34,2,0.8115765924109377,22.0
d-optimality@lognormal-poisson,34,3,0.2872434747568494,21.0
d-optimality@lognormal-poisson,34,4,1.0308282556416593,27.0
d-optimality@lognormal-poisson,34,5,0.06023848061392573,14.0
d-optimality@lognormal-poisson,34,6,3.017048257890276,27.0
d-optimality@lognormal-poisson,34,7,0.6109338341596162,24.0
d-optimality@lognormal-poisson,34,8,0.07708245572180933,13.0
d-optimality@lognormal-poisson,34,9,0.43291949088477144,23.0
d-optimality@lognormal-poisson,34,10,0.09821396238218282,5.0
d-optimality@lognormal-poisson,34,11,1.613601525489057,27.0
neyman@lognormal-poisson,34,0,0.34863277406430915,20.0
neyman@lognormal-poisson,34,1,0.03168581340815885,6.0
neyman@lognormal-poisson,34,2,0.8115765924109377,26.0
neyman@lognormal-poisson,34,3,0.2872434747568494,20.0
neyman@lognormal-poisson,34,4,1.0308282556416593,23.0
neyman@lognormal-poisson,34,5,0.06023848061392573,7.0
neyman@lognormal-poisson,34,6,3.017048257890276,47.0
neyman@lognormal-poisson,34,7,0.6109338341596162,24.0
neyman@lognormal-poisson,34,8,0.07708245572180933,11.0
neyman@lognormal-poisson,34,9,0.43291949088477144,12.0
neyman@lognormal-poisson,34,10,0.09821396238218282,6.0
neyman@lognormal-poisson,34,11,1.613601525489057,38.0
predictive-variance@lognormal-poisson,34,0,0.34863277406430915,40.0
predictive-variance@lognormal-poisson,34,1,0.03168581340815885,0.0
predictive-variance@lognormal-poisson,34,2,0.8115765924109377,40.0
predictive-variance@lognormal-poisson,34,3,0.2872434747568494,0.0
predictive-variance@lognormal-poisson,34,4,1.0308282556416593,40.0
predictive-variance@lognormal-poisson,34,5,0.06023848061392573,0.0
predictive-variance@lognormal-poisson,34,6,3.017048257890276,40.0
predictive-variance@lognormal-poisson,34,7,0.6109338341596162,40.0
predictive-variance@lognormal-poisson,34,8,0.07708245572180933,0.0
predictive-variance@lognormal-poisson,34,9,0.43291949088477144,0.0
predictive-variance@lognormal-poisson,34,10,0.09821396238218282,0.0
predictive-variance@lognormal-poisson,34,11,1.613601525489057,40.0
epistemic@lognormal-poisson,34,0,0.34863277406430915,40.0
epistemic@lognormal-poisson,34,1,0.03168581340815885,0.0
epistemic@lognormal-poisson,34,2,0.8115765924109377,40.0
epistemic@lognormal-poisson,34,3,0.2872434747568494,0.0
epistemic@lognormal-poisson,34,4,1.0308282556416593,40.0
epistemic@lognormal-poisson,34,5,0.06023848061392573,0.0
epistemic@lognormal-poisson,34,6,3.017048257890276,40.0
epistemic@lognormal-poisson,34,7,0.6109338341596162,40.0
epistemic@lognormal-poisson,34,8,0.07708245572180933,0.0
epistemic@lognormal-poisson,34,9,0.43291949088477144,0.0
epistemic@lognormal-poisson,34,10,0.09821396238218282,0.0
epistemic@lognormal-poisson,34,11,1.613601525489057,40.0
thompson@lognormal-poisson,34,0,0.34863277406430915,40.0
thompson@lognormal-poisson,34,1,0.03168581340815885,0.0
thompson@lognormal-poisson,34,2,0.8115765924109377,40.0
thompson@lognormal-poisson,34,3,0.2872434747568494,0.0
thompson@lognormal-poisson,34,4,1.0308282556416593,0.0
thompson@lognormal-poisson,34,5,0.06023848061392573,0.0
thompson@lognormal-poisson,34,6,3.017048257890276,40.0
thompson@lognormal-poisson,34,7,0.6109338341596162,40.0
thompson@lognormal-poisson,34,8,0.07708245572180933,0.0
thompson@lognormal-poisson,34,9,0.43291949088477144,0.0
thompson@lognormal-poisson,34,10,0.09821396238218282,0.0
thompson@lognormal-poisson,34,11,1.613601525489057,80.0
eig,35,0,0.1958441058451657,21.0
eig,35,1,0.153111734162886,18.0
eig,35,2,0.0689686403256867,0.0
eig,35,3,1.6838285438750393,27.0
eig,35,4,6.175851435058736,28.0
eig,35,5,0.11096009644846999,23.0
eig,35,6,0.5456555319864725,22.0
eig,35,7,0.10423932734239881,9.0
eig,35,8,0.6577352874180388,25.0
eig,35,9,3.5268349274084656,28.0
eig,35,10,0.03942164930667971,11.0
eig,35,11,4.323235141282122,28.0
epig,35,0,0.1958441058451657,20.0
epig,35,1,0.153111734162886,18.0
epig,35,2,0.0689686403256867,0.0
epig,35,3,1.6838285438750393,27.0
epig,35,4,6.175851435058736,28.5
epig,35,5,0.11096009644846999,22.0
epig,35,6,0.5456555319864725,24.0
epig,35,7,0.10423932734239881,10.0
epig,35,8,0.6577352874180388,23.0
epig,35,9,3.5268349274084656,28.5
epig,35,10,0.03942164930667971,11.0
epig,35,11,4.323235141282122,28.0
maxent,35,0,0.1958441058451657,0.0
maxent,35,1,0.153111734162886,0.0
maxent,35,2,0.0689686403256867,0.0
maxent,35,3,1.6838285438750393,0.0
maxent,35,4,6.175851435058736,240.0
maxent,35,5,0.11096009644846999,0.0
maxent,35,6,0.5456555319864725,0.0
maxent,35,7,0.10423932734239881,0.0
maxent,35,8,0.6577352874180388,0.0
maxent,35,9,3.5268349274084656,0.0
maxent,35,10,0.03942164930667971,0.0
maxent,35,11,4.323235141282122,0.0
d-optimality,35,0,0.1958441058451657,22.0
d-optimality,35,1,0.153111734162886,18.0
d-optimality,35,2,0.0689686403256867,0.0
d-optimality,35,3,1.6838285438750393,26.0
d-optimality,35,4,6.175851435058736,27.0
d-optimality,35,5,0.11096009644846999,23.0
d-optimality,35,6,0.5456555319864725,22.0
d-optimality,35,7,0.10423932734239881,12.0
d-optimality,35,8,0.6577352874180388,23.0
d-optimality,35,9,3.5268349274084656,27.0
d-optimality,35,10,0.03942164930667971,13.0
d-optimality,35,11,4.323235141282122,27.0
neyman,35,0,0.1958441058451657,8.0
neyman,35,1,0.153111734162886,11.0
neyman,35,2,0.0689686403256867,5.0
neyman,35,3,1.6838285438750393,26.0
neyman,35,4,6.175851435058736,52.0
neyman,35,5,0.11096009644846999,10.0
neyman,35,6,0.5456555319864725,18.0
neyman,35,7,0.10423932734239881,6.0
neyman,35,8,0.6577352874180388,12.0
neyman,35,9,3.5268349274084656,41.0
neyman,35,10,0.03942164930667971,7.0
neyman,35,11,4.323235141282122,44.0
predictive-variance,35,0,0.1958441058451657,0.0
predictive-variance,35,1,0.153111734162886,0.0
predictive-variance,35,2,0.0689686403256867,0.0
predictive-variance,35,3,1.6838285438750393,40.0
predictive-variance,35,4,6.175851435058736,40.0
predictive-variance,35,5,0.11096009644846999,0.0
predictive-variance,35,6,0.5456555319864725,40.0
predictive-variance,35,7,0.10423932734239881,0.0
predictive-variance,35,8,0.6577352874180388,40.0
predictive-variance,35,9,3.5268349274084656,40.0
predictive-variance,35,10,0.03942164930667971,0.0
predictive-variance,35,11,4.323235141282122,40.0
epistemic,35,0,0.1958441058451657,0.0
epistemic,35,1,0.153111734162886,0.0
epistemic,35,2,0.0689686403256867,0.0
epistemic,35,3,1.6838285438750393,40.0
epistemic,35,4,6.175851435058736,40.0
epistemic,35,5,0.11096009644846999,0.0
epistemic,35,6,0.5456555319864725,40.0
epistemic,35,7,0.10423932734239881,0.0
epistemic,35,8,0.6577352874180388,40.0
epistemic,35,9,3.5268349274084656,40.0
epistemic,35,10,0.03942164930667971,0.0
epistemic,35,11,4.323235141282122,40.0
thompson,35,0,0.1958441058451657,0.0
thompson,35,1,0.153111734162886,0.0
thompson,35,2,0.0689686403256867,0.0
thompson,35,3,1.6838285438750393,0.0
thompson,35,4,6.175851435058736,160.0
thompson,35,5,0.11096009644846999,0.0
thompson,35,6,0.5456555319864725,40.0
thompson,35,7,0.10423932734239881,0.0
thompson,35,8,0.6577352874180388,0.0
thompson,35,9,3.5268349274084656,0.0
thompson,35,10,0.03942164930667971,0.0
thompson,35,11,4.323235141282122,40.0
uniform,35,0,0.1958441058451657,20.0
uniform,35,1,0.153111734162886,20.0
uniform,35,2,0.0689686403256867,20.0
uniform,35,3,1.6838285438750393,20.0
uniform,35,4,6.175851435058736,20.0
uniform,35,5,0.11096009644846999,20.0
uniform,35,6,0.5456555319864725,20.0
uniform,35,7,0.10423932734239881,20.0
uniform,35,8,0.6577352874180388,20.0
uniform,35,9,3.5268349274084656,20.0
uniform,35,10,0.03942164930667971,20.0
uniform,35,11,4.323235141282122,20.0
random,35,0,0.1958441058451657,0.0
random,35,1,0.153111734162886,11.0
random,35,2,0.0689686403256867,42.5
random,35,3,1.6838285438750393,20.0
random,35,4,6.175851435058736,22.5
random,35,5,0.11096009644846999,27.5
random,35,6,0.5456555319864725,0.0
random,35,7,0.10423932734239881,46.0
random,35,8,0.6577352874180388,15.0
random,35,9,3.5268349274084656,0.0
random,35,10,0.03942164930667971,10.0
random,35,11,4.323235141282122,45.0
eig@gamma-poisson,35,0,0.1958441058451657,22.0
eig@gamma-poisson,35,1,0.153111734162886,14.0
eig@gamma-poisson,35,2,0.0689686403256867,0.0
eig@gamma-poisson,35,3,1.6838285438750393,25.0
eig@gamma-poisson,35,4,6.175851435058736,26.0
eig@gamma-poisson,35,5,0.11096009644846999,24.0
eig@gamma-poisson,35,6,0.5456555319864725,25.0
eig@gamma-poisson,35,7,0.10423932734239881,15.0
eig@gamma-poisson,35,8,0.6577352874180388,24.0
eig@gamma-poisson,35,9,3.5268349274084656,26.0
eig@gamma-poisson,35,10,0.03942164930667971,13.0
eig@gamma-poisson,35,11,4.323235141282122,26.0
maxent@gamma-poisson,35,0,0.1958441058451657,0.0
maxent@gamma-poisson,35,1,0.153111734162886,0.0
maxent@gamma-poisson,35,2,0.0689686403256867,0.0
maxent@gamma-poisson,35,3,1.6838285438750393,0.0
maxent@gamma-poisson,35,4,6.175851435058736,240.0
maxent@gamma-poisson,35,5,0.11096009644846999,0.0
maxent@gamma-poisson,35,6,0.5456555319864725,0.0
maxent@gamma-poisson,35,7,0.10423932734239881,0.0
maxent@gamma-poisson,35,8,0.6577352874180388,0.0
maxent@gamma-poisson,35,9,3.5268349274084656,0.0
maxent@gamma-poisson,35,10,0.03942164930667971,0.0
maxent@gamma-poisson,35,11,4.323235141282122,0.0
d-optimality@gamma-poisson,35,0,0.1958441058451657,21.0
d-optimality@gamma-poisson,35,1,0.153111734162886,13.0
d-optimality@gamma-poisson,35,2,0.0689686403256867,0.0
d-optimality@gamma-poisson,35,3,1.6838285438750393,24.0
d-optimality@gamma-poisson,35,4,6.175851435058736,25.0
d-optimality@gamma-poisson,35,5,0.11096009644846999,24.0
d-optimality@gamma-poisson,35,6,0.5456555319864725,24.0
d-optimality@gamma-poisson,35,7,0.10423932734239881,22.0
d-optimality@gamma-poisson,35,8,0.6577352874180388,23.0
d-optimality@gamma-poisson,35,9,3.5268349274084656,25.0
d-optimality@gamma-poisson,35,10,0.03942164930667971,14.0
d-optimality@gamma-poisson,35,11,4.323235141282122,25.0
neyman@gamma-poisson,35,0,0.1958441058451657,8.0
neyman@gamma-poisson,35,1,0.153111734162886,11.0
neyman@gamma-poisson,35,2,0.0689686403256867,5.0
neyman@gamma-poisson,35,3,1.6838285438750393,27.0
neyman@gamma-poisson,35,4,6.175851435058736,54.0
neyman@gamma-poisson,35,5,0.11096009644846999,11.0
neyman@gamma-poisson,35,6,0.5456555319864725,12.0
neyman@gamma-poisson,35,7,0.10423932734239881,5.0
neyman@gamma-poisson,35,8,0.6577352874180388,12.0
neyman@gamma-poisson,35,9,3.5268349274084656,42.0
neyman@gamma-poisson,35,10,0.03942164930667971,8.0
neyman@gamma-poisson,35,11,4.323235141282122,45.0
predictive-variance@gamma-poisson,35,0,0.1958441058451657,0.0
predictive-variance@gamma-poisson,35,1,0.153111734162886,0.0
predictive-variance@gamma-poisson,35,2,0.0689686403256867,0.0
predictive-variance@gamma-poisson,35,3,1.6838285438750393,40.0
predictive-variance@gamma-poisson,35,4,6.175851435058736,40.0
predictive-variance@gamma-poisson,35,5,0.11096009644846999,0.0
predictive-variance@gamma-poisson,35,6,0.5456555319864725,40.0
predictive-variance@gamma-poisson,35,7,0.10423932734239881,0.0
predictive-variance@gamma-poisson,35,8,0.6577352874180388,40.0
predictive-variance@gamma-poisson,35,9,3.5268349274084656,40.0
predictive-variance@gamma-poisson,35,10,0.03942164930667971,0.0
predictive-variance@gamma-poisson,35,11,4.323235141282122,40.0
epistemic@gamma-poisson,35,0,0.1958441058451657,0.0
epistemic@gamma-poisson,35,1,0.153111734162886,0.0
epistemic@gamma-poisson,35,2,0.0689686403256867,0.0
epistemic@gamma-poisson,35,3,1.6838285438750393,40.0
epistemic@gamma-poisson,35,4,6.175851435058736,40.0
epistemic@gamma-poisson,35,5,0.11096009644846999,0.0
epistemic@gamma-poisson,35,6,0.5456555319864725,40.0
epistemic@gamma-poisson,35,7,0.10423932734239881,0.0
epistemic@gamma-poisson,35,8,0.6577352874180388,40.0
epistemic@gamma-poisson,35,9,3.5268349274084656,40.0
epistemic@gamma-poisson,35,10,0.03942164930667971,0.0
epistemic@gamma-poisson,35,11,4.323235141282122,40.0
thompson@gamma-poisson,35,0,0.1958441058451657,0.0
thompson@gamma-poisson,35,1,0.153111734162886,0.0
thompson@gamma-poisson,35,2,0.0689686403256867,0.0
thompson@gamma-poisson,35,3,1.6838285438750393,0.0
thompson@gamma-poisson,35,4,6.175851435058736,160.0
thompson@gamma-poisson,35,5,0.11096009644846999,0.0
thompson@gamma-poisson,35,6,0.5456555319864725,0.0
thompson@gamma-poisson,35,7,0.10423932734239881,0.0
thompson@gamma-poisson,35,8,0.6577352874180388,0.0
thompson@gamma-poisson,35,9,3.5268349274084656,40.0
thompson@gamma-poisson,35,10,0.03942164930667971,0.0
thompson@gamma-poisson,35,11,4.323235141282122,40.0
epig@gamma-poisson,35,0,0.1958441058451657,20.0
epig@gamma-poisson,35,1,0.153111734162886,14.0
epig@gamma-poisson,35,2,0.0689686403256867,0.0
epig@gamma-poisson,35,3,1.6838285438750393,25.0
epig@gamma-poisson,35,4,6.175851435058736,27.0
epig@gamma-poisson,35,5,0.11096009644846999,23.0
epig@gamma-poisson,35,6,0.5456555319864725,28.0
epig@gamma-poisson,35,7,0.10423932734239881,16.0
epig@gamma-poisson,35,8,0.6577352874180388,22.0
epig@gamma-poisson,35,9,3.5268349274084656,28.5
epig@gamma-poisson,35,10,0.03942164930667971,12.0
epig@gamma-poisson,35,11,4.323235141282122,24.5
eig@lognormal-poisson,35,0,0.1958441058451657,20.0
eig@lognormal-poisson,35,1,0.153111734162886,17.0
eig@lognormal-poisson,35,2,0.0689686403256867,0.0
eig@lognormal-poisson,35,3,1.6838285438750393,28.0
eig@lognormal-poisson,35,4,6.175851435058736,28.0
eig@lognormal-poisson,35,5,0.11096009644846999,22.0
eig@lognormal-poisson,35,6,0.5456555319864725,24.0
eig@lognormal-poisson,35,7,0.10423932734239881,10.0
eig@lognormal-poisson,35,8,0.6577352874180388,24.0
eig@lognormal-poisson,35,9,3.5268349274084656,28.0
eig@lognormal-poisson,35,10,0.03942164930667971,10.0
eig@lognormal-poisson,35,11,4.323235141282122,29.0
maxent@lognormal-poisson,35,0,0.1958441058451657,0.0
maxent@lognormal-poisson,35,1,0.153111734162886,0.0
maxent@lognormal-poisson,35,2,0.0689686403256867,0.0
maxent@lognormal-poisson,35,3,1.6838285438750393,0.0
maxent@lognormal-poisson,35,4,6.175851435058736,240.0
maxent@lognormal-poisson,35,5,0.11096009644846999,0.0
maxent@lognormal-poisson,35,6,0.5456555319864725,0.0
maxent@lognormal-poisson,35,7,0.10423932734239881,0.0
maxent@lognormal-poisson,35,8,0.6577352874180388,0.0
maxent@lognormal-poisson,35,9,3.5268349274084656,0.0
maxent@lognormal-poisson,35,10,0.03942164930667971,0.0
maxent@lognormal-poisson,35,11,4.323235141282122,0.0
d-optimality@lognormal-poisson,35,0,0.1958441058451657,20.0
d-optimality@lognormal-poisson,35,1,0.153111734162886,18.0
d-optimality@lognormal-poisson,35,2,0.0689686403256867,0.0
d-optimality@lognormal-poisson,35,3,1.6838285438750393,26.0
d-optimality@lognormal-poisson,35,4,6.175851435058736,27.0
d-optimality@lognormal-poisson,35,5,0.11096009644846999,23.0
d-optimality@lognormal-poisson,35,6,0.5456555319864725,24.0
d-optimality@lognormal-poisson,35,7,0.10423932734239881,13.0
d-optimality@lognormal-poisson,35,8,0.6577352874180388,23.0
d-optimality@lognormal-poisson,35,9,3.5268349274084656,27.0
d-optimality@lognormal-poisson,35,10,0.03942164930667971,12.0
d-optimality@lognormal-poisson,35,11,4.323235141282122,27.0
neyman@lognormal-poisson,35,0,0.1958441058451657,8.0
neyman@lognormal-poisson,35,1,0.153111734162886,11.0
neyman@lognormal-poisson,35,2,0.0689686403256867,5.0
neyman@lognormal-poisson,35,3,1.6838285438750393,26.0
neyman@lognormal-poisson,35,4,6.175851435058736,52.0
neyman@lognormal-poisson,35,5,0.11096009644846999,10.0
neyman@lognormal-poisson,35,6,0.5456555319864725,18.0
neyman@lognormal-poisson,35,7,0.10423932734239881,6.0
neyman@lognormal-poisson,35,8,0.6577352874180388,12.0
neyman@lognormal-poisson,35,9,3.5268349274084656,41.0
neyman@lognormal-poisson,35,10,0.03942164930667971,7.0
neyman@lognormal-poisson,35,11,4.323235141282122,44.0
predictive-variance@lognormal-poisson,35,0,0.1958441058451657,0.0
predictive-variance@lognormal-poisson,35,1,0.153111734162886,0.0
predictive-variance@lognormal-poisson,35,2,0.0689686403256867,0.0
predictive-variance@lognormal-poisson,35,3,1.6838285438750393,40.0
predictive-variance@lognormal-poisson,35,4,6.175851435058736,40.0
predictive-variance@lognormal-poisson,35,5,0.11096009644846999,0.0
predictive-variance@lognormal-poisson,35,6,0.5456555319864725,40.0
predictive-variance@lognormal-poisson,35,7,0.10423932734239881,0.0
predictive-variance@lognormal-poisson,35,8,0.6577352874180388,40.0
predictive-variance@lognormal-poisson,35,9,3.5268349274084656,40.0
predictive-variance@lognormal-poisson,35,10,0.03942164930667971,0.0
predictive-variance@lognormal-poisson,35,11,4.323235141282122,40.0
epistemic@lognormal-poisson,35,0,0.1958441058451657,0.0
epistemic@lognormal-poisson,35,1,0.153111734162886,0.0
epistemic@lognormal-poisson,35,2,0.0689686403256867,0.0
epistemic@lognormal-poisson,35,3,1.6838285438750393,40.0
epistemic@lognormal-poisson,35,4,6.175851435058736,40.0
epistemic@lognormal-poisson,35,5,0.11096009644846999,0.0
epistemic@lognormal-poisson,35,6,0.5456555319864725,40.0
epistemic@lognormal-poisson,35,7,0.10423932734239881,0.0
epistemic@lognormal-poisson,35,8,0.6577352874180388,40.0
epistemic@lognormal-poisson,35,9,3.5268349274084656,40.0
epistemic@lognormal-poisson,35,10,0.03942164930667971,0.0
epistemic@lognormal-poisson,35,11,4.323235141282122,40.0
thompson@lognormal-poisson,35,0,0.1958441058451657,0.0
thompson@lognormal-poisson,35,1,0.153111734162886,0.0
thompson@lognormal-poisson,35,2,0.0689686403256867,0.0
thompson@lognormal-poisson,35,3,1.6838285438750393,0.0
thompson@lognormal-poisson,35,4,6.175851435058736,0.0
thompson@lognormal-poisson,35,5,0.11096009644846999,0.0
thompson@lognormal-poisson,35,6,0.5456555319864725,0.0
thompson@lognormal-poisson,35,7,0.10423932734239881,0.0
thompson@lognormal-poisson,35,8,0.6577352874180388,0.0
thompson@lognormal-poisson,35,9,3.5268349274084656,40.0
thompson@lognormal-poisson,35,10,0.03942164930667971,0.0
thompson@lognormal-poisson,35,11,4.323235141282122,200.0
eig,36,0,0.8299220776973489,21.0
eig,36,1,0.0569842091951531,15.0
eig,36,2,0.5190995507538173,21.0
eig,36,3,0.23925651081907212,19.0
eig,36,4,0.697730932865181,24.0
eig,36,5,0.9725750301317133,26.0
eig,36,6,1.7374291342086787,26.0
eig,36,7,0.2036627877171247,13.0
eig,36,8,0.051901756593290146,1.0
eig,36,9,0.8974162393760315,25.0
eig,36,10,0.6821966498812875,24.0
eig,36,11,0.47569937521324457,25.0
epig,36,0,0.8299220776973489,23.0
epig,36,1,0.0569842091951531,15.0
epig,36,2,0.5190995507538173,21.0
epig,36,3,0.23925651081907212,20.0
epig,36,4,0.697730932865181,22.0
epig,36,5,0.9725750301317133,26.0
epig,36,6,1.7374291342086787,25.0
epig,36,7,0.2036627877171247,13.0
epig,36,8,0.051901756593290146,3.0
epig,36,9,0.8974162393760315,25.0
epig,36,10,0.6821966498812875,23.0
epig,36,11,0.47569937521324457,24.0
maxent,36,0,0.8299220776973489,0.0
maxent,36,1,0.0569842091951531,0.0
maxent,36,2,0.5190995507538173,0.0
maxent,36,3,0.23925651081907212,0.0
maxent,36,4,0.697730932865181,10.0
maxent,36,5,0.9725750301317133,1.0
maxent,36,6,1.7374291342086787,1.0
maxent,36,7,0.2036627877171247,0.0
maxent,36,8,0.051901756593290146,0.0
maxent,36,9,0.8974162393760315,220.0
maxent,36,10,0.6821966498812875,8.0
maxent,36,11,0.47569937521324457,0.0
d-optimality,36,0,0.8299220776973489,20.0
d-optimality,36,1,0.0569842091951531,17.0
d-optimality,36,2,0.5190995507538173,20.0
d-optimality,36,3,0.23925651081907212,20.0
d-optimality,36,4,0.697730932865181,23.0
d-optimality,36,5,0.9725750301317133,25.0
d-optimality,36,6,1.7374291342086787,25.0
d-optimality,36,7,0.2036627877171247,14.0
d-optimality,36,8,0.051901756593290146,3.0
d-optimality,36,9,0.8974162393760315,25.0
d-optimality,36,10,0.6821966498812875,23.0
d-optimality,36,11,0.47569937521324457,25.0
neyman,36,0,0.8299220776973489,25.0
neyman,36,1,0.0569842091951531,9.0
neyman,36,2,0.5190995507538173,23.0
neyman,36,3,0.23925651081907212,12.0
neyman,36,4,0.697730932865181,21.0
neyman,36,5,0.9725750301317133,30.0
neyman,36,6,1.7374291342086787,34.0
neyman,36,7,0.2036627877171247,12.0
neyman,36,8,0.051901756593290146,8.0
neyman,36,9,0.8974162393760315,28.0
neyman,36,10,0.6821966498812875,22.0
neyman,36,11,0.47569937521324457,16.0
predictive-variance,36,0,0.8299220776973489,0.0
predictive-variance,36,1,0.0569842091951531,0.0
predictive-variance,36,2,0.5190995507538173,0.0
predictive-variance,36,3,0.23925651081907212,0.0
predictive-variance,36,4,0.697730932865181,40.0
predictive-variance,36,5,0.9725750301317133,40.0
predictive-variance,36,6,1.7374291342086787,40.0
predictive-variance,36,7,0.2036627877171247,0.0
predictive-variance,36,8,0.051901756593290146,0.0
predictive-variance,36,9,0.8974162393760315,40.0
predictive-variance,36,10,0.6821966498812875,40.0
predictive-variance,36,11,0.47569937521324457,40.0
epistemic,36,0,0.8299220776973489,0.0
epistemic,36,1,0.0569842091951531,0.0
epistemic,36,2,0.5190995507538173,0.0
epistemic,36,3,0.23925651081907212,0.0
epistemic,36,4,0.697730932865181,40.0
epistemic,36,5,0.9725750301317133,40.0
epistemic,36,6,1.7374291342086787,40.0
epistemic,36,7,0.2036627877171247,0.0
epistemic,36,8,0.051901756593290146,0.0
epistemic,36,9,0.8974162393760315,40.0
epistemic,36,10,0.6821966498812875,40.0
epistemic,36,11,0.47569937521324457,40.0
thompson,36,0,0.8299220776973489,0.0
thompson,36,1,0.0569842091951531,0.0
thompson,36,2,0.5190995507538173,0.0
thompson,36,3,0.23925651081907212,0.0
thompson,36,4,0.697730932865181,40.0
thompson,36,5,0.9725750301317133,0.0
thompson,36,6,1.7374291342086787,120.0
thompson,36,7,0.2036627877171247,0.0
thompson,36,8,0.051901756593290146,0.0
thompson,36,9,0.8974162393760315,40.0
thompson,36,10,0.6821966498812875,40.0
thompson,36,11,0.47569937521324457,0.0
uniform,36,0,0.8299220776973489,20.0
uniform,36,1,0.0569842091951531,20.0
uniform,36,2,0.5190995507538173,20.0
uniform,36,3,0.23925651081907212,20.0
uniform,36,4,0.697730932865181,20.0
uniform,36,5,0.9725750301317133,20.0
uniform,36,6,1.7374291342086787,20.0
uniform,36,7,0.2036627877171247,20.0
uniform,36,8,0.051901756593290146,20.0
uniform,36,9,0.8974162393760315,20.0
uniform,36,10,0.6821966498812875,20.0
uniform,36,11,0.47569937521324457,20.0
random,36,0,0.8299220776973489,61.0
random,36,1,0.0569842091951531,2.5
random,36,2,0.5190995507538173,0.0
random,36,3,0.23925651081907212,0.0
random,36,4,0.697730932865181,2.5
random,36,5,0.9725750301317133,20.0
random,36,6,1.7374291342086787,22.5
random,36,7,0.2036627877171247,61.0
random,36,8,0.051901756593290146,0.0
random,36,9,0.8974162393760315,40.0
random,36,10,0.6821966498812875,7.5
random,36,11,0.47569937521324457,23.0
eig@gamma-poisson,36,0,0.8299220776973489,14.0
eig@gamma-poisson,36,1,0.0569842091951531,22.0
eig@gamma-poisson,36,2,0.5190995507538173,13.0
eig@gamma-poisson,36,3,0.23925651081907212,21.0
eig@gamma-poisson,36,4,0.697730932865181,25.0
eig@gamma-poisson,36,5,0.9725750301317133,24.0
eig@gamma-poisson,36,6,1.7374291342086787,25.0
eig@gamma-poisson,36,7,0.2036627877171247,19.0
eig@gamma-poisson,36,8,0.051901756593290146,3.0
eig@gamma-poisson,36,9,0.8974162393760315,25.0
eig@gamma-poisson,36,10,0.6821966498812875,25.0
eig@gamma-poisson,36,11,0.47569937521324457,24.0
maxent@gamma-poisson,36,0,0.8299220776973489,0.0
maxent@gamma-poisson,36,1,0.0569842091951531,0.0
maxent@gamma-poisson,36,2,0.5190995507538173,0.0
maxent@gamma-poisson,36,3,0.23925651081907212,0.0
maxent@gamma-poisson,36,4,0.697730932865181,9.0
maxent@gamma-poisson,36,5,0.9725750301317133,1.0
maxent@gamma-poisson,36,6,1.7374291342086787,1.0
maxent@gamma-poisson,36,7,0.2036627877171247,0.0
maxent@gamma-poisson,36,8,0.051901756593290146,0.0
maxent@gamma-poisson,36,9,0.8974162393760315,221.0
maxent@gamma-poisson,36,10,0.6821966498812875,8.0
maxent@gamma-poisson,36,11,0.47569937521324457,0.0
d-optimality@gamma-poisson,36,0,0.8299220776973489,14.0
d-optimality@gamma-poisson,36,1,0.0569842091951531,23.0
d-optimality@gamma-poisson,36,2,0.5190995507538173,13.0
d-optimality@gamma-poisson,36,3,0.23925651081907212,22.0
d-optimality@gamma-poisson,36,4,0.697730932865181,25.0
d-optimality@gamma-poisson,36,5,0.9725750301317133,23.0
d-optimality@gamma-poisson,36,6,1.7374291342086787,24.0
d-optimality@gamma-poisson,36,7,0.2036627877171247,20.0
d-optimality@gamma-poisson,36,8,0.051901756593290146,5.0
d-optimality@gamma-poisson,36,9,0.8974162393760315,24.0
d-optimality@gamma-poisson,36,10,0.6821966498812875,24.0
d-optimality@gamma-poisson,36,11,0.47569937521324457,23.0
neyman@gamma-poisson,36,0,0.8299220776973489,25.0
neyman@gamma-poisson,36,1,0.0569842091951531,9.0
neyman@gamma-poisson,36,2,0.5190995507538173,22.0
neyman@gamma-poisson,36,3,0.23925651081907212,13.0
neyman@gamma-poisson,36,4,0.697730932865181,20.0
neyman@gamma-poisson,36,5,0.9725750301317133,31.0
neyman@gamma-poisson,36,6,1.7374291342086787,34.0
neyman@gamma-poisson,36,7,0.2036627877171247,11.0
neyman@gamma-poisson,36,8,0.051901756593290146,8.0
neyman@gamma-poisson,36,9,0.8974162393760315,28.0
neyman@gamma-poisson,36,10,0.6821966498812875,22.0
neyman@gamma-poisson,36,11,0.47569937521324457,17.0
predictive-variance@gamma-poisson,36,0,0.8299220776973489,0.0
predictive-variance@gamma-poisson,36,1,0.0569842091951531,0.0
predictive-variance@gamma-poisson,36,2,0.5190995507538173,0.0
predictive-variance@gamma-poisson,36,3,0.23925651081907212,0.0
predictive-variance@gamma-poisson,36,4,0.697730932865181,40.0
predictive-variance@gamma-poisson,36,5,0.9725750301317133,40.0
predictive-variance@gamma-poisson,36,6,1.7374291342086787,40.0
predictive-variance@gamma-poisson,36,7,0.2036627877171247,0.0
predictive-variance@gamma-poisson,36,8,0.051901756593290146,0.0
predictive-variance@gamma-poisson,36,9,0.8974162393760315,40.0
predictive-variance@gamma-poisson,36,10,0.6821966498812875,40.0
predictive-variance@gamma-poisson,36,11,0.47569937521324457,40.0
epistemic@gamma-poisson,36,0,0.8299220776973489,0.0
epistemic@gamma-poisson,36,1,0.0569842091951531,0.0
epistemic@gamma-poisson,36,2,0.5190995507538173,0.0
epistemic@gamma-poisson,36,3,0.23925651081907212,0.0
epistemic@gamma-poisson,36,4,0.697730932865181,40.0
epistemic@gamma-poisson,36,5,0.9725750301317133,40.0
epistemic@gamma-poisson,36,6,1.7374291342086787,40.0
epistemic@gamma-poisson,36,7,0.2036627877171247,0.0
epistemic@gamma-poisson,36,8,0.051901756593290146,0.0
epistemic@gamma-poisson,36,9,0.8974162393760315,40.0
epistemic@gamma-poisson,36,10,0.6821966498812875,40.0
epistemic@gamma-poisson,36,11,0.47569937521324457,40.0
thompson@gamma-poisson,36,0,0.8299220776973489,0.0
thompson@gamma-poisson,36,1,0.0569842091951531,0.0
thompson@gamma-poisson,36,2,0.5190995507538173,0.0
thompson@gamma-poisson,36,3,0.23925651081907212,0.0
thompson@gamma-poisson,36,4,0.697730932865181,40.0
thompson@gamma-poisson,36,5,0.9725750301317133,40.0
thompson@gamma-poisson,36,6,1.7374291342086787,0.0
thompson@gamma-poisson,36,7,0.2036627877171247,0.0
thompson@gamma-poisson,36,8,0.051901756593290146,0.0
thompson@gamma-poisson,36,9,0.8974162393760315,120.0
thompson@gamma-poisson,36,10,0.6821966498812875,40.0
thompson@gamma-poisson,36,11,0.47569937521324457,0.0
epig@gamma-poisson,36,0,0.8299220776973489,16.0
epig@gamma-poisson,36,1,0.0569842091951531,20.0
epig@gamma-poisson,36,2,0.5190995507538173,14.0
epig@gamma-poisson,36,3,0.23925651081907212,23.0
epig@gamma-poisson,36,4,0.697730932865181,24.0
epig@gamma-poisson,36,5,0.9725750301317133,24.0
epig@gamma-poisson,36,6,1.7374291342086787,23.0
epig@gamma-poisson,36,7,0.2036627877171247,19.0
epig@gamma-poisson,36,8,0.051901756593290146,6.0
epig@gamma-poisson,36,9,0.8974162393760315,25.0
epig@gamma-poisson,36,10,0.6821966498812875,24.0
epig@gamma-poisson,36,11,0.47569937521324457,22.0
eig@lognormal-poisson,36,0,0.8299220776973489,23.0
eig@lognormal-poisson,36,1,0.0569842091951531,16.0
eig@lognormal-poisson,36,2,0.5190995507538173,25.0
eig@lognormal-poisson,36,3,0.23925651081907212,17.0
eig@lognormal-poisson,36,4,0.697730932865181,24.0
eig@lognormal-poisson,36,5,0.9725750301317133,25.0
eig@lognormal-poisson,36,6,1.7374291342086787,25.0
eig@lognormal-poisson,36,7,0.2036627877171247,13.0
eig@lognormal-poisson,36,8,0.051901756593290146,0.0
eig@lognormal-poisson,36,9,0.8974162393760315,25.0
eig@lognormal-poisson,36,10,0.6821966498812875,23.0
eig@lognormal-poisson,36,11,0.47569937521324457,24.0
maxent@lognormal-poisson,36,0,0.8299220776973489,0.0
maxent@lognormal-poisson,36,1,0.0569842091951531,0.0
maxent@lognormal-poisson,36,2,0.5190995507538173,0.0
maxent@lognormal-poisson,36,3,0.23925651081907212,0.0
maxent@lognormal-poisson,36,4,0.697730932865181,10.0
maxent@lognormal-poisson,36,5,0.9725750301317133,1.0
maxent@lognormal-poisson,36,6,1.7374291342086787,1.0
maxent@lognormal-poisson,36,7,0.2036627877171247,0.0
maxent@lognormal-poisson,36,8,0.051901756593290146,0.0
maxent@lognormal-poisson,36,9,0.8974162393760315,220.0
maxent@lognormal-poisson,36,10,0.6821966498812875,8.0
maxent@lognormal-poisson,36,11,0.47569937521324457,0.0
d-optimality@lognormal-poisson,36,0,0.8299220776973489,22.0
d-optimality@lognormal-poisson,36,1,0.0569842091951531,17.0
d-optimality@lognormal-poisson,36,2,0.5190995507538173,24.0
d-optimality@lognormal-poisson,36,3,0.23925651081907212,18.0
d-optimality@lognormal-poisson,36,4,0.697730932865181,24.0
d-optimality@lognormal-poisson,36,5,0.9725750301317133,24.0
d-optimality@lognormal-poisson,36,6,1.7374291342086787,24.0
d-optimality@lognormal-poisson,36,7,0.2036627877171247,14.0
d-optimality@lognormal-poisson,36,8,0.051901756593290146,3.0
d-optimality@lognormal-poisson,36,9,0.8974162393760315,24.0
d-optimality@lognormal-poisson,36,10,0.6821966498812875,23.0
d-optimality@lognormal-poisson,36,11,0.47569937521324457,23.0
neyman@lognormal-poisson,36,0,0.8299220776973489,25.0
neyman@lognormal-poisson,36,1,0.0569842091951531,9.0
neyman@lognormal-poisson,36,2,0.5190995507538173,24.0
neyman@lognormal-poisson,36,3,0.23925651081907212,12.0
neyman@lognormal-poisson,36,4,0.697730932865181,21.0
neyman@lognormal-poisson,36,5,0.9725750301317133,30.0
neyman@lognormal-poisson,36,6,1.7374291342086787,33.0
neyman@lognormal-poisson,36,7,0.2036627877171247,12.0
neyman@lognormal-poisson,36,8,0.051901756593290146,8.0
neyman@lognormal-poisson,36,9,0.8974162393760315,28.0
neyman@lognormal-poisson,36,10,0.6821966498812875,22.0
neyman@lognormal-poisson,36,11,0.47569937521324457,16.0
predictive-variance@lognormal-poisson,36,0,0.8299220776973489,0.0
predictive-variance@lognormal-poisson,36,1,0.0569842091951531,0.0
predictive-variance@lognormal-poisson,36,2,0.5190995507538173,0.0
predictive-variance@lognormal-poisson,36,3,0.23925651081907212,0.0
predictive-variance@lognormal-poisson,36,4,0.697730932865181,40.0
predictive-variance@lognormal-poisson,36,5,0.9725750301317133,40.0
predictive-variance@lognormal-poisson,36,6,1.7374291342086787,40.0
predictive-variance@lognormal-poisson,36,7,0.2036627877171247,0.0
predictive-variance@lognormal-poisson,36,8,0.051901756593290146,0.0
predictive-variance@lognormal-poisson,36,9,0.8974162393760315,40.0
predictive-variance@lognormal-poisson,36,10,0.6821966498812875,40.0
predictive-variance@lognormal-poisson,36,11,0.47569937521324457,40.0
epistemic@lognormal-poisson,36,0,0.8299220776973489,0.0
epistemic@lognormal-poisson,36,1,0.0569842091951531,0.0
epistemic@lognormal-poisson,36,2,0.5190995507538173,0.0
epistemic@lognormal-poisson,36,3,0.23925651081907212,0.0
epistemic@lognormal-poisson,36,4,0.697730932865181,40.0
epistemic@lognormal-poisson,36,5,0.9725750301317133,40.0
epistemic@lognormal-poisson,36,6,1.7374291342086787,40.0
epistemic@lognormal-poisson,36,7,0.2036627877171247,0.0
epistemic@lognormal-poisson,36,8,0.051901756593290146,0.0
epistemic@lognormal-poisson,36,9,0.8974162393760315,40.0
epistemic@lognormal-poisson,36,10,0.6821966498812875,40.0
epistemic@lognormal-poisson,36,11,0.47569937521324457,40.0
thompson@lognormal-poisson,36,0,0.8299220776973489,0.0
thompson@lognormal-poisson,36,1,0.0569842091951531,0.0
thompson@lognormal-poisson,36,2,0.5190995507538173,0.0
thompson@lognormal-poisson,36,3,0.23925651081907212,0.0
thompson@lognormal-poisson,36,4,0.697730932865181,40.0
thompson@lognormal-poisson,36,5,0.9725750301317133,0.0
thompson@lognormal-poisson,36,6,1.7374291342086787,120.0
thompson@lognormal-poisson,36,7,0.2036627877171247,0.0
thompson@lognormal-poisson,36,8,0.051901756593290146,0.0
thompson@lognormal-poisson,36,9,0.8974162393760315,80.0
thompson@lognormal-poisson,36,10,0.6821966498812875,0.0
thompson@lognormal-poisson,36,11,0.47569937521324457,0.0
eig,37,0,0.14018272121730493,18.0
eig,37,1,1.5866617218622974,26.0
eig,37,2,0.13346429966070136,12.0
eig,37,3,0.07347708764098311,3.0
eig,37,4,0.5432212003935244,17.0
eig,37,5,5.133140876892448,27.0
eig,37,6,0.387937825436893,23.0
eig,37,7,0.07799515884105804,10.0
eig,37,8,6.286033256242121,27.0
eig,37,9,0.3680106768899038,24.0
eig,37,10,0.9546630450490992,26.0
eig,37,11,5.485892768196872,27.0
epig,37,0,0.14018272121730493,18.0
epig,37,1,1.5866617218622974,27.0
epig,37,2,0.13346429966070136,13.0
epig,37,3,0.07347708764098311,6.0
epig,37,4,0.5432212003935244,16.0
epig,37,5,5.133140876892448,27.0
epig,37,6,0.387937825436893,20.0
epig,37,7,0.07799515884105804,10.0
epig,37,8,6.286033256242121,28.5
epig,37,9,0.3680106768899038,24.0
epig,37,10,0.9546630450490992,23.0
epig,37,11,5.485892768196872,27.5
maxent,37,0,0.14018272121730493,0.0
maxent,37,1,1.5866617218622974,0.0
maxent,37,2,0.13346429966070136,0.0
maxent,37,3,0.07347708764098311,0.0
maxent,37,4,0.5432212003935244,0.0
maxent,37,5,5.133140876892448,240.0
maxent,37,6,0.387937825436893,0.0
maxent,37,7,0.07799515884105804,0.0
maxent,37,8,6.286033256242121,0.0
maxent,37,9,0.3680106768899038,0.0
maxent,37,10,0.9546630450490992,0.0
maxent,37,11,5.485892768196872,0.0
d-optimality,37,0,0.14018272121730493,20.0
d-optimality,37,1,1.5866617218622974,25.0
d-optimality,37,2,0.13346429966070136,13.0
d-optimality,37,3,0.07347708764098311,5.0
d-optimality,37,4,0.5432212003935244,17.0
d-optimality,37,5,5.133140876892448,26.0
d-optimality,37,6,0.387937825436893,22.0
d-optimality,37,7,0.07799515884105804,12.0
d-optimality,37,8,6.286033256242121,26.0
d-optimality,37,9,0.3680106768899038,23.0
d-optimality,37,10,0.9546630450490992,25.0
d-optimality,37,11,5.485892768196872,26.0
neyman,37,0,0.14018272121730493,9.0
neyman,37,1,1.5866617218622974,27.0
neyman,37,2,0.13346429966070136,8.0
neyman,37,3,0.07347708764098311,7.0
neyman,37,4,0.5432212003935244,11.0
neyman,37,5,5.133140876892448,42.0
neyman,37,6,0.387937825436893,11.0
neyman,37,7,0.07799515884105804,6.0
neyman,37,8,6.286033256242121,46.0
neyman,37,9,0.3680106768899038,11.0
neyman,37,10,0.9546630450490992,14.0
neyman,37,11,5.485892768196872,48.0
predictive-variance,37,0,0.14018272121730493,0.0
predictive-variance,37,1,1.5866617218622974,40.0
predictive-variance,37,2,0.13346429966070136,0.0
predictive-variance,37,3,0.07347708764098311,0.0
predictive-variance,37,4,0.5432212003935244,40.0
predictive-variance,37,5,5.133140876892448,40.0
predictive-variance,37,6,0.387937825436893,0.0
predictive-variance,37,7,0.07799515884105804,0.0
predictive-variance,37,8,6.286033256242121,40.0
predictive-variance,37,9,0.3680106768899038,0.0
predictive-variance,37,10,0.9546630450490992,40.0
predictive-variance,37,11,5.485892768196872,40.0
epistemic,37,0,0.14018272121730493,0.0
epistemic,37,1,1.5866617218622974,40.0
epistemic,37,2,0.13346429966070136,0.0
epistemic,37,3,0.07347708764098311,0.0
epistemic,37,4,0.5432212003935244,40.0
epistemic,37,5,5.133140876892448,40.0
epistemic,37,6,0.387937825436893,0.0
epistemic,37,7,0.07799515884105804,0.0
epistemic,37,8,6.286033256242121,40.0
epistemic,37,9,0.3680106768899038,0.0
epistemic,37,10,0.9546630450490992,40.0
epistemic,37,11,5.485892768196872,40.0
thompson,37,0,0.14018272121730493,0.0
thompson,37,1,1.5866617218622974,0.0
thompson,37,2,0.13346429966070136,0.0
thompson,37,3,0.07347708764098311,0.0
thompson,37,4,0.5432212003935244,0.0
thompson,37,5,5.133140876892448,0.0
thompson,37,6,0.387937825436893,0.0
thompson,37,7,0.07799515884105804,0.0
thompson,37,8,6.286033256242121,0.0
thompson,37,9,0.3680106768899038,0.0
thompson,37,10,0.9546630450490992,0.0
thompson,37,11,5.485892768196872,240.0
uniform,37,0,0.14018272121730493,20.0
uniform,37,1,1.5866617218622974,20.0
uniform,37,2,0.13346429966070136,20.0
uniform,37,3,0.07347708764098311,20.0
uniform,37,4,0.5432212003935244,20.0
uniform,37,5,5.133140876892448,20.0
uniform,37,6,0.387937825436893,20.0
uniform,37,7,0.07799515884105804,20.0
uniform,37,8,6.286033256242121,20.0
uniform,37,9,0.3680106768899038,20.0
uniform,37,10,0.9546630450490992,20.0
uniform,37,11,5.485892768196872,20.0
random,37,0,0.14018272121730493,40.0
random,37,1,1.5866617218622974,20.0
random,37,2,0.13346429966070136,2.5
random,37,3,0.07347708764098311,30.5
random,37,4,0.5432212003935244,45.0
random,37,5,5.133140876892448,1.0
random,37,6,0.387937825436893,30.0
random,37,7,0.07799515884105804,13.5
random,37,8,6.286033256242121,15.0
random,37,9,0.3680106768899038,12.0
random,37,10,0.9546630450490992,30.0
random,37,11,5.485892768196872,0.0
eig@gamma-poisson,37,0,0.14018272121730493,20.0
eig@gamma-poisson,37,1,1.5866617218622974,23.0
eig@gamma-poisson,37,2,0.13346429966070136,17.0
eig@gamma-poisson,37,3,0.07347708764098311,5.0
eig@gamma-poisson,37,4,0.5432212003935244,22.0
eig@gamma-poisson,37,5,5.133140876892448,24.0
eig@gamma-poisson,37,6,0.387937825436893,19.0
eig@gamma-poisson,37,7,0.07799515884105804,19.0
eig@gamma-poisson,37,8,6.286033256242121,24.0
eig@gamma-poisson,37,9,0.3680106768899038,20.0
eig@gamma-poisson,37,10,0.9546630450490992,23.0
eig@gamma-poisson,37,11,5.485892768196872,24.0
maxent@gamma-poisson,37,0,0.14018272121730493,0.0
maxent@gamma-poisson,37,1,1.5866617218622974,0.0
maxent@gamma-poisson,37,2,0.13346429966070136,0.0
maxent@gamma-poisson,37,3,0.07347708764098311,0.0
maxent@gamma-poisson,37,4,0.5432212003935244,0.0
maxent@gamma-poisson,37,5,5.133140876892448,240.0
maxent@gamma-poisson,37,6,0.387937825436893,0.0
maxent@gamma-poisson,37,7,0.07799515884105804,0.0
maxent@gamma-poisson,37,8,6.286033256242121,0.0
maxent@gamma-poisson,37,9,0.3680106768899038,0.0
maxent@gamma-poisson,37,10,0.9546630450490992,0.0
maxent@gamma-poisson,37,11,5.485892768196872,0.0
d-optimality@gamma-poisson,37,0,0.14018272121730493,20.0
d-optimality@gamma-poisson,37,1,1.5866617218622974,22.0
d-optimality@gamma-poisson,37,2,0.13346429966070136,18.0
d-optimality@gamma-poisson,37,3,0.07347708764098311,7.0
d-optimality@gamma-poisson,37,4,0.5432212003935244,22.0
d-optimality@gamma-poisson,37,5,5.133140876892448,23.0
d-optimality@gamma-poisson,37,6,0.387937825436893,18.0
d-optimality@gamma-poisson,37,7,0.07799515884105804,21.0
d-optimality@gamma-poisson,37,8,6.286033256242121,23.0
d-optimality@gamma-poisson,37,9,0.3680106768899038,20.0
d-optimality@gamma-poisson,37,10,0.9546630450490992,23.0
d-optimality@gamma-poisson,37,11,5.485892768196872,23.0
neyman@gamma-poisson,37,0,0.14018272121730493,10.0
neyman@gamma-poisson,37,1,1.5866617218622974,28.0
neyman@gamma-poisson,37,2,0.13346429966070136,8.0
neyman@gamma-poisson,37,3,0.07347708764098311,7.0
neyman@gamma-poisson,37,4,0.5432212003935244,10.0
neyman@gamma-poisson,37,5,5.133140876892448,42.0
neyman@gamma-poisson,37,6,0.387937825436893,11.0
neyman@gamma-poisson,37,7,0.07799515884105804,5.0
neyman@gamma-poisson,37,8,6.286033256242121,46.0
neyman@gamma-poisson,37,9,0.3680106768899038,12.0
neyman@gamma-poisson,37,10,0.9546630450490992,13.0
neyman@gamma-poisson,37,11,5.485892768196872,48.0
predictive-variance@gamma-poisson,37,0,0.14018272121730493,0.0
predictive-variance@gamma-poisson,37,1,1.5866617218622974,40.0
predictive-variance@gamma-poisson,37,2,0.13346429966070136,0.0
predictive-variance@gamma-poisson,37,3,0.07347708764098311,0.0
predictive-variance@gamma-poisson,37,4,0.5432212003935244,40.0
predictive-variance@gamma-poisson,37,5,5.133140876892448,40.0
predictive-variance@gamma-poisson,37,6,0.387937825436893,0.0
predictive-variance@gamma-poisson,37,7,0.07799515884105804,0.0
predictive-variance@gamma-poisson,37,8,6.286033256242121,40.0
predictive-variance@gamma-poisson,37,9,0.3680106768899038,0.0
predictive-variance@gamma-poisson,37,10,0.9546630450490992,40.0
predictive-variance@gamma-poisson,37,11,5.485892768196872,40.0
epistemic@gamma-poisson,37,0,0.14018272121730493,0.0
epistemic@gamma-poisson,37,1,1.5866617218622974,40.0
epistemic@gamma-poisson,37,2,0.13346429966070136,0.0
epistemic@gamma-poisson,37,3,0.07347708764098311,0.0
epistemic@gamma-poisson,37,4,0.5432212003935244,40.0
epistemic@gamma-poisson,37,5,5.133140876892448,40.0
epistemic@gamma-poisson,37,6,0.387937825436893,0.0
epistemic@gamma-poisson,37,7,0.07799515884105804,0.0
epistemic@gamma-poisson,37,8,6.286033256242121,40.0
epistemic@gamma-poisson,37,9,0.3680106768899038,0.0
epistemic@gamma-poisson,37,10,0.9546630450490992,40.0
epistemic@gamma-poisson,37,11,5.485892768196872,40.0
thompson@gamma-poisson,37,0,0.14018272121730493,0.0
thompson@gamma-poisson,37,1,1.5866617218622974,0.0
thompson@gamma-poisson,37,2,0.13346429966070136,0.0
thompson@gamma-poisson,37,3,0.07347708764098311,0.0
thompson@gamma-poisson,37,4,0.5432212003935244,0.0
thompson@gamma-poisson,37,5,5.133140876892448,240.0
thompson@gamma-poisson,37,6,0.387937825436893,0.0
thompson@gamma-poisson,37,7,0.07799515884105804,0.0
thompson@gamma-poisson,37,8,6.286033256242121,0.0
thompson@gamma-poisson,37,9,0.3680106768899038,0.0
thompson@gamma-poisson,37,10,0.9546630450490992,0.0
thompson@gamma-poisson,37,11,5.485892768196872,0.0
epig@gamma-poisson,37,0,0.14018272121730493,19.0
epig@gamma-poisson,37,1,1.5866617218622974,24.0
epig@gamma-poisson,37,2,0.13346429966070136,18.0
epig@gamma-poisson,37,3,0.07347708764098311,9.0
epig@gamma-poisson,37,4,0.5432212003935244,20.0
epig@gamma-poisson,37,5,5.133140876892448,22.5
epig@gamma-poisson,37,6,0.387937825436893,17.0
epig@gamma-poisson,37,7,0.07799515884105804,18.0
epig@gamma-poisson,37,8,6.286033256242121,24.0
epig@gamma-poisson,37,9,0.3680106768899038,21.0
epig@gamma-poisson,37,10,0.9546630450490992,22.0
epig@gamma-poisson,37,11,5.485892768196872,25.0
eig@lognormal-poisson,37,0,0.14018272121730493,18.0
eig@lognormal-poisson,37,1,1.5866617218622974,26.0
eig@lognormal-poisson,37,2,0.13346429966070136,13.0
eig@lognormal-poisson,37,3,0.07347708764098311,2.0
eig@lognormal-poisson,37,4,0.5432212003935244,20.0
eig@lognormal-poisson,37,5,5.133140876892448,27.0
eig@lognormal-poisson,37,6,0.387937825436893,22.0
eig@lognormal-poisson,37,7,0.07799515884105804,11.0
eig@lognormal-poisson,37,8,6.286033256242121,27.0
eig@lognormal-poisson,37,9,0.3680106768899038,22.0
eig@lognormal-poisson,37,10,0.9546630450490992,25.0
eig@lognormal-poisson,37,11,5.485892768196872,27.0
maxent@lognormal-poisson,37,0,0.14018272121730493,0.0
maxent@lognormal-poisson,37,1,1.5866617218622974,0.0
maxent@lognormal-poisson,37,2,0.13346429966070136,0.0
maxent@lognormal-poisson,37,3,0.07347708764098311,0.0
maxent@lognormal-poisson,37,4,0.5432212003935244,0.0
maxent@lognormal-poisson,37,5,5.133140876892448,240.0
maxent@lognormal-poisson,37,6,0.387937825436893,0.0
maxent@lognormal-poisson,37,7,0.07799515884105804,0.0
maxent@lognormal-poisson,37,8,6.286033256242121,0.0
maxent@lognormal-poisson,37,9,0.3680106768899038,0.0
maxent@lognormal-poisson,37,10,0.9546630450490992,0.0
maxent@lognormal-poisson,37,11,5.485892768196872,0.0
d-optimality@lognormal-poisson,37,0,0.14018272121730493,18.0
d-optimality@lognormal-poisson,37,1,1.5866617218622974,24.0
d-optimality@lognormal-poisson,37,2,0.13346429966070136,14.0
d-optimality@lognormal-poisson,37,3,0.07347708764098311,5.0
d-optimality@lognormal-poisson,37,4,0.5432212003935244,20.0
d-optimality@lognormal-poisson,37,5,5.133140876892448,26.0
d-optimality@lognormal-poisson,37,6,0.387937825436893,22.0
d-optimality@lognormal-poisson,37,7,0.07799515884105804,13.0
d-optimality@lognormal-poisson,37,8,6.286033256242121,26.0
d-optimality@lognormal-poisson,37,9,0.3680106768899038,22.0
d-optimality@lognormal-poisson,37,10,0.9546630450490992,24.0
d-optimality@lognormal-poisson,37,11,5.485892768196872,26.0
neyman@lognormal-poisson,37,0,0.14018272121730493,9.0
neyman@lognormal-poisson,37,1,1.5866617218622974,27.0
neyman@lognormal-poisson,37,2,0.13346429966070136,8.0
neyman@lognormal-poisson,37,3,0.07347708764098311,7.0
neyman@lognormal-poisson,37,4,0.5432212003935244,11.0
neyman@lognormal-poisson,37,5,5.133140876892448,42.0
neyman@lognormal-poisson,37,6,0.387937825436893,11.0
neyman@lognormal-poisson,37,7,0.07799515884105804,6.0
neyman@lognormal-poisson,37,8,6.286033256242121,46.0
neyman@lognormal-poisson,37,9,0.3680106768899038,11.0
neyman@lognormal-poisson,37,10,0.9546630450490992,14.0
neyman@lognormal-poisson,37,11,5.485892768196872,48.0
predictive-variance@lognormal-poisson,37,0,0.14018272121730493,0.0
predictive-variance@lognormal-poisson,37,1,1.5866617218622974,40.0
predictive-variance@lognormal-poisson,37,2,0.13346429966070136,0.0
predictive-variance@lognormal-poisson,37,3,0.07347708764098311,0.0
predictive-variance@lognormal-poisson,37,4,0.5432212003935244,40.0
predictive-variance@lognormal-poisson,37,5,5.133140876892448,40.0
predictive-variance@lognormal-poisson,37,6,0.387937825436893,0.0
predictive-variance@lognormal-poisson,37,7,0.07799515884105804,0.0
predictive-variance@lognormal-poisson,37,8,6.286033256242121,40.0
predictive-variance@lognormal-poisson,37,9,0.3680106768899038,0.0
predictive-variance@lognormal-poisson,37,10,0.9546630450490992,40.0
predictive-variance@lognormal-poisson,37,11,5.485892768196872,40.0
epistemic@lognormal-poisson,37,0,0.14018272121730493,0.0
epistemic@lognormal-poisson,37,1,1.5866617218622974,40.0
epistemic@lognormal-poisson,37,2,0.13346429966070136,0.0
epistemic@lognormal-poisson,37,3,0.07347708764098311,0.0
epistemic@lognormal-poisson,37,4,0.5432212003935244,40.0
epistemic@lognormal-poisson,37,5,5.133140876892448,40.0
epistemic@lognormal-poisson,37,6,0.387937825436893,0.0
epistemic@lognormal-poisson,37,7,0.07799515884105804,0.0
epistemic@lognormal-poisson,37,8,6.286033256242121,40.0
epistemic@lognormal-poisson,37,9,0.3680106768899038,0.0
epistemic@lognormal-poisson,37,10,0.9546630450490992,40.0
epistemic@lognormal-poisson,37,11,5.485892768196872,40.0
thompson@lognormal-poisson,37,0,0.14018272121730493,0.0
thompson@lognormal-poisson,37,1,1.5866617218622974,40.0
thompson@lognormal-poisson,37,2,0.13346429966070136,0.0
thompson@lognormal-poisson,37,3,0.07347708764098311,0.0
thompson@lognormal-poisson,37,4,0.5432212003935244,0.0
thompson@lognormal-poisson,37,5,5.133140876892448,0.0
thompson@lognormal-poisson,37,6,0.387937825436893,0.0
thompson@lognormal-poisson,37,7,0.07799515884105804,0.0
thompson@lognormal-poisson,37,8,6.286033256242121,0.0
thompson@lognormal-poisson,37,9,0.3680106768899038,0.0
thompson@lognormal-poisson,37,10,0.9546630450490992,0.0
thompson@lognormal-poisson,37,11,5.485892768196872,200.0
eig,38,0,0.11359338280058129,16.0
eig,38,1,0.2130319671291774,15.0
eig,38,2,0.3310451087272564,5.0
eig,38,3,0.046271265028589983,16.0
eig,38,4,0.13845178818507714,13.0
eig,38,5,0.1830568077742954,22.0
eig,38,6,0.3814020561885523,16.0
eig,38,7,0.37360424693583,24.0
eig,38,8,6.695419538029582,29.0
eig,38,9,14.69693346629022,29.0
eig,38,10,1.2596950244678633,27.0
eig,38,11,0.8363239322048213,28.0
epig,38,0,0.11359338280058129,17.0
epig,38,1,0.2130319671291774,15.0
epig,38,2,0.3310451087272564,6.0
epig,38,3,0.046271265028589983,16.0
epig,38,4,0.13845178818507714,11.0
epig,38,5,0.1830568077742954,23.0
epig,38,6,0.3814020561885523,18.0
epig,38,7,0.37360424693583,24.0
epig,38,8,6.695419538029582,27.5
epig,38,9,14.69693346629022,29.0
epig,38,10,1.2596950244678633,27.0
epig,38,11,0.8363239322048213,26.0
maxent,38,0,0.11359338280058129,0.0
maxent,38,1,0.2130319671291774,0.0
maxent,38,2,0.3310451087272564,0.0
maxent,38,3,0.046271265028589983,0.0
maxent,38,4,0.13845178818507714,0.0
maxent,38,5,0.1830568077742954,0.0
maxent,38,6,0.3814020561885523,0.0
maxent,38,7,0.37360424693583,0.0
maxent,38,8,6.695419538029582,0.0
maxent,38,9,14.69693346629022,240.0
maxent,38,10,1.2596950244678633,0.0
maxent,38,11,0.8363239322048213,0.0
d-optimality,38,0,0.11359338280058129,18.0
d-optimality,38,1,0.2130319671291774,15.0
d-optimality,38,2,0.3310451087272564,17.0
d-optimality,38,3,0.046271265028589983,18.0
d-optimality,38,4,0.13845178818507714,13.0
d-optimality,38,5,0.1830568077742954,21.0
d-optimality,38,6,0.3814020561885523,15.0
d-optimality,38,7,0.37360424693583,21.0
d-optimality,38,8,6.695419538029582,26.0
d-optimality,38,9,14.69693346629022,27.0
d-optimality,38,10,1.2596950244678633,24.0
d-optimality,38,11,0.8363239322048213,25.0
neyman,38,0,0.11359338280058129,8.0
neyman,38,1,0.2130319671291774,11.0
neyman,38,2,0.3310451087272564,5.0
neyman,38,3,0.046271265028589983,7.0
neyman,38,4,0.13845178818507714,7.0
neyman,38,5,0.1830568077742954,13.0
neyman,38,6,0.3814020561885523,12.0
neyman,38,7,0.37360424693583,13.0
neyman,38,8,6.695419538029582,49.0
neyman,38,9,14.69693346629022,73.0
neyman,38,10,1.2596950244678633,22.0
neyman,38,11,0.8363239322048213,20.0
predictive-variance,38,0,0.11359338280058129,0.0
predictive-variance,38,1,0.2130319671291774,0.0
predictive-variance,38,2,0.3310451087272564,0.0
predictive-variance,38,3,0.046271265028589983,0.0
predictive-variance,38,4,0.13845178818507714,0.0
predictive-variance,38,5,0.1830568077742954,0.0
predictive-variance,38,6,0.3814020561885523,0.0
predictive-variance,38,7,0.37360424693583,0.0
predictive-variance,38,8,6.695419538029582,0.0
predictive-variance,38,9,14.69693346629022,160.0
predictive-variance,38,10,1.2596950244678633,40.0
predictive-variance,38,11,0.8363239322048213,40.0
epistemic,38,0,0.11359338280058129,0.0
epistemic,38,1,0.2130319671291774,0.0
epistemic,38,2,0.3310451087272564,0.0
epistemic,38,3,0.046271265028589983,0.0
epistemic,38,4,0.13845178818507714,0.0
epistemic,38,5,0.1830568077742954,0.0
epistemic,38,6,0.3814020561885523,0.0
epistemic,38,7,0.37360424693583,40.0
epistemic,38,8,6.695419538029582,40.0
epistemic,38,9,14.69693346629022,80.0
epistemic,38,10,1.2596950244678633,40.0
epistemic,38,11,0.8363239322048213,40.0
thompson,38,0,0.11359338280058129,0.0
thompson,38,1,0.2130319671291774,0.0
thompson,38,2,0.3310451087272564,0.0
thompson,38,3,0.046271265028589983,0.0
thompson,38,4,0.13845178818507714,0.0
thompson,38,5,0.1830568077742954,0.0
thompson,38,6,0.3814020561885523,0.0
thompson,38,7,0.37360424693583,0.0
thompson,38,8,6.695419538029582,0.0
thompson,38,9,14.69693346629022,200.0
thompson,38,10,1.2596950244678633,40.0
thompson,38,11,0.8363239322048213,0.0
uniform,38,0,0.11359338280058129,20.0
uniform,38,1,0.2130319671291774,20.0
uniform,38,2,0.3310451087272564,20.0
uniform,38,3,0.046271265028589983,20.0
uniform,38,4,0.13845178818507714,20.0
uniform,38,5,0.1830568077742954,20.0
uniform,38,6,0.3814020561885523,20.0
uniform,38,7,0.37360424693583,20.0
uniform,38,8,6.695419538029582,20.0
uniform,38,9,14.69693346629022,20.0
uniform,38,10,1.2596950244678633,20.0
uniform,38,11,0.8363239322048213,20.0
random,38,0,0.11359338280058129,0.0
random,38,1,0.2130319671291774,17.5
random,38,2,0.3310451087272564,22.0
random,38,3,0.046271265028589983,12.5
random,38,4,0.13845178818507714,6.0
random,38,5,0.1830568077742954,21.0
random,38,6,0.3814020561885523,28.5
random,38,7,0.37360424693583,60.0
random,38,8,6.695419538029582,10.0
random,38,9,14.69693346629022,0.0
random,38,10,1.2596950244678633,53.5
random,38,11,0.8363239322048213,8.5
eig@gamma-poisson,38,0,0.11359338280058129,20.0
eig@gamma-poisson,38,1,0.2130319671291774,21.0
eig@gamma-poisson,38,2,0.3310451087272564,12.0
eig@gamma-poisson,38,3,0.046271265028589983,22.0
eig@gamma-poisson,38,4,0.13845178818507714,16.0
eig@gamma-poisson,38,5,0.1830568077742954,21.0
eig@gamma-poisson,38,6,0.3814020561885523,9.0
eig@gamma-poisson,38,7,0.37360424693583,23.0
eig@gamma-poisson,38,8,6.695419538029582,24.0
eig@gamma-poisson,38,9,14.69693346629022,25.0
eig@gamma-poisson,38,10,1.2596950244678633,24.0
eig@gamma-poisson,38,11,0.8363239322048213,23.0
maxent@gamma-poisson,38,0,0.11359338280058129,0.0
maxent@gamma-poisson,38,1,0.2130319671291774,0.0
maxent@gamma-poisson,38,2,0.3310451087272564,0.0
maxent@gamma-poisson,38,3,0.046271265028589983,0.0
maxent@gamma-poisson,38,4,0.13845178818507714,0.0
maxent@gamma-poisson,38,5,0.1830568077742954,0.0
maxent@gamma-poisson,38,6,0.3814020561885523,0.0
maxent@gamma-poisson,38,7,0.37360424693583,0.0
maxent@gamma-poisson,38,8,6.695419538029582,0.0
maxent@gamma-poisson,38,9,14.69693346629022,240.0
maxent@gamma-poisson,38,10,1.2596950244678633,0.0
maxent@gamma-poisson,38,11,0.8363239322048213,0.0
d-optimality@gamma-poisson,38,0,0.11359338280058129,22.0
d-optimality@gamma-poisson,38,1,0.2130319671291774,22.0
d-optimality@gamma-poisson,38,2,0.3310451087272564,12.0
d-optimality@gamma-poisson,38,3,0.046271265028589983,22.0
d-optimality@gamma-poisson,38,4,0.13845178818507714,16.0
d-optimality@gamma-poisson,38,5,0.1830568077742954,21.0
d-optimality@gamma-poisson,38,6,0.3814020561885523,9.0
d-optimality@gamma-poisson,38,7,0.37360424693583,22.0
d-optimality@gamma-poisson,38,8,6.695419538029582,23.0
d-optimality@gamma-poisson,38,9,14.69693346629022,24.0
d-optimality@gamma-poisson,38,10,1.2596950244678633,24.0
d-optimality@gamma-poisson,38,11,0.8363239322048213,23.0
neyman@gamma-poisson,38,0,0.11359338280058129,8.0
neyman@gamma-poisson,38,1,0.2130319671291774,10.0
neyman@gamma-poisson,38,2,0.3310451087272564,5.0
neyman@gamma-poisson,38,3,0.046271265028589983,7.0
neyman@gamma-poisson,38,4,0.13845178818507714,6.0
neyman@gamma-poisson,38,5,0.1830568077742954,13.0
neyman@gamma-poisson,38,6,0.3814020561885523,12.0
neyman@gamma-poisson,38,7,0.37360424693583,13.0
neyman@gamma-poisson,38,8,6.695419538029582,50.0
neyman@gamma-poisson,38,9,14.69693346629022,73.0
neyman@gamma-poisson,38,10,1.2596950244678633,22.0
neyman@gamma-poisson,38,11,0.8363239322048213,21.0
predictive-variance@gamma-poisson,38,0,0.11359338280058129,0.0
predictive-variance@gamma-poisson,38,1,0.2130319671291774,0.0
predictive-variance@gamma-poisson,38,2,0.3310451087272564,0.0
predictive-variance@gamma-poisson,38,3,0.046271265028589983,0.0
predictive-variance@gamma-poisson,38,4,0.13845178818507714,0.0
predictive-variance@gamma-poisson,38,5,0.1830568077742954,0.0
predictive-variance@gamma-poisson,38,6,0.3814020561885523,0.0
predictive-variance@gamma-poisson,38,7,0.37360424693583,0.0
predictive-variance@gamma-poisson,38,8,6.695419538029582,0.0
predictive-variance@gamma-poisson,38,9,14.69693346629022,160.0
predictive-variance@gamma-poisson,38,10,1.2596950244678633,40.0
predictive-variance@gamma-poisson,38,11,0.8363239322048213,40.0
epistemic@gamma-poisson,38,0,0.11359338280058129,0.0
epistemic@gamma-poisson,38,1,0.2130319671291774,0.0
epistemic@gamma-poisson,38,2,0.3310451087272564,0.0
epistemic@gamma-poisson,38,3,0.046271265028589983,0.0
epistemic@gamma-poisson,38,4,0.13845178818507714,0.0
epistemic@gamma-poisson,38,5,0.1830568077742954,0.0
epistemic@gamma-poisson,38,6,0.3814020561885523,0.0
epistemic@gamma-poisson,38,7,0.37360424693583,40.0
epistemic@gamma-poisson,38,8,6.695419538029582,40.0
epistemic@gamma-poisson,38,9,14.69693346629022,80.0
epistemic@gamma-poisson,38,10,1.2596950244678633,40.0
epistemic@gamma-poisson,38,11,0.8363239322048213,40.0
thompson@gamma-poisson,38,0,0.11359338280058129,0.0
thompson@gamma-poisson,38,1,0.2130319671291774,0.0
thompson@gamma-poisson,38,2,0.3310451087272564,0.0
thompson@gamma-poisson,38,3,0.046271265028589983,0.0
thompson@gamma-poisson,38,4,0.13845178818507714,0.0
thompson@gamma-poisson,38,5,0.1830568077742954,0.0
thompson@gamma-poisson,38,6,0.3814020561885523,0.0
thompson@gamma-poisson,38,7,0.37360424693583,0.0
thompson@gamma-poisson,38,8,6.695419538029582,240.0
thompson@gamma-poisson,38,9,14.69693346629022,0.0
thompson@gamma-poisson,38,10,1.2596950244678633,0.0
thompson@gamma-poisson,38,11,0.8363239322048213,0.0
epig@gamma-poisson,38,0,0.11359338280058129,20.0
epig@gamma-poisson,38,1,0.2130319671291774,21.0
epig@gamma-poisson,38,2,0.3310451087272564,10.0
epig@gamma-poisson,38,3,0.046271265028589983,20.0
epig@gamma-poisson,38,4,0.13845178818507714,14.0
epig@gamma-poisson,38,5,0.1830568077742954,23.0
epig@gamma-poisson,38,6,0.3814020561885523,12.0
epig@gamma-poisson,38,7,0.37360424693583,23.0
epig@gamma-poisson,38,8,6.695419538029582,24.0
epig@gamma-poisson,38,9,14.69693346629022,25.5
epig@gamma-poisson,38,10,1.2596950244678633,25.0
epig@gamma-poisson,38,11,0.8363239322048213,22.0
eig@lognormal-poisson,38,0,0.11359338280058129,17.0
eig@lognormal-poisson,38,1,0.2130319671291774,17.0
eig@lognormal-poisson,38,2,0.3310451087272564,5.0
eig@lognormal-poisson,38,3,0.046271265028589983,17.0
eig@lognormal-poisson,38,4,0.13845178818507714,13.0
eig@lognormal-poisson,38,5,0.1830568077742954,21.0
eig@lognormal-poisson,38,6,0.3814020561885523,15.0
eig@lognormal-poisson,38,7,0.37360424693583,24.0
eig@lognormal-poisson,38,8,6.695419538029582,29.0
eig@lognormal-poisson,38,9,14.69693346629022,28.0
eig@lognormal-poisson,38,10,1.2596950244678633,27.0
eig@lognormal-poisson,38,11,0.8363239322048213,27.0
maxent@lognormal-poisson,38,0,0.11359338280058129,0.0
maxent@lognormal-poisson,38,1,0.2130319671291774,0.0
maxent@lognormal-poisson,38,2,0.3310451087272564,0.0
maxent@lognormal-poisson,38,3,0.046271265028589983,0.0
maxent@lognormal-poisson,38,4,0.13845178818507714,0.0
maxent@lognormal-poisson,38,5,0.1830568077742954,0.0
maxent@lognormal-poisson,38,6,0.3814020561885523,0.0
maxent@lognormal-poisson,38,7,0.37360424693583,0.0
maxent@lognormal-poisson,38,8,6.695419538029582,0.0
maxent@lognormal-poisson,38,9,14.69693346629022,240.0
maxent@lognormal-poisson,38,10,1.2596950244678633,0.0
maxent@lognormal-poisson,38,11,0.8363239322048213,0.0
d-optimality@lognormal-poisson,38,0,0.11359338280058129,17.0
d-optimality@lognormal-poisson,38,1,0.2130319671291774,17.0
d-optimality@lognormal-poisson,38,2,0.3310451087272564,16.0
d-optimality@lognormal-poisson,38,3,0.046271265028589983,18.0
d-optimality@lognormal-poisson,38,4,0.13845178818507714,13.0
d-optimality@lognormal-poisson,38,5,0.1830568077742954,20.0
d-optimality@lognormal-poisson,38,6,0.3814020561885523,14.0
d-optimality@lognormal-poisson,38,7,0.37360424693583,22.0
d-optimality@lognormal-poisson,38,8,6.695419538029582,26.0
d-optimality@lognormal-poisson,38,9,14.69693346629022,27.0
d-optimality@lognormal-poisson,38,10,1.2596950244678633,25.0
d-optimality@lognormal-poisson,38,11,0.8363239322048213,25.0
neyman@lognormal-poisson,38,0,0.11359338280058129,8.0
neyman@lognormal-poisson,38,1,0.2130319671291774,11.0
neyman@lognormal-poisson,38,2,0.3310451087272564,5.0
neyman@lognormal-poisson,38,3,0.046271265028589983,7.0
neyman@lognormal-poisson,38,4,0.13845178818507714,7.0
neyman@lognormal-poisson,38,5,0.1830568077742954,13.0
neyman@lognormal-poisson,38,6,0.3814020561885523,12.0
neyman@lognormal-poisson,38,7,0.37360424693583,13.0
neyman@lognormal-poisson,38,8,6.695419538029582,50.0
neyman@lognormal-poisson,38,9,14.69693346629022,72.0
neyman@lognormal-poisson,38,10,1.2596950244678633,22.0
neyman@lognormal-poisson,38,11,0.8363239322048213,20.0
predictive-variance@lognormal-poisson,38,0,0.11359338280058129,0.0
predictive-variance@lognormal-poisson,38,1,0.2130319671291774,0.0
predictive-variance@lognormal-poisson,38,2,0.3310451087272564,0.0
predictive-variance@lognormal-poisson,38,3,0.046271265028589983,0.0
predictive-variance@lognormal-poisson,38,4,0.13845178818507714,0.0
predictive-variance@lognormal-poisson,38,5,0.1830568077742954,0.0
predictive-variance@lognormal-poisson,38,6,0.3814020561885523,0.0
predictive-variance@lognormal-poisson,38,7,0.37360424693583,0.0
predictive-variance@lognormal-poisson,38,8,6.695419538029582,0.0
predictive-variance@lognormal-poisson,38,9,14.69693346629022,160.0
predictive-variance@lognormal-poisson,38,10,1.2596950244678633,40.0
predictive-variance@lognormal-poisson,38,11,0.8363239322048213,40.0
epistemic@lognormal-poisson,38,0,0.11359338280058129,0.0
epistemic@lognormal-poisson,38,1,0.2130319671291774,0.0
epistemic@lognormal-poisson,38,2,0.3310451087272564,0.0
epistemic@lognormal-poisson,38,3,0.046271265028589983,0.0
epistemic@lognormal-poisson,38,4,0.13845178818507714,0.0
epistemic@lognormal-poisson,38,5,0.1830568077742954,0.0
epistemic@lognormal-poisson,38,6,0.3814020561885523,0.0
epistemic@lognormal-poisson,38,7,0.37360424693583,0.0
epistemic@lognormal-poisson,38,8,6.695419538029582,0.0
epistemic@lognormal-poisson,38,9,14.69693346629022,160.0
epistemic@lognormal-poisson,38,10,1.2596950244678633,40.0
epistemic@lognormal-poisson,38,11,0.8363239322048213,40.0
thompson@lognormal-poisson,38,0,0.11359338280058129,0.0
thompson@lognormal-poisson,38,1,0.2130319671291774,0.0
thompson@lognormal-poisson,38,2,0.3310451087272564,0.0
thompson@lognormal-poisson,38,3,0.046271265028589983,0.0
thompson@lognormal-poisson,38,4,0.13845178818507714,0.0
thompson@lognormal-poisson,38,5,0.1830568077742954,0.0
thompson@lognormal-poisson,38,6,0.3814020561885523,0.0
thompson@lognormal-poisson,38,7,0.37360424693583,0.0
thompson@lognormal-poisson,38,8,6.695419538029582,0.0
thompson@lognormal-poisson,38,9,14.69693346629022,200.0
thompson@lognormal-poisson,38,10,1.2596950244678633,40.0
thompson@lognormal-poisson,38,11,0.8363239322048213,0.0
eig,39,0,0.9555645445002607,27.0
eig,39,1,1.241931385731387,27.0
eig,39,2,0.03006732095207948,9.0
eig,39,3,0.028695552046104342,9.0
eig,39,4,1.028669527511439,28.0
eig,39,5,0.19209140160204494,16.0
eig,39,6,0.08331355348574329,14.0
eig,39,7,1.4493123067780422,28.0
eig,39,8,3.356227774216129,28.0
eig,39,9,5.877708271372163,29.0
eig,39,10,0.05829699466384224,5.0
eig,39,11,0.11801402605173071,20.0
epig,39,0,0.9555645445002607,25.0
epig,39,1,1.241931385731387,26.0
epig,39,2,0.03006732095207948,10.0
epig,39,3,0.028695552046104342,10.0
epig,39,4,1.028669527511439,26.0
epig,39,5,0.19209140160204494,19.0
epig,39,6,0.08331355348574329,15.0
epig,39,7,1.4493123067780422,25.0
epig,39,8,3.356227774216129,30.0
epig,39,9,5.877708271372163,27.5
epig,39,10,0.05829699466384224,6.0
epig,39,11,0.11801402605173071,20.0
maxent,39,0,0.9555645445002607,0.0
maxent,39,1,1.241931385731387,0.0
maxent,39,2,0.03006732095207948,0.0
maxent,39,3,0.028695552046104342,0.0
maxent,39,4,1.028669527511439,0.0
maxent,39,5,0.19209140160204494,0.0
maxent,39,6,0.08331355348574329,0.0
maxent,39,7,1.4493123067780422,0.0
maxent,39,8,3.356227774216129,0.0
maxent,39,9,5.877708271372163,240.0
maxent,39,10,0.05829699466384224,0.0
maxent,39,11,0.11801402605173071,0.0
d-optimality,39,0,0.9555645445002607,25.0
d-optimality,39,1,1.241931385731387,25.0
d-optimality,39,2,0.03006732095207948,11.0
d-optimality,39,3,0.028695552046104342,11.0
d-optimality,39,4,1.028669527511439,27.0
d-optimality,39,5,0.19209140160204494,16.0
d-optimality,39,6,0.08331355348574329,15.0
d-optimality,39,7,1.4493123067780422,26.0
d-optimality,39,8,3.356227774216129,26.0
d-optimality,39,9,5.877708271372163,27.0
d-optimality,39,10,0.05829699466384224,10.0
d-optimality,39,11,0.11801402605173071,21.0
neyman,39,0,0.9555645445002607,16.0
neyman,39,1,1.241931385731387,23.0
neyman,39,2,0.03006732095207948,8.0
neyman,39,3,0.028695552046104342,7.0
neyman,39,4,1.028669527511439,27.0
neyman,39,5,0.19209140160204494,13.0
neyman,39,6,0.08331355348574329,12.0
neyman,39,7,1.4493123067780422,22.0
neyman,39,8,3.356227774216129,50.0
neyman,39,9,5.877708271372163,49.0
neyman,39,10,0.05829699466384224,4.0
neyman,39,11,0.11801402605173071,9.0
predictive-variance,39,0,0.9555645445002607,40.0
predictive-variance,39,1,1.241931385731387,40.0
predictive-variance,39,2,0.03006732095207948,0.0
predictive-variance,39,3,0.028695552046104342,0.0
predictive-variance,39,4,1.028669527511439,40.0
predictive-variance,39,5,0.19209140160204494,40.0
predictive-variance,39,6,0.08331355348574329,0.0
predictive-variance,39,7,1.4493123067780422,0.0
predictive-variance,39,8,3.356227774216129,40.0
predictive-variance,39,9,5.877708271372163,40.0
predictive-variance,39,10,0.05829699466384224,0.0
predictive-variance,39,11,0.11801402605173071,0.0
epistemic,39,0,0.9555645445002607,40.0
epistemic,39,1,1.241931385731387,40.0
epistemic,39,2,0.03006732095207948,0.0
epistemic,39,3,0.028695552046104342,0.0
epistemic,39,4,1.028669527511439,40.0
epistemic,39,5,0.19209140160204494,40.0
epistemic,39,6,0.08331355348574329,0.0
epistemic,39,7,1.4493123067780422,0.0
epistemic,39,8,3.356227774216129,40.0
epistemic,39,9,5.877708271372163,40.0
epistemic,39,10,0.05829699466384224,0.0
epistemic,39,11,0.11801402605173071,0.0
thompson,39,0,0.9555645445002607,0.0
thompson,39,1,1.241931385731387,40.0
thompson,39,2,0.03006732095207948,0.0
thompson,39,3,0.028695552046104342,0.0
thompson,39,4,1.028669527511439,40.0
thompson,39,5,0.19209140160204494,0.0
thompson,39,6,0.08331355348574329,0.0
thompson,39,7,1.4493123067780422,0.0
thompson,39,8,3.356227774216129,0.0
thompson,39,9,5.877708271372163,160.0
thompson,39,10,0.05829699466384224,0.0
thompson,39,11,0.11801402605173071,0.0
uniform,39,0,0.9555645445002607,20.0
uniform,39,1,1.241931385731387,20.0
uniform,39,2,0.03006732095207948,20.0
uniform,39,3,0.028695552046104342,20.0
uniform,39,4,1.028669527511439,20.0
uniform,39,5,0.19209140160204494,20.0
uniform,39,6,0.08331355348574329,20.0
uniform,39,7,1.4493123067780422,20.0
uniform,39,8,3.356227774216129,20.0
uniform,39,9,5.877708271372163,20.0
uniform,39,10,0.05829699466384224,20.0
uniform,39,11,0.11801402605173071,20.0
random,39,0,0.9555645445002607,40.0
random,39,1,1.241931385731387,15.0
random,39,2,0.03006732095207948,0.0
random,39,3,0.028695552046104342,2.5
random,39,4,1.028669527511439,10.0
random,39,5,0.19209140160204494,13.5
random,39,6,0.08331355348574329,15.0
random,39,7,1.4493123067780422,5.0
random,39,8,3.356227774216129,0.0
random,39,9,5.877708271372163,0.0
random,39,10,0.05829699466384224,50.0
random,39,11,0.11801402605173071,88.5
eig@gamma-poisson,39,0,0.9555645445002607,23.0
eig@gamma-poisson,39,1,1.241931385731387,23.0
eig@gamma-poisson,39,2,0.03006732095207948,14.0
eig@gamma-poisson,39,3,0.028695552046104342,17.0
eig@gamma-poisson,39,4,1.028669527511439,24.0
eig@gamma-poisson,39,5,0.19209140160204494,22.0
eig@gamma-poisson,39,6,0.08331355348574329,19.0
eig@gamma-poisson,39,7,1.4493123067780422,23.0
eig@gamma-poisson,39,8,3.356227774216129,23.0
eig@gamma-poisson,39,9,5.877708271372163,23.0
eig@gamma-poisson,39,10,0.05829699466384224,8.0
eig@gamma-poisson,39,11,0.11801402605173071,21.0
maxent@gamma-poisson,39,0,0.9555645445002607,0.0
maxent@gamma-poisson,39,1,1.241931385731387,0.0
maxent@gamma-poisson,39,2,0.03006732095207948,0.0
maxent@gamma-poisson,39,3,0.028695552046104342,0.0
maxent@gamma-poisson,39,4,1.028669527511439,0.0
maxent@gamma-poisson,39,5,0.19209140160204494,0.0
maxent@gamma-poisson,39,6,0.08331355348574329,0.0
maxent@gamma-poisson,39,7,1.4493123067780422,0.0
maxent@gamma-poisson,39,8,3.356227774216129,0.0
maxent@gamma-poisson,39,9,5.877708271372163,240.0
maxent@gamma-poisson,39,10,0.05829699466384224,0.0
maxent@gamma-poisson,39,11,0.11801402605173071,0.0
d-optimality@gamma-poisson,39,0,0.9555645445002607,22.0
d-optimality@gamma-poisson,39,1,1.241931385731387,22.0
d-optimality@gamma-poisson,39,2,0.03006732095207948,16.0
d-optimality@gamma-poisson,39,3,0.028695552046104342,18.0
d-optimality@gamma-poisson,39,4,1.028669527511439,22.0
d-optimality@gamma-poisson,39,5,0.19209140160204494,22.0
d-optimality@gamma-poisson,39,6,0.08331355348574329,19.0
d-optimality@gamma-poisson,39,7,1.4493123067780422,21.0
d-optimality@gamma-poisson,39,8,3.356227774216129,21.0
d-optimality@gamma-poisson,39,9,5.877708271372163,22.0
d-optimality@gamma-poisson,39,10,0.05829699466384224,14.0
d-optimality@gamma-poisson,39,11,0.11801402605173071,21.0
neyman@gamma-poisson,39,0,0.9555645445002607,11.0
neyman@gamma-poisson,39,1,1.241931385731387,26.0
neyman@gamma-poisson,39,2,0.03006732095207948,8.0
neyman@gamma-poisson,39,3,0.028695552046104342,6.0
neyman@gamma-poisson,39,4,1.028669527511439,28.0
neyman@gamma-poisson,39,5,0.19209140160204494,8.0
neyman@gamma-poisson,39,6,0.08331355348574329,11.0
neyman@gamma-poisson,39,7,1.4493123067780422,24.0
neyman@gamma-poisson,39,8,3.356227774216129,52.0
neyman@gamma-poisson,39,9,5.877708271372163,52.0
neyman@gamma-poisson,39,10,0.05829699466384224,4.0
neyman@gamma-poisson,39,11,0.11801402605173071,10.0
predictive-variance@gamma-poisson,39,0,0.9555645445002607,40.0
predictive-variance@gamma-poisson,39,1,1.241931385731387,40.0
predictive-variance@gamma-poisson,39,2,0.03006732095207948,0.0
predictive-variance@gamma-poisson,39,3,0.028695552046104342,0.0
predictive-variance@gamma-poisson,39,4,1.028669527511439,40.0
predictive-variance@gamma-poisson,39,5,0.19209140160204494,40.0
predictive-variance@gamma-poisson,39,6,0.08331355348574329,0.0
predictive-variance@gamma-poisson,39,7,1.4493123067780422,0.0
predictive-variance@gamma-poisson,39,8,3.356227774216129,40.0
predictive-variance@gamma-poisson,39,9,5.877708271372163,40.0
predictive-variance@gamma-poisson,39,10,0.05829699466384224,0.0
predictive-variance@gamma-poisson,39,11,0.11801402605173071,0.0
epistemic@gamma-poisson,39,0,0.9555645445002607,40.0
epistemic@gamma-poisson,39,1,1.241931385731387,40.0
epistemic@gamma-poisson,39,2,0.03006732095207948,0.0
epistemic@gamma-poisson,39,3,0.028695552046104342,0.0
epistemic@gamma-poisson,39,4,1.028669527511439,40.0
epistemic@gamma-poisson,39,5,0.19209140160204494,40.0
epistemic@gamma-poisson,39,6,0.08331355348574329,0.0
epistemic@gamma-poisson,39,7,1.4493123067780422,0.0
epistemic@gamma-poisson,39,8,3.356227774216129,40.0
epistemic@gamma-poisson,39,9,5.877708271372163,40.0
epistemic@gamma-poisson,39,10,0.05829699466384224,0.0
epistemic@gamma-poisson,39,11,0.11801402605173071,0.0
thompson@gamma-poisson,39,0,0.9555645445002607,40.0
thompson@gamma-poisson,39,1,1.241931385731387,0.0
thompson@gamma-poisson,39,2,0.03006732095207948,0.0
thompson@gamma-poisson,39,3,0.028695552046104342,0.0
thompson@gamma-poisson,39,4,1.028669527511439,0.0
thompson@gamma-poisson,39,5,0.19209140160204494,0.0
thompson@gamma-poisson,39,6,0.08331355348574329,0.0
thompson@gamma-poisson,39,7,1.4493123067780422,0.0
thompson@gamma-poisson,39,8,3.356227774216129,40.0
thompson@gamma-poisson,39,9,5.877708271372163,160.0
thompson@gamma-poisson,39,10,0.05829699466384224,0.0
thompson@gamma-poisson,39,11,0.11801402605173071,0.0
epig@gamma-poisson,39,0,0.9555645445002607,22.0
epig@gamma-poisson,39,1,1.241931385731387,23.0
epig@gamma-poisson,39,2,0.03006732095207948,14.0
epig@gamma-poisson,39,3,0.028695552046104342,16.0
epig@gamma-poisson,39,4,1.028669527511439,21.0
epig@gamma-poisson,39,5,0.19209140160204494,24.0
epig@gamma-poisson,39,6,0.08331355348574329,19.0
epig@gamma-poisson,39,7,1.4493123067780422,21.0
epig@gamma-poisson,39,8,3.356227774216129,28.0
epig@gamma-poisson,39,9,5.877708271372163,24.0
epig@gamma-poisson,39,10,0.05829699466384224,8.0
epig@gamma-poisson,39,11,0.11801402605173071,20.0
eig@lognormal-poisson,39,0,0.9555645445002607,26.0
eig@lognormal-poisson,39,1,1.241931385731387,26.0
eig@lognormal-poisson,39,2,0.03006732095207948,9.0
eig@lognormal-poisson,39,3,0.028695552046104342,10.0
eig@lognormal-poisson,39,4,1.028669527511439,27.0
eig@lognormal-poisson,39,5,0.19209140160204494,22.0
eig@lognormal-poisson,39,6,0.08331355348574329,16.0
eig@lognormal-poisson,39,7,1.4493123067780422,26.0
eig@lognormal-poisson,39,8,3.356227774216129,27.0
eig@lognormal-poisson,39,9,5.877708271372163,28.0
eig@lognormal-poisson,39,10,0.05829699466384224,4.0
eig@lognormal-poisson,39,11,0.11801402605173071,19.0
maxent@lognormal-poisson,39,0,0.9555645445002607,0.0
maxent@lognormal-poisson,39,1,1.241931385731387,0.0
maxent@lognormal-poisson,39,2,0.03006732095207948,0.0
maxent@lognormal-poisson,39,3,0.028695552046104342,0.0
maxent@lognormal-poisson,39,4,1.028669527511439,1.0
maxent@lognormal-poisson,39,5,0.19209140160204494,0.0
maxent@lognormal-poisson,39,6,0.08331355348574329,0.0
maxent@lognormal-poisson,39,7,1.4493123067780422,0.0
maxent@lognormal-poisson,39,8,3.356227774216129,0.0
maxent@lognormal-poisson,39,9,5.877708271372163,239.0
maxent@lognormal-poisson,39,10,0.05829699466384224,0.0
maxent@lognormal-poisson,39,11,0.11801402605173071,0.0
d-optimality@lognormal-poisson,39,0,0.9555645445002607,25.0
d-optimality@lognormal-poisson,39,1,1.241931385731387,24.0
d-optimality@lognormal-poisson,39,2,0.03006732095207948,11.0
d-optimality@lognormal-poisson,39,3,0.028695552046104342,12.0
d-optimality@lognormal-poisson,39,4,1.028669527511439,26.0
d-optimality@lognormal-poisson,39,5,0.19209140160204494,22.0
d-optimality@lognormal-poisson,39,6,0.08331355348574329,16.0
d-optimality@lognormal-poisson,39,7,1.4493123067780422,25.0
d-optimality@lognormal-poisson,39,8,3.356227774216129,25.0
d-optimality@lognormal-poisson,39,9,5.877708271372163,26.0
d-optimality@lognormal-poisson,39,10,0.05829699466384224,8.0
d-optimality@lognormal-poisson,39,11,0.11801402605173071,20.0
neyman@lognormal-poisson,39,0,0.9555645445002607,16.0
neyman@lognormal-poisson,39,1,1.241931385731387,23.0
neyman@lognormal-poisson,39,2,0.03006732095207948,8.0
neyman@lognormal-poisson,39,3,0.028695552046104342,7.0
neyman@lognormal-poisson,39,4,1.028669527511439,27.0
neyman@lognormal-poisson,39,5,0.19209140160204494,13.0
neyman@lognormal-poisson,39,6,0.08331355348574329,12.0
neyman@lognormal-poisson,39,7,1.4493123067780422,22.0
neyman@lognormal-poisson,39,8,3.356227774216129,50.0
neyman@lognormal-poisson,39,9,5.877708271372163,49.0
neyman@lognormal-poisson,39,10,0.05829699466384224,4.0
neyman@lognormal-poisson,39,11,0.11801402605173071,9.0
predictive-variance@lognormal-poisson,39,0,0.9555645445002607,40.0
predictive-variance@lognormal-poisson,39,1,1.241931385731387,40.0
predictive-variance@lognormal-poisson,39,2,0.03006732095207948,0.0
predictive-variance@lognormal-poisson,39,3,0.028695552046104342,0.0
predictive-variance@lognormal-poisson,39,4,1.028669527511439,40.0
predictive-variance@lognormal-poisson,39,5,0.19209140160204494,40.0
predictive-variance@lognormal-poisson,39,6,0.08331355348574329,0.0
predictive-variance@lognormal-poisson,39,7,1.4493123067780422,0.0
predictive-variance@lognormal-poisson,39,8,3.356227774216129,40.0
predictive-variance@lognormal-poisson,39,9,5.877708271372163,40.0
predictive-variance@lognormal-poisson,39,10,0.05829699466384224,0.0
predictive-variance@lognormal-poisson,39,11,0.11801402605173071,0.0
epistemic@lognormal-poisson,39,0,0.9555645445002607,40.0
epistemic@lognormal-poisson,39,1,1.241931385731387,40.0
epistemic@lognormal-poisson,39,2,0.03006732095207948,0.0
epistemic@lognormal-poisson,39,3,0.028695552046104342,0.0
epistemic@lognormal-poisson,39,4,1.028669527511439,40.0
epistemic@lognormal-poisson,39,5,0.19209140160204494,40.0
epistemic@lognormal-poisson,39,6,0.08331355348574329,0.0
epistemic@lognormal-poisson,39,7,1.4493123067780422,0.0
epistemic@lognormal-poisson,39,8,3.356227774216129,40.0
epistemic@lognormal-poisson,39,9,5.877708271372163,40.0
epistemic@lognormal-poisson,39,10,0.05829699466384224,0.0
epistemic@lognormal-poisson,39,11,0.11801402605173071,0.0
thompson@lognormal-poisson,39,0,0.9555645445002607,0.0
thompson@lognormal-poisson,39,1,1.241931385731387,0.0
thompson@lognormal-poisson,39,2,0.03006732095207948,0.0
thompson@lognormal-poisson,39,3,0.028695552046104342,0.0
thompson@lognormal-poisson,39,4,1.028669527511439,0.0
thompson@lognormal-poisson,39,5,0.19209140160204494,40.0
thompson@lognormal-poisson,39,6,0.08331355348574329,0.0
thompson@lognormal-poisson,39,7,1.4493123067780422,0.0
thompson@lognormal-poisson,39,8,3.356227774216129,0.0
thompson@lognormal-poisson,39,9,5.877708271372163,200.0
thompson@lognormal-poisson,39,10,0.05829699466384224,0.0
thompson@lognormal-poisson,39,11,0.11801402605173071,0.0
eig,40,0,1.1858288620702178,32.0
eig,40,1,1.155112100945103,31.0
eig,40,2,0.6309721924911234,31.0
eig,40,3,0.013708706117035434,3.0
eig,40,4,0.19203413169475975,15.0
eig,40,5,0.060087363523130356,2.0
eig,40,6,0.7170947767258323,30.0
eig,40,7,0.9232208684806701,28.0
eig,40,8,0.1386942959799716,11.0
eig,40,9,0.01621610589730533,3.0
eig,40,10,0.7029045249231943,32.0
eig,40,11,0.05145301381568192,22.0
epig,40,0,1.1858288620702178,32.0
epig,40,1,1.155112100945103,27.0
epig,40,2,0.6309721924911234,32.0
epig,40,3,0.013708706117035434,4.0
epig,40,4,0.19203413169475975,15.0
epig,40,5,0.060087363523130356,5.0
epig,40,6,0.7170947767258323,30.0
epig,40,7,0.9232208684806701,29.0
epig,40,8,0.1386942959799716,13.0
epig,40,9,0.01621610589730533,2.0
epig,40,10,0.7029045249231943,33.0
epig,40,11,0.05145301381568192,18.0
maxent,40,0,1.1858288620702178,8.0
maxent,40,1,1.155112100945103,232.0
maxent,40,2,0.6309721924911234,0.0
maxent,40,3,0.013708706117035434,0.0
maxent,40,4,0.19203413169475975,0.0
maxent,40,5,0.060087363523130356,0.0
maxent,40,6,0.7170947767258323,0.0
maxent,40,7,0.9232208684806701,0.0
maxent,40,8,0.1386942959799716,0.0
maxent,40,9,0.01621610589730533,0.0
maxent,40,10,0.7029045249231943,0.0
maxent,40,11,0.05145301381568192,0.0
d-optimality,40,0,1.1858288620702178,29.0
d-optimality,40,1,1.155112100945103,29.0
d-optimality,40,2,0.6309721924911234,28.0
d-optimality,40,3,0.013708706117035434,6.0
d-optimality,40,4,0.19203413169475975,15.0
d-optimality,40,5,0.060087363523130356,6.0
d-optimality,40,6,0.7170947767258323,28.0
d-optimality,40,7,0.9232208684806701,27.0
d-optimality,40,8,0.1386942959799716,14.0
d-optimality,40,9,0.01621610589730533,6.0
d-optimality,40,10,0.7029045249231943,30.0
d-optimality,40,11,0.05145301381568192,22.0
neyman,40,0,1.1858288620702178,42.0
neyman,40,1,1.155112100945103,29.0
neyman,40,2,0.6309721924911234,26.0
neyman,40,3,0.013708706117035434,7.0
neyman,40,4,0.19203413169475975,14.0
neyman,40,5,0.060087363523130356,9.0
neyman,40,6,0.7170947767258323,28.0
neyman,40,7,0.9232208684806701,28.0
neyman,40,8,0.1386942959799716,10.0
neyman,40,9,0.01621610589730533,6.0
neyman,40,10,0.7029045249231943,33.0
neyman,40,11,0.05145301381568192,8.0
predictive-variance,40,0,1.1858288620702178,40.0
predictive-variance,40,1,1.155112100945103,40.0
predictive-variance,40,2,0.6309721924911234,40.0
predictive-variance,40,3,0.013708706117035434,0.0
predictive-variance,40,4,0.19203413169475975,40.0
predictive-variance,40,5,0.060087363523130356,0.0
predictive-variance,40,6,0.7170947767258323,40.0
predictive-variance,40,7,0.9232208684806701,40.0
predictive-variance,40,8,0.1386942959799716,0.0
predictive-variance,40,9,0.01621610589730533,0.0
predictive-variance,40,10,0.7029045249231943,0.0
predictive-variance,40,11,0.05145301381568192,0.0
epistemic,40,0,1.1858288620702178,40.0
epistemic,40,1,1.155112100945103,40.0
epistemic,40,2,0.6309721924911234,40.0
epistemic,40,3,0.013708706117035434,0.0
epistemic,40,4,0.19203413169475975,40.0
epistemic,40,5,0.060087363523130356,0.0
epistemic,40,6,0.7170947767258323,40.0
epistemic,40,7,0.9232208684806701,40.0
epistemic,40,8,0.1386942959799716,0.0
epistemic,40,9,0.01621610589730533,0.0
epistemic,40,10,0.7029045249231943,0.0
epistemic,40,11,0.05145301381568192,0.0
thompson,40,0,1.1858288620702178,120.0
thompson,40,1,1.155112100945103,40.0
thompson,40,2,0.6309721924911234,40.0
thompson,40,3,0.013708706117035434,0.0
thompson,40,4,0.19203413169475975,0.0
thompson,40,5,0.060087363523130356,0.0
thompson,40,6,0.7170947767258323,0.0
thompson,40,7,0.9232208684806701,40.0
thompson,40,8,0.1386942959799716,0.0
thompson,40,9,0.01621610589730533,0.0
thompson,40,10,0.7029045249231943,0.0
thompson,40,11,0.05145301381568192,0.0
uniform,40,0,1.1858288620702178,20.0
uniform,40,1,1.155112100945103,20.0
uniform,40,2,0.6309721924911234,20.0
uniform,40,3,0.013708706117035434,20.0
uniform,40,4,0.19203413169475975,20.0
uniform,40,5,0.060087363523130356,20.0
uniform,40,6,0.7170947767258323,20.0
uniform,40,7,0.9232208684806701,20.0
uniform,40,8,0.1386942959799716,20.0
uniform,40,9,0.01621610589730533,20.0
uniform,40,10,0.7029045249231943,20.0
uniform,40,11,0.05145301381568192,20.0
random,40,0,1.1858288620702178,40.0
random,40,1,1.155112100945103,3.5
random,40,2,0.6309721924911234,20.0
random,40,3,0.013708706117035434,45.0
random,40,4,0.19203413169475975,30.0
random,40,5,0.060087363523130356,6.0
random,40,6,0.7170947767258323,5.0
random,40,7,0.9232208684806701,7.5
random,40,8,0.1386942959799716,15.0
random,40,9,0.01621610589730533,64.5
random,40,10,0.7029045249231943,2.5
random,40,11,0.05145301381568192,1.0
eig@gamma-poisson,40,0,1.1858288620702178,28.0
eig@gamma-poisson,40,1,1.155112100945103,28.0
eig@gamma-poisson,40,2,0.6309721924911234,27.0
eig@gamma-poisson,40,3,0.013708706117035434,6.0
eig@gamma-poisson,40,4,0.19203413169475975,27.0
eig@gamma-poisson,40,5,0.060087363523130356,4.0
eig@gamma-poisson,40,6,0.7170947767258323,26.0
eig@gamma-poisson,40,7,0.9232208684806701,26.0
eig@gamma-poisson,40,8,0.1386942959799716,17.0
eig@gamma-poisson,40,9,0.01621610589730533,5.0
eig@gamma-poisson,40,10,0.7029045249231943,27.0
eig@gamma-poisson,40,11,0.05145301381568192,19.0
maxent@gamma-poisson,40,0,1.1858288620702178,9.0
maxent@gamma-poisson,40,1,1.155112100945103,231.0
maxent@gamma-poisson,40,2,0.6309721924911234,0.0
maxent@gamma-poisson,40,3,0.013708706117035434,0.0
maxent@gamma-poisson,40,4,0.19203413169475975,0.0
maxent@gamma-poisson,40,5,0.060087363523130356,0.0
maxent@gamma-poisson,40,6,0.7170947767258323,0.0
maxent@gamma-poisson,40,7,0.9232208684806701,0.0
maxent@gamma-poisson,40,8,0.1386942959799716,0.0
maxent@gamma-poisson,40,9,0.01621610589730533,0.0
maxent@gamma-poisson,40,10,0.7029045249231943,0.0
maxent@gamma-poisson,40,11,0.05145301381568192,0.0
d-optimality@gamma-poisson,40,0,1.1858288620702178,26.0
d-optimality@gamma-poisson,40,1,1.155112100945103,26.0
d-optimality@gamma-poisson,40,2,0.6309721924911234,25.0
d-optimality@gamma-poisson,40,3,0.013708706117035434,9.0
d-optimality@gamma-poisson,40,4,0.19203413169475975,26.0
d-optimality@gamma-poisson,40,5,0.060087363523130356,7.0
d-optimality@gamma-poisson,40,6,0.7170947767258323,24.0
d-optimality@gamma-poisson,40,7,0.9232208684806701,24.0
d-optimality@gamma-poisson,40,8,0.1386942959799716,23.0
d-optimality@gamma-poisson,40,9,0.01621610589730533,7.0
d-optimality@gamma-poisson,40,10,0.7029045249231943,25.0
d-optimality@gamma-poisson,40,11,0.05145301381568192,18.0
neyman@gamma-poisson,40,0,1.1858288620702178,43.0
neyman@gamma-poisson,40,1,1.155112100945103,29.0
neyman@gamma-poisson,40,2,0.6309721924911234,27.0
neyman@gamma-poisson,40,3,0.013708706117035434,7.0
neyman@gamma-poisson,40,4,0.19203413169475975,11.0
neyman@gamma-poisson,40,5,0.060087363523130356,9.0
neyman@gamma-poisson,40,6,0.7170947767258323,29.0
neyman@gamma-poisson,40,7,0.9232208684806701,28.0
neyman@gamma-poisson,40,8,0.1386942959799716,9.0
neyman@gamma-poisson,40,9,0.01621610589730533,6.0
neyman@gamma-poisson,40,10,0.7029045249231943,33.0
neyman@gamma-poisson,40,11,0.05145301381568192,9.0
predictive-variance@gamma-poisson,40,0,1.1858288620702178,40.0
predictive-variance@gamma-poisson,40,1,1.155112100945103,40.0
predictive-variance@gamma-poisson,40,2,0.6309721924911234,40.0
predictive-variance@gamma-poisson,40,3,0.013708706117035434,0.0
predictive-variance@gamma-poisson,40,4,0.19203413169475975,40.0
predictive-variance@gamma-poisson,40,5,0.060087363523130356,0.0
predictive-variance@gamma-poisson,40,6,0.7170947767258323,40.0
predictive-variance@gamma-poisson,40,7,0.9232208684806701,40.0
predictive-variance@gamma-poisson,40,8,0.1386942959799716,0.0
predictive-variance@gamma-poisson,40,9,0.01621610589730533,0.0
predictive-variance@gamma-poisson,40,10,0.7029045249231943,0.0
predictive-variance@gamma-poisson,40,11,0.05145301381568192,0.0
epistemic@gamma-poisson,40,0,1.1858288620702178,40.0
epistemic@gamma-poisson,40,1,1.155112100945103,40.0
epistemic@gamma-poisson,40,2,0.6309721924911234,40.0
epistemic@gamma-poisson,40,3,0.013708706117035434,0.0
epistemic@gamma-poisson,40,4,0.19203413169475975,40.0
epistemic@gamma-poisson,40,5,0.060087363523130356,0.0
epistemic@gamma-poisson,40,6,0.7170947767258323,40.0
epistemic@gamma-poisson,40,7,0.9232208684806701,40.0
epistemic@gamma-poisson,40,8,0.1386942959799716,0.0
epistemic@gamma-poisson,40,9,0.01621610589730533,0.0
epistemic@gamma-poisson,40,10,0.7029045249231943,0.0
epistemic@gamma-poisson,40,11,0.05145301381568192,0.0
thompson@gamma-poisson,40,0,1.1858288620702178,160.0
thompson@gamma-poisson,40,1,1.155112100945103,40.0
thompson@gamma-poisson,40,2,0.6309721924911234,0.0
thompson@gamma-poisson,40,3,0.013708706117035434,0.0
thompson@gamma-poisson,40,4,0.19203413169475975,40.0
thompson@gamma-poisson,40,5,0.060087363523130356,0.0
thompson@gamma-poisson,40,6,0.7170947767258323,0.0
thompson@gamma-poisson,40,7,0.9232208684806701,0.0
thompson@gamma-poisson,40,8,0.1386942959799716,0.0
thompson@gamma-poisson,40,9,0.01621610589730533,0.0
thompson@gamma-poisson,40,10,0.7029045249231943,0.0
thompson@gamma-poisson,40,11,0.05145301381568192,0.0
epig@gamma-poisson,40,0,1.1858288620702178,29.0
epig@gamma-poisson,40,1,1.155112100945103,25.0
epig@gamma-poisson,40,2,0.6309721924911234,29.0
epig@gamma-poisson,40,3,0.013708706117035434,5.0
epig@gamma-poisson,40,4,0.19203413169475975,26.0
epig@gamma-poisson,40,5,0.060087363523130356,7.0
epig@gamma-poisson,40,6,0.7170947767258323,27.0
epig@gamma-poisson,40,7,0.9232208684806701,27.0
epig@gamma-poisson,40,8,0.1386942959799716,20.0
epig@gamma-poisson,40,9,0.01621610589730533,2.0
epig@gamma-poisson,40,10,0.7029045249231943,28.0
epig@gamma-poisson,40,11,0.05145301381568192,15.0
eig@lognormal-poisson,40,0,1.1858288620702178,32.0
eig@lognormal-poisson,40,1,1.155112100945103,32.0
eig@lognormal-poisson,40,2,0.6309721924911234,30.0
eig@lognormal-poisson,40,3,0.013708706117035434,2.0
eig@lognormal-poisson,40,4,0.19203413169475975,21.0
eig@lognormal-poisson,40,5,0.060087363523130356,1.0
eig@lognormal-poisson,40,6,0.7170947767258323,29.0
eig@lognormal-poisson,40,7,0.9232208684806701,28.0
eig@lognormal-poisson,40,8,0.1386942959799716,12.0
eig@lognormal-poisson,40,9,0.01621610589730533,2.0
eig@lognormal-poisson,40,10,0.7029045249231943,32.0
eig@lognormal-poisson,40,11,0.05145301381568192,19.0
maxent@lognormal-poisson,40,0,1.1858288620702178,8.0
maxent@lognormal-poisson,40,1,1.155112100945103,232.0
maxent@lognormal-poisson,40,2,0.6309721924911234,0.0
maxent@lognormal-poisson,40,3,0.013708706117035434,0.0
maxent@lognormal-poisson,40,4,0.19203413169475975,0.0
maxent@lognormal-poisson,40,5,0.060087363523130356,0.0
maxent@lognormal-poisson,40,6,0.7170947767258323,0.0
maxent@lognormal-poisson,40,7,0.9232208684806701,0.0
maxent@lognormal-poisson,40,8,0.1386942959799716,0.0
maxent@lognormal-poisson,40,9,0.01621610589730533,0.0
maxent@lognormal-poisson,40,10,0.7029045249231943,0.0
maxent@lognormal-poisson,40,11,0.05145301381568192,0.0
d-optimality@lognormal-poisson,40,0,1.1858288620702178,29.0
d-optimality@lognormal-poisson,40,1,1.155112100945103,29.0
d-optimality@lognormal-poisson,40,2,0.6309721924911234,28.0
d-optimality@lognormal-poisson,40,3,0.013708706117035434,5.0
d-optimality@lognormal-poisson,40,4,0.19203413169475975,23.0
d-optimality@lognormal-poisson,40,5,0.060087363523130356,4.0
d-optimality@lognormal-poisson,40,6,0.7170947767258323,27.0
d-optimality@lognormal-poisson,40,7,0.9232208684806701,26.0
d-optimality@lognormal-poisson,40,8,0.1386942959799716,14.0
d-optimality@lognormal-poisson,40,9,0.01621610589730533,5.0
d-optimality@lognormal-poisson,40,10,0.7029045249231943,30.0
d-optimality@lognormal-poisson,40,11,0.05145301381568192,20.0
neyman@lognormal-poisson,40,0,1.1858288620702178,42.0
neyman@lognormal-poisson,40,1,1.155112100945103,29.0
neyman@lognormal-poisson,40,2,0.6309721924911234,26.0
neyman@lognormal-poisson,40,3,0.013708706117035434,7.0
neyman@lognormal-poisson,40,4,0.19203413169475975,14.0
neyman@lognormal-poisson,40,5,0.060087363523130356,9.0
neyman@lognormal-poisson,40,6,0.7170947767258323,28.0
neyman@lognormal-poisson,40,7,0.9232208684806701,28.0
neyman@lognormal-poisson,40,8,0.1386942959799716,10.0
neyman@lognormal-poisson,40,9,0.01621610589730533,6.0
neyman@lognormal-poisson,40,10,0.7029045249231943,33.0
neyman@lognormal-poisson,40,11,0.05145301381568192,8.0
predictive-variance@lognormal-poisson,40,0,1.1858288620702178,40.0
predictive-variance@lognormal-poisson,40,1,1.155112100945103,40.0
predictive-variance@lognormal-poisson,40,2,0.6309721924911234,40.0
predictive-variance@lognormal-poisson,40,3,0.013708706117035434,0.0
predictive-variance@lognormal-poisson,40,4,0.19203413169475975,40.0
predictive-variance@lognormal-poisson,40,5,0.060087363523130356,0.0
predictive-variance@lognormal-poisson,40,6,0.7170947767258323,40.0
predictive-variance@lognormal-poisson,40,7,0.9232208684806701,40.0
predictive-variance@lognormal-poisson,40,8,0.1386942959799716,0.0
predictive-variance@lognormal-poisson,40,9,0.01621610589730533,0.0
predictive-variance@lognormal-poisson,40,10,0.7029045249231943,0.0
predictive-variance@lognormal-poisson,40,11,0.05145301381568192,0.0
epistemic@lognormal-poisson,40,0,1.1858288620702178,40.0
epistemic@lognormal-poisson,40,1,1.155112100945103,40.0
epistemic@lognormal-poisson,40,2,0.6309721924911234,40.0
epistemic@lognormal-poisson,40,3,0.013708706117035434,0.0
epistemic@lognormal-poisson,40,4,0.19203413169475975,40.0
epistemic@lognormal-poisson,40,5,0.060087363523130356,0.0
epistemic@lognormal-poisson,40,6,0.7170947767258323,40.0
epistemic@lognormal-poisson,40,7,0.9232208684806701,40.0
epistemic@lognormal-poisson,40,8,0.1386942959799716,0.0
epistemic@lognormal-poisson,40,9,0.01621610589730533,0.0
epistemic@lognormal-poisson,40,10,0.7029045249231943,0.0
epistemic@lognormal-poisson,40,11,0.05145301381568192,0.0
thompson@lognormal-poisson,40,0,1.1858288620702178,120.0
thompson@lognormal-poisson,40,1,1.155112100945103,40.0
thompson@lognormal-poisson,40,2,0.6309721924911234,40.0
thompson@lognormal-poisson,40,3,0.013708706117035434,0.0
thompson@lognormal-poisson,40,4,0.19203413169475975,40.0
thompson@lognormal-poisson,40,5,0.060087363523130356,0.0
thompson@lognormal-poisson,40,6,0.7170947767258323,0.0
thompson@lognormal-poisson,40,7,0.9232208684806701,0.0
thompson@lognormal-poisson,40,8,0.1386942959799716,0.0
thompson@lognormal-poisson,40,9,0.01621610589730533,0.0
thompson@lognormal-poisson,40,10,0.7029045249231943,0.0
thompson@lognormal-poisson,40,11,0.05145301381568192,0.0
eig,41,0,2.8417055491495167,36.0
eig,41,1,0.14624122917854737,18.0
eig,41,2,0.12591898349007058,13.0
eig,41,3,0.29820900011634877,25.0
eig,41,4,0.05383194336836928,9.0
eig,41,5,1.163956576519899,35.0
eig,41,6,0.6964086267392461,33.0
eig,41,7,0.32644340846491215,28.0
eig,41,8,0.014121762844109495,11.0
eig,41,9,0.022192362557765896,8.0
eig,41,10,0.0033366307062476933,9.0
eig,41,11,0.3352956530073488,15.0
epig,41,0,2.8417055491495167,33.5
epig,41,1,0.14624122917854737,16.0
epig,41,2,0.12591898349007058,13.0
epig,41,3,0.29820900011634877,27.0
epig,41,4,0.05383194336836928,8.0
epig,41,5,1.163956576519899,32.0
epig,41,6,0.6964086267392461,35.0
epig,41,7,0.32644340846491215,25.0
epig,41,8,0.014121762844109495,12.0
epig,41,9,0.022192362557765896,9.0
epig,41,10,0.0033366307062476933,11.0
epig,41,11,0.3352956530073488,18.0
maxent,41,0,2.8417055491495167,240.0
maxent,41,1,0.14624122917854737,0.0
maxent,41,2,0.12591898349007058,0.0
maxent,41,3,0.29820900011634877,0.0
maxent,41,4,0.05383194336836928,0.0
maxent,41,5,1.163956576519899,0.0
maxent,41,6,0.6964086267392461,0.0
maxent,41,7,0.32644340846491215,0.0
maxent,41,8,0.014121762844109495,0.0
maxent,41,9,0.022192362557765896,0.0
maxent,41,10,0.0033366307062476933,0.0
maxent,41,11,0.3352956530073488,0.0
d-optimality,41,0,2.8417055491495167,32.0
d-optimality,41,1,0.14624122917854737,17.0
d-optimality,41,2,0.12591898349007058,13.0
d-optimality,41,3,0.29820900011634877,24.0
d-optimality,41,4,0.05383194336836928,10.0
d-optimality,41,5,1.163956576519899,31.0
d-optimality,41,6,0.6964086267392461,30.0
d-optimality,41,7,0.32644340846491215,26.0
d-optimality,41,8,0.014121762844109495,15.0
d-optimality,41,9,0.022192362557765896,12.0
d-optimality,41,10,0.0033366307062476933,14.0
d-optimality,41,11,0.3352956530073488,16.0
neyman,41,0,2.8417055491495167,57.0
neyman,41,1,0.14624122917854737,15.0
neyman,41,2,0.12591898349007058,12.0
neyman,41,3,0.29820900011634877,19.0
neyman,41,4,0.05383194336836928,9.0
neyman,41,5,1.163956576519899,40.0
neyman,41,6,0.6964086267392461,37.0
neyman,41,7,0.32644340846491215,15.0
neyman,41,8,0.014121762844109495,7.0
neyman,41,9,0.022192362557765896,7.0
neyman,41,10,0.0033366307062476933,7.0
neyman,41,11,0.3352956530073488,15.0
predictive-variance,41,0,2.8417055491495167,80.0
predictive-variance,41,1,0.14624122917854737,0.0
predictive-variance,41,2,0.12591898349007058,0.0
predictive-variance,41,3,0.29820900011634877,0.0
predictive-variance,41,4,0.05383194336836928,0.0
predictive-variance,41,5,1.163956576519899,40.0
predictive-variance,41,6,0.6964086267392461,40.0
predictive-variance,41,7,0.32644340846491215,40.0
predictive-variance,41,8,0.014121762844109495,0.0
predictive-variance,41,9,0.022192362557765896,0.0
predictive-variance,41,10,0.0033366307062476933,0.0
predictive-variance,41,11,0.3352956530073488,40.0
epistemic,41,0,2.8417055491495167,40.0
epistemic,41,1,0.14624122917854737,40.0
epistemic,41,2,0.12591898349007058,0.0
epistemic,41,3,0.29820900011634877,0.0
epistemic,41,4,0.05383194336836928,0.0
epistemic,41,5,1.163956576519899,40.0
epistemic,41,6,0.6964086267392461,40.0
epistemic,41,7,0.32644340846491215,40.0
epistemic,41,8,0.014121762844109495,0.0
epistemic,41,9,0.022192362557765896,0.0
epistemic,41,10,0.0033366307062476933,0.0
epistemic,41,11,0.3352956530073488,40.0
thompson,41,0,2.8417055491495167,200.0
thompson,41,1,0.14624122917854737,0.0
thompson,41,2,0.12591898349007058,0.0
thompson,41,3,0.29820900011634877,0.0
thompson,41,4,0.05383194336836928,0.0
thompson,41,5,1.163956576519899,0.0
thompson,41,6,0.6964086267392461,0.0
thompson,41,7,0.32644340846491215,40.0
thompson,41,8,0.014121762844109495,0.0
thompson,41,9,0.022192362557765896,0.0
thompson,41,10,0.0033366307062476933,0.0
thompson,41,11,0.3352956530073488,0.0
uniform,41,0,2.8417055491495167,20.0
uniform,41,1,0.14624122917854737,20.0
uniform,41,2,0.12591898349007058,20.0
uniform,41,3,0.29820900011634877,20.0
uniform,41,4,0.05383194336836928,20.0
uniform,41,5,1.163956576519899,20.0
uniform,41,6,0.6964086267392461,20.0
uniform,41,7,0.32644340846491215,20.0
uniform,41,8,0.014121762844109495,20.0
uniform,41,9,0.022192362557765896,20.0
uniform,41,10,0.0033366307062476933,20.0
uniform,41,11,0.3352956530073488,20.0
random,41,0,2.8417055491495167,0.0
random,41,1,0.14624122917854737,0.0
random,41,2,0.12591898349007058,0.0
random,41,3,0.29820900011634877,41.0
random,41,4,0.05383194336836928,22.0
random,41,5,1.163956576519899,62.5
random,41,6,0.6964086267392461,2.5
random,41,7,0.32644340846491215,23.5
random,41,8,0.014121762844109495,41.0
random,41,9,0.022192362557765896,0.0
random,41,10,0.0033366307062476933,5.0
random,41,11,0.3352956530073488,42.5
eig@gamma-poisson,41,0,2.8417055491495167,29.0
eig@gamma-poisson,41,1,0.14624122917854737,23.0
eig@gamma-poisson,41,2,0.12591898349007058,13.0
eig@gamma-poisson,41,3,0.29820900011634877,21.0
eig@gamma-poisson,41,4,0.05383194336836928,4.0
eig@gamma-poisson,41,5,1.163956576519899,27.0
eig@gamma-poisson,41,6,0.6964086267392461,28.0
eig@gamma-poisson,41,7,0.32644340846491215,27.0
eig@gamma-poisson,41,8,0.014121762844109495,15.0
eig@gamma-poisson,41,9,0.022192362557765896,12.0
eig@gamma-poisson,41,10,0.0033366307062476933,14.0
eig@gamma-poisson,41,11,0.3352956530073488,27.0
maxent@gamma-poisson,41,0,2.8417055491495167,240.0
maxent@gamma-poisson,41,1,0.14624122917854737,0.0
maxent@gamma-poisson,41,2,0.12591898349007058,0.0
maxent@gamma-poisson,41,3,0.29820900011634877,0.0
maxent@gamma-poisson,41,4,0.05383194336836928,0.0
maxent@gamma-poisson,41,5,1.163956576519899,0.0
maxent@gamma-poisson,41,6,0.6964086267392461,0.0
maxent@gamma-poisson,41,7,0.32644340846491215,0.0
maxent@gamma-poisson,41,8,0.014121762844109495,0.0
maxent@gamma-poisson,41,9,0.022192362557765896,0.0
maxent@gamma-poisson,41,10,0.0033366307062476933,0.0
maxent@gamma-poisson,41,11,0.3352956530073488,0.0
d-optimality@gamma-poisson,41,0,2.8417055491495167,26.0
d-optimality@gamma-poisson,41,1,0.14624122917854737,22.0
d-optimality@gamma-poisson,41,2,0.12591898349007058,11.0
d-optimality@gamma-poisson,41,3,0.29820900011634877,19.0
d-optimality@gamma-poisson,41,4,0.05383194336836928,3.0
d-optimality@gamma-poisson,41,5,1.163956576519899,24.0
d-optimality@gamma-poisson,41,6,0.6964086267392461,26.0
d-optimality@gamma-poisson,41,7,0.32644340846491215,25.0
d-optimality@gamma-poisson,41,8,0.014121762844109495,22.0
d-optimality@gamma-poisson,41,9,0.022192362557765896,16.0
d-optimality@gamma-poisson,41,10,0.0033366307062476933,21.0
d-optimality@gamma-poisson,41,11,0.3352956530073488,25.0
neyman@gamma-poisson,41,0,2.8417055491495167,59.0
neyman@gamma-poisson,41,1,0.14624122917854737,14.0
neyman@gamma-poisson,41,2,0.12591898349007058,12.0
neyman@gamma-poisson,41,3,0.29820900011634877,20.0
neyman@gamma-poisson,41,4,0.05383194336836928,10.0
neyman@gamma-poisson,41,5,1.163956576519899,42.0
neyman@gamma-poisson,41,6,0.6964086267392461,39.0
neyman@gamma-poisson,41,7,0.32644340846491215,13.0
neyman@gamma-poisson,41,8,0.014121762844109495,7.0
neyman@gamma-poisson,41,9,0.022192362557765896,7.0
neyman@gamma-poisson,41,10,0.0033366307062476933,6.0
neyman@gamma-poisson,41,11,0.3352956530073488,11.0
predictive-variance@gamma-poisson,41,0,2.8417055491495167,80.0
predictive-variance@gamma-poisson,41,1,0.14624122917854737,0.0
predictive-variance@gamma-poisson,41,2,0.12591898349007058,0.0
predictive-variance@gamma-poisson,41,3,0.29820900011634877,0.0
predictive-variance@gamma-poisson,41,4,0.05383194336836928,0.0
predictive-variance@gamma-poisson,41,5,1.163956576519899,40.0
predictive-variance@gamma-poisson,41,6,0.6964086267392461,40.0
predictive-variance@gamma-poisson,41,7,0.32644340846491215,40.0
predictive-variance@gamma-poisson,41,8,0.014121762844109495,0.0
predictive-variance@gamma-poisson,41,9,0.022192362557765896,0.0
predictive-variance@gamma-poisson,41,10,0.0033366307062476933,0.0
predictive-variance@gamma-poisson,41,11,0.3352956530073488,40.0
epistemic@gamma-poisson,41,0,2.8417055491495167,40.0
epistemic@gamma-poisson,41,1,0.14624122917854737,40.0
epistemic@gamma-poisson,41,2,0.12591898349007058,0.0
epistemic@gamma-poisson,41,3,0.29820900011634877,0.0
epistemic@gamma-poisson,41,4,0.05383194336836928,0.0
epistemic@gamma-poisson,41,5,1.163956576519899,40.0
epistemic@gamma-poisson,41,6,0.6964086267392461,40.0
epistemic@gamma-poisson,41,7,0.32644340846491215,40.0
epistemic@gamma-poisson,41,8,0.014121762844109495,0.0
epistemic@gamma-poisson,41,9,0.022192362557765896,0.0
epistemic@gamma-poisson,41,10,0.0033366307062476933,0.0
epistemic@gamma-poisson,41,11,0.3352956530073488,40.0
thompson@gamma-poisson,41,0,2.8417055491495167,160.0
thompson@gamma-poisson,41,1,0.14624122917854737,0.0
thompson@gamma-poisson,41,2,0.12591898349007058,0.0
thompson@gamma-poisson,41,3,0.29820900011634877,0.0
thompson@gamma-poisson,41,4,0.05383194336836928,0.0
thompson@gamma-poisson,41,5,1.163956576519899,0.0
thompson@gamma-poisson,41,6,0.6964086267392461,40.0
thompson@gamma-poisson,41,7,0.32644340846491215,0.0
thompson@gamma-poisson,41,8,0.014121762844109495,0.0
thompson@gamma-poisson,41,9,0.022192362557765896,0.0
thompson@gamma-poisson,41,10,0.0033366307062476933,0.0
thompson@gamma-poisson,41,11,0.3352956530073488,40.0
epig@gamma-poisson,41,0,2.8417055491495167,28.0
epig@gamma-poisson,41,1,0.14624122917854737,21.0
epig@gamma-poisson,41,2,0.12591898349007058,11.0
epig@gamma-poisson,41,3,0.29820900011634877,23.0
epig@gamma-poisson,41,4,0.05383194336836928,1.0
epig@gamma-poisson,41,5,1.163956576519899,26.0
epig@gamma-poisson,41,6,0.6964086267392461,31.0
epig@gamma-poisson,41,7,0.32644340846491215,25.0
epig@gamma-poisson,41,8,0.014121762844109495,16.0
epig@gamma-poisson,41,9,0.022192362557765896,13.0
epig@gamma-poisson,41,10,0.0033366307062476933,15.0
epig@gamma-poisson,41,11,0.3352956530073488,30.0
eig@lognormal-poisson,41,0,2.8417055491495167,35.0
eig@lognormal-poisson,41,1,0.14624122917854737,20.0
eig@lognormal-poisson,41,2,0.12591898349007058,12.0
eig@lognormal-poisson,41,3,0.29820900011634877,22.0
eig@lognormal-poisson,41,4,0.05383194336836928,2.0
eig@lognormal-poisson,41,5,1.163956576519899,33.0
eig@lognormal-poisson,41,6,0.6964086267392461,33.0
eig@lognormal-poisson,41,7,0.32644340846491215,28.0
eig@lognormal-poisson,41,8,0.014121762844109495,11.0
eig@lognormal-poisson,41,9,0.022192362557765896,6.0
eig@lognormal-poisson,41,10,0.0033366307062476933,9.0
eig@lognormal-poisson,41,11,0.3352956530073488,29.0
maxent@lognormal-poisson,41,0,2.8417055491495167,240.0
maxent@lognormal-poisson,41,1,0.14624122917854737,0.0
maxent@lognormal-poisson,41,2,0.12591898349007058,0.0
maxent@lognormal-poisson,41,3,0.29820900011634877,0.0
maxent@lognormal-poisson,41,4,0.05383194336836928,0.0
maxent@lognormal-poisson,41,5,1.163956576519899,0.0
maxent@lognormal-poisson,41,6,0.6964086267392461,0.0
maxent@lognormal-poisson,41,7,0.32644340846491215,0.0
maxent@lognormal-poisson,41,8,0.014121762844109495,0.0
maxent@lognormal-poisson,41,9,0.022192362557765896,0.0
maxent@lognormal-poisson,41,10,0.0033366307062476933,0.0
maxent@lognormal-poisson,41,11,0.3352956530073488,0.0
d-optimality@lognormal-poisson,41,0,2.8417055491495167,31.0
d-optimality@lognormal-poisson,41,1,0.14624122917854737,18.0
d-optimality@lognormal-poisson,41,2,0.12591898349007058,12.0
d-optimality@lognormal-poisson,41,3,0.29820900011634877,21.0
d-optimality@lognormal-poisson,41,4,0.05383194336836928,9.0
d-optimality@lognormal-poisson,41,5,1.163956576519899,30.0
d-optimality@lognormal-poisson,41,6,0.6964086267392461,29.0
d-optimality@lognormal-poisson,41,7,0.32644340846491215,26.0
d-optimality@lognormal-poisson,41,8,0.014121762844109495,14.0
d-optimality@lognormal-poisson,41,9,0.022192362557765896,10.0
d-optimality@lognormal-poisson,41,10,0.0033366307062476933,13.0
d-optimality@lognormal-poisson,41,11,0.3352956530073488,27.0
neyman@lognormal-poisson,41,0,2.8417055491495167,57.0
neyman@lognormal-poisson,41,1,0.14624122917854737,14.0
neyman@lognormal-poisson,41,2,0.12591898349007058,12.0
neyman@lognormal-poisson,41,3,0.29820900011634877,19.0
neyman@lognormal-poisson,41,4,0.05383194336836928,9.0
neyman@lognormal-poisson,41,5,1.163956576519899,40.0
neyman@lognormal-poisson,41,6,0.6964086267392461,37.0
neyman@lognormal-poisson,41,7,0.32644340846491215,15.0
neyman@lognormal-poisson,41,8,0.014121762844109495,8.0
neyman@lognormal-poisson,41,9,0.022192362557765896,7.0
neyman@lognormal-poisson,41,10,0.0033366307062476933,7.0
neyman@lognormal-poisson,41,11,0.3352956530073488,15.0
predictive-variance@lognormal-poisson,41,0,2.8417055491495167,80.0
predictive-variance@lognormal-poisson,41,1,0.14624122917854737,0.0
predictive-variance@lognormal-poisson,41,2,0.12591898349007058,0.0
predictive-variance@lognormal-poisson,41,3,0.29820900011634877,0.0
predictive-variance@lognormal-poisson,41,4,0.05383194336836928,0.0
predictive-variance@lognormal-poisson,41,5,1.163956576519899,40.0
predictive-variance@lognormal-poisson,41,6,0.6964086267392461,40.0
predictive-variance@lognormal-poisson,41,7,0.32644340846491215,40.0
predictive-variance@lognormal-poisson,41,8,0.014121762844109495,0.0
predictive-variance@lognormal-poisson,41,9,0.022192362557765896,0.0
predictive-variance@lognormal-poisson,41,10,0.0033366307062476933,0.0
predictive-variance@lognormal-poisson,41,11,0.3352956530073488,40.0
epistemic@lognormal-poisson,41,0,2.8417055491495167,40.0
epistemic@lognormal-poisson,41,1,0.14624122917854737,40.0
epistemic@lognormal-poisson,41,2,0.12591898349007058,0.0
epistemic@lognormal-poisson,41,3,0.29820900011634877,0.0
epistemic@lognormal-poisson,41,4,0.05383194336836928,0.0
epistemic@lognormal-poisson,41,5,1.163956576519899,40.0
epistemic@lognormal-poisson,41,6,0.6964086267392461,40.0
epistemic@lognormal-poisson,41,7,0.32644340846491215,40.0
epistemic@lognormal-poisson,41,8,0.014121762844109495,0.0
epistemic@lognormal-poisson,41,9,0.022192362557765896,0.0
epistemic@lognormal-poisson,41,10,0.0033366307062476933,0.0
epistemic@lognormal-poisson,41,11,0.3352956530073488,40.0
thompson@lognormal-poisson,41,0,2.8417055491495167,200.0
thompson@lognormal-poisson,41,1,0.14624122917854737,0.0
thompson@lognormal-poisson,41,2,0.12591898349007058,0.0
thompson@lognormal-poisson,41,3,0.29820900011634877,0.0
thompson@lognormal-poisson,41,4,0.05383194336836928,0.0
thompson@lognormal-poisson,41,5,1.163956576519899,0.0
thompson@lognormal-poisson,41,6,0.6964086267392461,40.0
thompson@lognormal-poisson,41,7,0.32644340846491215,0.0
thompson@lognormal-poisson,41,8,0.014121762844109495,0.0
thompson@lognormal-poisson,41,9,0.022192362557765896,0.0
thompson@lognormal-poisson,41,10,0.0033366307062476933,0.0
thompson@lognormal-poisson,41,11,0.3352956530073488,0.0
eig,42,0,0.09898690831320987,16.0
eig,42,1,0.8952151719894191,28.0
eig,42,2,0.27528509146931784,20.0
eig,42,3,2.291802217387851,29.0
eig,42,4,0.8334986029970013,28.0
eig,42,5,2.24616956614093,30.0
eig,42,6,0.07467160231756761,9.0
eig,42,7,0.06013124725235855,12.0
eig,42,8,0.14719686928197753,21.0
eig,42,9,0.018262457342316598,9.0
eig,42,10,4.6701587660644535,29.0
eig,42,11,0.02019491273924981,9.0
epig,42,0,0.09898690831320987,17.0
epig,42,1,0.8952151719894191,30.0
epig,42,2,0.27528509146931784,18.0
epig,42,3,2.291802217387851,26.0
epig,42,4,0.8334986029970013,29.0
epig,42,5,2.24616956614093,27.0
epig,42,6,0.07467160231756761,10.0
epig,42,7,0.06013124725235855,11.0
epig,42,8,0.14719686928197753,18.0
epig,42,9,0.018262457342316598,12.0
epig,42,10,4.6701587660644535,31.5
epig,42,11,0.02019491273924981,10.0
maxent,42,0,0.09898690831320987,0.0
maxent,42,1,0.8952151719894191,0.0
maxent,42,2,0.27528509146931784,0.0
maxent,42,3,2.291802217387851,0.0
maxent,42,4,0.8334986029970013,0.0
maxent,42,5,2.24616956614093,0.0
maxent,42,6,0.07467160231756761,0.0
maxent,42,7,0.06013124725235855,0.0
maxent,42,8,0.14719686928197753,0.0
maxent,42,9,0.018262457342316598,0.0
maxent,42,10,4.6701587660644535,240.0
maxent,42,11,0.02019491273924981,0.0
d-optimality,42,0,0.09898690831320987,17.0
d-optimality,42,1,0.8952151719894191,26.0
d-optimality,42,2,0.27528509146931784,19.0
d-optimality,42,3,2.291802217387851,27.0
d-optimality,42,4,0.8334986029970013,26.0
d-optimality,42,5,2.24616956614093,28.0
d-optimality,42,6,0.07467160231756761,10.0
d-optimality,42,7,0.06013124725235855,14.0
d-optimality,42,8,0.14719686928197753,21.0
d-optimality,42,9,0.018262457342316598,12.0
d-optimality,42,10,4.6701587660644535,27.0
d-optimality,42,11,0.02019491273924981,13.0
neyman,42,0,0.09898690831320987,11.0
neyman,42,1,0.8952151719894191,27.0
neyman,42,2,0.27528509146931784,13.0
neyman,42,3,2.291802217387851,34.0
neyman,42,4,0.8334986029970013,23.0
neyman,42,5,2.24616956614093,36.0
neyman,42,6,0.07467160231756761,9.0
neyman,42,7,0.06013124725235855,7.0
neyman,42,8,0.14719686928197753,7.0
neyman,42,9,0.018262457342316598,8.0
neyman,42,10,4.6701587660644535,59.0
neyman,42,11,0.02019491273924981,6.0
predictive-variance,42,0,0.09898690831320987,0.0
predictive-variance,42,1,0.8952151719894191,40.0
predictive-variance,42,2,0.27528509146931784,0.0
predictive-variance,42,3,2.291802217387851,40.0
predictive-variance,42,4,0.8334986029970013,40.0
predictive-variance,42,5,2.24616956614093,40.0
predictive-variance,42,6,0.07467160231756761,0.0
predictive-variance,42,7,0.06013124725235855,40.0
predictive-variance,42,8,0.14719686928197753,0.0
predictive-variance,42,9,0.018262457342316598,0.0
predictive-variance,42,10,4.6701587660644535,40.0
predictive-variance,42,11,0.02019491273924981,0.0
epistemic,42,0,0.09898690831320987,0.0
epistemic,42,1,0.8952151719894191,40.0
epistemic,42,2,0.27528509146931784,0.0
epistemic,42,3,2.291802217387851,40.0
epistemic,42,4,0.8334986029970013,40.0
epistemic,42,5,2.24616956614093,40.0
epistemic,42,6,0.07467160231756761,0.0
epistemic,42,7,0.06013124725235855,40.0
epistemic,42,8,0.14719686928197753,0.0
epistemic,42,9,0.018262457342316598,0.0
epistemic,42,10,4.6701587660644535,40.0
epistemic,42,11,0.02019491273924981,0.0
thompson,42,0,0.09898690831320987,0.0
thompson,42,1,0.8952151719894191,0.0
thompson,42,2,0.27528509146931784,0.0
thompson,42,3,2.291802217387851,0.0
thompson,42,4,0.8334986029970013,0.0
thompson,42,5,2.24616956614093,0.0
thompson,42,6,0.07467160231756761,0.0
thompson,42,7,0.06013124725235855,0.0
thompson,42,8,0.14719686928197753,0.0
thompson,42,9,0.018262457342316598,0.0
thompson,42,10,4.6701587660644535,240.0
thompson,42,11,0.02019491273924981,0.0
uniform,42,0,0.09898690831320987,20.0
uniform,42,1,0.8952151719894191,20.0
uniform,42,2,0.27528509146931784,20.0
uniform,42,3,2.291802217387851,20.0
uniform,42,4,0.8334986029970013,20.0
uniform,42,5,2.24616956614093,20.0
uniform,42,6,0.07467160231756761,20.0
uniform,42,7,0.06013124725235855,20.0
uniform,42,8,0.14719686928197753,20.0
uniform,42,9,0.018262457342316598,20.0
uniform,42,10,4.6701587660644535,20.0
uniform,42,11,0.02019491273924981,20.0
random,42,0,0.09898690831320987,1.0
random,42,1,0.8952151719894191,45.0
random,42,2,0.27528509146931784,82.5
random,42,3,2.291802217387851,0.0
random,42,4,0.8334986029970013,20.0
random,42,5,2.24616956614093,21.0
random,42,6,0.07467160231756761,22.5
random,42,7,0.06013124725235855,40.0
random,42,8,0.14719686928197753,1.0
random,42,9,0.018262457342316598,7.0
random,42,10,4.6701587660644535,0.0
random,42,11,0.02019491273924981,0.0
eig@gamma-poisson,42,0,0.09898690831320987,20.0
eig@gamma-poisson,42,1,0.8952151719894191,24.0
eig@gamma-poisson,42,2,0.27528509146931784,10.0
eig@gamma-poisson,42,3,2.291802217387851,26.0
eig@gamma-poisson,42,4,0.8334986029970013,26.0
eig@gamma-poisson,42,5,2.24616956614093,26.0
eig@gamma-poisson,42,6,0.07467160231756761,15.0
eig@gamma-poisson,42,7,0.06013124725235855,18.0
eig@gamma-poisson,42,8,0.14719686928197753,20.0
eig@gamma-poisson,42,9,0.018262457342316598,15.0
eig@gamma-poisson,42,10,4.6701587660644535,26.0
eig@gamma-poisson,42,11,0.02019491273924981,14.0
maxent@gamma-poisson,42,0,0.09898690831320987,0.0
maxent@gamma-poisson,42,1,0.8952151719894191,0.0
maxent@gamma-poisson,42,2,0.27528509146931784,0.0
maxent@gamma-poisson,42,3,2.291802217387851,0.0
maxent@gamma-poisson,42,4,0.8334986029970013,0.0
maxent@gamma-poisson,42,5,2.24616956614093,0.0
maxent@gamma-poisson,42,6,0.07467160231756761,0.0
maxent@gamma-poisson,42,7,0.06013124725235855,0.0
maxent@gamma-poisson,42,8,0.14719686928197753,0.0
maxent@gamma-poisson,42,9,0.018262457342316598,0.0
maxent@gamma-poisson,42,10,4.6701587660644535,240.0
maxent@gamma-poisson,42,11,0.02019491273924981,0.0
d-optimality@gamma-poisson,42,0,0.09898690831320987,20.0
d-optimality@gamma-poisson,42,1,0.8952151719894191,22.0
d-optimality@gamma-poisson,42,2,0.27528509146931784,8.0
d-optimality@gamma-poisson,42,3,2.291802217387851,23.0
d-optimality@gamma-poisson,42,4,0.8334986029970013,24.0
d-optimality@gamma-poisson,42,5,2.24616956614093,23.0
d-optimality@gamma-poisson,42,6,0.07467160231756761,16.0
d-optimality@gamma-poisson,42,7,0.06013124725235855,23.0
d-optimality@gamma-poisson,42,8,0.14719686928197753,18.0
d-optimality@gamma-poisson,42,9,0.018262457342316598,19.0
d-optimality@gamma-poisson,42,10,4.6701587660644535,23.0
d-optimality@gamma-poisson,42,11,0.02019491273924981,21.0
neyman@gamma-poisson,42,0,0.09898690831320987,11.0
neyman@gamma-poisson,42,1,0.8952151719894191,27.0
neyman@gamma-poisson,42,2,0.27528509146931784,13.0
neyman@gamma-poisson,42,3,2.291802217387851,34.0
neyman@gamma-poisson,42,4,0.8334986029970013,24.0
neyman@gamma-poisson,42,5,2.24616956614093,36.0
neyman@gamma-poisson,42,6,0.07467160231756761,8.0
neyman@gamma-poisson,42,7,0.06013124725235855,6.0
neyman@gamma-poisson,42,8,0.14719686928197753,7.0
neyman@gamma-poisson,42,9,0.018262457342316598,8.0
neyman@gamma-poisson,42,10,4.6701587660644535,61.0
neyman@gamma-poisson,42,11,0.02019491273924981,5.0
predictive-variance@gamma-poisson,42,0,0.09898690831320987,0.0
predictive-variance@gamma-poisson,42,1,0.8952151719894191,40.0
predictive-variance@gamma-poisson,42,2,0.27528509146931784,0.0
predictive-variance@gamma-poisson,42,3,2.291802217387851,40.0
predictive-variance@gamma-poisson,42,4,0.8334986029970013,40.0
predictive-variance@gamma-poisson,42,5,2.24616956614093,40.0
predictive-variance@gamma-poisson,42,6,0.07467160231756761,0.0
predictive-variance@gamma-poisson,42,7,0.06013124725235855,40.0
predictive-variance@gamma-poisson,42,8,0.14719686928197753,0.0
predictive-variance@gamma-poisson,42,9,0.018262457342316598,0.0
predictive-variance@gamma-poisson,42,10,4.6701587660644535,40.0
predictive-variance@gamma-poisson,42,11,0.02019491273924981,0.0
epistemic@gamma-poisson,42,0,0.09898690831320987,0.0
epistemic@gamma-poisson,42,1,0.8952151719894191,40.0
epistemic@gamma-poisson,42,2,0.27528509146931784,0.0
epistemic@gamma-poisson,42,3,2.291802217387851,40.0
epistemic@gamma-poisson,42,4,0.8334986029970013,40.0
epistemic@gamma-poisson,42,5,2.24616956614093,40.0
epistemic@gamma-poisson,42,6,0.07467160231756761,0.0
epistemic@gamma-poisson,42,7,0.06013124725235855,40.0
epistemic@gamma-poisson,42,8,0.14719686928197753,0.0
epistemic@gamma-poisson,42,9,0.018262457342316598,0.0
epistemic@gamma-poisson,42,10,4.6701587660644535,40.0
epistemic@gamma-poisson,42,11,0.02019491273924981,0.0
thompson@gamma-poisson,42,0,0.09898690831320987,0.0
thompson@gamma-poisson,42,1,0.8952151719894191,0.0
thompson@gamma-poisson,42,2,0.27528509146931784,0.0
thompson@gamma-poisson,42,3,2.291802217387851,0.0
thompson@gamma-poisson,42,4,0.8334986029970013,0.0
thompson@gamma-poisson,42,5,2.24616956614093,0.0
thompson@gamma-poisson,42,6,0.07467160231756761,0.0
thompson@gamma-poisson,42,7,0.06013124725235855,0.0
thompson@gamma-poisson,42,8,0.14719686928197753,0.0
thompson@gamma-poisson,42,9,0.018262457342316598,0.0
thompson@gamma-poisson,42,10,4.6701587660644535,240.0
thompson@gamma-poisson,42,11,0.02019491273924981,0.0
epig@gamma-poisson,42,0,0.09898690831320987,21.0
epig@gamma-poisson,42,1,0.8952151719894191,26.0
epig@gamma-poisson,42,2,0.27528509146931784,9.0
epig@gamma-poisson,42,3,2.291802217387851,23.0
epig@gamma-poisson,42,4,0.8334986029970013,27.0
epig@gamma-poisson,42,5,2.24616956614093,24.0
epig@gamma-poisson,42,6,0.07467160231756761,16.0
epig@gamma-poisson,42,7,0.06013124725235855,17.0
epig@gamma-poisson,42,8,0.14719686928197753,16.0
epig@gamma-poisson,42,9,0.018262457342316598,18.0
epig@gamma-poisson,42,10,4.6701587660644535,28.0
epig@gamma-poisson,42,11,0.02019491273924981,15.0
eig@lognormal-poisson,42,0,0.09898690831320987,15.0
eig@lognormal-poisson,42,1,0.8952151719894191,27.0
eig@lognormal-poisson,42,2,0.27528509146931784,21.0
eig@lognormal-poisson,42,3,2.291802217387851,28.0
eig@lognormal-poisson,42,4,0.8334986029970013,28.0
eig@lognormal-poisson,42,5,2.24616956614093,29.0
eig@lognormal-poisson,42,6,0.07467160231756761,9.0
eig@lognormal-poisson,42,7,0.06013124725235855,15.0
eig@lognormal-poisson,42,8,0.14719686928197753,20.0
eig@lognormal-poisson,42,9,0.018262457342316598,9.0
eig@lognormal-poisson,42,10,4.6701587660644535,29.0
eig@lognormal-poisson,42,11,0.02019491273924981,10.0
maxent@lognormal-poisson,42,0,0.09898690831320987,0.0
maxent@lognormal-poisson,42,1,0.8952151719894191,0.0
maxent@lognormal-poisson,42,2,0.27528509146931784,0.0
maxent@lognormal-poisson,42,3,2.291802217387851,0.0
maxent@lognormal-poisson,42,4,0.8334986029970013,0.0
maxent@lognormal-poisson,42,5,2.24616956614093,0.0
maxent@lognormal-poisson,42,6,0.07467160231756761,0.0
maxent@lognormal-poisson,42,7,0.06013124725235855,0.0
maxent@lognormal-poisson,42,8,0.14719686928197753,0.0
maxent@lognormal-poisson,42,9,0.018262457342316598,0.0
maxent@lognormal-poisson,42,10,4.6701587660644535,240.0
maxent@lognormal-poisson,42,11,0.02019491273924981,0.0
d-optimality@lognormal-poisson,42,0,0.09898690831320987,17.0
d-optimality@lognormal-poisson,42,1,0.8952151719894191,26.0
d-optimality@lognormal-poisson,42,2,0.27528509146931784,21.0
d-optimality@lognormal-poisson,42,3,2.291802217387851,26.0
d-optimality@lognormal-poisson,42,4,0.8334986029970013,26.0
d-optimality@lognormal-poisson,42,5,2.24616956614093,27.0
d-optimality@lognormal-poisson,42,6,0.07467160231756761,10.0
d-optimality@lognormal-poisson,42,7,0.06013124725235855,16.0
d-optimality@lognormal-poisson,42,8,0.14719686928197753,19.0
d-optimality@lognormal-poisson,42,9,0.018262457342316598,12.0
d-optimality@lognormal-poisson,42,10,4.6701587660644535,27.0
d-optimality@lognormal-poisson,42,11,0.02019491273924981,13.0
neyman@lognormal-poisson,42,0,0.09898690831320987,11.0
neyman@lognormal-poisson,42,1,0.8952151719894191,26.0
neyman@lognormal-poisson,42,2,0.27528509146931784,13.0
neyman@lognormal-poisson,42,3,2.291802217387851,34.0
neyman@lognormal-poisson,42,4,0.8334986029970013,24.0
neyman@lognormal-poisson,42,5,2.24616956614093,35.0
neyman@lognormal-poisson,42,6,0.07467160231756761,9.0
neyman@lognormal-poisson,42,7,0.06013124725235855,8.0
neyman@lognormal-poisson,42,8,0.14719686928197753,7.0
neyman@lognormal-poisson,42,9,0.018262457342316598,8.0
neyman@lognormal-poisson,42,10,4.6701587660644535,59.0
neyman@lognormal-poisson,42,11,0.02019491273924981,6.0
predictive-variance@lognormal-poisson,42,0,0.09898690831320987,0.0
predictive-variance@lognormal-poisson,42,1,0.8952151719894191,40.0
predictive-variance@lognormal-poisson,42,2,0.27528509146931784,0.0
predictive-variance@lognormal-poisson,42,3,2.291802217387851,40.0
predictive-variance@lognormal-poisson,42,4,0.8334986029970013,40.0
predictive-variance@lognormal-poisson,42,5,2.24616956614093,40.0
predictive-variance@lognormal-poisson,42,6,0.07467160231756761,0.0
predictive-variance@lognormal-poisson,42,7,0.06013124725235855,40.0
predictive-variance@lognormal-poisson,42,8,0.14719686928197753,0.0
predictive-variance@lognormal-poisson,42,9,0.018262457342316598,0.0
predictive-variance@lognormal-poisson,42,10,4.6701587660644535,40.0
predictive-variance@lognormal-poisson,42,11,0.02019491273924981,0.0
epistemic@lognormal-poisson,42,0,0.09898690831320987,0.0
epistemic@lognormal-poisson,42,1,0.8952151719894191,40.0
epistemic@lognormal-poisson,42,2,0.27528509146931784,0.0
epistemic@lognormal-poisson,42,3,2.291802217387851,40.0
epistemic@lognormal-poisson,42,4,0.8334986029970013,40.0
epistemic@lognormal-poisson,42,5,2.24616956614093,40.0
epistemic@lognormal-poisson,42,6,0.07467160231756761,0.0
epistemic@lognormal-poisson,42,7,0.06013124725235855,40.0
epistemic@lognormal-poisson,42,8,0.14719686928197753,0.0
epistemic@lognormal-poisson,42,9,0.018262457342316598,0.0
epistemic@lognormal-poisson,42,10,4.6701587660644535,40.0
epistemic@lognormal-poisson,42,11,0.02019491273924981,0.0
thompson@lognormal-poisson,42,0,0.09898690831320987,0.0
thompson@lognormal-poisson,42,1,0.8952151719894191,0.0
thompson@lognormal-poisson,42,2,0.27528509146931784,0.0
thompson@lognormal-poisson,42,3,2.291802217387851,0.0
thompson@lognormal-poisson,42,4,0.8334986029970013,40.0
thompson@lognormal-poisson,42,5,2.24616956614093,0.0
thompson@lognormal-poisson,42,6,0.07467160231756761,0.0
thompson@lognormal-poisson,42,7,0.06013124725235855,0.0
thompson@lognormal-poisson,42,8,0.14719686928197753,0.0
thompson@lognormal-poisson,42,9,0.018262457342316598,0.0
thompson@lognormal-poisson,42,10,4.6701587660644535,200.0
thompson@lognormal-poisson,42,11,0.02019491273924981,0.0
eig,43,0,0.012038719368563865,8.0
eig,43,1,0.7496405868952764,32.0
eig,43,2,0.1532645005482186,4.0
eig,43,3,0.032734974666625616,16.0
eig,43,4,8.124931452100727,33.0
eig,43,5,0.05548348952053635,14.0
eig,43,6,0.08853267631468308,13.0
eig,43,7,0.18496047488108755,18.0
eig,43,8,1.1877987694991854,32.0
eig,43,9,1.5712300612117753,32.0
eig,43,10,0.10540299330954513,19.0
eig,43,11,0.14173889702780262,19.0
epig,43,0,0.012038719368563865,11.0
epig,43,1,0.7496405868952764,29.0
epig,43,2,0.1532645005482186,6.0
epig,43,3,0.032734974666625616,14.0
epig,43,4,8.124931452100727,35.0
epig,43,5,0.05548348952053635,15.0
epig,43,6,0.08853267631468308,14.0
epig,43,7,0.18496047488108755,18.0
epig,43,8,1.1877987694991854,28.0
epig,43,9,1.5712300612117753,30.0
epig,43,10,0.10540299330954513,21.0
epig,43,11,0.14173889702780262,19.0
maxent,43,0,0.012038719368563865,0.0
maxent,43,1,0.7496405868952764,0.0
maxent,43,2,0.1532645005482186,0.0
maxent,43,3,0.032734974666625616,0.0
maxent,43,4,8.124931452100727,240.0
maxent,43,5,0.05548348952053635,0.0
maxent,43,6,0.08853267631468308,0.0
maxent,43,7,0.18496047488108755,0.0
maxent,43,8,1.1877987694991854,0.0
maxent,43,9,1.5712300612117753,0.0
maxent,43,10,0.10540299330954513,0.0
maxent,43,11,0.14173889702780262,0.0
d-optimality,43,0,0.012038719368563865,12.0
d-optimality,43,1,0.7496405868952764,29.0
d-optimality,43,2,0.1532645005482186,6.0
d-optimality,43,3,0.032734974666625616,17.0
d-optimality,43,4,8.124931452100727,30.0
d-optimality,43,5,0.05548348952053635,14.0
d-optimality,43,6,0.08853267631468308,15.0
d-optimality,43,7,0.18496047488108755,20.0
d-optimality,43,8,1.1877987694991854,29.0
d-optimality,43,9,1.5712300612117753,29.0
d-optimality,43,10,0.10540299330954513,20.0
d-optimality,43,11,0.14173889702780262,19.0
neyman,43,0,0.012038719368563865,7.0
neyman,43,1,0.7496405868952764,26.0
neyman,43,2,0.1532645005482186,8.0
neyman,43,3,0.032734974666625616,8.0
neyman,43,4,8.124931452100727,85.0
neyman,43,5,0.05548348952053635,10.0
neyman,43,6,0.08853267631468308,9.0
neyman,43,7,0.18496047488108755,8.0
neyman,43,8,1.1877987694991854,24.0
neyman,43,9,1.5712300612117753,30.0
neyman,43,10,0.10540299330954513,13.0
neyman,43,11,0.14173889702780262,12.0
predictive-variance,43,0,0.012038719368563865,0.0
predictive-variance,43,1,0.7496405868952764,40.0
predictive-variance,43,2,0.1532645005482186,0.0
predictive-variance,43,3,0.032734974666625616,0.0
predictive-variance,43,4,8.124931452100727,40.0
predictive-variance,43,5,0.05548348952053635,0.0
predictive-variance,43,6,0.08853267631468308,40.0
predictive-variance,43,7,0.18496047488108755,0.0
predictive-variance,43,8,1.1877987694991854,40.0
predictive-variance,43,9,1.5712300612117753,40.0
predictive-variance,43,10,0.10540299330954513,0.0
predictive-variance,43,11,0.14173889702780262,40.0
epistemic,43,0,0.012038719368563865,0.0
epistemic,43,1,0.7496405868952764,40.0
epistemic,43,2,0.1532645005482186,0.0
epistemic,43,3,0.032734974666625616,0.0
epistemic,43,4,8.124931452100727,40.0
epistemic,43,5,0.05548348952053635,0.0
epistemic,43,6,0.08853267631468308,40.0
epistemic,43,7,0.18496047488108755,0.0
epistemic,43,8,1.1877987694991854,40.0
epistemic,43,9,1.5712300612117753,40.0
epistemic,43,10,0.10540299330954513,0.0
epistemic,43,11,0.14173889702780262,40.0
thompson,43,0,0.012038719368563865,0.0
thompson,43,1,0.7496405868952764,0.0
thompson,43,2,0.1532645005482186,0.0
thompson,43,3,0.032734974666625616,0.0
thompson,43,4,8.124931452100727,200.0
thompson,43,5,0.05548348952053635,0.0
thompson,43,6,0.08853267631468308,0.0
thompson,43,7,0.18496047488108755,0.0
thompson,43,8,1.1877987694991854,40.0
thompson,43,9,1.5712300612117753,0.0
thompson,43,10,0.10540299330954513,0.0
thompson,43,11,0.14173889702780262,0.0
uniform,43,0,0.012038719368563865,20.0
uniform,43,1,0.7496405868952764,20.0
uniform,43,2,0.1532645005482186,20.0
uniform,43,3,0.032734974666625616,20.0
uniform,43,4,8.124931452100727,20.0
uniform,43,5,0.05548348952053635,20.0
uniform,43,6,0.08853267631468308,20.0
uniform,43,7,0.18496047488108755,20.0
uniform,43,8,1.1877987694991854,20.0
uniform,43,9,1.5712300612117753,20.0
uniform,43,10,0.10540299330954513,20.0
uniform,43,11,0.14173889702780262,20.0
random,43,0,0.012038719368563865,20.0
random,43,1,0.7496405868952764,8.5
random,43,2,0.1532645005482186,0.0
random,43,3,0.032734974666625616,51.0
random,43,4,8.124931452100727,44.5
random,43,5,0.05548348952053635,41.0
random,43,6,0.08853267631468308,31.0
random,43,7,0.18496047488108755,1.0
random,43,8,1.1877987694991854,23.5
random,43,9,1.5712300612117753,0.0
random,43,10,0.10540299330954513,14.5
random,43,11,0.14173889702780262,5.0
eig@gamma-poisson,43,0,0.012038719368563865,12.0
eig@gamma-poisson,43,1,0.7496405868952764,26.0
eig@gamma-poisson,43,2,0.1532645005482186,6.0
eig@gamma-poisson,43,3,0.032734974666625616,19.0
eig@gamma-poisson,43,4,8.124931452100727,27.0
eig@gamma-poisson,43,5,0.05548348952053635,15.0
eig@gamma-poisson,43,6,0.08853267631468308,16.0
eig@gamma-poisson,43,7,0.18496047488108755,20.0
eig@gamma-poisson,43,8,1.1877987694991854,26.0
eig@gamma-poisson,43,9,1.5712300612117753,26.0
eig@gamma-poisson,43,10,0.10540299330954513,23.0
eig@gamma-poisson,43,11,0.14173889702780262,24.0
maxent@gamma-poisson,43,0,0.012038719368563865,0.0
maxent@gamma-poisson,43,1,0.7496405868952764,0.0
maxent@gamma-poisson,43,2,0.1532645005482186,0.0
maxent@gamma-poisson,43,3,0.032734974666625616,0.0
maxent@gamma-poisson,43,4,8.124931452100727,240.0
maxent@gamma-poisson,43,5,0.05548348952053635,0.0
maxent@gamma-poisson,43,6,0.08853267631468308,0.0
maxent@gamma-poisson,43,7,0.18496047488108755,0.0
maxent@gamma-poisson,43,8,1.1877987694991854,0.0
maxent@gamma-poisson,43,9,1.5712300612117753,0.0
maxent@gamma-poisson,43,10,0.10540299330954513,0.0
maxent@gamma-poisson,43,11,0.14173889702780262,0.0
d-optimality@gamma-poisson,43,0,0.012038719368563865,18.0
d-optimality@gamma-poisson,43,1,0.7496405868952764,23.0
d-optimality@gamma-poisson,43,2,0.1532645005482186,6.0
d-optimality@gamma-poisson,43,3,0.032734974666625616,18.0
d-optimality@gamma-poisson,43,4,8.124931452100727,24.0
d-optimality@gamma-poisson,43,5,0.05548348952053635,14.0
d-optimality@gamma-poisson,43,6,0.08853267631468308,23.0
d-optimality@gamma-poisson,43,7,0.18496047488108755,20.0
d-optimality@gamma-poisson,43,8,1.1877987694991854,24.0
d-optimality@gamma-poisson,43,9,1.5712300612117753,24.0
d-optimality@gamma-poisson,43,10,0.10540299330954513,23.0
d-optimality@gamma-poisson,43,11,0.14173889702780262,23.0
neyman@gamma-poisson,43,0,0.012038719368563865,7.0
neyman@gamma-poisson,43,1,0.7496405868952764,26.0
neyman@gamma-poisson,43,2,0.1532645005482186,8.0
neyman@gamma-poisson,43,3,0.032734974666625616,9.0
neyman@gamma-poisson,43,4,8.124931452100727,86.0
neyman@gamma-poisson,43,5,0.05548348952053635,11.0
neyman@gamma-poisson,43,6,0.08853267631468308,7.0
neyman@gamma-poisson,43,7,0.18496047488108755,9.0
neyman@gamma-poisson,43,8,1.1877987694991854,24.0
neyman@gamma-poisson,43,9,1.5712300612117753,30.0
neyman@gamma-poisson,43,10,0.10540299330954513,12.0
neyman@gamma-poisson,43,11,0.14173889702780262,11.0
predictive-variance@gamma-poisson,43,0,0.012038719368563865,0.0
predictive-variance@gamma-poisson,43,1,0.7496405868952764,40.0
predictive-variance@gamma-poisson,43,2,0.1532645005482186,0.0
predictive-variance@gamma-poisson,43,3,0.032734974666625616,0.0
predictive-variance@gamma-poisson,43,4,8.124931452100727,40.0
predictive-variance@gamma-poisson,43,5,0.05548348952053635,0.0
predictive-variance@gamma-poisson,43,6,0.08853267631468308,40.0
predictive-variance@gamma-poisson,43,7,0.18496047488108755,0.0
predictive-variance@gamma-poisson,43,8,1.1877987694991854,40.0
predictive-variance@gamma-poisson,43,9,1.5712300612117753,40.0
predictive-variance@gamma-poisson,43,10,0.10540299330954513,0.0
predictive-variance@gamma-poisson,43,11,0.14173889702780262,40.0
epistemic@gamma-poisson,43,0,0.012038719368563865,0.0
epistemic@gamma-poisson,43,1,0.7496405868952764,40.0
epistemic@gamma-poisson,43,2,0.1532645005482186,0.0
epistemic@gamma-poisson,43,3,0.032734974666625616,0.0
epistemic@gamma-poisson,43,4,8.124931452100727,40.0
epistemic@gamma-poisson,43,5,0.05548348952053635,0.0
epistemic@gamma-poisson,43,6,0.08853267631468308,40.0
epistemic@gamma-poisson,43,7,0.18496047488108755,0.0
epistemic@gamma-poisson,43,8,1.1877987694991854,40.0
epistemic@gamma-poisson,43,9,1.5712300612117753,40.0
epistemic@gamma-poisson,43,10,0.10540299330954513,0.0
epistemic@gamma-poisson,43,11,0.14173889702780262,40.0
thompson@gamma-poisson,43,0,0.012038719368563865,0.0
thompson@gamma-poisson,43,1,0.7496405868952764,80.0
thompson@gamma-poisson,43,2,0.1532645005482186,0.0
thompson@gamma-poisson,43,3,0.032734974666625616,0.0
thompson@gamma-poisson,43,4,8.124931452100727,0.0
thompson@gamma-poisson,43,5,0.05548348952053635,0.0
thompson@gamma-poisson,43,6,0.08853267631468308,0.0
thompson@gamma-poisson,43,7,0.18496047488108755,0.0
thompson@gamma-poisson,43,8,1.1877987694991854,40.0
thompson@gamma-poisson,43,9,1.5712300612117753,80.0
thompson@gamma-poisson,43,10,0.10540299330954513,0.0
thompson@gamma-poisson,43,11,0.14173889702780262,40.0
epig@gamma-poisson,43,0,0.012038719368563865,15.0
epig@gamma-poisson,43,1,0.7496405868952764,23.0
epig@gamma-poisson,43,2,0.1532645005482186,7.0
epig@gamma-poisson,43,3,0.032734974666625616,15.0
epig@gamma-poisson,43,4,8.124931452100727,30.5
epig@gamma-poisson,43,5,0.05548348952053635,14.0
epig@gamma-poisson,43,6,0.08853267631468308,18.0
epig@gamma-poisson,43,7,0.18496047488108755,19.0
epig@gamma-poisson,43,8,1.1877987694991854,23.0
epig@gamma-poisson,43,9,1.5712300612117753,25.0
epig@gamma-poisson,43,10,0.10540299330954513,25.0
epig@gamma-poisson,43,11,0.14173889702780262,25.0
eig@lognormal-poisson,43,0,0.012038719368563865,8.0
eig@lognormal-poisson,43,1,0.7496405868952764,31.0
eig@lognormal-poisson,43,2,0.1532645005482186,3.0
eig@lognormal-poisson,43,3,0.032734974666625616,15.0
eig@lognormal-poisson,43,4,8.124931452100727,32.0
eig@lognormal-poisson,43,5,0.05548348952053635,12.0
eig@lognormal-poisson,43,6,0.08853267631468308,16.0
eig@lognormal-poisson,43,7,0.18496047488108755,17.0
eig@lognormal-poisson,43,8,1.1877987694991854,31.0
eig@lognormal-poisson,43,9,1.5712300612117753,31.0
eig@lognormal-poisson,43,10,0.10540299330954513,21.0
eig@lognormal-poisson,43,11,0.14173889702780262,23.0
maxent@lognormal-poisson,43,0,0.012038719368563865,0.0
maxent@lognormal-poisson,43,1,0.7496405868952764,0.0
maxent@lognormal-poisson,43,2,0.1532645005482186,0.0
maxent@lognormal-poisson,43,3,0.032734974666625616,0.0
maxent@lognormal-poisson,43,4,8.124931452100727,240.0
maxent@lognormal-poisson,43,5,0.05548348952053635,0.0
maxent@lognormal-poisson,43,6,0.08853267631468308,0.0
maxent@lognormal-poisson,43,7,0.18496047488108755,0.0
maxent@lognormal-poisson,43,8,1.1877987694991854,0.0
maxent@lognormal-poisson,43,9,1.5712300612117753,0.0
maxent@lognormal-poisson,43,10,0.10540299330954513,0.0
maxent@lognormal-poisson,43,11,0.14173889702780262,0.0
d-optimality@lognormal-poisson,43,0,0.012038719368563865,11.0
d-optimality@lognormal-poisson,43,1,0.7496405868952764,28.0
d-optimality@lognormal-poisson,43,2,0.1532645005482186,5.0
d-optimality@lognormal-poisson,43,3,0.032734974666625616,15.0
d-optimality@lognormal-poisson,43,4,8.124931452100727,32.0
d-optimality@lognormal-poisson,43,5,0.05548348952053635,13.0
d-optimality@lognormal-poisson,43,6,0.08853267631468308,18.0
d-optimality@lognormal-poisson,43,7,0.18496047488108755,18.0
d-optimality@lognormal-poisson,43,8,1.1877987694991854,28.0
d-optimality@lognormal-poisson,43,9,1.5712300612117753,28.0
d-optimality@lognormal-poisson,43,10,0.10540299330954513,21.0
d-optimality@lognormal-poisson,43,11,0.14173889702780262,23.0
neyman@lognormal-poisson,43,0,0.012038719368563865,7.0
neyman@lognormal-poisson,43,1,0.7496405868952764,26.0
neyman@lognormal-poisson,43,2,0.1532645005482186,9.0
neyman@lognormal-poisson,43,3,0.032734974666625616,8.0
neyman@lognormal-poisson,43,4,8.124931452100727,84.0
neyman@lognormal-poisson,43,5,0.05548348952053635,10.0
neyman@lognormal-poisson,43,6,0.08853267631468308,9.0
neyman@lognormal-poisson,43,7,0.18496047488108755,8.0
neyman@lognormal-poisson,43,8,1.1877987694991854,24.0
neyman@lognormal-poisson,43,9,1.5712300612117753,30.0
neyman@lognormal-poisson,43,10,0.10540299330954513,13.0
neyman@lognormal-poisson,43,11,0.14173889702780262,12.0
predictive-variance@lognormal-poisson,43,0,0.012038719368563865,0.0
predictive-variance@lognormal-poisson,43,1,0.7496405868952764,40.0
predictive-variance@lognormal-poisson,43,2,0.1532645005482186,0.0
predictive-variance@lognormal-poisson,43,3,0.032734974666625616,0.0
predictive-variance@lognormal-poisson,43,4,8.124931452100727,40.0
predictive-variance@lognormal-poisson,43,5,0.05548348952053635,0.0
predictive-variance@lognormal-poisson,43,6,0.08853267631468308,40.0
predictive-variance@lognormal-poisson,43,7,0.18496047488108755,0.0
predictive-variance@lognormal-poisson,43,8,1.1877987694991854,40.0
predictive-variance@lognormal-poisson,43,9,1.5712300612117753,40.0
predictive-variance@lognormal-poisson,43,10,0.10540299330954513,0.0
predictive-variance@lognormal-poisson,43,11,0.14173889702780262,40.0
epistemic@lognormal-poisson,43,0,0.012038719368563865,0.0
epistemic@lognormal-poisson,43,1,0.7496405868952764,40.0
epistemic@lognormal-poisson,43,2,0.1532645005482186,0.0
epistemic@lognormal-poisson,43,3,0.032734974666625616,0.0
epistemic@lognormal-poisson,43,4,8.124931452100727,40.0
epistemic@lognormal-poisson,43,5,0.05548348952053635,0.0
epistemic@lognormal-poisson,43,6,0.08853267631468308,40.0
epistemic@lognormal-poisson,43,7,0.18496047488108755,0.0
epistemic@lognormal-poisson,43,8,1.1877987694991854,40.0
epistemic@lognormal-poisson,43,9,1.5712300612117753,40.0
epistemic@lognormal-poisson,43,10,0.10540299330954513,0.0
epistemic@lognormal-poisson,43,11,0.14173889702780262,40.0
thompson@lognormal-poisson,43,0,0.012038719368563865,0.0
thompson@lognormal-poisson,43,1,0.7496405868952764,40.0
thompson@lognormal-poisson,43,2,0.1532645005482186,0.0
thompson@lognormal-poisson,43,3,0.032734974666625616,0.0
thompson@lognormal-poisson,43,4,8.124931452100727,0.0
thompson@lognormal-poisson,43,5,0.05548348952053635,0.0
thompson@lognormal-poisson,43,6,0.08853267631468308,0.0
thompson@lognormal-poisson,43,7,0.18496047488108755,0.0
thompson@lognormal-poisson,43,8,1.1877987694991854,40.0
thompson@lognormal-poisson,43,9,1.5712300612117753,160.0
thompson@lognormal-poisson,43,10,0.10540299330954513,0.0
thompson@lognormal-poisson,43,11,0.14173889702780262,0.0
eig,44,0,0.033933766341931466,0.0
eig,44,1,0.10282988036749871,28.0
eig,44,2,1.038886278502576,31.0
eig,44,3,0.04775014047092138,11.0
eig,44,4,0.14553909609684854,5.0
eig,44,5,0.12027573060369491,16.0
eig,44,6,0.18074470866515638,18.0
eig,44,7,0.16504831298821412,20.0
eig,44,8,1.143562177776071,31.0
eig,44,9,3.2325970910722206,33.0
eig,44,10,0.21002053077415686,18.0
eig,44,11,0.7642518250301217,29.0
epig,44,0,0.033933766341931466,0.0
epig,44,1,0.10282988036749871,27.0
epig,44,2,1.038886278502576,29.0
epig,44,3,0.04775014047092138,13.0
epig,44,4,0.14553909609684854,6.0
epig,44,5,0.12027573060369491,19.0
epig,44,6,0.18074470866515638,24.0
epig,44,7,0.16504831298821412,20.0
epig,44,8,1.143562177776071,28.0
epig,44,9,3.2325970910722206,30.0
epig,44,10,0.21002053077415686,19.0
epig,44,11,0.7642518250301217,25.0
maxent,44,0,0.033933766341931466,0.0
maxent,44,1,0.10282988036749871,0.0
maxent,44,2,1.038886278502576,0.0
maxent,44,3,0.04775014047092138,0.0
maxent,44,4,0.14553909609684854,0.0
maxent,44,5,0.12027573060369491,0.0
maxent,44,6,0.18074470866515638,0.0
maxent,44,7,0.16504831298821412,1.0
maxent,44,8,1.143562177776071,2.0
maxent,44,9,3.2325970910722206,236.0
maxent,44,10,0.21002053077415686,0.0
maxent,44,11,0.7642518250301217,1.0
d-optimality,44,0,0.033933766341931466,0.0
d-optimality,44,1,0.10282988036749871,27.0
d-optimality,44,2,1.038886278502576,28.0
d-optimality,44,3,0.04775014047092138,14.0
d-optimality,44,4,0.14553909609684854,9.0
d-optimality,44,5,0.12027573060369491,17.0
d-optimality,44,6,0.18074470866515638,23.0
d-optimality,44,7,0.16504831298821412,20.0
d-optimality,44,8,1.143562177776071,29.0
d-optimality,44,9,3.2325970910722206,30.0
d-optimality,44,10,0.21002053077415686,17.0
d-optimality,44,11,0.7642518250301217,26.0
neyman,44,0,0.033933766341931466,7.0
neyman,44,1,0.10282988036749871,15.0
neyman,44,2,1.038886278502576,30.0
neyman,44,3,0.04775014047092138,8.0
neyman,44,4,0.14553909609684854,6.0
neyman,44,5,0.12027573060369491,14.0
neyman,44,6,0.18074470866515638,13.0
neyman,44,7,0.16504831298821412,18.0
neyman,44,8,1.143562177776071,30.0
neyman,44,9,3.2325970910722206,52.0
neyman,44,10,0.21002053077415686,18.0
neyman,44,11,0.7642518250301217,29.0
predictive-variance,44,0,0.033933766341931466,0.0
predictive-variance,44,1,0.10282988036749871,0.0
predictive-variance,44,2,1.038886278502576,40.0
predictive-variance,44,3,0.04775014047092138,0.0
predictive-variance,44,4,0.14553909609684854,0.0
predictive-variance,44,5,0.12027573060369491,0.0
predictive-variance,44,6,0.18074470866515638,0.0
predictive-variance,44,7,0.16504831298821412,40.0
predictive-variance,44,8,1.143562177776071,40.0
predictive-variance,44,9,3.2325970910722206,80.0
predictive-variance,44,10,0.21002053077415686,0.0
predictive-variance,44,11,0.7642518250301217,40.0
epistemic,44,0,0.033933766341931466,0.0
epistemic,44,1,0.10282988036749871,0.0
epistemic,44,2,1.038886278502576,40.0
epistemic,44,3,0.04775014047092138,0.0
epistemic,44,4,0.14553909609684854,0.0
epistemic,44,5,0.12027573060369491,0.0
epistemic,44,6,0.18074470866515638,0.0
epistemic,44,7,0.16504831298821412,40.0
epistemic,44,8,1.143562177776071,40.0
epistemic,44,9,3.2325970910722206,80.0
epistemic,44,10,0.21002053077415686,0.0
epistemic,44,11,0.7642518250301217,40.0
thompson,44,0,0.033933766341931466,0.0
thompson,44,1,0.10282988036749871,0.0
thompson,44,2,1.038886278502576,0.0
thompson,44,3,0.04775014047092138,0.0
thompson,44,4,0.14553909609684854,0.0
thompson,44,5,0.12027573060369491,0.0
thompson,44,6,0.18074470866515638,0.0
thompson,44,7,0.16504831298821412,40.0
thompson,44,8,1.143562177776071,40.0
thompson,44,9,3.2325970910722206,120.0
thompson,44,10,0.21002053077415686,0.0
thompson,44,11,0.7642518250301217,40.0
uniform,44,0,0.033933766341931466,20.0
uniform,44,1,0.10282988036749871,20.0
uniform,44,2,1.038886278502576,20.0
uniform,44,3,0.04775014047092138,20.0
uniform,44,4,0.14553909609684854,20.0
uniform,44,5,0.12027573060369491,20.0
uniform,44,6,0.18074470866515638,20.0
uniform,44,7,0.16504831298821412,20.0
uniform,44,8,1.143562177776071,20.0
uniform,44,9,3.2325970910722206,20.0
uniform,44,10,0.21002053077415686,20.0
uniform,44,11,0.7642518250301217,20.0
random,44,0,0.033933766341931466,1.0
random,44,1,0.10282988036749871,4.5
random,44,2,1.038886278502576,0.0
random,44,3,0.04775014047092138,20.0
random,44,4,0.14553909609684854,60.0
random,44,5,0.12027573060369491,12.5
random,44,6,0.18074470866515638,25.0
random,44,7,0.16504831298821412,20.0
random,44,8,1.143562177776071,21.0
random,44,9,3.2325970910722206,35.0
random,44,10,0.21002053077415686,41.0
random,44,11,0.7642518250301217,0.0
eig@gamma-poisson,44,0,0.033933766341931466,0.0
eig@gamma-poisson,44,1,0.10282988036749871,22.0
eig@gamma-poisson,44,2,1.038886278502576,25.0
eig@gamma-poisson,44,3,0.04775014047092138,21.0
eig@gamma-poisson,44,4,0.14553909609684854,7.0
eig@gamma-poisson,44,5,0.12027573060369491,19.0
eig@gamma-poisson,44,6,0.18074470866515638,23.0
eig@gamma-poisson,44,7,0.16504831298821412,25.0
eig@gamma-poisson,44,8,1.143562177776071,26.0
eig@gamma-poisson,44,9,3.2325970910722206,26.0
eig@gamma-poisson,44,10,0.21002053077415686,20.0
eig@gamma-poisson,44,11,0.7642518250301217,26.0
maxent@gamma-poisson,44,0,0.033933766341931466,0.0
maxent@gamma-poisson,44,1,0.10282988036749871,0.0
maxent@gamma-poisson,44,2,1.038886278502576,0.0
maxent@gamma-poisson,44,3,0.04775014047092138,0.0
maxent@gamma-poisson,44,4,0.14553909609684854,0.0
maxent@gamma-poisson,44,5,0.12027573060369491,0.0
maxent@gamma-poisson,44,6,0.18074470866515638,0.0
maxent@gamma-poisson,44,7,0.16504831298821412,1.0
maxent@gamma-poisson,44,8,1.143562177776071,2.0
maxent@gamma-poisson,44,9,3.2325970910722206,236.0
maxent@gamma-poisson,44,10,0.21002053077415686,0.0
maxent@gamma-poisson,44,11,0.7642518250301217,1.0
d-optimality@gamma-poisson,44,0,0.033933766341931466,0.0
d-optimality@gamma-poisson,44,1,0.10282988036749871,21.0
d-optimality@gamma-poisson,44,2,1.038886278502576,23.0
d-optimality@gamma-poisson,44,3,0.04775014047092138,23.0
d-optimality@gamma-poisson,44,4,0.14553909609684854,12.0
d-optimality@gamma-poisson,44,5,0.12027573060369491,19.0
d-optimality@gamma-poisson,44,6,0.18074470866515638,23.0
d-optimality@gamma-poisson,44,7,0.16504831298821412,25.0
d-optimality@gamma-poisson,44,8,1.143562177776071,25.0
d-optimality@gamma-poisson,44,9,3.2325970910722206,25.0
d-optimality@gamma-poisson,44,10,0.21002053077415686,19.0
d-optimality@gamma-poisson,44,11,0.7642518250301217,25.0
neyman@gamma-poisson,44,0,0.033933766341931466,7.0
neyman@gamma-poisson,44,1,0.10282988036749871,16.0
neyman@gamma-poisson,44,2,1.038886278502576,31.0
neyman@gamma-poisson,44,3,0.04775014047092138,7.0
neyman@gamma-poisson,44,4,0.14553909609684854,6.0
neyman@gamma-poisson,44,5,0.12027573060369491,14.0
neyman@gamma-poisson,44,6,0.18074470866515638,13.0
neyman@gamma-poisson,44,7,0.16504831298821412,13.0
neyman@gamma-poisson,44,8,1.143562177776071,31.0
neyman@gamma-poisson,44,9,3.2325970910722206,55.0
neyman@gamma-poisson,44,10,0.21002053077415686,18.0
neyman@gamma-poisson,44,11,0.7642518250301217,29.0
predictive-variance@gamma-poisson,44,0,0.033933766341931466,0.0
predictive-variance@gamma-poisson,44,1,0.10282988036749871,0.0
predictive-variance@gamma-poisson,44,2,1.038886278502576,40.0
predictive-variance@gamma-poisson,44,3,0.04775014047092138,0.0
predictive-variance@gamma-poisson,44,4,0.14553909609684854,0.0
predictive-variance@gamma-poisson,44,5,0.12027573060369491,0.0
predictive-variance@gamma-poisson,44,6,0.18074470866515638,0.0
predictive-variance@gamma-poisson,44,7,0.16504831298821412,40.0
predictive-variance@gamma-poisson,44,8,1.143562177776071,40.0
predictive-variance@gamma-poisson,44,9,3.2325970910722206,80.0
predictive-variance@gamma-poisson,44,10,0.21002053077415686,0.0
predictive-variance@gamma-poisson,44,11,0.7642518250301217,40.0
epistemic@gamma-poisson,44,0,0.033933766341931466,0.0
epistemic@gamma-poisson,44,1,0.10282988036749871,0.0
epistemic@gamma-poisson,44,2,1.038886278502576,40.0
epistemic@gamma-poisson,44,3,0.04775014047092138,0.0
epistemic@gamma-poisson,44,4,0.14553909609684854,0.0
epistemic@gamma-poisson,44,5,0.12027573060369491,0.0
epistemic@gamma-poisson,44,6,0.18074470866515638,0.0
epistemic@gamma-poisson,44,7,0.16504831298821412,40.0
epistemic@gamma-poisson,44,8,1.143562177776071,40.0
epistemic@gamma-poisson,44,9,3.2325970910722206,80.0
epistemic@gamma-poisson,44,10,0.21002053077415686,0.0
epistemic@gamma-poisson,44,11,0.7642518250301217,40.0
thompson@gamma-poisson,44,0,0.033933766341931466,0.0
thompson@gamma-poisson,44,1,0.10282988036749871,0.0
thompson@gamma-poisson,44,2,1.038886278502576,0.0
thompson@gamma-poisson,44,3,0.04775014047092138,40.0
thompson@gamma-poisson,44,4,0.14553909609684854,0.0
thompson@gamma-poisson,44,5,0.12027573060369491,0.0
thompson@gamma-poisson,44,6,0.18074470866515638,0.0
thompson@gamma-poisson,44,7,0.16504831298821412,40.0
thompson@gamma-poisson,44,8,1.143562177776071,0.0
thompson@gamma-poisson,44,9,3.2325970910722206,120.0
thompson@gamma-poisson,44,10,0.21002053077415686,0.0
thompson@gamma-poisson,44,11,0.7642518250301217,40.0
epig@gamma-poisson,44,0,0.033933766341931466,0.0
epig@gamma-poisson,44,1,0.10282988036749871,21.0
epig@gamma-poisson,44,2,1.038886278502576,24.0
epig@gamma-poisson,44,3,0.04775014047092138,21.0
epig@gamma-poisson,44,4,0.14553909609684854,7.0
epig@gamma-poisson,44,5,0.12027573060369491,21.0
epig@gamma-poisson,44,6,0.18074470866515638,24.0
epig@gamma-poisson,44,7,0.16504831298821412,26.0
epig@gamma-poisson,44,8,1.143562177776071,25.0
epig@gamma-poisson,44,9,3.2325970910722206,24.5
epig@gamma-poisson,44,10,0.21002053077415686,22.0
epig@gamma-poisson,44,11,0.7642518250301217,24.0
eig@lognormal-poisson,44,0,0.033933766341931466,0.0
eig@lognormal-poisson,44,1,0.10282988036749871,25.0
eig@lognormal-poisson,44,2,1.038886278502576,29.0
eig@lognormal-poisson,44,3,0.04775014047092138,13.0
eig@lognormal-poisson,44,4,0.14553909609684854,3.0
eig@lognormal-poisson,44,5,0.12027573060369491,16.0
eig@lognormal-poisson,44,6,0.18074470866515638,18.0
eig@lognormal-poisson,44,7,0.16504831298821412,27.0
eig@lognormal-poisson,44,8,1.143562177776071,30.0
eig@lognormal-poisson,44,9,3.2325970910722206,32.0
eig@lognormal-poisson,44,10,0.21002053077415686,18.0
eig@lognormal-poisson,44,11,0.7642518250301217,29.0
maxent@lognormal-poisson,44,0,0.033933766341931466,0.0
maxent@lognormal-poisson,44,1,0.10282988036749871,0.0
maxent@lognormal-poisson,44,2,1.038886278502576,0.0
maxent@lognormal-poisson,44,3,0.04775014047092138,0.0
maxent@lognormal-poisson,44,4,0.14553909609684854,0.0
maxent@lognormal-poisson,44,5,0.12027573060369491,0.0
maxent@lognormal-poisson,44,6,0.18074470866515638,0.0
maxent@lognormal-poisson,44,7,0.16504831298821412,1.0
maxent@lognormal-poisson,44,8,1.143562177776071,2.0
maxent@lognormal-poisson,44,9,3.2325970910722206,236.0
maxent@lognormal-poisson,44,10,0.21002053077415686,0.0
maxent@lognormal-poisson,44,11,0.7642518250301217,1.0
d-optimality@lognormal-poisson,44,0,0.033933766341931466,0.0
d-optimality@lognormal-poisson,44,1,0.10282988036749871,24.0
d-optimality@lognormal-poisson,44,2,1.038886278502576,27.0
d-optimality@lognormal-poisson,44,3,0.04775014047092138,19.0
d-optimality@lognormal-poisson,44,4,0.14553909609684854,7.0
d-optimality@lognormal-poisson,44,5,0.12027573060369491,16.0
d-optimality@lognormal-poisson,44,6,0.18074470866515638,21.0
d-optimality@lognormal-poisson,44,7,0.16504831298821412,25.0
d-optimality@lognormal-poisson,44,8,1.143562177776071,28.0
d-optimality@lognormal-poisson,44,9,3.2325970910722206,29.0
d-optimality@lognormal-poisson,44,10,0.21002053077415686,17.0
d-optimality@lognormal-poisson,44,11,0.7642518250301217,27.0
neyman@lognormal-poisson,44,0,0.033933766341931466,7.0
neyman@lognormal-poisson,44,1,0.10282988036749871,15.0
neyman@lognormal-poisson,44,2,1.038886278502576,30.0
neyman@lognormal-poisson,44,3,0.04775014047092138,8.0
neyman@lognormal-poisson,44,4,0.14553909609684854,6.0
neyman@lognormal-poisson,44,5,0.12027573060369491,14.0
neyman@lognormal-poisson,44,6,0.18074470866515638,13.0
neyman@lognormal-poisson,44,7,0.16504831298821412,18.0
neyman@lognormal-poisson,44,8,1.143562177776071,30.0
neyman@lognormal-poisson,44,9,3.2325970910722206,52.0
neyman@lognormal-poisson,44,10,0.21002053077415686,18.0
neyman@lognormal-poisson,44,11,0.7642518250301217,29.0
predictive-variance@lognormal-poisson,44,0,0.033933766341931466,0.0
predictive-variance@lognormal-poisson,44,1,0.10282988036749871,0.0
predictive-variance@lognormal-poisson,44,2,1.038886278502576,40.0
predictive-variance@lognormal-poisson,44,3,0.04775014047092138,0.0
predictive-variance@lognormal-poisson,44,4,0.14553909609684854,0.0
predictive-variance@lognormal-poisson,44,5,0.12027573060369491,0.0
predictive-variance@lognormal-poisson,44,6,0.18074470866515638,0.0
predictive-variance@lognormal-poisson,44,7,0.16504831298821412,40.0
predictive-variance@lognormal-poisson,44,8,1.143562177776071,40.0
predictive-variance@lognormal-poisson,44,9,3.2325970910722206,80.0
predictive-variance@lognormal-poisson,44,10,0.21002053077415686,0.0
predictive-variance@lognormal-poisson,44,11,0.7642518250301217,40.0
epistemic@lognormal-poisson,44,0,0.033933766341931466,0.0
epistemic@lognormal-poisson,44,1,0.10282988036749871,0.0
epistemic@lognormal-poisson,44,2,1.038886278502576,40.0
epistemic@lognormal-poisson,44,3,0.04775014047092138,0.0
epistemic@lognormal-poisson,44,4,0.14553909609684854,0.0
epistemic@lognormal-poisson,44,5,0.12027573060369491,0.0
epistemic@lognormal-poisson,44,6,0.18074470866515638,0.0
epistemic@lognormal-poisson,44,7,0.16504831298821412,40.0
epistemic@lognormal-poisson,44,8,1.143562177776071,40.0
epistemic@lognormal-poisson,44,9,3.2325970910722206,80.0
epistemic@lognormal-poisson,44,10,0.21002053077415686,0.0
epistemic@lognormal-poisson,44,11,0.7642518250301217,40.0
thompson@lognormal-poisson,44,0,0.033933766341931466,0.0
thompson@lognormal-poisson,44,1,0.10282988036749871,0.0
thompson@lognormal-poisson,44,2,1.038886278502576,0.0
thompson@lognormal-poisson,44,3,0.04775014047092138,0.0
thompson@lognormal-poisson,44,4,0.14553909609684854,0.0
thompson@lognormal-poisson,44,5,0.12027573060369491,0.0
thompson@lognormal-poisson,44,6,0.18074470866515638,0.0
thompson@lognormal-poisson,44,7,0.16504831298821412,40.0
thompson@lognormal-poisson,44,8,1.143562177776071,40.0
thompson@lognormal-poisson,44,9,3.2325970910722206,120.0
thompson@lognormal-poisson,44,10,0.21002053077415686,0.0
thompson@lognormal-poisson,44,11,0.7642518250301217,40.0
eig,45,0,1.343190441054215,32.0
eig,45,1,0.3490958432032827,30.0
eig,45,2,0.16518331336817813,27.0
eig,45,3,0.1329044409409116,23.0
eig,45,4,0.028476579533017472,3.0
eig,45,5,0.4049331212775387,27.0
eig,45,6,0.02168849470770455,9.0
eig,45,7,0.23149878612433566,18.0
eig,45,8,0.0720285853117735,5.0
eig,45,9,0.020403439807123804,4.0
eig,45,10,1.619823609567767,31.0
eig,45,11,0.9994126671536278,31.0
epig,45,0,1.343190441054215,29.0
epig,45,1,0.3490958432032827,28.0
epig,45,2,0.16518331336817813,24.0
epig,45,3,0.1329044409409116,22.0
epig,45,4,0.028476579533017472,7.0
epig,45,5,0.4049331212775387,27.0
epig,45,6,0.02168849470770455,9.0
epig,45,7,0.23149878612433566,17.0
epig,45,8,0.0720285853117735,9.0
epig,45,9,0.020403439807123804,6.0
epig,45,10,1.619823609567767,31.0
epig,45,11,0.9994126671536278,31.0
maxent,45,0,1.343190441054215,2.0
maxent,45,1,0.3490958432032827,0.0
maxent,45,2,0.16518331336817813,0.0
maxent,45,3,0.1329044409409116,0.0
maxent,45,4,0.028476579533017472,0.0
maxent,45,5,0.4049331212775387,0.0
maxent,45,6,0.02168849470770455,0.0
maxent,45,7,0.23149878612433566,0.0
maxent,45,8,0.0720285853117735,0.0
maxent,45,9,0.020403439807123804,0.0
maxent,45,10,1.619823609567767,236.0
maxent,45,11,0.9994126671536278,2.0
d-optimality,45,0,1.343190441054215,29.0
d-optimality,45,1,0.3490958432032827,27.0
d-optimality,45,2,0.16518331336817813,24.0
d-optimality,45,3,0.1329044409409116,23.0
d-optimality,45,4,0.028476579533017472,12.0
d-optimality,45,5,0.4049331212775387,24.0
d-optimality,45,6,0.02168849470770455,12.0
d-optimality,45,7,0.23149878612433566,18.0
d-optimality,45,8,0.0720285853117735,8.0
d-optimality,45,9,0.020403439807123804,7.0
d-optimality,45,10,1.619823609567767,28.0
d-optimality,45,11,0.9994126671536278,28.0
neyman,45,0,1.343190441054215,39.0
neyman,45,1,0.3490958432032827,19.0
neyman,45,2,0.16518331336817813,18.0
neyman,45,3,0.1329044409409116,12.0
neyman,45,4,0.028476579533017472,11.0
neyman,45,5,0.4049331212775387,21.0
neyman,45,6,0.02168849470770455,7.0
neyman,45,7,0.23149878612433566,13.0
neyman,45,8,0.0720285853117735,10.0
neyman,45,9,0.020403439807123804,9.0
neyman,45,10,1.619823609567767,45.0
neyman,45,11,0.9994126671536278,36.0
predictive-variance,45,0,1.343190441054215,40.0
predictive-variance,45,1,0.3490958432032827,40.0
predictive-variance,45,2,0.16518331336817813,0.0
predictive-variance,45,3,0.1329044409409116,40.0
predictive-variance,45,4,0.028476579533017472,0.0
predictive-variance,45,5,0.4049331212775387,0.0
predictive-variance,45,6,0.02168849470770455,0.0
predictive-variance,45,7,0.23149878612433566,40.0
predictive-variance,45,8,0.0720285853117735,0.0
predictive-variance,45,9,0.020403439807123804,0.0
predictive-variance,45,10,1.619823609567767,40.0
predictive-variance,45,11,0.9994126671536278,40.0
epistemic,45,0,1.343190441054215,40.0
epistemic,45,1,0.3490958432032827,40.0
epistemic,45,2,0.16518331336817813,0.0
epistemic,45,3,0.1329044409409116,40.0
epistemic,45,4,0.028476579533017472,0.0
epistemic,45,5,0.4049331212775387,0.0
epistemic,45,6,0.02168849470770455,0.0
epistemic,45,7,0.23149878612433566,40.0
epistemic,45,8,0.0720285853117735,0.0
epistemic,45,9,0.020403439807123804,0.0
epistemic,45,10,1.619823609567767,40.0
epistemic,45,11,0.9994126671536278,40.0
thompson,45,0,1.343190441054215,80.0
thompson,45,1,0.3490958432032827,0.0
thompson,45,2,0.16518331336817813,0.0
thompson,45,3,0.1329044409409116,40.0
thompson,45,4,0.028476579533017472,0.0
thompson,45,5,0.4049331212775387,0.0
thompson,45,6,0.02168849470770455,0.0
thompson,45,7,0.23149878612433566,40.0
thompson,45,8,0.0720285853117735,0.0
thompson,45,9,0.020403439807123804,0.0
thompson,45,10,1.619823609567767,0.0
thompson,45,11,0.9994126671536278,80.0
uniform,45,0,1.343190441054215,20.0
uniform,45,1,0.3490958432032827,20.0
uniform,45,2,0.16518331336817813,20.0
uniform,45,3,0.1329044409409116,20.0
uniform,45,4,0.028476579533017472,20.0
uniform,45,5,0.4049331212775387,20.0
uniform,45,6,0.02168849470770455,20.0
uniform,45,7,0.23149878612433566,20.0
uniform,45,8,0.0720285853117735,20.0
uniform,45,9,0.020403439807123804,20.0
uniform,45,10,1.619823609567767,20.0
uniform,45,11,0.9994126671536278,20.0
random,45,0,1.343190441054215,6.0
random,45,1,0.3490958432032827,2.0
random,45,2,0.16518331336817813,0.0
random,45,3,0.1329044409409116,7.5
random,45,4,0.028476579533017472,2.0
random,45,5,0.4049331212775387,83.0
random,45,6,0.02168849470770455,12.5
random,45,7,0.23149878612433566,61.0
random,45,8,0.0720285853117735,10.0
random,45,9,0.020403439807123804,21.0
random,45,10,1.619823609567767,5.0
random,45,11,0.9994126671536278,30.0
eig@gamma-poisson,45,0,1.343190441054215,28.0
eig@gamma-poisson,45,1,0.3490958432032827,26.0
eig@gamma-poisson,45,2,0.16518331336817813,22.0
eig@gamma-poisson,45,3,0.1329044409409116,26.0
eig@gamma-poisson,45,4,0.028476579533017472,8.0
eig@gamma-poisson,45,5,0.4049331212775387,20.0
eig@gamma-poisson,45,6,0.02168849470770455,14.0
eig@gamma-poisson,45,7,0.23149878612433566,25.0
eig@gamma-poisson,45,8,0.0720285853117735,9.0
eig@gamma-poisson,45,9,0.020403439807123804,8.0
eig@gamma-poisson,45,10,1.619823609567767,27.0
eig@gamma-poisson,45,11,0.9994126671536278,27.0
maxent@gamma-poisson,45,0,1.343190441054215,2.0
maxent@gamma-poisson,45,1,0.3490958432032827,0.0
maxent@gamma-poisson,45,2,0.16518331336817813,0.0
maxent@gamma-poisson,45,3,0.1329044409409116,0.0
maxent@gamma-poisson,45,4,0.028476579533017472,0.0
maxent@gamma-poisson,45,5,0.4049331212775387,0.0
maxent@gamma-poisson,45,6,0.02168849470770455,0.0
maxent@gamma-poisson,45,7,0.23149878612433566,0.0
maxent@gamma-poisson,45,8,0.0720285853117735,0.0
maxent@gamma-poisson,45,9,0.020403439807123804,0.0
maxent@gamma-poisson,45,10,1.619823609567767,236.0
maxent@gamma-poisson,45,11,0.9994126671536278,2.0
d-optimality@gamma-poisson,45,0,1.343190441054215,26.0
d-optimality@gamma-poisson,45,1,0.3490958432032827,25.0
d-optimality@gamma-poisson,45,2,0.16518331336817813,20.0
d-optimality@gamma-poisson,45,3,0.1329044409409116,25.0
d-optimality@gamma-poisson,45,4,0.028476579533017472,8.0
d-optimality@gamma-poisson,45,5,0.4049331212775387,19.0
d-optimality@gamma-poisson,45,6,0.02168849470770455,19.0
d-optimality@gamma-poisson,45,7,0.23149878612433566,25.0
d-optimality@gamma-poisson,45,8,0.0720285853117735,13.0
d-optimality@gamma-poisson,45,9,0.020403439807123804,10.0
d-optimality@gamma-poisson,45,10,1.619823609567767,25.0
d-optimality@gamma-poisson,45,11,0.9994126671536278,25.0
neyman@gamma-poisson,45,0,1.343190441054215,40.0
neyman@gamma-poisson,45,1,0.3490958432032827,20.0
neyman@gamma-poisson,45,2,0.16518331336817813,19.0
neyman@gamma-poisson,45,3,0.1329044409409116,12.0
neyman@gamma-poisson,45,4,0.028476579533017472,11.0
neyman@gamma-poisson,45,5,0.4049331212775387,21.0
neyman@gamma-poisson,45,6,0.02168849470770455,7.0
neyman@gamma-poisson,45,7,0.23149878612433566,9.0
neyman@gamma-poisson,45,8,0.0720285853117735,9.0
neyman@gamma-poisson,45,9,0.020403439807123804,9.0
neyman@gamma-poisson,45,10,1.619823609567767,46.0
neyman@gamma-poisson,45,11,0.9994126671536278,37.0
predictive-variance@gamma-poisson,45,0,1.343190441054215,40.0
predictive-variance@gamma-poisson,45,1,0.3490958432032827,40.0
predictive-variance@gamma-poisson,45,2,0.16518331336817813,0.0
predictive-variance@gamma-poisson,45,3,0.1329044409409116,40.0
predictive-variance@gamma-poisson,45,4,0.028476579533017472,0.0
predictive-variance@gamma-poisson,45,5,0.4049331212775387,0.0
predictive-variance@gamma-poisson,45,6,0.02168849470770455,0.0
predictive-variance@gamma-poisson,45,7,0.23149878612433566,40.0
predictive-variance@gamma-poisson,45,8,0.0720285853117735,0.0
predictive-variance@gamma-poisson,45,9,0.020403439807123804,0.0
predictive-variance@gamma-poisson,45,10,1.619823609567767,40.0
predictive-variance@gamma-poisson,45,11,0.9994126671536278,40.0
epistemic@gamma-poisson,45,0,1.343190441054215,40.0
epistemic@gamma-poisson,45,1,0.3490958432032827,40.0
epistemic@gamma-poisson,45,2,0.16518331336817813,0.0
epistemic@gamma-poisson,45,3,0.1329044409409116,40.0
epistemic@gamma-poisson,45,4,0.028476579533017472,0.0
epistemic@gamma-poisson,45,5,0.4049331212775387,0.0
epistemic@gamma-poisson,45,6,0.02168849470770455,0.0
epistemic@gamma-poisson,45,7,0.23149878612433566,40.0
epistemic@gamma-poisson,45,8,0.0720285853117735,0.0
epistemic@gamma-poisson,45,9,0.020403439807123804,0.0
epistemic@gamma-poisson,45,10,1.619823609567767,40.0
epistemic@gamma-poisson,45,11,0.9994126671536278,40.0
thompson@gamma-poisson,45,0,1.343190441054215,160.0
thompson@gamma-poisson,45,1,0.3490958432032827,0.0
thompson@gamma-poisson,45,2,0.16518331336817813,0.0
thompson@gamma-poisson,45,3,0.1329044409409116,0.0
thompson@gamma-poisson,45,4,0.028476579533017472,0.0
thompson@gamma-poisson,45,5,0.4049331212775387,0.0
thompson@gamma-poisson,45,6,0.02168849470770455,0.0
thompson@gamma-poisson,45,7,0.23149878612433566,0.0
thompson@gamma-poisson,45,8,0.0720285853117735,0.0
thompson@gamma-poisson,45,9,0.020403439807123804,0.0
thompson@gamma-poisson,45,10,1.619823609567767,80.0
thompson@gamma-poisson,45,11,0.9994126671536278,0.0
epig@gamma-poisson,45,0,1.343190441054215,26.0
epig@gamma-poisson,45,1,0.3490958432032827,26.0
epig@gamma-poisson,45,2,0.16518331336817813,20.0
epig@gamma-poisson,45,3,0.1329044409409116,24.0
epig@gamma-poisson,45,4,0.028476579533017472,9.0
epig@gamma-poisson,45,5,0.4049331212775387,21.0
epig@gamma-poisson,45,6,0.02168849470770455,14.0
epig@gamma-poisson,45,7,0.23149878612433566,24.0
epig@gamma-poisson,45,8,0.0720285853117735,13.0
epig@gamma-poisson,45,9,0.020403439807123804,8.0
epig@gamma-poisson,45,10,1.619823609567767,28.0
epig@gamma-poisson,45,11,0.9994126671536278,27.0
eig@lognormal-poisson,45,0,1.343190441054215,32.0
eig@lognormal-poisson,45,1,0.3490958432032827,29.0
eig@lognormal-poisson,45,2,0.16518331336817813,24.0
eig@lognormal-poisson,45,3,0.1329044409409116,24.0
eig@lognormal-poisson,45,4,0.028476579533017472,3.0
eig@lognormal-poisson,45,5,0.4049331212775387,25.0
eig@lognormal-poisson,45,6,0.02168849470770455,9.0
eig@lognormal-poisson,45,7,0.23149878612433566,24.0
eig@lognormal-poisson,45,8,0.0720285853117735,4.0
eig@lognormal-poisson,45,9,0.020403439807123804,4.0
eig@lognormal-poisson,45,10,1.619823609567767,31.0
eig@lognormal-poisson,45,11,0.9994126671536278,31.0
maxent@lognormal-poisson,45,0,1.343190441054215,2.0
maxent@lognormal-poisson,45,1,0.3490958432032827,0.0
maxent@lognormal-poisson,45,2,0.16518331336817813,0.0
maxent@lognormal-poisson,45,3,0.1329044409409116,0.0
maxent@lognormal-poisson,45,4,0.028476579533017472,0.0
maxent@lognormal-poisson,45,5,0.4049331212775387,0.0
maxent@lognormal-poisson,45,6,0.02168849470770455,0.0
maxent@lognormal-poisson,45,7,0.23149878612433566,0.0
maxent@lognormal-poisson,45,8,0.0720285853117735,0.0
maxent@lognormal-poisson,45,9,0.020403439807123804,0.0
maxent@lognormal-poisson,45,10,1.619823609567767,236.0
maxent@lognormal-poisson,45,11,0.9994126671536278,2.0
d-optimality@lognormal-poisson,45,0,1.343190441054215,30.0
d-optimality@lognormal-poisson,45,1,0.3490958432032827,27.0
d-optimality@lognormal-poisson,45,2,0.16518331336817813,24.0
d-optimality@lognormal-poisson,45,3,0.1329044409409116,24.0
d-optimality@lognormal-poisson,45,4,0.028476579533017472,5.0
d-optimality@lognormal-poisson,45,5,0.4049331212775387,24.0
d-optimality@lognormal-poisson,45,6,0.02168849470770455,12.0
d-optimality@lognormal-poisson,45,7,0.23149878612433566,22.0
d-optimality@lognormal-poisson,45,8,0.0720285853117735,8.0
d-optimality@lognormal-poisson,45,9,0.020403439807123804,6.0
d-optimality@lognormal-poisson,45,10,1.619823609567767,29.0
d-optimality@lognormal-poisson,45,11,0.9994126671536278,29.0
neyman@lognormal-poisson,45,0,1.343190441054215,39.0
neyman@lognormal-poisson,45,1,0.3490958432032827,19.0
neyman@lognormal-poisson,45,2,0.16518331336817813,18.0
neyman@lognormal-poisson,45,3,0.1329044409409116,12.0
neyman@lognormal-poisson,45,4,0.028476579533017472,11.0
neyman@lognormal-poisson,45,5,0.4049331212775387,21.0
neyman@lognormal-poisson,45,6,0.02168849470770455,7.0
neyman@lognormal-poisson,45,7,0.23149878612433566,13.0
neyman@lognormal-poisson,45,8,0.0720285853117735,10.0
neyman@lognormal-poisson,45,9,0.020403439807123804,9.0
neyman@lognormal-poisson,45,10,1.619823609567767,45.0
neyman@lognormal-poisson,45,11,0.9994126671536278,36.0
predictive-variance@lognormal-poisson,45,0,1.343190441054215,40.0
predictive-variance@lognormal-poisson,45,1,0.3490958432032827,40.0
predictive-variance@lognormal-poisson,45,2,0.16518331336817813,0.0
predictive-variance@lognormal-poisson,45,3,0.1329044409409116,40.0
predictive-variance@lognormal-poisson,45,4,0.028476579533017472,0.0
predictive-variance@lognormal-poisson,45,5,0.4049331212775387,0.0
predictive-variance@lognormal-poisson,45,6,0.02168849470770455,0.0
predictive-variance@lognormal-poisson,45,7,0.23149878612433566,40.0
predictive-variance@lognormal-poisson,45,8,0.0720285853117735,0.0
predictive-variance@lognormal-poisson,45,9,0.020403439807123804,0.0
predictive-variance@lognormal-poisson,45,10,1.619823609567767,40.0
predictive-variance@lognormal-poisson,45,11,0.9994126671536278,40.0
epistemic@lognormal-poisson,45,0,1.343190441054215,40.0
epistemic@lognormal-poisson,45,1,0.3490958432032827,40.0
epistemic@lognormal-poisson,45,2,0.16518331336817813,0.0
epistemic@lognormal-poisson,45,3,0.1329044409409116,40.0
epistemic@lognormal-poisson,45,4,0.028476579533017472,0.0
epistemic@lognormal-poisson,45,5,0.4049331212775387,0.0
epistemic@lognormal-poisson,45,6,0.02168849470770455,0.0
epistemic@lognormal-poisson,45,7,0.23149878612433566,40.0
epistemic@lognormal-poisson,45,8,0.0720285853117735,0.0
epistemic@lognormal-poisson,45,9,0.020403439807123804,0.0
epistemic@lognormal-poisson,45,10,1.619823609567767,40.0
epistemic@lognormal-poisson,45,11,0.9994126671536278,40.0
thompson@lognormal-poisson,45,0,1.343190441054215,40.0
thompson@lognormal-poisson,45,1,0.3490958432032827,40.0
thompson@lognormal-poisson,45,2,0.16518331336817813,0.0
thompson@lognormal-poisson,45,3,0.1329044409409116,0.0
thompson@lognormal-poisson,45,4,0.028476579533017472,0.0
thompson@lognormal-poisson,45,5,0.4049331212775387,0.0
thompson@lognormal-poisson,45,6,0.02168849470770455,0.0
thompson@lognormal-poisson,45,7,0.23149878612433566,0.0
thompson@lognormal-poisson,45,8,0.0720285853117735,0.0
thompson@lognormal-poisson,45,9,0.020403439807123804,0.0
thompson@lognormal-poisson,45,10,1.619823609567767,120.0
thompson@lognormal-poisson,45,11,0.9994126671536278,40.0
eig,46,0,0.06042739994805319,0.0
eig,46,1,0.295381894181529,29.0
eig,46,2,0.16755726046617686,26.0
eig,46,3,0.49143719058888363,29.0
eig,46,4,0.28448230713576167,24.0
eig,46,5,2.500568195787884,31.0
eig,46,6,0.029728187859172382,0.0
eig,46,7,0.02389340097527669,18.0
eig,46,8,0.10836107237431104,5.0
eig,46,9,0.20427793831283314,24.0
eig,46,10,0.48449102000647903,26.0
eig,46,11,0.42628355249176947,28.0
epig,46,0,0.06042739994805319,0.0
epig,46,1,0.295381894181529,27.0
epig,46,2,0.16755726046617686,24.0
epig,46,3,0.49143719058888363,31.0
epig,46,4,0.28448230713576167,23.0
epig,46,5,2.500568195787884,34.0
epig,46,6,0.029728187859172382,0.0
epig,46,7,0.02389340097527669,20.0
epig,46,8,0.10836107237431104,5.0
epig,46,9,0.20427793831283314,26.0
epig,46,10,0.48449102000647903,24.0
epig,46,11,0.42628355249176947,26.0
maxent,46,0,0.06042739994805319,0.0
maxent,46,1,0.295381894181529,0.0
maxent,46,2,0.16755726046617686,0.0
maxent,46,3,0.49143719058888363,0.0
maxent,46,4,0.28448230713576167,1.0
maxent,46,5,2.500568195787884,239.0
maxent,46,6,0.029728187859172382,0.0
maxent,46,7,0.02389340097527669,0.0
maxent,46,8,0.10836107237431104,0.0
maxent,46,9,0.20427793831283314,0.0
maxent,46,10,0.48449102000647903,0.0
maxent,46,11,0.42628355249176947,0.0
d-optimality,46,0,0.06042739994805319,2.0
d-optimality,46,1,0.295381894181529,28.0
d-optimality,46,2,0.16755726046617686,26.0
d-optimality,46,3,0.49143719058888363,27.0
d-optimality,46,4,0.28448230713576167,24.0
d-optimality,46,5,2.500568195787884,30.0
d-optimality,46,6,0.029728187859172382,0.0
d-optimality,46,7,0.02389340097527669,21.0
d-optimality,46,8,0.10836107237431104,7.0
d-optimality,46,9,0.20427793831283314,24.0
d-optimality,46,10,0.48449102000647903,25.0
d-optimality,46,11,0.42628355249176947,26.0
neyman,46,0,0.06042739994805319,10.0
neyman,46,1,0.295381894181529,14.0
neyman,46,2,0.16755726046617686,9.0
neyman,46,3,0.49143719058888363,29.0
neyman,46,4,0.28448230713576167,20.0
neyman,46,5,2.500568195787884,57.0
neyman,46,6,0.029728187859172382,8.0
neyman,46,7,0.02389340097527669,13.0
neyman,46,8,0.10836107237431104,11.0
neyman,46,9,0.20427793831283314,23.0
neyman,46,10,0.48449102000647903,22.0
neyman,46,11,0.42628355249176947,24.0
predictive-variance,46,0,0.06042739994805319,0.0
predictive-variance,46,1,0.295381894181529,40.0
predictive-variance,46,2,0.16755726046617686,0.0
predictive-variance,46,3,0.49143719058888363,0.0
predictive-variance,46,4,0.28448230713576167,40.0
predictive-variance,46,5,2.500568195787884,80.0
predictive-variance,46,6,0.029728187859172382,0.0
predictive-variance,46,7,0.02389340097527669,0.0
predictive-variance,46,8,0.10836107237431104,0.0
predictive-variance,46,9,0.20427793831283314,40.0
predictive-variance,46,10,0.48449102000647903,40.0
predictive-variance,46,11,0.42628355249176947,0.0
epistemic,46,0,0.06042739994805319,0.0
epistemic,46,1,0.295381894181529,40.0
epistemic,46,2,0.16755726046617686,40.0
epistemic,46,3,0.49143719058888363,0.0
epistemic,46,4,0.28448230713576167,40.0
epistemic,46,5,2.500568195787884,40.0
epistemic,46,6,0.029728187859172382,0.0
epistemic,46,7,0.02389340097527669,0.0
epistemic,46,8,0.10836107237431104,0.0
epistemic,46,9,0.20427793831283314,40.0
epistemic,46,10,0.48449102000647903,40.0
epistemic,46,11,0.42628355249176947,0.0
thompson,46,0,0.06042739994805319,0.0
thompson,46,1,0.295381894181529,0.0
thompson,46,2,0.16755726046617686,0.0
thompson,46,3,0.49143719058888363,0.0
thompson,46,4,0.28448230713576167,0.0
thompson,46,5,2.500568195787884,200.0
thompson,46,6,0.029728187859172382,0.0
thompson,46,7,0.02389340097527669,0.0
thompson,46,8,0.10836107237431104,0.0
thompson,46,9,0.20427793831283314,40.0
thompson,46,10,0.48449102000647903,0.0
thompson,46,11,0.42628355249176947,0.0
uniform,46,0,0.06042739994805319,20.0
uniform,46,1,0.295381894181529,20.0
uniform,46,2,0.16755726046617686,20.0
uniform,46,3,0.49143719058888363,20.0
uniform,46,4,0.28448230713576167,20.0
uniform,46,5,2.500568195787884,20.0
uniform,46,6,0.029728187859172382,20.0
uniform,46,7,0.02389340097527669,20.0
uniform,46,8,0.10836107237431104,20.0
uniform,46,9,0.20427793831283314,20.0
uniform,46,10,0.48449102000647903,20.0
uniform,46,11,0.42628355249176947,20.0
random,46,0,0.06042739994805319,3.5
random,46,1,0.295381894181529,2.5
random,46,2,0.16755726046617686,20.0
random,46,3,0.49143719058888363,26.0
random,46,4,0.28448230713576167,20.0
random,46,5,2.500568195787884,25.0
random,46,6,0.029728187859172382,21.0
random,46,7,0.02389340097527669,1.0
random,46,8,0.10836107237431104,63.5
random,46,9,0.20427793831283314,10.0
random,46,10,0.48449102000647903,5.0
random,46,11,0.42628355249176947,42.5
eig@gamma-poisson,46,0,0.06042739994805319,0.0
eig@gamma-poisson,46,1,0.295381894181529,28.0
eig@gamma-poisson,46,2,0.16755726046617686,26.0
eig@gamma-poisson,46,3,0.49143719058888363,23.0
eig@gamma-poisson,46,4,0.28448230713576167,28.0
eig@gamma-poisson,46,5,2.500568195787884,28.0
eig@gamma-poisson,46,6,0.029728187859172382,0.0
eig@gamma-poisson,46,7,0.02389340097527669,22.0
eig@gamma-poisson,46,8,0.10836107237431104,11.0
eig@gamma-poisson,46,9,0.20427793831283314,27.0
eig@gamma-poisson,46,10,0.48449102000647903,24.0
eig@gamma-poisson,46,11,0.42628355249176947,23.0
maxent@gamma-poisson,46,0,0.06042739994805319,0.0
maxent@gamma-poisson,46,1,0.295381894181529,0.0
maxent@gamma-poisson,46,2,0.16755726046617686,0.0
maxent@gamma-poisson,46,3,0.49143719058888363,0.0
maxent@gamma-poisson,46,4,0.28448230713576167,0.0
maxent@gamma-poisson,46,5,2.500568195787884,240.0
maxent@gamma-poisson,46,6,0.029728187859172382,0.0
maxent@gamma-poisson,46,7,0.02389340097527669,0.0
maxent@gamma-poisson,46,8,0.10836107237431104,0.0
maxent@gamma-poisson,46,9,0.20427793831283314,0.0
maxent@gamma-poisson,46,10,0.48449102000647903,0.0
maxent@gamma-poisson,46,11,0.42628355249176947,0.0
d-optimality@gamma-poisson,46,0,0.06042739994805319,1.0
d-optimality@gamma-poisson,46,1,0.295381894181529,27.0
d-optimality@gamma-poisson,46,2,0.16755726046617686,26.0
d-optimality@gamma-poisson,46,3,0.49143719058888363,23.0
d-optimality@gamma-poisson,46,4,0.28448230713576167,28.0
d-optimality@gamma-poisson,46,5,2.500568195787884,27.0
d-optimality@gamma-poisson,46,6,0.029728187859172382,0.0
d-optimality@gamma-poisson,46,7,0.02389340097527669,25.0
d-optimality@gamma-poisson,46,8,0.10836107237431104,11.0
d-optimality@gamma-poisson,46,9,0.20427793831283314,26.0
d-optimality@gamma-poisson,46,10,0.48449102000647903,24.0
d-optimality@gamma-poisson,46,11,0.42628355249176947,22.0
neyman@gamma-poisson,46,0,0.06042739994805319,11.0
neyman@gamma-poisson,46,1,0.295381894181529,14.0
neyman@gamma-poisson,46,2,0.16755726046617686,8.0
neyman@gamma-poisson,46,3,0.49143719058888363,29.0
neyman@gamma-poisson,46,4,0.28448230713576167,19.0
neyman@gamma-poisson,46,5,2.500568195787884,57.0
neyman@gamma-poisson,46,6,0.029728187859172382,7.0
neyman@gamma-poisson,46,7,0.02389340097527669,14.0
neyman@gamma-poisson,46,8,0.10836107237431104,12.0
neyman@gamma-poisson,46,9,0.20427793831283314,23.0
neyman@gamma-poisson,46,10,0.48449102000647903,22.0
neyman@gamma-poisson,46,11,0.42628355249176947,24.0
predictive-variance@gamma-poisson,46,0,0.06042739994805319,0.0
predictive-variance@gamma-poisson,46,1,0.295381894181529,40.0
predictive-variance@gamma-poisson,46,2,0.16755726046617686,0.0
predictive-variance@gamma-poisson,46,3,0.49143719058888363,0.0
predictive-variance@gamma-poisson,46,4,0.28448230713576167,40.0
predictive-variance@gamma-poisson,46,5,2.500568195787884,80.0
predictive-variance@gamma-poisson,46,6,0.029728187859172382,0.0
predictive-variance@gamma-poisson,46,7,0.02389340097527669,0.0
predictive-variance@gamma-poisson,46,8,0.10836107237431104,0.0
predictive-variance@gamma-poisson,46,9,0.20427793831283314,40.0
predictive-variance@gamma-poisson,46,10,0.48449102000647903,40.0
predictive-variance@gamma-poisson,46,11,0.42628355249176947,0.0
epistemic@gamma-poisson,46,0,0.06042739994805319,0.0
epistemic@gamma-poisson,46,1,0.295381894181529,40.0
epistemic@gamma-poisson,46,2,0.16755726046617686,40.0
epistemic@gamma-poisson,46,3,0.49143719058888363,0.0
epistemic@gamma-poisson,46,4,0.28448230713576167,40.0
epistemic@gamma-poisson,46,5,2.500568195787884,40.0
epistemic@gamma-poisson,46,6,0.029728187859172382,0.0
epistemic@gamma-poisson,46,7,0.02389340097527669,0.0
epistemic@gamma-poisson,46,8,0.10836107237431104,0.0
epistemic@gamma-poisson,46,9,0.20427793831283314,40.0
epistemic@gamma-poisson,46,10,0.48449102000647903,40.0
epistemic@gamma-poisson,46,11,0.42628355249176947,0.0
thompson@gamma-poisson,46,0,0.06042739994805319,0.0
thompson@gamma-poisson,46,1,0.295381894181529,0.0
thompson@gamma-poisson,46,2,0.16755726046617686,0.0
thompson@gamma-poisson,46,3,0.49143719058888363,0.0
thompson@gamma-poisson,46,4,0.28448230713576167,40.0
thompson@gamma-poisson,46,5,2.500568195787884,200.0
thompson@gamma-poisson,46,6,0.029728187859172382,0.0
thompson@gamma-poisson,46,7,0.02389340097527669,0.0
thompson@gamma-poisson,46,8,0.10836107237431104,0.0
thompson@gamma-poisson,46,9,0.20427793831283314,0.0
thompson@gamma-poisson,46,10,0.48449102000647903,0.0
thompson@gamma-poisson,46,11,0.42628355249176947,0.0
epig@gamma-poisson,46,0,0.06042739994805319,0.0
epig@gamma-poisson,46,1,0.295381894181529,26.0
epig@gamma-poisson,46,2,0.16755726046617686,24.0
epig@gamma-poisson,46,3,0.49143719058888363,26.0
epig@gamma-poisson,46,4,0.28448230713576167,27.0
epig@gamma-poisson,46,5,2.500568195787884,30.0
epig@gamma-poisson,46,6,0.029728187859172382,0.0
epig@gamma-poisson,46,7,0.02389340097527669,25.0
epig@gamma-poisson,46,8,0.10836107237431104,9.0
epig@gamma-poisson,46,9,0.20427793831283314,29.0
epig@gamma-poisson,46,10,0.48449102000647903,22.0
epig@gamma-poisson,46,11,0.42628355249176947,22.0
eig@lognormal-poisson,46,0,0.06042739994805319,0.0
eig@lognormal-poisson,46,1,0.295381894181529,28.0
eig@lognormal-poisson,46,2,0.16755726046617686,24.0
eig@lognormal-poisson,46,3,0.49143719058888363,29.0
eig@lognormal-poisson,46,4,0.28448230713576167,28.0
eig@lognormal-poisson,46,5,2.500568195787884,31.0
eig@lognormal-poisson,46,6,0.029728187859172382,0.0
eig@lognormal-poisson,46,7,0.02389340097527669,17.0
eig@lognormal-poisson,46,8,0.10836107237431104,5.0
eig@lognormal-poisson,46,9,0.20427793831283314,25.0
eig@lognormal-poisson,46,10,0.48449102000647903,26.0
eig@lognormal-poisson,46,11,0.42628355249176947,27.0
maxent@lognormal-poisson,46,0,0.06042739994805319,0.0
maxent@lognormal-poisson,46,1,0.295381894181529,0.0
maxent@lognormal-poisson,46,2,0.16755726046617686,0.0
maxent@lognormal-poisson,46,3,0.49143719058888363,0.0
maxent@lognormal-poisson,46,4,0.28448230713576167,1.0
maxent@lognormal-poisson,46,5,2.500568195787884,239.0
maxent@lognormal-poisson,46,6,0.029728187859172382,0.0
maxent@lognormal-poisson,46,7,0.02389340097527669,0.0
maxent@lognormal-poisson,46,8,0.10836107237431104,0.0
maxent@lognormal-poisson,46,9,0.20427793831283314,0.0
maxent@lognormal-poisson,46,10,0.48449102000647903,0.0
maxent@lognormal-poisson,46,11,0.42628355249176947,0.0
d-optimality@lognormal-poisson,46,0,0.06042739994805319,2.0
d-optimality@lognormal-poisson,46,1,0.295381894181529,27.0
d-optimality@lognormal-poisson,46,2,0.16755726046617686,25.0
d-optimality@lognormal-poisson,46,3,0.49143719058888363,28.0
d-optimality@lognormal-poisson,46,4,0.28448230713576167,27.0
d-optimality@lognormal-poisson,46,5,2.500568195787884,30.0
d-optimality@lognormal-poisson,46,6,0.029728187859172382,0.0
d-optimality@lognormal-poisson,46,7,0.02389340097527669,19.0
d-optimality@lognormal-poisson,46,8,0.10836107237431104,7.0
d-optimality@lognormal-poisson,46,9,0.20427793831283314,24.0
d-optimality@lognormal-poisson,46,10,0.48449102000647903,25.0
d-optimality@lognormal-poisson,46,11,0.42628355249176947,26.0
neyman@lognormal-poisson,46,0,0.06042739994805319,11.0
neyman@lognormal-poisson,46,1,0.295381894181529,14.0
neyman@lognormal-poisson,46,2,0.16755726046617686,10.0
neyman@lognormal-poisson,46,3,0.49143719058888363,29.0
neyman@lognormal-poisson,46,4,0.28448230713576167,20.0
neyman@lognormal-poisson,46,5,2.500568195787884,56.0
neyman@lognormal-poisson,46,6,0.029728187859172382,8.0
neyman@lognormal-poisson,46,7,0.02389340097527669,13.0
neyman@lognormal-poisson,46,8,0.10836107237431104,11.0
neyman@lognormal-poisson,46,9,0.20427793831283314,23.0
neyman@lognormal-poisson,46,10,0.48449102000647903,22.0
neyman@lognormal-poisson,46,11,0.42628355249176947,23.0
predictive-variance@lognormal-poisson,46,0,0.06042739994805319,0.0
predictive-variance@lognormal-poisson,46,1,0.295381894181529,40.0
predictive-variance@lognormal-poisson,46,2,0.16755726046617686,0.0
predictive-variance@lognormal-poisson,46,3,0.49143719058888363,0.0
predictive-variance@lognormal-poisson,46,4,0.28448230713576167,40.0
predictive-variance@lognormal-poisson,46,5,2.500568195787884,80.0
predictive-variance@lognormal-poisson,46,6,0.029728187859172382,0.0
predictive-variance@lognormal-poisson,46,7,0.02389340097527669,0.0
predictive-variance@lognormal-poisson,46,8,0.10836107237431104,0.0
predictive-variance@lognormal-poisson,46,9,0.20427793831283314,40.0
predictive-variance@lognormal-poisson,46,10,0.48449102000647903,40.0
predictive-variance@lognormal-poisson,46,11,0.42628355249176947,0.0
epistemic@lognormal-poisson,46,0,0.06042739994805319,0.0
epistemic@lognormal-poisson,46,1,0.295381894181529,40.0
epistemic@lognormal-poisson,46,2,0.16755726046617686,40.0
epistemic@lognormal-poisson,46,3,0.49143719058888363,0.0
epistemic@lognormal-poisson,46,4,0.28448230713576167,40.0
epistemic@lognormal-poisson,46,5,2.500568195787884,40.0
epistemic@lognormal-poisson,46,6,0.029728187859172382,0.0
epistemic@lognormal-poisson,46,7,0.02389340097527669,0.0
epistemic@lognormal-poisson,46,8,0.10836107237431104,0.0
epistemic@lognormal-poisson,46,9,0.20427793831283314,40.0
epistemic@lognormal-poisson,46,10,0.48449102000647903,40.0
epistemic@lognormal-poisson,46,11,0.42628355249176947,0.0
thompson@lognormal-poisson,46,0,0.06042739994805319,0.0
thompson@lognormal-poisson,46,1,0.295381894181529,40.0
thompson@lognormal-poisson,46,2,0.16755726046617686,0.0
thompson@lognormal-poisson,46,3,0.49143719058888363,0.0
thompson@lognormal-poisson,46,4,0.28448230713576167,40.0
thompson@lognormal-poisson,46,5,2.500568195787884,160.0
thompson@lognormal-poisson,46,6,0.029728187859172382,0.0
thompson@lognormal-poisson,46,7,0.02389340097527669,0.0
thompson@lognormal-poisson,46,8,0.10836107237431104,0.0
thompson@lognormal-poisson,46,9,0.20427793831283314,0.0
thompson@lognormal-poisson,46,10,0.48449102000647903,0.0
thompson@lognormal-poisson,46,11,0.42628355249176947,0.0
eig,47,0,0.1819167714007436,13.0
eig,47,1,0.01576227794670547,10.0
eig,47,2,2.8404629025258505,29.0
eig,47,3,1.2312410193825976,28.0
eig,47,4,0.020757846698718618,7.0
eig,47,5,0.08997013172102439,9.0
eig,47,6,2.8211703997642172,29.0
eig,47,7,0.3319112921763779,27.0
eig,47,8,0.5334832377019894,26.0
eig,47,9,4.447544458263272,30.0
eig,47,10,0.6329402922664659,29.0
eig,47,11,0.05883091913051245,3.0
epig,47,0,0.1819167714007436,12.0
epig,47,1,0.01576227794670547,11.0
epig,47,2,2.8404629025258505,31.0
epig,47,3,1.2312410193825976,27.0
epig,47,4,0.020757846698718618,9.0
epig,47,5,0.08997013172102439,10.0
epig,47,6,2.8211703997642172,28.0
epig,47,7,0.3319112921763779,26.0
epig,47,8,0.5334832377019894,25.0
epig,47,9,4.447544458263272,31.5
epig,47,10,0.6329402922664659,26.0
epig,47,11,0.05883091913051245,3.0
maxent,47,0,0.1819167714007436,0.0
maxent,47,1,0.01576227794670547,0.0
maxent,47,2,2.8404629025258505,1.0
maxent,47,3,1.2312410193825976,4.0
maxent,47,4,0.020757846698718618,0.0
maxent,47,5,0.08997013172102439,0.0
maxent,47,6,2.8211703997642172,0.0
maxent,47,7,0.3319112921763779,0.0
maxent,47,8,0.5334832377019894,0.0
maxent,47,9,4.447544458263272,234.0
maxent,47,10,0.6329402922664659,1.0
maxent,47,11,0.05883091913051245,0.0
d-optimality,47,0,0.1819167714007436,14.0
d-optimality,47,1,0.01576227794670547,13.0
d-optimality,47,2,2.8404629025258505,27.0
d-optimality,47,3,1.2312410193825976,26.0
d-optimality,47,4,0.020757846698718618,11.0
d-optimality,47,5,0.08997013172102439,11.0
d-optimality,47,6,2.8211703997642172,27.0
d-optimality,47,7,0.3319112921763779,26.0
d-optimality,47,8,0.5334832377019894,24.0
d-optimality,47,9,4.447544458263272,28.0
d-optimality,47,10,0.6329402922664659,27.0
d-optimality,47,11,0.05883091913051245,6.0
neyman,47,0,0.1819167714007436,9.0
neyman,47,1,0.01576227794670547,6.0
neyman,47,2,2.8404629025258505,43.0
neyman,47,3,1.2312410193825976,26.0
neyman,47,4,0.020757846698718618,6.0
neyman,47,5,0.08997013172102439,7.0
neyman,47,6,2.8211703997642172,40.0
neyman,47,7,0.3319112921763779,14.0
neyman,47,8,0.5334832377019894,13.0
neyman,47,9,4.447544458263272,52.0
neyman,47,10,0.6329402922664659,19.0
neyman,47,11,0.05883091913051245,5.0
predictive-variance,47,0,0.1819167714007436,40.0
predictive-variance,47,1,0.01576227794670547,0.0
predictive-variance,47,2,2.8404629025258505,40.0
predictive-variance,47,3,1.2312410193825976,40.0
predictive-variance,47,4,0.020757846698718618,0.0
predictive-variance,47,5,0.08997013172102439,0.0
predictive-variance,47,6,2.8211703997642172,0.0
predictive-variance,47,7,0.3319112921763779,40.0
predictive-variance,47,8,0.5334832377019894,0.0
predictive-variance,47,9,4.447544458263272,40.0
predictive-variance,47,10,0.6329402922664659,40.0
predictive-variance,47,11,0.05883091913051245,0.0
epistemic,47,0,0.1819167714007436,40.0
epistemic,47,1,0.01576227794670547,0.0
epistemic,47,2,2.8404629025258505,40.0
epistemic,47,3,1.2312410193825976,40.0
epistemic,47,4,0.020757846698718618,0.0
epistemic,47,5,0.08997013172102439,0.0
epistemic,47,6,2.8211703997642172,0.0
epistemic,47,7,0.3319112921763779,40.0
epistemic,47,8,0.5334832377019894,0.0
epistemic,47,9,4.447544458263272,40.0
epistemic,47,10,0.6329402922664659,40.0
epistemic,47,11,0.05883091913051245,0.0
thompson,47,0,0.1819167714007436,0.0
thompson,47,1,0.01576227794670547,0.0
thompson,47,2,2.8404629025258505,0.0
thompson,47,3,1.2312410193825976,40.0
thompson,47,4,0.020757846698718618,0.0
thompson,47,5,0.08997013172102439,0.0
thompson,47,6,2.8211703997642172,0.0
thompson,47,7,0.3319112921763779,0.0
thompson,47,8,0.5334832377019894,0.0
thompson,47,9,4.447544458263272,200.0
thompson,47,10,0.6329402922664659,0.0
thompson,47,11,0.05883091913051245,0.0
uniform,47,0,0.1819167714007436,20.0
uniform,47,1,0.01576227794670547,20.0
uniform,47,2,2.8404629025258505,20.0
uniform,47,3,1.2312410193825976,20.0
uniform,47,4,0.020757846698718618,20.0
uniform,47,5,0.08997013172102439,20.0
uniform,47,6,2.8211703997642172,20.0
uniform,47,7,0.3319112921763779,20.0
uniform,47,8,0.5334832377019894,20.0
uniform,47,9,4.447544458263272,20.0
uniform,47,10,0.6329402922664659,20.0
uniform,47,11,0.05883091913051245,20.0
random,47,0,0.1819167714007436,20.0
random,47,1,0.01576227794670547,2.5
random,47,2,2.8404629025258505,44.5
random,47,3,1.2312410193825976,10.0
random,47,4,0.020757846698718618,2.0
random,47,5,0.08997013172102439,0.0
random,47,6,2.8211703997642172,7.5
random,47,7,0.3319112921763779,30.0
random,47,8,0.5334832377019894,40.0
random,47,9,4.447544458263272,2.0
random,47,10,0.6329402922664659,10.0
random,47,11,0.05883091913051245,71.0
eig@gamma-poisson,47,0,0.1819167714007436,23.0
eig@gamma-poisson,47,1,0.01576227794670547,14.0
eig@gamma-poisson,47,2,2.8404629025258505,25.0
eig@gamma-poisson,47,3,1.2312410193825976,26.0
eig@gamma-poisson,47,4,0.020757846698718618,11.0
eig@gamma-poisson,47,5,0.08997013172102439,15.0
eig@gamma-poisson,47,6,2.8211703997642172,25.0
eig@gamma-poisson,47,7,0.3319112921763779,25.0
eig@gamma-poisson,47,8,0.5334832377019894,18.0
eig@gamma-poisson,47,9,4.447544458263272,26.0
eig@gamma-poisson,47,10,0.6329402922664659,26.0
eig@gamma-poisson,47,11,0.05883091913051245,6.0
maxent@gamma-poisson,47,0,0.1819167714007436,0.0
maxent@gamma-poisson,47,1,0.01576227794670547,0.0
maxent@gamma-poisson,47,2,2.8404629025258505,0.0
maxent@gamma-poisson,47,3,1.2312410193825976,3.0
maxent@gamma-poisson,47,4,0.020757846698718618,0.0
maxent@gamma-poisson,47,5,0.08997013172102439,0.0
maxent@gamma-poisson,47,6,2.8211703997642172,0.0
maxent@gamma-poisson,47,7,0.3319112921763779,0.0
maxent@gamma-poisson,47,8,0.5334832377019894,0.0
maxent@gamma-poisson,47,9,4.447544458263272,237.0
maxent@gamma-poisson,47,10,0.6329402922664659,0.0
maxent@gamma-poisson,47,11,0.05883091913051245,0.0
d-optimality@gamma-poisson,47,0,0.1819167714007436,22.0
d-optimality@gamma-poisson,47,1,0.01576227794670547,21.0
d-optimality@gamma-poisson,47,2,2.8404629025258505,22.0
d-optimality@gamma-poisson,47,3,1.2312410193825976,23.0
d-optimality@gamma-poisson,47,4,0.020757846698718618,18.0
d-optimality@gamma-poisson,47,5,0.08997013172102439,18.0
d-optimality@gamma-poisson,47,6,2.8211703997642172,22.0
d-optimality@gamma-poisson,47,7,0.3319112921763779,23.0
d-optimality@gamma-poisson,47,8,0.5334832377019894,17.0
d-optimality@gamma-poisson,47,9,4.447544458263272,23.0
d-optimality@gamma-poisson,47,10,0.6329402922664659,23.0
d-optimality@gamma-poisson,47,11,0.05883091913051245,8.0
neyman@gamma-poisson,47,0,0.1819167714007436,7.0
neyman@gamma-poisson,47,1,0.01576227794670547,6.0
neyman@gamma-poisson,47,2,2.8404629025258505,43.0
neyman@gamma-poisson,47,3,1.2312410193825976,26.0
neyman@gamma-poisson,47,4,0.020757846698718618,6.0
neyman@gamma-poisson,47,5,0.08997013172102439,7.0
neyman@gamma-poisson,47,6,2.8211703997642172,41.0
neyman@gamma-poisson,47,7,0.3319112921763779,14.0
neyman@gamma-poisson,47,8,0.5334832377019894,13.0
neyman@gamma-poisson,47,9,4.447544458263272,53.0
neyman@gamma-poisson,47,10,0.6329402922664659,19.0
neyman@gamma-poisson,47,11,0.05883091913051245,5.0
predictive-variance@gamma-poisson,47,0,0.1819167714007436,40.0
predictive-variance@gamma-poisson,47,1,0.01576227794670547,0.0
predictive-variance@gamma-poisson,47,2,2.8404629025258505,40.0
predictive-variance@gamma-poisson,47,3,1.2312410193825976,40.0
predictive-variance@gamma-poisson,47,4,0.020757846698718618,0.0
predictive-variance@gamma-poisson,47,5,0.08997013172102439,0.0
predictive-variance@gamma-poisson,47,6,2.8211703997642172,0.0
predictive-variance@gamma-poisson,47,7,0.3319112921763779,40.0
predictive-variance@gamma-poisson,47,8,0.5334832377019894,0.0
predictive-variance@gamma-poisson,47,9,4.447544458263272,40.0
predictive-variance@gamma-poisson,47,10,0.6329402922664659,40.0
predictive-variance@gamma-poisson,47,11,0.05883091913051245,0.0
epistemic@gamma-poisson,47,0,0.1819167714007436,40.0
epistemic@gamma-poisson,47,1,0.01576227794670547,0.0
epistemic@gamma-poisson,47,2,2.8404629025258505,40.0
epistemic@gamma-poisson,47,3,1.2312410193825976,40.0
epistemic@gamma-poisson,47,4,0.020757846698718618,0.0
epistemic@gamma-poisson,47,5,0.08997013172102439,0.0
epistemic@gamma-poisson,47,6,2.8211703997642172,0.0
epistemic@gamma-poisson,47,7,0.3319112921763779,40.0
epistemic@gamma-poisson,47,8,0.5334832377019894,0.0
epistemic@gamma-poisson,47,9,4.447544458263272,40.0
epistemic@gamma-poisson,47,10,0.6329402922664659,40.0
epistemic@gamma-poisson,47,11,0.05883091913051245,0.0
thompson@gamma-poisson,47,0,0.1819167714007436,0.0
thompson@gamma-poisson,47,1,0.01576227794670547,0.0
thompson@gamma-poisson,47,2,2.8404629025258505,120.0
thompson@gamma-poisson,47,3,1.2312410193825976,40.0
thompson@gamma-poisson,47,4,0.020757846698718618,0.0
thompson@gamma-poisson,47,5,0.08997013172102439,0.0
thompson@gamma-poisson,47,6,2.8211703997642172,0.0
thompson@gamma-poisson,47,7,0.3319112921763779,40.0
thompson@gamma-poisson,47,8,0.5334832377019894,0.0
thompson@gamma-poisson,47,9,4.447544458263272,0.0
thompson@gamma-poisson,47,10,0.6329402922664659,40.0
thompson@gamma-poisson,47,11,0.05883091913051245,0.0
epig@gamma-poisson,47,0,0.1819167714007436,20.0
epig@gamma-poisson,47,1,0.01576227794670547,16.0
epig@gamma-poisson,47,2,2.8404629025258505,24.0
epig@gamma-poisson,47,3,1.2312410193825976,26.0
epig@gamma-poisson,47,4,0.020757846698718618,13.0
epig@gamma-poisson,47,5,0.08997013172102439,16.0
epig@gamma-poisson,47,6,2.8211703997642172,25.0
epig@gamma-poisson,47,7,0.3319112921763779,24.0
epig@gamma-poisson,47,8,0.5334832377019894,19.0
epig@gamma-poisson,47,9,4.447544458263272,29.0
epig@gamma-poisson,47,10,0.6329402922664659,24.0
epig@gamma-poisson,47,11,0.05883091913051245,4.0
eig@lognormal-poisson,47,0,0.1819167714007436,19.0
eig@lognormal-poisson,47,1,0.01576227794670547,10.0
eig@lognormal-poisson,47,2,2.8404629025258505,29.0
eig@lognormal-poisson,47,3,1.2312410193825976,28.0
eig@lognormal-poisson,47,4,0.020757846698718618,6.0
eig@lognormal-poisson,47,5,0.08997013172102439,9.0
eig@lognormal-poisson,47,6,2.8211703997642172,29.0
eig@lognormal-poisson,47,7,0.3319112921763779,26.0
eig@lognormal-poisson,47,8,0.5334832377019894,25.0
eig@lognormal-poisson,47,9,4.447544458263272,29.0
eig@lognormal-poisson,47,10,0.6329402922664659,28.0
eig@lognormal-poisson,47,11,0.05883091913051245,2.0
maxent@lognormal-poisson,47,0,0.1819167714007436,0.0
maxent@lognormal-poisson,47,1,0.01576227794670547,0.0
maxent@lognormal-poisson,47,2,2.8404629025258505,0.0
maxent@lognormal-poisson,47,3,1.2312410193825976,4.0
maxent@lognormal-poisson,47,4,0.020757846698718618,0.0
maxent@lognormal-poisson,47,5,0.08997013172102439,0.0
maxent@lognormal-poisson,47,6,2.8211703997642172,0.0
maxent@lognormal-poisson,47,7,0.3319112921763779,0.0
maxent@lognormal-poisson,47,8,0.5334832377019894,0.0
maxent@lognormal-poisson,47,9,4.447544458263272,236.0
maxent@lognormal-poisson,47,10,0.6329402922664659,0.0
maxent@lognormal-poisson,47,11,0.05883091913051245,0.0
d-optimality@lognormal-poisson,47,0,0.1819167714007436,19.0
d-optimality@lognormal-poisson,47,1,0.01576227794670547,13.0
d-optimality@lognormal-poisson,47,2,2.8404629025258505,27.0
d-optimality@lognormal-poisson,47,3,1.2312410193825976,26.0
d-optimality@lognormal-poisson,47,4,0.020757846698718618,10.0
d-optimality@lognormal-poisson,47,5,0.08997013172102439,12.0
d-optimality@lognormal-poisson,47,6,2.8211703997642172,27.0
d-optimality@lognormal-poisson,47,7,0.3319112921763779,24.0
d-optimality@lognormal-poisson,47,8,0.5334832377019894,24.0
d-optimality@lognormal-poisson,47,9,4.447544458263272,27.0
d-optimality@lognormal-poisson,47,10,0.6329402922664659,26.0
d-optimality@lognormal-poisson,47,11,0.05883091913051245,5.0
neyman@lognormal-poisson,47,0,0.1819167714007436,9.0
neyman@lognormal-poisson,47,1,0.01576227794670547,7.0
neyman@lognormal-poisson,47,2,2.8404629025258505,43.0
neyman@lognormal-poisson,47,3,1.2312410193825976,26.0
neyman@lognormal-poisson,47,4,0.020757846698718618,6.0
neyman@lognormal-poisson,47,5,0.08997013172102439,7.0
neyman@lognormal-poisson,47,6,2.8211703997642172,40.0
neyman@lognormal-poisson,47,7,0.3319112921763779,14.0
neyman@lognormal-poisson,47,8,0.5334832377019894,12.0
neyman@lognormal-poisson,47,9,4.447544458263272,52.0
neyman@lognormal-poisson,47,10,0.6329402922664659,19.0
neyman@lognormal-poisson,47,11,0.05883091913051245,5.0
predictive-variance@lognormal-poisson,47,0,0.1819167714007436,40.0
predictive-variance@lognormal-poisson,47,1,0.01576227794670547,0.0
predictive-variance@lognormal-poisson,47,2,2.8404629025258505,40.0
predictive-variance@lognormal-poisson,47,3,1.2312410193825976,40.0
predictive-variance@lognormal-poisson,47,4,0.020757846698718618,0.0
predictive-variance@lognormal-poisson,47,5,0.08997013172102439,0.0
predictive-variance@lognormal-poisson,47,6,2.8211703997642172,0.0
predictive-variance@lognormal-poisson,47,7,0.3319112921763779,40.0
predictive-variance@lognormal-poisson,47,8,0.5334832377019894,0.0
predictive-variance@lognormal-poisson,47,9,4.447544458263272,40.0
predictive-variance@lognormal-poisson,47,10,0.6329402922664659,40.0
predictive-variance@lognormal-poisson,47,11,0.05883091913051245,0.0
epistemic@lognormal-poisson,47,0,0.1819167714007436,40.0
epistemic@lognormal-poisson,47,1,0.01576227794670547,0.0
epistemic@lognormal-poisson,47,2,2.8404629025258505,40.0
epistemic@lognormal-poisson,47,3,1.2312410193825976,40.0
epistemic@lognormal-poisson,47,4,0.020757846698718618,0.0
epistemic@lognormal-poisson,47,5,0.08997013172102439,0.0
epistemic@lognormal-poisson,47,6,2.8211703997642172,0.0
epistemic@lognormal-poisson,47,7,0.3319112921763779,40.0
epistemic@lognormal-poisson,47,8,0.5334832377019894,0.0
epistemic@lognormal-poisson,47,9,4.447544458263272,40.0
epistemic@lognormal-poisson,47,10,0.6329402922664659,40.0
epistemic@lognormal-poisson,47,11,0.05883091913051245,0.0
thompson@lognormal-poisson,47,0,0.1819167714007436,0.0
thompson@lognormal-poisson,47,1,0.01576227794670547,0.0
thompson@lognormal-poisson,47,2,2.8404629025258505,0.0
thompson@lognormal-poisson,47,3,1.2312410193825976,40.0
thompson@lognormal-poisson,47,4,0.020757846698718618,0.0
thompson@lognormal-poisson,47,5,0.08997013172102439,0.0
thompson@lognormal-poisson,47,6,2.8211703997642172,0.0
thompson@lognormal-poisson,47,7,0.3319112921763779,0.0
thompson@lognormal-poisson,47,8,0.5334832377019894,0.0
thompson@lognormal-poisson,47,9,4.447544458263272,200.0
thompson@lognormal-poisson,47,10,0.6329402922664659,0.0
thompson@lognormal-poisson,47,11,0.05883091913051245,0.0
