policy,env,spent,rounds,inference_seconds,nlpd,grade_rmse,regret
eig,0,30.0,30,0.16576845076633617,1.625753620786683,0.3096672469909612,3.6640153457922224
eig,0,60.0,60,0.2571379387518391,1.5882620012580804,0.2755499143817299,6.281169164215237
eig,0,120.0,120,0.4215825889259577,1.6506211735906573,0.31726803246598684,21.984092074753335
eig,0,180.0,180,0.5775323578855023,1.6271569866084288,0.27269870544476055,37.68701498529137
eig,0,240.0,240,0.7331610328401439,1.4507416043487436,0.17117051072164408,53.389937895829405
epig,0,30.0,30,1.1149228960857727,1.6396389194727348,0.35754720246459826,3.925730727634524
epig,0,60.0,60,1.8855999057996087,1.5908874357688314,0.25646136483177595,7.851461455269046
epig,0,120.0,120,3.386077015660703,1.6163699392987858,0.3043998882711588,23.554384365807138
epig,0,180.0,180,4.8355804942548275,1.5144871138827263,0.2400827072423802,39.25730727634517
epig,0,240.0,236,6.221902808407322,1.5011699599421309,0.19410836937801182,54.960230186883216
maxent,0,30.0,30,0.10199231101432815,1.7397534874696616,0.5319473780088253,0.0
maxent,0,60.0,60,0.19235750188818201,1.7386070869791395,0.5244862481262609,0.0
maxent,0,120.0,120,0.37238619913114235,1.739602771054295,0.5242831869128577,0.0
maxent,0,180.0,180,0.5528900148929097,1.7440722543055702,0.5256911737312288,0.0
maxent,0,240.0,240,0.7321257959702052,1.7404046222515124,0.5243342027803811,0.0
d-optimality,0,30.0,30,0.006947369081899524,1.6542110536928163,0.37340108347830264,2.0937230547384136
d-optimality,0,60.0,60,0.01152179716154933,1.6056178821842664,0.24779256071106498,3.925730727634524
d-optimality,0,120.0,120,0.020432078803423792,1.625349404246398,0.3090509940851637,18.320076728961126
d-optimality,0,180.0,180,0.02924704854376614,1.5262847381015128,0.24060841088586551,34.02299963949916
d-optimality,0,240.0,240,0.03815003437921405,1.452063262535969,0.1845050172569297,49.7259225500372
neyman,0,30.0,30,0.010691971983760595,1.6442848230480156,0.33730087635691286,0.5234307636846034
neyman,0,60.0,60,0.020491691771894693,1.6126813079279334,0.2833297826542041,7.851461455269046
neyman,0,120.0,120,0.03915935260010883,1.598919419410338,0.2840465336392182,23.554384365807138
neyman,0,180.0,180,0.05816051986766979,1.6262259511557542,0.27095518684820236,39.25730727634517
neyman,0,240.0,240,0.08044406521366909,1.517268216181108,0.21528823767936092,54.96023018688321
predictive-variance,0,30.0,1,0.0022945930249989033,1.7046767380198364,0.3887239575531676,0.0
predictive-variance,0,60.0,2,0.0026683430187404156,1.6403853582970853,0.3940989063024489,10.468615273692068
predictive-variance,0,120.0,3,0.003034978057257831,1.5821509337172792,0.29132291681432254,20.937230547384136
predictive-variance,0,180.0,5,0.0033166049979627132,1.4941038030895075,0.21356373597258999,41.87446109476827
predictive-variance,0,240.0,6,0.0034581090440042317,1.4948073732402036,0.21876819099333242,52.34307636846034
epistemic,0,30.0,1,0.0022826000349596143,1.7046767380198364,0.3887239575531676,0.0
epistemic,0,60.0,2,0.002655478019732982,1.6403853582970853,0.3940989063024489,10.468615273692068
epistemic,0,120.0,3,0.003020281030330807,1.5821509337172792,0.29132291681432254,20.937230547384136
epistemic,0,180.0,5,0.003303190052974969,1.4941038030895075,0.21356373597258999,41.87446109476827
epistemic,0,240.0,6,0.003445086011197418,1.4948073732402036,0.21876819099333242,52.34307636846034
thompson,0,30.0,1,0.0013592640170827508,1.7838491949598057,0.40013093662520166,60.55823373715129
thompson,0,60.0,2,0.002367960987612605,1.7053803081705325,0.39160741469451504,60.55823373715129
thompson,0,120.0,3,0.0033874280052259564,1.7047549621798848,0.3944040092952721,60.55823373715129
thompson,0,180.0,5,0.005347485013771802,1.6409254443525938,0.4006445092703144,81.49546428453543
thompson,0,240.0,6,0.006282763963099569,1.6345720562194492,0.39031384422409404,91.9640795582275
uniform,0,30.0,3,1.4716992154717445e-05,1.7789787937790889,0.41327154019285545,2.617153818423017
uniform,0,60.0,6,1.7823069356381893e-05,1.726529603942511,0.2767653506019424,10.468615273692068
uniform,0,120.0,12,2.251920523121953e-05,1.6487605103789444,0.26472758962844073,18.32007672896112
uniform,0,180.0,18,2.668896922841668e-05,1.5981719977904376,0.28332073550407894,28.788692002653185
uniform,0,240.0,24,3.085698699578643e-05,1.478113910007276,0.24018814128072002,44.4916149131913
random,0,30.0,4,3.559596370905638e-05,1.7600976620570057,0.4994181638135648,0.0
random,0,60.0,5,3.852095687761903e-05,1.7018632374771994,0.4230527109703127,0.0
random,0,120.0,9,4.791893297806382e-05,1.6314848385295535,0.2756679403757426,10.73033065553437
random,0,180.0,12,5.550385685637593e-05,1.5909425569658693,0.2805558019565468,13.347484473957387
random,0,240.0,16,6.612483412027359e-05,1.5712357352370054,0.266475232417035,21.198945929226436
eig@gamma-poisson,0,30.0,30,0.010084460023790598,1.596228733853084,0.3385530540728842,2.355438436580715
eig@gamma-poisson,0,60.0,60,0.016664222755935043,1.5577794213949927,0.245654986220046,7.851461455269046
eig@gamma-poisson,0,120.0,120,0.02940590336220339,1.5984291938096995,0.29158994895265516,20.67551516554183
eig@gamma-poisson,0,180.0,180,0.0420615435577929,1.582112636129307,0.2939743896453679,36.37843807607987
eig@gamma-poisson,0,240.0,240,0.054542313737329096,1.4439430462042797,0.19523736485269927,52.0813609866179
maxent@gamma-poisson,0,30.0,30,0.007761151762679219,1.6852598561687369,0.3924474543792523,0.0
maxent@gamma-poisson,0,60.0,60,0.01297431654529646,1.686068098358984,0.3884541848849083,0.0
maxent@gamma-poisson,0,120.0,120,0.023329568386543542,1.6874929142498607,0.38836348268091475,0.0
maxent@gamma-poisson,0,180.0,180,0.033700580650474876,1.6914555998834835,0.39030470942181633,0.0
maxent@gamma-poisson,0,240.0,240,0.044315568113233894,1.6877281650323182,0.3883931599649851,0.0
d-optimality@gamma-poisson,0,30.0,30,0.0002062819548882544,1.596283420887552,0.336919467948871,2.0937230547384136
d-optimality@gamma-poisson,0,60.0,60,0.00036439590621739626,1.5789406655132867,0.2543987216974929,7.328030691584443
d-optimality@gamma-poisson,0,120.0,120,0.0006745140999555588,1.5981999097200987,0.28674078494586347,19.62865363817263
d-optimality@gamma-poisson,0,180.0,180,0.0009850081405602396,1.5871082293285912,0.31034450512534606,35.331576548710665
d-optimality@gamma-poisson,0,240.0,240,0.0012938922736793756,1.4552806177770112,0.2145282680502479,51.0344994592487
neyman@gamma-poisson,0,30.0,30,0.0002057243837043643,1.6274965850981318,0.3261990967847591,2.700262362444075
neyman@gamma-poisson,0,60.0,60,0.00039731472497805953,1.5922389952498737,0.2623025812956682,10.028293054028524
neyman@gamma-poisson,0,120.0,120,0.0007753647514618933,1.5854805167830788,0.2826615715019705,25.731215964566598
neyman@gamma-poisson,0,180.0,180,0.0011523517314344645,1.6056407755474653,0.2736255461459247,41.43413887510464
neyman@gamma-poisson,0,240.0,240,0.0015280707739293575,1.5066109212399192,0.21143256470016386,57.13706178564267
predictive-variance@gamma-poisson,0,30.0,1,4.590599564835429e-05,1.6858844512141309,0.3885497403818069,0.0
predictive-variance@gamma-poisson,0,60.0,2,5.2908959332853556e-05,1.6079527505336666,0.3953261295815698,10.468615273692068
predictive-variance@gamma-poisson,0,120.0,3,5.930091720074415e-05,1.5666537147846407,0.2931198304413695,20.937230547384136
predictive-variance@gamma-poisson,0,180.0,5,7.094192551448941e-05,1.4874165418189584,0.2156711023679398,41.87446109476827
predictive-variance@gamma-poisson,0,240.0,6,7.657194510102272e-05,1.4859181954448648,0.21937755631746647,52.34307636846034
epistemic@gamma-poisson,0,30.0,1,3.598700277507305e-05,1.6858844512141309,0.3885497403818069,0.0
epistemic@gamma-poisson,0,60.0,2,4.220899427309632e-05,1.6079527505336666,0.3953261295815698,10.468615273692068
epistemic@gamma-poisson,0,120.0,3,4.804902710020542e-05,1.5666537147846407,0.2931198304413695,20.937230547384136
epistemic@gamma-poisson,0,180.0,5,5.942094139754772e-05,1.4874165418189584,0.2156711023679398,41.87446109476827
epistemic@gamma-poisson,0,240.0,6,6.457092240452766e-05,1.4859181954448648,0.21937755631746647,52.34307636846034
thompson@gamma-poisson,0,30.0,1,2.4164968635886908e-05,1.7226502907831758,0.3523134574746109,76.60464867668681
thompson@gamma-poisson,0,60.0,2,4.344095941632986e-05,1.7020858153811895,0.3441649368765814,124.87457977358636
thompson@gamma-poisson,0,120.0,3,5.410995800048113e-05,1.6607867796321634,0.21928517971649233,173.14451087048593
thompson@gamma-poisson,0,180.0,5,7.422699127346277e-05,1.5644959554648246,0.2081452343408465,173.14451087048593
thompson@gamma-poisson,0,240.0,6,8.378399070352316e-05,1.566956705535153,0.2026264305235312,173.14451087048593
epig@gamma-poisson,0,30.0,30,0.09958404395729303,1.5837689530250882,0.3080787898916732,2.878869200265318
epig@gamma-poisson,0,60.0,60,0.1713007131475024,1.5684244099440798,0.24922101972868468,10.46861527369207
epig@gamma-poisson,0,120.0,120,0.3132846464868635,1.6215812489568249,0.32109327980008145,23.81609974764944
epig@gamma-poisson,0,180.0,180,0.4546400233521126,1.5330985291488772,0.27522348132824404,39.519022658187474
epig@gamma-poisson,0,240.0,240,0.5954496059566736,1.4431971371746668,0.18721358877023817,55.22194556872551
eig@lognormal-poisson,0,30.0,30,0.870231362816412,1.6323233495503187,0.31211831517689315,3.402299963949921
eig@lognormal-poisson,0,60.0,60,0.971599078795407,1.598280427490538,0.2707346693701848,5.496023018688333
eig@lognormal-poisson,0,120.0,120,1.16770022676792,1.646303398579702,0.3227135823826068,21.198945929226433
eig@lognormal-poisson,0,180.0,180,1.353752053284552,1.6096358917151736,0.2711050020240149,36.90186883976447
eig@lognormal-poisson,0,240.0,240,1.5368657513172366,1.4463993987534742,0.16125803747009904,52.6047917503025
maxent@lognormal-poisson,0,30.0,30,0.7761242900160141,1.736495573222397,0.5206596310728242,0.0
maxent@lognormal-poisson,0,60.0,60,0.8259269059053622,1.7353488868133295,0.5130579255470181,0.0
maxent@lognormal-poisson,0,120.0,120,0.9285338906920515,1.73649937361842,0.5128434331095102,0.0
maxent@lognormal-poisson,0,180.0,180,1.033727551694028,1.739492771520271,0.513650499903389,0.0
maxent@lognormal-poisson,0,240.0,240,1.1388348388718441,1.737536425111059,0.5129478731431372,0.0
d-optimality@lognormal-poisson,0,30.0,30,0.002432200766634196,1.6586272296542754,0.37131260361481955,1.8320076728961119
d-optimality@lognormal-poisson,0,60.0,60,0.004522753646597266,1.6073088380607718,0.2480629931032103,3.402299963949921
d-optimality@lognormal-poisson,0,120.0,120,0.008645154943224043,1.6042644159898696,0.3013432838124631,17.534930583434225
d-optimality@lognormal-poisson,0,180.0,180,0.012797345872968435,1.6125117066183794,0.28076407159387284,33.23785349397226
d-optimality@lognormal-poisson,0,240.0,240,0.01693353638984263,1.4457407790727326,0.1805576295991895,48.940776404510295
neyman@lognormal-poisson,0,30.0,30,0.0021070049260742962,1.648307539903006,0.3357433749951793,0.5234307636846034
neyman@lognormal-poisson,0,60.0,60,0.004189507162664086,1.6177807590824251,0.2852080773489918,7.328030691584443
neyman@lognormal-poisson,0,120.0,120,0.008344708825461566,1.6095187073799995,0.2859209391568975,23.030953602122537
neyman@lognormal-poisson,0,180.0,180,0.01249924668809399,1.6216619117496431,0.2636671403353524,38.73387651266057
neyman@lognormal-poisson,0,240.0,240,0.01668798876926303,1.51361089952598,0.21226937924884667,54.43679942319861
predictive-variance@lognormal-poisson,0,30.0,1,0.000372566981241107,1.7037438137299485,0.3887406448495087,0.0
predictive-variance@lognormal-poisson,0,60.0,2,0.0004493900341913104,1.648171688843161,0.3937725442969105,10.468615273692068
predictive-variance@lognormal-poisson,0,120.0,3,0.0005247109802439809,1.5827865974016124,0.29087978558496774,20.937230547384136
predictive-variance@lognormal-poisson,0,180.0,5,0.0006710939924232662,1.492415042999961,0.21317369204423847,41.87446109476827
predictive-variance@lognormal-poisson,0,240.0,6,0.000746336008887738,1.4941573893821471,0.2182071091849957,52.34307636846034
epistemic@lognormal-poisson,0,30.0,1,0.0003605840029194951,1.7037438137299485,0.3887406448495087,0.0
epistemic@lognormal-poisson,0,60.0,2,0.00043568393448367715,1.648171688843161,0.3937725442969105,10.468615273692068
epistemic@lognormal-poisson,0,120.0,3,0.0005098129622638226,1.5827865974016124,0.29087978558496774,20.937230547384136
epistemic@lognormal-poisson,0,180.0,5,0.0006580809131264687,1.492415042999961,0.21317369204423847,41.87446109476827
epistemic@lognormal-poisson,0,240.0,6,0.0007333708344958723,1.4941573893821471,0.2182071091849957,52.34307636846034
thompson@lognormal-poisson,0,30.0,1,0.00020211900118738413,1.6989141675949373,0.3517992982115694,0.0
thompson@lognormal-poisson,0,60.0,2,0.0003525310312397778,1.6433420427081498,0.3573517509488421,10.468615273692068
thompson@lognormal-poisson,0,120.0,3,0.0004924421082250774,1.6438751539643166,0.35855911715446004,20.937230547384136
thompson@lognormal-poisson,0,180.0,5,0.0007664751028642058,1.6375598654438466,0.3471403834182441,41.87446109476827
thompson@lognormal-poisson,0,240.0,6,0.0009020591387525201,1.635629254922618,0.34426608695442235,52.34307636846034
eig,1,30.0,30,0.15005088492762297,1.2526283606751931,0.34819785364394745,9.78744596645148
eig,1,60.0,60,0.2418813340482302,1.2063842219637813,0.27214287110552404,17.060720611247746
eig,1,120.0,120,0.40186458150856197,1.120554389455927,0.18423327205559398,31.60726990084018
eig,1,180.0,180,0.5732028724160045,1.116821714993885,0.1758190850603964,46.153819190432614
eig,1,240.0,240,0.7201977815711871,1.0978142352885203,0.1272185489869136,60.70036848002505
epig,1,30.0,30,1.1024425957584754,1.2357972956875285,0.3304158419418511,10.625503073669883
epig,1,60.0,60,1.8442871848819777,1.192661536034411,0.26110906168942505,17.898777718466143
epig,1,120.0,120,3.301134822831955,1.129283553181099,0.18590121887380004,34.1214412224954
epig,1,180.0,180,4.654243283963297,1.1188312346479794,0.1822756276651386,48.66799051208783
epig,1,240.0,240,6.040940542065073,1.1030991258876734,0.14607381234308275,63.21453980168027
maxent,1,30.0,30,0.096065777936019,1.2893697255630552,0.35384859083601455,15.653845716980314
maxent,1,60.0,60,0.14898082782747224,1.2943708705684467,0.3555563508994363,31.307691433960642
maxent,1,120.0,120,0.2935902741737664,1.2893762206704527,0.3539034454322581,62.6153828679213
maxent,1,180.0,180,0.4561213424312882,1.2890167687934695,0.35386824641985976,93.92307430188195
maxent,1,240.0,240,0.6212342284270562,1.2890754237097724,0.35388330955878655,125.23076573584261
d-optimality,1,30.0,30,0.006704327184706926,1.2100116920619612,0.2772510035398536,10.904855442742685
d-optimality,1,60.0,60,0.011455937405116856,1.2049365352003043,0.27907400709317065,18.17813008753894
d-optimality,1,120.0,120,0.021838928398210555,1.1305451891379703,0.18543831229402483,32.72467937713137
d-optimality,1,180.0,180,0.03101667546434328,1.131204689868253,0.19450109610871352,47.27122866672381
d-optimality,1,240.0,240,0.04002984217368066,1.1089401134868588,0.14806158731043234,61.81777795631624
neyman,1,30.0,30,0.010951213305816054,1.26217896262538,0.3383678534954795,13.9777315025435
neyman,1,60.0,60,0.021214760025031865,1.203174486243112,0.28185679231253313,21.251006147339737
neyman,1,120.0,120,0.04134322132449597,1.1351850446739988,0.17141622759230082,36.35626017507778
neyman,1,180.0,180,0.06034324044594541,1.125550723226105,0.19049736016731092,50.90280946467021
neyman,1,240.0,240,0.07874613121384755,1.0838214871641918,0.10421169741471374,65.44935875426269
predictive-variance,1,30.0,1,0.0022792539675720036,1.2599948879178142,0.3063645160081801,9.697699526395027
predictive-variance,1,60.0,2,0.002422872930765152,1.2237864945656907,0.2323049690195866,19.395399052790054
predictive-variance,1,120.0,3,0.002564106893260032,1.1650975271692878,0.23757605974357282,29.09309857918508
predictive-variance,1,180.0,5,0.0028453919221647084,1.097979096422654,0.11839086118070358,48.488497631975136
predictive-variance,1,240.0,6,0.0029851138824597,1.0904123450632874,0.11837239958179799,58.18619715837016
epistemic,1,30.0,1,0.0022721909335814416,1.2599948879178142,0.3063645160081801,9.697699526395027
epistemic,1,60.0,2,0.0024153999402187765,1.2237864945656907,0.2323049690195866,19.395399052790054
epistemic,1,120.0,3,0.0025565149262547493,1.1650975271692878,0.23757605974357282,29.09309857918508
epistemic,1,180.0,5,0.0028367488994263113,1.097979096422654,0.11839086118070358,48.488497631975136
epistemic,1,240.0,6,0.0029774229042232037,1.0904123450632874,0.11837239958179799,58.18619715837016
thompson,1,30.0,1,0.0014163100277073681,1.2578315451328603,0.31295900050183034,0.0
thompson,1,60.0,2,0.002462768112309277,1.2519917439626909,0.30281952949490243,0.0
thompson,1,120.0,3,0.003450346121098846,1.1954661193512417,0.30015384996602407,0.0
thompson,1,180.0,5,0.005468162125907838,1.1443911577978418,0.23164406495819606,0.0
thompson,1,240.0,6,0.006435863091610372,1.1081827644457185,0.11732584878287301,0.0
uniform,1,30.0,3,9.66095831245184e-06,1.2871782703078047,0.24743991648203814,15.653845716980301
uniform,1,60.0,6,1.2875883840024471e-05,1.2722977818036254,0.1820797036822842,31.307691433960606
uniform,1,120.0,12,1.7053913325071335e-05,1.1851480927943845,0.2636725226910576,59.821859177193204
uniform,1,180.0,18,2.1073035895824432e-05,1.171785772241072,0.24501333079569723,74.36840846678572
uniform,1,240.0,24,2.509099431335926e-05,1.1372348953238534,0.18879048303744916,88.91495775637824
random,1,30.0,1,2.1671003196388483e-05,1.2578315451328603,0.31295900050183034,0.0
random,1,60.0,2,2.5067012757062912e-05,1.2617381822654483,0.31225581839044386,0.0
random,1,120.0,5,3.2109091989696026e-05,1.203645092296907,0.3116966349726624,9.697699526395027
random,1,180.0,9,4.1400082409381866e-05,1.1944139512856349,0.31087936236047137,23.274478863348065
random,1,240.0,29,8.224620250985026e-05,1.12467015581107,0.1510099678818802,33.57828461014275
eig@gamma-poisson,1,30.0,30,0.010072590142954141,1.247552554951173,0.3598154985050958,11.308595934199934
eig@gamma-poisson,1,60.0,60,0.016576847876422107,1.1724733444039712,0.26962152279077584,18.581870578996188
eig@gamma-poisson,1,120.0,120,0.029170375142712146,1.0952925324489002,0.15602886451446035,33.12841986858862
eig@gamma-poisson,1,180.0,180,0.04214977007359266,1.1267110136084566,0.1826876696029373,47.67496915818106
eig@gamma-poisson,1,240.0,240,0.054998590028844774,1.0947954483181777,0.14412534744051034,62.22151844777349
maxent@gamma-poisson,1,30.0,30,0.00782219902612269,1.3161293254548279,0.370462148636913,15.653845716980314
maxent@gamma-poisson,1,60.0,60,0.013032047951128334,1.345871128742879,0.40605861162954987,31.307691433960642
maxent@gamma-poisson,1,120.0,120,0.02340016036760062,1.3412061127659005,0.4046154411047506,62.6153828679213
maxent@gamma-poisson,1,180.0,180,0.033498572011012584,1.340647143432247,0.40453888697041507,93.92307430188195
maxent@gamma-poisson,1,240.0,240,0.0436890724231489,1.3406256314501845,0.40454361376779696,125.23076573584261
d-optimality@gamma-poisson,1,30.0,30,0.00020858983043581247,1.214532833809962,0.2916082427078441,11.867300672345534
d-optimality@gamma-poisson,1,60.0,60,0.00037423474714159966,1.176739178382271,0.2818604423598829,19.14057531714178
d-optimality@gamma-poisson,1,120.0,120,0.0006845191237516701,1.1022048824713784,0.17271679286410677,33.687124606734216
d-optimality@gamma-poisson,1,180.0,180,0.0009949990781024098,1.1377208109991748,0.1934967690838701,48.23367389632665
d-optimality@gamma-poisson,1,240.0,240,0.0013053088914602995,1.1124959704037882,0.1718131434282537,62.780223185919084
neyman@gamma-poisson,1,30.0,30,0.00020849995780736208,1.2698657945738603,0.3636940216949017,13.698379133470699
neyman@gamma-poisson,1,60.0,60,0.0004023139481432736,1.1858489836063002,0.26924148347293136,20.971653778266933
neyman@gamma-poisson,1,120.0,120,0.0007800488383509219,1.1412836298233398,0.1766729901593209,36.35626017507778
neyman@gamma-poisson,1,180.0,180,0.0011608587810769677,1.1114783911673873,0.1788026309251241,50.90280946467021
neyman@gamma-poisson,1,240.0,240,0.0015365449362434447,1.0839662062527244,0.10771332081297302,65.44935875426269
predictive-variance@gamma-poisson,1,30.0,1,4.6245986595749855e-05,1.2990803707663583,0.3068037396433648,9.697699526395027
predictive-variance@gamma-poisson,1,60.0,2,5.311891436576843e-05,1.2306946405851393,0.23291709979104078,19.395399052790054
predictive-variance@gamma-poisson,1,120.0,3,5.9400859754532576e-05,1.1546649054162839,0.23661137691202666,29.09309857918508
predictive-variance@gamma-poisson,1,180.0,5,7.193489000201225e-05,1.0978018814040365,0.11669604744453442,48.488497631975136
predictive-variance@gamma-poisson,1,240.0,6,7.836584700271487e-05,1.085958209500325,0.11652202958896783,58.18619715837016
epistemic@gamma-poisson,1,30.0,1,3.739894600585103e-05,1.2990803707663583,0.3068037396433648,9.697699526395027
epistemic@gamma-poisson,1,60.0,2,4.35409601777792e-05,1.2306946405851393,0.23291709979104078,19.395399052790054
epistemic@gamma-poisson,1,120.0,3,4.927197005599737e-05,1.1546649054162839,0.23661137691202666,29.09309857918508
epistemic@gamma-poisson,1,180.0,5,6.047094939276576e-05,1.0978018814040365,0.11669604744453442,48.488497631975136
epistemic@gamma-poisson,1,240.0,6,6.588100222870708e-05,1.085958209500325,0.11652202958896783,58.18619715837016
thompson@gamma-poisson,1,30.0,1,3.367202589288354e-05,1.3681339684656504,0.29799151752978575,48.19550871050908
thompson@gamma-poisson,1,60.0,2,4.509300924837589e-05,1.2806332543473946,0.2957379392567754,57.89320823690411
thompson@gamma-poisson,1,120.0,3,5.576398689299822e-05,1.2785161575571105,0.29414338462860334,67.59090776329913
thompson@gamma-poisson,1,180.0,5,7.716298568993807e-05,1.1717145197826075,0.10460784475825825,86.98630681608918
thompson@gamma-poisson,1,240.0,6,8.728099055588245e-05,1.0956847846137523,0.11259382529296778,96.68400634248421
epig@gamma-poisson,1,30.0,30,0.10180680797202513,1.2212900617305273,0.30604616581290633,11.308595934199934
epig@gamma-poisson,1,60.0,60,0.1769912009476684,1.1677742022725806,0.26014893809981327,18.581870578996188
epig@gamma-poisson,1,120.0,120,0.32699179265182465,1.1074614169148478,0.16429304335704964,33.12841986858862
epig@gamma-poisson,1,180.0,180,0.46708682406460866,1.1281032170989496,0.18883582623984888,49.909788110763486
epig@gamma-poisson,1,240.0,240,0.6085139932692982,1.1051537221942034,0.15343129947143697,64.45633740035593
eig@lognormal-poisson,1,30.0,30,0.967224950727541,1.2367038162408441,0.3068279728959301,9.78744596645148
eig@lognormal-poisson,1,60.0,60,1.0669667106121778,1.2044879869710308,0.26897065293340233,17.060720611247746
eig@lognormal-poisson,1,120.0,120,1.2574443739140406,1.1233467757733533,0.1914614578683646,31.60726990084018
eig@lognormal-poisson,1,180.0,180,1.4339109928696416,1.1149001139814245,0.1764495809251216,46.153819190432614
eig@lognormal-poisson,1,240.0,240,1.612095264310483,1.0937269340751425,0.12204560597279812,60.70036848002505
maxent@lognormal-poisson,1,30.0,30,0.8923637820407748,1.2763834765130728,0.33677758830003,15.653845716980314
maxent@lognormal-poisson,1,60.0,60,0.929365836083889,1.2814039201482914,0.3387332960840496,31.307691433960642
maxent@lognormal-poisson,1,120.0,120,1.00518849020591,1.2762478963356954,0.3368812901434139,62.6153828679213
maxent@lognormal-poisson,1,180.0,180,1.0833655493333936,1.2758482350468046,0.33683481276813815,93.92307430188195
maxent@lognormal-poisson,1,240.0,240,1.1637616164516658,1.275861734865806,0.3368449309991135,125.23076573584261
d-optimality@lognormal-poisson,1,30.0,30,0.002368399640545249,1.2340238089216342,0.3246450692446062,10.904855442742685
d-optimality@lognormal-poisson,1,60.0,60,0.004436581628397107,1.200991560028655,0.2747303721417002,18.17813008753894
d-optimality@lognormal-poisson,1,120.0,120,0.00853455759352073,1.1181388761047122,0.18160007134595396,32.72467937713137
d-optimality@lognormal-poisson,1,180.0,180,0.012708771217148751,1.1263101487310918,0.19198578855697765,47.27122866672381
d-optimality@lognormal-poisson,1,240.0,240,0.016857817128766328,1.1050021830419705,0.149801504740027,61.81777795631624
neyman@lognormal-poisson,1,30.0,30,0.0021764017292298377,1.257575091978704,0.3311089162269663,13.6983791334707
neyman@lognormal-poisson,1,60.0,60,0.004256393585819751,1.2023562497499818,0.27780897007046523,20.971653778266933
neyman@lognormal-poisson,1,120.0,120,0.008402500650845468,1.1372501757573679,0.17660138144714296,35.79755543693217
neyman@lognormal-poisson,1,180.0,180,0.012538858398329467,1.1241517700894388,0.18813372024930486,50.344104726524606
neyman@lognormal-poisson,1,240.0,240,0.016760678787250072,1.0826311851579589,0.10361926188414883,64.89065401611707
predictive-variance@lognormal-poisson,1,30.0,1,0.00037051294930279255,1.2557293002549181,0.3063863073891783,9.697699526395027
predictive-variance@lognormal-poisson,1,60.0,2,0.0004478979390114546,1.221652498857804,0.23234075606065227,19.395399052790054
predictive-variance@lognormal-poisson,1,120.0,3,0.0005222459440119565,1.1714178599900613,0.23752489492337442,29.09309857918508
predictive-variance@lognormal-poisson,1,180.0,5,0.0006695209303870797,1.0970116488263628,0.11851695878130071,48.488497631975136
predictive-variance@lognormal-poisson,1,240.0,6,0.0007455339655280113,1.09085374251494,0.11845526918272781,58.18619715837016
epistemic@lognormal-poisson,1,30.0,1,0.000356618023943156,1.2557293002549181,0.3063863073891783,9.697699526395027
epistemic@lognormal-poisson,1,60.0,2,0.0004308270290493965,1.221652498857804,0.23234075606065227,19.395399052790054
epistemic@lognormal-poisson,1,120.0,3,0.0005034030182287097,1.1714178599900613,0.23752489492337442,29.09309857918508
epistemic@lognormal-poisson,1,180.0,5,0.0006489450461231172,1.0970116488263628,0.11851695878130071,48.488497631975136
epistemic@lognormal-poisson,1,240.0,6,0.0007222910644486547,1.09085374251494,0.11845526918272781,58.18619715837016
thompson@lognormal-poisson,1,30.0,1,0.00019619701197370887,1.2685090142698867,0.23574606684640212,20.87179428930707
thompson@lognormal-poisson,1,60.0,2,0.0003359579714015126,1.221652498857804,0.23234075606065227,30.569493815702096
thompson@lognormal-poisson,1,120.0,3,0.00047132198233157396,1.2198884583864777,0.23079323365172214,40.26719334209712
thompson@lognormal-poisson,1,180.0,5,0.0007356179994530976,1.2195009347117423,0.23142707744766008,59.66259239488718
thompson@lognormal-poisson,1,240.0,6,0.0008685670327395201,1.1628299090444119,0.13352464796014224,69.3602919212822
eig,2,30.0,30,0.16318906709784642,1.236776207004944,0.1347688745290636,5.665261559007516
eig,2,60.0,60,0.2545281770871952,1.259594715027475,0.2897345529388498,5.665261559007516
eig,2,120.0,120,0.4200997820007615,1.2205424454635796,0.2316791084036187,8.497892338511274
eig,2,180.0,180,0.5738198021426797,1.1872809749083295,0.15194501905065638,10.894733767322148
eig,2,240.0,240,0.7202279637567699,1.1339278777440183,0.11156372683079155,10.894733767322148
epig,2,30.0,30,1.0671777410898358,1.2483763366512937,0.14678947096108366,5.011577532968187
epig,2,60.0,60,1.801963858131785,1.252359587186527,0.28557728834759594,5.011577532968187
epig,2,120.0,120,3.28282646543812,1.230466239064836,0.23672567693104068,7.844208312471946
epig,2,180.0,180,4.734945814299863,1.197130845179834,0.16291302277622427,9.58736571524349
epig,2,240.0,240,6.139896250097081,1.1319753414568459,0.10465595525499691,9.58736571524349
maxent,2,30.0,30,0.10015823791036382,1.5159438184358125,0.5171856952840916,6.536840260393288
maxent,2,60.0,60,0.17181493353564292,1.5125627698927266,0.5138193611939673,13.073680520786578
maxent,2,120.0,120,0.33545900345779955,1.5088451094929514,0.5112217916858478,26.14736104157316
maxent,2,180.0,180,0.4988769058836624,1.5082401648649049,0.5110646183510917,39.22104156235974
maxent,2,240.0,240,0.661240283632651,1.507781013451578,0.5111702779897602,52.29472208314632
d-optimality,2,30.0,30,0.007216766884084791,1.258147759899875,0.17212910888833688,5.883156234353959
d-optimality,2,60.0,60,0.011812465207185596,1.2374292756462042,0.23606076875441986,5.883156234353959
d-optimality,2,120.0,120,0.021058385318610817,1.2343665938657211,0.24633226316012743,8.497892338511274
d-optimality,2,180.0,180,0.03045559150632471,1.207627171638176,0.19899487610658947,10.894733767322148
d-optimality,2,240.0,240,0.03922519856132567,1.1365649209091606,0.1223962158286314,10.894733767322148
neyman,2,30.0,30,0.010937067156191915,1.3733593029804527,0.35956839386800615,6.536840260393288
neyman,2,60.0,60,0.02102971397107467,1.2684894589328788,0.30152281869005826,7.190524286432617
neyman,2,120.0,120,0.04050995537545532,1.2384600227647773,0.20108824819759163,10.894733767322148
neyman,2,180.0,180,0.0600273473537527,1.2170145974835018,0.16696027774136474,10.894733767322148
neyman,2,240.0,240,0.08322221745038405,1.1795442232909634,0.14995868628930112,18.30315272910121
predictive-variance,2,30.0,1,0.0022990310098975897,1.5640117704016392,0.6398800777568842,8.715787013857712
predictive-variance,2,60.0,2,0.00244281004415825,1.5357722842339054,0.6166903366966597,17.431574027715424
predictive-variance,2,120.0,3,0.0025863480987027287,1.452956399221968,0.5375255748752662,26.147361041573134
predictive-variance,2,180.0,5,0.002869358111638576,1.3774183653598697,0.45389900777242637,43.57893506928856
predictive-variance,2,240.0,6,0.0030115750851109624,1.1668285139017158,0.10517328207123383,43.57893506928856
epistemic,2,30.0,1,0.0023110139300115407,1.5640117704016392,0.6398800777568842,8.715787013857712
epistemic,2,60.0,2,0.002455633948557079,1.5357722842339054,0.6166903366966597,17.431574027715424
epistemic,2,120.0,3,0.002598991966806352,1.452956399221968,0.5375255748752662,26.147361041573134
epistemic,2,180.0,5,0.002881479973439127,1.3774183653598697,0.45389900777242637,43.57893506928856
epistemic,2,240.0,6,0.0030211510020308197,1.1668285139017158,0.10517328207123383,43.57893506928856
thompson,2,30.0,1,0.0012321650283411145,1.6095876564167666,0.9174198489536878,8.715787013857712
thompson,2,60.0,2,0.0022862970363348722,1.6070554055830302,0.9171501899296294,17.431574027715424
thompson,2,120.0,3,0.0032725620549172163,1.5332400334001692,0.6162891066770428,26.147361041573134
thompson,2,180.0,5,0.005111703008878976,1.5012988437087673,0.5624640952732007,43.57893506928856
thompson,2,240.0,6,0.006089873029850423,1.5017754051435592,0.5627120932141215,52.294722083146276
uniform,2,30.0,3,7.88405304774642e-06,1.5354016618804065,0.6291301240914461,6.536840260393284
uniform,2,60.0,6,1.0879070032387972e-05,1.5181372261691364,0.6277988250887598,13.073680520786569
uniform,2,120.0,12,1.5594996511936188e-05,1.2423387690366625,0.3093004475555863,21.789467534644277
uniform,2,180.0,18,1.988193253055215e-05,1.2588038143125206,0.3178193432029823,21.789467534644277
uniform,2,240.0,24,2.3810076527297497e-05,1.1673003991271906,0.18807406761352438,26.14736104157313
random,2,30.0,3,2.3653963580727577e-05,1.6035246436971973,0.9236522307191863,7.626313637125499
random,2,60.0,6,3.104691859334707e-05,1.5953256900125743,0.9232680851069868,16.559995326329656
random,2,120.0,8,3.590685082599521e-05,1.4747772458809143,0.8697640124212195,27.454729093651792
random,2,180.0,12,4.555477062240243e-05,1.3495637076112719,0.4564505579547264,39.43893623770615
random,2,240.0,28,7.805257337167859e-05,1.2097291133442791,0.2747164802369509,52.29472208314628
eig@gamma-poisson,2,30.0,30,0.010153190116398036,1.2953736870540247,0.2937151821815598,6.536840260393288
eig@gamma-poisson,2,60.0,60,0.016857491165865213,1.2274902441901785,0.18316853431029106,10.458944416629262
eig@gamma-poisson,2,120.0,120,0.02974408323643729,1.2315876490930961,0.2565963015707129,19.392626105833425
eig@gamma-poisson,2,180.0,180,0.04229001811472699,1.1639240709383902,0.21712491749810842,24.404203638801615
eig@gamma-poisson,2,240.0,240,0.05476784706115723,1.1366684055670586,0.15555482222023928,30.069465197809134
maxent@gamma-poisson,2,30.0,30,0.007801755389664322,1.4659441908051951,0.4891925375092142,6.536840260393288
maxent@gamma-poisson,2,60.0,60,0.012991665455047041,1.4618907072458445,0.48470515749425835,13.073680520786578
maxent@gamma-poisson,2,120.0,120,0.023133438546210527,1.4578333816077873,0.48156721892206805,26.14736104157316
maxent@gamma-poisson,2,180.0,180,0.03318774845683947,1.4571695186453282,0.4813561643710867,39.22104156235974
maxent@gamma-poisson,2,240.0,240,0.04325729951960966,1.456676127242245,0.48144259695705377,52.29472208314632
d-optimality@gamma-poisson,2,30.0,30,0.0002048992901109159,1.3807603292180086,0.40847759158763686,6.536840260393288
d-optimality@gamma-poisson,2,60.0,60,0.000365659361705184,1.2420192357453865,0.19685920418368869,13.073680520786578
d-optimality@gamma-poisson,2,120.0,120,0.000677885371260345,1.2672281771834704,0.34675682958384996,18.95683675514054
d-optimality@gamma-poisson,2,180.0,180,0.000991706328932196,1.1880768010906986,0.24787571354387852,28.97999182107692
d-optimality@gamma-poisson,2,240.0,240,0.0013050214038230479,1.1561838226775734,0.18218338567190584,35.73472675681665
neyman@gamma-poisson,2,30.0,30,0.00021012418437749147,1.3882054796967296,0.35533477461845425,6.536840260393288
neyman@gamma-poisson,2,60.0,60,0.000403077166993171,1.2774385658973675,0.31474408156544303,8.715787013857717
neyman@gamma-poisson,2,120.0,120,0.0007838192977942526,1.2408528851657241,0.21071050431899818,16.342100650983223
neyman@gamma-poisson,2,180.0,180,0.0011617179261520505,1.2107600017181588,0.1696735137525448,19.82841545652631
neyman@gamma-poisson,2,240.0,240,0.0015392808127216995,1.201041883139086,0.15820918903663486,30.287359873155577
predictive-variance@gamma-poisson,2,30.0,1,4.97730216011405e-05,1.539592886386206,0.6410402284369454,51.551519726303
predictive-variance@gamma-poisson,2,60.0,2,5.722703645005822e-05,1.497988828998847,0.6181713073040191,60.26730674016071
predictive-variance@gamma-poisson,2,120.0,3,6.382999708876014e-05,1.4385710842966033,0.538902980425211,68.98309375401843
predictive-variance@gamma-poisson,2,180.0,5,7.584103150293231e-05,1.3622856414248519,0.45549666043794246,86.41466778173384
predictive-variance@gamma-poisson,2,240.0,6,8.142204023897648e-05,1.1627452418093511,0.1129370673440864,86.41466778173384
epistemic@gamma-poisson,2,30.0,1,3.752100747078657e-05,1.539592886386206,0.6410402284369454,51.551519726303
epistemic@gamma-poisson,2,60.0,2,4.370301030576229e-05,1.497988828998847,0.6181713073040191,60.26730674016071
epistemic@gamma-poisson,2,120.0,3,4.943396197631955e-05,1.4385710842966033,0.538902980425211,68.98309375401843
epistemic@gamma-poisson,2,180.0,5,6.052496610209346e-05,1.3622856414248519,0.45549666043794246,86.41466778173384
epistemic@gamma-poisson,2,240.0,6,6.54929899610579e-05,1.1627452418093511,0.1129370673440864,86.41466778173384
thompson@gamma-poisson,2,30.0,1,2.6849040295928717e-05,1.554882261678059,0.9176066218640713,8.715787013857712
thompson@gamma-poisson,2,60.0,2,3.870099317282438e-05,1.5519181826871702,0.9170981429694232,17.431574027715424
thompson@gamma-poisson,2,120.0,3,4.971196176484227e-05,1.4925004379849265,0.8656498489430815,26.147361041573134
thompson@gamma-poisson,2,180.0,5,7.015903247520328e-05,1.4942680728720934,0.8658116903912864,43.57893506928856
thompson@gamma-poisson,2,240.0,6,7.946603000164032e-05,1.4373746401928813,0.5382970703091223,52.294722083146276
epig@gamma-poisson,2,30.0,30,0.09952027600957081,1.2951326312160703,0.29370152476678923,6.536840260393288
epig@gamma-poisson,2,60.0,60,0.17047517391620204,1.2245306402820542,0.17772376939879644,9.805260390589932
epig@gamma-poisson,2,120.0,120,0.3112072930089198,1.2365736366482007,0.2596629389438689,19.174731430486982
epig@gamma-poisson,2,180.0,180,0.45178691018372774,1.1531025295859367,0.20265700703846687,25.275782340187387
epig@gamma-poisson,2,240.0,240,0.591936742013786,1.1418499723479953,0.15550007013201148,29.415781171769805
eig@lognormal-poisson,2,30.0,30,0.6800521600525826,1.5176739057373034,0.4823181822247273,6.536840260393288
eig@lognormal-poisson,2,60.0,60,0.7843269790173508,1.2674224551394158,0.31724046256052396,7.40841896177906
eig@lognormal-poisson,2,120.0,120,0.9790999217657372,1.2173032309119027,0.22808928080100066,9.805260390589932
eig@lognormal-poisson,2,180.0,180,1.166163021698594,1.1868234449499515,0.16656942269323766,15.688416624943894
eig@lognormal-poisson,2,240.0,240,1.3486667382530868,1.1839432963751901,0.12766580926077567,16.342100650983223
maxent@lognormal-poisson,2,30.0,30,0.5711230122251436,1.5389679701218497,0.5265571315572141,6.536840260393288
maxent@lognormal-poisson,2,60.0,60,0.6103615298634395,1.5355049106094196,0.5231421763871292,13.073680520786578
maxent@lognormal-poisson,2,120.0,120,0.6886184464092366,1.531731086507303,0.5205276117481492,26.14736104157316
maxent@lognormal-poisson,2,180.0,180,0.7722210613428615,1.5311120690163929,0.5203626530398467,39.22104156235974
maxent@lognormal-poisson,2,240.0,240,0.8558843217906542,1.5306445464215825,0.5204587441185207,52.29472208314632
d-optimality@lognormal-poisson,2,30.0,30,0.0023194989771582186,1.270822695152635,0.18233628216344913,6.318945585046845
d-optimality@lognormal-poisson,2,60.0,60,0.0043726503499783576,1.2389658982270333,0.24247654304177432,6.318945585046845
d-optimality@lognormal-poisson,2,120.0,120,0.00845640298211947,1.2318462856553314,0.25476186135924156,8.715787013857717
d-optimality@lognormal-poisson,2,180.0,180,0.012548567552585155,1.2006504458492782,0.20206076775807988,14.598943248211679
d-optimality@lognormal-poisson,2,240.0,240,0.016658823064062744,1.1474612258019994,0.13141510863144384,14.598943248211679
neyman@lognormal-poisson,2,30.0,30,0.0020934970234520733,1.394312042064933,0.36873585227109335,6.536840260393288
neyman@lognormal-poisson,2,60.0,60,0.004182877077255398,1.2655303619168115,0.30138156851557657,7.40841896177906
neyman@lognormal-poisson,2,120.0,120,0.008372010197490454,1.2430055142896592,0.20332964342972507,10.894733767322148
neyman@lognormal-poisson,2,180.0,180,0.012604429910425097,1.2173632062845547,0.16628551126585583,10.894733767322148
neyman@lognormal-poisson,2,240.0,240,0.01683183468412608,1.1836397908463827,0.15385755856890382,17.867363378408324
predictive-variance@lognormal-poisson,2,30.0,1,0.0003705930430442095,1.5850345692844752,0.6400523544040029,8.715787013857712
predictive-variance@lognormal-poisson,2,60.0,2,0.00044671609066426754,1.5583573118323262,0.6169317531688453,17.431574027715424
predictive-variance@lognormal-poisson,2,120.0,3,0.0005296920426189899,1.4668800291648996,0.53773132143434,26.147361041573134
predictive-variance@lognormal-poisson,2,180.0,5,0.0006789930630475283,1.3845889999173693,0.45415090267786157,43.57893506928856
predictive-variance@lognormal-poisson,2,240.0,6,0.0007517901249229908,1.1648771254221673,0.10652361402788545,43.57893506928856
epistemic@lognormal-poisson,2,30.0,1,0.0003680799272842705,1.5850345692844752,0.6400523544040029,8.715787013857712
epistemic@lognormal-poisson,2,60.0,2,0.00044351094402372837,1.5583573118323262,0.6169317531688453,17.431574027715424
epistemic@lognormal-poisson,2,120.0,3,0.0005186519119888544,1.4668800291648996,0.53773132143434,26.147361041573134
epistemic@lognormal-poisson,2,180.0,5,0.0006648448761552572,1.3845889999173693,0.45415090267786157,43.57893506928856
epistemic@lognormal-poisson,2,240.0,6,0.0007364879129454494,1.1648771254221673,0.10652361402788545,43.57893506928856
thompson@lognormal-poisson,2,30.0,1,0.00020453298930078745,1.6297027135031523,0.8986165006242568,8.715787013857712
thompson@lognormal-poisson,2,60.0,2,0.00035076698986813426,1.6030254560510029,0.8822977880988158,17.431574027715424
thompson@lognormal-poisson,2,120.0,3,0.00048703193897381425,1.522681266532011,0.5633095787168505,26.147361041573134
thompson@lognormal-poisson,2,180.0,5,0.0007547030108980834,1.4201900431728347,0.4742597726191592,43.57893506928856
thompson@lognormal-poisson,2,240.0,6,0.0008903560228645802,1.4175603500349439,0.4736191411962215,52.294722083146276
eig,3,30.0,30,0.15545093634864315,1.871407625310914,0.425657158915029,0.0
eig,3,60.0,60,0.2504173862398602,1.830393075742774,0.4228327528195774,0.0
eig,3,120.0,120,0.4316271410789341,1.7525651252644678,0.21126075601428665,0.0
eig,3,180.0,180,0.6122158510261215,1.759667825716208,0.26213443299331446,0.0
eig,3,240.0,240,0.7828310852055438,1.7381855505621848,0.22893381924310202,0.0
epig,3,30.0,30,1.177459009573795,1.871407625310914,0.425657158915029,0.0
epig,3,60.0,60,1.9796132777701132,1.810477079926054,0.39549192735675265,0.0
epig,3,120.0,119,3.6408040935057215,1.753102755167512,0.19930854538302265,0.0
epig,3,180.0,176,5.189546294743195,1.7595369954219722,0.2645020637921272,0.0
epig,3,240.0,229,6.579520769591909,1.7423425895159692,0.22313418445603309,0.0
maxent,3,30.0,30,0.1288257697597146,2.1801115157096307,0.7511963384179497,0.0
maxent,3,60.0,60,0.23484596447087824,2.1797647042279826,0.7313803640981329,0.0
maxent,3,120.0,120,0.4383614060934633,2.1839069095540142,0.7320395177300898,0.0
maxent,3,180.0,180,0.641167116293218,2.1765737784763224,0.7331605462683807,0.0
maxent,3,240.0,240,0.9930820193258114,2.1776630359267224,0.7318635003112947,0.0
d-optimality,3,30.0,30,0.0066429105354472995,1.8811481769534355,0.5271192958089703,0.0
d-optimality,3,60.0,60,0.01103272387990728,1.8216321909398783,0.4365835668576638,0.0
d-optimality,3,120.0,120,0.021283073991071433,1.7530280133416578,0.2119219243837567,0.0
d-optimality,3,180.0,180,0.0318452738574706,1.7673447336122845,0.2528347098667097,0.0
d-optimality,3,240.0,240,0.043133706611115485,1.7360679650053463,0.23291620148505107,0.0
neyman,3,30.0,30,0.01010335684986785,1.8927090248802216,0.42323415109710993,0.0
neyman,3,60.0,60,0.019983093021437526,1.8082181668761486,0.26188030025875164,0.0
neyman,3,120.0,120,0.041763915854971856,1.7660148973716916,0.26139681693813843,0.0
neyman,3,180.0,180,0.06486186472466215,1.7567909564512065,0.2596963928414217,0.0
neyman,3,240.0,240,0.0873443401651457,1.7320148937563555,0.13744732959898046,0.0
predictive-variance,3,30.0,1,0.0038836559979245067,2.1781573839469774,0.7451041366558406,0.0
predictive-variance,3,60.0,2,0.004253157996572554,2.129155833955366,0.7349951520540668,0.0
predictive-variance,3,120.0,3,0.004396575968712568,2.0576921144148383,0.6957097313138565,0.0
predictive-variance,3,180.0,5,0.004904585948679596,1.885940163320863,0.30396349099003156,0.0
predictive-variance,3,240.0,6,0.005267513974104077,1.8672726874619654,0.2991775659754191,0.0
epistemic,3,30.0,1,0.0022827810025773942,2.1781573839469774,0.7451041366558406,0.0
epistemic,3,60.0,2,0.002658585028257221,2.129155833955366,0.7349951520540668,0.0
epistemic,3,120.0,3,0.0028011520043946803,2.0576921144148383,0.6957097313138565,0.0
epistemic,3,180.0,5,0.0033111150260083377,1.885940163320863,0.30396349099003156,0.0
epistemic,3,240.0,6,0.0036782120587304235,1.8672726874619654,0.2991775659754191,0.0
thompson,3,30.0,1,0.0012239190400578082,2.2820895032429696,0.8131655730679878,117.53754961218824
thompson,3,60.0,2,0.002202560077421367,2.129155833955366,0.7349951520540668,117.53754961218824
thompson,3,120.0,3,0.0031872420804575086,2.1403484408998774,0.7243206919435445,117.53754961218824
thompson,3,180.0,5,0.005136118095833808,2.1294156368915305,0.7212606861473627,117.53754961218824
thompson,3,240.0,6,0.0060680421302095056,2.127449838952884,0.7230330855630056,117.53754961218824
uniform,3,30.0,3,7.2239781729876995e-06,2.113496176165533,0.4962934724670888,42.85585503093296
uniform,3,60.0,6,9.93796857073903e-06,1.9942756099784822,0.44964927954286416,73.57430888086553
uniform,3,120.0,12,1.3732875231653452e-05,1.761660372075658,0.2775067606977747,73.57430888086553
uniform,3,180.0,18,1.7688842490315437e-05,1.7702039736271382,0.2823138035515259,73.57430888086553
uniform,3,240.0,24,2.1876883693039417e-05,1.73253116495468,0.2293200967744479,73.57430888086553
random,3,30.0,4,2.2712047211825848e-05,2.2050885472060253,0.5802895346637803,51.19742308322097
random,3,60.0,5,2.546701580286026e-05,2.0521548779184218,0.4644519010191459,51.19742308322097
random,3,120.0,7,3.07380105368793e-05,2.040228797848156,0.4350672888581286,51.19742308322097
random,3,180.0,11,4.051701398566365e-05,1.926071946741307,0.33407649923761135,51.19742308322097
random,3,240.0,20,6.047391798347235e-05,1.8857676488124449,0.31047135678404353,51.19742308322097
eig@gamma-poisson,3,30.0,30,0.010401482868473977,1.889693874784401,0.5486918066685395,0.0
eig@gamma-poisson,3,60.0,60,0.017228975659236312,1.8654005055280702,0.44351733024426493,0.0
eig@gamma-poisson,3,120.0,120,0.030205229588318616,1.7901932220048755,0.21426987037519687,0.0
eig@gamma-poisson,3,180.0,180,0.042941890365909785,1.7397006030818414,0.23288630930647575,0.0
eig@gamma-poisson,3,240.0,240,0.05563835921930149,1.7356473403164931,0.21648749057283811,0.0
maxent@gamma-poisson,3,30.0,30,0.007902134209871292,2.2118703384551326,0.7523661568087322,0.0
maxent@gamma-poisson,3,60.0,60,0.013273094315081835,2.2110347383619833,0.7314306846265457,0.0
maxent@gamma-poisson,3,120.0,120,0.0238287445390597,2.2152069678640927,0.7319792740362266,0.0
maxent@gamma-poisson,3,180.0,180,0.03441886947257444,2.208009301741152,0.7332239301178909,0.0
maxent@gamma-poisson,3,240.0,240,0.04515081743011251,2.2090917924683495,0.7318903864259643,0.0
d-optimality@gamma-poisson,3,30.0,30,0.00021219399059191346,1.9165362958914312,0.6068892367366395,0.0
d-optimality@gamma-poisson,3,60.0,60,0.00037467695074155927,1.8233571644469542,0.40856419060621707,0.0
d-optimality@gamma-poisson,3,120.0,120,0.0006980259204283357,1.7892588596661005,0.22454682789684155,0.0
d-optimality@gamma-poisson,3,180.0,180,0.0010199667885899544,1.7431644336387906,0.24198714401139754,0.0
d-optimality@gamma-poisson,3,240.0,240,0.001334673841483891,1.7384500417767939,0.21811813399269775,0.0
neyman@gamma-poisson,3,30.0,30,0.0002144321915693581,1.9100897066132616,0.44195211485409547,0.0
neyman@gamma-poisson,3,60.0,60,0.0004085961845703423,1.8206896470739846,0.25704979314372495,0.0
neyman@gamma-poisson,3,120.0,120,0.0007890834240242839,1.8133378011110748,0.26297875473363497,0.0
neyman@gamma-poisson,3,180.0,180,0.0011702832416631281,1.8020453083605725,0.2663907652907255,0.0
neyman@gamma-poisson,3,240.0,240,0.0015476532280445099,1.7847993040912515,0.18328500217580185,0.0
predictive-variance@gamma-poisson,3,30.0,1,4.670699127018452e-05,2.2097714268051236,0.7458470140378151,0.0
predictive-variance@gamma-poisson,3,60.0,2,5.404098192229867e-05,2.1254317447165687,0.7352232695693259,0.0
predictive-variance@gamma-poisson,3,120.0,3,6.037292769178748e-05,2.0514397615610154,0.6962496915832971,0.0
predictive-variance@gamma-poisson,3,180.0,5,7.333705434575677e-05,1.8802204097527528,0.3046455457335287,0.0
predictive-variance@gamma-poisson,3,240.0,6,7.98890832811594e-05,1.8549861319055116,0.29971111567020736,0.0
epistemic@gamma-poisson,3,30.0,1,3.5926990676671267e-05,2.2097714268051236,0.7458470140378151,0.0
epistemic@gamma-poisson,3,60.0,2,4.257005639374256e-05,2.1254317447165687,0.7352232695693259,0.0
epistemic@gamma-poisson,3,120.0,3,4.849204560741782e-05,2.0514397615610154,0.6962496915832971,0.0
epistemic@gamma-poisson,3,180.0,5,6.006407784298062e-05,1.8802204097527528,0.3046455457335287,0.0
epistemic@gamma-poisson,3,240.0,6,6.557506276294589e-05,1.8549861319055116,0.29971111567020736,0.0
thompson@gamma-poisson,3,30.0,1,2.3694010451436043e-05,2.2097714268051236,0.7458470140378151,0.0
thompson@gamma-poisson,3,60.0,2,3.6187004297971725e-05,2.220487974302415,0.7343870946226749,0.0
thompson@gamma-poisson,3,120.0,3,4.739797441288829e-05,2.2152069678640927,0.7319792740362265,0.0
thompson@gamma-poisson,3,180.0,5,6.92199682816863e-05,2.2078918611999034,0.7333661088943275,0.0
thompson@gamma-poisson,3,240.0,6,7.871695561334491e-05,2.209091792468351,0.7318903864259642,0.0
epig@gamma-poisson,3,30.0,30,0.10050207807216793,1.8825398093304473,0.5462352775680587,0.0
epig@gamma-poisson,3,60.0,60,0.17225451656850055,1.8654005055280702,0.44351733024426493,0.0
epig@gamma-poisson,3,120.0,120,0.3142431649612263,1.7850547908757581,0.2096023280966329,0.0
epig@gamma-poisson,3,180.0,179,0.45317850715946406,1.7245249108745198,0.20082726095904546,0.0
epig@gamma-poisson,3,240.0,234,0.5826991354697384,1.7373531654696084,0.264298532892469,0.0
eig@lognormal-poisson,3,30.0,30,1.1711381100467406,1.8746472493402886,0.4160859941278911,0.0
eig@lognormal-poisson,3,60.0,60,1.2757328218431212,1.806282126433617,0.3778970152349392,0.0
eig@lognormal-poisson,3,120.0,120,1.479773131024558,1.760555532350322,0.21335414343643364,0.0
eig@lognormal-poisson,3,180.0,180,1.6744741009897552,1.7370597663181633,0.2261751139147891,0.0
eig@lognormal-poisson,3,240.0,240,1.8693789907847531,1.7307526836005813,0.22098975580504493,0.0
maxent@lognormal-poisson,3,30.0,30,1.0846506488742307,2.178015024825464,0.750757952377508,0.0
maxent@lognormal-poisson,3,60.0,60,1.1515801956993528,2.1776510831046356,0.7314514525194101,0.0
maxent@lognormal-poisson,3,120.0,120,1.2794414888485335,2.185366237627321,0.7334787871558667,0.0
maxent@lognormal-poisson,3,180.0,180,1.410600682720542,2.1734236012235333,0.735781073381964,0.0
maxent@lognormal-poisson,3,240.0,240,1.5422877747332677,2.1735670550511776,0.7354437269392935,0.0
d-optimality@lognormal-poisson,3,30.0,30,0.0023582939174957573,1.8835676436219329,0.5135803800881639,0.0
d-optimality@lognormal-poisson,3,60.0,60,0.004423470818437636,1.8263966814118369,0.4349135722851971,0.0
d-optimality@lognormal-poisson,3,120.0,120,0.00855305464938283,1.7466494338994865,0.19648221992302287,0.0
d-optimality@lognormal-poisson,3,180.0,180,0.012712174619082361,1.7398603496522103,0.2397134196559107,0.0
d-optimality@lognormal-poisson,3,240.0,240,0.016866346646565944,1.7387701671688545,0.2355719242691232,0.0
neyman@lognormal-poisson,3,30.0,30,0.0020916443318128586,1.892765476412146,0.41416095622123944,0.0
neyman@lognormal-poisson,3,60.0,60,0.004177136172074825,1.8127704594606673,0.2637958736532194,0.0
neyman@lognormal-poisson,3,120.0,120,0.00838143628789112,1.7674958590065433,0.25846945356724327,0.0
neyman@lognormal-poisson,3,180.0,180,0.012639046763069928,1.759018181494425,0.2596435885455215,0.0
neyman@lognormal-poisson,3,240.0,240,0.016887640056665987,1.7318136494754477,0.13696890682267263,0.0
predictive-variance@lognormal-poisson,3,30.0,1,0.0003663249663077295,2.1760701089621906,0.7445571882067863,0.0
predictive-variance@lognormal-poisson,3,60.0,2,0.00044634495861828327,2.1316127054549674,0.7341439085713283,0.0
predictive-variance@lognormal-poisson,3,120.0,3,0.0005208650254644454,2.0661188957053627,0.6946507573802684,0.0
predictive-variance@lognormal-poisson,3,180.0,5,0.0006687020068056881,1.8888222609762015,0.30125837233720104,0.0
predictive-variance@lognormal-poisson,3,240.0,6,0.0007441530469805002,1.870352447131132,0.2963603749339062,0.0
epistemic@lognormal-poisson,3,30.0,1,0.0004032839788123965,2.1760701089621906,0.7445571882067863,0.0
epistemic@lognormal-poisson,3,60.0,2,0.00048142997547984123,2.1316127054549674,0.7341439085713283,0.0
epistemic@lognormal-poisson,3,120.0,3,0.0005591549561358988,2.0661188957053627,0.6946507573802684,0.0
epistemic@lognormal-poisson,3,180.0,5,0.0007052499568089843,1.8888222609762015,0.30125837233720104,0.0
epistemic@lognormal-poisson,3,240.0,6,0.000780179922003299,1.870352447131132,0.2963603749339062,0.0
thompson@lognormal-poisson,3,30.0,1,0.00019815104315057397,2.1760701089621906,0.7445571882067863,0.0
thompson@lognormal-poisson,3,60.0,2,0.00034372403752058744,2.188690574879742,0.7353999172466028,0.0
thompson@lognormal-poisson,3,120.0,3,0.0004806700744666159,2.185366237627321,0.7334787871558667,0.0
thompson@lognormal-poisson,3,180.0,5,0.0007507260888814926,2.173374689994041,0.7359000274638339,0.0
thompson@lognormal-poisson,3,240.0,6,0.0008848870638757944,2.1735670550511776,0.7354437269392933,0.0
eig,4,30.0,30,0.17198203201405704,1.7797297724816812,0.47007563846794037,8.303228765291621
eig,4,60.0,60,0.26488244719803333,1.7794543030397352,0.41348278405866623,17.529038504504506
eig,4,120.0,120,0.43433435895713046,1.6783549281341628,0.1652481512408522,35.98065798293032
eig,4,180.0,180,0.59914187801769,1.6347950885786717,0.07618624999959651,46.12904869606461
eig,4,240.0,240,0.7783586130244657,1.6429643364171704,0.12259168058643129,46.12904869606461
epig,4,30.0,30,1.139970648335293,1.7797297724816812,0.47007563846794037,8.303228765291621
epig,4,60.0,60,1.9270054532098584,1.7663242364643186,0.3871208044421554,17.529038504504506
epig,4,120.0,120,3.509472925274167,1.7089387824519908,0.18228426996890856,35.98065798293032
epig,4,180.0,176,5.034372063353658,1.6656126660434536,0.1074719861058383,43.36130577430071
epig,4,240.0,226,6.337024547159672,1.6360208335086786,0.10021726499771781,43.36130577430071
maxent,4,30.0,30,0.10644636303186417,1.9304857058514395,0.6379062058485842,9.22580973921291
maxent,4,60.0,60,0.19632158236345276,1.9299062218115957,0.6377292381387611,18.451619478425794
maxent,4,120.0,120,0.37172586511587724,1.929564559746353,0.6377388064313508,36.90323895685162
maxent,4,180.0,180,0.5467884720419534,1.9307996894433168,0.6385976365147832,55.3548584352776
maxent,4,240.0,240,0.7225002083578147,1.9306772462700332,0.6385123325372368,73.80647791370357
d-optimality,4,30.0,30,0.006856602034531534,1.7632454277121639,0.44381536543113703,7.380647791370329
d-optimality,4,60.0,60,0.011510819138493389,1.8381924085414891,0.5013274804742817,16.606457530583217
d-optimality,4,120.0,120,0.0206440620822832,1.7186786759781292,0.25365766047625227,35.05807700900902
d-optimality,4,180.0,180,0.03055273275822401,1.6574152118704057,0.10599936390425437,50.434426574364004
d-optimality,4,240.0,240,0.04235105152474716,1.613252404071191,0.08207099420526108,50.434426574364004
neyman,4,30.0,30,0.010607025353237987,1.772703852929328,0.47409323288566385,7.073120800063232
neyman,4,60.0,60,0.02065720339305699,1.8244147486564384,0.4473390643882523,16.29893053927612
neyman,4,120.0,120,0.0412128742900677,1.6785144489480643,0.17287282193814868,30.137645148095448
neyman,4,180.0,180,0.06519295234465972,1.6728571332532287,0.12181752211314902,32.90538806985932
neyman,4,240.0,240,0.09084702434483916,1.6581933438978724,0.10436941388262583,34.44302302639482
predictive-variance,4,30.0,1,0.0023027390125207603,1.8295818799012455,0.5698860408281662,59.09471125244359
predictive-variance,4,60.0,2,0.0026761270128190517,1.8082624060005639,0.5505394222598678,118.18942250488718
predictive-variance,4,120.0,3,0.002825206029228866,1.7665543913034714,0.5302427245826346,130.49050215717105
predictive-variance,4,180.0,5,0.0033435350633226335,1.6314940396247781,0.18082968227036395,142.79158180945493
predictive-variance,4,240.0,6,0.003710912016686052,1.6133815483379184,0.11916315063476415,142.79158180945493
epistemic,4,30.0,1,0.0022856159484945238,1.8295818799012455,0.5698860408281662,59.09471125244359
epistemic,4,60.0,2,0.0026583639555610716,1.8082624060005639,0.5505394222598678,118.18942250488718
epistemic,4,120.0,3,0.0028082740027457476,1.7665543913034714,0.5302427245826346,130.49050215717105
epistemic,4,180.0,5,0.003321364987641573,1.7451722668165255,0.501834487441338,155.0926614617388
epistemic,4,240.0,6,0.003477197024039924,1.6133815483379184,0.11916315063476415,155.0926614617388
thompson,4,30.0,1,0.0012185900122858584,1.7858174947942587,0.2972888787975105,0.0
thompson,4,60.0,2,0.0022905360674485564,1.7827818861458697,0.3009982599041035,0.0
thompson,4,120.0,3,0.0032955650822259486,1.7410738714487772,0.2620374858219427,0.0
thompson,4,180.0,5,0.005213163094595075,1.73744757642886,0.23627718577189824,0.0
thompson,4,240.0,6,0.0062182441470213234,1.737380906135976,0.23577720009507958,0.0
uniform,4,30.0,3,5.530018825083971e-06,1.8671862831848622,0.5741139902302306,9.225809739212911
uniform,4,60.0,6,8.35611717775464e-06,1.8064287502063194,0.5469845624855525,18.451619478425823
uniform,4,120.0,12,1.2536125723272562e-05,1.8113756025766294,0.4164874568265407,36.90323895685164
uniform,4,180.0,18,1.691398210823536e-05,1.767075833500816,0.3738654441045572,55.35485843527745
uniform,4,240.0,24,2.1063024178147316e-05,1.6370258467231569,0.14404338447757736,73.80647791370326
random,4,30.0,1,3.120902692899108e-05,1.8295818799012455,0.5698860408281662,59.09471125244359
random,4,60.0,2,3.470497904345393e-05,1.8209507188393301,0.5698625964861539,118.18942250488718
random,4,120.0,6,4.461605567485094e-05,1.7798754129842196,0.5315475536635542,132.64319109632075
random,4,180.0,11,5.6799035519361496e-05,1.652551304239739,0.2144240339812411,148.32706765298272
random,4,240.0,24,8.507206803187728e-05,1.6732734883729465,0.30915510216515407,151.40233756605372
eig@gamma-poisson,4,30.0,30,0.010236035159323364,1.7712115774309962,0.45476205358663724,7.073120800063232
eig@gamma-poisson,4,60.0,60,0.016876885085366666,1.8624045778706038,0.4893874334586482,16.29893053927612
eig@gamma-poisson,4,120.0,120,0.029750967281870544,1.8267060536842552,0.2996811731054146,34.75055001770192
eig@gamma-poisson,4,180.0,180,0.04245060321409255,1.696435320105272,0.13239101716174503,53.2021694961279
eig@gamma-poisson,4,240.0,240,0.054979350010398775,1.6771593151805895,0.09996407663102144,55.3548584352776
maxent@gamma-poisson,4,30.0,30,0.009456082829274237,2.0099874358379064,0.6799896644940723,9.22580973921291
maxent@gamma-poisson,4,60.0,60,0.0146960478159599,2.0094189761720824,0.6799489598808008,18.451619478425794
maxent@gamma-poisson,4,120.0,120,0.02502430381719023,2.0090354309063145,0.6799514265494155,36.90323895685162
maxent@gamma-poisson,4,180.0,180,0.03539121156791225,2.010305327965198,0.6808331430708233,55.3548584352776
maxent@gamma-poisson,4,240.0,240,0.04577047820203006,2.0101639428456326,0.6807337717913233,73.80647791370357
d-optimality@gamma-poisson,4,30.0,30,0.00021460215793922544,1.7683413417609926,0.411053959644631,7.073120800063232
d-optimality@gamma-poisson,4,60.0,60,0.0003822386497631669,1.819892968125803,0.44895876943994,16.29893053927612
d-optimality@gamma-poisson,4,120.0,120,0.0006992186536081135,1.8663399101018527,0.3614599691912974,34.75055001770192
d-optimality@gamma-poisson,4,180.0,180,0.0010174197377637029,1.6609605900393154,0.1617559148588412,53.2021694961279
d-optimality@gamma-poisson,4,240.0,240,0.001334591128397733,1.6067324339679339,0.0714347341211491,61.81292525272669
neyman@gamma-poisson,4,30.0,30,0.00020891998428851366,1.7996191414580902,0.49034650952629677,7.995701773984523
neyman@gamma-poisson,4,60.0,60,0.0004030159907415509,1.8407186884781532,0.43885880108007863,17.22151151319741
neyman@gamma-poisson,4,120.0,120,0.0007823498453944921,1.7046201368376135,0.17823389104056958,31.982807095938025
neyman@gamma-poisson,4,180.0,180,0.0011629455839283764,1.7167783390961355,0.1397093170600534,36.28818497423742
neyman@gamma-poisson,4,240.0,240,0.0015455996617674828,1.705876261639678,0.11666518203490785,38.748400904694215
predictive-variance@gamma-poisson,4,30.0,1,4.847097443416715e-05,1.8773637864624078,0.5702523693818362,59.09471125244359
predictive-variance@gamma-poisson,4,60.0,2,5.6044955272227526e-05,1.8316023310177638,0.5507201945685701,118.18942250488718
predictive-variance@gamma-poisson,4,120.0,3,6.296794163063169e-05,1.7784646686384464,0.5307549775951633,130.49050215717105
predictive-variance@gamma-poisson,4,180.0,5,7.618183735758066e-05,1.6464678141289066,0.1824346210771353,142.79158180945493
predictive-variance@gamma-poisson,4,240.0,6,8.236378198489547e-05,1.6129729645571196,0.12191344608417948,142.79158180945493
epistemic@gamma-poisson,4,30.0,1,3.761099651455879e-05,1.8773637864624078,0.5702523693818362,59.09471125244359
epistemic@gamma-poisson,4,60.0,2,4.439294571056962e-05,1.8316023310177638,0.5507201945685701,118.18942250488718
epistemic@gamma-poisson,4,120.0,3,5.070393672212958e-05,1.7784646686384464,0.5307549775951633,130.49050215717105
epistemic@gamma-poisson,4,180.0,5,6.299692904576659e-05,1.733959482414182,0.5024897173860158,155.0926614617388
epistemic@gamma-poisson,4,240.0,6,6.901891902089119e-05,1.6129729645571196,0.12191344608417948,155.0926614617388
thompson@gamma-poisson,4,30.0,1,3.34319774992764e-05,1.9340871468816516,0.5517488444114643,12.301079652283882
thompson@gamma-poisson,4,60.0,2,4.517502384260297e-05,1.9323612594874329,0.5508853803377761,24.602159304567763
thompson@gamma-poisson,4,120.0,3,5.614606197923422e-05,1.9324527833460001,0.5507858895252117,36.903238956851645
thompson@gamma-poisson,4,180.0,5,7.694505620747805e-05,1.8240881563013556,0.5515089659725216,61.50539826141941
thompson@gamma-poisson,4,240.0,6,8.679402526468039e-05,1.8243908789405339,0.5519329485102565,73.80647791370329
epig@gamma-poisson,4,30.0,30,0.10012893384555355,1.7726268721566074,0.4544130156420921,6.458066817449038
epig@gamma-poisson,4,60.0,60,0.17195793671999127,1.878755225454137,0.49717440364812804,15.683876556661929
epig@gamma-poisson,4,120.0,120,0.310309762484394,1.8346390181697034,0.30547681449613806,34.13549603508772
epig@gamma-poisson,4,180.0,180,0.4477036234457046,1.7070289924133186,0.13211025690445005,52.5871155135137
epig@gamma-poisson,4,240.0,236,0.5757707506418228,1.626269453786416,0.08196091823441547,55.0473314439705
eig@lognormal-poisson,4,30.0,30,1.1206722638453357,1.8024058108412453,0.48931649855149,8.918282747905813
eig@lognormal-poisson,4,60.0,60,1.220196652575396,1.7639317073638043,0.3987153642350828,18.144092487118698
eig@lognormal-poisson,4,120.0,120,1.414119067019783,1.707488111541414,0.1910358995284524,36.59571196554452
eig@lognormal-poisson,4,180.0,180,1.6045436936547048,1.6487120347445687,0.08294043224019619,47.974210643907206
eig@lognormal-poisson,4,240.0,240,1.8290019814157858,1.6271007072617498,0.08323840335095226,47.974210643907206
maxent@lognormal-poisson,4,30.0,30,1.032970604894217,1.9083259690803793,0.6292728987252877,9.22580973921291
maxent@lognormal-poisson,4,60.0,60,1.0774120819405653,1.9077608387765517,0.6291227417752148,18.451619478425794
maxent@lognormal-poisson,4,120.0,120,1.1708416415494867,1.9074152951617567,0.6291324586478566,36.90323895685162
maxent@lognormal-poisson,4,180.0,180,1.2684711618348956,1.9086340023674564,0.6299931538744361,55.3548584352776
maxent@lognormal-poisson,4,240.0,240,1.3688608147203922,1.9084558060164467,0.6298571855964757,73.80647791370357
d-optimality@lognormal-poisson,4,30.0,30,0.002297951898071915,1.7549656591073048,0.442868020220497,8.610755756598717
d-optimality@lognormal-poisson,4,60.0,60,0.004307237977627665,1.817447663038445,0.4918406896580068,17.836565495811602
d-optimality@lognormal-poisson,4,120.0,120,0.008331053773872554,1.7147630223872723,0.255422726193935,36.28818497423742
d-optimality@lognormal-poisson,4,180.0,180,0.012392092437949032,1.6686661162633791,0.11147509778992386,51.9720615308995
d-optimality@lognormal-poisson,4,240.0,240,0.016448009526357055,1.6062101707466117,0.07977740303916857,51.9720615308995
neyman@lognormal-poisson,4,30.0,30,0.0020491834729909897,1.764574082446324,0.47200487157181126,7.688174782677426
neyman@lognormal-poisson,4,60.0,60,0.004103759303689003,1.812271414663771,0.4439947335316419,16.913984521890313
neyman@lognormal-poisson,4,120.0,120,0.008245899516623467,1.672701164444833,0.16757508450938804,32.29033408724512
neyman@lognormal-poisson,4,180.0,180,0.012377086270134896,1.6685331865102544,0.12203623283982618,35.05807700900902
neyman@lognormal-poisson,4,240.0,240,0.016537644900381565,1.65291357965856,0.10343637167851791,37.518292939465816
predictive-variance@lognormal-poisson,4,30.0,1,0.00035942200338467956,1.8214006704941677,0.5698933367477889,59.09471125244359
predictive-variance@lognormal-poisson,4,60.0,2,0.0004341109888628125,1.8048540957856447,0.5504652982163959,118.18942250488718
predictive-variance@lognormal-poisson,4,120.0,3,0.0005094130174256861,1.7657307487719898,0.5302036855501769,130.49050215717105
predictive-variance@lognormal-poisson,4,180.0,5,0.0006588919786736369,1.6270681580887958,0.1804977738002597,142.79158180945493
predictive-variance@lognormal-poisson,4,240.0,6,0.0007336919661611319,1.610578688934323,0.11890608888099959,142.79158180945493
epistemic@lognormal-poisson,4,30.0,1,0.00034905399661511183,1.8214006704941677,0.5698933367477889,59.09471125244359
epistemic@lognormal-poisson,4,60.0,2,0.0004246460157446563,1.8048540957856447,0.5504652982163959,118.18942250488718
epistemic@lognormal-poisson,4,120.0,3,0.0004992760368622839,1.7657307487719898,0.5302036855501769,130.49050215717105
epistemic@lognormal-poisson,4,180.0,5,0.0006441769655793905,1.7438076474405007,0.5017214868222739,155.0926614617388
epistemic@lognormal-poisson,4,240.0,6,0.0007165429415181279,1.610578688934323,0.11890608888099959,155.0926614617388
thompson@lognormal-poisson,4,30.0,1,0.00019252102356404066,1.880670232095104,0.5515907024626704,12.301079652283882
thompson@lognormal-poisson,4,60.0,2,0.00032693298999220133,1.841546885081449,0.5313720040365201,24.602159304567763
thompson@lognormal-poisson,4,120.0,3,0.00045976199908182025,1.7657307487719898,0.5302036855501769,36.903238956851645
thompson@lognormal-poisson,4,180.0,5,0.0007209100294858217,1.6309832601610808,0.20721927560458214,49.20431860913553
thompson@lognormal-poisson,4,240.0,6,0.0008527059690095484,1.6278254238447112,0.21216380666745527,49.20431860913553
eig,5,30.0,30,0.1661312931100838,1.9229649187635651,0.40631352419312444,4.242439171452696
eig,5,60.0,60,0.2584102840628475,1.9533093192969833,0.43141148907851695,4.242439171452696
eig,5,120.0,120,0.4249775175121613,1.888436158330009,0.36563142743289073,4.242439171452696
eig,5,180.0,180,0.5799385177670047,1.6962068764521059,0.23749705210440517,4.242439171452696
eig,5,240.0,240,0.7361655734130181,1.6660971078641333,0.19877158821313276,4.242439171452696
epig,5,30.0,30,1.1159801329486072,1.9229649187635651,0.40631352419312444,4.242439171452696
epig,5,60.0,60,1.8445367438835092,1.8841410819551399,0.3889043938415087,4.242439171452696
epig,5,120.0,120,3.283885802142322,1.7385279619728315,0.2823941467581826,4.242439171452696
epig,5,180.0,180,4.731076318654232,1.6844204173104849,0.22562708645896107,4.242439171452696
epig,5,240.0,240,6.174775349500123,1.6618198885639723,0.18502397039273383,4.242439171452696
maxent,5,30.0,30,0.11374205676838756,1.9304425640020633,0.44663058127290506,4.242439171452696
maxent,5,60.0,60,0.20499187376117334,1.9152206980727018,0.441586251324938,4.242439171452696
maxent,5,120.0,120,0.38216251879930496,1.9250872016723,0.4442108351762938,4.242439171452696
maxent,5,180.0,180,0.5572959997807629,1.923119506381468,0.44338827392733615,4.242439171452696
maxent,5,240.0,240,0.7330138738034293,1.91530706560329,0.4415234188559442,4.242439171452696
d-optimality,5,30.0,30,0.007052436878439039,1.9737058833902534,0.48791524078962295,6.363658757179044
d-optimality,5,60.0,60,0.011709221987985075,1.9233798773845405,0.3988135615491862,6.363658757179044
d-optimality,5,120.0,120,0.020404301933012903,1.9152006969193407,0.3780211531946532,6.363658757179044
d-optimality,5,180.0,180,0.029205171391367912,1.691837977729925,0.23033217728867061,6.363658757179044
d-optimality,5,240.0,240,0.03876708203461021,1.6710032941381592,0.20523125043962967,6.363658757179044
neyman,5,30.0,30,0.010420208098366857,1.9691512448742794,0.44157350231981535,4.242439171452696
neyman,5,60.0,60,0.020391199155710638,2.0178791205742557,0.43007288057297927,4.242439171452696
neyman,5,120.0,120,0.038758298789616674,1.8655272029395344,0.36185494906746435,4.242439171452696
neyman,5,180.0,180,0.0595217274967581,1.7093579568058015,0.25970653289654844,4.242439171452696
neyman,5,240.0,240,0.07934271910926327,1.644326523410715,0.18875695969273273,4.242439171452696
predictive-variance,5,30.0,1,0.002239830035250634,2.099449156864655,1.1522258871539743,84.84878342905391
predictive-variance,5,60.0,2,0.002382346021477133,2.0556507577301586,1.0183843817032712,169.69756685810782
predictive-variance,5,120.0,3,0.0025239610113203526,1.9680899027803351,1.0130324468495304,169.69756685810782
predictive-variance,5,180.0,5,0.0030321640078909695,1.8156664835467937,0.5409377892123612,169.69756685810782
predictive-variance,5,240.0,6,0.0031727670575492084,1.7757752577508754,0.3072420801578391,169.69756685810782
epistemic,5,30.0,1,0.0022309639607556164,2.099449156864655,1.1522258871539743,84.84878342905391
epistemic,5,60.0,2,0.0023714469862170517,2.0556507577301586,1.0183843817032712,169.69756685810782
epistemic,5,120.0,3,0.0025127320550382137,1.9680899027803351,1.0130324468495304,169.69756685810782
epistemic,5,180.0,5,0.0030192300910130143,1.8156664835467937,0.5409377892123612,169.69756685810782
epistemic,5,240.0,6,0.003159073123242706,1.7757752577508754,0.3072420801578391,169.69756685810782
thompson,5,30.0,1,0.001342500967439264,2.099449156864655,1.1522258871539743,84.84878342905391
thompson,5,60.0,2,0.002350107009988278,2.0556507577301586,1.0183843817032712,169.69756685810782
thompson,5,120.0,3,0.0033632429549470544,2.0157595319342403,0.9159097951866838,254.54635028716172
thompson,5,180.0,5,0.005237008968833834,1.940571543283747,0.9096352446823083,254.54635028716172
thompson,5,240.0,6,0.006241988914553076,1.8223059438914584,0.4743406295704502,254.54635028716172
uniform,5,30.0,3,6.192014552652836e-06,2.0968832971759057,1.0283781708681545,63.63658757179043
uniform,5,60.0,6,8.876959327608347e-06,1.9314120491831879,0.511840729225938,83.82906953292888
uniform,5,120.0,12,1.3203942216932774e-05,1.8881225132987869,0.389152351438383,83.82906953292888
uniform,5,180.0,18,1.7183017916977406e-05,1.8602359995449929,0.35399178357657735,83.82906953292888
uniform,5,240.0,24,2.1149986423552036e-05,1.706213376263009,0.22260879833673478,83.82906953292888
random,5,30.0,2,2.119102282449603e-05,2.0843661225491767,1.3418790238187728,63.63658757179043
random,5,60.0,6,3.0679162591695786e-05,2.0389729336075404,1.3490646454738426,63.63658757179043
random,5,120.0,9,3.763311542570591e-05,1.9315364600573102,1.3228866896754572,63.63658757179043
random,5,180.0,12,4.521803930401802e-05,1.9238038733314091,1.3214398852251898,63.63658757179043
random,5,240.0,25,7.307803025469184e-05,1.8970896477590233,0.583783188080134,63.63658757179043
eig@gamma-poisson,5,30.0,30,0.010917967883870006,2.084536820190898,0.5461366719412808,4.242439171452696
eig@gamma-poisson,5,60.0,60,0.017622343089897186,1.9960444434461806,0.4338166486519382,4.242439171452696
eig@gamma-poisson,5,120.0,120,0.030514971585944295,1.9071123465338367,0.3838707528693307,4.242439171452696
eig@gamma-poisson,5,180.0,180,0.04303522576810792,1.6859664438335855,0.21742711020846014,4.242439171452696
eig@gamma-poisson,5,240.0,240,0.05545537604484707,1.7009763513851395,0.20725522001308946,4.242439171452696
maxent@gamma-poisson,5,30.0,30,0.008202747732866555,2.005027220093096,0.5486220410941465,2.121219585726348
maxent@gamma-poisson,5,60.0,60,0.013394947571214288,1.9879313512843693,0.543736733993897,2.121219585726348
maxent@gamma-poisson,5,120.0,120,0.023579303466249257,1.997027933823522,0.5454080945461197,2.121219585726348
maxent@gamma-poisson,5,180.0,180,0.0348740906920284,1.9964431528741258,0.5452381028496371,2.121219585726348
maxent@gamma-poisson,5,240.0,240,0.04501720279222354,1.988293564520447,0.5436440958747318,2.121219585726348
d-optimality@gamma-poisson,5,30.0,30,0.0002078379038721323,2.2033498363723987,0.5192575501553514,6.363658757179044
d-optimality@gamma-poisson,5,60.0,60,0.00036615616409108043,1.829275292590742,0.36658058918845415,6.363658757179044
d-optimality@gamma-poisson,5,120.0,120,0.0006747699226252735,1.8838649224430892,0.37469331712866705,6.363658757179044
d-optimality@gamma-poisson,5,180.0,180,0.0009983027121052146,1.7086940286690098,0.22889478806353283,6.363658757179044
d-optimality@gamma-poisson,5,240.0,240,0.0013090897118672729,1.716266156110765,0.210357842631682,6.363658757179044
neyman@gamma-poisson,5,30.0,30,0.00024046521866694093,2.081830907011183,0.49856477017955114,4.242439171452696
neyman@gamma-poisson,5,60.0,60,0.0004645130247808993,2.212249218851739,0.523770520190369,4.242439171452696
neyman@gamma-poisson,5,120.0,120,0.0008737081661820412,2.0353929381068787,0.43319738144067965,4.242439171452696
neyman@gamma-poisson,5,180.0,180,0.0012621234054677188,1.6965902613476647,0.24048235055290543,4.242439171452696
neyman@gamma-poisson,5,240.0,240,0.0016428515082225204,1.6469107245199577,0.19146469058819637,4.242439171452696
predictive-variance@gamma-poisson,5,30.0,1,5.421100649982691e-05,2.1188916926020878,1.1522855374235685,75.94920177501857
predictive-variance@gamma-poisson,5,60.0,2,6.22569932602346e-05,2.0335022451754177,1.018343272051039,133.30753513691914
predictive-variance@gamma-poisson,5,120.0,3,6.947998190298676e-05,1.933730756177491,1.0132209025576513,133.30753513691914
predictive-variance@gamma-poisson,5,180.0,5,8.31959187053144e-05,1.800413706244009,0.5406456553989621,133.30753513691914
predictive-variance@gamma-poisson,5,240.0,6,8.950789924710989e-05,1.7619594987286613,0.3076210562608863,133.30753513691914
epistemic@gamma-poisson,5,30.0,1,3.841199213638902e-05,2.1188916926020878,1.1522855374235685,75.94920177501857
epistemic@gamma-poisson,5,60.0,2,4.487502155825496e-05,2.0335022451754177,1.018343272051039,133.30753513691914
epistemic@gamma-poisson,5,120.0,3,5.102605791762471e-05,1.933730756177491,1.0132209025576513,133.30753513691914
epistemic@gamma-poisson,5,180.0,5,6.304902490228415e-05,1.800413706244009,0.5406456553989621,133.30753513691914
epistemic@gamma-poisson,5,240.0,6,6.874901009723544e-05,1.7619594987286613,0.3076210562608863,133.30753513691914
thompson@gamma-poisson,5,30.0,1,2.6629946660250425e-05,2.1542067626942862,1.3377755208722744,84.84878342905391
thompson@gamma-poisson,5,60.0,2,3.904302138835192e-05,2.08043748508674,1.0630592407334656,160.79798520407246
thompson@gamma-poisson,5,120.0,3,4.962197272107005e-05,1.9950480376600697,0.9161637458909333,218.15631856597304
thompson@gamma-poisson,5,180.0,5,7.113191531971097e-05,1.851540281424288,0.835363340442647,218.15631856597304
thompson@gamma-poisson,5,240.0,6,8.120090933516622e-05,1.8637667040805326,0.8346250934248757,218.15631856597304
epig@gamma-poisson,5,30.0,30,0.1005461938912049,2.132961079293743,0.49238640558163693,4.242439171452696
epig@gamma-poisson,5,60.0,60,0.17091919295489788,2.003057286008432,0.4241170105562709,4.242439171452696
epig@gamma-poisson,5,120.0,120,0.3110799842979759,1.759079372333158,0.31027968609587203,4.242439171452696
epig@gamma-poisson,5,180.0,180,0.4504361877916381,1.7117667131144076,0.23925496913954353,4.242439171452696
epig@gamma-poisson,5,240.0,240,0.5895541081554256,1.7161719936797084,0.2234634748085777,4.242439171452696
eig@lognormal-poisson,5,30.0,30,1.9995001850184053,1.9430912080966163,0.4177339146153731,4.242439171452696
eig@lognormal-poisson,5,60.0,60,2.0978358819847926,1.887474035654036,0.38007413833564324,4.242439171452696
eig@lognormal-poisson,5,120.0,120,2.290991054789629,1.868382226388188,0.35701869872431113,4.242439171452696
eig@lognormal-poisson,5,180.0,180,2.480305910052266,1.6963217115046707,0.23431385063683446,4.242439171452696
eig@lognormal-poisson,5,240.0,240,2.6659517370862886,1.6766302116488407,0.21146833449281335,4.242439171452696
maxent@lognormal-poisson,5,30.0,30,1.8893766491673887,1.944838791834832,0.46081046107639967,4.242439171452696
maxent@lognormal-poisson,5,60.0,60,1.9393948332872242,1.9299228937945683,0.45614872215354696,4.242439171452696
maxent@lognormal-poisson,5,120.0,120,2.0393972371239215,1.9397989712497872,0.45865839457737706,4.242439171452696
maxent@lognormal-poisson,5,180.0,180,2.140117227565497,1.9376783692265898,0.45779373523524747,4.242439171452696
maxent@lognormal-poisson,5,240.0,240,2.2440307436627336,1.9297985676846219,0.45608207298932296,4.242439171452696
d-optimality@lognormal-poisson,5,30.0,30,0.00238905061269179,1.9324591139495357,0.46167403289089876,6.363658757179044
d-optimality@lognormal-poisson,5,60.0,60,0.004473161767236888,1.9199519669714047,0.3899635428045765,6.363658757179044
d-optimality@lognormal-poisson,5,120.0,120,0.008624654554296285,1.8976016411879433,0.3746333854747522,6.363658757179044
d-optimality@lognormal-poisson,5,180.0,180,0.012773939466569573,1.6898908185984707,0.23183391317557714,6.363658757179044
d-optimality@lognormal-poisson,5,240.0,240,0.01692997623467818,1.6989777169662148,0.22794801240945636,6.363658757179044
neyman@lognormal-poisson,5,30.0,30,0.002129466913174838,1.9791013080634625,0.44898470423480935,4.242439171452696
neyman@lognormal-poisson,5,60.0,60,0.004250371886882931,1.9598844995949485,0.415000948863557,4.242439171452696
neyman@lognormal-poisson,5,120.0,120,0.008497369941323996,1.8571494519126688,0.3545792040192984,4.242439171452696
neyman@lognormal-poisson,5,180.0,180,0.012764426122885197,1.696733652044584,0.23519817587904637,4.242439171452696
neyman@lognormal-poisson,5,240.0,240,0.017020829138346016,1.6511940331989239,0.19632342709535347,4.242439171452696
predictive-variance@lognormal-poisson,5,30.0,1,0.00036306900437921286,2.1074384152080428,1.1521634169981463,84.84878342905391
predictive-variance@lognormal-poisson,5,60.0,2,0.00044106499990448356,2.062497886469712,1.018156157214432,169.69756685810782
predictive-variance@lognormal-poisson,5,120.0,3,0.0005180190200917423,1.9826906680937464,1.0128186318188954,169.69756685810782
predictive-variance@lognormal-poisson,5,180.0,5,0.0006691310554742813,1.8206394524279936,0.5406221963503298,169.69756685810782
predictive-variance@lognormal-poisson,5,240.0,6,0.0007454740698449314,1.7779397355343907,0.3065980121902786,169.69756685810782
epistemic@lognormal-poisson,5,30.0,1,0.0003530510002747178,2.1074384152080428,1.1521634169981463,84.84878342905391
epistemic@lognormal-poisson,5,60.0,2,0.0004275110550224781,2.062497886469712,1.018156157214432,169.69756685810782
epistemic@lognormal-poisson,5,120.0,3,0.0005013489862903953,1.9826906680937464,1.0128186318188954,169.69756685810782
epistemic@lognormal-poisson,5,180.0,5,0.0006471620290540159,1.8206394524279936,0.5406221963503298,169.69756685810782
epistemic@lognormal-poisson,5,240.0,6,0.0007204390713013709,1.7779397355343907,0.3065980121902786,169.69756685810782
thompson@lognormal-poisson,5,30.0,1,0.00019678898388519883,2.124248997908094,1.3375501248843842,84.84878342905391
thompson@lognormal-poisson,5,60.0,2,0.0003457380225881934,2.0031054692663735,1.0892621065598587,84.84878342905391
thompson@lognormal-poisson,5,120.0,3,0.0004913510056212544,1.958164940528043,0.9463896437472439,142.2071167909545
thompson@lognormal-poisson,5,180.0,5,0.0007714260718785226,1.893970916286947,0.4836139467463953,256.92378351475566
thompson@lognormal-poisson,5,240.0,6,0.0009073800756596029,1.814163697910981,0.47227330008530605,256.92378351475566
eig,6,30.0,30,0.14170210587326437,1.2024712648006792,0.24215277080520922,3.3651230490542297
eig,6,60.0,60,0.22953178390162066,1.1843219682668888,0.20809096872921415,3.3651230490542297
eig,6,120.0,120,0.38700738275656477,1.1491498354210503,0.15166660043767208,3.3651230490542297
eig,6,180.0,180,0.5358469672501087,1.1334176409229648,0.14376269407837722,3.3651230490542297
eig,6,240.0,240,0.686501651071012,1.1256738490550255,0.12632654388632203,3.3651230490542297
epig,6,30.0,30,1.0532905210275203,1.1645199825644228,0.19406333020188787,3.3651230490542297
epig,6,60.0,60,1.7876960660214536,1.2034127565046873,0.23226769946762751,3.3651230490542297
epig,6,120.0,120,3.1765175923355855,1.146398105680169,0.15327558121207233,3.3651230490542297
epig,6,180.0,176,4.4463189781527035,1.1318798070007718,0.1394959089290962,3.3651230490542297
epig,6,240.0,232,5.71064302517334,1.1327798705951249,0.1379169346788134,3.3651230490542297
maxent,6,30.0,30,0.09428513597231358,1.2040622978644195,0.23659466144863797,8.412807622635574
maxent,6,60.0,60,0.17246528813848272,1.1916037548732,0.21914677409194278,8.412807622635574
maxent,6,120.0,120,0.3489130639936775,1.1761371674281553,0.2120726493252944,8.412807622635574
maxent,6,180.0,180,0.5248243847745471,1.1760307612624945,0.21229930264047056,8.412807622635574
maxent,6,240.0,240,0.6971210295450874,1.1774103963800415,0.2118633290629808,8.412807622635574
d-optimality,6,30.0,30,0.006693731062114239,1.1594169136278827,0.18395168087259153,3.3651230490542297
d-optimality,6,60.0,60,0.011414329870603979,1.1758382264451832,0.20258313239632378,3.3651230490542297
d-optimality,6,120.0,120,0.020620047231204808,1.1485566037935027,0.15298147067313445,3.3651230490542297
d-optimality,6,180.0,180,0.029709816386457533,1.1346527342050374,0.14627917039164662,3.3651230490542297
d-optimality,6,240.0,240,0.03929491137387231,1.1311816458345725,0.1352532648549684,3.3651230490542297
neyman,6,30.0,30,0.010593133978545666,1.1630617301115485,0.18242523608437278,1.6825615245271148
neyman,6,60.0,60,0.020572464971337467,1.197872580985835,0.22578649862687802,1.6825615245271148
neyman,6,120.0,120,0.039983475231565535,1.1522714032782304,0.15474547035058567,1.6825615245271148
neyman,6,180.0,180,0.06062795204343274,1.1375569956553186,0.12960194147887677,1.6825615245271148
neyman,6,240.0,240,0.08172355883289129,1.1070159425000592,0.08314713321358316,1.6825615245271148
predictive-variance,6,30.0,1,0.0022848060471005738,1.1934719975037735,0.27978343611436174,67.3024609810846
predictive-variance,6,60.0,2,0.00243031803984195,1.1710910313527612,0.24551850261963512,134.6049219621692
predictive-variance,6,120.0,3,0.0025716620148159564,1.15042577579402,0.1426173516408244,134.6049219621692
predictive-variance,6,180.0,5,0.003322076052427292,1.1142437423785652,0.08716061953793902,134.6049219621692
predictive-variance,6,240.0,6,0.0036844140850007534,1.1150479839869631,0.08649706668962284,134.6049219621692
epistemic,6,30.0,1,0.002271450008265674,1.1934719975037735,0.27978343611436174,67.3024609810846
epistemic,6,60.0,2,0.0024144380004145205,1.1710910313527612,0.24551850261963512,134.6049219621692
epistemic,6,120.0,3,0.002555301005486399,1.15042577579402,0.1426173516408244,134.6049219621692
epistemic,6,180.0,5,0.0030572229879908264,1.1360810485217627,0.1352222025693275,134.6049219621692
epistemic,6,240.0,6,0.0031977059552446008,1.1381123920821952,0.13526198070536086,134.6049219621692
thompson,6,30.0,1,0.0012729219743050635,1.1934719975037735,0.27978343611436174,67.3024609810846
thompson,6,60.0,2,0.0021805510041303933,1.1823844955734373,0.27473366843196106,134.6049219621692
thompson,6,120.0,3,0.0031896390137262642,1.161719240014696,0.18851780401473367,134.6049219621692
thompson,6,180.0,5,0.005007761006709188,1.125537206599241,0.15098419466862195,134.6049219621692
thompson,6,240.0,6,0.005960183043498546,1.1263414482076393,0.15060211149716338,134.6049219621692
uniform,6,30.0,3,5.809939466416836e-06,1.225226293909102,0.3114163865799978,50.47684573581344
uniform,6,60.0,6,8.634990081191063e-06,1.1828546147828498,0.23488511257535588,84.12807622635574
uniform,6,120.0,12,1.2642994988709688e-05,1.1811923381147686,0.20209174677012898,84.12807622635574
uniform,6,180.0,18,1.6829988453537226e-05,1.1449571161641736,0.15754769421352977,84.12807622635574
uniform,6,240.0,24,2.078711986541748e-05,1.124528042514689,0.14846789692547815,84.12807622635574
random,6,30.0,2,1.926603727042675e-05,1.2572989170018132,0.5383837367554323,4.206403811317787
random,6,60.0,3,2.2592023015022278e-05,1.2537999388505048,0.538525701790655,4.206403811317787
random,6,120.0,5,2.7731992304325104e-05,1.2495647554735598,0.53829388938892,4.206403811317787
random,6,180.0,7,3.28009482473135e-05,1.2323367559811944,0.5364515159826406,4.206403811317787
random,6,240.0,18,5.770917050540447e-05,1.1462732416854873,0.19285322692867435,4.206403811317787
eig@gamma-poisson,6,30.0,30,0.009622439974918962,1.1846720457378759,0.21047588127942932,3.3651230490542297
eig@gamma-poisson,6,60.0,60,0.016150335024576634,1.1787541576301954,0.20330626369343374,3.3651230490542297
eig@gamma-poisson,6,120.0,120,0.028816373785957694,1.1616064269714903,0.14932377879990372,3.3651230490542297
eig@gamma-poisson,6,180.0,180,0.04120506753679365,1.1319564926170316,0.1297421682136548,3.3651230490542297
eig@gamma-poisson,6,240.0,240,0.05346968141384423,1.122193852315805,0.1268400355053052,3.3651230490542297
maxent@gamma-poisson,6,30.0,30,0.00762561772717163,1.2031583106793777,0.24313064739422838,8.412807622635574
maxent@gamma-poisson,6,60.0,60,0.012813120847567916,1.192255633339274,0.22844746812668673,8.412807622635574
maxent@gamma-poisson,6,120.0,120,0.0231451487634331,1.1774507555521505,0.22247572157650963,8.412807622635574
maxent@gamma-poisson,6,180.0,180,0.033354519691783935,1.1774165642557277,0.2226738881953797,8.412807622635574
maxent@gamma-poisson,6,240.0,240,0.043529581802431494,1.1788194162323158,0.22222444667272312,8.412807622635574
d-optimality@gamma-poisson,6,30.0,30,0.00020737736485898495,1.1393750042690467,0.1411649560426118,3.3651230490542297
d-optimality@gamma-poisson,6,60.0,60,0.00036695803282782435,1.1696035548909498,0.1970481744510236,3.3651230490542297
d-optimality@gamma-poisson,6,120.0,120,0.0006780159892514348,1.1863167734005036,0.18537528131241043,3.3651230490542297
d-optimality@gamma-poisson,6,180.0,180,0.0009909758227877319,1.1323608608222224,0.1497211394540711,3.3651230490542297
d-optimality@gamma-poisson,6,240.0,240,0.0013018239988014102,1.1313242953090796,0.14221724683080253,3.3651230490542297
neyman@gamma-poisson,6,30.0,30,0.00020386342657729983,1.1581922980973898,0.16005633269676184,1.6825615245271148
neyman@gamma-poisson,6,60.0,60,0.000394675531424582,1.202406904922139,0.2242249743778171,1.6825615245271148
neyman@gamma-poisson,6,120.0,120,0.0007725078030489385,1.1479852478085464,0.14286366663753275,1.6825615245271148
neyman@gamma-poisson,6,180.0,180,0.001148157229181379,1.1380207391142185,0.12541103597146155,1.6825615245271148
neyman@gamma-poisson,6,240.0,240,0.0015223812661133707,1.1039845524993868,0.08306779949135752,1.6825615245271148
predictive-variance@gamma-poisson,6,30.0,1,5.2688003052026033e-05,1.1998895199120525,0.2786844937869011,67.3024609810846
predictive-variance@gamma-poisson,6,60.0,2,5.990202771499753e-05,1.1646790807619378,0.24427803699286602,125.90802095564426
predictive-variance@gamma-poisson,6,120.0,3,6.637308979406953e-05,1.149855914233903,0.13702194648394342,125.90802095564426
predictive-variance@gamma-poisson,6,180.0,5,7.851712871342897e-05,1.1153011013604883,0.08388577848136125,125.90802095564426
predictive-variance@gamma-poisson,6,240.0,6,8.419808000326157e-05,1.1161419115545377,0.08309235194026163,125.90802095564426
epistemic@gamma-poisson,6,30.0,1,3.72190261259675e-05,1.1998895199120525,0.2786844937869011,67.3024609810846
epistemic@gamma-poisson,6,60.0,2,4.366098437458277e-05,1.1646790807619378,0.24427803699286602,125.90802095564426
epistemic@gamma-poisson,6,120.0,3,4.956201883032918e-05,1.149855914233903,0.13702194648394342,125.90802095564426
epistemic@gamma-poisson,6,180.0,5,6.0252961702644825e-05,1.1324832894285133,0.1292384374895413,125.90802095564426
epistemic@gamma-poisson,6,240.0,6,6.591295823454857e-05,1.134760705990015,0.12906066848375328,125.90802095564426
thompson@gamma-poisson,6,30.0,1,2.729095285758376e-05,1.1998895199120525,0.2786844937869011,67.3024609810846
thompson@gamma-poisson,6,60.0,2,3.88229382224381e-05,1.1850663533840178,0.1917506233064757,67.3024609810846
thompson@gamma-poisson,6,120.0,3,4.9723952542990446e-05,1.149855914233903,0.13702194648394342,67.3024609810846
thompson@gamma-poisson,6,180.0,5,7.098302012309432e-05,1.1153011013604883,0.08388577848136125,67.3024609810846
thompson@gamma-poisson,6,240.0,6,8.077197708189487e-05,1.1161419115545377,0.08309235194026163,67.3024609810846
epig@gamma-poisson,6,30.0,30,0.09704375005094334,1.1836310160340189,0.20847686559876827,3.3651230490542297
epig@gamma-poisson,6,60.0,60,0.1674025213578716,1.1901202586336233,0.21915426704796498,3.3651230490542297
epig@gamma-poisson,6,120.0,120,0.3064044901984744,1.1624424337568042,0.15313942346138085,3.3651230490542297
epig@gamma-poisson,6,180.0,180,0.44488524395274,1.1361329832280125,0.13350931260339882,3.3651230490542297
epig@gamma-poisson,6,240.0,240,0.5839813151396811,1.1308104236745853,0.14208256317921175,3.3651230490542297
eig@lognormal-poisson,6,30.0,30,0.3099130791379139,1.2105174570482211,0.24990023719974905,3.3651230490542297
eig@lognormal-poisson,6,60.0,60,0.40802237344905734,1.1718115559356612,0.19265593742034312,3.3651230490542297
eig@lognormal-poisson,6,120.0,120,0.5928424245212227,1.1516414584384822,0.15182132252337052,3.3651230490542297
eig@lognormal-poisson,6,180.0,180,0.7731318745063618,1.1314497123376601,0.13766525888522346,3.3651230490542297
eig@lognormal-poisson,6,240.0,240,0.9490653003449552,1.1315493172942295,0.13587375790545278,3.3651230490542297
maxent@lognormal-poisson,6,30.0,30,0.23700524994637817,1.2077850777197598,0.24482799829788765,8.412807622635574
maxent@lognormal-poisson,6,60.0,60,0.2784715520683676,1.1949302309471939,0.22751000900423335,8.412807622635574
maxent@lognormal-poisson,6,120.0,120,0.37094619043637067,1.179231018412868,0.22039423300204639,8.412807622635574
maxent@lognormal-poisson,6,180.0,180,0.46574220299953595,1.1790010582928427,0.22064443749078974,8.412807622635574
maxent@lognormal-poisson,6,240.0,240,0.5626590949250385,1.1803710853572607,0.22021146817674647,8.412807622635574
d-optimality@lognormal-poisson,6,30.0,30,0.0024301499943248928,1.1645828178407227,0.19328698885368983,3.3651230490542297
d-optimality@lognormal-poisson,6,60.0,60,0.004459720104932785,1.1835586848866702,0.20987941155514447,3.3651230490542297
d-optimality@lognormal-poisson,6,120.0,120,0.008474576228763908,1.1532691529172632,0.15908953039177168,3.3651230490542297
d-optimality@lognormal-poisson,6,180.0,180,0.012473105918616056,1.12636779329958,0.13581604639638564,3.3651230490542297
d-optimality@lognormal-poisson,6,240.0,240,0.016468174464534968,1.1278134307618084,0.12970147539941987,3.3651230490542297
neyman@lognormal-poisson,6,30.0,30,0.002052021154668182,1.1648726156975078,0.18788976433704943,1.6825615245271148
neyman@lognormal-poisson,6,60.0,60,0.004130242043174803,1.190918786179745,0.21686768646505036,1.6825615245271148
neyman@lognormal-poisson,6,120.0,120,0.008245350676588714,1.153011511003008,0.15723989275152173,1.6825615245271148
neyman@lognormal-poisson,6,180.0,180,0.012385320384055376,1.1323076620843264,0.12243704034249157,1.6825615245271148
neyman@lognormal-poisson,6,240.0,240,0.01650806498946622,1.1040861598879177,0.08437577846184806,1.6825615245271148
predictive-variance@lognormal-poisson,6,30.0,1,0.0003596020396798849,1.1921118538599909,0.27993649058969056,67.3024609810846
predictive-variance@lognormal-poisson,6,60.0,2,0.0004360350430943072,1.169930286336918,0.24569664661494764,125.90802095564426
predictive-variance@lognormal-poisson,6,120.0,3,0.0005108659970574081,1.150488098280731,0.14372783975538145,125.90802095564426
predictive-variance@lognormal-poisson,6,180.0,5,0.0006642040098086,1.1139030011978435,0.08753101078813756,125.90802095564426
predictive-variance@lognormal-poisson,6,240.0,6,0.0007405580254271626,1.1146364415501646,0.08695205425599394,125.90802095564426
epistemic@lognormal-poisson,6,30.0,1,0.00035295000998303294,1.1921118538599909,0.27993649058969056,67.3024609810846
epistemic@lognormal-poisson,6,60.0,2,0.0004286720650270581,1.169930286336918,0.24569664661494764,125.90802095564426
epistemic@lognormal-poisson,6,120.0,3,0.0005033620400354266,1.150488098280731,0.14372783975538145,125.90802095564426
epistemic@lognormal-poisson,6,180.0,5,0.0006501161842606962,1.1356737934961403,0.13633014523861153,125.90802095564426
epistemic@lognormal-poisson,6,240.0,6,0.0007229821640066803,1.1373738199619228,0.13622900915799768,125.90802095564426
thompson@lognormal-poisson,6,30.0,1,0.00019603699911385775,1.1921118538599909,0.27993649058969056,67.3024609810846
thompson@lognormal-poisson,6,60.0,2,0.0003359579714015126,1.1807155843602073,0.27472119849790483,134.6049219621692
thompson@lognormal-poisson,6,120.0,3,0.0004689260385930538,1.1585340168371345,0.23973764889621277,193.21048193672885
thompson@lognormal-poisson,6,180.0,5,0.0007337000570259988,1.1070004219602618,0.06676387086902419,193.21048193672885
thompson@lognormal-poisson,6,240.0,6,0.0008777690818533301,1.10250673169806,0.0690577728430796,193.21048193672885
eig,7,30.0,30,0.1581170936115086,1.931067076649905,0.5958410503209369,15.87057508533514
eig,7,60.0,60,0.25083065271610394,1.834298696537904,0.4382228446032644,15.87057508533514
eig,7,120.0,120,0.4204052840359509,1.7969221481769582,0.20216514129368487,15.87057508533514
eig,7,180.0,180,0.5866712387069128,1.7359181571233526,0.1644211540504388,15.87057508533514
eig,7,240.0,240,0.7486931815510616,1.6935487351133325,0.10266424932936907,15.87057508533514
epig,7,30.0,30,1.1095614891382866,1.931067076649905,0.5958410503209369,15.87057508533514
epig,7,60.0,60,1.871166667318903,1.833558714171092,0.4341197157865606,15.87057508533514
epig,7,120.0,120,3.4090334272477776,1.7769220735647122,0.17897805519332807,15.87057508533514
epig,7,180.0,177,4.859404261223972,1.7407112313300577,0.1643123295032727,15.87057508533514
epig,7,240.0,234,6.2901784822461195,1.7058560197799733,0.1165915884445547,15.87057508533514
maxent,7,30.0,30,0.11939060169970617,2.01063777981495,0.5025714753679169,0.0
maxent,7,60.0,60,0.21627114317379892,2.0137112045570027,0.5031389491289133,0.0
maxent,7,120.0,120,0.4059419110417366,2.0144328177838626,0.5020620769319823,0.0
maxent,7,180.0,180,0.5928925179759972,2.011027477067915,0.498609963388387,0.0
maxent,7,240.0,240,0.7780955365742557,2.011225415323683,0.4986266075405872,0.0
d-optimality,7,30.0,30,0.006687015935312957,1.931067076649905,0.5958410503209369,23.649958756639286
d-optimality,7,60.0,60,0.011134629836305976,1.8338376642313563,0.4379590356146077,23.649958756639286
d-optimality,7,120.0,120,0.019893037679139525,1.7793913439577838,0.1896666260374137,23.649958756639286
d-optimality,7,180.0,180,0.029545604367740452,1.7294337542549016,0.15709699290744536,23.649958756639286
d-optimality,7,240.0,240,0.03962778591085225,1.6934357727669156,0.1042798901847585,23.649958756639286
neyman,7,30.0,30,0.010129500296898186,1.8984080739908684,0.5828351724058485,10.528415433102287
neyman,7,60.0,60,0.019671180401928723,1.8232979563121068,0.43874208612382726,10.528415433102287
neyman,7,120.0,120,0.039681533351540565,1.789278153301441,0.19401762738431444,10.528415433102287
neyman,7,180.0,180,0.05960696254624054,1.7730291268921514,0.20589065705180168,10.528415433102287
neyman,7,240.0,240,0.07939512538723648,1.752525962707006,0.18125887044251465,10.528415433102287
predictive-variance,7,30.0,1,0.002295194019097835,2.0287432216287713,0.8772605856009126,81.31927131638437
predictive-variance,7,60.0,2,0.0026669290382415056,2.008258919141125,0.8026902439510408,162.63854263276875
predictive-variance,7,120.0,3,0.0028111290303058922,1.9703629484202325,0.6279525832720076,243.95781394915312
predictive-variance,7,180.0,5,0.003323758952319622,1.8516435921060188,0.22888587853376888,243.95781394915312
predictive-variance,7,240.0,6,0.003469420946203172,1.8153589051974193,0.22783000198182995,243.95781394915312
epistemic,7,30.0,1,0.0025493910652585328,2.0287432216287713,0.8772605856009126,81.31927131638437
epistemic,7,60.0,2,0.002921738021541387,2.008258919141125,0.8026902439510408,162.63854263276875
epistemic,7,120.0,3,0.0030790920718573034,1.9703629484202325,0.6279525832720076,243.95781394915312
epistemic,7,180.0,5,0.0035910099977627397,1.8516435921060188,0.22888587853376888,243.95781394915312
epistemic,7,240.0,6,0.003743305045645684,1.8153589051974193,0.22783000198182995,243.95781394915312
thompson,7,30.0,1,0.001455413002986461,2.0372609618981823,0.7252841205042512,109.96127047192556
thompson,7,60.0,2,0.002516428998205811,2.0020001979733557,0.7245960887034337,213.6863860893142
thompson,7,120.0,3,0.003482426982372999,1.9672499231078149,0.6266784277217757,213.6863860893142
thompson,7,180.0,5,0.005406235926784575,1.939770946525096,0.5015359927267677,213.6863860893142
thompson,7,240.0,6,0.0063410449074581265,1.9394192942017485,0.50008265087445,213.6863860893142
uniform,7,30.0,3,5.841022357344627e-06,1.9977531096104382,0.721145326485503,20.329817829096093
uniform,7,60.0,6,8.517061360180378e-06,1.940540267972792,0.5681758660999091,60.98945348728828
uniform,7,120.0,12,1.2773030903190374e-05,1.8400494088429367,0.43125060035633844,60.98945348728828
uniform,7,180.0,18,1.6889069229364395e-05,1.7602914048009863,0.17385964935434028,60.98945348728828
uniform,7,240.0,24,2.1119078155606985e-05,1.7297683103893908,0.15716760677619906,60.98945348728828
random,7,30.0,1,1.6140984371304512e-05,2.068997771782248,0.880732477942844,0.0
random,7,60.0,5,2.5990069843828678e-05,1.9748167129838758,0.7024336835876626,25.93127890434716
random,7,120.0,9,3.507797373458743e-05,1.8973718746127368,0.6994809921008361,107.25055022073153
random,7,180.0,10,3.782298881560564e-05,1.8888951464665293,0.6978740545821978,188.5698215371159
random,7,240.0,31,7.984688272699714e-05,1.8017687800414885,0.4152624068032287,281.07049265950315
eig@gamma-poisson,7,30.0,30,0.010406761954072863,1.9182338820957463,0.594137259167307,12.078710999403448
eig@gamma-poisson,7,60.0,60,0.017210785881616175,1.8382406995586624,0.48244665565096506,12.078710999403448
eig@gamma-poisson,7,120.0,120,0.030303133884444833,1.772841701380681,0.18430369338303978,12.078710999403448
eig@gamma-poisson,7,180.0,180,0.043014811526518315,1.743613248007082,0.171552790803828,12.078710999403448
eig@gamma-poisson,7,240.0,240,0.055594358302187175,1.6982408497531214,0.12419067817984876,12.078710999403448
maxent@gamma-poisson,7,30.0,30,0.008065128873568028,2.0584079241685704,0.5684493414230564,0.0
maxent@gamma-poisson,7,60.0,60,0.0134340466465801,2.0612550346976772,0.5686735950978138,0.0
maxent@gamma-poisson,7,120.0,120,0.024014283437281847,2.0618562081211462,0.5675663913927648,0.0
maxent@gamma-poisson,7,180.0,180,0.034560343134216964,2.0583776769666233,0.5643916925281004,0.0
maxent@gamma-poisson,7,240.0,240,0.045080314215738326,2.058566925867677,0.564405903889271,0.0
d-optimality@gamma-poisson,7,30.0,30,0.0002153656678274274,1.9011019385497032,0.5678845342503633,12.078710999403448
d-optimality@gamma-poisson,7,60.0,60,0.00038081640377640724,1.847026196129171,0.4645097737884066,12.078710999403448
d-optimality@gamma-poisson,7,120.0,120,0.0006997946766205132,1.7813931896787016,0.20679730837480562,12.078710999403448
d-optimality@gamma-poisson,7,180.0,180,0.001018906885292381,1.733217805418354,0.1596283847174592,12.078710999403448
d-optimality@gamma-poisson,7,240.0,240,0.0013402694603428245,1.7123830200723027,0.14097539179851512,12.078710999403448
neyman@gamma-poisson,7,30.0,30,0.00020751013653352857,1.9330019831263003,0.6000698809474351,2.749031761798139
neyman@gamma-poisson,7,60.0,60,0.0004025131929665804,1.8214464240365456,0.41967475442188706,2.749031761798139
neyman@gamma-poisson,7,120.0,120,0.0007856233278289437,1.7970392929692267,0.20536613377528626,2.749031761798139
neyman@gamma-poisson,7,180.0,180,0.0011663154000416398,1.7925753062304393,0.22310020031159036,2.749031761798139
neyman@gamma-poisson,7,240.0,240,0.0015499006258323789,1.7514348442102985,0.1761574236262492,2.749031761798139
predictive-variance@gamma-poisson,7,30.0,1,4.867097595706582e-05,2.0481597608122226,0.8772706095063284,81.31927131638437
predictive-variance@gamma-poisson,7,60.0,2,5.5904965847730637e-05,2.028618583917785,0.8028982669569389,162.63854263276875
predictive-variance@gamma-poisson,7,120.0,3,6.236694753170013e-05,1.974531611024986,0.6282155177490893,243.95781394915312
predictive-variance@gamma-poisson,7,180.0,5,7.635296788066626e-05,1.879265208559553,0.23069607269898834,243.95781394915312
predictive-variance@gamma-poisson,7,240.0,6,8.307496318593621e-05,1.8262634501730821,0.22972152062169598,243.95781394915312
epistemic@gamma-poisson,7,30.0,1,3.8391968701034784e-05,2.0481597608122226,0.8772706095063284,81.31927131638437
epistemic@gamma-poisson,7,60.0,2,4.488392733037472e-05,2.028618583917785,0.8028982669569389,162.63854263276875
epistemic@gamma-poisson,7,120.0,3,5.0725939217954874e-05,1.974531611024986,0.6282155177490893,243.95781394915312
epistemic@gamma-poisson,7,180.0,5,6.300891982391477e-05,1.879265208559553,0.23069607269898834,243.95781394915312
epistemic@gamma-poisson,7,240.0,6,6.895896513015032e-05,1.8262634501730821,0.22972152062169598,243.95781394915312
thompson@gamma-poisson,7,30.0,1,2.4155073333531618e-05,2.08133162791194,0.8828214412229879,105.42473730909427
thompson@gamma-poisson,7,60.0,2,3.646704135462642e-05,2.0617904510175022,0.8089595798690342,210.84947461818854
thompson@gamma-poisson,7,120.0,3,4.7829002141952515e-05,2.000843115580436,0.8049814207878777,292.16874593457294
thompson@gamma-poisson,7,180.0,5,6.707507418468595e-05,1.9485452125660891,0.6319416092400201,454.80728856734174
thompson@gamma-poisson,7,240.0,6,7.68030877225101e-05,1.884682223050359,0.43528378715101246,536.1265598837261
epig@gamma-poisson,7,30.0,30,0.1003301526652649,1.9182338820957463,0.594137259167307,12.078710999403448
epig@gamma-poisson,7,60.0,60,0.171796721406281,1.8484902644207954,0.47976660142384253,19.858094670707594
epig@gamma-poisson,7,120.0,120,0.31411920877872035,1.7598589881497064,0.17595064140218716,19.858094670707594
epig@gamma-poisson,7,180.0,177,0.45009651756845415,1.7442454831713168,0.17084584112754667,19.858094670707594
epig@gamma-poisson,7,240.0,235,0.5883281258866191,1.7264442151307566,0.14817820623668157,19.858094670707594
eig@lognormal-poisson,7,30.0,30,0.7189920600503683,1.9233703912079367,0.5867572936034988,5.498063523596278
eig@lognormal-poisson,7,60.0,60,0.8190506251412444,1.8284631852580155,0.4376824539707906,5.498063523596278
eig@lognormal-poisson,7,120.0,120,1.0117408082005568,1.777101460856333,0.18550140671045956,5.498063523596278
eig@lognormal-poisson,7,180.0,180,1.2067554258392192,1.7290711831402137,0.15358151046509025,5.498063523596278
eig@lognormal-poisson,7,240.0,240,1.3965856950962916,1.6933883014017947,0.10234551924330805,5.498063523596278
maxent@lognormal-poisson,7,30.0,30,0.61891521216603,2.009464163383021,0.5208334530753058,0.0
maxent@lognormal-poisson,7,60.0,60,0.6728795205126517,2.012646188095475,0.5215587581011439,0.0
maxent@lognormal-poisson,7,120.0,120,0.7827154499245808,2.013423847664862,0.5205857370252563,0.0
maxent@lognormal-poisson,7,180.0,180,0.8923922038520686,2.0099321006882245,0.5173917324696329,0.0
maxent@lognormal-poisson,7,240.0,240,1.0027356550563127,2.009935997178841,0.5174278702091694,0.0
d-optimality@lognormal-poisson,7,30.0,30,0.0023831920116208494,1.9163836755232262,0.5830130766761877,5.498063523596278
d-optimality@lognormal-poisson,7,60.0,60,0.004460491589270532,1.8205653760522942,0.4348659925676751,5.498063523596278
d-optimality@lognormal-poisson,7,120.0,120,0.008597538049798459,1.7694973609941427,0.1721304806336829,5.498063523596278
d-optimality@lognormal-poisson,7,180.0,180,0.012728298956062645,1.7364873215217813,0.16468700890061125,5.498063523596278
d-optimality@lognormal-poisson,7,240.0,240,0.01687990693608299,1.7014565318229122,0.10869000125039917,5.498063523596278
neyman@lognormal-poisson,7,30.0,30,0.0020908339647576213,1.8937567577637262,0.5776609555513622,2.749031761798139
neyman@lognormal-poisson,7,60.0,60,0.004200838040560484,1.8262640379939377,0.4512664971439204,2.749031761798139
neyman@lognormal-poisson,7,120.0,120,0.00843181397067383,1.7773894320563792,0.19090287151910704,2.749031761798139
neyman@lognormal-poisson,7,180.0,180,0.012671211326960474,1.77134751325824,0.20532745828064972,2.749031761798139
neyman@lognormal-poisson,7,240.0,240,0.016923477582167834,1.751284788849197,0.1801288167201201,2.749031761798139
predictive-variance@lognormal-poisson,7,30.0,1,0.000375783012714237,2.0308300282455822,0.8772611792965531,81.31927131638437
predictive-variance@lognormal-poisson,7,60.0,2,0.00045278703328222036,2.004734458093936,0.8029665147912295,162.63854263276875
predictive-variance@lognormal-poisson,7,120.0,3,0.0005290499539114535,1.9645017746859665,0.6284084438017915,243.95781394915312
predictive-variance@lognormal-poisson,7,180.0,5,0.0006817958783358335,1.8437678815985172,0.22863582453274245,243.95781394915312
predictive-variance@lognormal-poisson,7,240.0,6,0.0007599019445478916,1.811440344754477,0.2275834138285741,243.95781394915312
epistemic@lognormal-poisson,7,30.0,1,0.0003642920055426657,2.0308300282455822,0.8772611792965531,81.31927131638437
epistemic@lognormal-poisson,7,60.0,2,0.0004401539918035269,2.004734458093936,0.8029665147912295,162.63854263276875
epistemic@lognormal-poisson,7,120.0,3,0.0005162969464436173,1.9645017746859665,0.6284084438017915,243.95781394915312
epistemic@lognormal-poisson,7,180.0,5,0.0006664369138889015,1.8437678815985172,0.22863582453274245,243.95781394915312
epistemic@lognormal-poisson,7,240.0,6,0.0007422489579766989,1.811440344754477,0.2275834138285741,243.95781394915312
thompson@lognormal-poisson,7,30.0,1,0.00019721896387636662,2.0319651240703336,0.7253731348184985,0.0
thompson@lognormal-poisson,7,60.0,2,0.0003413988742977381,1.9905973448376126,0.7209224126535355,81.31927131638437
thompson@lognormal-poisson,7,120.0,3,0.00047946785343810916,1.9577000912222413,0.6219085424821607,81.31927131638437
thompson@lognormal-poisson,7,180.0,5,0.0007483517983928323,1.9248222747980812,0.49650684565259573,81.31927131638437
thompson@lognormal-poisson,7,240.0,6,0.0008851077873259783,1.924507216133198,0.49506159915845305,81.31927131638437
eig,8,30.0,30,0.15925922273891047,1.5592556458964506,0.32544456219650064,13.449620152318015
eig,8,60.0,60,0.25618032389320433,1.571143072650546,0.43716066209354815,13.449620152318015
eig,8,120.0,120,0.43871890689479187,1.4966114212266477,0.23571499699948528,13.449620152318015
eig,8,180.0,180,0.6126566916937009,1.4769193574557509,0.26087716840928726,13.449620152318015
eig,8,240.0,240,0.7861219974583946,1.4555659865722743,0.20290060902630783,13.449620152318015
epig,8,30.0,30,1.2368430680944584,1.5592556458964506,0.32544456219650064,13.449620152318015
epig,8,60.0,60,2.0762057970277965,1.571143072650546,0.43716066209354815,13.449620152318015
epig,8,120.0,120,3.8314527554321103,1.504639367596641,0.2739847523998854,13.449620152318015
epig,8,180.0,174,5.394517531443853,1.4926575994030065,0.2970063382335117,13.449620152318015
epig,8,240.0,228,6.841445906262379,1.4600902961490558,0.2011150240703589,13.449620152318015
maxent,8,30.0,30,0.12083740998059511,1.7097662195661412,0.5242535951578877,10.08721511423851
maxent,8,60.0,60,0.2223245146451518,1.6947357918781876,0.4697666146937861,10.08721511423851
maxent,8,120.0,120,0.4220346118672751,1.6913882233057003,0.4580032358919359,10.08721511423851
maxent,8,180.0,180,0.6215230458765291,1.6878717993277232,0.44874988206118394,10.08721511423851
maxent,8,240.0,240,0.820587923633866,1.6862069101309427,0.44530303245154584,10.08721511423851
d-optimality,8,30.0,30,0.006645039422437549,1.5953686449897038,0.3678843533054035,13.449620152318015
d-optimality,8,60.0,60,0.0109675646526739,1.5709966197600727,0.41701323996108214,13.449620152318015
d-optimality,8,120.0,120,0.020391948870383203,1.5070984729325019,0.32676702789790096,13.449620152318015
d-optimality,8,180.0,180,0.03054576041176915,1.477254277117585,0.2925169148837378,13.449620152318015
d-optimality,8,240.0,240,0.041858832351863384,1.4491563197978972,0.25012792902304354,13.449620152318015
neyman,8,30.0,30,0.010408236004877836,1.6061446417014338,0.5116063647653291,20.174430228477025
neyman,8,60.0,60,0.020312443608418107,1.6126228040718118,0.48173740646768437,20.174430228477025
neyman,8,120.0,120,0.041200258827302605,1.5264238744035603,0.3462174150073558,20.174430228477025
neyman,8,180.0,180,0.06393619976006448,1.4965812030358752,0.19912140883427676,20.174430228477025
neyman,8,240.0,240,0.08788898016791791,1.4982397250611454,0.2076295490598327,20.174430228477025
predictive-variance,8,30.0,1,0.0023056839709170163,1.8227918992652128,1.1519587439990207,134.49620152318016
predictive-variance,8,60.0,2,0.002676678996067494,1.6638885210742407,0.40226053935604994,134.49620152318016
predictive-variance,8,120.0,3,0.0030470220372080803,1.6319896475030566,0.2659285251011099,134.49620152318016
predictive-variance,8,180.0,5,0.0035582780255936086,1.512047460923667,0.16683330118097242,134.49620152318016
predictive-variance,8,240.0,6,0.0037008350482210517,1.4828859834320294,0.1705490465805793,134.49620152318016
epistemic,8,30.0,1,0.0022828010842204094,1.8227918992652128,1.1519587439990207,134.49620152318016
epistemic,8,60.0,2,0.002653494128026068,1.6638885210742407,0.40226053935604994,134.49620152318016
epistemic,8,120.0,3,0.003020671079866588,1.6319896475030566,0.2659285251011099,134.49620152318016
epistemic,8,180.0,5,0.003529143985360861,1.512047460923667,0.16683330118097242,134.49620152318016
epistemic,8,240.0,6,0.0036702679935842752,1.4828859834320294,0.1705490465805793,134.49620152318016
thompson,8,30.0,1,0.0012738329824060202,1.726737635423672,0.43715690467315477,0.0
thompson,8,60.0,2,0.0022917980095371604,1.732862320058303,0.45308916649129694,0.0
thompson,8,120.0,3,0.003236296004615724,1.7283536080163415,0.43862677418232415,0.0
thompson,8,180.0,5,0.005195903067942709,1.662106753781327,0.3938107815691229,0.0
thompson,8,240.0,6,0.00613444804912433,1.6600125603355214,0.38900577992953345,0.0
uniform,8,30.0,3,1.2082920875400305e-05,1.8658292748023115,1.1626552857204198,100.87215114238512
uniform,8,60.0,6,1.5149882528930902e-05,1.8255918706132974,1.15457181474246,201.74430228477024
uniform,8,120.0,12,1.9477854948490858e-05,1.5452998832241087,0.44946387615222994,201.74430228477024
uniform,8,180.0,18,2.3806875105947256e-05,1.5350009706780063,0.44116986196019875,201.74430228477024
uniform,8,240.0,24,2.7974892873317003e-05,1.4684371842555086,0.29650141952085557,201.74430228477024
random,8,30.0,6,3.176904283463955e-05,1.7916852053282482,1.1112088296358298,253.14847521974932
random,8,60.0,6,3.176904283463955e-05,1.7916852053282482,1.1112088296358298,253.14847521974932
random,8,120.0,12,4.670803900808096e-05,1.5949429091186957,0.6018665883991074,431.35594223796306
random,8,180.0,17,5.78411272726953e-05,1.5921787912488072,0.6015367837874225,715.4791679556811
random,8,240.0,22,7.031520362943411e-05,1.5790551208558965,0.6140815869349544,828.1197367313445
eig@gamma-poisson,8,30.0,30,0.010549355414696038,1.689550311677533,0.4632283734465853,3.362405038079504
eig@gamma-poisson,8,60.0,60,0.01725965231889859,1.5893765826852695,0.4287608515036019,3.362405038079504
eig@gamma-poisson,8,120.0,120,0.030139418609905988,1.5049981628960662,0.36080549897092024,3.362405038079504
eig@gamma-poisson,8,180.0,180,0.042824131553061306,1.4773641867934202,0.28636254356934654,3.362405038079504
eig@gamma-poisson,8,240.0,240,0.055245556693989784,1.465532475902654,0.2793913893741429,3.362405038079504
maxent@gamma-poisson,8,30.0,30,0.007853317249100655,1.8918643357494906,1.1524783976257174,100.87215114238506
maxent@gamma-poisson,8,60.0,60,0.013070424436591566,1.886041866648535,1.1523860500466099,201.7443022847704
maxent@gamma-poisson,8,120.0,120,0.02337874926161021,1.888691832658585,1.1518266313496994,403.4886045695401
maxent@gamma-poisson,8,180.0,180,0.03372397302882746,1.886898151834789,1.1516671566490662,605.2329068543094
maxent@gamma-poisson,8,240.0,240,0.044025612354744226,1.8878797593804852,1.1517207601134554,806.9772091390786
d-optimality@gamma-poisson,8,30.0,30,0.0002143604215234518,1.6134934372645213,0.38837292144010777,0.0
d-optimality@gamma-poisson,8,60.0,60,0.0003821902791969478,1.587651889146591,0.42885880239398627,0.0
d-optimality@gamma-poisson,8,120.0,120,0.0007077093468979001,1.5265981346884423,0.41433506894024397,0.0
d-optimality@gamma-poisson,8,180.0,180,0.0010381031897850335,1.4809578872660485,0.27705572030370307,0.0
d-optimality@gamma-poisson,8,240.0,240,0.0013483930961228907,1.4739342322233255,0.3031435086015786,0.0
neyman@gamma-poisson,8,30.0,30,0.0002092481590807438,1.645229834863086,0.4829258641171833,3.362405038079504
neyman@gamma-poisson,8,60.0,60,0.00040299928514286876,1.6861299413132171,0.49770329846219447,3.362405038079504
neyman@gamma-poisson,8,120.0,120,0.000782742106821388,1.5614437474325096,0.3756707502112832,3.362405038079504
neyman@gamma-poisson,8,180.0,180,0.0011632631649263203,1.520941768998897,0.22888265303638952,3.362405038079504
neyman@gamma-poisson,8,240.0,240,0.0015419768751598895,1.510267242869542,0.21719602679700034,3.362405038079504
predictive-variance@gamma-poisson,8,30.0,1,5.199696170166135e-05,1.89046144829115,1.1520971481390276,134.49620152318016
predictive-variance@gamma-poisson,8,60.0,2,5.999195855110884e-05,1.7447557949490802,0.40141358074821243,134.49620152318016
predictive-variance@gamma-poisson,8,120.0,3,6.7284912802279e-05,1.6795853441719328,0.26517618465506315,134.49620152318016
predictive-variance@gamma-poisson,8,180.0,5,8.069101022556424e-05,1.5237866588118427,0.1689868423866655,134.49620152318016
predictive-variance@gamma-poisson,8,240.0,6,8.715299190953374e-05,1.4851144859940162,0.17408319277750542,134.49620152318016
epistemic@gamma-poisson,8,30.0,1,3.7701043765991926e-05,1.89046144829115,1.1520971481390276,134.49620152318016
epistemic@gamma-poisson,8,60.0,2,4.448409890756011e-05,1.7447557949490802,0.40141358074821243,134.49620152318016
epistemic@gamma-poisson,8,120.0,3,5.0917151384055614e-05,1.6795853441719328,0.26517618465506315,134.49620152318016
epistemic@gamma-poisson,8,180.0,5,6.325915455818176e-05,1.5237866588118427,0.1689868423866655,134.49620152318016
epistemic@gamma-poisson,8,240.0,6,6.920017767697573e-05,1.4851144859940162,0.17408319277750542,134.49620152318016
thompson@gamma-poisson,8,30.0,1,3.0135968700051308e-05,1.9088480456521586,1.1249387146664076,225.79112196839336
thompson@gamma-poisson,8,60.0,2,4.2147934436798096e-05,1.8252909975140026,1.1119862341095752,360.2873234915735
thompson@gamma-poisson,8,120.0,3,5.365896504372358e-05,1.8232790738166296,1.1116232036170783,494.78352501475365
thompson@gamma-poisson,8,180.0,5,7.424695650115609e-05,1.8231873470465307,1.1116580022029747,763.775928061114
thompson@gamma-poisson,8,240.0,6,8.400395745411515e-05,1.784515174228704,1.1124441194818295,898.2721295842941
epig@gamma-poisson,8,30.0,30,0.1015160022652708,1.680172604930414,0.3980018116976277,3.362405038079504
epig@gamma-poisson,8,60.0,60,0.17336511431494728,1.5747861730961465,0.3971202871810118,3.362405038079504
epig@gamma-poisson,8,120.0,120,0.31570544122951105,1.5105307049977297,0.32774362413833935,3.362405038079504
epig@gamma-poisson,8,180.0,177,0.44989301142049953,1.4798903843497484,0.25610803731990933,3.362405038079504
epig@gamma-poisson,8,240.0,231,0.5765675054281019,1.4450893537688,0.22914812552900993,3.362405038079504
eig@lognormal-poisson,8,30.0,30,1.3254572761361487,1.568132152409764,0.34563572423943945,13.449620152318015
eig@lognormal-poisson,8,60.0,60,1.4293584901024587,1.5704942828882438,0.43607095884650565,13.449620152318015
eig@lognormal-poisson,8,120.0,120,1.6321702239802107,1.4919035032624735,0.23437705552405524,13.449620152318015
eig@lognormal-poisson,8,180.0,180,1.8270065419492312,1.4827909354591757,0.302404441300655,13.449620152318015
eig@lognormal-poisson,8,240.0,240,2.0171010516933165,1.4546163059869421,0.20819527954752853,13.449620152318015
maxent@lognormal-poisson,8,30.0,30,1.1986839009914547,1.6919420402845364,0.5189707783422208,10.08721511423851
maxent@lognormal-poisson,8,60.0,60,1.2606447113794275,1.6760263412237368,0.4600275317346219,10.08721511423851
maxent@lognormal-poisson,8,120.0,120,1.381905880291015,1.6727093720985333,0.44721620258340433,10.08721511423851
maxent@lognormal-poisson,8,180.0,180,1.5025676701334305,1.6723010303172174,0.44588173957036775,10.08721511423851
maxent@lognormal-poisson,8,240.0,240,1.6242816055892035,1.6722605155815067,0.4458017337766548,10.08721511423851
d-optimality@lognormal-poisson,8,30.0,30,0.002379130106419325,1.5915403266043893,0.37414943140491125,13.449620152318015
d-optimality@lognormal-poisson,8,60.0,60,0.004449965199455619,1.5664775262573027,0.4046830127439453,13.449620152318015
d-optimality@lognormal-poisson,8,120.0,120,0.008580909168813378,1.516483927751165,0.34979144946255536,13.449620152318015
d-optimality@lognormal-poisson,8,180.0,180,0.012706314213573933,1.4942107299571383,0.3506115519562039,13.449620152318015
d-optimality@lognormal-poisson,8,240.0,240,0.01683515653712675,1.4586016756523186,0.23907997795045938,13.449620152318015
neyman@lognormal-poisson,8,30.0,30,0.0020975482184439898,1.603499765555289,0.5225382151988199,20.174430228477025
neyman@lognormal-poisson,8,60.0,60,0.004198787559289485,1.6124647186018237,0.49099859708608884,20.174430228477025
neyman@lognormal-poisson,8,120.0,120,0.008413992414716631,1.5456556547678717,0.3727314518699615,20.174430228477025
neyman@lognormal-poisson,8,180.0,180,0.012625468079932034,1.510443381355903,0.23042330202468714,20.174430228477025
neyman@lognormal-poisson,8,240.0,240,0.016847116989083588,1.4989799658133085,0.2089114407358237,20.174430228477025
predictive-variance@lognormal-poisson,8,30.0,1,0.0003660349757410586,1.8024680042219383,1.1519767618363836,134.49620152318016
predictive-variance@lognormal-poisson,8,60.0,2,0.0004448029794730246,1.6488514566777706,0.4034794048987942,134.49620152318016
predictive-variance@lognormal-poisson,8,120.0,3,0.0005232799449004233,1.6164023705200752,0.26816652999250157,134.49620152318016
predictive-variance@lognormal-poisson,8,180.0,5,0.000673880975227803,1.5099780696335419,0.16989256891371007,134.49620152318016
predictive-variance@lognormal-poisson,8,240.0,6,0.0007481299689970911,1.483559061178127,0.17345633730966384,134.49620152318016
epistemic@lognormal-poisson,8,30.0,1,0.00035737897269427776,1.8024680042219383,1.1519767618363836,134.49620152318016
epistemic@lognormal-poisson,8,60.0,2,0.0004333610413596034,1.6488514566777706,0.4034794048987942,134.49620152318016
epistemic@lognormal-poisson,8,120.0,3,0.0005104840383864939,1.6164023705200752,0.26816652999250157,134.49620152318016
epistemic@lognormal-poisson,8,180.0,5,0.0006609040428884327,1.5099780696335419,0.16989256891371007,134.49620152318016
epistemic@lognormal-poisson,8,240.0,6,0.0007336000562645495,1.483559061178127,0.17345633730966384,134.49620152318016
thompson@lognormal-poisson,8,30.0,1,0.0001971790916286409,1.8024680042219383,1.1519767618363836,134.49620152318016
thompson@lognormal-poisson,8,60.0,2,0.0003360490663908422,1.7700189180642425,1.111830975212408,268.9924030463603
thompson@lognormal-poisson,8,120.0,3,0.00047594099305570126,1.7682388330796261,1.1115660169100365,403.4886045695405
thompson@lognormal-poisson,8,180.0,5,0.0007462769281119108,1.6191514016551185,0.28343083559402193,403.4886045695405
thompson@lognormal-poisson,8,240.0,6,0.0008806189289316535,1.615861373412243,0.2650730354231843,403.4886045695405
eig,9,30.0,30,0.15784036391414702,1.9097178600487232,0.38266841396885415,4.274947800124919
eig,9,60.0,60,0.24787676392588764,1.8645296073346238,0.31308905320725927,8.95763567346004
eig,9,120.0,120,0.41126281867036596,1.8963492835005915,0.3331728881428214,9.12487452607915
eig,9,180.0,180,0.5674977807793766,1.7682568138738226,0.25096103422717236,9.12487452607915
eig,9,240.0,240,0.7165703080245294,1.683639412263216,0.2067988189764215,9.12487452607915
epig,9,30.0,30,1.122028773126658,1.9047883528033986,0.3832164688476355,3.3447770523822307
epig,9,60.0,60,1.8544468351174146,1.8633414699891035,0.3196564888409475,8.361942630955575
epig,9,120.0,120,3.286799057503231,1.8622951763678275,0.3249925013023737,8.863659188812907
epig,9,180.0,180,4.6747971618315205,1.7280925675104657,0.25425828075624907,8.863659188812907
epig,9,240.0,240,6.065192553913221,1.684007828342592,0.20762136937189796,8.863659188812907
maxent,9,30.0,30,0.10640930500812829,1.901731500991591,0.38071622620295714,4.3482101680969
maxent,9,60.0,60,0.16897984413662925,1.8794709387150041,0.36065156023396217,4.3482101680969
maxent,9,120.0,120,0.3335325318039395,1.8724075082638072,0.3582386201378941,4.3482101680969
maxent,9,180.0,180,0.5003980147885159,1.879527961392343,0.3605412832337198,4.3482101680969
maxent,9,240.0,240,0.7151933353161439,1.8747507452537766,0.3588026536466408,4.3482101680969
d-optimality,9,30.0,30,0.006507464335300028,1.909524505607238,0.39272159704936904,3.7732312422675847
d-optimality,9,60.0,60,0.010878261353354901,1.8766266121256028,0.3299574991232981,8.790396820840929
d-optimality,9,120.0,120,0.019486990990117192,1.8546729660284915,0.3065089751433319,10.630024199651146
d-optimality,9,180.0,180,0.028712746570818126,1.7457272519826146,0.2704896372459454,10.630024199651146
d-optimality,9,240.0,240,0.0371581056388095,1.678158558519273,0.20123403072334206,10.630024199651146
neyman,9,30.0,30,0.00978193391347304,1.913578623328914,0.39623822504752787,4.261519036652733
neyman,9,60.0,60,0.019016597652807832,1.8746154415326248,0.3332895163052504,9.278684615226073
neyman,9,120.0,120,0.03659025178058073,1.8938980670031622,0.3223060216285991,11.452789699274511
neyman,9,180.0,180,0.053957789205014706,1.7939947184903022,0.26771109067079496,11.452789699274511
neyman,9,240.0,240,0.0709931185701862,1.7073636939780268,0.2306528270392709,11.452789699274511
predictive-variance,9,30.0,1,0.0022155659971758723,1.937893662284259,0.5786145220791833,23.827721700178614
predictive-variance,9,60.0,2,0.0023600070271641016,1.899177334735578,0.5722419177820214,23.827721700178614
predictive-variance,9,120.0,3,0.0025001090252771974,1.8799024065767667,0.5229834782061221,23.827721700178614
predictive-variance,9,180.0,5,0.0027766060666181147,1.7992772322905404,0.27396750291904615,23.827721700178614
predictive-variance,9,240.0,6,0.0029144640429876745,1.7809359667188847,0.2612419855682977,23.827721700178614
epistemic,9,30.0,1,0.0030304910033009946,1.937893662284259,0.5786145220791833,23.827721700178614
epistemic,9,60.0,2,0.003174050070811063,1.899177334735578,0.5722419177820214,23.827721700178614
epistemic,9,120.0,3,0.0033146930509246886,1.8799024065767667,0.5229834782061221,23.827721700178614
epistemic,9,180.0,5,0.0035906709963455796,1.7992772322905404,0.27396750291904615,23.827721700178614
epistemic,9,240.0,6,0.0037515030126087368,1.7809359667188847,0.2612419855682977,23.827721700178614
thompson,9,30.0,1,0.0012688850401900709,1.9347324677515152,0.6009600349828903,0.0
thompson,9,60.0,2,0.002317838021554053,1.8683124065551795,0.44133154820454906,0.0
thompson,9,120.0,3,0.0033507810439914465,1.8499711409835238,0.4335466731605645,0.0
thompson,9,180.0,5,0.005340614996384829,1.8453877845389781,0.4320101885750798,0.0
thompson,9,240.0,6,0.0062483130022883415,1.8319736554829884,0.43628490760893895,0.0
uniform,9,30.0,3,6.412912625819445e-06,1.9402216536604067,0.5728240124424306,17.700076874397283
uniform,9,60.0,6,9.30792884901166e-06,1.914910758427512,0.575851659018799,35.05872494732121
uniform,9,120.0,12,1.3707089237868786e-05,1.789978485058932,0.2845523984273186,59.875977570744226
uniform,9,180.0,18,1.7773942090570927e-05,1.7775348293853874,0.28530437094209676,59.875977570744226
uniform,9,240.0,24,2.1959887817502022e-05,1.7106712925980325,0.23676842053045233,59.875977570744226
random,9,30.0,3,2.2612977772951126e-05,1.952119162555548,0.5926309378685,9.014980974121183
random,9,60.0,5,2.7874018996953964e-05,1.9325563689168097,0.5353073605342755,13.19595228959897
random,9,120.0,7,3.2813986763358116e-05,1.9089811785456279,0.5041992371859378,59.485680484062776
random,9,180.0,10,3.98879055865109e-05,1.9064661926373285,0.5042072715641698,91.30986861775665
random,9,240.0,24,6.828090408816934e-05,1.7694012480596222,0.2696227256263618,94.20297662991065
eig@gamma-poisson,9,30.0,30,0.01027245115255937,2.044583285324165,0.4933567062935203,3.855902081457197
eig@gamma-poisson,9,60.0,60,0.01680087816203013,1.913338956390392,0.35151828936364865,8.87306766003054
eig@gamma-poisson,9,120.0,120,0.029495581926312298,1.9512084910210723,0.35402597704722066,11.047172744078978
eig@gamma-poisson,9,180.0,180,0.041889490152243525,1.785292600650476,0.3030473172088078,11.047172744078978
eig@gamma-poisson,9,240.0,240,0.05417368846246973,1.7041592213733567,0.22528079239148535,11.047172744078978
maxent@gamma-poisson,9,30.0,30,0.007946109108161181,2.003106309935871,0.41429400050421283,4.442186652744031
maxent@gamma-poisson,9,60.0,60,0.013219894550275058,1.962320561743817,0.375352587958128,4.442186652744031
maxent@gamma-poisson,9,120.0,120,0.023453142726793885,1.951856040146063,0.36825415203106165,4.442186652744031
maxent@gamma-poisson,9,180.0,180,0.03361417102860287,1.95891393918719,0.370557780782698,4.442186652744031
maxent@gamma-poisson,9,240.0,240,0.04361211834475398,1.954018205914898,0.3687871044865109,4.442186652744031
d-optimality@gamma-poisson,9,30.0,30,0.00021468510385602713,2.041296434092317,0.5660335611467222,3.521424376218974
d-optimality@gamma-poisson,9,60.0,60,0.00037513201823458076,1.9676765741512863,0.3787070829956115,8.538589954792318
d-optimality@gamma-poisson,9,120.0,120,0.0006846768665127456,1.8282985201015005,0.3372849001093221,12.217844712412752
d-optimality@gamma-poisson,9,180.0,180,0.0009924847981892526,1.7877641704483993,0.31921832894559143,12.217844712412752
d-optimality@gamma-poisson,9,240.0,240,0.001312822860199958,1.7039286562646099,0.23721447588580136,12.217844712412752
neyman@gamma-poisson,9,30.0,30,0.00020295166177675128,2.0124783130200754,0.45388251666066926,4.261519036652733
neyman@gamma-poisson,9,60.0,60,0.00039508077315986156,1.9641340058350771,0.36582262215879346,9.278684615226073
neyman@gamma-poisson,9,120.0,120,0.000771485676523298,1.9153010769396568,0.33568136510036645,11.11831199403629
neyman@gamma-poisson,9,180.0,180,0.0011468686861917377,1.8659155086931136,0.2905638252641991,11.11831199403629
neyman@gamma-poisson,9,240.0,240,0.001524505380075425,1.8051818212729698,0.25420737486507894,11.11831199403629
predictive-variance@gamma-poisson,9,30.0,1,5.411100573837757e-05,2.019952825256446,0.5784927040839297,23.658642921742064
predictive-variance@gamma-poisson,9,60.0,2,6.177503382787108e-05,1.9523542050771017,0.572491650284526,23.658642921742064
predictive-variance@gamma-poisson,9,120.0,3,6.862799637019634e-05,1.9139146584737903,0.5230576064290059,23.658642921742064
predictive-variance@gamma-poisson,9,180.0,5,8.138001430779696e-05,1.8230692236765142,0.2767872378563499,23.658642921742064
predictive-variance@gamma-poisson,9,240.0,6,8.740200428292155e-05,1.7935398318617277,0.2641878023264852,23.658642921742064
epistemic@gamma-poisson,9,30.0,1,3.95239912904799e-05,2.019952825256446,0.5784927040839297,23.658642921742064
epistemic@gamma-poisson,9,60.0,2,4.633702337741852e-05,1.9523542050771017,0.572491650284526,23.658642921742064
epistemic@gamma-poisson,9,120.0,3,5.257903831079602e-05,1.9139146584737903,0.5230576064290059,23.658642921742064
epistemic@gamma-poisson,9,180.0,5,6.447010673582554e-05,1.8230692236765142,0.2767872378563499,23.658642921742064
epistemic@gamma-poisson,9,240.0,6,7.00700911693275e-05,1.7935398318617277,0.2641878023264852,23.658642921742064
thompson@gamma-poisson,9,30.0,1,2.33739847317338e-05,2.019952825256446,0.5784927040839297,23.658642921742064
thompson@gamma-poisson,9,60.0,2,3.586692037060857e-05,1.9523542050771017,0.572491650284526,23.658642921742064
thompson@gamma-poisson,9,120.0,3,4.654790973290801e-05,1.922824813262315,0.5665074664145657,23.658642921742064
thompson@gamma-poisson,9,180.0,5,6.717588985338807e-05,1.81938565631253,0.3170533060253308,23.658642921742064
thompson@gamma-poisson,9,240.0,6,7.679295958951116e-05,1.7935398318617277,0.2641878023264852,23.658642921742064
epig@gamma-poisson,9,30.0,30,0.10044252523221076,2.041772835379463,0.45474578301466706,3.0102993471440076
epig@gamma-poisson,9,60.0,60,0.1706740692607127,1.9274712667976257,0.3535686038861884,8.027464925717354
epig@gamma-poisson,9,120.0,120,0.31268156628357247,1.8301430174105169,0.32350305739527463,11.037764272861345
epig@gamma-poisson,9,180.0,180,0.4517232651123777,1.7495951725730494,0.28158394472812504,11.037764272861345
epig@gamma-poisson,9,240.0,240,0.5998967988998629,1.7017251169110106,0.2274136674005893,11.037764272861345
eig@lognormal-poisson,9,30.0,30,1.055555019993335,1.9030001605525433,0.38758300693233344,3.6792547576204537
eig@lognormal-poisson,9,60.0,60,1.1529148829868063,1.848198698981445,0.3071191779291817,8.696420336193796
eig@lognormal-poisson,9,120.0,120,1.340812342823483,1.8876405712999222,0.33771655137892487,9.030898041432017
eig@lognormal-poisson,9,180.0,180,1.5242896556737833,1.7862307148468852,0.2746057898503475,9.030898041432017
eig@lognormal-poisson,9,240.0,240,1.705991095630452,1.692656373617145,0.20732290218926086,9.030898041432017
maxent@lognormal-poisson,9,30.0,30,1.059842381393537,1.894971458021975,0.3836986326149795,4.3482101680969
maxent@lognormal-poisson,9,60.0,60,1.1037755341385491,1.8728408401920962,0.3640217146499958,4.3482101680969
maxent@lognormal-poisson,9,120.0,120,1.1893266252009198,1.8657244815846183,0.36158721705855834,4.3482101680969
maxent@lognormal-poisson,9,180.0,180,1.2768630239879712,1.8725745112591723,0.3637714368033701,4.3482101680969
maxent@lognormal-poisson,9,240.0,240,1.4496399019262753,1.8684788999774973,0.3622691496957744,4.3482101680969
d-optimality@lognormal-poisson,9,30.0,30,0.0023060470703057945,1.9254072719381516,0.43905083477999424,3.605992389648473
d-optimality@lognormal-poisson,9,60.0,60,0.004283925925847143,1.85888240460583,0.3248286208130376,8.623157968221818
d-optimality@lognormal-poisson,9,120.0,120,0.008219896932132542,1.8817456549675178,0.3188600602717249,10.462785347032035
d-optimality@lognormal-poisson,9,180.0,180,0.013689661456737667,1.7936603904535051,0.2906322819196276,10.462785347032035
d-optimality@lognormal-poisson,9,240.0,240,0.017692169407382607,1.692518343128704,0.2102158009167223,10.462785347032035
neyman@lognormal-poisson,9,30.0,30,0.002089958928991109,1.9058609939215503,0.3985315465489856,3.8501362868410474
neyman@lognormal-poisson,9,60.0,60,0.004191110085230321,1.8660740705514955,0.334581489500398,8.86730186541439
neyman@lognormal-poisson,9,120.0,120,0.008285608084406704,1.8913531620112989,0.32184363713322245,11.041406949462829
neyman@lognormal-poisson,9,180.0,180,0.012483516882639378,1.7881558882089685,0.26559033393982134,11.041406949462829
neyman@lognormal-poisson,9,240.0,240,0.01663562614703551,1.710355406193447,0.23377765867937472,11.041406949462829
predictive-variance@lognormal-poisson,9,30.0,1,0.0003635000321082771,1.925863509453461,0.5785167157195067,23.827721700178614
predictive-variance@lognormal-poisson,9,60.0,2,0.0004394020652398467,1.8938877355076125,0.5721798096514447,23.827721700178614
predictive-variance@lognormal-poisson,9,120.0,3,0.0005131610669195652,1.8769466950798963,0.5227822040905524,23.827721700178614
predictive-variance@lognormal-poisson,9,180.0,5,0.0006581520428881049,1.7933172690676995,0.2741410742202549,23.827721700178614
predictive-variance@lognormal-poisson,9,240.0,6,0.0007298470591194928,1.7759947726579763,0.2614147480340635,23.827721700178614
epistemic@lognormal-poisson,9,30.0,1,0.0003522289916872978,1.925863509453461,0.5785167157195067,23.827721700178614
epistemic@lognormal-poisson,9,60.0,2,0.00042673893040046096,1.8938877355076125,0.5721798096514447,23.827721700178614
epistemic@lognormal-poisson,9,120.0,3,0.0004993549082428217,1.8769466950798963,0.5227822040905524,23.827721700178614
epistemic@lognormal-poisson,9,180.0,5,0.0006441968725994229,1.7933172690676995,0.2741410742202549,23.827721700178614
epistemic@lognormal-poisson,9,240.0,6,0.0007156308856792748,1.7759947726579763,0.2614147480340635,23.827721700178614
thompson@lognormal-poisson,9,30.0,1,0.00019188900478184223,1.9420497931445617,0.5607124170916176,6.689554104764461
thompson@lognormal-poisson,9,60.0,2,0.00032691197702661157,1.908922469025745,0.5297103819143977,13.379108209528923
thompson@lognormal-poisson,9,120.0,3,0.0004616539808921516,1.8954143664529572,0.49885785016198486,36.523972306760825
thompson@lognormal-poisson,9,180.0,5,0.0007359689916484058,1.854787316631225,0.495033810406981,36.523972306760825
thompson@lognormal-poisson,9,240.0,6,0.0008679059683345258,1.8507262729889185,0.49379550034021025,36.523972306760825
eig,10,30.0,30,0.15464510797755793,1.7684204457904784,0.5723355491429918,41.28793118359078
eig,10,60.0,60,0.24469697085442021,1.6349435184268242,0.4424659818439294,41.28793118359078
eig,10,120.0,120,0.417718829063233,1.6507770201366991,0.44367568632828563,41.28793118359078
eig,10,180.0,180,0.5778805640293285,1.5960528204661981,0.3912861304108787,41.28793118359078
eig,10,240.0,240,0.7457875196123496,1.518171870832311,0.29063882532890073,41.28793118359078
epig,10,30.0,30,1.1627161508076824,1.7794942909906022,0.6828555642148576,57.16790471574108
epig,10,60.0,60,1.944499007659033,1.6281738504458143,0.4502873390260724,57.16790471574108
epig,10,120.0,120,3.4785799755482003,1.6589624046138356,0.4488765209553437,57.16790471574108
epig,10,180.0,177,4.875137700466439,1.602655795264475,0.4076899110686857,57.16790471574108
epig,10,240.0,235,6.386060029210057,1.5350545965181654,0.3409295563516651,57.16790471574108
maxent,10,30.0,30,0.10678920586360618,2.225181997513853,1.433916717525705,95.2798411929018
maxent,10,60.0,60,0.19635728001594543,2.220913191266337,1.4329438276906399,190.5596823858036
maxent,10,120.0,120,0.37071389582706615,2.2208530371399884,1.4326597193221664,381.1193647716072
maxent,10,180.0,180,0.5450022759614512,2.2208902798735948,1.4325461618157018,571.6790471574108
maxent,10,240.0,240,0.7209269693121314,2.222531376225816,1.4326071009400125,762.2387295432144
d-optimality,10,30.0,30,0.006591546232812107,1.7794942909906022,0.6828555642148576,53.99191000931102
d-optimality,10,60.0,60,0.011014450981747359,1.6440344497068307,0.4702852023090107,53.99191000931102
d-optimality,10,120.0,120,0.020888767845463008,1.661660654530399,0.47757318352096356,53.99191000931102
d-optimality,10,180.0,180,0.030503451824188232,1.6112613628279586,0.41674614711544117,53.99191000931102
d-optimality,10,240.0,240,0.04098565469030291,1.5508643822267283,0.3471433564291669,53.99191000931102
neyman,10,30.0,30,0.009889697132166475,1.8319702050924087,0.7071128995343576,79.3998676607515
neyman,10,60.0,60,0.019397517200559378,1.7274393889812492,0.4746872355206349,79.3998676607515
neyman,10,120.0,120,0.03975591418566182,1.629645015442496,0.3751102479605096,79.3998676607515
neyman,10,180.0,180,0.061295794090256095,1.604396663741543,0.34079283559973417,79.3998676607515
neyman,10,240.0,240,0.08333979628514498,1.5644531722072283,0.2809255939197613,79.3998676607515
predictive-variance,10,30.0,1,0.0023083389969542623,2.0645373410215035,1.3684496547215657,127.0397882572024
predictive-variance,10,60.0,2,0.0026871279696933925,1.9655072503065858,1.3028582946443874,254.0795765144048
predictive-variance,10,120.0,3,0.0028319989796727896,1.934228421517588,1.2975606394966328,381.1193647716072
predictive-variance,10,180.0,5,0.0033490059431642294,1.6650190509342597,0.4615355251517452,381.1193647716072
predictive-variance,10,240.0,6,0.0034935459261760116,1.6268188351736688,0.3856000123942326,381.1193647716072
epistemic,10,30.0,1,0.0023156030219979584,2.0645373410215035,1.3684496547215657,127.0397882572024
epistemic,10,60.0,2,0.0026901449891738594,1.9655072503065858,1.3028582946443874,254.0795765144048
epistemic,10,120.0,3,0.0028337730327621102,1.934228421517588,1.2975606394966328,381.1193647716072
epistemic,10,180.0,5,0.003345792996697128,1.6650190509342597,0.4615355251517452,381.1193647716072
epistemic,10,240.0,6,0.0034889510134235024,1.6268188351736688,0.3856000123942326,381.1193647716072
thompson,10,30.0,1,0.0012043839669786394,1.8502171288377651,0.7197382485995004,0.0
thompson,10,60.0,2,0.0022733239457011223,1.8257225224156308,0.6817721664835197,0.0
thompson,10,120.0,3,0.0032581558916717768,1.8279968747649094,0.6855410377297069,0.0
thompson,10,180.0,5,0.005329620966222137,1.7265896022479144,0.5384368061892685,0.0
thompson,10,240.0,6,0.0063033539918251336,1.7219991965607722,0.5297519451904904,0.0
uniform,10,30.0,3,8.256000000983477e-06,2.051691773121512,1.3588769282436182,95.2798411929018
uniform,10,60.0,6,1.1221971362829208e-05,1.9557289575671002,1.3430930925332907,190.5596823858036
uniform,10,120.0,12,1.5599012840539217e-05,1.6350284493139038,0.4487944262360175,254.0795765144048
uniform,10,180.0,18,1.9916915334761143e-05,1.6431976382471527,0.47572942874868546,254.0795765144048
uniform,10,240.0,24,2.4293898604810238e-05,1.577579165169208,0.4086995880530873,254.0795765144048
random,10,30.0,2,2.1949992515146732e-05,1.9826423644624356,1.3813531134601629,158.799735321503
random,10,60.0,3,2.480595139786601e-05,2.016063054251586,1.3886460664729652,190.5596823858036
random,10,120.0,7,3.5525939892977476e-05,2.0167327975963345,1.384579084421763,468.45921919843386
random,10,180.0,10,4.263001028448343e-05,1.9626990346108364,1.3327682629406423,619.3189677538617
random,10,240.0,21,6.79267686791718e-05,1.9328935555072386,1.3198230915585143,760.6507321899993
eig@gamma-poisson,10,30.0,30,0.010186784144025296,1.806230427167445,0.7046910354488974,76.22387295432144
eig@gamma-poisson,10,60.0,60,0.016894537024199963,1.762162357522336,0.5681617397701834,76.22387295432144
eig@gamma-poisson,10,120.0,120,0.029895845626015216,1.6257654049047086,0.4714688765206004,76.22387295432144
eig@gamma-poisson,10,180.0,180,0.04259182151872665,1.622941942545607,0.4377550042208824,76.22387295432144
eig@gamma-poisson,10,240.0,240,0.055133315501734614,1.5482472733173058,0.33389700349011076,76.22387295432144
maxent@gamma-poisson,10,30.0,30,0.007769248797558248,2.191283649776014,1.4203123224856937,95.2798411929018
maxent@gamma-poisson,10,60.0,60,0.012956205639056861,2.186358160862223,1.4189494386999213,190.5596823858036
maxent@gamma-poisson,10,120.0,120,0.0232927217730321,2.186341427781455,1.4187075589672047,381.1193647716072
maxent@gamma-poisson,10,180.0,180,0.033574004599358886,2.186388452820151,1.4186055399329773,571.6790471574108
maxent@gamma-poisson,10,240.0,240,0.04383160878205672,2.1880750491233907,1.4186957126426178,762.2387295432144
d-optimality@gamma-poisson,10,30.0,30,0.00021718954667448997,1.756733039381575,0.6788882349961501,88.92785178004168
d-optimality@gamma-poisson,10,60.0,60,0.00038308632792904973,1.8051362405166282,0.6164642847881263,88.92785178004168
d-optimality@gamma-poisson,10,120.0,120,0.0007065039244480431,1.6146892689344716,0.4623526815480203,88.92785178004168
d-optimality@gamma-poisson,10,180.0,180,0.0010287847835570574,1.6328904985413784,0.46408945179290684,88.92785178004168
d-optimality@gamma-poisson,10,240.0,240,0.0013460807967931032,1.560172176002376,0.3666816722859591,88.92785178004168
neyman@gamma-poisson,10,30.0,30,0.0002100049750879407,1.8109434089943368,0.7182763824244073,79.3998676607515
neyman@gamma-poisson,10,60.0,60,0.00040389690548181534,1.7342384225457173,0.5152899749326663,79.3998676607515
neyman@gamma-poisson,10,120.0,120,0.0007839530589990318,1.6409962766823813,0.39932772282715673,79.3998676607515
neyman@gamma-poisson,10,180.0,180,0.0011639532167464495,1.5928986031221217,0.36384405171986695,79.3998676607515
neyman@gamma-poisson,10,240.0,240,0.0015459602000191808,1.5617590882907957,0.28822822629669004,79.3998676607515
predictive-variance@gamma-poisson,10,30.0,1,4.8460031393915415e-05,2.0445648039808555,1.3685301652801147,127.0397882572024
predictive-variance@gamma-poisson,10,60.0,2,5.632400279864669e-05,1.9828351050729867,1.3030207835169403,254.0795765144048
predictive-variance@gamma-poisson,10,120.0,3,6.303703412413597e-05,1.9347244362323324,1.297584286747626,381.1193647716072
predictive-variance@gamma-poisson,10,180.0,5,7.581006502732635e-05,1.6611769356408563,0.4648381705741634,381.1193647716072
predictive-variance@gamma-poisson,10,240.0,6,8.248205995187163e-05,1.6181250778743843,0.3894954897901409,381.1193647716072
epistemic@gamma-poisson,10,30.0,1,3.848201595246792e-05,2.0445648039808555,1.3685301652801147,127.0397882572024
epistemic@gamma-poisson,10,60.0,2,4.513509338721633e-05,1.9828351050729867,1.3030207835169403,254.0795765144048
epistemic@gamma-poisson,10,120.0,3,5.138712003827095e-05,1.9347244362323324,1.297584286747626,381.1193647716072
epistemic@gamma-poisson,10,180.0,5,6.285705603659153e-05,1.6611769356408563,0.4648381705741634,381.1193647716072
epistemic@gamma-poisson,10,240.0,6,6.871699588373303e-05,1.6181250778743843,0.3894954897901409,381.1193647716072
thompson@gamma-poisson,10,30.0,1,2.9144983272999525e-05,2.0445648039808555,1.3685301652801147,127.0397882572024
thompson@gamma-poisson,10,60.0,2,4.066701512783766e-05,2.0435180025447024,1.3691773618511724,254.0795765144048
thompson@gamma-poisson,10,120.0,3,5.2028975915163755e-05,1.9817883036368338,1.3037005013427045,381.1193647716072
thompson@gamma-poisson,10,180.0,5,7.310695946216583e-05,1.9332950235698545,1.2975534333507677,635.198941286012
thompson@gamma-poisson,10,240.0,6,8.346699178218842e-05,1.9334420052365475,1.297340066409939,762.2387295432144
epig@gamma-poisson,10,30.0,30,0.09959581639850512,1.7494759871688652,0.6837013814360874,85.75185707361162
epig@gamma-poisson,10,60.0,60,0.17076660023303702,1.6861681863917626,0.5414807010688316,85.75185707361162
epig@gamma-poisson,10,120.0,120,0.31288011703873053,1.6101932296990358,0.4417708371209312,85.75185707361162
epig@gamma-poisson,10,180.0,180,0.45233245933195576,1.6541694465239625,0.5087017600275283,85.75185707361162
epig@gamma-poisson,10,240.0,237,0.6167988016386516,1.554535175919954,0.36805424963656824,85.75185707361162
eig@lognormal-poisson,10,30.0,30,0.6282727072248235,1.7894448527992521,0.590450460158468,47.6399205964509
eig@lognormal-poisson,10,60.0,60,0.7309701080666855,1.7148255715118053,0.49165305240094215,47.6399205964509
eig@lognormal-poisson,10,120.0,120,0.9291885505081154,1.6346407316515001,0.4708856246520695,47.6399205964509
eig@lognormal-poisson,10,180.0,180,1.1173626236850396,1.6062925249884905,0.4039893641251197,47.6399205964509
eig@lognormal-poisson,10,240.0,240,1.3066348847351037,1.5335309517172329,0.30994926918043164,47.6399205964509
maxent@lognormal-poisson,10,30.0,30,0.4057529822457582,2.2453677765776905,1.4306318843868122,95.2798411929018
maxent@lognormal-poisson,10,60.0,60,0.4489267001627013,2.240919170806039,1.429547962913725,190.5596823858036
maxent@lognormal-poisson,10,120.0,120,0.5371071484405547,2.2408793256896424,1.4292847401957653,381.1193647716072
maxent@lognormal-poisson,10,180.0,180,0.6292268564575352,2.2409209193791404,1.429176953909158,571.6790471574108
maxent@lognormal-poisson,10,240.0,240,0.7237858194275759,2.242608411977145,1.4292571301023742,762.2387295432144
d-optimality@lognormal-poisson,10,30.0,30,0.002377152326516807,1.7944969440441534,0.6964333372431663,60.34389942217114
d-optimality@lognormal-poisson,10,60.0,60,0.004464163503143936,1.7453423663581624,0.5459395417019909,60.34389942217114
d-optimality@lognormal-poisson,10,120.0,120,0.008568092773202807,1.6197449077195636,0.4613086422047777,60.34389942217114
d-optimality@lognormal-poisson,10,180.0,180,0.012718618847429752,1.6149559724008717,0.42275896805933594,60.34389942217114
d-optimality@lognormal-poisson,10,240.0,240,0.01686962676467374,1.5656371178852257,0.3510594809200748,60.34389942217114
neyman@lognormal-poisson,10,30.0,30,0.002096592157613486,1.8410965728274966,0.7171749858589369,79.3998676607515
neyman@lognormal-poisson,10,60.0,60,0.00420044717611745,1.7258429718205532,0.47604440459153796,79.3998676607515
neyman@lognormal-poisson,10,120.0,120,0.008420382626354694,1.6338055610804763,0.38161631505775945,79.3998676607515
neyman@lognormal-poisson,10,180.0,180,0.01269126933766529,1.596460700376598,0.3291678844117972,79.3998676607515
neyman@lognormal-poisson,10,240.0,240,0.016975151374936104,1.564683850577576,0.2821915064389185,79.3998676607515
predictive-variance@lognormal-poisson,10,30.0,1,0.0003654229803942144,2.0841994520464953,1.3684741501103235,127.0397882572024
predictive-variance@lognormal-poisson,10,60.0,2,0.0004448509425856173,1.9754938281225336,1.3028848390487306,254.0795765144048
predictive-variance@lognormal-poisson,10,120.0,3,0.000522665970493108,1.9446645882497648,1.2974681710514726,381.1193647716072
predictive-variance@lognormal-poisson,10,180.0,5,0.0006758829695172608,1.6656630787696478,0.4614552291838006,381.1193647716072
predictive-variance@lognormal-poisson,10,240.0,6,0.0007598799420520663,1.6267359804166908,0.3855697198740211,381.1193647716072
epistemic@lognormal-poisson,10,30.0,1,0.00035957200452685356,2.0841994520464953,1.3684741501103235,127.0397882572024
epistemic@lognormal-poisson,10,60.0,2,0.00043830997310578823,1.9754938281225336,1.3028848390487306,254.0795765144048
epistemic@lognormal-poisson,10,120.0,3,0.0005152029916644096,1.9446645882497648,1.2974681710514726,381.1193647716072
epistemic@lognormal-poisson,10,180.0,5,0.0006660740473307669,1.6656630787696478,0.4614552291838006,381.1193647716072
epistemic@lognormal-poisson,10,240.0,6,0.0007430980331264436,1.6267359804166908,0.3855697198740211,381.1193647716072
thompson@lognormal-poisson,10,30.0,1,0.00019599596271291375,2.083122602897773,1.3946079517152852,127.0397882572024
thompson@lognormal-poisson,10,60.0,2,0.00033409398747608066,2.0533702121737263,1.3633181032278523,254.0795765144048
thompson@lognormal-poisson,10,120.0,3,0.0004704089951701462,2.0525244666819717,1.3640601967349362,381.1193647716072
thompson@lognormal-poisson,10,180.0,5,0.0007378589943982661,1.7995026547003201,0.646500013124622,508.1591530288096
thompson@lognormal-poisson,10,240.0,6,0.0008793550077825785,1.7749656798315205,0.6038874693349263,508.1591530288096
eig,11,30.0,30,0.1529576961765997,1.4323083572478204,0.6305586390561557,18.79800778955886
eig,11,60.0,60,0.250679393124301,1.3650988587615789,0.39325658023877924,18.79800778955886
eig,11,120.0,120,0.41809165955055505,1.3007239140821583,0.3145915988145827,18.79800778955886
eig,11,180.0,180,0.5849613661994226,1.2654991997269573,0.14821208260546895,18.79800778955886
eig,11,240.0,240,0.7424419101444073,1.2937848867175086,0.21409665477346804,18.79800778955886
epig,11,30.0,30,1.1927998829632998,1.4422600819352998,0.6405508531794574,18.79800778955886
epig,11,60.0,60,2.0046306777512655,1.3781536565631185,0.44916269609966053,18.79800778955886
epig,11,120.0,117,3.405952920904383,1.2825608923297833,0.30480491621118905,18.79800778955886
epig,11,180.0,176,4.8510780310607515,1.2537130541507144,0.15702023740917168,18.79800778955886
epig,11,240.0,232,6.256027777097188,1.280881469881477,0.20358251340578168,18.79800778955886
maxent,11,30.0,30,0.09443048917455599,1.942305824628382,1.9583915973232233,197.85597702224976
maxent,11,60.0,60,0.148494751250837,1.9445011737440394,1.9584035932525194,395.71195404449924
maxent,11,120.0,120,0.30874429194955155,1.9396036135501555,1.9585607865830506,791.4239080890006
maxent,11,180.0,180,0.46960560709703714,1.940507069445587,1.9583851024547594,1187.1358621335003
maxent,11,240.0,240,0.6272113327286206,1.9402811703909268,1.9583899088117493,1582.8478161779958
d-optimality,11,30.0,30,0.006780052150133997,1.4162398117514696,0.6369396108142144,18.79800778955886
d-optimality,11,60.0,60,0.012357545259874314,1.4133859015339807,0.5221341586866095,18.79800778955886
d-optimality,11,120.0,120,0.0230895490385592,1.3095990672418747,0.35751806205621534,18.79800778955886
d-optimality,11,180.0,180,0.03356569923926145,1.2581281989921218,0.1593672102305799,18.79800778955886
d-optimality,11,240.0,240,0.04407413263106719,1.2743702589991182,0.1903587981262807,18.79800778955886
neyman,11,30.0,30,0.01047159219160676,1.4321391536223942,0.6295631326097312,12.696603511816928
neyman,11,60.0,60,0.021436933893710375,1.3793486811207132,0.3935708337377421,12.696603511816928
neyman,11,120.0,120,0.04343229258665815,1.2990755540985948,0.17548477311465122,12.696603511816928
neyman,11,180.0,180,0.06494722660863772,1.2527127071657862,0.12967927743980823,12.696603511816928
neyman,11,240.0,240,0.08679076941916719,1.2829271379836718,0.14245478956238905,12.696603511816928
predictive-variance,11,30.0,1,0.002273935009725392,1.9426718152839173,1.9583711484071544,263.80796936299987
predictive-variance,11,60.0,2,0.0024217619793489575,1.9152576074099301,1.9560339965364937,507.8641404726771
predictive-variance,11,120.0,3,0.002567523973993957,1.3767237374312797,0.21037660781581408,507.8641404726771
predictive-variance,11,180.0,5,0.0032893349416553974,1.368727082521147,0.17625144621478647,507.8641404726771
predictive-variance,11,240.0,6,0.0036529849166981876,1.3700139719776105,0.1796030057836112,507.8641404726771
epistemic,11,30.0,1,0.0022303230362012982,1.9426718152839173,1.9583711484071544,263.80796936299987
epistemic,11,60.0,2,0.002372368995565921,1.9152576074099301,1.9560339965364937,507.8641404726771
epistemic,11,120.0,3,0.0025131719885393977,1.3767237374312797,0.21037660781581408,507.8641404726771
epistemic,11,180.0,5,0.0032307140645571053,1.367267935924084,0.20732046657435274,507.8641404726771
epistemic,11,240.0,6,0.003369053127244115,1.3474365946351836,0.20229390166645292,507.8641404726771
thompson,11,30.0,1,0.001304231001995504,1.9708353725984873,2.051006580818,244.05617110967722
thompson,11,60.0,2,0.0022694480139762163,1.9152576074099301,1.9560339965364937,488.11234221935445
thompson,11,120.0,3,0.0033049050252884626,1.9125666644349677,1.9563211789740078,751.9203115823543
thompson,11,180.0,5,0.005353278014808893,1.8879683120055868,1.9551175743546578,1279.536250308354
thompson,11,240.0,6,0.006438989017624408,1.88913628022861,1.9549354681545656,1543.344219671354
uniform,11,30.0,3,6.149988621473312e-06,1.9824102512177626,2.0528185875149125,197.8559770222499
uniform,11,60.0,6,9.124923963099718e-06,1.9030055921591809,2.0480017632157432,380.89810535450783
uniform,11,120.0,12,1.3423908967524767e-05,1.4354683606654994,0.5982208230032301,441.91214813192715
uniform,11,180.0,18,1.7941929399967194e-05,1.3888131714302971,0.5905615459167236,441.91214813192715
uniform,11,240.0,24,2.2401916794478893e-05,1.256617004713705,0.31155655089389767,441.91214813192715
random,11,30.0,2,1.8965976778417826e-05,1.9384294931058275,1.9582979278753312,296.78396553337484
random,11,60.0,5,2.6311026886105537e-05,1.4009658376667777,0.20183855832966005,362.7359578741248
random,11,120.0,8,3.326596925035119e-05,1.3694932166093612,0.18784779677907532,362.7359578741248
random,11,180.0,13,4.491792060434818e-05,1.3371873339049192,0.2173784248647668,362.7359578741248
random,11,240.0,19,5.767971742898226e-05,1.3332705928291535,0.1914478417256006,362.7359578741248
eig@gamma-poisson,11,30.0,30,0.009883212973363698,1.460423305859224,0.7070430568201489,25.57752902443285
eig@gamma-poisson,11,60.0,60,0.016325816919561476,1.4454223542325106,0.6574161417722655,25.57752902443285
eig@gamma-poisson,11,120.0,120,0.029046180774457753,1.31821642432189,0.4227343565557002,25.57752902443285
eig@gamma-poisson,11,180.0,180,0.041473860444966704,1.260626111308041,0.2258808724684868,25.57752902443285
eig@gamma-poisson,11,240.0,240,0.053721608070190996,1.2673264422444759,0.18765313219828764,25.57752902443285
maxent@gamma-poisson,11,30.0,30,0.007711669197306037,1.5098835285058028,0.2828734287344206,7.273316191207058
maxent@gamma-poisson,11,60.0,60,0.013123143231496215,1.5039479259119946,0.25756174847184726,7.273316191207058
maxent@gamma-poisson,11,120.0,120,0.02408357081003487,1.4976939996675955,0.237118335635068,7.273316191207058
maxent@gamma-poisson,11,180.0,180,0.03550509881461039,1.4986881912924968,0.23938429531937822,7.273316191207058
maxent@gamma-poisson,11,240.0,240,0.04618008801480755,1.4967990034773304,0.23673742852453353,7.273316191207058
d-optimality@gamma-poisson,11,30.0,30,0.0002107752370648086,1.4001430756332338,0.5360570000999225,19.476124746690918
d-optimality@gamma-poisson,11,60.0,60,0.0003713823389261961,1.4362539708351232,0.691161293601667,19.476124746690918
d-optimality@gamma-poisson,11,120.0,120,0.0006879261927679181,1.3070138995988776,0.3850717965251668,19.476124746690918
d-optimality@gamma-poisson,11,180.0,180,0.0010015225852839649,1.2973488705072727,0.35206442503163005,19.476124746690918
d-optimality@gamma-poisson,11,240.0,240,0.0013129052822478116,1.2541648100201654,0.1864235167153626,19.476124746690918
neyman@gamma-poisson,11,30.0,30,0.0002097029355354607,1.4699223211028432,0.7085613761826141,13.374720468948988
neyman@gamma-poisson,11,60.0,60,0.0004018082981929183,1.399594941537064,0.43988954182932477,13.374720468948988
neyman@gamma-poisson,11,120.0,120,0.0007790337549522519,1.334927169102708,0.219200882829738,13.374720468948988
neyman@gamma-poisson,11,180.0,180,0.0011560601415112615,1.2665492158000886,0.14475785978852163,13.374720468948988
neyman@gamma-poisson,11,240.0,240,0.0015347781591117382,1.2835644117679805,0.1490828873534788,13.374720468948988
predictive-variance@gamma-poisson,11,30.0,1,5.406199488788843e-05,2.0493667630421695,1.958371704247886,263.80796936299987
predictive-variance@gamma-poisson,11,60.0,2,6.129499524831772e-05,2.016295849234812,1.9557354337222408,507.8641404726771
predictive-variance@gamma-poisson,11,120.0,3,6.784807192161679e-05,1.3784964303382843,0.22321933235533298,507.8641404726771
predictive-variance@gamma-poisson,11,180.0,5,8.077308302745223e-05,1.368027083067636,0.17355575773589285,507.8641404726771
predictive-variance@gamma-poisson,11,240.0,6,8.683407213538885e-05,1.3693349669977033,0.17787991374452766,507.8641404726771
epistemic@gamma-poisson,11,30.0,1,3.7830963265150785e-05,2.0493667630421695,1.958371704247886,263.80796936299987
epistemic@gamma-poisson,11,60.0,2,4.399294266477227e-05,2.016295849234812,1.9557354337222408,507.8641404726771
epistemic@gamma-poisson,11,120.0,3,4.9932918045669794e-05,1.3784964303382843,0.22321933235533298,507.8641404726771
epistemic@gamma-poisson,11,180.0,5,6.11928990110755e-05,1.365982969304964,0.21183994721370497,507.8641404726771
epistemic@gamma-poisson,11,240.0,6,6.644392851740122e-05,1.3491883199930437,0.2074387182543804,507.8641404726771
thompson@gamma-poisson,11,30.0,1,2.5357992853969336e-05,2.1370495218908707,2.0540488333302065,272.846525109914
thompson@gamma-poisson,11,60.0,2,3.724999260157347e-05,2.1228196566261874,2.0528406617189217,545.693050219828
thompson@gamma-poisson,11,120.0,3,4.7990994062274694e-05,2.1208072599365346,2.052763326764846,818.5395753297421
thompson@gamma-poisson,11,180.0,5,6.974098505452275e-05,2.0216985819151163,1.958174773333252,1346.1555140557416
thompson@gamma-poisson,11,240.0,6,7.962895324453712e-05,2.0212963861290123,1.9580716925356831,1609.9634834187414
epig@gamma-poisson,11,30.0,30,0.09656425018329173,1.4610582642178247,0.7022320144961226,25.57752902443285
epig@gamma-poisson,11,60.0,60,0.1658040460315533,1.4452009194175126,0.6605375011457345,25.57752902443285
epig@gamma-poisson,11,120.0,119,0.3010753742419183,1.3145909891061767,0.4156150197197311,25.57752902443285
epig@gamma-poisson,11,180.0,176,0.4318641118006781,1.2757209542208694,0.29112322960516746,25.57752902443285
epig@gamma-poisson,11,240.0,234,0.5643899824935943,1.259692421539026,0.17842663584624857,25.57752902443285
eig@lognormal-poisson,11,30.0,30,1.0023044720292091,1.4404355190780451,0.6133410015109239,24.89941206730079
eig@lognormal-poisson,11,60.0,60,1.1109285111888312,1.3620018918219454,0.37153789101440715,24.89941206730079
eig@lognormal-poisson,11,120.0,120,1.3074238828849047,1.2581637325865778,0.21918171122643085,24.89941206730079
eig@lognormal-poisson,11,180.0,180,1.4968323920620605,1.265757671925371,0.13662240008871637,24.89941206730079
eig@lognormal-poisson,11,240.0,240,1.6893878650153056,1.2907979174649846,0.20885828326899036,24.89941206730079
maxent@lognormal-poisson,11,30.0,30,0.8772084587835707,1.9096120078353478,1.9584095772354102,197.85597702224976
maxent@lognormal-poisson,11,60.0,60,0.9151039108401164,1.9117280070615996,1.9583945007757917,395.71195404449924
maxent@lognormal-poisson,11,120.0,120,0.9960406598402187,1.9072153833991052,1.958573251956871,791.4239080890006
maxent@lognormal-poisson,11,180.0,180,1.0783096668310463,1.9080419601422174,1.9583873186174925,1187.1358621335003
maxent@lognormal-poisson,11,240.0,240,1.1618751696078107,1.9078132528318932,1.9583916365759144,1582.8478161779958
d-optimality@lognormal-poisson,11,30.0,30,0.0023581829736940563,1.4127198623784203,0.6047856822951099,18.79800778955886
d-optimality@lognormal-poisson,11,60.0,60,0.004406378895509988,1.3733546442430011,0.42528859240295247,18.79800778955886
d-optimality@lognormal-poisson,11,120.0,120,0.008495081274304539,1.2929752940384043,0.2904075799168104,18.79800778955886
d-optimality@lognormal-poisson,11,180.0,180,0.012632088328246027,1.258700891433123,0.14949830246407111,18.79800778955886
d-optimality@lognormal-poisson,11,240.0,240,0.016779424564447254,1.2745100768798967,0.17918090876358855,18.79800778955886
neyman@lognormal-poisson,11,30.0,30,0.0020791677525267005,1.4241004761382003,0.6037247263454373,12.696603511816928
neyman@lognormal-poisson,11,60.0,60,0.004156356677412987,1.3787672421804416,0.38039354928086133,12.696603511816928
neyman@lognormal-poisson,11,120.0,120,0.008320364577230066,1.3016280410313548,0.17232983606904437,12.696603511816928
neyman@lognormal-poisson,11,180.0,180,0.012520160234998912,1.2542870808063318,0.12411757231153571,12.696603511816928
neyman@lognormal-poisson,11,240.0,240,0.0167355079902336,1.2826989272124083,0.14004483841546939,12.696603511816928
predictive-variance@lognormal-poisson,11,30.0,1,0.0003659049980342388,1.9099329573443171,1.9583744506295002,263.80796936299987
predictive-variance@lognormal-poisson,11,60.0,2,0.00044243899174034595,1.8919135469314803,1.9560644766254769,527.6159387259997
predictive-variance@lognormal-poisson,11,120.0,3,0.0005191520322114229,1.3756778600836972,0.20334581682099742,527.6159387259997
predictive-variance@lognormal-poisson,11,180.0,5,0.0006772690103389323,1.370651790220023,0.18099469677399788,527.6159387259997
predictive-variance@lognormal-poisson,11,240.0,6,0.0007537020137533545,1.3713736877591238,0.1843657890985631,527.6159387259997
epistemic@lognormal-poisson,11,30.0,1,0.0003606950049288571,1.9099329573443171,1.9583744506295002,263.80796936299987
epistemic@lognormal-poisson,11,60.0,2,0.00043637596536427736,1.8919135469314803,1.9560644766254769,527.6159387259997
epistemic@lognormal-poisson,11,120.0,3,0.000512458966113627,1.3756778600836972,0.20334581682099742,527.6159387259997
epistemic@lognormal-poisson,11,180.0,5,0.0006639729253947735,1.3665913696430023,0.19841770402217387,527.6159387259997
epistemic@lognormal-poisson,11,240.0,6,0.0007377109723165631,1.3462236832265673,0.19315499546321369,527.6159387259997
thompson@lognormal-poisson,11,30.0,1,0.0001983910333365202,1.4546973196319053,0.6564585579964591,0.0
thompson@lognormal-poisson,11,60.0,2,0.00033770204754546285,1.452058621581392,0.6528495051233928,0.0
thompson@lognormal-poisson,11,120.0,3,0.00047488906420767307,1.4496712497682311,0.6498826027895372,0.0
thompson@lognormal-poisson,11,180.0,5,0.0007446940871886909,1.4504154134802134,0.6508626408230885,0.0
thompson@lognormal-poisson,11,240.0,6,0.0008784140809439123,1.450318168621046,0.6507295279481115,0.0
eig,12,30.0,30,0.15464987169252709,1.3602269323111156,0.30402440012462434,0.0
eig,12,60.0,60,0.2502889449824579,1.3098905077912832,0.21391621079385714,0.0
eig,12,120.0,120,0.41764306265395135,1.2787898328204623,0.1732499483017244,0.0
eig,12,180.0,180,0.5790970126981847,1.2865343409402328,0.198389171990942,0.0
eig,12,240.0,240,0.7326550065772608,1.2416149638703184,0.20149610667338755,0.0
epig,12,30.0,30,1.172281127946917,1.347764832716105,0.2758643153641332,6.019023775131088
epig,12,60.0,60,1.9409836991108023,1.309749878054524,0.23191688371858515,6.019023775131088
epig,12,120.0,120,3.444124250090681,1.2973269106044174,0.2407182904982609,6.019023775131088
epig,12,180.0,176,4.776620957709383,1.2897702688518633,0.17507874974027607,6.019023775131088
epig,12,240.0,234,6.078811755636707,1.2444857670376088,0.19250094203769802,6.019023775131088
maxent,12,30.0,30,0.12000696099130437,1.391391595367163,0.607926873961895,0.0
maxent,12,60.0,60,0.21117473568301648,1.3716318748177863,0.5826642086996213,0.0
maxent,12,120.0,120,0.39383673190604895,1.3691595368855662,0.5857714781637636,0.0
maxent,12,180.0,180,0.6115938598522916,1.3703451561776063,0.5830742620281718,0.0
maxent,12,240.0,240,0.8349020867608488,1.3693777909837657,0.5846337358084884,0.0
d-optimality,12,30.0,30,0.006981204322073609,1.3736577074512788,0.3243782770159986,6.019023775131088
d-optimality,12,60.0,60,0.012142520514316857,1.3210189149116587,0.24338245003246642,6.019023775131088
d-optimality,12,120.0,120,0.023091356561053544,1.2917658505808516,0.22958452777418026,6.019023775131088
d-optimality,12,180.0,180,0.033873970445711166,1.2802755310969862,0.1625040911864516,6.019023775131088
d-optimality,12,240.0,240,0.04378647624980658,1.2522901467529433,0.2435599175615776,6.019023775131088
neyman,12,30.0,30,0.010563214484136552,1.3223963912148566,0.251787232611791,24.076095100524352
neyman,12,60.0,60,0.021539201552513987,1.317355417397452,0.254149503335346,24.076095100524352
neyman,12,120.0,120,0.04285380139481276,1.3051879304085239,0.2326617034340719,24.076095100524352
neyman,12,180.0,180,0.0635615005157888,1.2788351293204727,0.15380355628562267,24.076095100524352
neyman,12,240.0,240,0.08378543541766703,1.2406244943736817,0.1450829370327991,24.076095100524352
predictive-variance,12,30.0,1,0.0022336800466291606,1.3859050687373895,0.5986403163921519,0.0
predictive-variance,12,60.0,2,0.0026009370340034366,1.355632526375811,0.4982485711939408,0.0
predictive-variance,12,120.0,3,0.0027437350945547223,1.3124066524931068,0.3011591499533747,0.0
predictive-variance,12,180.0,5,0.003028277074918151,1.267276519001297,0.195364309586046,0.0
predictive-variance,12,240.0,6,0.003173298027832061,1.2516899694559065,0.14107799845873306,0.0
epistemic,12,30.0,1,0.00221893098205328,1.3859050687373895,0.5986403163921519,0.0
epistemic,12,60.0,2,0.0025815379922278225,1.355632526375811,0.4982485711939408,0.0
epistemic,12,120.0,3,0.002741377044003457,1.3124066524931068,0.3011591499533747,0.0
epistemic,12,180.0,5,0.003021018113940954,1.267276519001297,0.195364309586046,0.0
epistemic,12,240.0,6,0.0031602481030859053,1.2516899694559065,0.14107799845873306,0.0
thompson,12,30.0,1,0.0011878639925271273,1.5910895291580844,1.5385342701424138,240.76095100524353
thompson,12,60.0,2,0.0023030119482427835,1.5757549522083376,1.5347748613198027,475.47744052565315
thompson,12,120.0,3,0.0033120099687948823,1.3273446179049384,0.4350420644610141,475.47744052565315
thompson,12,180.0,5,0.005334734974894673,1.3105990860531642,0.41715655822552505,475.47744052565315
thompson,12,240.0,6,0.006276676955167204,1.310494740537561,0.417728036233225,475.47744052565315
uniform,12,30.0,3,5.452078767120838e-06,1.6505050781175967,1.587228562628705,180.57071325393264
uniform,12,60.0,6,8.026137948036194e-06,1.6040588800927227,1.5375558876390825,361.1414265078653
uniform,12,120.0,12,1.217314274981618e-05,1.3078559345920933,0.21116003976937872,662.365605702194
uniform,12,180.0,18,1.6430160030722618e-05,1.2682247697887592,0.1871276365289755,662.365605702194
uniform,12,240.0,24,2.046918962150812e-05,1.2415347796591405,0.15069725801741538,662.365605702194
random,12,30.0,6,3.395392559468746e-05,1.6077821365761185,1.5824408586387617,409.293616708914
random,12,60.0,6,3.395392559468746e-05,1.6077821365761185,1.5824408586387617,409.293616708914
random,12,120.0,11,4.751986125484109e-05,1.6027279261073755,1.5690000545189273,957.0247802458431
random,12,180.0,14,5.4653792176395655e-05,1.3130372567677642,0.35971424517671385,972.0723396836709
random,12,240.0,24,7.463182555511594e-05,1.246438712393717,0.18525211955301132,972.0723396836709
eig@gamma-poisson,12,30.0,30,0.010244721779599786,1.415882199944346,0.394157233107242,6.028123456390236
eig@gamma-poisson,12,60.0,60,0.016769710869994015,1.3916304173142222,0.25582058512415945,6.028123456390236
eig@gamma-poisson,12,120.0,120,0.029252972512040287,1.3740731390295717,0.2324126908732741,6.028123456390236
eig@gamma-poisson,12,180.0,180,0.041721951332874596,1.2528939758695918,0.16728576664654496,6.028123456390236
eig@gamma-poisson,12,240.0,240,0.05402353027602658,1.2555151999807996,0.19134268434303286,6.028123456390236
maxent@gamma-poisson,12,30.0,30,0.00786197790876031,1.4015838709620774,0.6085190227938528,0.0
maxent@gamma-poisson,12,60.0,60,0.013208497548475862,1.38154688386415,0.5826671482836808,0.0
maxent@gamma-poisson,12,120.0,120,0.024041801982093602,1.378996868927735,0.5856766807891937,0.0
maxent@gamma-poisson,12,180.0,180,0.03489478788105771,1.3801911099864972,0.583052986835913,0.0
maxent@gamma-poisson,12,240.0,240,0.04557982221012935,1.379210149451102,0.5845966503163073,0.0
d-optimality@gamma-poisson,12,30.0,30,0.00021000904962420464,1.402085816338997,0.3489917253034324,6.028123456390236
d-optimality@gamma-poisson,12,60.0,60,0.0003689650911837816,1.3780499411854523,0.24657018342276818,6.028123456390236
d-optimality@gamma-poisson,12,120.0,120,0.0006762146367691457,1.3717230845209638,0.21221527107013063,6.028123456390236
d-optimality@gamma-poisson,12,180.0,180,0.0009823556174524128,1.257144981886054,0.17683684736841343,6.028123456390236
d-optimality@gamma-poisson,12,240.0,240,0.00128794222837314,1.2585486691119703,0.1659199064641503,6.028123456390236
neyman@gamma-poisson,12,30.0,30,0.00020334706641733646,1.342726861951795,0.2712006415046511,24.103394144301795
neyman@gamma-poisson,12,60.0,60,0.00042433926137164235,1.3483023723097478,0.278090873509377,24.103394144301795
neyman@gamma-poisson,12,120.0,120,0.0008031517500057817,1.3469003806241702,0.2478057713979364,24.103394144301795
neyman@gamma-poisson,12,180.0,180,0.0011737990425899625,1.31704190383533,0.16931117920362485,24.103394144301795
neyman@gamma-poisson,12,240.0,240,0.0015450739301741123,1.3328549045965659,0.1896409250320684,24.103394144301795
predictive-variance@gamma-poisson,12,30.0,1,5.524297012016177e-05,1.395996103588289,0.5990418799938265,0.0
predictive-variance@gamma-poisson,12,60.0,2,6.271700840443373e-05,1.3531158044498695,0.49883565478838526,0.0
predictive-variance@gamma-poisson,12,120.0,3,6.951001705601811e-05,1.3225608377628186,0.30190162236624196,0.0
predictive-variance@gamma-poisson,12,180.0,5,8.225307101383805e-05,1.2691006285161917,0.1970851019929969,0.0
predictive-variance@gamma-poisson,12,240.0,6,8.832407183945179e-05,1.2532974713070197,0.1415452777318109,0.0
epistemic@gamma-poisson,12,30.0,1,3.72799695469439e-05,1.395996103588289,0.5990418799938265,0.0
epistemic@gamma-poisson,12,60.0,2,4.3782987631857395e-05,1.3531158044498695,0.49883565478838526,0.0
epistemic@gamma-poisson,12,120.0,3,4.9732974730432034e-05,1.3225608377628186,0.30190162236624196,0.0
epistemic@gamma-poisson,12,180.0,5,6.084289634600282e-05,1.2691006285161917,0.1970851019929969,0.0
epistemic@gamma-poisson,12,240.0,6,6.627384573221207e-05,1.2532974713070197,0.1415452777318109,0.0
thompson@gamma-poisson,12,30.0,1,2.6901077944785357e-05,1.5946718053403046,1.5760339765798217,240.76095100524353
thompson@gamma-poisson,12,60.0,2,3.87840555049479e-05,1.3654710909370766,0.5639962445103074,240.76095100524353
thompson@gamma-poisson,12,120.0,3,4.89531084895134e-05,1.3496679337279047,0.5470688183787447,240.76095100524353
thompson@gamma-poisson,12,180.0,5,6.94801565259695e-05,1.317916889589471,0.3802174948035017,240.76095100524353
thompson@gamma-poisson,12,240.0,6,8.327519753947854e-05,1.317806598379119,0.3808726830764832,240.76095100524353
epig@gamma-poisson,12,30.0,30,0.09911592386197299,1.4017783148710727,0.35031147372193405,6.028123456390236
epig@gamma-poisson,12,60.0,60,0.1695661378907971,1.3810845297476415,0.2545717277963206,6.028123456390236
epig@gamma-poisson,12,120.0,120,0.3121984719764441,1.376387043790129,0.2337006836592334,6.028123456390236
epig@gamma-poisson,12,180.0,179,0.44882745383074507,1.2437407056565604,0.16312774755084422,6.028123456390236
epig@gamma-poisson,12,240.0,235,0.5812781078275293,1.251247952287472,0.15744578058657427,6.028123456390236
eig@lognormal-poisson,12,30.0,30,0.6725432500825264,1.3679485175167276,0.3145232928701434,0.0
eig@lognormal-poisson,12,60.0,60,0.7740370352403261,1.3152993225479668,0.2210236238513798,0.0
eig@lognormal-poisson,12,120.0,120,0.969182635366451,1.3020468296449625,0.1897935190386394,0.0
eig@lognormal-poisson,12,180.0,180,1.158800563425757,1.240729073823757,0.15596344450992947,0.0
eig@lognormal-poisson,12,240.0,240,1.3485490436432883,1.265072953603145,0.21843040512173267,0.0
maxent@lognormal-poisson,12,30.0,30,0.6193589900503866,1.402977369667935,0.6090027369911456,0.0
maxent@lognormal-poisson,12,60.0,60,0.6953519881353714,1.381794790717162,0.5828196927766663,0.0
maxent@lognormal-poisson,12,120.0,120,0.8464708385290578,1.380469619912959,0.5841110418576017,0.0
maxent@lognormal-poisson,12,180.0,180,0.9977523326524533,1.3804955304735735,0.5840375465234021,0.0
maxent@lognormal-poisson,12,240.0,240,1.1508046833914705,1.3804896989139184,0.5840473565344443,0.0
d-optimality@lognormal-poisson,12,30.0,30,0.0023733082343824208,1.3846781777965511,0.33795947705507806,6.019023775131088
d-optimality@lognormal-poisson,12,60.0,60,0.004457591392565519,1.3296992096763278,0.25729413931772693,6.019023775131088
d-optimality@lognormal-poisson,12,120.0,120,0.008586237439885736,1.310317230507509,0.24398499036290983,6.019023775131088
d-optimality@lognormal-poisson,12,180.0,180,0.012730174988973886,1.2480668963275126,0.16437089344953432,6.019023775131088
d-optimality@lognormal-poisson,12,240.0,240,0.016880930808838457,1.2594737483889225,0.23325756805588568,6.019023775131088
neyman@lognormal-poisson,12,30.0,30,0.0020854409085586667,1.3348955962115874,0.27381595420503974,24.094294463042647
neyman@lognormal-poisson,12,60.0,60,0.004215599037706852,1.3378347194559093,0.2616779527291015,24.094294463042647
neyman@lognormal-poisson,12,120.0,120,0.008454060822259635,1.3175028452057387,0.2734162805699481,24.094294463042647
neyman@lognormal-poisson,12,180.0,180,0.012689492723438889,1.2790326428332681,0.15399454910773225,24.094294463042647
neyman@lognormal-poisson,12,240.0,240,0.016939532186370343,1.2802717162255766,0.15799582538167115,24.094294463042647
predictive-variance@lognormal-poisson,12,30.0,1,0.00037421099841594696,1.3976782319670462,0.6000297338862931,0.0
predictive-variance@lognormal-poisson,12,60.0,2,0.0004598710220307112,1.3629091564008158,0.5001021843622943,0.0
predictive-variance@lognormal-poisson,12,120.0,3,0.0005356230540201068,1.3152100929313644,0.30452206974964935,0.0
predictive-variance@lognormal-poisson,12,180.0,5,0.0006862861337140203,1.2704349418069736,0.20118023745827768,0.0
predictive-variance@lognormal-poisson,12,240.0,6,0.0007630701293237507,1.2535151471940078,0.1453408161968678,0.0
epistemic@lognormal-poisson,12,30.0,1,0.0003661559894680977,1.3976782319670462,0.6000297338862931,0.0
epistemic@lognormal-poisson,12,60.0,2,0.00044622505083680153,1.3629091564008158,0.5001021843622943,0.0
epistemic@lognormal-poisson,12,120.0,3,0.0005214660195633769,1.3152100929313644,0.30452206974964935,0.0
epistemic@lognormal-poisson,12,180.0,5,0.0006714669871143997,1.2704349418069736,0.20118023745827768,0.0
epistemic@lognormal-poisson,12,240.0,6,0.0007482609362341464,1.2535151471940078,0.1453408161968678,0.0
thompson@lognormal-poisson,12,30.0,1,0.0002039419487118721,1.630694570781446,1.5760497249455798,240.76095100524353
thompson@lognormal-poisson,12,60.0,2,0.00035549496533349156,1.367304524050312,0.5650892952003709,240.76095100524353
thompson@lognormal-poisson,12,120.0,3,0.0004920310457237065,1.3325354484840817,0.45759417042433387,240.76095100524353
thompson@lognormal-poisson,12,180.0,5,0.0007603440317325294,1.3153268364299944,0.43651168653158817,240.76095100524353
thompson@lognormal-poisson,12,240.0,6,0.000895345991011709,1.3153411133027797,0.4364478678129507,240.76095100524353
eig,13,30.0,30,0.16756629286101088,1.6999231981334957,0.3422118749165796,1.7680419972147683
eig,13,60.0,60,0.25932712288340554,1.6323660503089297,0.2737848995973429,1.7680419972147683
eig,13,120.0,120,0.4317860179580748,1.6253239701309476,0.3225823357400286,1.7680419972147683
eig,13,180.0,180,0.5924554091179743,1.560931617705876,0.25223480310998136,1.7680419972147683
eig,13,240.0,240,0.7502934038639069,1.5262447070818916,0.19237687005421095,1.7680419972147683
epig,13,30.0,30,1.111398069304414,1.730013018937947,0.41474646297542384,1.7680419972147683
epig,13,60.0,60,1.8560178124462254,1.6292973485688105,0.2703093725295639,1.7680419972147683
epig,13,120.0,120,3.296780668431893,1.599250744049203,0.2827749194543915,1.7680419972147683
epig,13,180.0,180,4.736665329313837,1.566697620711959,0.2606659814563369,1.7680419972147683
epig,13,240.0,236,6.138631311419886,1.521538664381698,0.17920229702290918,1.7680419972147683
maxent,13,30.0,30,0.11427339410874993,1.7637590713207318,0.42279443776081344,0.0
maxent,13,60.0,60,0.20805315399775282,1.7490006193620278,0.40225519253205966,0.0
maxent,13,120.0,120,0.39499011146835983,1.750198921451406,0.4048718544310541,0.0
maxent,13,180.0,180,0.5807598195387982,1.7485701754492087,0.40270403146308176,0.0
maxent,13,240.0,240,0.7659789169556461,1.7485888715015514,0.40285363894481907,0.0
d-optimality,13,30.0,30,0.006891875178553164,1.7461013121778797,0.426557784035434,3.5360839944295366
d-optimality,13,60.0,60,0.011608044093009084,1.6168687020672368,0.25852460840176533,3.5360839944295366
d-optimality,13,120.0,120,0.020374093612190336,1.5921433136657788,0.2822816663615098,3.5360839944295366
d-optimality,13,180.0,180,0.029183821519836783,1.5708799996620872,0.2515418843372089,3.5360839944295366
d-optimality,13,240.0,240,0.038559413398616016,1.529344462254624,0.2096830836085395,3.5360839944295366
neyman,13,30.0,30,0.010410374612547457,1.7284900965460912,0.39712325692651057,1.7680419972147683
neyman,13,60.0,60,0.020178774604573846,1.5926017388346139,0.2548650343203308,1.7680419972147683
neyman,13,120.0,120,0.03848672489402816,1.6021373466101088,0.2790058734581487,1.7680419972147683
neyman,13,180.0,180,0.05778338143136352,1.5545528976928755,0.20271909864270535,1.7680419972147683
neyman,13,240.0,240,0.07819031836697832,1.512147404754064,0.12495606844515326,1.7680419972147683
predictive-variance,13,30.0,1,0.0023747329832985997,1.8451934719489902,0.5265636753149402,81.31143746659171
predictive-variance,13,60.0,2,0.002519373025279492,1.8105886106263913,0.45001231898878474,162.62287493318343
predictive-variance,13,120.0,3,0.002661859034560621,1.7747471232631413,0.3979236405966037,233.34455482177415
predictive-variance,13,180.0,5,0.0031808289932087064,1.6800133936879174,0.2917792615084621,233.34455482177415
predictive-variance,13,240.0,6,0.003325099009089172,1.652613342483261,0.2396079736620483,233.34455482177415
epistemic,13,30.0,1,0.0022896130685694516,1.8451934719489902,0.5265636753149402,81.31143746659171
epistemic,13,60.0,2,0.0024339030496776104,1.8105886106263913,0.45001231898878474,162.62287493318343
epistemic,13,120.0,3,0.0025779720745049417,1.7747471232631413,0.3979236405966037,233.34455482177415
epistemic,13,180.0,5,0.0030931070796214044,1.6800133936879174,0.2917792615084621,233.34455482177415
epistemic,13,240.0,6,0.0032391100539825857,1.652613342483261,0.2396079736620483,233.34455482177415
thompson,13,30.0,1,0.00119143002666533,1.8050301989386393,0.8980265987619289,0.0
thompson,13,60.0,2,0.0021447340841405094,1.7905106099225225,0.8932734356465422,0.0
thompson,13,120.0,3,0.003142541099805385,1.7546691225592725,0.8681990367051604,0.0
thompson,13,180.0,5,0.005103619128931314,1.7001890022317212,0.8544828805895224,0.0
thompson,13,240.0,6,0.006086487148422748,1.6979696718295711,0.8533602699360213,0.0
uniform,13,30.0,3,6.5818894654512405e-06,1.8343072080776393,0.8879432267391152,64.68904823266172
uniform,13,60.0,6,9.227835107594728e-06,1.7445344217719605,0.8593007254255519,129.3780964653234
uniform,13,120.0,12,1.3484677765518427e-05,1.5858404264736334,0.26094878850160663,203.98237245932037
uniform,13,180.0,18,1.778069417923689e-05,1.5647057402054596,0.2551926492054493,203.98237245932037
uniform,13,240.0,24,2.1857733372598886e-05,1.5536874664491787,0.251785646259703,203.98237245932037
random,13,30.0,1,1.847604289650917e-05,1.8451934719489902,0.5265636753149402,81.31143746659171
random,13,60.0,4,2.6211084332317114e-05,1.8220169782544977,0.4998826972185957,177.86876945816937
random,13,120.0,7,3.345502773299813e-05,1.7544618892699368,0.4763215462244776,243.93431239977514
random,13,180.0,13,4.712986992672086e-05,1.6394612520861525,0.35604160944092483,302.0575371578801
random,13,240.0,15,5.202885949984193e-05,1.6350078481233934,0.35225394405936583,302.0575371578801
eig@gamma-poisson,13,30.0,30,0.010827992926351726,1.7019593120826861,0.4168331753641732,1.7680419972147683
eig@gamma-poisson,13,60.0,60,0.01752191607374698,1.6155771621932324,0.2275366976711189,1.7680419972147683
eig@gamma-poisson,13,120.0,120,0.030484580318443477,1.5943460924278743,0.2848389136809591,1.7680419972147683
eig@gamma-poisson,13,180.0,180,0.04318118543596938,1.6014189154351566,0.29985303092071813,1.7680419972147683
eig@gamma-poisson,13,240.0,240,0.05571324937045574,1.5607780332645211,0.23630945817551186,1.7680419972147683
maxent@gamma-poisson,13,30.0,30,0.008163220947608352,1.8645764864271117,0.44154388961983554,0.0
maxent@gamma-poisson,13,60.0,60,0.013400157971773297,1.8508026930803407,0.42330346604926383,0.0
maxent@gamma-poisson,13,120.0,120,0.023817990208044648,1.852056921953187,0.42588119903937033,0.0
maxent@gamma-poisson,13,180.0,180,0.0342378742643632,1.8504923737962349,0.4239090427066724,0.0
maxent@gamma-poisson,13,240.0,240,0.04463718761689961,1.8505270831640592,0.4240742253325396,0.0
d-optimality@gamma-poisson,13,30.0,30,0.00020992185454815626,1.6578226661682451,0.32237009741101086,3.5360839944295366
d-optimality@gamma-poisson,13,60.0,60,0.00037126470124349,1.6067183603743898,0.30151370973653335,3.5360839944295366
d-optimality@gamma-poisson,13,120.0,120,0.0006891008233651519,1.6080311133228615,0.28577742704138187,3.5360839944295366
d-optimality@gamma-poisson,13,180.0,180,0.0010059452033601701,1.6128623759563598,0.2956665982736501,3.5360839944295366
d-optimality@gamma-poisson,13,240.0,240,0.0013246811577118933,1.5404689105589167,0.24009817323851051,3.5360839944295366
neyman@gamma-poisson,13,30.0,30,0.00020778883481398225,1.808275437794822,0.43043279781252425,1.7680419972147683
neyman@gamma-poisson,13,60.0,60,0.0004045960959047079,1.5743810369213518,0.2509198036514527,1.7680419972147683
neyman@gamma-poisson,13,120.0,120,0.0007833553827367723,1.6240478751726128,0.30003056888259405,1.7680419972147683
neyman@gamma-poisson,13,180.0,180,0.0011638241703622043,1.5544193951151632,0.20181669925615342,1.7680419972147683
neyman@gamma-poisson,13,240.0,240,0.0015429242048412561,1.511345101140791,0.11947858244549353,1.7680419972147683
predictive-variance@gamma-poisson,13,30.0,1,4.57660062238574e-05,1.9011641769784287,0.5266582776210523,81.31143746659171
predictive-variance@gamma-poisson,13,60.0,2,5.239900201559067e-05,1.8275382592691685,0.4501669096823179,162.62287493318343
predictive-variance@gamma-poisson,13,120.0,3,5.927198799327016e-05,1.771213022538318,0.3984716536703384,233.34455482177415
predictive-variance@gamma-poisson,13,180.0,5,7.233698852360249e-05,1.6689328117240099,0.2914522130956485,233.34455482177415
predictive-variance@gamma-poisson,13,240.0,6,7.85189913585782e-05,1.6474452067654426,0.23932153713212284,233.34455482177415
epistemic@gamma-poisson,13,30.0,1,3.700901288539171e-05,1.9011641769784287,0.5266582776210523,81.31143746659171
epistemic@gamma-poisson,13,60.0,2,4.2880012188106775e-05,1.8275382592691685,0.4501669096823179,162.62287493318343
epistemic@gamma-poisson,13,120.0,3,4.9241993110626936e-05,1.771213022538318,0.3984716536703384,233.34455482177415
epistemic@gamma-poisson,13,180.0,5,6.156601011753082e-05,1.6689328117240099,0.2914522130956485,233.34455482177415
epistemic@gamma-poisson,13,240.0,6,6.739801028743386e-05,1.6474452067654426,0.23932153713212284,233.34455482177415
thompson@gamma-poisson,13,30.0,1,2.5565968826413155e-05,1.9039037990406567,0.8924274885486011,86.25206431021562
thompson@gamma-poisson,13,60.0,2,3.781798295676708e-05,1.866946220205854,0.8772424869912354,172.50412862043123
thompson@gamma-poisson,13,120.0,3,4.8657937441021204e-05,1.8106209834750036,0.8518707608483894,243.22580850902196
thompson@gamma-poisson,13,180.0,5,6.995798321440816e-05,1.7127678387449476,0.32285851864417187,384.66916828620344
thompson@gamma-poisson,13,240.0,6,7.988698780536652e-05,1.71018768083678,0.320639993155373,455.3908481747942
epig@gamma-poisson,13,30.0,30,0.10141734610078856,1.6641237277833991,0.32560989993134454,1.7680419972147683
epig@gamma-poisson,13,60.0,60,0.17328427924076095,1.6420822324173256,0.2976096266406428,1.7680419972147683
epig@gamma-poisson,13,120.0,120,0.31611972698010504,1.5869587146035717,0.2733412644970068,1.7680419972147683
epig@gamma-poisson,13,180.0,180,0.4583689945284277,1.599498112436024,0.27955544604975274,1.7680419972147683
epig@gamma-poisson,13,240.0,236,0.5906616447027773,1.5627683799198986,0.23314882633105685,1.7680419972147683
eig@lognormal-poisson,13,30.0,30,1.7228680969565175,1.7366753027348618,0.42051007340277263,1.7680419972147683
eig@lognormal-poisson,13,60.0,60,1.8248077858006582,1.631976783294036,0.2774347056718951,1.7680419972147683
eig@lognormal-poisson,13,120.0,120,2.0218820410082117,1.6104560834284019,0.3016179972505175,1.7680419972147683
eig@lognormal-poisson,13,180.0,180,2.210503290349152,1.5776618254646184,0.26232351031218554,1.7680419972147683
eig@lognormal-poisson,13,240.0,240,2.3978443605010398,1.532522066022463,0.2111132556226416,1.7680419972147683
maxent@lognormal-poisson,13,30.0,30,1.5951896722544916,1.766739195704833,0.3612822087756738,0.0
maxent@lognormal-poisson,13,60.0,60,1.643782748898957,1.7462424120576152,0.3267633925256186,0.0
maxent@lognormal-poisson,13,120.0,120,1.746866966073867,1.7477985699858074,0.3306667364261754,0.0
maxent@lognormal-poisson,13,180.0,180,1.8520932039245963,1.7465242957567118,0.3287000015319533,0.0
maxent@lognormal-poisson,13,240.0,240,1.958889365720097,1.74573973483487,0.3274979081336795,0.0
d-optimality@lognormal-poisson,13,30.0,30,0.0023826839751563966,1.7483822202970252,0.4311149560700761,3.5360839944295366
d-optimality@lognormal-poisson,13,60.0,60,0.004476463771425188,1.630229943658328,0.267621564705603,3.5360839944295366
d-optimality@lognormal-poisson,13,120.0,120,0.008642246655654162,1.60155688683378,0.28873188394236515,3.5360839944295366
d-optimality@lognormal-poisson,13,180.0,180,0.012819913506973535,1.5757209812996622,0.2632391842898847,3.5360839944295366
d-optimality@lognormal-poisson,13,240.0,240,0.017011316027492285,1.541184701471807,0.2389985912956936,3.5360839944295366
neyman@lognormal-poisson,13,30.0,30,0.0021425049635581672,1.7303778970922126,0.39454917364174813,1.7680419972147683
neyman@lognormal-poisson,13,60.0,60,0.004268913064152002,1.596956012223307,0.2566709042872118,1.7680419972147683
neyman@lognormal-poisson,13,120.0,120,0.008535798406228423,1.6271376100270398,0.2980803123512848,1.7680419972147683
neyman@lognormal-poisson,13,180.0,180,0.012816696020308882,1.5593385951473013,0.20703998040669508,1.7680419972147683
neyman@lognormal-poisson,13,240.0,240,0.017545977898407727,1.5147925389775343,0.12578174288817803,1.7680419972147683
predictive-variance@lognormal-poisson,13,30.0,1,0.0003643419477157295,1.8478607453507856,0.5267949637251234,81.31143746659171
predictive-variance@lognormal-poisson,13,60.0,2,0.00044022395741194487,1.8123803568206132,0.4503172490349727,162.62287493318343
predictive-variance@lognormal-poisson,13,120.0,3,0.0005159848951734602,1.7784021787775395,0.39840812031589007,233.34455482177415
predictive-variance@lognormal-poisson,13,180.0,5,0.0006688219145871699,1.6879319263003338,0.2926968891189251,233.34455482177415
predictive-variance@lognormal-poisson,13,240.0,6,0.0007471988792531192,1.656902562372989,0.24071774914432012,233.34455482177415
epistemic@lognormal-poisson,13,30.0,1,0.00035878102062270045,1.8478607453507856,0.5267949637251234,81.31143746659171
epistemic@lognormal-poisson,13,60.0,2,0.0004358260193839669,1.8123803568206132,0.4503172490349727,162.62287493318343
epistemic@lognormal-poisson,13,120.0,3,0.000510155048687011,1.7784021787775395,0.39840812031589007,233.34455482177415
epistemic@lognormal-poisson,13,180.0,5,0.000662831065710634,1.6879319263003338,0.2926968891189251,233.34455482177415
epistemic@lognormal-poisson,13,240.0,6,0.0007375110290013254,1.656902562372989,0.24071774914432012,233.34455482177415
thompson@lognormal-poisson,13,30.0,1,0.00019725796300917864,1.859427219873251,0.8924226622500754,0.0
thompson@lognormal-poisson,13,60.0,2,0.00033660896588116884,1.8083140091462055,0.8772418962839811,0.0
thompson@lognormal-poisson,13,120.0,3,0.00047237297985702753,1.7309422244803645,0.8396581499531163,0.0
thompson@lognormal-poisson,13,180.0,5,0.0007395439315587282,1.6816099971629803,0.33073848079131707,0.0
thompson@lognormal-poisson,13,240.0,6,0.0008757779723964632,1.6805347258739018,0.3291927666340671,0.0
eig,14,30.0,30,0.1668549088644795,2.046537916692898,0.4492442566997456,5.88614802990672
eig,14,60.0,60,0.2638353070942685,2.076168114948033,0.4513222419250504,5.88614802990672
eig,14,120.0,120,0.4393898822600022,1.964368356538327,0.28636854130395095,5.88614802990672
eig,14,180.0,180,0.6117072684573941,1.9635451196495712,0.20837005719836066,5.88614802990672
eig,14,240.0,240,0.77284866431728,1.9000647495778926,0.1722500252734058,5.88614802990672
epig,14,30.0,30,1.2657329091452993,2.070305032694065,0.4638479417969636,5.88614802990672
epig,14,60.0,60,2.143040460185148,2.045464065219432,0.4318585053306796,5.88614802990672
epig,14,120.0,120,3.7247477414202876,1.9712345819904675,0.28393119038287745,5.88614802990672
epig,14,180.0,180,5.2846855102689005,1.9112384793528052,0.20456540964688627,5.88614802990672
epig,14,240.0,233,6.638932051835582,1.8986640490005735,0.10432060692578628,5.88614802990672
maxent,14,30.0,30,0.13415597507264465,2.162262164335436,0.8640457785096272,0.0
maxent,14,60.0,60,0.23740483704023063,2.1634669089795655,0.8700385891932478,0.0
maxent,14,120.0,120,0.44095874339109287,2.1606128292551854,0.8622901964370592,0.0
maxent,14,180.0,180,0.6423964074347168,2.158401579835943,0.8561301605409735,0.0
maxent,14,240.0,240,0.8429448746610433,2.1578140571920668,0.8545986079689426,0.0
d-optimality,14,30.0,30,0.007370914681814611,2.0648912003799595,0.39658983377657836,5.88614802990672
d-optimality,14,60.0,60,0.01271374273346737,1.9882289047678572,0.3260098996344964,5.88614802990672
d-optimality,14,120.0,120,0.022478783910628408,1.9460404213387876,0.30453989882781385,5.88614802990672
d-optimality,14,180.0,180,0.032191689941100776,1.9235556171798358,0.27705311630331486,5.88614802990672
d-optimality,14,240.0,240,0.042744652717374265,1.8738312818066951,0.12194147697326808,5.88614802990672
neyman,14,30.0,30,0.010861593997105956,2.0644699727513727,0.3598357141754847,11.77229605981344
neyman,14,60.0,60,0.021834651182871312,2.0862027778913546,0.437159721379683,11.77229605981344
neyman,14,120.0,120,0.042222297575790435,1.903952567669857,0.3053809181992171,11.77229605981344
neyman,14,180.0,180,0.06458106654463336,1.9147397974504228,0.18323477694931772,11.77229605981344
neyman,14,240.0,240,0.08699856244493276,1.9136250015239442,0.17208612131083995,11.77229605981344
predictive-variance,14,30.0,1,0.0022638500668108463,2.1606224439428954,0.8599802421540969,0.0
predictive-variance,14,60.0,2,0.0026309581007808447,2.1071091613834754,0.5214357418877157,0.0
predictive-variance,14,120.0,3,0.0027726340340450406,2.0592287363880417,0.39248665808059663,0.0
predictive-variance,14,180.0,5,0.00327897205715999,2.0826303694960218,0.33934094093580214,0.0
predictive-variance,14,240.0,6,0.0034188650315627456,2.049829184128225,0.2701456057154251,0.0
epistemic,14,30.0,1,0.002260914072394371,2.1606224439428954,0.8599802421540969,0.0
epistemic,14,60.0,2,0.002629094000440091,2.1071091613834754,0.5214357418877157,0.0
epistemic,14,120.0,3,0.0027698870399035513,2.0592287363880417,0.39248665808059663,0.0
epistemic,14,180.0,5,0.003271327121183276,2.0826303694960218,0.33934094093580214,0.0
epistemic,14,240.0,6,0.0034123220830224454,2.049829184128225,0.2701456057154251,0.0
thompson,14,30.0,1,0.001128023024648428,2.334509488501428,2.0545102875012,235.4459211962688
thompson,14,60.0,2,0.0020275479764677584,2.280996205942008,1.9373543138700358,470.8918423925376
thompson,14,120.0,3,0.0030312880408018827,2.2590549863167393,1.9329580476898856,706.3377635888064
thompson,14,180.0,5,0.004948561021592468,2.037628733624679,0.37676744223199554,706.3377635888064
thompson,14,240.0,6,0.0059572699829004705,2.037277902075027,0.37551194309312586,706.3377635888064
uniform,14,30.0,3,7.42392148822546e-06,2.3582405256636005,2.0787770519810413,176.5844408972016
uniform,14,60.0,6,1.0159914381802082e-05,2.2504167315142163,1.9467587041259395,353.1688817944032
uniform,14,120.0,12,1.437898026779294e-05,1.8992784654141175,0.3524395056802977,470.89184239253757
uniform,14,180.0,18,1.8538034055382013e-05,1.9218245178074564,0.34603523650658113,470.89184239253757
uniform,14,240.0,24,2.270203549414873e-05,1.8975346353982445,0.24454780234050005,470.89184239253757
random,14,30.0,4,2.2330903448164463e-05,2.1307611406691653,0.8787016011235441,29.4307401495336
random,14,60.0,5,2.5326909963041544e-05,2.1064086711283747,0.8766734605436706,29.4307401495336
random,14,120.0,10,3.6727869883179665e-05,2.1195770477512093,0.8945627854375386,29.4307401495336
random,14,180.0,17,5.232787225395441e-05,1.904281108682082,0.37692703196632915,29.4307401495336
random,14,240.0,21,6.279692752286792e-05,1.894213915457961,0.36970917400705344,29.4307401495336
eig@gamma-poisson,14,30.0,30,0.01041352970059961,2.153823174168249,0.41657624144623046,5.88614802990672
eig@gamma-poisson,14,60.0,60,0.01719238283112645,1.9728718547833932,0.26354302372778565,5.88614802990672
eig@gamma-poisson,14,120.0,120,0.03035680012544617,1.9492808274113156,0.29146042325904314,5.88614802990672
eig@gamma-poisson,14,180.0,180,0.04315857810433954,1.9755562469834091,0.2929053163839564,5.88614802990672
eig@gamma-poisson,14,240.0,240,0.055880580155644566,1.9095131067940958,0.12416729057116131,5.88614802990672
maxent@gamma-poisson,14,30.0,30,0.008157360018230975,2.2074939943701275,0.8633923407919868,0.0
maxent@gamma-poisson,14,60.0,60,0.01379679114324972,2.2087603579636834,0.8696001122844921,0.0
maxent@gamma-poisson,14,120.0,120,0.02493507956387475,2.2059990515356023,0.8621410250035986,0.0
maxent@gamma-poisson,14,180.0,180,0.03599145432235673,2.203822551413282,0.8560836683387837,0.0
maxent@gamma-poisson,14,240.0,240,0.04707808466628194,2.2032449437664607,0.8545806323679883,0.0
d-optimality@gamma-poisson,14,30.0,30,0.00021676119649782777,2.2022492728479937,0.38813675528353936,5.88614802990672
d-optimality@gamma-poisson,14,60.0,60,0.00037903134943917394,1.973447950350275,0.28091292861792305,5.88614802990672
d-optimality@gamma-poisson,14,120.0,120,0.0006982082268223166,1.8984735652709794,0.2564317874982529,5.88614802990672
d-optimality@gamma-poisson,14,180.0,180,0.0010140534723177552,1.9629450003797186,0.26560451869463303,5.88614802990672
d-optimality@gamma-poisson,14,240.0,240,0.001331474573817104,1.9152405652776012,0.12814046287732264,5.88614802990672
neyman@gamma-poisson,14,30.0,30,0.0002050112816505134,2.1710330284037416,0.37792057782545546,11.77229605981344
neyman@gamma-poisson,14,60.0,60,0.0004011412966065109,2.1743958827942733,0.44389504164058297,11.77229605981344
neyman@gamma-poisson,14,120.0,120,0.0007829711539670825,1.9398109816564293,0.2482238837964374,11.77229605981344
neyman@gamma-poisson,14,180.0,180,0.0011624484322965145,1.9202000337969822,0.1932678672424942,11.77229605981344
neyman@gamma-poisson,14,240.0,240,0.0015434367232955992,1.9103339920169249,0.1568030579530585,11.77229605981344
predictive-variance@gamma-poisson,14,30.0,1,4.932301817461848e-05,2.2059405611065848,0.8596156807899846,0.0
predictive-variance@gamma-poisson,14,60.0,2,5.664699710905552e-05,2.134746625687424,0.520726460385181,0.0
predictive-variance@gamma-poisson,14,120.0,3,6.347004091367126e-05,2.089053687147528,0.3913110351234286,0.0
predictive-variance@gamma-poisson,14,180.0,5,7.602304685860872e-05,2.090910077671587,0.3385253259704109,0.0
predictive-variance@gamma-poisson,14,240.0,6,8.183508180081844e-05,2.0527025966875314,0.2691466168953021,0.0
epistemic@gamma-poisson,14,30.0,1,3.824202576652169e-05,2.2059405611065848,0.8596156807899846,0.0
epistemic@gamma-poisson,14,60.0,2,4.484399687498808e-05,2.134746625687424,0.520726460385181,0.0
epistemic@gamma-poisson,14,120.0,3,5.1065057050436735e-05,2.089053687147528,0.3913110351234286,0.0
epistemic@gamma-poisson,14,180.0,5,6.292702164500952e-05,2.090910077671587,0.3385253259704109,0.0
epistemic@gamma-poisson,14,240.0,6,6.8597961217165e-05,2.0527025966875314,0.2691466168953021,0.0
thompson@gamma-poisson,14,30.0,1,2.28129792958498e-05,2.2059405611065848,0.8596156807899846,0.0
thompson@gamma-poisson,14,60.0,2,3.486493369564414e-05,2.2063230804745326,0.8626062833568388,0.0
thompson@gamma-poisson,14,120.0,3,4.589493619278073e-05,2.2059990515356027,0.8621410250035979,0.0
thompson@gamma-poisson,14,180.0,5,6.674393080174923e-05,2.204156329724673,0.8571426940345414,0.0
thompson@gamma-poisson,14,240.0,6,7.705384632572532e-05,2.2032449437664625,0.8545806323679881,0.0
epig@gamma-poisson,14,30.0,30,0.11118556390283629,2.153823174168249,0.41657624144623046,5.88614802990672
epig@gamma-poisson,14,60.0,60,0.22219048789702356,1.9880982456504583,0.31624888335265733,5.88614802990672
epig@gamma-poisson,14,120.0,120,0.3632821710780263,1.955171879658079,0.32930638557459246,5.88614802990672
epig@gamma-poisson,14,180.0,180,0.503577487252187,1.9811493734874592,0.29038622915901263,5.88614802990672
epig@gamma-poisson,14,240.0,237,0.6377141112461686,1.9154433524569277,0.14009589702248954,5.88614802990672
eig@lognormal-poisson,14,30.0,30,0.7409289660281502,2.065150698271236,0.45742252840258935,0.0
eig@lognormal-poisson,14,60.0,60,0.8478180341189727,1.9977875607702333,0.35504612698518123,0.0
eig@lognormal-poisson,14,120.0,120,1.0479757578577846,1.9509128955057058,0.2863125456109379,0.0
eig@lognormal-poisson,14,180.0,180,1.2484911117935553,1.956257215551866,0.21054319898024387,0.0
eig@lognormal-poisson,14,240.0,240,1.4478586366167292,1.9342576574063024,0.16095624608436196,0.0
maxent@lognormal-poisson,14,30.0,30,0.674423819349613,2.163398977498855,0.8636689521299341,0.0
maxent@lognormal-poisson,14,60.0,60,0.7695112561923452,2.1644047881552835,0.8687296658433338,0.0
maxent@lognormal-poisson,14,120.0,120,0.9554444614332169,2.1598229516906056,0.8566423393346027,0.0
maxent@lognormal-poisson,14,180.0,180,1.1413599931402132,2.1590360209779176,0.8551202789271576,0.0
maxent@lognormal-poisson,14,240.0,240,1.3274887240841053,2.1590251701763927,0.8551042447870356,0.0
d-optimality@lognormal-poisson,14,30.0,30,0.002463814918883145,2.0569993325438207,0.3844959089903359,0.0
d-optimality@lognormal-poisson,14,60.0,60,0.004501130955759436,1.9853610325161768,0.3213346058715651,0.0
d-optimality@lognormal-poisson,14,120.0,120,0.008563016657717526,1.9253635152811672,0.3058235717829027,0.0
d-optimality@lognormal-poisson,14,180.0,180,0.012738383782561868,1.9517865609930942,0.27860495940069185,0.0
d-optimality@lognormal-poisson,14,240.0,240,0.016910614620428532,1.9121306203506405,0.15307120105593736,0.0
neyman@lognormal-poisson,14,30.0,30,0.0020669123041443527,2.046876829818016,0.34292903971806826,5.88614802990672
neyman@lognormal-poisson,14,60.0,60,0.004371301445644349,2.0814887731225324,0.435622236972512,5.88614802990672
neyman@lognormal-poisson,14,120.0,120,0.008780141302850097,1.9063002651007401,0.30957731367168334,5.88614802990672
neyman@lognormal-poisson,14,180.0,180,0.013086975610349327,1.9150313190889234,0.1822239163588096,5.88614802990672
neyman@lognormal-poisson,14,240.0,240,0.01727981847943738,1.9103693385236182,0.16044864698368144,5.88614802990672
predictive-variance@lognormal-poisson,14,30.0,1,0.0004379709716886282,2.1616646927469985,0.8594602712071562,0.0
predictive-variance@lognormal-poisson,14,60.0,2,0.0005252339178696275,2.1033400608304045,0.5206726848651616,0.0
predictive-variance@lognormal-poisson,14,120.0,3,0.0006015169201418757,2.0574211338857356,0.3915631891799091,0.0
predictive-variance@lognormal-poisson,14,180.0,5,0.0007449349504895508,2.0866383455245026,0.3382021053945131,0.0
predictive-variance@lognormal-poisson,14,240.0,6,0.0008171189692802727,2.051480696992213,0.2687112535866504,0.0
epistemic@lognormal-poisson,14,30.0,1,0.00043557496974244714,2.1616646927469985,0.8594602712071562,0.0
epistemic@lognormal-poisson,14,60.0,2,0.0005183899775147438,2.1033400608304045,0.5206726848651616,0.0
epistemic@lognormal-poisson,14,120.0,3,0.0005999520071782172,2.0574211338857356,0.3915631891799091,0.0
epistemic@lognormal-poisson,14,180.0,5,0.000742680043913424,2.0866383455245026,0.3382021053945131,0.0
epistemic@lognormal-poisson,14,240.0,6,0.0008142350125126541,2.051480696992213,0.2687112535866504,0.0
thompson@lognormal-poisson,14,30.0,1,0.00019832199905067682,2.345286158760338,2.054527601165522,235.4459211962688
thompson@lognormal-poisson,14,60.0,2,0.00033847399754449725,2.348787894251914,2.0556648979552805,470.8918423925376
thompson@lognormal-poisson,14,120.0,3,0.0004731459775939584,2.29046326233532,1.9386042039742697,706.3377635888064
thompson@lognormal-poisson,14,180.0,5,0.00073886604513973,2.06020291178701,0.3968322053819129,706.3377635888064
thompson@lognormal-poisson,14,240.0,6,0.000874650024343282,2.0590811283209183,0.39135709986208506,706.3377635888064
eig,15,30.0,30,0.1545964731485583,1.8019646328366223,0.39134715797870345,13.116864906457126
eig,15,60.0,60,0.2523334702127613,1.85864070135631,0.5350894447641182,24.59412169960711
eig,15,120.0,120,0.4311158451018855,1.6901811841731196,0.3252827610952363,24.59412169960711
eig,15,180.0,180,0.6131023106281646,1.6288592964318644,0.21776064110854496,24.59412169960711
eig,15,240.0,240,0.7896854624268599,1.612747425970085,0.18990241136955233,24.59412169960711
epig,15,30.0,30,1.1332191033870913,1.8188398155735028,0.4558399315130305,13.116864906457126
epig,15,60.0,60,1.938208281295374,1.7293297069232774,0.4690217297675583,31.152554152835673
epig,15,120.0,119,3.4930068192770705,1.708145534612699,0.3578568092579516,31.152554152835673
epig,15,180.0,173,4.910768201225437,1.6401334327135686,0.26521600733374906,31.152554152835673
epig,15,240.0,225,6.251163730979897,1.6238909859936903,0.2182097244463609,31.152554152835673
maxent,15,30.0,30,0.1185856920783408,2.049692066377822,1.0857557935413897,49.18824339921422
maxent,15,60.0,60,0.2176924300729297,2.048808179986809,1.0835971133680693,98.37648679842859
maxent,15,120.0,120,0.4137026768294163,2.0488252366194453,1.0814637485988872,196.75297359685686
maxent,15,180.0,180,0.6070546947885305,2.050674581306277,1.081310819727164,295.12946039528487
maxent,15,240.0,240,0.8028150117606856,2.050811617579864,1.0813223327040982,393.50594719371287
d-optimality,15,30.0,30,0.00662703305715695,1.8387341627395346,0.5020992159954422,11.477256793149985
d-optimality,15,60.0,60,0.011085320846177638,1.7837767728680891,0.582675600453136,24.59412169960711
d-optimality,15,120.0,120,0.020635734719689935,1.7105805841007238,0.3842111126512965,36.0713784927571
d-optimality,15,180.0,180,0.0324569123913534,1.650509896506814,0.29006935464654193,36.0713784927571
d-optimality,15,240.0,240,0.0444576142472215,1.6251482203461107,0.22063234835567885,36.0713784927571
neyman,15,30.0,30,0.010235387948341668,1.895591233483172,0.6461361118165293,16.39608113307141
neyman,15,60.0,60,0.020069183956366032,1.7530124556824467,0.44790258246401626,27.873337926221392
neyman,15,120.0,120,0.042116996308322996,1.7077508849295253,0.29946750043523124,27.873337926221392
neyman,15,180.0,180,0.06526180682703853,1.6684549599516654,0.24883029350102537,27.873337926221392
neyman,15,240.0,240,0.08839471294777468,1.631293964054046,0.19120296931192954,27.873337926221392
predictive-variance,15,30.0,1,0.002315277000889182,2.0927128852284085,1.1921881157893162,65.58432453228563
predictive-variance,15,60.0,2,0.0026877949712798,2.0304873080317294,1.146759569063971,131.16864906457127
predictive-variance,15,120.0,3,0.002947821980342269,1.932266792979455,1.0498192007264175,196.75297359685692
predictive-variance,15,180.0,5,0.0034626669948920608,1.7417167734126051,0.3138433182202403,196.75297359685692
predictive-variance,15,240.0,6,0.0036074179806746542,1.7326118993755946,0.2910854870710777,196.75297359685692
epistemic,15,30.0,1,0.0022981249494478106,2.0927128852284085,1.1921881157893162,65.58432453228563
epistemic,15,60.0,2,0.0026704929186962545,2.0304873080317294,1.146759569063971,131.16864906457127
epistemic,15,120.0,3,0.0029277948779053986,1.932266792979455,1.0498192007264175,196.75297359685692
epistemic,15,180.0,5,0.003442467888817191,1.7417167734126051,0.3138433182202403,196.75297359685692
epistemic,15,240.0,6,0.003586126840673387,1.7326118993755946,0.2910854870710777,196.75297359685692
thompson,15,30.0,1,0.0012212769943289459,2.116065834534236,1.143711254091875,150.46863385658244
thompson,15,60.0,2,0.002236408006865531,2.0178453194819617,1.0464885463828448,300.9372677131649
thompson,15,120.0,3,0.0032707449863664806,2.01750031037769,1.0465465337557205,451.40590156974736
thompson,15,180.0,5,0.0051884480635635555,2.0153701412619967,1.046379120684364,752.3431692829122
thompson,15,240.0,6,0.006131485046353191,2.0155541930581395,1.046364615658512,902.8118031394946
uniform,15,30.0,3,5.998997949063778e-06,2.077528129336913,1.1684602251871223,0.0
uniform,15,60.0,6,8.653965778648853e-06,1.9321813573832836,1.0808037318131944,32.79216226614282
uniform,15,120.0,12,1.2629956472665071e-05,1.7604110677829574,0.4854976417344869,32.79216226614282
uniform,15,180.0,18,1.6720034182071686e-05,1.71048701361543,0.4900115316052112,32.79216226614282
uniform,15,240.0,24,2.0807026885449886e-05,1.6316310254699866,0.2829827384708711,32.79216226614282
random,15,30.0,2,1.7882033716887236e-05,2.057421462038641,0.8679322139042738,0.0
random,15,60.0,5,2.5115034077316523e-05,1.859326707383582,0.5168092825416875,0.0
random,15,120.0,7,3.0023977160453796e-05,1.7805319650011182,0.24358036786429332,0.0
random,15,180.0,11,3.9812992326915264e-05,1.7740143431736595,0.22892425459000476,0.0
random,15,240.0,20,5.9237994719296694e-05,1.6633800732415323,0.23353817361459356,0.0
eig@gamma-poisson,15,30.0,30,0.010369196184910834,1.8122567753341896,0.4816544419755637,17.843579992472247
eig@gamma-poisson,15,60.0,60,0.01704589306609705,1.897065630287144,0.6131806002580251,21.122796219086528
eig@gamma-poisson,15,120.0,120,0.029973898199386895,1.7111752971507663,0.37645922700965234,35.879269238850796
eig@gamma-poisson,15,180.0,180,0.04264011234045029,1.6766692980557307,0.3049125472978759,35.879269238850796
eig@gamma-poisson,15,240.0,240,0.05517645040526986,1.6335893552927032,0.1966436421987983,35.879269238850796
maxent@gamma-poisson,15,30.0,30,0.007950792845804244,2.0363880888741055,1.0878661688916405,49.18824339921422
maxent@gamma-poisson,15,60.0,60,0.013254103832878172,2.035777338313884,1.0860516092704153,98.37648679842859
maxent@gamma-poisson,15,120.0,120,0.023776368820108473,2.0359258334924255,1.084077456824661,196.75297359685686
maxent@gamma-poisson,15,180.0,180,0.03427186456974596,2.0378044327480223,1.0839660410194027,295.12946039528487
maxent@gamma-poisson,15,240.0,240,0.04479808872565627,2.0379266120122432,1.0839748195642178,393.50594719371287
d-optimality@gamma-poisson,15,30.0,30,0.00021296186605468392,1.8220731981400162,0.5480056730380963,17.843579992472247
d-optimality@gamma-poisson,15,60.0,60,0.00037687813164666295,1.7941571028383576,0.5001201307306861,17.843579992472247
d-optimality@gamma-poisson,15,120.0,120,0.0006954739801585674,1.7057734517169687,0.3532212492973943,39.15848546546508
d-optimality@gamma-poisson,15,180.0,180,0.0010143121471628547,1.6684245513342943,0.258552317048607,39.15848546546508
d-optimality@gamma-poisson,15,240.0,240,0.0013338951976038516,1.642264983758358,0.24703548973708334,39.15848546546508
neyman@gamma-poisson,15,30.0,30,0.00020526809385046363,1.8775028299836407,0.6249961157551001,29.128727531715928
neyman@gamma-poisson,15,60.0,60,0.0004013729630969465,1.7589235570505315,0.45911819154329353,45.52480866478734
neyman@gamma-poisson,15,120.0,120,0.0007818330195732415,1.7082455036391624,0.29697908486105895,45.52480866478734
neyman@gamma-poisson,15,180.0,180,0.0011747381067834795,1.676012586415261,0.2489799648674454,45.52480866478734
neyman@gamma-poisson,15,240.0,240,0.0015560403116978705,1.6441468231532792,0.20207994583887445,45.52480866478734
predictive-variance@gamma-poisson,15,30.0,1,4.717998672276735e-05,2.1106611369547013,1.1919068095351693,65.58432453228563
predictive-variance@gamma-poisson,15,60.0,2,5.4755015298724174e-05,2.0110357104105034,1.1464211729192577,131.16864906457127
predictive-variance@gamma-poisson,15,120.0,3,6.137607851997018e-05,1.9269658650427235,1.0497004819975675,196.75297359685692
predictive-variance@gamma-poisson,15,180.0,5,7.472210563719273e-05,1.745734880069536,0.31440063314100775,196.75297359685692
predictive-variance@gamma-poisson,15,240.0,6,8.099409751594067e-05,1.7364480963055111,0.2911326764369054,196.75297359685692
epistemic@gamma-poisson,15,30.0,1,3.871199442073703e-05,2.1106611369547013,1.1919068095351693,65.58432453228563
epistemic@gamma-poisson,15,60.0,2,4.598504165187478e-05,2.0110357104105034,1.1464211729192577,131.16864906457127
epistemic@gamma-poisson,15,120.0,3,5.206704372540116e-05,1.9269658650427235,1.0497004819975675,196.75297359685692
epistemic@gamma-poisson,15,180.0,5,6.382004357874393e-05,1.745734880069536,0.31440063314100775,196.75297359685692
epistemic@gamma-poisson,15,240.0,6,6.916100392118096e-05,1.7364480963055111,0.2911326764369054,196.75297359685692
thompson@gamma-poisson,15,30.0,1,2.5026965886354446e-05,2.0412474969524785,0.6430004271124424,0.0
thompson@gamma-poisson,15,60.0,2,3.690988523885608e-05,2.0319607131884534,0.631949385976941,0.0
thompson@gamma-poisson,15,120.0,3,4.8270856495946646e-05,2.031959741443355,0.6318606509004538,0.0
thompson@gamma-poisson,15,180.0,5,6.918777944520116e-05,1.92430036909534,0.532843611613076,0.0
thompson@gamma-poisson,15,240.0,6,7.955776527523994e-05,1.8215053117979056,0.5387334499799208,0.0
epig@gamma-poisson,15,30.0,30,0.09971151035279036,1.8272702984569158,0.48713851957478166,17.843579992472247
epig@gamma-poisson,15,60.0,60,0.17103901383234188,1.7688286086461378,0.4858300534465717,17.843579992472247
epig@gamma-poisson,15,120.0,120,0.31279614369850606,1.7191779259916329,0.3768395034579532,42.43770169207936
epig@gamma-poisson,15,180.0,174,0.43993013160070404,1.6863227992627248,0.3120850056265027,42.43770169207936
epig@gamma-poisson,15,240.0,229,0.5710046746535227,1.6338901765630727,0.18146896064207585,42.43770169207936
eig@lognormal-poisson,15,30.0,30,1.3050767100066878,1.7923202613597329,0.39102080309917453,13.116864906457126
eig@lognormal-poisson,15,60.0,60,1.4110582341090776,1.8747572553375766,0.5412074641072503,34.43177037944996
eig@lognormal-poisson,15,120.0,120,1.607856001763139,1.6848152331072235,0.3274291601819105,34.43177037944996
eig@lognormal-poisson,15,180.0,180,1.8206436476903036,1.6265494776846925,0.2141157085524689,34.43177037944996
eig@lognormal-poisson,15,240.0,240,2.0173286607605405,1.6179376153442284,0.21002479216794087,34.43177037944996
maxent@lognormal-poisson,15,30.0,30,1.2189837347832508,2.056635823959334,1.0877293247172324,49.18824339921422
maxent@lognormal-poisson,15,60.0,60,1.278057949792128,2.0557866639752134,1.085645158932489,98.37648679842859
maxent@lognormal-poisson,15,120.0,120,1.3975612039212137,2.0559353430423175,1.0833060022515644,196.75297359685686
maxent@lognormal-poisson,15,180.0,180,1.5207069108146243,2.058513782798268,1.0834721227563218,295.12946039528487
maxent@lognormal-poisson,15,240.0,240,1.6420281797763892,2.0586687595110242,1.0834996211283932,393.50594719371287
d-optimality@lognormal-poisson,15,30.0,30,0.0023190370411612093,1.8273134579310415,0.4608240802137553,13.116864906457126
d-optimality@lognormal-poisson,15,60.0,60,0.0043612197623588145,1.7891395202775078,0.5834599999836505,27.873337926221392
d-optimality@lognormal-poisson,15,120.0,120,0.008411688730120659,1.7027882339898583,0.3668743533269552,44.2694190592928
d-optimality@lognormal-poisson,15,180.0,180,0.012532259745057672,1.6494696939238827,0.2932746924564083,44.2694190592928
d-optimality@lognormal-poisson,15,240.0,240,0.016647011623717844,1.6208430810775927,0.2194864598389061,44.2694190592928
neyman@lognormal-poisson,15,30.0,30,0.0020670787198469043,1.895507090288061,0.6440767818829671,16.39608113307141
neyman@lognormal-poisson,15,60.0,60,0.004137594485655427,1.7593327784030677,0.460356340345919,32.79216226614282
neyman@lognormal-poisson,15,120.0,120,0.00855602923547849,1.7086283019404565,0.30328572236403983,32.79216226614282
neyman@lognormal-poisson,15,180.0,180,0.012710710579995066,1.6697860421069282,0.25228990648996447,32.79216226614282
neyman@lognormal-poisson,15,240.0,240,0.016936970758251846,1.6315618100006286,0.19599263239412604,32.79216226614282
predictive-variance@lognormal-poisson,15,30.0,1,0.00036131602246314287,2.096871813491594,1.1921753156514285,65.58432453228563
predictive-variance@lognormal-poisson,15,60.0,2,0.0004401839687488973,2.04037887107264,1.1467196645496018,131.16864906457127
predictive-variance@lognormal-poisson,15,120.0,3,0.0005152249941602349,1.9373911816246858,1.0498158244047278,196.75297359685692
predictive-variance@lognormal-poisson,15,180.0,5,0.0006647550035268068,1.7405041687806355,0.3147955694263758,196.75297359685692
predictive-variance@lognormal-poisson,15,240.0,6,0.0007376110297627747,1.7311477307724414,0.29139155547150436,196.75297359685692
epistemic@lognormal-poisson,15,30.0,1,0.0003509170492179692,2.096871813491594,1.1921753156514285,65.58432453228563
epistemic@lognormal-poisson,15,60.0,2,0.0004280020366422832,2.04037887107264,1.1467196645496018,131.16864906457127
epistemic@lognormal-poisson,15,120.0,3,0.000501108996104449,1.9373911816246858,1.0498158244047278,196.75297359685692
epistemic@lognormal-poisson,15,180.0,5,0.0006517290603369474,1.7405041687806355,0.3147955694263758,196.75297359685692
epistemic@lognormal-poisson,15,240.0,6,0.0007246159948408604,1.7311477307724414,0.29139155547150436,196.75297359685692
thompson@lognormal-poisson,15,30.0,1,0.00019188999431207776,2.096871813491594,1.1921753156514285,65.58432453228563
thompson@lognormal-poisson,15,60.0,2,0.0003292379551567137,1.9054251079509277,0.6484121822088484,65.58432453228563
thompson@lognormal-poisson,15,120.0,3,0.00046393001684919,1.8960686699427336,0.6373783382783474,65.58432453228563
thompson@lognormal-poisson,15,180.0,5,0.0007266310276463628,1.8871586404877823,0.6296805249268571,65.58432453228563
thompson@lognormal-poisson,15,240.0,6,0.0008592890808358788,1.886080229066877,0.6290830866305798,65.58432453228563
eig,16,30.0,30,0.14712777291424572,1.3329821696167656,0.27658056734956077,0.0
eig,16,60.0,60,0.24115930584957823,1.2915137669231418,0.21015137206073764,0.0
eig,16,120.0,120,0.4208477083593607,1.2743798429303292,0.13313484847171922,0.0
eig,16,180.0,180,0.594667426252272,1.2612954788077029,0.18113176136116133,0.0
eig,16,240.0,240,0.7784836068749428,1.246527559188618,0.1314004695822328,0.0
epig,16,30.0,30,1.1739316657185555,1.331035192658516,0.2340706267401957,0.0
epig,16,60.0,60,2.063334660604596,1.2937247264392997,0.26627719938228606,0.0
epig,16,120.0,117,3.592775668075774,1.2747850477057134,0.14592595466606986,0.0
epig,16,180.0,172,5.129597127030138,1.2704644069132154,0.17525771202058793,0.0
epig,16,240.0,219,6.409074637165759,1.2514263252840094,0.13750975115071604,0.0
maxent,16,30.0,30,0.1224397830083035,1.416061065074069,0.23705132222863265,0.0
maxent,16,60.0,60,0.22590806800872087,1.4150257479073503,0.2366124529637836,0.0
maxent,16,120.0,120,0.42925549420760944,1.4137701659680202,0.23674138262297845,0.0
maxent,16,180.0,180,0.6305701683741063,1.413860428676313,0.2366107426078338,0.0
maxent,16,240.0,240,0.8356144183198921,1.4122125287059566,0.23843953799849404,0.0
d-optimality,16,30.0,30,0.006469131796620786,1.3282457179254004,0.2230712677062796,0.0
d-optimality,16,60.0,60,0.011239483836106956,1.3072040074827682,0.3024310201654267,0.0
d-optimality,16,120.0,120,0.0220802987460047,1.2819863236231237,0.22964885441844002,0.0
d-optimality,16,180.0,180,0.033166341949254274,1.2675112962576627,0.18400913889261392,0.0
d-optimality,16,240.0,240,0.04583011701470241,1.2524453788426184,0.13202532293814687,0.0
neyman,16,30.0,30,0.010177253745496273,1.321552939697219,0.17617706508168035,0.0
neyman,16,60.0,60,0.02052387350704521,1.308333642682031,0.23216318748144346,0.0
neyman,16,120.0,120,0.04173278855159879,1.278216773479391,0.18592448756524071,0.0
neyman,16,180.0,180,0.0653063366189599,1.2780734710271229,0.1382607430623432,0.0
neyman,16,240.0,240,0.09112775704124942,1.2648249527861968,0.08998532627271359,0.0
predictive-variance,16,30.0,1,0.00228758598677814,1.4656398874237304,0.3638559629089774,64.14153000849728
predictive-variance,16,60.0,2,0.0026683490141294897,1.3638064095876048,0.11670783154943627,64.14153000849728
predictive-variance,16,120.0,3,0.0030456859967671335,1.3168548431843676,0.10839607264003148,64.14153000849728
predictive-variance,16,180.0,5,0.0035726240021176636,1.3058912499960875,0.12060098993959784,64.14153000849728
predictive-variance,16,240.0,6,0.003952354076318443,1.2749682379473497,0.10225575568058924,64.14153000849728
epistemic,16,30.0,1,0.002301150932908058,1.4656398874237304,0.3638559629089774,64.14153000849728
epistemic,16,60.0,2,0.002678347926121205,1.3638064095876048,0.11670783154943627,64.14153000849728
epistemic,16,120.0,3,0.003047589911147952,1.3168548431843676,0.10839607264003148,64.14153000849728
epistemic,16,180.0,5,0.0035668829223141074,1.279606071438106,0.0958884055262591,64.14153000849728
epistemic,16,240.0,6,0.0037685309071093798,1.2749682379473497,0.10225575568058924,64.14153000849728
thompson,16,30.0,1,0.00129665806889534,1.4173763601494607,0.23736826737762085,0.0
thompson,16,60.0,2,0.002398441021796316,1.4127385266587043,0.24001114060245984,0.0
thompson,16,120.0,3,0.003470950003247708,1.4137701659679864,0.23674138262298883,0.0
thompson,16,180.0,5,0.005513074982445687,1.4118669637145933,0.2401655433187913,0.0
thompson,16,240.0,6,0.006559665023814887,1.412212528706003,0.23843953799841638,0.0
uniform,16,30.0,3,5.398993380367756e-06,1.47804152409281,0.4101782722118692,0.0
uniform,16,60.0,6,8.243951015174389e-06,1.3808922587071526,0.3796898890279579,32.07076500424864
uniform,16,120.0,12,1.2732867617160082e-05,1.3041284909306226,0.27180875082973954,112.24767751487025
uniform,16,180.0,18,1.7031794413924217e-05,1.2871881856404455,0.25431480485797997,112.24767751487025
uniform,16,240.0,24,2.1139858290553093e-05,1.2510014983363364,0.1330335084747603,112.24767751487025
random,16,30.0,3,2.1692016161978245e-05,1.5190417424334546,0.42143235523055156,0.0
random,16,60.0,3,2.1692016161978245e-05,1.5190417424334546,0.42143235523055156,0.0
random,16,120.0,5,2.6942056138068438e-05,1.363638314035473,0.1269323040949,0.0
random,16,180.0,8,3.415503306314349e-05,1.288235554203599,0.10317457448296964,0.0
random,16,240.0,18,5.5356009397655725e-05,1.2911320116427654,0.10959147453867982,0.0
eig@gamma-poisson,16,30.0,30,0.010111461160704494,1.332940861156254,0.2686356035688169,0.0
eig@gamma-poisson,16,60.0,60,0.016768252127803862,1.301494578862974,0.29975133273318155,0.0
eig@gamma-poisson,16,120.0,120,0.029537118563894182,1.2783655827531604,0.2410350569146315,0.0
eig@gamma-poisson,16,180.0,180,0.042168435000348836,1.2603907474724645,0.188753011045652,0.0
eig@gamma-poisson,16,240.0,240,0.054675135121215135,1.250956273483865,0.17837721758513048,0.0
maxent@gamma-poisson,16,30.0,30,0.00778969400562346,1.4484130886355129,0.237420782824115,0.0
maxent@gamma-poisson,16,60.0,60,0.013191814941819757,1.4474756491368261,0.2366503775358335,0.0
maxent@gamma-poisson,16,120.0,120,0.023896930972114205,1.446307686723553,0.23678997953220882,0.0
maxent@gamma-poisson,16,180.0,180,0.03459545626537874,1.44641875226365,0.23661951679480134,0.0
maxent@gamma-poisson,16,240.0,240,0.045250071212649345,1.4448013891065792,0.23852074538227538,0.0
d-optimality@gamma-poisson,16,30.0,30,0.00021626503439620137,1.3386822673262981,0.23021007662386622,0.0
d-optimality@gamma-poisson,16,60.0,60,0.00037754111690446734,1.3057240119904472,0.2806450263996536,0.0
d-optimality@gamma-poisson,16,120.0,120,0.0006954381242394447,1.282239219802259,0.21768666712154142,0.0
d-optimality@gamma-poisson,16,180.0,180,0.0010106081026606262,1.261968193966071,0.14585667163504615,0.0
d-optimality@gamma-poisson,16,240.0,240,0.00132803397718817,1.2523088653372483,0.14041468123313386,0.0
neyman@gamma-poisson,16,30.0,30,0.00020681513706222177,1.3241508265887474,0.19978694355780716,0.0
neyman@gamma-poisson,16,60.0,60,0.00040504580829292536,1.3102283886565687,0.23674965810285897,0.0
neyman@gamma-poisson,16,120.0,120,0.0007854406139813364,1.2860869560162234,0.18984944747336063,0.0
neyman@gamma-poisson,16,180.0,180,0.0011664657504297793,1.2763984970826805,0.1365572799170713,0.0
neyman@gamma-poisson,16,240.0,240,0.0015489764628000557,1.2688153946643153,0.09386807326497504,0.0
predictive-variance@gamma-poisson,16,30.0,1,4.7600013203918934e-05,1.473331708731374,0.36301693526517165,64.14153000849728
predictive-variance@gamma-poisson,16,60.0,2,5.5194017477333546e-05,1.3766783296574616,0.11347017032976978,64.14153000849728
predictive-variance@gamma-poisson,16,120.0,3,6.19160127826035e-05,1.3229925771817077,0.10477705071105411,64.14153000849728
predictive-variance@gamma-poisson,16,180.0,5,7.481902139261365e-05,1.3006062858601242,0.11999744990966107,64.14153000849728
predictive-variance@gamma-poisson,16,240.0,6,8.090905612334609e-05,1.2724595807140962,0.10143298991024742,64.14153000849728
epistemic@gamma-poisson,16,30.0,1,3.917299909517169e-05,1.473331708731374,0.36301693526517165,64.14153000849728
epistemic@gamma-poisson,16,60.0,2,4.615605575963855e-05,1.3766783296574616,0.11347017032976978,64.14153000849728
epistemic@gamma-poisson,16,120.0,3,5.224806955084205e-05,1.3229925771817077,0.10477705071105411,64.14153000849728
epistemic@gamma-poisson,16,180.0,5,6.393902003765106e-05,1.2768485090982018,0.09345434966502797,64.14153000849728
epistemic@gamma-poisson,16,240.0,6,6.948900409042835e-05,1.2724595807140962,0.10143298991024742,64.14153000849728
thompson@gamma-poisson,16,30.0,1,2.104899613186717e-05,1.473331708731374,0.36301693526517165,64.14153000849728
thompson@gamma-poisson,16,60.0,2,3.313098568469286e-05,1.3766783296574616,0.11347017032976978,64.14153000849728
thompson@gamma-poisson,16,120.0,3,4.4782995246350765e-05,1.372289401273356,0.12012666450661988,64.14153000849728
thompson@gamma-poisson,16,180.0,5,6.522092735394835e-05,1.3196202400450168,0.10411245045584219,64.14153000849728
thompson@gamma-poisson,16,240.0,6,7.462897337973118e-05,1.3200004295441587,0.1036866915343825,64.14153000849728
epig@gamma-poisson,16,30.0,30,0.10006350983167067,1.338146186087864,0.2505402539577054,0.0
epig@gamma-poisson,16,60.0,60,0.17142176162451506,1.3103638466561327,0.2972089543914045,0.0
epig@gamma-poisson,16,120.0,119,0.3098716954118572,1.2724650422748207,0.18977247885884924,0.0
epig@gamma-poisson,16,180.0,176,0.44504029920790344,1.2590666661495327,0.18417485800536895,0.0
epig@gamma-poisson,16,240.0,227,0.5661856152000837,1.2479852036905554,0.15222815992576008,0.0
eig@lognormal-poisson,16,30.0,30,0.5240953079191968,1.3346119904265592,0.26307944692240465,0.0
eig@lognormal-poisson,16,60.0,60,0.6279848249396309,1.2944453751980158,0.203256140797439,0.0
eig@lognormal-poisson,16,120.0,120,0.8188320888439193,1.2856375452333284,0.13628511795357312,0.0
eig@lognormal-poisson,16,180.0,180,1.0030422788113356,1.2597119517419684,0.164950223753478,0.0
eig@lognormal-poisson,16,240.0,240,1.185667349549476,1.2507360871107727,0.11258636465272157,0.0
maxent@lognormal-poisson,16,30.0,30,0.4387489446089603,1.4100819136256133,0.23695981519287765,0.0
maxent@lognormal-poisson,16,60.0,60,0.4987813017796725,1.4090218265779777,0.23660684749776212,0.0
maxent@lognormal-poisson,16,120.0,120,0.6201539878966287,1.4076277563622064,0.23679080683570386,0.0
maxent@lognormal-poisson,16,180.0,180,0.7427106523537077,1.407499720428883,0.23673722566757047,0.0
maxent@lognormal-poisson,16,240.0,240,0.8658196089090779,1.4055849170724521,0.2395707772429225,0.0
d-optimality@lognormal-poisson,16,30.0,30,0.00237338081933558,1.3303096562030345,0.21182162475439437,0.0
d-optimality@lognormal-poisson,16,60.0,60,0.004435634589754045,1.303946819255717,0.2860083331928221,0.0
d-optimality@lognormal-poisson,16,120.0,120,0.008516537491232157,1.2825922708238855,0.22378770528292086,0.0
d-optimality@lognormal-poisson,16,180.0,180,0.012622907292097807,1.269731630813742,0.1883839217578016,0.0
d-optimality@lognormal-poisson,16,240.0,240,0.016725509136449546,1.2552814450195127,0.12908058368761174,0.0
neyman@lognormal-poisson,16,30.0,30,0.002120071032550186,1.3245784487225654,0.16667709527404134,0.0
neyman@lognormal-poisson,16,60.0,60,0.004199705028440803,1.3112267198660006,0.2242609684301291,0.0
neyman@lognormal-poisson,16,120.0,120,0.008351542637683451,1.2818600391222141,0.18223318034073657,0.0
neyman@lognormal-poisson,16,180.0,180,0.012535957561340183,1.2795039547177136,0.13603950395483547,0.0
neyman@lognormal-poisson,16,240.0,240,0.016731605515815318,1.267776963242799,0.08928929640489652,0.0
predictive-variance@lognormal-poisson,16,30.0,1,0.0003674880135804415,1.459900616287796,0.3636237024656566,64.14153000849728
predictive-variance@lognormal-poisson,16,60.0,2,0.0004454340669326484,1.3613213788125547,0.11616802669640713,64.14153000849728
predictive-variance@lognormal-poisson,16,120.0,3,0.0005233591073192656,1.3178696201787605,0.10782721959504793,64.14153000849728
predictive-variance@lognormal-poisson,16,180.0,5,0.0006711560999974608,1.309616532972655,0.11947258435167685,64.14153000849728
predictive-variance@lognormal-poisson,16,240.0,6,0.0007472381112165749,1.27488270768074,0.10091138161064618,64.14153000849728
epistemic@lognormal-poisson,16,30.0,1,0.000364614010322839,1.459900616287796,0.3636237024656566,64.14153000849728
epistemic@lognormal-poisson,16,60.0,2,0.00044066604459658265,1.3613213788125547,0.11616802669640713,64.14153000849728
epistemic@lognormal-poisson,16,120.0,3,0.00051676802104339,1.3178696201787605,0.10782721959504793,64.14153000849728
epistemic@lognormal-poisson,16,180.0,5,0.0006634520250372589,1.2795956518958191,0.09497706074222444,64.14153000849728
epistemic@lognormal-poisson,16,240.0,6,0.0007366680074483156,1.27488270768074,0.10091138161064618,64.14153000849728
thompson@lognormal-poisson,16,30.0,1,0.000196657027117908,1.459900616287796,0.3636237024656566,64.14153000849728
thompson@lognormal-poisson,16,60.0,2,0.00033629906829446554,1.3613213788125547,0.11616802669640713,64.14153000849728
thompson@lognormal-poisson,16,120.0,3,0.0004744980833493173,1.3566084345974756,0.12106806060177239,64.14153000849728
thompson@lognormal-poisson,16,180.0,5,0.0007420590263791382,1.3578298236504083,0.11443740618393415,64.14153000849728
thompson@lognormal-poisson,16,240.0,6,0.0008772210567258298,1.355437222430659,0.12180484182178226,64.14153000849728
eig,17,30.0,30,0.1555965623119846,1.638883030396463,0.3074048038918858,6.217110029689655
eig,17,60.0,60,0.24415863532340154,1.4458123034161925,0.15998760058915037,6.217110029689655
eig,17,120.0,120,0.408665428229142,1.3726626389229768,0.12553402358400292,6.217110029689655
eig,17,180.0,180,0.5624540894059464,1.3577118234915295,0.1013494728839946,6.217110029689655
eig,17,240.0,240,0.7135734364273958,1.3588886979296688,0.08633058220150559,6.217110029689655
epig,17,30.0,30,1.0877777149435133,1.6429746342973484,0.3143943372253974,6.83882103265862
epig,17,60.0,60,1.8255029948195443,1.446563897315876,0.15463995087664667,6.83882103265862
epig,17,120.0,120,3.2768093199119903,1.3819014841260577,0.13069524985352654,6.83882103265862
epig,17,180.0,176,4.616065063048154,1.3673877177623552,0.10183463711678248,6.83882103265862
epig,17,240.0,236,6.060253737610765,1.3624245013513852,0.08191830985283492,6.83882103265862
maxent,17,30.0,30,0.10336603911127895,1.5997472624328377,0.30875140907483156,3.4194105163293123
maxent,17,60.0,60,0.1801795298815705,1.5974814304686031,0.30695371481166067,3.4194105163293123
maxent,17,120.0,120,0.35306689981371164,1.5966112339962422,0.30702096063177087,3.4194105163293123
maxent,17,180.0,180,0.5253327008686028,1.596555026839864,0.30695448389517777,3.4194105163293123
maxent,17,240.0,240,0.6961536286398768,1.5962121260485003,0.30717746802156687,3.4194105163293123
d-optimality,17,30.0,30,0.006721981975715607,1.6362318621525418,0.30998010244920726,7.149676534143103
d-optimality,17,60.0,60,0.011068651860114187,1.4410713738872465,0.1542062298038699,7.149676534143103
d-optimality,17,120.0,120,0.019889397837687284,1.381034665856799,0.12257757696564668,7.149676534143103
d-optimality,17,180.0,180,0.02868867281358689,1.3695760957588876,0.1243642131112518,7.149676534143103
d-optimality,17,240.0,240,0.03753155574668199,1.36311747334966,0.09145351109950811,7.149676534143103
neyman,17,30.0,30,0.010362709930632263,1.6438377776808162,0.3036919793543658,8.08224303859655
neyman,17,60.0,60,0.01989783556200564,1.5968086600830276,0.26097241327494275,8.08224303859655
neyman,17,120.0,120,0.03848991938866675,1.4016302449526112,0.15747043278884076,8.08224303859655
neyman,17,180.0,180,0.05697507213335484,1.3779745023423329,0.09460954155994714,8.08224303859655
neyman,17,240.0,240,0.07622145517962053,1.3609531082152169,0.09290195246643429,8.08224303859655
predictive-variance,17,30.0,1,0.002303715969901532,1.7214845028771215,0.8164780706343495,12.434220059379317
predictive-variance,17,60.0,2,0.0024478259147144854,1.6593812712715803,0.8051767231755865,24.868440118758635
predictive-variance,17,120.0,3,0.0025915649021044374,1.6015467677073503,0.7966754666001719,34.51826306916157
predictive-variance,17,180.0,5,0.003105166892055422,1.442046009982821,0.18497972037091198,53.81790896996744
predictive-variance,17,240.0,6,0.0032491368474438787,1.3914084523093833,0.12206552798219963,53.81790896996744
epistemic,17,30.0,1,0.00229788402793929,1.7214845028771215,0.8164780706343495,12.434220059379317
epistemic,17,60.0,2,0.002441493037622422,1.6593812712715803,0.8051767231755865,24.868440118758635
epistemic,17,120.0,3,0.002585353096947074,1.6015467677073503,0.7966754666001719,34.51826306916157
epistemic,17,180.0,5,0.0030993151012808084,1.442046009982821,0.18497972037091198,53.81790896996744
epistemic,17,240.0,6,0.003242344071622938,1.3914084523093833,0.12206552798219963,53.81790896996744
thompson,17,30.0,1,0.0014087589806877077,1.7427595400913567,0.8050615251794256,36.60223351070738
thompson,17,60.0,2,0.0024528150097467005,1.6233243314572459,0.5036116636418486,49.03645357008669
thompson,17,120.0,3,0.0035484080435708165,1.5654898278930158,0.4899050431409509,58.68627652048963
thompson,17,180.0,5,0.005509963142685592,1.442046009982821,0.18497972037091198,77.9859224212955
thompson,17,240.0,6,0.006459882133640349,1.4412501539793963,0.18404402225587718,87.63574537169843
uniform,17,30.0,3,5.811103619635105e-06,1.6026604802508058,0.6653495351631955,9.325665044534489
uniform,17,60.0,6,8.766073733568192e-06,1.601128712087253,0.6651109183280846,18.651330089068974
uniform,17,120.0,12,1.3295095413923264e-05,1.413515016497855,0.12505354171912947,31.085550148448288
uniform,17,180.0,18,1.7871090676635504e-05,1.4088442005834183,0.12840752901635094,31.085550148448288
uniform,17,240.0,24,2.185697667300701e-05,1.3819646563123607,0.15444110243925283,31.085550148448288
random,17,30.0,2,2.585898619145155e-05,1.765876575068539,0.9231606661850535,15.542775074224146
random,17,60.0,3,2.9716931749135256e-05,1.76535229151341,0.9229279232439681,18.651330089068974
random,17,120.0,6,3.708986332640052e-05,1.6769034761679222,0.9055919501151001,38.55408992427503
random,17,180.0,14,5.567201878875494e-05,1.6790943917686076,0.7081786855848003,39.64208417947072
random,17,240.0,29,8.698302553966641e-05,1.6165624041031885,0.2868547060661002,52.85344299256124
eig@gamma-poisson,17,30.0,30,0.010335654951632023,1.723499920314663,0.3263502034473029,7.149676534143103
eig@gamma-poisson,17,60.0,60,0.017023672815412283,1.4043305030162763,0.10103331941150358,7.149676534143103
eig@gamma-poisson,17,120.0,120,0.029876591579522938,1.3879808169635286,0.12891591496887264,7.149676534143103
eig@gamma-poisson,17,180.0,180,0.04248645663028583,1.3535510988686978,0.1051404861659772,7.149676534143103
eig@gamma-poisson,17,240.0,240,0.054976872575934976,1.3541845888309247,0.08122780925309,7.149676534143103
maxent@gamma-poisson,17,30.0,30,0.008032909769099206,1.6598198690856518,0.3605582937132069,3.1085550148448293
maxent@gamma-poisson,17,60.0,60,0.013223771471530199,1.6568040518298919,0.3577497819590957,3.1085550148448293
maxent@gamma-poisson,17,120.0,120,0.023543470655567944,1.6561295850386422,0.3577496488730061,3.1085550148448293
maxent@gamma-poisson,17,180.0,180,0.03380150877637789,1.6559218315417794,0.3577496079581824,3.1085550148448293
maxent@gamma-poisson,17,240.0,240,0.044019758119247854,1.6556936466908192,0.3577845497040854,3.1085550148448293
d-optimality@gamma-poisson,17,30.0,30,0.0002110959030687809,1.6259233533945239,0.2958000016312595,7.460532035627585
d-optimality@gamma-poisson,17,60.0,60,0.0003746147849597037,1.4120971140274445,0.12434364211224841,7.460532035627585
d-optimality@gamma-poisson,17,120.0,120,0.0006912813405506313,1.3769329422012906,0.12514464845513995,7.460532035627585
d-optimality@gamma-poisson,17,180.0,180,0.0010078208288177848,1.3736399940666884,0.14838774665199525,7.460532035627585
d-optimality@gamma-poisson,17,240.0,240,0.0013234385405667126,1.342452592763257,0.09118697652864975,7.460532035627585
neyman@gamma-poisson,17,30.0,30,0.00021117215510457754,1.6356216492914335,0.3004240469584265,5.906254528205173
neyman@gamma-poisson,17,60.0,60,0.00040684686973690987,1.6348053451001945,0.29157821147583524,5.906254528205173
neyman@gamma-poisson,17,120.0,120,0.0007917227922007442,1.3822809469032793,0.1394915565954754,5.906254528205173
neyman@gamma-poisson,17,180.0,180,0.0011834424803964794,1.3711246422742571,0.08433846687117967,5.906254528205173
neyman@gamma-poisson,17,240.0,240,0.0015653151203878224,1.3587224331966032,0.09022125536020098,5.906254528205173
predictive-variance@gamma-poisson,17,30.0,1,4.9953057896345854e-05,1.7370656440753294,0.8163662697545514,12.434220059379317
predictive-variance@gamma-poisson,17,60.0,2,5.716504529118538e-05,1.6481170357355672,0.8051194094632885,32.88648185321358
predictive-variance@gamma-poisson,17,120.0,3,6.351701449602842e-05,1.568456208163725,0.796726246371484,42.53630480361652
predictive-variance@gamma-poisson,17,180.0,5,7.595110218971968e-05,1.4316408024394882,0.18470172902654572,61.83595070442239
predictive-variance@gamma-poisson,17,240.0,6,8.187303319573402e-05,1.3822578751798387,0.12075223115479895,61.83595070442239
epistemic@gamma-poisson,17,30.0,1,3.769894829019904e-05,1.7370656440753294,0.8163662697545514,12.434220059379317
epistemic@gamma-poisson,17,60.0,2,4.40609292127192e-05,1.6481170357355672,0.8051194094632885,32.88648185321358
epistemic@gamma-poisson,17,120.0,3,4.971091402694583e-05,1.568456208163725,0.796726246371484,42.53630480361652
epistemic@gamma-poisson,17,180.0,5,6.081088213250041e-05,1.4316408024394882,0.18470172902654572,61.83595070442239
epistemic@gamma-poisson,17,240.0,6,6.631191354244947e-05,1.3822578751798387,0.12075223115479895,61.83595070442239
thompson@gamma-poisson,17,30.0,1,2.9464950785040855e-05,1.7002917157098558,0.9142550995164122,20.45226179383426
thompson@gamma-poisson,17,60.0,2,4.1817896999418736e-05,1.608523314106911,0.6641226598042171,40.90452358766852
thompson@gamma-poisson,17,120.0,3,5.225790664553642e-05,1.5288624865350693,0.6539222854652594,50.55434653807146
thompson@gamma-poisson,17,180.0,5,7.344898767769337e-05,1.4828086447001654,0.47034633328949293,69.85399243887733
thompson@gamma-poisson,17,240.0,6,8.317799074575305e-05,1.430633964725877,0.1832499651885932,79.50381538928026
epig@gamma-poisson,17,30.0,30,0.10041368019301444,1.7324388018522268,0.3302901668919758,6.527965531174138
epig@gamma-poisson,17,60.0,60,0.17205892008496448,1.4079998976169072,0.11547577959042837,6.527965531174138
epig@gamma-poisson,17,120.0,120,0.31408315611770377,1.3992532908270379,0.13778538174880897,6.527965531174138
epig@gamma-poisson,17,180.0,180,0.4554021389922127,1.3660624858641113,0.12840441170072833,6.527965531174138
epig@gamma-poisson,17,240.0,240,0.5966905929381028,1.3279095220630506,0.07449197817473292,8.699175695014798
eig@lognormal-poisson,17,30.0,30,1.0372616960084997,1.6565253198843795,0.30709178413534577,7.460532035627585
eig@lognormal-poisson,17,60.0,60,1.1326818047673441,1.433384406139081,0.1340377046663932,7.460532035627585
eig@lognormal-poisson,17,120.0,120,1.319390700897202,1.3926371493612357,0.13416224132259114,7.460532035627585
eig@lognormal-poisson,17,180.0,180,1.5032304336782545,1.3553035522930899,0.09667466486586801,7.460532035627585
eig@lognormal-poisson,17,240.0,240,1.6729204441653565,1.3541333060534473,0.08859157831320129,7.460532035627585
maxent@lognormal-poisson,17,30.0,30,0.9377698262687773,1.5894740172455875,0.30479091983492806,4.041121519298278
maxent@lognormal-poisson,17,60.0,60,0.9760789744905196,1.5871131819343223,0.3027945346849332,4.041121519298278
maxent@lognormal-poisson,17,120.0,120,1.05861775908852,1.5862681785386084,0.30286846175290594,4.041121519298278
maxent@lognormal-poisson,17,180.0,180,1.1464929358335212,1.586210602300971,0.30279279188194275,4.041121519298278
maxent@lognormal-poisson,17,240.0,240,1.2351280666189268,1.5858782552917547,0.3030250032488558,4.041121519298278
d-optimality@lognormal-poisson,17,30.0,30,0.002363158215302974,1.6555810728558675,0.30997105019279014,7.460532035627585
d-optimality@lognormal-poisson,17,60.0,60,0.00443159433780238,1.4434699479581024,0.1513639241929056,7.460532035627585
d-optimality@lognormal-poisson,17,120.0,120,0.008583266520872712,1.4041812031444385,0.14820444606770486,7.460532035627585
d-optimality@lognormal-poisson,17,180.0,180,0.012697943893726915,1.3757359474639823,0.1219984244958341,7.460532035627585
d-optimality@lognormal-poisson,17,240.0,240,0.016822800796944648,1.3622568283258956,0.08578882643090278,7.460532035627585
neyman@lognormal-poisson,17,30.0,30,0.0021208495600149035,1.6400090658837716,0.30543754316564675,8.393098540081033
neyman@lognormal-poisson,17,60.0,60,0.004227876546792686,1.5955691526538907,0.2643518319658905,8.393098540081033
neyman@lognormal-poisson,17,120.0,120,0.00844553328352049,1.4019188811549166,0.15610626097513575,8.393098540081033
neyman@lognormal-poisson,17,180.0,180,0.012686828733421862,1.378989319712266,0.09499436111403994,8.393098540081033
neyman@lognormal-poisson,17,240.0,240,0.016918275505304337,1.36136958986193,0.0927334589137233,8.393098540081033
predictive-variance@lognormal-poisson,17,30.0,1,0.00037137599429115653,1.7135127269699233,0.8165543969888256,12.434220059379317
predictive-variance@lognormal-poisson,17,60.0,2,0.00045389996375888586,1.6587959734034612,0.8052688862203978,24.868440118758635
predictive-variance@lognormal-poisson,17,120.0,3,0.0005308849504217505,1.60719802397855,0.7967883633145645,34.51826306916157
predictive-variance@lognormal-poisson,17,180.0,5,0.0006804149597883224,1.443558029008953,0.18509898761756843,53.81790896996744
predictive-variance@lognormal-poisson,17,240.0,6,0.00075574591755867,1.3942614581974178,0.12253664696020711,53.81790896996744
epistemic@lognormal-poisson,17,30.0,1,0.0003626689431257546,1.7135127269699233,0.8165543969888256,12.434220059379317
epistemic@lognormal-poisson,17,60.0,2,0.00043984397780150175,1.6587959734034612,0.8052688862203978,24.868440118758635
epistemic@lognormal-poisson,17,120.0,3,0.0005163460155017674,1.60719802397855,0.7967883633145645,34.51826306916157
epistemic@lognormal-poisson,17,180.0,5,0.0006643609376624227,1.443558029008953,0.18509898761756843,53.81790896996744
epistemic@lognormal-poisson,17,240.0,6,0.0007383289048448205,1.3942614581974178,0.12253664696020711,53.81790896996744
thompson@lognormal-poisson,17,30.0,1,0.00019738002447411418,1.662191450324355,0.6779011465402852,12.434220059379317
thompson@lognormal-poisson,17,60.0,2,0.00033950601937249303,1.620561389920138,0.5034768606324594,24.868440118758635
thompson@lognormal-poisson,17,120.0,3,0.00047766504576429725,1.5689634404952264,0.4897985973756756,34.51826306916157
thompson@lognormal-poisson,17,180.0,5,0.0007438639877364039,1.4489782117638796,0.18253310377954687,44.168086019564505
thompson@lognormal-poisson,17,240.0,6,0.0008786170510575175,1.4473323054493281,0.17829205763269942,44.168086019564505
eig,18,30.0,30,0.14236171398079023,0.8390039473947057,0.1306085685634537,1.3270700683937713
eig,18,60.0,60,0.2245379808009602,0.7988296970857446,0.07460107573795145,3.5388535157167236
eig,18,120.0,120,0.3749639948946424,0.7829916709745676,0.06124281707687177,3.5388535157167236
eig,18,180.0,180,0.5172525982488878,0.767135173010071,0.05153757852941479,3.5388535157167236
eig,18,240.0,240,0.6578113839495927,0.7677142822943024,0.054045328758345224,3.5388535157167236
epig,18,30.0,30,0.9995855060406029,0.8098224104039025,0.08277142162149391,0.6635350341968855
epig,18,60.0,60,1.6799553032033145,0.8038305359902115,0.09135155112660089,4.865923584110495
epig,18,120.0,120,3.0108267194009386,0.7836614745233329,0.06278211401549338,4.865923584110495
epig,18,180.0,180,4.313051538541913,0.7628097789430552,0.046179943146195335,4.865923584110495
epig,18,240.0,240,5.612989566347096,0.7751784712234121,0.063029488828233,4.865923584110495
maxent,18,30.0,30,0.08833354781381786,0.823632904729321,0.10919052408806187,0.6891406597092167
maxent,18,60.0,60,0.1395301286247559,0.8227633725702302,0.11033310255257486,0.6891406597092167
maxent,18,120.0,120,0.26803560176631436,0.8225131104648096,0.10901302955131158,0.6891406597092167
maxent,18,180.0,180,0.4227496315143071,0.8226346345394001,0.10911848206531509,0.6891406597092167
maxent,18,240.0,240,0.5977264428511262,0.8219256118874068,0.10901406929479582,0.6891406597092167
d-optimality,18,30.0,30,0.007501596177462488,0.8079480254022672,0.08293622070690927,0.8847133789291808
d-optimality,18,60.0,60,0.012292148196138442,0.798828900278607,0.08326694354447484,5.750636963039676
d-optimality,18,120.0,120,0.021615766338072717,0.78741137593354,0.06874287283791314,5.750636963039676
d-optimality,18,180.0,180,0.03082912357058376,0.7598602102570412,0.044063185255280045,5.750636963039676
d-optimality,18,240.0,240,0.04010285559343174,0.7677375727320886,0.057689566207224145,5.750636963039676
neyman,18,30.0,30,0.011143146606627852,0.8299448873448824,0.09303092768594302,0.6635350341968855
neyman,18,60.0,60,0.021892082528211176,0.8197496694720227,0.10877682487636288,3.981210205181314
neyman,18,120.0,120,0.042763338424265385,0.7885279886316056,0.07249208683966074,7.298885376165742
neyman,18,180.0,180,0.0625592902651988,0.7646992943586889,0.052851094472540314,7.520063720898038
neyman,18,240.0,240,0.08186341123655438,0.7592466490428501,0.050692853870639695,7.520063720898038
predictive-variance,18,30.0,1,0.0022926140227355063,0.8626107345758971,0.1637290180904685,8.847133789291808
predictive-variance,18,60.0,2,0.002435051021166146,0.8472106632592755,0.12314253979703739,17.694267578583617
predictive-variance,18,120.0,3,0.0025774789974093437,0.8148035132984317,0.11313904912279746,17.694267578583617
predictive-variance,18,180.0,5,0.0028613399481400847,0.7887780837977978,0.07520378071096527,17.694267578583617
predictive-variance,18,240.0,6,0.0030030449270270765,0.778928482683936,0.06270783102099946,17.694267578583617
epistemic,18,30.0,1,0.002285722002852708,0.8626107345758971,0.1637290180904685,8.847133789291808
epistemic,18,60.0,2,0.0024281280348077416,0.8472106632592755,0.12314253979703739,17.694267578583617
epistemic,18,120.0,3,0.002569953096099198,0.8148035132984317,0.11313904912279746,17.694267578583617
epistemic,18,180.0,5,0.002853945130482316,0.7887780837977978,0.07520378071096527,17.694267578583617
epistemic,18,240.0,6,0.0029971631010994315,0.778928482683936,0.06270783102099946,17.694267578583617
thompson,18,30.0,1,0.001187735004350543,0.8626107345758971,0.1637290180904685,8.847133789291808
thompson,18,60.0,2,0.002166597987525165,0.8472106632592755,0.12314253979703739,17.694267578583617
thompson,18,120.0,3,0.003113250946626067,0.841325810940886,0.11922418884897694,26.541401367875423
thompson,18,180.0,5,0.0051736009772866964,0.8309176183656204,0.11065035234019628,44.23566894645904
thompson,18,240.0,6,0.006104293977841735,0.8139115667016332,0.08327543933500392,53.08280273575085
uniform,18,30.0,3,5.459005478769541e-06,0.8788228107767573,0.14112393492242709,6.635350341968856
uniform,18,60.0,6,8.284987416118383e-06,0.8568492257292716,0.12768057354544235,13.270700683937713
uniform,18,120.0,12,1.2603006325662136e-05,0.8002185270558324,0.09219486750594505,26.54140136787542
uniform,18,180.0,18,1.695210812613368e-05,0.7843239008841228,0.07046589020363349,39.81210205181313
uniform,18,240.0,24,2.1090032532811165e-05,0.7690897793969368,0.06194257289960988,42.02388549913608
random,18,30.0,6,2.8282986022531986e-05,0.8602076863084571,0.17715413588451084,10.948328064248614
random,18,60.0,9,3.533595008775592e-05,0.8372185446292256,0.13780714878030836,22.05360672525679
random,18,120.0,12,4.2891944758594036e-05,0.8271622338878609,0.13511362177562297,32.029812950406786
random,18,180.0,17,5.4023927077651024e-05,0.8111337612805478,0.08160383590554184,44.968746117246056
random,18,240.0,21,6.273103645071387e-05,0.8002674636398887,0.0739748625662525,54.81118245783319
eig@gamma-poisson,18,30.0,30,0.009415027278009802,0.8612215621765192,0.15874494576641485,3.7870354622529057
eig@gamma-poisson,18,60.0,60,0.015889871632680297,0.8402787216837001,0.09458552273124972,9.537672425292577
eig@gamma-poisson,18,120.0,120,0.02851808228297159,0.7995823966428169,0.08103102823260076,9.537672425292577
eig@gamma-poisson,18,180.0,180,0.040965323394630104,0.7694370837920093,0.0528024119512853,9.537672425292577
eig@gamma-poisson,18,240.0,240,0.05330528295598924,0.7736014373802157,0.05868861654378247,9.537672425292577
maxent@gamma-poisson,18,30.0,30,0.007487438037060201,0.8451835894960893,0.11426261323046695,0.7876260074649767
maxent@gamma-poisson,18,60.0,60,0.012721761828288436,0.8445948712510399,0.11530229926775512,0.7876260074649767
maxent@gamma-poisson,18,120.0,120,0.022972765960730612,0.8444055568934715,0.11382063583873686,0.7876260074649767
maxent@gamma-poisson,18,180.0,180,0.03314784815302119,0.8443031886443694,0.11383938680779278,0.7876260074649767
maxent@gamma-poisson,18,240.0,240,0.043319076532498,0.8436267062073877,0.11384343920011508,0.7876260074649767
d-optimality@gamma-poisson,18,30.0,30,0.0002118959673680365,0.881404432457551,0.19225711635143578,3.517313431788508
d-optimality@gamma-poisson,18,60.0,60,0.0003793869400396943,0.8666792894535204,0.1209874569113211,10.152663773757357
d-optimality@gamma-poisson,18,120.0,120,0.0006967608351260424,0.8059359224052008,0.09466347499282382,12.364447221080301
d-optimality@gamma-poisson,18,180.0,180,0.00101748964516446,0.7847554591544865,0.059366902412347926,12.364447221080301
d-optimality@gamma-poisson,18,240.0,240,0.0013354159309528768,0.7846463981112501,0.06705475972627234,12.364447221080301
neyman@gamma-poisson,18,30.0,30,0.00020582822617143393,0.8366111904473318,0.08444165708987221,1.181439011197465
neyman@gamma-poisson,18,60.0,60,0.00039980304427444935,0.8352974630394739,0.11138983593839046,3.3932224585204174
neyman@gamma-poisson,18,120.0,120,0.0007834738935343921,0.8339086940124075,0.09857285391001994,5.605005905843369
neyman@gamma-poisson,18,180.0,180,0.0011624361504800618,0.7673569264988392,0.054872301707746526,5.605005905843369
neyman@gamma-poisson,18,240.0,240,0.0015412275097332895,0.7614195364830806,0.05567578880341781,5.605005905843369
predictive-variance@gamma-poisson,18,30.0,1,4.702800652012229e-05,0.8694212097294028,0.164413668055072,8.847133789291808
predictive-variance@gamma-poisson,18,60.0,2,5.3800002206116915e-05,0.8453014428046967,0.1240778917085063,17.694267578583617
predictive-variance@gamma-poisson,18,120.0,3,6.052199751138687e-05,0.8114609273204749,0.11393550233091389,17.694267578583617
predictive-variance@gamma-poisson,18,180.0,5,7.343699689954519e-05,0.7893682272564592,0.07667921645088445,17.694267578583617
predictive-variance@gamma-poisson,18,240.0,6,7.927697151899338e-05,0.7799243911465221,0.06453450821562053,17.694267578583617
epistemic@gamma-poisson,18,30.0,1,3.789097536355257e-05,0.8694212097294028,0.164413668055072,8.847133789291808
epistemic@gamma-poisson,18,60.0,2,4.368094960227609e-05,0.8453014428046967,0.1240778917085063,17.694267578583617
epistemic@gamma-poisson,18,120.0,3,4.962092498317361e-05,0.8114609273204749,0.11393550233091389,17.694267578583617
epistemic@gamma-poisson,18,180.0,5,6.159284384921193e-05,0.7893682272564592,0.07667921645088445,17.694267578583617
epistemic@gamma-poisson,18,240.0,6,6.708182627335191e-05,0.7799243911465221,0.06453450821562053,17.694267578583617
thompson@gamma-poisson,18,30.0,1,2.5928020477294922e-05,0.8618844988063105,0.18523326250201091,0.0
thompson@gamma-poisson,18,60.0,2,3.8040103390812874e-05,0.8604071525843535,0.18528440171136584,0.0
thompson@gamma-poisson,18,120.0,3,4.9121095798909664e-05,0.8607767286829985,0.18517902682410822,0.0
thompson@gamma-poisson,18,180.0,5,7.109309080988169e-05,0.8217181800474559,0.13185466849543998,0.0
thompson@gamma-poisson,18,240.0,6,8.120108395814896e-05,0.7954143754863264,0.08770474212262835,0.0
epig@gamma-poisson,18,30.0,30,0.09798677801154554,0.8799541899616297,0.18934802906681125,3.7384917765208034
epig@gamma-poisson,18,60.0,60,0.16885916498722509,0.8505000829706174,0.10496697166762048,9.931485429025063
epig@gamma-poisson,18,120.0,120,0.30991661024745554,0.8040650096436766,0.08778401797078973,10.595020463221946
epig@gamma-poisson,18,180.0,180,0.45063709327951074,0.7711869744157452,0.05415862530746904,10.595020463221946
epig@gamma-poisson,18,240.0,240,0.5912023723358288,0.7881829065844034,0.06943527818063733,10.595020463221946
eig@lognormal-poisson,18,30.0,30,0.26394248905126005,0.8338669566780122,0.11636278305124213,2.4585674175675787
eig@lognormal-poisson,18,60.0,60,0.35996131889987737,0.8075189884097663,0.08287922852545422,4.891529209622826
eig@lognormal-poisson,18,120.0,120,0.5412231337977573,0.7821378331087927,0.06129352883539477,8.651561070071843
eig@lognormal-poisson,18,180.0,180,0.719195184763521,0.7716362396171893,0.054805790577280196,8.651561070071843
eig@lognormal-poisson,18,240.0,240,0.8907862305059098,0.7737438760935498,0.05964567543552457,8.651561070071843
maxent@lognormal-poisson,18,30.0,30,0.17355172900715843,0.8261912598387647,0.11022355842185375,0.7147462852215476
maxent@lognormal-poisson,18,60.0,60,0.2056793470401317,0.8252655818045094,0.11129328465551128,0.7147462852215476
maxent@lognormal-poisson,18,120.0,120,0.272208234295249,0.8251104509127697,0.11014833632725293,0.7147462852215476
maxent@lognormal-poisson,18,180.0,180,0.34055119758704677,0.8252271771781992,0.11025532303306279,0.7147462852215476
maxent@lognormal-poisson,18,240.0,240,0.4122440774226561,0.824499621375656,0.11013379474300089,0.7147462852215476
d-optimality@lognormal-poisson,18,30.0,30,0.002485546050593257,0.8324168558064157,0.12471741049614199,1.795032383370693
d-optimality@lognormal-poisson,18,60.0,60,0.004542618873529136,0.806250358418871,0.09219485564183891,6.660955967481188
d-optimality@lognormal-poisson,18,120.0,120,0.00868850847473368,0.7886863270118889,0.06969820814899197,10.642166172662492
d-optimality@lognormal-poisson,18,180.0,180,0.012842736556194723,0.7639000272752289,0.04751445729910314,10.642166172662492
d-optimality@lognormal-poisson,18,240.0,240,0.017315136501565576,0.7682766059114959,0.05824195898146188,10.642166172662492
neyman@lognormal-poisson,18,30.0,30,0.0020800080965273082,0.8310320898803271,0.09312930798481449,0.6635350341968855
neyman@lognormal-poisson,18,60.0,60,0.0041724080219864845,0.8229483448034048,0.11100324687219744,4.423566894645904
neyman@lognormal-poisson,18,120.0,120,0.008363246393855661,0.7911290028564123,0.07483330947527603,8.183598755094923
neyman@lognormal-poisson,18,180.0,180,0.012544271361548454,0.767718982750128,0.05518346809349967,9.731847168220984
neyman@lognormal-poisson,18,240.0,240,0.016746699635405093,0.7623746339501474,0.05299084470308673,9.731847168220984
predictive-variance@lognormal-poisson,18,30.0,1,0.0003665169351734221,0.8632836902708031,0.16402358888526056,8.847133789291808
predictive-variance@lognormal-poisson,18,60.0,2,0.0004426389350555837,0.8481566762540017,0.12357435409507951,17.694267578583617
predictive-variance@lognormal-poisson,18,120.0,3,0.0005200939485803246,0.8176707371896584,0.11368473253982302,17.694267578583617
predictive-variance@lognormal-poisson,18,180.0,5,0.0006737320218235254,0.7908416693020635,0.07674082820726125,17.694267578583617
predictive-variance@lognormal-poisson,18,240.0,6,0.0007488330011256039,0.7808569128492796,0.06455369645252651,17.694267578583617
epistemic@lognormal-poisson,18,30.0,1,0.0003601440112106502,0.8632836902708031,0.16402358888526056,8.847133789291808
epistemic@lognormal-poisson,18,60.0,2,0.00043870200170204043,0.8481566762540017,0.12357435409507951,17.694267578583617
epistemic@lognormal-poisson,18,120.0,3,0.0005163780297152698,0.8176707371896584,0.11368473253982302,17.694267578583617
epistemic@lognormal-poisson,18,180.0,5,0.0006657180492766201,0.7908416693020635,0.07674082820726125,17.694267578583617
epistemic@lognormal-poisson,18,240.0,6,0.0007397070876322687,0.7808569128492796,0.06455369645252651,17.694267578583617
thompson@lognormal-poisson,18,30.0,1,0.00019947293912991881,0.8632836902708031,0.16402358888526056,8.847133789291808
thompson@lognormal-poisson,18,60.0,2,0.00033742195228114724,0.8532989338180191,0.158687626242721,17.694267578583617
thompson@lognormal-poisson,18,120.0,3,0.00047649198677390814,0.8381719198012179,0.11639865120251458,26.541401367875423
thompson@lognormal-poisson,18,180.0,5,0.0007478890474885702,0.8240792455743647,0.09161384530892151,44.23566894645904
thompson@lognormal-poisson,18,240.0,6,0.0008836740744300187,0.8179169717316932,0.08586343744877548,53.08280273575085
eig,19,30.0,30,0.15781201311619952,2.037818778732869,0.8292261029498426,38.712942899922524
eig,19,60.0,60,0.2554619219736196,1.9310142877965804,0.6516506075121238,51.69322115613164
eig,19,120.0,120,0.436182644974906,1.7700354699120744,0.38760523729662305,54.20297145820634
eig,19,180.0,180,0.614190393127501,1.743441778131774,0.29262966950414787,55.90770751244576
eig,19,240.0,240,0.7938027954078279,1.7151306091479546,0.26300881160369194,56.333891526005615
epig,19,30.0,30,1.1307398992357776,2.037818778732869,0.8292261029498426,35.42608483856484
epig,19,60.0,60,1.9584342905436642,1.931848563363351,0.6505027252511704,52.25958472066605
epig,19,120.0,120,3.5930136668030173,1.8034857882458224,0.44084860047841,54.816688802025176
epig,19,180.0,176,5.1198087488883175,1.7465969682725444,0.2988058611389999,55.455964822364955
epig,19,240.0,222,6.355059405090287,1.7180754750825524,0.2587851855333895,55.55067238093381
maxent,19,30.0,30,0.10718900506617501,2.187994952811941,0.8915646132847154,20.120211563787077
maxent,19,60.0,60,0.20238711207639426,2.159529222621216,0.8660446956732722,21.540824942319926
maxent,19,120.0,120,0.3895157948718406,2.164485216673403,0.8690302932411913,24.382051699385624
maxent,19,180.0,180,0.5768262051278725,2.158178837887858,0.8642037403013607,27.22327845645132
maxent,19,240.0,240,0.7652687118388712,2.153511075834962,0.8611727590843812,30.06450521351702
d-optimality,19,30.0,30,0.006606988958083093,2.11012011750293,0.8945145229259988,38.14657933538812
d-optimality,19,60.0,60,0.011128569953143597,1.8701989707823836,0.5775105213314957,56.26448642612002
d-optimality,19,120.0,120,0.020449573930818588,1.8034939380634298,0.44332488841920864,58.91629806604801
d-optimality,19,180.0,180,0.030364197795279324,1.7466410356700355,0.3288670972403812,61.14192569241614
d-optimality,19,240.0,240,0.04302895290311426,1.7145536733496813,0.2376416877018285,61.37869458883828
neyman,19,30.0,30,0.010056086874101311,2.2144513543121627,0.9422000410171681,35.67029798274226
neyman,19,60.0,60,0.01990059862146154,1.9613759731536982,0.7030984326794067,47.366169030320684
neyman,19,120.0,120,0.03951595164835453,1.7769101375716747,0.3774861735350725,49.591796656688814
neyman,19,180.0,180,0.06334848882397637,1.725979393483026,0.24708647667023775,49.875919332395384
neyman,19,240.0,240,0.08944601396797225,1.7128957516472016,0.15225820451589303,49.875919332395384
predictive-variance,19,30.0,1,0.0023015919723547995,2.174266790823147,0.9554567018179883,108.74899794425843
predictive-variance,19,60.0,2,0.0024462119909003377,2.0945266571850745,0.9415819412101903,162.01943746086332
predictive-variance,19,120.0,3,0.002817317028529942,1.986658261340021,0.7715390890435337,163.91358863224045
predictive-variance,19,180.0,5,0.003331949992571026,1.8638202008314666,0.7084826607652542,167.7018909749947
predictive-variance,19,240.0,6,0.00370172195835039,1.8145797128930472,0.6965101668919,169.59604214637184
epistemic,19,30.0,1,0.0022903300705365837,2.174266790823147,0.9554567018179883,108.74899794425843
epistemic,19,60.0,2,0.002433889079838991,2.0945266571850745,0.9415819412101903,162.01943746086332
epistemic,19,120.0,3,0.002803501090966165,1.986658261340021,0.7715390890435337,163.91358863224045
epistemic,19,180.0,5,0.0033144491026178002,1.8638202008314666,0.7084826607652542,167.7018909749947
epistemic,19,240.0,6,0.0036848640884272754,1.8145797128930472,0.6965101668919,169.59604214637184
thompson,19,30.0,1,0.0012542000622488558,2.207597055184663,1.1808026794343558,53.27043951660489
thompson,19,60.0,2,0.002210281032603234,2.0945266571850745,0.9415819412101903,106.54087903320978
thompson,19,120.0,3,0.0032523730769753456,2.097374825614272,0.9425314045922425,159.81131854981467
thompson,19,180.0,5,0.005165989103261381,2.0441058522380118,0.9326112665522107,266.35219758302446
thompson,19,240.0,6,0.006207099126186222,1.9362374563929583,0.7605654399255164,268.2463487544016
uniform,19,30.0,3,5.838985089212656e-06,2.1863204514029886,1.1577187691148512,74.8725452922434
uniform,19,60.0,6,8.464034181088209e-06,2.120202643711698,1.1536575132679967,136.36668425258597
uniform,19,120.0,12,1.2843054719269276e-05,1.9431201502052213,0.6587208650715786,139.20791100965175
uniform,19,180.0,18,1.737108686938882e-05,1.8978400111974023,0.6358892611707406,142.04913776671754
uniform,19,240.0,24,2.1629035472869873e-05,1.7330013440863146,0.3546333752288093,144.89036452378332
random,19,30.0,4,2.670206595212221e-05,2.218665166477584,1.1600638155461047,125.0613476358972
random,19,60.0,5,2.9738061130046844e-05,2.2127091615861887,1.1596524620441018,179.43584660802642
random,19,120.0,11,4.365498898550868e-05,2.105209900137337,1.1461186510440713,276.8476091305471
random,19,180.0,14,5.111796781420708e-05,1.982201875289373,0.9497415046131105,276.8476091305471
random,19,240.0,22,7.005198858678341e-05,1.9402891893267153,0.940938264022564,276.8476091305471
eig@gamma-poisson,19,30.0,30,0.010294852894730866,1.9863313225672339,0.7605205473506134,21.35726499313334
eig@gamma-poisson,19,60.0,60,0.017055219796020538,1.8846675595399376,0.560261523339198,42.04398650112661
eig@gamma-poisson,19,120.0,120,0.030026167805772275,1.8860311818989464,0.5130121326390181,44.88521325819231
eig@gamma-poisson,19,180.0,180,0.04272708168718964,1.7658488020861267,0.3555620744929384,47.489671118835865
eig@gamma-poisson,19,240.0,240,0.05530387337785214,1.7287870873868199,0.2795458346783896,48.81557693879986
maxent@gamma-poisson,19,30.0,30,0.007909849111456424,2.1643518895891236,0.8898407969339748,16.061876433773705
maxent@gamma-poisson,19,60.0,60,0.01325862022349611,2.1412753040372077,0.8690656850986492,17.482489812306554
maxent@gamma-poisson,19,120.0,120,0.023857033578678966,2.147285622946015,0.8728357008057633,20.32371656937225
maxent@gamma-poisson,19,180.0,180,0.03436068445444107,2.140049391561756,0.8673275628992108,23.16494332643795
maxent@gamma-poisson,19,240.0,240,0.044895306578837335,2.134891456944159,0.8639996782431449,26.006170083503648
d-optimality@gamma-poisson,19,30.0,30,0.00022230111062526703,1.9887383203958482,0.7705511120307544,24.075989941739802
d-optimality@gamma-poisson,19,60.0,60,0.0003889043000526726,1.961853673459892,0.6671452394618087,46.04711865836378
d-optimality@gamma-poisson,19,120.0,120,0.0007140653324313462,1.8376989689059091,0.49111924689492675,48.88834541542948
d-optimality@gamma-poisson,19,180.0,180,0.001034753571730107,1.7886921167845815,0.38528316575829813,51.25603437965089
d-optimality@gamma-poisson,19,240.0,240,0.0013569205184467137,1.7319268096282212,0.3118399688678512,53.62372334387231
neyman@gamma-poisson,19,30.0,30,0.0002099017146974802,2.159961186708833,0.9097685692205293,32.41822946438258
neyman@gamma-poisson,19,60.0,60,0.0004070505383424461,1.9097064798904633,0.6215468647005019,42.8296933033303
neyman@gamma-poisson,19,120.0,120,0.0007907005492597818,1.806465295346741,0.3801051003565894,45.19738226755172
neyman@gamma-poisson,19,180.0,180,0.0011723384377546608,1.752638717473671,0.23845505528475294,45.48150494325829
neyman@gamma-poisson,19,240.0,240,0.0015531015233136714,1.7436262343437505,0.1734021734572384,46.002396515387
predictive-variance@gamma-poisson,19,30.0,1,5.041499389335513e-05,2.1487102068663186,0.9560030496967322,108.74899794425843
predictive-variance@gamma-poisson,19,60.0,2,5.8029021602123976e-05,2.0705346385127252,0.942123070925098,162.01943746086332
predictive-variance@gamma-poisson,19,120.0,3,6.472208769991994e-05,1.9744368430088894,0.7719563488254106,163.91358863224045
predictive-variance@gamma-poisson,19,180.0,5,7.78581015765667e-05,1.8667418668608988,0.709055128795283,167.7018909749947
predictive-variance@gamma-poisson,19,240.0,6,8.483009878546e-05,1.812008359748284,0.6970960094906887,169.59604214637184
epistemic@gamma-poisson,19,30.0,1,3.9383943658322096e-05,2.1487102068663186,0.9560030496967322,108.74899794425843
epistemic@gamma-poisson,19,60.0,2,4.6095927245914936e-05,2.0705346385127252,0.942123070925098,162.01943746086332
epistemic@gamma-poisson,19,120.0,3,5.2367919124662876e-05,1.9744368430088894,0.7719563488254106,163.91358863224045
epistemic@gamma-poisson,19,180.0,5,6.407994078472257e-05,1.8667418668608988,0.709055128795283,167.7018909749947
epistemic@gamma-poisson,19,240.0,6,7.008190732449293e-05,1.812008359748284,0.6970960094906887,169.59604214637184
thompson@gamma-poisson,19,30.0,1,3.0305993277579546e-05,2.1673827320318737,1.180792096236673,53.27043951660489
thompson@gamma-poisson,19,60.0,2,4.195695510134101e-05,2.1701610512510734,1.1814999149219885,106.54087903320978
thompson@gamma-poisson,19,120.0,3,5.248788511380553e-05,2.1154275441384587,1.1743618350992224,159.81131854981467
thompson@gamma-poisson,19,180.0,5,7.466983515769243e-05,2.014733018030754,0.9331669983495726,266.35219758302446
thompson@gamma-poisson,19,240.0,6,8.446787251159549e-05,1.9458210626878998,0.9267819035622219,319.62263709962934
epig@gamma-poisson,19,30.0,30,0.10039359697839245,1.9887383203958482,0.7705511120307544,21.40461877241777
epig@gamma-poisson,19,60.0,60,0.1719145629904233,1.887432398766358,0.5661978633202747,44.66015469767243
epig@gamma-poisson,19,120.0,120,0.31398080597864464,1.845016298258902,0.49761538320024784,47.50138145473813
epig@gamma-poisson,19,180.0,180,0.4551316413562745,1.7874720565831648,0.3750627006382961,49.584947743252975
epig@gamma-poisson,19,240.0,231,0.5772687804419547,1.7213017063743312,0.26189303188909624,50.20054687395054
eig@lognormal-poisson,19,30.0,30,0.5510091800824739,2.090828868835126,0.8888659591415138,40.42803287529053
eig@lognormal-poisson,19,60.0,60,0.656640310306102,1.9047947118853037,0.6229439760584206,53.40831113149965
eig@lognormal-poisson,19,120.0,120,0.8606081212637946,1.8004416771912333,0.43677111804065644,55.91806143357435
eig@lognormal-poisson,19,180.0,180,1.0612427993910387,1.7487845853003927,0.30812211721659344,57.38602859139163
eig@lognormal-poisson,19,240.0,240,1.2578026544069871,1.7279819608530378,0.27013158568859874,57.57544370852934
maxent@lognormal-poisson,19,30.0,30,0.4531285770935938,2.1799834995304743,0.8886476898944875,20.120211563787077
maxent@lognormal-poisson,19,60.0,60,0.5059661853010766,2.150759272712197,0.8624155079199898,21.540824942319926
maxent@lognormal-poisson,19,120.0,120,0.6142909466288984,2.1557722634313032,0.865437051646211,24.382051699385624
maxent@lognormal-poisson,19,180.0,180,0.7259089116705582,2.1487924774954927,0.8602337251408158,27.22327845645132
maxent@lognormal-poisson,19,240.0,240,0.8399398237233981,2.144938288581033,0.8574531089495456,30.06450521351702
d-optimality@lognormal-poisson,19,30.0,30,0.0023883319227024913,2.1098153392985384,0.8895901855190227,35.47520816606609
d-optimality@lognormal-poisson,19,60.0,60,0.00449199479771778,1.8719552226052756,0.5833052878810145,52.3087080481673
d-optimality@lognormal-poisson,19,120.0,120,0.008656505902763456,1.808156152020304,0.4389613427468071,54.818458350242
d-optimality@lognormal-poisson,19,180.0,180,0.012818268092814833,1.7509334154244722,0.33673837510830895,56.854670859472414
d-optimality@lognormal-poisson,19,240.0,240,0.016973606951069087,1.7236136214503583,0.2540747532635279,57.13879353517898
neyman@lognormal-poisson,19,30.0,30,0.0021122287143953145,2.210916247831181,0.9366122744369212,33.47706741039724
neyman@lognormal-poisson,19,60.0,60,0.004239295900333673,1.967677014735769,0.7062919398536566,46.45734566660636
neyman@lognormal-poisson,19,120.0,120,0.008471948967780918,1.7804140814939877,0.3832727625718258,48.777680851543344
neyman@lognormal-poisson,19,180.0,180,0.012737006938550621,1.7291490232464068,0.25191425379129867,49.10915730653434
neyman@lognormal-poisson,19,240.0,240,0.01701869978569448,1.7094773838789799,0.16350587654002224,49.10915730653434
predictive-variance@lognormal-poisson,19,30.0,1,0.00037245696876198053,2.1692688426653572,0.9555625757281464,108.74899794425843
predictive-variance@lognormal-poisson,19,60.0,2,0.000449651968665421,2.093340960289858,0.9416950092785955,162.01943746086332
predictive-variance@lognormal-poisson,19,120.0,3,0.0005279289907775819,1.9855657444948307,0.7719232912346957,163.91358863224045
predictive-variance@lognormal-poisson,19,180.0,5,0.0006830290076322854,1.8629381259507003,0.7087561356430433,167.7018909749947
predictive-variance@lognormal-poisson,19,240.0,6,0.00075960299000144,1.8183913275675831,0.6967919566940574,169.59604214637184
epistemic@lognormal-poisson,19,30.0,1,0.0003601849894039333,2.1692688426653572,0.9555625757281464,108.74899794425843
epistemic@lognormal-poisson,19,60.0,2,0.00043706793803721666,2.093340960289858,0.9416950092785955,162.01943746086332
epistemic@lognormal-poisson,19,120.0,3,0.0005151339573785663,1.9855657444948307,0.7719232912346957,163.91358863224045
epistemic@lognormal-poisson,19,180.0,5,0.0006703649996779859,1.8629381259507003,0.7087561356430433,167.7018909749947
epistemic@lognormal-poisson,19,240.0,6,0.0007467789691872895,1.8183913275675831,0.6967919566940574,169.59604214637184
thompson@lognormal-poisson,19,30.0,1,0.00019929301925003529,2.1541638145262696,0.9811016522648829,0.0
thompson@lognormal-poisson,19,60.0,2,0.0003420010325498879,2.154876529630086,0.9798065428382564,0.0
thompson@lognormal-poisson,19,120.0,3,0.0004809509846381843,2.1553994868392543,0.9797007751035155,0.0
thompson@lognormal-poisson,19,180.0,5,0.0007538939826190472,2.0399924514843986,0.6680701930261296,0.0
thompson@lognormal-poisson,19,240.0,6,0.0008935550577007234,2.0406078620936365,0.667819544593417,0.0
eig,20,30.0,30,0.1624652468599379,1.768818112959618,0.49315218425962276,0.0
eig,20,60.0,60,0.2600428651785478,1.7394327202129904,0.4617524573077212,0.0
eig,20,120.0,120,0.4446026101359166,1.6436598599799872,0.23344822239602298,0.0
eig,20,180.0,180,0.6138159324764274,1.6724933286594654,0.210796460799694,0.0
eig,20,240.0,240,0.7735870957840234,1.544819871039324,0.1667770744049745,0.0
epig,20,30.0,30,1.170442970120348,1.768818112959618,0.49315218425962276,0.0
epig,20,60.0,60,1.9965875101042911,1.7639318806228177,0.49905408846790006,0.0
epig,20,120.0,120,3.6555928073939867,1.6498513251055904,0.21350312621487808,0.0
epig,20,180.0,175,5.134695753629785,1.618967129135785,0.17574955452454535,0.0
epig,20,240.0,227,6.449346992769279,1.549080822066802,0.1471760348505523,0.0
maxent,20,30.0,30,0.13848487508948892,1.8427215951884282,0.7597691216744952,0.0
maxent,20,60.0,60,0.2410035891807638,1.845672106539183,0.7517366825887647,0.0
maxent,20,120.0,120,0.4627596333739348,1.8531084171190748,0.7539364189149378,0.0
maxent,20,180.0,180,0.6886014324845746,1.8501664280352843,0.7520488835440218,0.0
maxent,20,240.0,240,0.9106029447866604,1.8480077894976399,0.7514093719082525,0.0
d-optimality,20,30.0,30,0.006821574061177671,1.7719960660058813,0.49554335230126634,0.0
d-optimality,20,60.0,60,0.011963867291342467,1.7498332701024528,0.479089941992441,0.0
d-optimality,20,120.0,120,0.02323100494686514,1.6584660588951576,0.21543167496792995,0.0
d-optimality,20,180.0,180,0.03360062086721882,1.62821161121691,0.19134958070426106,0.0
d-optimality,20,240.0,240,0.044699551071971655,1.5536341024709328,0.17065489834460743,0.0
neyman,20,30.0,30,0.010144111060071737,1.8108133206286467,0.5770147182386933,0.0
neyman,20,60.0,60,0.02083451411454007,1.724277871841359,0.41390472371705095,0.0
neyman,20,120.0,120,0.04311930626863614,1.6250068485942515,0.23728089856521334,0.0
neyman,20,180.0,180,0.06602809729520231,1.6456554541992443,0.2257927948763998,0.0
neyman,20,240.0,240,0.08904787484789267,1.6697345397041072,0.21229387435924438,0.0
predictive-variance,20,30.0,1,0.002253481012303382,1.979624630922577,1.3566732276418207,0.0
predictive-variance,20,60.0,2,0.0023971100454218686,1.8831958059095761,1.0729743375704464,0.0
predictive-variance,20,120.0,3,0.002537913038395345,1.8266597022599076,1.0645769155842209,157.8571719821992
predictive-variance,20,180.0,5,0.003259313991293311,1.6562866290670375,0.28545488718289486,157.8571719821992
predictive-variance,20,240.0,6,0.0033988860086537898,1.616492882514348,0.2339892734922054,157.8571719821992
epistemic,20,30.0,1,0.002240327012259513,1.979624630922577,1.3566732276418207,0.0
epistemic,20,60.0,2,0.002383895975071937,1.8831958059095761,1.0729743375704464,0.0
epistemic,20,120.0,3,0.0025259509566240013,1.8266597022599076,1.0645769155842209,157.8571719821992
epistemic,20,180.0,5,0.003243995946832001,1.6562866290670375,0.28545488718289486,157.8571719821992
epistemic,20,240.0,6,0.0033841979457065463,1.616492882514348,0.2339892734922054,157.8571719821992
thompson,20,30.0,1,0.0011677669826894999,1.9066533641498786,1.1371560492052626,0.0
thompson,20,60.0,2,0.002152301021851599,1.8532359357789023,1.0318003664897915,0.0
thompson,20,120.0,3,0.0031987219699658453,1.7362802909570085,0.49120704765496587,0.0
thompson,20,180.0,5,0.005224816908594221,1.7459854170584148,0.4801536086954567,0.0
thompson,20,240.0,6,0.006242713949177414,1.7428964661222193,0.47756340432154104,0.0
uniform,20,30.0,3,5.761976353824139e-06,1.9334168678029207,1.394562485331211,0.0
uniform,20,60.0,6,8.75798286870122e-06,1.85603647257462,1.2556991856807587,0.0
uniform,20,120.0,12,1.2885953765362501e-05,1.740931606295111,0.49413966296435424,0.0
uniform,20,180.0,18,1.6993784811347723e-05,1.7577123089407556,0.495630323857546,0.0
uniform,20,240.0,24,2.1202722564339638e-05,1.6115425198230573,0.19253421261981127,0.0
random,20,30.0,6,2.6768888346850872e-05,1.8675263998374705,1.0288077550309347,0.0
random,20,60.0,9,3.396091051399708e-05,1.74389667510148,0.3980653401327774,0.0
random,20,120.0,12,4.179583629593253e-05,1.7087211989751347,0.38351381110199,0.0
random,20,180.0,16,5.050969775766134e-05,1.6394286623204923,0.35242350887119994,0.0
random,20,240.0,26,7.280573481693864e-05,1.6180876806096947,0.2687649707487813,0.0
eig@gamma-poisson,20,30.0,30,0.010431778035126626,1.771981439541097,0.4941354425727663,0.0
eig@gamma-poisson,20,60.0,60,0.017125681857578456,1.7390882820708622,0.45615370994130605,0.0
eig@gamma-poisson,20,120.0,120,0.02985528268618509,1.6933692058015932,0.28068254020524674,0.0
eig@gamma-poisson,20,180.0,180,0.04230575077235699,1.6315454564256324,0.19845722178207972,0.0
eig@gamma-poisson,20,240.0,240,0.05471083929296583,1.6502882134280723,0.1860927844908801,0.0
maxent@gamma-poisson,20,30.0,30,0.007960823946632445,1.8879668142933126,0.745173186337548,0.0
maxent@gamma-poisson,20,60.0,60,0.013340530567802489,1.8909646237994726,0.7373721446460915,0.0
maxent@gamma-poisson,20,120.0,120,0.023968501365743577,1.8983796421541668,0.7396857021325709,0.0
maxent@gamma-poisson,20,180.0,180,0.03459155815653503,1.895420136471212,0.7377389142222113,0.0
maxent@gamma-poisson,20,240.0,240,0.04517842934001237,1.89325216151505,0.7370753763697053,0.0
d-optimality@gamma-poisson,20,30.0,30,0.00021263491362333298,1.778843732568178,0.5159638063553699,0.0
d-optimality@gamma-poisson,20,60.0,60,0.0003751931944862008,1.7225591992986413,0.37383049047449857,0.0
d-optimality@gamma-poisson,20,120.0,120,0.0006887553608976305,1.5884401339660033,0.20095270662365355,0.0
d-optimality@gamma-poisson,20,180.0,180,0.001001349010039121,1.6262737968398175,0.18957832753883777,0.0
d-optimality@gamma-poisson,20,240.0,240,0.0013143301475793123,1.6420077224048732,0.17669745989582195,0.0
neyman@gamma-poisson,20,30.0,30,0.00020900205709040165,1.8100734241477952,0.5783672031384148,0.0
neyman@gamma-poisson,20,60.0,60,0.00040245644049718976,1.7366537911255273,0.4079222612204608,0.0
neyman@gamma-poisson,20,120.0,120,0.0007801580359227955,1.6301714496738102,0.21841579580369364,0.0
neyman@gamma-poisson,20,180.0,180,0.0011568617774173617,1.6699914727571301,0.2215525941831698,0.0
neyman@gamma-poisson,20,240.0,240,0.0015377278323285282,1.6931770687294618,0.20606704598895167,0.0
predictive-variance@gamma-poisson,20,30.0,1,5.592399975284934e-05,1.9873947145779578,1.356745483764657,0.0
predictive-variance@gamma-poisson,20,60.0,2,6.32169540040195e-05,1.8982979548615795,1.0729119544907804,0.0
predictive-variance@gamma-poisson,20,120.0,3,6.987893721088767e-05,1.8257737975077024,1.0641887692636849,157.8571719821992
predictive-variance@gamma-poisson,20,180.0,5,8.237193105742335e-05,1.6515972303436108,0.2830828191003588,157.8571719821992
predictive-variance@gamma-poisson,20,240.0,6,8.809193968772888e-05,1.6233347775434501,0.2310291506301373,157.8571719821992
epistemic@gamma-poisson,20,30.0,1,3.655801992863417e-05,1.9873947145779578,1.356745483764657,0.0
epistemic@gamma-poisson,20,60.0,2,4.297896521165967e-05,1.8982979548615795,1.0729119544907804,0.0
epistemic@gamma-poisson,20,120.0,3,4.892097786068916e-05,1.8257737975077024,1.0641887692636849,157.8571719821992
epistemic@gamma-poisson,20,180.0,5,6.029196083545685e-05,1.6515972303436108,0.2830828191003588,157.8571719821992
epistemic@gamma-poisson,20,240.0,6,6.529100937768817e-05,1.6233347775434501,0.2310291506301373,157.8571719821992
thompson@gamma-poisson,20,30.0,1,2.184102777391672e-05,1.933914556955962,1.0763841851831246,0.0
thompson@gamma-poisson,20,60.0,2,3.4003984183073044e-05,1.9385488571560103,1.0702453182946827,0.0
thompson@gamma-poisson,20,120.0,3,4.477298352867365e-05,1.943653687965831,1.0716323332278577,0.0
thompson@gamma-poisson,20,180.0,5,6.883795140311122e-05,1.9424999666009526,1.0710546217142378,0.0
thompson@gamma-poisson,20,240.0,6,7.815595017746091e-05,1.939186330920238,1.0702531932060584,0.0
epig@gamma-poisson,20,30.0,30,0.10022568918066099,1.7636920337598134,0.48813590380285954,0.0
epig@gamma-poisson,20,60.0,60,0.17033538228133693,1.7439379166064457,0.4561628547810495,0.0
epig@gamma-poisson,20,120.0,120,0.3100056112743914,1.5905867894002919,0.21508982381511146,0.0
epig@gamma-poisson,20,180.0,180,0.4480832335539162,1.6432862423621435,0.20284699555363758,0.0
epig@gamma-poisson,20,240.0,233,0.5703796854941174,1.5977861643942546,0.15473909304537645,0.0
eig@lognormal-poisson,20,30.0,30,1.0995420045219362,1.7585440472488534,0.4827907071669927,0.0
eig@lognormal-poisson,20,60.0,60,1.2023360474267974,1.7451082010879606,0.48650139653642366,0.0
eig@lognormal-poisson,20,120.0,120,1.3971193906036206,1.6279208129297544,0.20703586438030436,0.0
eig@lognormal-poisson,20,180.0,180,1.586813761270605,1.6087867468810346,0.1846139745740087,0.0
eig@lognormal-poisson,20,240.0,240,1.7727288083406165,1.5887369619304341,0.20117627488614062,0.0
maxent@lognormal-poisson,20,30.0,30,1.0333663303172216,1.8526907758266429,0.76703422958075,0.0
maxent@lognormal-poisson,20,60.0,60,1.1042946676025167,1.8555534568005045,0.7587535500962543,0.0
maxent@lognormal-poisson,20,120.0,120,1.251730173942633,1.8643085181160262,0.7617904748409811,0.0
maxent@lognormal-poisson,20,180.0,180,1.4044882441521622,1.861702057834002,0.7599448588785084,0.0
maxent@lognormal-poisson,20,240.0,240,1.5555065879016183,1.8569737245463378,0.7583627062024546,0.0
d-optimality@lognormal-poisson,20,30.0,30,0.0023959261015988886,1.7588044715694788,0.4771311422709359,0.0
d-optimality@lognormal-poisson,20,60.0,60,0.004523099807556719,1.7372582063808497,0.4677949617771546,0.0
d-optimality@lognormal-poisson,20,120.0,120,0.008675399876665324,1.6481820620732286,0.2187488536908698,0.0
d-optimality@lognormal-poisson,20,180.0,180,0.012882838258519769,1.6173951752181257,0.19144014393041314,0.0
d-optimality@lognormal-poisson,20,240.0,240,0.017165188386570662,1.6023753351740118,0.20269119535309202,0.0
neyman@lognormal-poisson,20,30.0,30,0.002113139082212001,1.8084638893145193,0.5665634979538191,0.0
neyman@lognormal-poisson,20,60.0,60,0.004228990583214909,1.730080906064816,0.404720359344254,0.0
neyman@lognormal-poisson,20,120.0,120,0.00849725620355457,1.6240856905889507,0.23721083735379814,0.0
neyman@lognormal-poisson,20,180.0,180,0.012783325160853565,1.6412878800252866,0.2270792527474123,0.0
neyman@lognormal-poisson,20,240.0,240,0.017052949056960642,1.5981713248956027,0.18318544458769478,0.0
predictive-variance@lognormal-poisson,20,30.0,1,0.0003655150067061186,1.986878654587726,1.3567270818230819,0.0
predictive-variance@lognormal-poisson,20,60.0,2,0.00044364097993820906,1.8860668124057076,1.0730216835293105,0.0
predictive-variance@lognormal-poisson,20,120.0,3,0.0005181709420867264,1.835520249314599,1.0645410455478803,157.8571719821992
predictive-variance@lognormal-poisson,20,180.0,5,0.0006686727865599096,1.6609345258093733,0.2862411703335774,157.8571719821992
predictive-variance@lognormal-poisson,20,240.0,6,0.0007445138180628419,1.618086668368323,0.23490223052811296,157.8571719821992
epistemic@lognormal-poisson,20,30.0,1,0.0003553360002115369,1.986878654587726,1.3567270818230819,0.0
epistemic@lognormal-poisson,20,60.0,2,0.0004317989805713296,1.8860668124057076,1.0730216835293105,0.0
epistemic@lognormal-poisson,20,120.0,3,0.0005057689268141985,1.835520249314599,1.0645410455478803,157.8571719821992
epistemic@lognormal-poisson,20,180.0,5,0.0006544959032908082,1.6609345258093733,0.2862411703335774,157.8571719821992
epistemic@lognormal-poisson,20,240.0,6,0.0007288349443115294,1.618086668368323,0.23490223052811296,157.8571719821992
thompson@lognormal-poisson,20,30.0,1,0.00020057597430422902,1.9546034714967853,1.3243848720393354,0.0
thompson@lognormal-poisson,20,60.0,2,0.00033890496706590056,1.9284639878424301,1.2697603971145606,0.0
thompson@lognormal-poisson,20,120.0,3,0.000474428990855813,1.8779174247513215,1.2626019049615855,157.8571719821992
thompson@lognormal-poisson,20,180.0,5,0.0007414199644699693,1.6609345258093733,0.2862411703335774,315.7143439643984
thompson@lognormal-poisson,20,240.0,6,0.0008774239686317742,1.6653623620043367,0.26049225545286014,315.7143439643984
eig,21,30.0,30,0.15118901315145195,1.3215144684813793,0.4141107875853737,17.041955164268014
eig,21,60.0,60,0.24037204345222563,1.2836265464855836,0.28751482385613136,41.30775010475338
eig,21,120.0,120,0.4031626649084501,1.2869349393617528,0.24542124475558355,93.30588212007916
eig,21,180.0,180,0.5567459111916833,1.2374094178563486,0.16039241315530028,115.838405993387
eig,21,240.0,240,0.704418819048442,1.2151232950691457,0.1317381705292174,115.838405993387
epig,21,30.0,30,1.106073244009167,1.3215144684813793,0.4141107875853737,17.908590697856777
epig,21,60.0,60,1.8591605190886185,1.2575553891857074,0.24376141006383856,38.70784350398709
epig,21,120.0,120,3.3018427417846397,1.3175975817748482,0.2854362215709571,85.00015567410911
epig,21,180.0,180,4.819247734267265,1.242158224041133,0.17617330964458205,106.66604401382818
epig,21,240.0,240,6.260069874639157,1.217553409653037,0.11506853926547245,106.66604401382818
maxent,21,30.0,30,0.09693943412275985,1.463812943599715,0.42069349192400474,18.408966352594984
maxent,21,60.0,60,0.15222361165797338,1.4540592751328845,0.4084573167602563,42.38400578557311
maxent,21,120.0,120,0.2928979758871719,1.4561352912085017,0.40949344575207497,94.38213780089889
maxent,21,180.0,180,0.4482494860421866,1.4370395966507397,0.38724860041751197,144.35624324154014
maxent,21,240.0,240,0.5735511741950177,1.4158115870207688,0.3731303447245505,173.58407629166217
d-optimality,21,30.0,30,0.006768388033378869,1.3012096483749598,0.37636920679058755,15.669312987008057
d-optimality,21,60.0,60,0.011398141796234995,1.2676077373382133,0.2730991679547615,38.2018368603159
d-optimality,21,120.0,120,0.020691131649073213,1.2966239889514597,0.260242011953004,90.19996887564169
d-optimality,21,180.0,180,0.030001822160556912,1.2478428265407846,0.18808797761774343,130.9318389543136
d-optimality,21,240.0,240,0.03995191404828802,1.2124379489259725,0.13791851971200178,130.9318389543136
neyman,21,30.0,30,0.010408368252683431,1.3301773810893411,0.39405765540362186,21.445006214622147
neyman,21,60.0,60,0.020213039417285472,1.2815825979824742,0.26391358687037764,37.04444581921988
neyman,21,120.0,120,0.04004012857330963,1.3295175339673306,0.29451488400359066,69.10996056200412
neyman,21,180.0,180,0.0594230642891489,1.2260904110297892,0.15673971392638625,86.44267123377938
neyman,21,240.0,240,0.07928287441609427,1.2214022216636937,0.13254235468127026,86.44267123377938
predictive-variance,21,30.0,1,0.0022559159551747143,1.4675316479137892,0.5845173062534087,14.425155596702774
predictive-variance,21,60.0,2,0.0023980229161679745,1.4408474657419197,0.40025824964024603,28.85031119340555
predictive-variance,21,120.0,3,0.002537654887419194,1.367617837739971,0.364210550374654,43.275466790108325
predictive-variance,21,180.0,5,0.002991093846503645,1.203494427043369,0.13253809134501238,43.275466790108325
predictive-variance,21,240.0,6,0.003129251883365214,1.1735657052027693,0.1130132134870232,43.275466790108325
epistemic,21,30.0,1,0.002256467065308243,1.4675316479137892,0.5845173062534087,14.425155596702774
epistemic,21,60.0,2,0.0023978520184755325,1.4408474657419197,0.40025824964024603,28.85031119340555
epistemic,21,120.0,3,0.0025405599735677242,1.367617837739971,0.364210550374654,43.275466790108325
epistemic,21,180.0,5,0.0029912840109318495,1.203494427043369,0.13253809134501238,43.275466790108325
epistemic,21,240.0,6,0.003129393036942929,1.1735657052027693,0.1130132134870232,43.275466790108325
thompson,21,30.0,1,0.0011206289636902511,1.508266135263831,0.8198762647031849,14.425155596702774
thompson,21,60.0,2,0.0021410209592431784,1.4815819530919614,0.7005307091905244,28.85031119340555
thompson,21,120.0,3,0.003192419942934066,1.4445821590763046,0.40075124282799307,43.275466790108325
thompson,21,180.0,5,0.00521207187557593,1.416850712153691,0.40213094510530734,72.12577798351387
thompson,21,240.0,6,0.006180945900268853,1.3436210841517424,0.3662676010930022,86.55093358021665
uniform,21,30.0,3,6.041023880243301e-06,1.2750155209447402,0.7200288656803269,7.212577798351387
uniform,21,60.0,6,8.83504981175065e-06,1.269990517018196,0.7198669464346438,7.212577798351387
uniform,21,120.0,12,1.3011042028665543e-05,1.2596419013079323,0.2835694763359324,33.21164380601429
uniform,21,180.0,18,1.7239071894437075e-05,1.3033681628474991,0.33012573856321953,85.20977582134007
uniform,21,240.0,24,2.123316517099738e-05,1.2815712895197797,0.2726470164640485,137.20790783666587
random,21,30.0,4,2.3893022444099188e-05,1.319092381230259,0.743002083962989,17.129872271084544
random,21,60.0,6,2.8933980502188206e-05,1.3377562143538106,0.7437772377930797,22.539305619848086
random,21,120.0,14,4.846008960157633e-05,1.2496501399920614,0.174187445557321,43.09515234514954
random,21,180.0,18,5.701615009456873e-05,1.2482391645606556,0.16868845351500972,43.09515234514954
random,21,240.0,26,7.288611959666014e-05,1.2394665484450507,0.159987576388754,43.09515234514954
eig@gamma-poisson,21,30.0,30,0.009764801885467023,1.278529730649225,0.40891209901821624,24.481046076649314
eig@gamma-poisson,21,60.0,60,0.01622729911468923,1.2376702936833306,0.28161024199215756,50.4801120843122
eig@gamma-poisson,21,120.0,120,0.02881883946247399,1.2680773055486172,0.2652608867836987,90.34534662939531
eig@gamma-poisson,21,180.0,180,0.04116612492362037,1.2801663784459738,0.2422763879335822,142.34347864472133
eig@gamma-poisson,21,240.0,240,0.05338989762822166,1.2123179995439075,0.1616276248704724,147.543291846254
maxent@gamma-poisson,21,30.0,30,0.007778793980833143,1.4215958546370144,0.38051632651603734,10.818866697527076
maxent@gamma-poisson,21,60.0,60,0.013018269033636898,1.407256046736654,0.37045374132556413,21.637733395054177
maxent@gamma-poisson,21,120.0,120,0.023130725952796638,1.401896275370718,0.3681589574172123,43.27546679010843
maxent@gamma-poisson,21,180.0,180,0.033155676908791065,1.402184288855883,0.36820244484796233,64.91320018516267
maxent@gamma-poisson,21,240.0,240,0.04321702365996316,1.400609015072973,0.36814159719272127,86.5509335802165
d-optimality@gamma-poisson,21,30.0,30,0.00020474998746067286,1.2747461037843428,0.4020154753449789,23.108403899389355
d-optimality@gamma-poisson,21,60.0,60,0.00036470196209847927,1.238484025886632,0.2794391988610787,49.10746990705225
d-optimality@gamma-poisson,21,120.0,120,0.0006768752937205136,1.2531738939169388,0.26403840327353206,86.37279785136906
d-optimality@gamma-poisson,21,180.0,180,0.0009867977350950241,1.2706463586432541,0.25194591464331606,138.370929866695
d-optimality@gamma-poisson,21,240.0,240,0.0012990875402465463,1.231670348594706,0.20674926948477276,172.16971567665732
neyman@gamma-poisson,21,30.0,30,0.00020146567840129137,1.3088217474262118,0.4054241456576349,18.339092970184666
neyman@gamma-poisson,21,60.0,60,0.00039706274401396513,1.261915436486926,0.27522732159855506,43.47152344425879
neyman@gamma-poisson,21,120.0,120,0.0007734688115306199,1.3106090003299196,0.29240001889189665,77.27030925422055
neyman@gamma-poisson,21,180.0,180,0.0011498111416585743,1.2038208575821199,0.1567990522289702,93.73638439240705
neyman@gamma-poisson,21,240.0,240,0.001528562163002789,1.2053906468643414,0.13443169044145536,93.73638439240705
predictive-variance@gamma-poisson,21,30.0,1,4.8340996727347374e-05,1.4472117257959347,0.5846300431349281,14.425155596702774
predictive-variance@gamma-poisson,21,60.0,2,5.5614043958485126e-05,1.4113577816341614,0.4005476781752641,28.85031119340555
predictive-variance@gamma-poisson,21,120.0,3,6.196502363309264e-05,1.357024309984906,0.3645538351968412,43.275466790108325
predictive-variance@gamma-poisson,21,180.0,5,7.419800385832787e-05,1.201767219779281,0.1338803358184309,43.275466790108325
predictive-variance@gamma-poisson,21,240.0,6,7.980800000950694e-05,1.1772282750378336,0.11447757262697511,43.275466790108325
epistemic@gamma-poisson,21,30.0,1,4.757795250043273e-05,1.4472117257959347,0.5846300431349281,14.425155596702774
epistemic@gamma-poisson,21,60.0,2,5.409994628280401e-05,1.4113577816341614,0.4005476781752641,28.85031119340555
epistemic@gamma-poisson,21,120.0,3,5.988992052152753e-05,1.357024309984906,0.3645538351968412,43.275466790108325
epistemic@gamma-poisson,21,180.0,5,7.081194780766964e-05,1.201767219779281,0.1338803358184309,43.275466790108325
epistemic@gamma-poisson,21,240.0,6,7.611297769472003e-05,1.1772282750378336,0.11447757262697511,43.275466790108325
thompson@gamma-poisson,21,30.0,1,2.1179032046347857e-05,1.4472117257959347,0.5846300431349281,14.425155596702774
thompson@gamma-poisson,21,60.0,2,3.318104427307844e-05,1.4113577816341614,0.4005476781752641,28.85031119340555
thompson@gamma-poisson,21,120.0,3,4.429108230397105e-05,1.4129017593497177,0.40104776704776457,43.275466790108325
thompson@gamma-poisson,21,180.0,5,6.533000851050019e-05,1.3586898665942952,0.3650731242451944,72.12577798351387
thompson@gamma-poisson,21,240.0,6,7.533899042755365e-05,1.3541639938872054,0.36394575625845105,86.55093358021665
epig@gamma-poisson,21,30.0,30,0.09885516506619751,1.300655019487198,0.44095958719972816,24.481046076649314
epig@gamma-poisson,21,60.0,60,0.16971721785375848,1.2412363034153797,0.2786153869200619,46.14693441636839
epig@gamma-poisson,21,120.0,120,0.31059960782295093,1.2729504874621196,0.2787838676372691,70.41272935685376
epig@gamma-poisson,21,180.0,180,0.4509539841674268,1.2656976975912118,0.2359284454594308,119.81095477141325
epig@gamma-poisson,21,240.0,240,0.5908842831850052,1.212331210720204,0.14687891795738406,119.81095477141325
eig@lognormal-poisson,21,30.0,30,0.47155967383878306,1.3293261034984576,0.420351658100386,22.241768365800592
eig@lognormal-poisson,21,60.0,60,0.57147219782928,1.2912037712015956,0.3015286916780781,48.240834373463485
eig@lognormal-poisson,21,120.0,120,0.761377070681192,1.298342006616935,0.2701216051748586,98.72094645777567
eig@lognormal-poisson,21,180.0,180,0.9426121145952493,1.2362954760288767,0.16957228050626805,126.45328353261608
eig@lognormal-poisson,21,240.0,240,1.1180709712789394,1.2091394123199912,0.13480344341884484,126.45328353261608
maxent@lognormal-poisson,21,30.0,30,0.3736869918066077,1.4734834745846925,0.41466282422289696,24.481046076649314
maxent@lognormal-poisson,21,60.0,60,0.41003365570213646,1.462326826621726,0.4085500762792973,44.91403900392909
maxent@lognormal-poisson,21,120.0,120,0.48322061059297994,1.4640276766774747,0.40933284640401413,96.40616437558369
maxent@lognormal-poisson,21,180.0,180,0.5853210156201385,1.4446042139749256,0.38822937326071366,146.38026981622497
maxent@lognormal-poisson,21,240.0,240,0.6560884034261107,1.4242560967824263,0.37460525105324355,174.59608957900457
d-optimality@lognormal-poisson,21,30.0,30,0.0023584768641740084,1.305993978306667,0.38207444294335735,20.869126188540637
d-optimality@lognormal-poisson,21,60.0,60,0.004402934748213738,1.271690116974269,0.2814961430965963,46.86819219620353
d-optimality@lognormal-poisson,21,120.0,120,0.008455049071926624,1.3033164019606451,0.2703318380279074,96.33629099317332
d-optimality@lognormal-poisson,21,180.0,180,0.012508512183558196,1.2539522970806225,0.2066959575339069,139.66806767261167
d-optimality@lognormal-poisson,21,240.0,240,0.016708518494851887,1.2091571343876522,0.1485673401005631,139.66806767261167
neyman@lognormal-poisson,21,30.0,30,0.002101426711305976,1.338493663416658,0.3984082119143208,21.445006214622147
neyman@lognormal-poisson,21,60.0,60,0.0042909656767733395,1.284421109694041,0.2713217654214262,47.44407222228504
neyman@lognormal-poisson,21,120.0,120,0.008408087596762925,1.3344152735713284,0.2978602253366099,93.37575550248948
neyman@lognormal-poisson,21,180.0,180,0.012580487818922848,1.234516887185827,0.1712732852810379,116.77491490938608
neyman@lognormal-poisson,21,240.0,240,0.016728572838474065,1.2198718966451267,0.13172913939783784,116.77491490938608
predictive-variance@lognormal-poisson,21,30.0,1,0.00037090497789904475,1.4772179773039416,0.5848478235648097,14.425155596702774
predictive-variance@lognormal-poisson,21,60.0,2,0.00045796798076480627,1.449396131020194,0.4005952377009551,28.85031119340555
predictive-variance@lognormal-poisson,21,120.0,3,0.0005339189665392041,1.3699839959483586,0.3645168888204331,43.275466790108325
predictive-variance@lognormal-poisson,21,180.0,5,0.0007415179279632866,1.205086126600359,0.1346678453190775,43.275466790108325
predictive-variance@lognormal-poisson,21,240.0,6,0.0008222798933275044,1.1719228141565423,0.11548489971438995,43.275466790108325
epistemic@lognormal-poisson,21,30.0,1,0.00036017497768625617,1.4772179773039416,0.5848478235648097,14.425155596702774
epistemic@lognormal-poisson,21,60.0,2,0.0004407759988680482,1.449396131020194,0.4005952377009551,28.85031119340555
epistemic@lognormal-poisson,21,120.0,3,0.0005171999800950289,1.3699839959483586,0.3645168888204331,43.275466790108325
epistemic@lognormal-poisson,21,180.0,5,0.0006605481030419469,1.205086126600359,0.1346678453190775,43.275466790108325
epistemic@lognormal-poisson,21,240.0,6,0.0007321530720219016,1.1719228141565423,0.11548489971438995,43.275466790108325
thompson@lognormal-poisson,21,30.0,1,0.00019880104809999466,1.4909905592449697,0.7001655268150475,14.425155596702774
thompson@lognormal-poisson,21,60.0,2,0.00034262100234627724,1.449396131020194,0.4005952377009551,28.85031119340555
thompson@lognormal-poisson,21,120.0,3,0.0004782250034622848,1.3106237330848023,0.2116331786859532,28.85031119340555
thompson@lognormal-poisson,21,180.0,5,0.0007432008860632777,1.22111537715951,0.11146867703042893,28.85031119340555
thompson@lognormal-poisson,21,240.0,6,0.0008775618625804782,1.2164844432286495,0.10499542256908648,28.85031119340555
eig,22,30.0,30,0.13697862392291427,1.1310230830013903,0.20023214359103977,0.0
eig,22,60.0,60,0.2244604237494059,1.1049397716763931,0.17859549068179176,3.9165268047000152
eig,22,120.0,120,0.39899441867601126,1.1015359382741003,0.20160763996519143,3.9165268047000152
eig,22,180.0,180,0.5708086104714312,1.0643709741752303,0.16981987753603608,3.9165268047000152
eig,22,240.0,240,0.7377856597886421,1.0600410121842514,0.1430842293542634,3.9165268047000152
epig,22,30.0,30,1.1122274893568829,1.1200744668121034,0.1648199258751948,0.0
epig,22,60.0,60,1.9196638975990936,1.1021035966983341,0.1706607448967241,2.61101786980001
epig,22,120.0,112,3.2680309886927716,1.097576192773525,0.19116684886621946,2.61101786980001
epig,22,180.0,170,4.666941249044612,1.0658282044977156,0.149852681257936,2.61101786980001
epig,22,240.0,216,5.819734948105179,1.0486826755986802,0.1252793444242999,2.61101786980001
maxent,22,30.0,30,0.10681299230782315,1.1615484583414992,0.1740227621245127,1.305508934900005
maxent,22,60.0,60,0.20515671040629968,1.1603034858514838,0.19504608565694218,1.305508934900005
maxent,22,120.0,120,0.3992104990174994,1.159501978527853,0.18295909104284105,1.305508934900005
maxent,22,180.0,180,0.5906881259870715,1.1595910379517025,0.18267702882279263,1.305508934900005
maxent,22,240.0,240,0.7816640452365391,1.1598170392313139,0.1853765495570614,1.305508934900005
d-optimality,22,30.0,30,0.006447413936257362,1.1200309150395504,0.18527649703773993,0.0
d-optimality,22,60.0,60,0.011112664884421974,1.0999921142024498,0.17338384516935298,2.61101786980001
d-optimality,22,120.0,120,0.022366257151588798,1.1114251633910335,0.21707620163736263,2.61101786980001
d-optimality,22,180.0,180,0.03472661005798727,1.0687958268773798,0.1760048099799701,2.61101786980001
d-optimality,22,240.0,240,0.047659252712037414,1.0581944592497614,0.14610120888613043,2.61101786980001
neyman,22,30.0,30,0.010541705007199198,1.1255964858516132,0.18882465660846828,1.305508934900005
neyman,22,60.0,60,0.020938696106895804,1.1497258728932505,0.28278227976930287,5.22203573960002
neyman,22,120.0,120,0.04380895622307435,1.0725961211110788,0.19428300940579035,5.22203573960002
neyman,22,180.0,180,0.07005394226871431,1.0512630930474383,0.1562086783759556,5.22203573960002
neyman,22,240.0,240,0.09487811318831518,1.051529367617341,0.1542232084405959,5.22203573960002
predictive-variance,22,30.0,1,0.0023316379520110786,1.1649050696893852,0.15435889415269044,0.0
predictive-variance,22,60.0,2,0.002706168976146728,1.1345965751509324,0.19112996233124002,0.0
predictive-variance,22,120.0,3,0.0030798889347352087,1.1293036172769282,0.17551387323416842,0.0
predictive-variance,22,180.0,5,0.003594253910705447,1.1296312518268476,0.17272755423298608,0.0
predictive-variance,22,240.0,6,0.003966711868997663,1.1298124350893517,0.17538010423484726,0.0
epistemic,22,30.0,1,0.0023043459514155984,1.1649050696893852,0.15435889415269044,0.0
epistemic,22,60.0,2,0.0026739579625427723,1.1345965751509324,0.19112996233124002,0.0
epistemic,22,120.0,3,0.0030430390033870935,1.1293036172769282,0.17551387323416842,0.0
epistemic,22,180.0,5,0.0035523520200513303,1.1251917869484223,0.17288885524602002,0.0
epistemic,22,240.0,6,0.003696262021549046,1.1177759953421498,0.14302857393736088,0.0
thompson,22,30.0,1,0.0012761610560119152,1.1649050696893852,0.15435889415269044,0.0
thompson,22,60.0,2,0.0023462260724045336,1.1653910206008948,0.1576610948507821,0.0
thompson,22,120.0,3,0.0034367191256023943,1.1350825260624415,0.19380664365869155,0.0
thompson,22,180.0,5,0.005617646093014628,1.1351053929633557,0.1910071301404934,0.0
thompson,22,240.0,6,0.0066865780972875655,1.135561097160967,0.19620275602418907,0.0
uniform,22,30.0,3,5.560985300689936e-06,1.1630584876698025,0.21860684879683648,13.05508934900005
uniform,22,60.0,6,8.26595351099968e-06,1.0825009189276713,0.18983359569625446,13.05508934900005
uniform,22,120.0,12,1.2432981748133898e-05,1.069705320855782,0.1837691669922816,13.05508934900005
uniform,22,180.0,18,1.6793084796518087e-05,1.0470915417531652,0.11454131552475544,13.05508934900005
uniform,22,240.0,24,2.1301093511283398e-05,1.045947865944764,0.11808881629931871,13.05508934900005
random,22,30.0,5,2.572889206930995e-05,1.159746821514628,0.24425009425377686,6.527544674500025
random,22,60.0,7,3.1047966331243515e-05,1.1565667717504744,0.24478837918251686,6.527544674500025
random,22,120.0,13,4.5204011257737875e-05,1.1509541523325841,0.2442435424669792,6.527544674500025
random,22,180.0,18,5.6054152082651854e-05,1.135856172215141,0.10364813316853255,6.527544674500025
random,22,240.0,25,7.07110739313066e-05,1.0781255564175656,0.14822207588510986,6.527544674500025
eig@gamma-poisson,22,30.0,30,0.009541150066070259,1.1226977845709352,0.18793401052243555,0.0
eig@gamma-poisson,22,60.0,60,0.016057020926382393,1.1087918427119818,0.22727124777066332,7.8330536094000305
eig@gamma-poisson,22,120.0,120,0.028686778794508427,1.0860701424046373,0.18785349757744987,7.8330536094000305
eig@gamma-poisson,22,180.0,180,0.041081566945649683,1.063391833484348,0.1908137399780927,7.8330536094000305
eig@gamma-poisson,22,240.0,240,0.05345820658840239,1.0483266726205631,0.16493422927771617,7.8330536094000305
maxent@gamma-poisson,22,30.0,30,0.007534575357567519,1.161544078469974,0.16211607905442746,1.305508934900005
maxent@gamma-poisson,22,60.0,60,0.012858374626375735,1.1602336484096858,0.1840217162097754,1.305508934900005
maxent@gamma-poisson,22,120.0,120,0.023425029416102916,1.1594727699577165,0.17153803220247724,1.305508934900005
maxent@gamma-poisson,22,180.0,180,0.033948067808523774,1.1595634786972209,0.17128016334862425,1.305508934900005
maxent@gamma-poisson,22,240.0,240,0.0444777567172423,1.1597880173547515,0.1741619922192395,1.305508934900005
d-optimality@gamma-poisson,22,30.0,30,0.00021393888164311647,1.1062918716020487,0.14053837155228685,0.0
d-optimality@gamma-poisson,22,60.0,60,0.0003765827277675271,1.131737346367497,0.28750751573571254,2.61101786980001
d-optimality@gamma-poisson,22,120.0,120,0.0006937697762623429,1.0722289144572215,0.12330518428610121,9.138562544300036
d-optimality@gamma-poisson,22,180.0,180,0.001010703796055168,1.072002380376935,0.1909574658165502,9.138562544300036
d-optimality@gamma-poisson,22,240.0,240,0.0013279778650030494,1.0521146168349054,0.1531651758552389,9.138562544300036
neyman@gamma-poisson,22,30.0,30,0.00020781013881787658,1.128884671699784,0.2051798864650148,1.305508934900005
neyman@gamma-poisson,22,60.0,60,0.0004019439220428467,1.14448087844533,0.2812116071294157,5.22203573960002
neyman@gamma-poisson,22,120.0,120,0.000781965849455446,1.0658358994921184,0.18651965079400365,5.22203573960002
neyman@gamma-poisson,22,180.0,180,0.0011606820626184344,1.0471874379385637,0.16151705257588297,5.22203573960002
neyman@gamma-poisson,22,240.0,240,0.0015392592758871615,1.0460358159026495,0.15529933051054087,5.22203573960002
predictive-variance@gamma-poisson,22,30.0,1,4.7459034249186516e-05,1.1689432730963745,0.15395024366279794,0.0
predictive-variance@gamma-poisson,22,60.0,2,5.5033015087246895e-05,1.136983964303538,0.19312409105804565,0.0
predictive-variance@gamma-poisson,22,120.0,3,6.186607060953975e-05,1.1310848191683862,0.17854780604241577,0.0
predictive-variance@gamma-poisson,22,180.0,5,7.447099778801203e-05,1.131423194942169,0.17607414674061322,0.0
predictive-variance@gamma-poisson,22,240.0,6,8.051301119849086e-05,1.131601560752791,0.17868055949296233,0.0
epistemic@gamma-poisson,22,30.0,1,3.780104452744126e-05,1.1689432730963745,0.15395024366279794,0.0
epistemic@gamma-poisson,22,60.0,2,4.441308556124568e-05,1.136983964303538,0.19312409105804565,0.0
epistemic@gamma-poisson,22,120.0,3,5.045311991125345e-05,1.1310848191683862,0.17854780604241577,0.0
epistemic@gamma-poisson,22,180.0,5,6.217515328899026e-05,1.1255888860694219,0.17625174504825739,0.0
epistemic@gamma-poisson,22,240.0,6,6.789516191929579e-05,1.1177772968295496,0.14513626330296692,0.0
thompson@gamma-poisson,22,30.0,1,2.2943015210330486e-05,1.1689432730963745,0.15395024366279794,0.0
thompson@gamma-poisson,22,60.0,2,3.525603096932173e-05,1.136983964303538,0.19312409105804565,0.0
thompson@gamma-poisson,22,120.0,3,4.5195105485618114e-05,1.1374684141108882,0.1958943973584475,0.0
thompson@gamma-poisson,22,180.0,5,6.513111293315887e-05,1.131423194942169,0.17607414674061322,0.0
thompson@gamma-poisson,22,240.0,6,7.454917067661881e-05,1.131601560752791,0.17868055949296233,0.0
epig@gamma-poisson,22,30.0,30,0.0981334772077389,1.108638466498327,0.13921884036420407,0.0
epig@gamma-poisson,22,60.0,60,0.16899813938653097,1.136582246487248,0.3047193984013815,9.138562544300036
epig@gamma-poisson,22,120.0,118,0.30553337081801146,1.0786830444529811,0.15350269361550167,9.138562544300036
epig@gamma-poisson,22,180.0,168,0.422733791929204,1.076745424684139,0.16098700983207476,9.138562544300036
epig@gamma-poisson,22,240.0,223,0.5537667732569389,1.0454464345073102,0.13879341502012013,9.138562544300036
eig@lognormal-poisson,22,30.0,30,0.2133931258576922,1.1342943807733532,0.2058893872267123,0.0
eig@lognormal-poisson,22,60.0,60,0.30855008406797424,1.1097671967564542,0.18199940544942345,6.527544674500025
eig@lognormal-poisson,22,120.0,120,0.49359044031007215,1.1040810756207455,0.20010119806175586,6.527544674500025
eig@lognormal-poisson,22,180.0,180,0.6522798903752118,1.0628360014905578,0.16720215714428993,6.527544674500025
eig@lognormal-poisson,22,240.0,240,0.8173816915368661,1.0604114153027835,0.14592991125885096,6.527544674500025
maxent@lognormal-poisson,22,30.0,30,0.13858591014286503,1.1609453926617472,0.17251142311947548,1.305508934900005
maxent@lognormal-poisson,22,60.0,60,0.19309382897336036,1.1594119349373908,0.19281726627800883,1.305508934900005
maxent@lognormal-poisson,22,120.0,120,0.3053332132403739,1.1586546755829583,0.1809002644924562,1.305508934900005
maxent@lognormal-poisson,22,180.0,180,0.4173204252147116,1.1587087038538355,0.18007241706139193,1.305508934900005
maxent@lognormal-poisson,22,240.0,240,0.5313718113466166,1.1588579157451784,0.18288983684274357,1.305508934900005
d-optimality@lognormal-poisson,22,30.0,30,0.0023530086618848145,1.1300922521024166,0.1941582238313433,0.0
d-optimality@lognormal-poisson,22,60.0,60,0.004402529855724424,1.100062297062625,0.16673778286772695,7.8330536094000305
d-optimality@lognormal-poisson,22,120.0,120,0.008493941859342158,1.104602681836026,0.19782571491960715,7.8330536094000305
d-optimality@lognormal-poisson,22,180.0,180,0.012565783981699497,1.0644392985597462,0.15562860896310057,7.8330536094000305
d-optimality@lognormal-poisson,22,240.0,240,0.01667443010956049,1.0540167847041046,0.14710917333444878,7.8330536094000305
neyman@lognormal-poisson,22,30.0,30,0.002079205063637346,1.127583967429323,0.18621122337190638,1.305508934900005
neyman@lognormal-poisson,22,60.0,60,0.00416310818400234,1.1530771047558386,0.2855629172017619,5.22203573960002
neyman@lognormal-poisson,22,120.0,120,0.008293054939713329,1.0740067408529044,0.19263975476992617,5.22203573960002
neyman@lognormal-poisson,22,180.0,180,0.012451864196918905,1.0518786632726294,0.15461335752148636,5.22203573960002
neyman@lognormal-poisson,22,240.0,240,0.016645697527565062,1.051552012895452,0.15276941118205464,5.22203573960002
predictive-variance@lognormal-poisson,22,30.0,1,0.0003700130037032068,1.1638776141718934,0.15363424197232017,0.0
predictive-variance@lognormal-poisson,22,60.0,2,0.00044926098780706525,1.1354319865955476,0.18970610952629452,0.0
predictive-variance@lognormal-poisson,22,120.0,3,0.0005259640165604651,1.1301807097281478,0.17421189840351856,0.0
predictive-variance@lognormal-poisson,22,180.0,5,0.0006789210019633174,1.1305349458814307,0.1717130381426715,0.0
predictive-variance@lognormal-poisson,22,240.0,6,0.0007558760116808116,1.130674781711486,0.17412152348502027,0.0
epistemic@lognormal-poisson,22,30.0,1,0.00035665795439854264,1.1638776141718934,0.15363424197232017,0.0
epistemic@lognormal-poisson,22,60.0,2,0.00043466396164149046,1.1354319865955476,0.18970610952629452,0.0
epistemic@lognormal-poisson,22,120.0,3,0.0005108859622851014,1.1301807097281478,0.17421189840351856,0.0
epistemic@lognormal-poisson,22,180.0,5,0.0006657449412159622,1.1261738245914341,0.17192606949247322,0.0
epistemic@lognormal-poisson,22,240.0,6,0.000738290895242244,1.118922155306516,0.14267860669664625,0.0
thompson@lognormal-poisson,22,30.0,1,0.00019499496556818485,1.261641901231484,0.546948511962875,52.2203573960002
thompson@lognormal-poisson,22,60.0,2,0.00033593899570405483,1.2543902319465658,0.5384712491639351,104.4407147920004
thompson@lognormal-poisson,22,120.0,3,0.0004746390040963888,1.2515314466217096,0.5353263590150457,156.66107218800062
thompson@lognormal-poisson,22,180.0,5,0.0007410480175167322,1.249045159245522,0.5323716810193292,261.101786980001
thompson@lognormal-poisson,22,240.0,6,0.0008750480483286083,1.2489587458401388,0.5322453548545026,313.32214437600123
eig,23,30.0,30,0.14502238092245534,1.5728810904936406,0.21040447955043662,2.802113404163884
eig,23,60.0,60,0.23100656701717526,1.5576058609362136,0.23720170536959284,3.642747425413049
eig,23,120.0,120,0.38549702579621226,1.5521253837504079,0.1945366396604911,3.642747425413049
eig,23,180.0,180,0.5346552505507134,1.538520884039828,0.17738315774320915,3.642747425413049
eig,23,240.0,240,0.6773845278075896,1.5054249961831394,0.18361039396686718,3.642747425413049
epig,23,30.0,30,1.0965894179535098,1.5693533581592984,0.20928139683695446,2.802113404163884
epig,23,60.0,60,1.7985358730657026,1.5692708901708083,0.2603983358065476,3.9229587658294376
epig,23,120.0,120,3.180691175861284,1.5392194281442289,0.2129621251402467,3.9229587658294376
epig,23,180.0,180,4.535966287192423,1.5398713170800258,0.18813992418402276,3.9229587658294376
epig,23,240.0,240,5.867032269365154,1.4463006795195985,0.16127552425756705,3.9229587658294376
maxent,23,30.0,30,0.09179258329095319,1.5888218130011407,0.20661622260482684,2.802113404163884
maxent,23,60.0,60,0.14411337516503409,1.589040999130343,0.20636413132169262,5.604226808327775
maxent,23,120.0,120,0.2705075145349838,1.5864104900936482,0.203343198879821,11.20845361665557
maxent,23,180.0,180,0.42434607428731397,1.5825313244662762,0.1916506147883242,16.812680424983363
maxent,23,240.0,240,0.5789507912704721,1.582728378332929,0.1918184077798296,22.416907233311157
d-optimality,23,30.0,30,0.006755279202479869,1.566432664683136,0.20831518708194222,2.802113404163884
d-optimality,23,60.0,60,0.011652559973299503,1.5685674479280713,0.264202335132381,4.296573886384623
d-optimality,23,120.0,120,0.020970721205230802,1.5409313519659504,0.21367557085156558,4.296573886384623
d-optimality,23,180.0,180,0.03000312007497996,1.4216071394891392,0.16032195491084078,4.296573886384623
d-optimality,23,240.0,240,0.03876351017970592,1.444883268872208,0.1550934113037466,4.296573886384623
neyman,23,30.0,30,0.010437122837174684,1.4862629581761093,0.21425054077825698,3.024101714896054
neyman,23,60.0,60,0.020236133597791195,1.494147206639225,0.17076948297578354,5.826215119059945
neyman,23,120.0,120,0.03943330264883116,1.4386733027498035,0.19118872997338662,6.666849140309115
neyman,23,180.0,180,0.05810742289759219,1.4211555903697815,0.1393863465901448,6.666849140309115
neyman,23,240.0,240,0.07658690080279484,1.4529971830523214,0.1593539713294322,6.666849140309115
predictive-variance,23,30.0,1,0.0022957909968681633,1.6290367231090528,0.6509008001786029,3.7361512055518453
predictive-variance,23,60.0,2,0.002441384014673531,1.5750075349125485,0.18349574652441622,7.472302411103691
predictive-variance,23,120.0,3,0.0025853029801510274,1.5523417409072777,0.18813572450392696,7.472302411103691
predictive-variance,23,180.0,5,0.0028690840117633343,1.5630715921419374,0.18473885782477745,7.472302411103691
predictive-variance,23,240.0,6,0.003009829029906541,1.5555471745734746,0.17941112262650452,7.472302411103691
epistemic,23,30.0,1,0.0022907309466972947,1.6290367231090528,0.6509008001786029,3.7361512055518453
epistemic,23,60.0,2,0.0024347209255211055,1.5750075349125485,0.18349574652441622,7.472302411103691
epistemic,23,120.0,3,0.002578248968347907,1.5523417409072777,0.18813572450392696,7.472302411103691
epistemic,23,180.0,5,0.0028597659547813237,1.5630715921419374,0.18473885782477745,7.472302411103691
epistemic,23,240.0,6,0.0029990659677423537,1.5555471745734746,0.17941112262650452,7.472302411103691
thompson,23,30.0,1,0.0013510119752027094,1.6290367231090528,0.6509008001786029,3.7361512055518453
thompson,23,60.0,2,0.002425195008981973,1.6191901862945837,0.6491488064822184,7.472302411103691
thompson,23,120.0,3,0.0034636909840628505,1.5651609980980794,0.1771807277236887,11.208453616655536
thompson,23,180.0,5,0.005543175037018955,1.5855152304806903,0.1803902555197266,18.680756027759227
thompson,23,240.0,6,0.006544039992149919,1.5838705714425192,0.1778033661451407,22.416907233311072
uniform,23,30.0,3,6.031012162566185e-06,1.6969350786338833,0.9368437022849119,2.802113404163884
uniform,23,60.0,6,8.867005817592144e-06,1.6481890062690905,0.6954715534514732,5.604226808327768
uniform,23,120.0,12,1.3136013876646757e-05,1.4244842976967311,0.17378471897626124,9.340378013879615
uniform,23,180.0,18,1.7236103303730488e-05,1.4352032342117373,0.18011056030884331,9.340378013879615
uniform,23,240.0,24,2.1274143364280462e-05,1.4652363221355158,0.18575216092361826,9.340378013879615
random,23,30.0,3,1.9297003746032715e-05,1.6699048012303788,0.9355725788529664,1.8680756027759227
random,23,60.0,8,3.140995977446437e-05,1.631203790460459,0.9318696490310714,1.8680756027759227
random,23,120.0,9,3.421492874622345e-05,1.6195505124107772,0.9318354102149659,1.8680756027759227
random,23,180.0,13,4.37838607467711e-05,1.5666874002828568,0.9298056152301594,1.8680756027759227
random,23,240.0,22,6.358075188472867e-05,1.5739588963218194,0.9300929792987913,1.8680756027759227
eig@gamma-poisson,23,30.0,30,0.00979544292204082,1.5613300293729893,0.195358815041051,2.802113404163884
eig@gamma-poisson,23,60.0,60,0.017048670968506485,1.5680598264222116,0.18165695958527886,5.043804127494996
eig@gamma-poisson,23,120.0,120,0.02936411101836711,1.5761392964863337,0.22468722467484278,5.043804127494996
eig@gamma-poisson,23,180.0,180,0.041631669097114354,1.5578610591062425,0.19048339540102502,5.043804127494996
eig@gamma-poisson,23,240.0,240,0.05364025721792132,1.5522018564903863,0.17558645506048218,5.043804127494996
maxent@gamma-poisson,23,30.0,30,0.007595870993100107,1.5968462116781081,0.19288537743969042,2.802113404163884
maxent@gamma-poisson,23,60.0,60,0.012731590017210692,1.5972802977249057,0.19283542021591227,5.604226808327775
maxent@gamma-poisson,23,120.0,120,0.02280386199709028,1.5947540057191416,0.1897023956347618,11.20845361665557
maxent@gamma-poisson,23,180.0,180,0.03283253085101023,1.5949333187272987,0.18983582005424737,16.812680424983363
maxent@gamma-poisson,23,240.0,240,0.04281864664517343,1.595223157123785,0.190105601143974,22.416907233311157
d-optimality@gamma-poisson,23,30.0,30,0.00021196494344621897,1.5615499912804076,0.1858507370946786,2.802113404163884
d-optimality@gamma-poisson,23,60.0,60,0.0003774777869693935,1.5615705643104434,0.17406814120228117,5.604226808327775
d-optimality@gamma-poisson,23,120.0,120,0.0006844629533588886,1.5739615633183048,0.24178414884273455,5.884438148744165
d-optimality@gamma-poisson,23,180.0,180,0.0009918450377881527,1.5698646149959634,0.21062626280249622,5.884438148744165
d-optimality@gamma-poisson,23,240.0,240,0.0012952453689649701,1.5129299598262842,0.1792403718438736,5.884438148744165
neyman@gamma-poisson,23,30.0,30,0.00020395207684487104,1.4854393921966391,0.2049409826835036,3.024101714896054
neyman@gamma-poisson,23,60.0,60,0.0003958121524192393,1.4972243354814043,0.162541071830685,5.826215119059945
neyman@gamma-poisson,23,120.0,120,0.0007724820170551538,1.4437714923807154,0.18130268343146122,6.386637799892725
neyman@gamma-poisson,23,180.0,180,0.0011491668410599232,1.4394283088950572,0.1449604451953593,6.386637799892725
neyman@gamma-poisson,23,240.0,240,0.001522364851552993,1.478454265707688,0.1643677491137736,6.386637799892725
predictive-variance@gamma-poisson,23,30.0,1,4.941294901072979e-05,1.6378971252882388,0.6508688237760474,3.7361512055518453
predictive-variance@gamma-poisson,23,60.0,2,5.6446995586156845e-05,1.5800259816551767,0.18233395545057307,7.472302411103691
predictive-variance@gamma-poisson,23,120.0,3,6.307999137789011e-05,1.5533735846201102,0.1879246382876381,7.472302411103691
predictive-variance@gamma-poisson,23,180.0,5,7.53538915887475e-05,1.5638036863225855,0.18439673625833225,7.472302411103691
predictive-variance@gamma-poisson,23,240.0,6,8.104497101157904e-05,1.5573122631169019,0.1792432821357273,7.472302411103691
epistemic@gamma-poisson,23,30.0,1,4.2218947783112526e-05,1.6378971252882388,0.6508688237760474,3.7361512055518453
epistemic@gamma-poisson,23,60.0,2,4.872097633779049e-05,1.5800259816551767,0.18233395545057307,7.472302411103691
epistemic@gamma-poisson,23,120.0,3,5.478202365338802e-05,1.5533735846201102,0.1879246382876381,7.472302411103691
epistemic@gamma-poisson,23,180.0,5,6.616197060793638e-05,1.5638036863225855,0.18439673625833225,7.472302411103691
epistemic@gamma-poisson,23,240.0,6,7.151201134547591e-05,1.5573122631169019,0.1792432821357273,7.472302411103691
thompson@gamma-poisson,23,30.0,1,2.9905990231782198e-05,1.6378971252882388,0.6508688237760474,3.7361512055518453
thompson@gamma-poisson,23,60.0,2,4.1738967411220074e-05,1.6112447282531723,0.6524570668855564,3.7361512055518453
thompson@gamma-poisson,23,120.0,3,5.376094486564398e-05,1.5533735846201102,0.1879246382876381,3.7361512055518453
thompson@gamma-poisson,23,180.0,5,7.430789992213249e-05,1.573119820233712,0.1942920656907906,3.7361512055518453
thompson@gamma-poisson,23,240.0,6,8.408696157857776e-05,1.5734837107587323,0.185933753826597,3.7361512055518453
epig@gamma-poisson,23,30.0,30,0.09772173804230988,1.5719066422363397,0.1964231863111919,2.802113404163884
epig@gamma-poisson,23,60.0,60,0.1670795672107488,1.5453463030042354,0.16218627775629937,5.604226808327775
epig@gamma-poisson,23,120.0,120,0.3053061989485286,1.5897837916822748,0.24454230777650615,5.604226808327775
epig@gamma-poisson,23,180.0,180,0.4435457946965471,1.5724256018833351,0.2105815451593856,5.604226808327775
epig@gamma-poisson,23,240.0,240,0.5835804115049541,1.5160025762791962,0.19207493946883578,5.604226808327775
eig@lognormal-poisson,23,30.0,30,0.7133294777595438,1.5678449969861272,0.1995339107944432,2.802113404163884
eig@lognormal-poisson,23,60.0,60,0.8081651567481458,1.559446796319875,0.23482954439094045,3.9229587658294376
eig@lognormal-poisson,23,120.0,120,0.9843044482404366,1.5483440196984182,0.1935169070618796,3.9229587658294376
eig@lognormal-poisson,23,180.0,180,1.1478532643523067,1.5346419633930746,0.1773808876574935,3.9229587658294376
eig@lognormal-poisson,23,240.0,240,1.3138013631105423,1.549596872961651,0.18495711599243894,3.9229587658294376
maxent@lognormal-poisson,23,30.0,30,0.6339500002213754,1.591002318777851,0.21246199345202305,2.802113404163884
maxent@lognormal-poisson,23,60.0,60,0.6699162139557302,1.5909114845819181,0.2117949437745119,5.604226808327775
maxent@lognormal-poisson,23,120.0,120,0.7415937299374491,1.5829888166156785,0.19357672303176968,11.20845361665557
maxent@lognormal-poisson,23,180.0,180,0.8139493811759166,1.583240972406209,0.19377302445329328,16.812680424983363
maxent@lognormal-poisson,23,240.0,240,0.8889939561486244,1.5834396025225088,0.1939401666304787,22.416907233311157
d-optimality@lognormal-poisson,23,30.0,30,0.002358751022256911,1.5709099194813616,0.2120311538927375,2.802113404163884
d-optimality@lognormal-poisson,23,60.0,60,0.004432140034623444,1.5676368154146323,0.25984952643482817,4.670189006939809
d-optimality@lognormal-poisson,23,120.0,120,0.008519216207787395,1.5413962060253974,0.2250491268468299,4.670189006939809
d-optimality@lognormal-poisson,23,180.0,180,0.012601984199136496,1.414651803735711,0.15738178440849984,4.670189006939809
d-optimality@lognormal-poisson,23,240.0,240,0.01668459246866405,1.4485089765775108,0.1551992640025617,4.670189006939809
neyman@lognormal-poisson,23,30.0,30,0.0020771889248862863,1.4953077113672497,0.23369902038286733,3.024101714896054
neyman@lognormal-poisson,23,60.0,60,0.004168412007857114,1.4986724434821939,0.17724564397252884,5.826215119059945
neyman@lognormal-poisson,23,120.0,120,0.008356642036233097,1.46910322320311,0.19777517051121574,6.853656700586708
neyman@lognormal-poisson,23,180.0,180,0.012532802880741656,1.4212584408735474,0.14553183559530028,6.853656700586708
neyman@lognormal-poisson,23,240.0,240,0.0167356965248473,1.4522927527397906,0.16100278621048766,6.853656700586708
predictive-variance@lognormal-poisson,23,30.0,1,0.00037136697210371494,1.6358039955126502,0.6511153260104539,3.7361512055518453
predictive-variance@lognormal-poisson,23,60.0,2,0.00044886197429150343,1.575379079487072,0.18510437040803013,7.472302411103691
predictive-variance@lognormal-poisson,23,120.0,3,0.0005238319863565266,1.5540624753931862,0.18958528853021073,7.472302411103691
predictive-variance@lognormal-poisson,23,180.0,5,0.0007035000598989427,1.5639697852114098,0.18579683082985166,7.472302411103691
predictive-variance@lognormal-poisson,23,240.0,6,0.0007781100575812161,1.556580075267332,0.18060311743274912,7.472302411103691
epistemic@lognormal-poisson,23,30.0,1,0.00035861198557540774,1.6358039955126502,0.6511153260104539,3.7361512055518453
epistemic@lognormal-poisson,23,60.0,2,0.0004343329928815365,1.575379079487072,0.18510437040803013,7.472302411103691
epistemic@lognormal-poisson,23,120.0,3,0.000515454972628504,1.5540624753931862,0.18958528853021073,7.472302411103691
epistemic@lognormal-poisson,23,180.0,5,0.0006670089205726981,1.5639697852114098,0.18579683082985166,7.472302411103691
epistemic@lognormal-poisson,23,240.0,6,0.0007393749547190964,1.556580075267332,0.18060311743274912,7.472302411103691
thompson@lognormal-poisson,23,30.0,1,0.0002023190027102828,1.6358039955126502,0.6511153260104539,3.7361512055518453
thompson@lognormal-poisson,23,60.0,2,0.0003510770038701594,1.575379079487072,0.18510437040803013,7.472302411103691
thompson@lognormal-poisson,23,120.0,3,0.0004901690408587456,1.5949602817519644,0.18731136331798168,11.208453616655536
thompson@lognormal-poisson,23,180.0,5,0.0007641920237801969,1.5903735236456038,0.18118111921657765,18.680756027759227
thompson@lognormal-poisson,23,240.0,6,0.0008989350171759725,1.580699631198935,0.17487870023538396,22.416907233311072
eig,24,30.0,30,0.16627884795889258,1.3847225588923244,0.30084860036231736,6.885522209977876
eig,24,60.0,60,0.2583370977663435,1.3434690817227146,0.2608554773621146,6.885522209977876
eig,24,120.0,120,0.42362837004475296,1.3330882037018281,0.2091796195716915,6.885522209977876
eig,24,180.0,180,0.5754886569338851,1.290300756635386,0.1479502559618661,6.885522209977876
eig,24,240.0,240,0.7224296313361265,1.3116485601092054,0.16466428938033778,6.885522209977876
epig,24,30.0,30,1.095184471050743,1.3847225588923244,0.30084860036231736,6.885522209977876
epig,24,60.0,60,1.8305881829583086,1.3270598434843783,0.24072417838793198,6.885522209977876
epig,24,120.0,120,3.249251665198244,1.3132044261994729,0.20451817409119674,6.885522209977876
epig,24,180.0,180,4.6374489110312425,1.291620999580772,0.15956741503008334,6.885522209977876
epig,24,240.0,236,5.884953529341146,1.3113747731989178,0.16486194076906774,6.885522209977876
maxent,24,30.0,30,0.1080473861657083,1.479725923257236,0.3592137910998613,7.257700600144375
maxent,24,60.0,60,0.18671503040241078,1.4664121131695056,0.34114161412611754,7.257700600144375
maxent,24,120.0,120,0.3535568724037148,1.4630381657554767,0.3375186540042178,7.257700600144375
maxent,24,180.0,180,0.5195704388897866,1.4630783019615885,0.3376542441340697,7.257700600144375
maxent,24,240.0,240,0.6841903789900243,1.4628962529816822,0.3374850541335889,7.257700600144375
d-optimality,24,30.0,30,0.007086622761562467,1.3653781032436632,0.2517266241507235,11.45812642739352
d-optimality,24,60.0,60,0.011791256722062826,1.3653412777991323,0.31510492358495756,11.45812642739352
d-optimality,24,120.0,120,0.02079686097567901,1.3201972437701694,0.22056419890178552,11.45812642739352
d-optimality,24,180.0,180,0.029480803466867656,1.294872882956217,0.1575957920420849,11.45812642739352
d-optimality,24,240.0,240,0.0381284614559263,1.313847588355913,0.16944533934084333,11.45812642739352
neyman,24,30.0,30,0.010564485331997275,1.3480039037192402,0.22261000007135193,14.116606926267842
neyman,24,60.0,60,0.020505652821157128,1.3297738176925087,0.23378472604874362,14.116606926267842
neyman,24,120.0,120,0.039633541950024664,1.2723326216519435,0.14321265945306197,14.116606926267842
neyman,24,180.0,180,0.057702562015037984,1.3091859033597049,0.1714174522327348,14.116606926267842
neyman,24,240.0,240,0.07753394119208679,1.3083393361227358,0.15123884250942093,14.116606926267842
predictive-variance,24,30.0,1,0.002281443972606212,1.5655022182059322,0.589281286120413,23.267108124027818
predictive-variance,24,60.0,2,0.0024240519269369543,1.5348524756042048,0.564660830764869,23.267108124027818
predictive-variance,24,120.0,3,0.002796158893033862,1.495644347577065,0.48722697957804095,23.267108124027818
predictive-variance,24,180.0,5,0.00308203388703987,1.4030501475477994,0.3548820644173593,23.267108124027818
predictive-variance,24,240.0,6,0.00322356988908723,1.340303471110687,0.1958242849402307,23.267108124027818
epistemic,24,30.0,1,0.0022689099423587322,1.5655022182059322,0.589281286120413,23.267108124027818
epistemic,24,60.0,2,0.0024102249299176037,1.5348524756042048,0.564660830764869,23.267108124027818
epistemic,24,120.0,3,0.0027805978897958994,1.485630425979413,0.470855240112913,23.267108124027818
epistemic,24,180.0,5,0.0030642588390037417,1.4030501475477994,0.3548820644173593,23.267108124027818
epistemic,24,240.0,6,0.0032063848921097815,1.340303471110687,0.1958242849402307,23.267108124027818
thompson,24,30.0,1,0.0012258670176379383,1.5709182320245783,0.8122285582257492,0.0
thompson,24,60.0,2,0.0022197190555743873,1.5587076919149174,0.8058226510967038,0.0
thompson,24,120.0,3,0.003230353002436459,1.5585509240328312,0.8058098786291159,0.0
thompson,24,180.0,5,0.0050938650383614,1.496652375165742,0.7499321171316868,0.0
thompson,24,240.0,6,0.006048744078725576,1.4474303255409502,0.6821004205007727,0.0
uniform,24,30.0,3,5.149981006979942e-06,1.597935905223267,0.8254252701123632,15.419453283748233
uniform,24,60.0,6,7.894937880337238e-06,1.4628494510111099,0.6494625805419951,15.419453283748233
uniform,24,120.0,12,1.2153934221714735e-05,1.326007275453785,0.2184631645054954,15.419453283748233
uniform,24,180.0,18,1.6410951502621174e-05,1.3019505018376432,0.1635098741387367,15.419453283748233
uniform,24,240.0,24,2.0337000023573637e-05,1.313521242443403,0.16240199488714496,15.419453283748233
random,24,30.0,2,2.009700983762741e-05,1.5547846946136838,0.8192698103338378,31.609879231683877
random,24,60.0,4,2.5184941478073597e-05,1.4968989567901965,0.7640210476754602,66.3036491201174
random,24,120.0,12,4.344794433563948e-05,1.4209444819140693,0.3117400056623522,100.39885659237034
random,24,180.0,13,4.597194492816925e-05,1.4152958547292567,0.30708802737817964,123.66596471639815
random,24,240.0,19,6.042106542736292e-05,1.3836169612652955,0.260842513163396,156.8215937931378
eig@gamma-poisson,24,30.0,30,0.010236554953735322,1.3523251740125914,0.2492987267183565,5.7157552717695514
eig@gamma-poisson,24,60.0,60,0.016860161151271313,1.3826073205526692,0.34809482816067644,5.7157552717695514
eig@gamma-poisson,24,120.0,120,0.029710895905736834,1.378322148511853,0.23454878193354525,5.7157552717695514
eig@gamma-poisson,24,180.0,180,0.04229881789069623,1.3734028753254666,0.1899803477963706,5.7157552717695514
eig@gamma-poisson,24,240.0,240,0.05471960175782442,1.3568408729854662,0.15339044694498924,5.7157552717695514
maxent@gamma-poisson,24,30.0,30,0.008053783036302775,1.492976141122752,0.32333772511526543,9.145208434831282
maxent@gamma-poisson,24,60.0,60,0.013310539885424078,1.4816605289389948,0.30593229045071635,9.145208434831282
maxent@gamma-poisson,24,120.0,120,0.023571743222419173,1.4768205747882106,0.29985228462467195,9.145208434831282
maxent@gamma-poisson,24,180.0,180,0.03377664473373443,1.476773914400389,0.29990154400411845,9.145208434831282
maxent@gamma-poisson,24,240.0,240,0.04397327377228066,1.4766075626676771,0.2997329842606375,9.145208434831282
d-optimality@gamma-poisson,24,30.0,30,0.00020827970001846552,1.3723756863117902,0.31306719526537974,6.858906326123462
d-optimality@gamma-poisson,24,60.0,60,0.0003694628248922527,1.3727790682036425,0.32175297479680853,6.858906326123462
d-optimality@gamma-poisson,24,120.0,120,0.0006819861009716988,1.3632513735841745,0.20713318151677224,6.858906326123462
d-optimality@gamma-poisson,24,180.0,180,0.0009957751026377082,1.3840232329548776,0.21423346985719668,6.858906326123462
d-optimality@gamma-poisson,24,240.0,240,0.0013066453393548727,1.370602183564804,0.16453793553508553,6.858906326123462
neyman@gamma-poisson,24,30.0,30,0.0002099488046951592,1.3723699069660207,0.23817986521013346,17.14726581530866
neyman@gamma-poisson,24,60.0,60,0.00040438276482746005,1.325682049156932,0.20722541570201702,17.14726581530866
neyman@gamma-poisson,24,120.0,120,0.0007843516068533063,1.3097850096408252,0.15999015232951808,17.14726581530866
neyman@gamma-poisson,24,180.0,180,0.0011634363909251988,1.3367024062581618,0.17441096940072204,17.14726581530866
neyman@gamma-poisson,24,240.0,240,0.0015405950834974647,1.3509084954247381,0.14410782100643507,17.14726581530866
predictive-variance@gamma-poisson,24,30.0,1,5.1166978664696217e-05,1.5720008066497047,0.5892937882091738,23.267108124027818
predictive-variance@gamma-poisson,24,60.0,2,5.839992081746459e-05,1.5227825320648938,0.5654652750016643,23.267108124027818
predictive-variance@gamma-poisson,24,120.0,3,6.497296271845698e-05,1.4774208821270178,0.48847205299401203,23.267108124027818
predictive-variance@gamma-poisson,24,180.0,5,7.781694876030087e-05,1.405230361204131,0.35657215330171904,23.267108124027818
predictive-variance@gamma-poisson,24,240.0,6,8.362892549484968e-05,1.351585925696704,0.19748236237566186,23.267108124027818
epistemic@gamma-poisson,24,30.0,1,4.001602064818144e-05,1.5720008066497047,0.5892937882091738,23.267108124027818
epistemic@gamma-poisson,24,60.0,2,4.6267989091575146e-05,1.5227825320648938,0.5654652750016643,23.267108124027818
epistemic@gamma-poisson,24,120.0,3,5.245994543656707e-05,1.4849875514742825,0.47177182827199104,23.267108124027818
epistemic@gamma-poisson,24,180.0,5,6.422295700758696e-05,1.405230361204131,0.35657215330171904,23.267108124027818
epistemic@gamma-poisson,24,240.0,6,6.974395364522934e-05,1.351585925696704,0.19748236237566186,23.267108124027818
thompson@gamma-poisson,24,30.0,1,2.9354996513575315e-05,1.5720008066497047,0.5892937882091738,23.267108124027818
thompson@gamma-poisson,24,60.0,2,4.2419007513672113e-05,1.5227825320648938,0.5654652750016643,23.267108124027818
thompson@gamma-poisson,24,120.0,3,5.383102688938379e-05,1.4774208821270178,0.48847205299401203,23.267108124027818
thompson@gamma-poisson,24,180.0,5,7.574312621727586e-05,1.4298972789521152,0.4616176682566392,23.267108124027818
thompson@gamma-poisson,24,240.0,6,8.537014946341515e-05,1.3762528434446881,0.35347765783136026,23.267108124027818
epig@gamma-poisson,24,30.0,30,0.10003869206411764,1.391184307568208,0.2858044686461438,6.858906326123462
epig@gamma-poisson,24,60.0,60,0.17130043194629252,1.3590302059894173,0.3005190178611745,6.858906326123462
epig@gamma-poisson,24,120.0,120,0.3129297707346268,1.367968079480676,0.21804838165245247,6.858906326123462
epig@gamma-poisson,24,180.0,180,0.45404198876349255,1.368312002962431,0.2015447062266582,6.858906326123462
epig@gamma-poisson,24,240.0,240,0.594932337931823,1.3548747423650054,0.16429055023070438,6.858906326123462
eig@lognormal-poisson,24,30.0,30,0.9897524629486725,1.4135083423151666,0.32116948073688395,6.3240488587246615
eig@lognormal-poisson,24,60.0,60,1.0911352339899167,1.3500040587942663,0.26676197899228227,6.3240488587246615
eig@lognormal-poisson,24,120.0,120,1.27965479681734,1.324347397633258,0.21618352219599737,6.3240488587246615
eig@lognormal-poisson,24,180.0,180,1.4643742519547231,1.3177752428940093,0.17305904092357513,6.3240488587246615
eig@lognormal-poisson,24,240.0,240,1.648929984366987,1.3093158963826845,0.16584782802636192,6.3240488587246615
maxent@lognormal-poisson,24,30.0,30,0.879403411236126,1.4904336637153452,0.4001570767202448,4.971398491436554
maxent@lognormal-poisson,24,60.0,60,0.9225865470943972,1.4845447575897521,0.3937301894287536,4.971398491436554
maxent@lognormal-poisson,24,120.0,120,1.0077439267770387,1.4813170774122015,0.39074850842267406,4.971398491436554
maxent@lognormal-poisson,24,180.0,180,1.0952756855404004,1.4812897929246225,0.39080473814120126,4.971398491436554
maxent@lognormal-poisson,24,240.0,240,1.1832183093065396,1.481230301118513,0.39077042163581616,4.971398491436554
d-optimality@lognormal-poisson,24,30.0,30,0.0023444530670531094,1.3793578177453822,0.26016968654271033,11.45812642739352
d-optimality@lognormal-poisson,24,60.0,60,0.004412786918692291,1.3724738254157742,0.32226344271187124,11.45812642739352
d-optimality@lognormal-poisson,24,120.0,120,0.00851634715218097,1.3262383492190712,0.209307509111088,11.45812642739352
d-optimality@lognormal-poisson,24,180.0,180,0.012629919860046357,1.3047987237826946,0.1538753184315292,11.45812642739352
d-optimality@lognormal-poisson,24,240.0,240,0.01676516717998311,1.300838388444036,0.1436854522160239,11.45812642739352
neyman@lognormal-poisson,24,30.0,30,0.002108435262925923,1.3622678230587704,0.23257566680426708,14.116606926267842
neyman@lognormal-poisson,24,60.0,60,0.004220092378091067,1.343368093645708,0.2443280553129708,14.116606926267842
neyman@lognormal-poisson,24,120.0,120,0.008452480076812208,1.2795859363430526,0.1489077773379571,14.116606926267842
neyman@lognormal-poisson,24,180.0,180,0.01274957344867289,1.315117323606245,0.17388068801172865,14.116606926267842
neyman@lognormal-poisson,24,240.0,240,0.01698937051696703,1.316892748391066,0.15475550144864578,14.116606926267842
predictive-variance@lognormal-poisson,24,30.0,1,0.00037123600486665964,1.5759952272615758,0.5893333351187057,23.267108124027818
predictive-variance@lognormal-poisson,24,60.0,2,0.00044978404184803367,1.5490699907076853,0.5648400908088083,23.267108124027818
predictive-variance@lognormal-poisson,24,120.0,3,0.0005249140085652471,1.5074034374805212,0.4873904222460437,23.267108124027818
predictive-variance@lognormal-poisson,24,180.0,5,0.0006792240310460329,1.405765058152131,0.35508135309067346,23.267108124027818
predictive-variance@lognormal-poisson,24,240.0,6,0.0007531419978477061,1.341200929216023,0.19570639480105062,23.267108124027818
epistemic@lognormal-poisson,24,30.0,1,0.0003595419693738222,1.5759952272615758,0.5893333351187057,23.267108124027818
epistemic@lognormal-poisson,24,60.0,2,0.00043601501965895295,1.5490699907076853,0.5648400908088083,23.267108124027818
epistemic@lognormal-poisson,24,120.0,3,0.0005110949859954417,1.4952222797635217,0.47105413857316086,23.267108124027818
epistemic@lognormal-poisson,24,180.0,5,0.0006803719443269074,1.405765058152131,0.35508135309067346,23.267108124027818
epistemic@lognormal-poisson,24,240.0,6,0.0007555029587820172,1.341200929216023,0.19570639480105062,23.267108124027818
thompson@lognormal-poisson,24,30.0,1,0.0001978209475055337,1.5539909986916822,0.7748187122289578,30.838906567496466
thompson@lognormal-poisson,24,60.0,2,0.0003411989309825003,1.5114310983254677,0.509442838339551,54.10601469152428
thompson@lognormal-poisson,24,120.0,3,0.0004796079592779279,1.4845058617715772,0.48089765422408126,54.10601469152428
thompson@lognormal-poisson,24,180.0,5,0.000751296931412071,1.3889915976002494,0.22938030131747977,54.10601469152428
thompson@lognormal-poisson,24,240.0,6,0.000890107941813767,1.3766350691902014,0.20522482859623756,54.10601469152428
eig,25,30.0,30,0.16335312445880845,2.0145902920550984,0.46953760733749167,1.4068740320611335
eig,25,60.0,60,0.2608822248294018,1.9216541782329555,0.2449464955785078,1.4068740320611335
eig,25,120.0,120,0.4468037809128873,1.921814360281153,0.30505232806794774,1.4068740320611335
eig,25,180.0,180,0.629343879467342,1.872592667781846,0.18912741664970611,1.4068740320611335
eig,25,240.0,240,0.8043036602903157,1.8683599783291662,0.1927046469870263,1.4068740320611335
epig,25,30.0,30,1.2104200111352839,2.0625760646413838,0.6877881804084865,1.4068740320611335
epig,25,60.0,60,2.0684372601099312,1.9198067163268868,0.23566480888612965,1.4068740320611335
epig,25,120.0,120,3.786045622022357,1.9114835264141339,0.29109420069142666,1.4068740320611335
epig,25,180.0,179,5.464678039192222,1.8768319357627845,0.21716657960219135,1.4068740320611335
epig,25,240.0,231,6.904125565313734,1.8796752018305778,0.2067649776072969,1.4068740320611335
maxent,25,30.0,30,0.12792725680628791,2.3577000831495223,1.0303162688104759,1.4068740320611335
maxent,25,60.0,60,0.23421264701755717,2.3635131180538593,1.0391385734844267,1.4068740320611335
maxent,25,120.0,120,0.4445847150636837,2.3598200827597204,1.029946882874076,1.4068740320611335
maxent,25,180.0,180,0.6574649013346061,2.3631647129561926,1.0340049661948603,1.4068740320611335
maxent,25,240.0,240,0.8694765490945429,2.3620377366181877,1.0322295113874775,1.4068740320611335
d-optimality,25,30.0,30,0.006806015968322754,2.0073051788751273,0.46935082218011986,1.4068740320611335
d-optimality,25,60.0,60,0.01122045808006078,1.9461230256939892,0.40677372395843703,1.4068740320611335
d-optimality,25,120.0,120,0.020872454799246043,1.9307650671539278,0.3216093193261309,1.4068740320611335
d-optimality,25,180.0,180,0.0318560654995963,1.8737842925253965,0.21750245306813934,1.4068740320611335
d-optimality,25,240.0,240,0.043384055607020855,1.8711486611577843,0.19529413469638326,1.4068740320611335
neyman,25,30.0,30,0.01012354315025732,2.0411858817800304,0.5500123636066604,0.0
neyman,25,60.0,60,0.01993559330003336,1.9713300597460799,0.3512499763453607,0.0
neyman,25,120.0,120,0.04111838364042342,1.8932807112832426,0.18663710544774598,0.0
neyman,25,180.0,180,0.0631275256164372,1.8923526442514167,0.21146450781680062,0.0
neyman,25,240.0,240,0.08597166422987357,1.8846253387580554,0.26486600692750145,0.0
predictive-variance,25,30.0,1,0.002309465955477208,2.3901761047776477,1.2701636232389466,162.26425490279567
predictive-variance,25,60.0,2,0.0026783059583976865,2.2594964300656164,0.9958200757239767,162.26425490279567
predictive-variance,25,120.0,3,0.003048980957828462,2.2174250710650028,0.9519287730703938,162.26425490279567
predictive-variance,25,180.0,5,0.003335967077873647,2.145129604178825,0.8230337424796386,162.26425490279567
predictive-variance,25,240.0,6,0.0034793460508808494,1.9837149900801239,0.2348545052850733,162.26425490279567
epistemic,25,30.0,1,0.002301823056768626,2.3901761047776477,1.2701636232389466,162.26425490279567
epistemic,25,60.0,2,0.002671955095138401,2.2594964300656164,0.9958200757239767,162.26425490279567
epistemic,25,120.0,3,0.0030409371247515082,2.2174250710650028,0.9519287730703938,162.26425490279567
epistemic,25,180.0,5,0.003328226157464087,2.145129604178825,0.8230337424796386,162.26425490279567
epistemic,25,240.0,6,0.003471825155429542,1.9837149900801239,0.2348545052850733,162.26425490279567
thompson,25,30.0,1,0.0012741669779643416,2.3901761047776477,1.2701636232389466,162.26425490279567
thompson,25,60.0,2,0.0022303580190055072,2.2594964300656164,0.9958200757239767,162.26425490279567
thompson,25,120.0,3,0.0034007610520347953,2.259952790196716,0.9947744583804549,162.26425490279567
thompson,25,180.0,5,0.005403932009357959,2.2623065036208234,0.9956356389620462,162.26425490279567
thompson,25,240.0,6,0.006506537029054016,2.2653898578831466,1.0000718147830994,162.26425490279567
uniform,25,30.0,3,5.820940714329481e-06,2.383454396057592,1.2981865603139933,141.8245446894472
uniform,25,60.0,6,8.815957698971033e-06,2.1939600194835354,0.9957259553281033,184.03076565128123
uniform,25,120.0,12,1.3665936421602964e-05,1.9088773519651134,0.2913812520784739,240.3057269337266
uniform,25,180.0,18,1.8224935047328472e-05,1.8799553961161362,0.24910386149196673,240.3057269337266
uniform,25,240.0,24,2.2611930035054684e-05,1.8738433015820153,0.21959554453027375,240.3057269337266
random,25,30.0,3,2.0097068045288324e-05,2.2014719211089706,0.9262541296988581,70.34370160305667
random,25,60.0,5,2.5378132704645395e-05,2.190816208771764,0.9267795179144507,99.88805627634048
random,25,120.0,8,3.279221709817648e-05,2.109676991846922,0.8681276064538368,185.70737223206962
random,25,180.0,13,4.5126129407435656e-05,2.036261156301618,0.8077370825836278,257.4579478671874
random,25,240.0,21,6.392010254785419e-05,1.9047562040210886,0.42008037413942156,257.4579478671874
eig@gamma-poisson,25,30.0,30,0.010800912044942379,2.05428429901454,0.5969853888144354,1.4068740320611335
eig@gamma-poisson,25,60.0,60,0.01760174729861319,1.9643833444906962,0.41867758657321763,1.4068740320611335
eig@gamma-poisson,25,120.0,120,0.03074722515884787,1.9245486761855322,0.34072645501145377,1.4068740320611335
eig@gamma-poisson,25,180.0,180,0.043598503805696964,1.8889455443175143,0.23522106877947932,1.4068740320611335
eig@gamma-poisson,25,240.0,240,0.05626000463962555,1.8793329146564102,0.19505055288797624,1.4068740320611335
maxent@gamma-poisson,25,30.0,30,0.008166742860339582,2.460113190814711,1.0682885137508533,1.4068740320611335
maxent@gamma-poisson,25,60.0,60,0.013549748691730201,2.465759497339646,1.076615413097028,1.4068740320611335
maxent@gamma-poisson,25,120.0,120,0.02420451765647158,2.4623252253063606,1.0681528249163026,1.4068740320611335
maxent@gamma-poisson,25,180.0,180,0.03491262608440593,2.4656912137421783,1.0721084889582444,1.4068740320611335
maxent@gamma-poisson,25,240.0,240,0.04560356441652402,2.46454301184802,1.0703644830103516,1.4068740320611335
d-optimality@gamma-poisson,25,30.0,30,0.00021033501252532005,2.0518069811987534,0.5542876071749048,1.4068740320611335
d-optimality@gamma-poisson,25,60.0,60,0.0003711091703735292,1.9663101806963548,0.4275288836188534,1.4068740320611335
d-optimality@gamma-poisson,25,120.0,120,0.0006856505642645061,1.9205904892183874,0.33348232950025986,1.4068740320611335
d-optimality@gamma-poisson,25,180.0,180,0.0009984382195398211,1.8975156132283117,0.2379395140063615,1.4068740320611335
d-optimality@gamma-poisson,25,240.0,240,0.0013129901490174234,1.8803935787617185,0.2043709957936985,1.4068740320611335
neyman@gamma-poisson,25,30.0,30,0.000207174860406667,2.2158671245418247,0.6796605955585739,0.0
neyman@gamma-poisson,25,60.0,60,0.0004013665020465851,2.0087283800069584,0.31673247950693434,0.0
neyman@gamma-poisson,25,120.0,120,0.0007828751695342362,1.903537899708783,0.1918627315057439,0.0
neyman@gamma-poisson,25,180.0,180,0.0011637744610197842,1.8933506804968194,0.21089153757559773,0.0
neyman@gamma-poisson,25,240.0,240,0.0015436885296367109,1.888550694743864,0.2655587232278758,0.0
predictive-variance@gamma-poisson,25,30.0,1,4.9121968913823366e-05,2.412918569885457,1.27029904124932,162.26425490279567
predictive-variance@gamma-poisson,25,60.0,2,5.613500252366066e-05,2.288079433431888,0.9956561694108766,162.26425490279567
predictive-variance@gamma-poisson,25,120.0,3,6.232602754607797e-05,2.2226607419647553,0.9517533435769142,162.26425490279567
predictive-variance@gamma-poisson,25,180.0,5,7.450999692082405e-05,2.140391151424018,0.8227734055991086,162.26425490279567
predictive-variance@gamma-poisson,25,240.0,6,8.064100984483957e-05,1.9908885297736914,0.2347701041989658,162.26425490279567
epistemic@gamma-poisson,25,30.0,1,4.019500920549035e-05,2.412918569885457,1.27029904124932,162.26425490279567
epistemic@gamma-poisson,25,60.0,2,4.653801443055272e-05,2.288079433431888,0.9956561694108766,162.26425490279567
epistemic@gamma-poisson,25,120.0,3,5.22789778187871e-05,2.2226607419647553,0.9517533435769142,162.26425490279567
epistemic@gamma-poisson,25,180.0,5,6.351998308673501e-05,2.140391151424018,0.8227734055991086,162.26425490279567
epistemic@gamma-poisson,25,240.0,6,6.909098010510206e-05,1.9908885297736914,0.2347701041989658,162.26425490279567
thompson@gamma-poisson,25,30.0,1,2.546800533309579e-05,2.3959502457542534,1.076528485009519,0.0
thompson@gamma-poisson,25,60.0,2,3.785098670050502e-05,2.396496697577709,1.0757413896122037,0.0
thompson@gamma-poisson,25,120.0,3,4.8690009862184525e-05,2.396783619861527,1.0742325271295126,0.0
thompson@gamma-poisson,25,180.0,5,6.995105650275946e-05,2.402063246061419,1.0808599141424051,0.0
thompson@gamma-poisson,25,240.0,6,8.077203528955579e-05,2.294192433739053,1.0003378342584959,0.0
epig@gamma-poisson,25,30.0,30,0.10069616499822587,2.05428429901454,0.5969853888144354,1.4068740320611335
epig@gamma-poisson,25,60.0,60,0.17243927012896165,1.9385933533605755,0.4015857999522761,1.4068740320611335
epig@gamma-poisson,25,120.0,120,0.3142627368797548,1.9092721631346858,0.2978570100686093,1.4068740320611335
epig@gamma-poisson,25,180.0,180,0.45517936669057235,1.8816102219692785,0.2419592755989527,1.4068740320611335
epig@gamma-poisson,25,240.0,235,0.5860617919825017,1.880516486748977,0.20982009888371972,1.4068740320611335
eig@lognormal-poisson,25,30.0,30,1.625938542187214,1.9794338830477447,0.4277857488597046,1.4068740320611335
eig@lognormal-poisson,25,60.0,60,1.7342126730945893,1.9288186311380084,0.25492763133759405,1.4068740320611335
eig@lognormal-poisson,25,120.0,120,1.9410533990594558,1.9189262560356213,0.28003628252609486,1.4068740320611335
eig@lognormal-poisson,25,180.0,180,2.140989840438124,1.871781737009086,0.18673845041210785,1.4068740320611335
eig@lognormal-poisson,25,240.0,240,2.336472171009518,1.8684229529930967,0.19701417171048766,1.4068740320611335
maxent@lognormal-poisson,25,30.0,30,1.5409264728659764,2.345232320949191,1.0261320581240143,1.4068740320611335
maxent@lognormal-poisson,25,60.0,60,1.6079294466762803,2.3512824336537888,1.0346152840470166,1.4068740320611335
maxent@lognormal-poisson,25,120.0,120,1.742579543555621,2.3482407440839665,1.0273068113765536,1.4068740320611335
maxent@lognormal-poisson,25,180.0,180,1.8861922096111812,2.35236014702454,1.0312559097970766,1.4068740320611335
maxent@lognormal-poisson,25,240.0,240,2.0225424023810774,2.352371468550676,1.031264349360233,1.4068740320611335
d-optimality@lognormal-poisson,25,30.0,30,0.0023074300261214375,1.9977780540795964,0.4444151889245989,1.4068740320611335
d-optimality@lognormal-poisson,25,60.0,60,0.004353260272182524,1.9440127649926928,0.40001272166796614,1.4068740320611335
d-optimality@lognormal-poisson,25,120.0,120,0.00840060057817027,1.9247682844570102,0.31026170693372945,1.4068740320611335
d-optimality@lognormal-poisson,25,180.0,180,0.01265382207930088,1.887830037511435,0.22396159142169922,1.4068740320611335
d-optimality@lognormal-poisson,25,240.0,240,0.016690234013367444,1.8706981538676664,0.19761177077817207,1.4068740320611335
neyman@lognormal-poisson,25,30.0,30,0.002093307615723461,2.029978921727779,0.5288852305566505,0.0
neyman@lognormal-poisson,25,60.0,60,0.004189583472907543,1.9633297073146003,0.33735279714993915,0.0
neyman@lognormal-poisson,25,120.0,120,0.008352953766006976,1.893950962024384,0.18504343227986284,0.0
neyman@lognormal-poisson,25,180.0,180,0.012526403705123812,1.8906916823205273,0.20970802954444934,0.0
neyman@lognormal-poisson,25,240.0,240,0.016698484774678946,1.8840139853730307,0.2657163723522759,0.0
predictive-variance@lognormal-poisson,25,30.0,1,0.0003603449440561235,2.3812478034238787,1.2702207085330313,162.26425490279567
predictive-variance@lognormal-poisson,25,60.0,2,0.000435075955465436,2.259306816626616,0.9962150404261156,162.26425490279567
predictive-variance@lognormal-poisson,25,120.0,3,0.0005108679179102182,2.2162561112144146,0.9523364451540076,162.26425490279567
predictive-variance@lognormal-poisson,25,180.0,5,0.0006538259331136942,2.139910849680652,0.8235175739458831,162.26425490279567
predictive-variance@lognormal-poisson,25,240.0,6,0.0007278948905877769,1.9746715856195622,0.23737957612681226,162.26425490279567
epistemic@lognormal-poisson,25,30.0,1,0.000355235009919852,2.3812478034238787,1.2702207085330313,162.26425490279567
epistemic@lognormal-poisson,25,60.0,2,0.00043010502122342587,2.259306816626616,0.9962150404261156,162.26425490279567
epistemic@lognormal-poisson,25,120.0,3,0.0005056660156697035,2.2162561112144146,0.9523364451540076,162.26425490279567
epistemic@lognormal-poisson,25,180.0,5,0.0006484839832410216,2.139910849680652,0.8235175739458831,162.26425490279567
epistemic@lognormal-poisson,25,240.0,6,0.0007217409438453615,1.9746715856195622,0.23737957612681226,162.26425490279567
thompson@lognormal-poisson,25,30.0,1,0.0001902370131574571,2.4020162052208414,1.2846985277965448,56.27496128244534
thompson@lognormal-poisson,25,60.0,2,0.00032670306973159313,2.35896549980864,1.2509798580792475,112.54992256489068
thompson@lognormal-poisson,25,120.0,3,0.0004593710764311254,2.1937262357475498,0.971142869965283,168.82488384733603
thompson@lognormal-poisson,25,180.0,5,0.0007217820966616273,2.135284900078229,0.8856911181705872,281.3748064122267
thompson@lognormal-poisson,25,240.0,6,0.0008563851588405669,2.1291627510292477,0.8767496528736426,337.64976769467205
eig,26,30.0,30,0.15204364218516275,1.4734947279384365,0.2043568312021275,0.8727752596217291
eig,26,60.0,60,0.24103098129853606,1.4726517683675466,0.21489742959689725,6.7255924538017915
eig,26,120.0,120,0.4042331529199146,1.343275412221284,0.19265932459330784,23.698762316923972
eig,26,180.0,180,0.5584440157399513,1.3447393709492534,0.2141216590228411,39.50136874121014
eig,26,240.0,240,0.7157529206597246,1.3000442308408486,0.1344382406379183,65.83904611502042
epig,26,30.0,30,1.0836687038536184,1.4662334023062789,0.19084127369812792,0.8727752596217291
epig,26,60.0,60,1.8217179527855478,1.4643101234537281,0.20547828628640294,1.4580569790397353
epig,26,120.0,120,3.264345014176797,1.3469778693947188,0.21465592202258207,19.60179028099793
epig,26,180.0,180,4.73585106304381,1.3433116247909636,0.21760348478487762,30.13686123052204
epig,26,240.0,232,6.032799493113998,1.3153362173300078,0.14929954166238354,58.23038376258634
maxent,26,30.0,30,0.10049243824323639,1.6517998351205534,0.3923200745351369,0.8727752596217291
maxent,26,60.0,60,0.1845898312749341,1.6474343213688465,0.3878480349083108,0.8727752596217291
maxent,26,120.0,120,0.3576422332553193,1.6462578195452127,0.38691039091267,0.8727752596217291
maxent,26,180.0,180,0.5302006101701409,1.6464904202425972,0.3870566238846139,0.8727752596217291
maxent,26,240.0,240,0.7022556241718121,1.6464651227016123,0.38702916181500313,0.8727752596217291
d-optimality,26,30.0,30,0.007001067162491381,1.5109682815713594,0.24774289111854222,0.8727752596217291
d-optimality,26,60.0,60,0.011602961458265781,1.396231701282826,0.18315515065793586,0.8727752596217291
d-optimality,26,120.0,120,0.020519680168945342,1.3327067551603127,0.199001698341886,25.45460747517799
d-optimality,26,180.0,180,0.029605209070723504,1.3236753336909934,0.19436966342936204,30.722142949940046
d-optimality,26,240.0,240,0.039384109200909734,1.330795262222536,0.18893681081046873,64.66848267618441
neyman,26,30.0,30,0.01077843236271292,1.4588871127486216,0.24476436144815727,1.7455505192434582
neyman,26,60.0,60,0.020353863248601556,1.3765927876384743,0.18043709622817894,1.7455505192434582
neyman,26,120.0,120,0.03925416205311194,1.3535792806158302,0.2098314272863215,9.939494591095546
neyman,26,180.0,180,0.059669590438716114,1.3349418347208424,0.1865278511851847,36.86245368432383
neyman,26,240.0,240,0.08321647951379418,1.2934263346299875,0.1180366537594703,36.86245368432383
predictive-variance,26,30.0,1,0.0023100670077838004,1.7148958429235694,0.4375705377871393,47.92520204936903
predictive-variance,26,60.0,2,0.0024546170025132596,1.6388049846656472,0.38729066785540095,47.92520204936903
predictive-variance,26,120.0,3,0.0028252810006961226,1.6052896264022554,0.3748467012114441,47.92520204936903
predictive-variance,26,180.0,5,0.0033399160020053387,1.4077445572162404,0.14814736761158578,47.92520204936903
predictive-variance,26,240.0,6,0.003482883039396256,1.4082440997787693,0.1492431919940218,47.92520204936903
epistemic,26,30.0,1,0.0022872249828651547,1.7148958429235694,0.4375705377871393,47.92520204936903
epistemic,26,60.0,2,0.002432226960081607,1.6388049846656472,0.38729066785540095,47.92520204936903
epistemic,26,120.0,3,0.0028038040036335588,1.6052896264022554,0.3748467012114441,47.92520204936903
epistemic,26,180.0,5,0.0033171051181852818,1.4077445572162404,0.14814736761158578,47.92520204936903
epistemic,26,240.0,6,0.0034582201042212546,1.3943021177706492,0.1348608318050193,47.92520204936903
thompson,26,30.0,1,0.0011833070311695337,1.6530378996058672,0.5240413573759307,0.0
thompson,26,60.0,2,0.002108139975462109,1.6535374421683962,0.5243522023094116,0.0
thompson,26,120.0,3,0.0029880990041419864,1.6528536873638353,0.5239699485148994,0.0
thompson,26,180.0,5,0.0048506989842280746,1.6201294346286677,0.5152656220528168,0.0
thompson,26,240.0,6,0.005830293986946344,1.6200579206050036,0.5152155948904249,0.0
uniform,26,30.0,3,6.013084203004837e-06,1.5788925835753862,0.5154582329085974,17.455505192434583
uniform,26,60.0,6,8.847098797559738e-06,1.5596936580301552,0.5128809072995182,17.455505192434583
uniform,26,120.0,12,1.3264128938317299e-05,1.3007553178058742,0.13245253262983628,17.455505192434583
uniform,26,180.0,18,1.7311074770987034e-05,1.3161229232872762,0.14707622914308824,17.455505192434583
uniform,26,240.0,24,2.1088169887661934e-05,1.3219487987538,0.18765000144899277,17.455505192434583
random,26,30.0,5,2.4774170015007257e-05,1.5881539462278116,0.524967891262977,8.727752596217291
random,26,60.0,8,3.205717075616121e-05,1.6442059179960706,0.5530227401488309,8.727752596217291
random,26,120.0,12,4.178512608632445e-05,1.5698986073996741,0.5482102091944442,8.727752596217291
random,26,180.0,22,6.205530371516943e-05,1.4034016056294574,0.24926788703009517,8.727752596217291
random,26,240.0,38,9.515933925285935e-05,1.3810404780193581,0.2135222725035652,8.727752596217291
eig@gamma-poisson,26,30.0,30,0.010011254053097218,1.4890288750900762,0.21777543499547902,2.1026518577076496
eig@gamma-poisson,26,60.0,60,0.016655438928864896,1.3894591035510004,0.14648854390040608,2.1026518577076496
eig@gamma-poisson,26,120.0,120,0.029499788826797158,1.3148581604400096,0.19782474506659967,19.07582172082983
eig@gamma-poisson,26,180.0,180,0.04217046179110184,1.2940858978158607,0.183191831275306,20.831666879083848
eig@gamma-poisson,26,240.0,240,0.054707487928681076,1.3067431194608246,0.18427985892303492,44.2429356558041
maxent@gamma-poisson,26,30.0,30,0.007761472021229565,1.6686183031169086,0.4042817277160405,2.1026518577076496
maxent@gamma-poisson,26,60.0,60,0.01301617274293676,1.6622034062492546,0.39766420538685027,2.1026518577076496
maxent@gamma-poisson,26,120.0,120,0.023400386911816895,1.6607703861137082,0.39658869131136737,2.1026518577076496
maxent@gamma-poisson,26,180.0,180,0.033731344214174896,1.6614684814473903,0.3970389343699639,2.1026518577076496
maxent@gamma-poisson,26,240.0,240,0.044033222948201,1.6612397925473346,0.3968697653976413,2.1026518577076496
d-optimality@gamma-poisson,26,30.0,30,0.00021241529611870646,1.4942047126252544,0.21981933092103784,2.1026518577076496
d-optimality@gamma-poisson,26,60.0,60,0.00037489034002646804,1.3983564789767111,0.1636595017894284,2.1026518577076496
d-optimality@gamma-poisson,26,120.0,120,0.0006866351468488574,1.3106174188400865,0.1916465228259208,12.052441087813754
d-optimality@gamma-poisson,26,180.0,180,0.000996927497908473,1.3313450429875895,0.19378488667981073,23.75807547617388
d-optimality@gamma-poisson,26,240.0,240,0.0013066899846307933,1.3319597400533698,0.21023256686160183,34.29314642569799
neyman@gamma-poisson,26,30.0,30,0.00020673603285104036,1.4886757383513738,0.2749016880588761,4.205303715415299
neyman@gamma-poisson,26,60.0,60,0.0004004990914836526,1.3602009251632128,0.16688876603687017,4.205303715415299
neyman@gamma-poisson,26,120.0,120,0.0007814851123839617,1.3402349616061981,0.20110941539830088,11.228684348431374
neyman@gamma-poisson,26,180.0,180,0.0011609481880441308,1.324057023259673,0.1802017786075126,36.39579828340564
neyman@gamma-poisson,26,240.0,240,0.0015423460863530636,1.277245472036178,0.09754024420382607,36.39579828340564
predictive-variance@gamma-poisson,26,30.0,1,5.48739917576313e-05,1.7016743923163478,0.43731332997318895,47.92520204936903
predictive-variance@gamma-poisson,26,60.0,2,6.260903319343925e-05,1.6248313361564213,0.38676076939975895,47.92520204936903
predictive-variance@gamma-poisson,26,120.0,3,6.949109956622124e-05,1.5768216860088364,0.37421298844505796,47.92520204936903
predictive-variance@gamma-poisson,26,180.0,5,8.230499224737287e-05,1.3937237129194149,0.1462872703148818,47.92520204936903
predictive-variance@gamma-poisson,26,240.0,6,8.829700527712703e-05,1.3943517083297994,0.14759342310122178,47.92520204936903
epistemic@gamma-poisson,26,30.0,1,3.861199365928769e-05,1.7016743923163478,0.43731332997318895,47.92520204936903
epistemic@gamma-poisson,26,60.0,2,4.5154010877013206e-05,1.6248313361564213,0.38676076939975895,47.92520204936903
epistemic@gamma-poisson,26,120.0,3,5.137600237503648e-05,1.5768216860088364,0.37421298844505796,47.92520204936903
epistemic@gamma-poisson,26,180.0,5,6.283802213147283e-05,1.3937237129194149,0.1462872703148818,47.92520204936903
epistemic@gamma-poisson,26,240.0,6,6.844906602054834e-05,1.388491969962206,0.13261313382974804,47.92520204936903
thompson@gamma-poisson,26,30.0,1,2.3063039407134056e-05,1.6625497142770305,0.5238646796132624,0.0
thompson@gamma-poisson,26,60.0,2,3.56371165253222e-05,1.6631777096874147,0.5242309182343817,0.0
thompson@gamma-poisson,26,120.0,3,4.908209666609764e-05,1.6625823096374497,0.5239107518698589,0.0
thompson@gamma-poisson,26,180.0,5,7.044104859232903e-05,1.6256653335625693,0.38738304816668934,0.0
thompson@gamma-poisson,26,240.0,6,8.089101174846292e-05,1.6256168036933938,0.38733548090211384,0.0
epig@gamma-poisson,26,30.0,30,0.1007162009482272,1.4890288750900762,0.21777543499547902,2.1026518577076496
epig@gamma-poisson,26,60.0,60,0.17213373794220388,1.390462810273452,0.14835887066441747,2.1026518577076496
epig@gamma-poisson,26,120.0,120,0.3144724318408407,1.3187686158484855,0.2045079348553509,8.540750771305717
epig@gamma-poisson,26,180.0,180,0.4560420349589549,1.3143395827500675,0.1789069093549868,12.63772280723176
epig@gamma-poisson,26,240.0,240,0.5978744582389481,1.2990401211015128,0.1697988351530188,43.072372216968084
eig@lognormal-poisson,26,30.0,30,0.6435366483055986,1.4691975809990188,0.18872846547560226,0.8727752596217291
eig@lognormal-poisson,26,60.0,60,0.7464236951782368,1.4720479595936127,0.2078179159426407,8.48143761205581
eig@lognormal-poisson,26,120.0,120,0.9411847908049822,1.34686131411568,0.18821774792483623,31.307424669358053
eig@lognormal-poisson,26,180.0,180,1.1330696975928731,1.3433670531035766,0.2047041725473896,44.7689042159722
eig@lognormal-poisson,26,240.0,240,1.323204803513363,1.3103084773459917,0.13861699887231801,69.35073643152846
maxent@lognormal-poisson,26,30.0,30,0.545669988845475,1.6550208868576195,0.3891170445783736,0.8727752596217291
maxent@lognormal-poisson,26,60.0,60,0.5904109157854691,1.650508338753715,0.3844139672513854,0.8727752596217291
maxent@lognormal-poisson,26,120.0,120,0.683506230590865,1.6492784865185282,0.38341314894686557,0.8727752596217291
maxent@lognormal-poisson,26,180.0,180,0.7815963334869593,1.6495871065563532,0.3836174455183778,0.8727752596217291
maxent@lognormal-poisson,26,240.0,240,0.8770953846978955,1.6497408738737385,0.38372021408487705,0.8727752596217291
d-optimality@lognormal-poisson,26,30.0,30,0.0023820988717488945,1.4942607256701252,0.2309918731183757,0.8727752596217291
d-optimality@lognormal-poisson,26,60.0,60,0.004450695880223066,1.435758146844804,0.18083251051611698,0.8727752596217291
d-optimality@lognormal-poisson,26,120.0,120,0.00857167417416349,1.3372774605583253,0.18566357191834534,30.722142949940046
d-optimality@lognormal-poisson,26,180.0,180,0.012723908119369298,1.3217928409922275,0.1829672858326217,35.4043967052841
d-optimality@lognormal-poisson,26,240.0,240,0.016872827894985676,1.3335106313480576,0.1855956201643087,65.25376439560242
neyman@lognormal-poisson,26,30.0,30,0.0020941738039255142,1.4643306896392907,0.24899269952567682,1.7455505192434582
neyman@lognormal-poisson,26,60.0,60,0.004190128471236676,1.38327240322147,0.17757623904865263,1.7455505192434582
neyman@lognormal-poisson,26,120.0,120,0.008388579881284386,1.3538265471164017,0.19017631336603918,7.013085994005515
neyman@lognormal-poisson,26,180.0,180,0.012628048076294363,1.3388616165720968,0.18106898214024786,32.76548164839779
neyman@lognormal-poisson,26,240.0,240,0.016888986923731863,1.297213727065621,0.11595943739349614,32.76548164839779
predictive-variance@lognormal-poisson,26,30.0,1,0.0003633510787039995,1.7135705132070098,0.43706302585753076,47.92520204936903
predictive-variance@lognormal-poisson,26,60.0,2,0.0004420891054905951,1.6430715598304533,0.3868051301050535,47.92520204936903
predictive-variance@lognormal-poisson,26,120.0,3,0.0005176601116545498,1.6125066018999947,0.3743172359714293,47.92520204936903
predictive-variance@lognormal-poisson,26,180.0,5,0.0006642370135523379,1.4088328196811108,0.14592968543021007,47.92520204936903
predictive-variance@lognormal-poisson,26,240.0,6,0.0007410409743897617,1.409286509641371,0.14695493677045618,47.92520204936903
epistemic@lognormal-poisson,26,30.0,1,0.00035840104101225734,1.7135705132070098,0.43706302585753076,47.92520204936903
epistemic@lognormal-poisson,26,60.0,2,0.0004356360877864063,1.6430715598304533,0.3868051301050535,47.92520204936903
epistemic@lognormal-poisson,26,120.0,3,0.0005102260620333254,1.6125066018999947,0.3743172359714293,47.92520204936903
epistemic@lognormal-poisson,26,180.0,5,0.0006563410279341042,1.4088328196811108,0.14592968543021007,47.92520204936903
epistemic@lognormal-poisson,26,240.0,6,0.0007315310067497194,1.3946855604687876,0.13242585206114657,47.92520204936903
thompson@lognormal-poisson,26,30.0,1,0.0001990129821933806,1.7135705132070098,0.43706302585753076,47.92520204936903
thompson@lognormal-poisson,26,60.0,2,0.000341328966896981,1.6830055552765513,0.4260507869273849,82.83621243423819
thompson@lognormal-poisson,26,120.0,3,0.0004775049746967852,1.6125066018999947,0.3743172359714293,82.83621243423819
thompson@lognormal-poisson,26,180.0,5,0.0007480819476768374,1.612252926803284,0.3741588505516871,82.83621243423819
thompson@lognormal-poisson,26,240.0,6,0.000884686887729913,1.6131116202553226,0.3748010103970911,82.83621243423819
eig,27,30.0,30,0.16173041803995147,1.9897115602081745,0.7738453823888221,25.701842246726905
eig,27,60.0,60,0.26497385918628424,2.026334958397229,0.7503704088190035,25.701842246726905
eig,27,120.0,120,0.4625099773402326,1.9850077123655083,0.4359350668581991,25.701842246726905
eig,27,180.0,180,0.6518573110224679,1.9262602321233724,0.38839778469471414,25.701842246726905
eig,27,240.0,240,0.8386707179015502,1.8678177561163407,0.2459280729225507,25.701842246726905
epig,27,30.0,30,1.3879059409955516,1.988073926033956,0.776218889248137,25.701842246726905
epig,27,60.0,60,2.39321297488641,2.003377271882936,0.7525029349980602,25.701842246726905
epig,27,120.0,119,4.274939899099991,1.9923985666055355,0.48012279823461174,25.701842246726905
epig,27,180.0,174,5.893934630206786,1.9067737430890455,0.36330303026363664,25.701842246726905
epig,27,240.0,228,7.582862155279145,1.8640680113981603,0.28045122481187307,25.701842246726905
maxent,27,30.0,30,0.12873516383115202,2.526298295379463,4.211672216793013,385.5276337009035
maxent,27,60.0,60,0.23050728300586343,2.5163043812403783,4.210838179002275,771.0552674018077
maxent,27,120.0,120,0.43042895273538306,2.5147939990929724,4.2108987478832764,1542.1105348036126
maxent,27,180.0,180,0.628208968846593,2.5148746588361575,4.210896264299648,2313.16580220542
maxent,27,240.0,240,0.8259875198709778,2.5153340455153272,4.210869684316777,3084.221069607236
d-optimality,27,30.0,30,0.007239466125611216,1.988073926033956,0.776218889248137,0.0
d-optimality,27,60.0,60,0.012438306119292974,2.018937200068457,0.9222003564499971,0.0
d-optimality,27,120.0,120,0.025084780936595052,1.9867543273521264,0.4298435962755462,0.0
d-optimality,27,180.0,180,0.03739429177949205,1.9058698797690798,0.36703511932284577,0.0
d-optimality,27,240.0,240,0.050216181902214885,1.8645114408981538,0.3006982172340719,0.0
neyman,27,30.0,30,0.010953008313663304,1.989091226412991,0.6889661346844359,28.062136072182753
neyman,27,60.0,60,0.021683072147425264,2.0179096816776956,0.6139311611248708,28.062136072182753
neyman,27,120.0,120,0.04569679842097685,1.932628681720618,0.3488140732909032,28.062136072182753
neyman,27,180.0,180,0.07109632552601397,1.9368482145993637,0.4225180601894508,28.062136072182753
neyman,27,240.0,240,0.09596191230230033,1.8987264318510952,0.4840068972954475,28.062136072182753
predictive-variance,27,30.0,1,0.0023022429668344557,2.5175937877157937,4.210858952959255,514.0368449345381
predictive-variance,27,60.0,2,0.0026728969532996416,2.2040476567079703,1.1007526509600256,514.0368449345381
predictive-variance,27,120.0,3,0.0030439720139838755,2.1335239197604614,0.7939622453885539,514.0368449345381
predictive-variance,27,180.0,5,0.0035566940205171704,2.0578036753498985,0.7710788111603396,514.0368449345381
predictive-variance,27,240.0,6,0.0037026479840278625,1.8571730404924043,0.2522400364485316,514.0368449345381
epistemic,27,30.0,1,0.0022783379536122084,2.5175937877157937,4.210858952959255,514.0368449345381
epistemic,27,60.0,2,0.00265025399858132,2.2040476567079703,1.1007526509600256,514.0368449345381
epistemic,27,120.0,3,0.0030164700001478195,2.1335239197604614,0.7939622453885539,514.0368449345381
epistemic,27,180.0,5,0.00352440302958712,2.0578036753498985,0.7710788111603396,514.0368449345381
epistemic,27,240.0,6,0.003669023048132658,1.8571730404924043,0.2522400364485316,514.0368449345381
thompson,27,30.0,1,0.0011994570377282798,2.2779086274999085,1.101050201575961,0.0
thompson,27,60.0,2,0.002297674072906375,2.290411985643169,1.139281039852566,0.0
thompson,27,120.0,3,0.0034863200853578746,2.291621981839571,1.141835670714375,0.0
thompson,27,180.0,5,0.0055419609998352826,2.2856075519359984,1.121734368466567,0.0
thompson,27,240.0,6,0.006556460983119905,2.2778334845302677,1.0989996078994295,0.0
uniform,27,30.0,3,5.691952537745237e-06,2.5310288364478617,4.2089758735165494,453.8023902191873
uniform,27,60.0,6,8.575967513024807e-06,2.1514039870040853,0.930462345670383,453.8023902191873
uniform,27,120.0,12,1.3255979865789413e-05,2.0235977529757094,0.7548924749175605,453.8023902191873
uniform,27,180.0,18,1.7694896087050438e-05,2.009807189781712,0.5949143959725647,453.8023902191873
uniform,27,240.0,24,2.186500933021307e-05,1.893560544942266,0.3816541474563741,453.8023902191873
random,27,30.0,1,1.5058030840009451e-05,2.520931021560223,4.141341318705687,608.448597952772
random,27,60.0,2,1.806410728022456e-05,2.2073848905523996,0.7943747194475501,608.448597952772
random,27,120.0,7,2.9918039217591286e-05,2.0289565980928157,0.4421389785854554,608.448597952772
random,27,180.0,15,4.79529844596982e-05,1.9268734286656768,0.36573106021734914,608.448597952772
random,27,240.0,26,7.189204916357994e-05,1.8903434078294084,0.33361760234120896,608.448597952772
eig@gamma-poisson,27,30.0,30,0.010776919778436422,2.076298884213428,0.8669383094612696,12.850921123363452
eig@gamma-poisson,27,60.0,60,0.01771883899345994,2.1278143016769886,0.9364523845939016,12.850921123363452
eig@gamma-poisson,27,120.0,120,0.030909611203242093,1.9454306600347675,0.4034620048896909,12.850921123363452
eig@gamma-poisson,27,180.0,180,0.04391665157163516,1.9079441986557866,0.36934436728629294,12.850921123363452
eig@gamma-poisson,27,240.0,240,0.056741448875982314,1.8721755455496079,0.3026673100230938,12.850921123363452
maxent@gamma-poisson,27,30.0,30,0.0080172696034424,2.502749229140622,4.211784314814676,385.5276337009035
maxent@gamma-poisson,27,60.0,60,0.013392226654104888,2.4921495156156213,4.210837874631892,771.0552674018077
maxent@gamma-poisson,27,120.0,120,0.023987057094927877,2.490491013525582,4.210891508006444,1542.1105348036126
maxent@gamma-poisson,27,180.0,180,0.034574582474306226,2.4905403147099054,4.210891483385423,2313.16580220542
maxent@gamma-poisson,27,240.0,240,0.04512508359039202,2.4909876863107034,4.210867035210595,3084.221069607236
d-optimality@gamma-poisson,27,30.0,30,0.00021675473544746637,2.0735583057540086,0.6537163893835938,0.0
d-optimality@gamma-poisson,27,60.0,60,0.0003845327883027494,2.1110925616258873,0.9463356925112419,0.0
d-optimality@gamma-poisson,27,120.0,120,0.0007132640457712114,1.9491123246973654,0.3842235947427441,0.0
d-optimality@gamma-poisson,27,180.0,180,0.001042955438606441,1.9186951059505146,0.38049598072111335,0.0
d-optimality@gamma-poisson,27,240.0,240,0.0013766020420007408,1.878661185554857,0.283725006256611,0.0
neyman@gamma-poisson,27,30.0,30,0.00020641001174226403,1.9993075004119554,0.6851914276638439,28.062136072182753
neyman@gamma-poisson,27,60.0,60,0.00040036096470430493,2.0500011777505525,0.6288029944465701,28.062136072182753
neyman@gamma-poisson,27,120.0,120,0.0007801700849086046,2.003362816058814,0.3997384624661954,28.062136072182753
neyman@gamma-poisson,27,180.0,180,0.0011612889938987792,2.008629266978818,0.4588742625735989,28.062136072182753
neyman@gamma-poisson,27,240.0,240,0.0015402577701024711,1.9400810094570422,0.4802610711791716,28.062136072182753
predictive-variance@gamma-poisson,27,30.0,1,7.814698619768023e-05,2.4936072686773727,4.210874071683559,514.0368449345381
predictive-variance@gamma-poisson,27,60.0,2,8.552102372050285e-05,2.1979165430066794,1.1013273283564944,514.0368449345381
predictive-variance@gamma-poisson,27,120.0,3,9.251403389498591e-05,2.1446411955617326,0.7951084288637285,514.0368449345381
predictive-variance@gamma-poisson,27,180.0,5,0.00010584905976429582,2.0421934354945055,0.7722868630025825,514.0368449345381
predictive-variance@gamma-poisson,27,240.0,6,0.00011244008783251047,1.8596594470665797,0.2550806241534488,514.0368449345381
epistemic@gamma-poisson,27,30.0,1,3.6928977351635695e-05,2.4936072686773727,4.210874071683559,514.0368449345381
epistemic@gamma-poisson,27,60.0,2,4.332204116508365e-05,2.1979165430066794,1.1013273283564944,514.0368449345381
epistemic@gamma-poisson,27,120.0,3,4.924408858641982e-05,2.1446411955617326,0.7951084288637285,514.0368449345381
epistemic@gamma-poisson,27,180.0,5,6.106810178607702e-05,2.0421934354945055,0.7722868630025825,514.0368449345381
epistemic@gamma-poisson,27,240.0,6,6.697012577205896e-05,1.8596594470665797,0.2550806241534488,514.0368449345381
thompson@gamma-poisson,27,30.0,1,2.2400985471904278e-05,2.5273429450107687,4.14140843179918,608.448597952772
thompson@gamma-poisson,27,60.0,2,3.438396379351616e-05,2.231652219340076,0.7954402778243777,608.448597952772
thompson@gamma-poisson,27,120.0,3,4.499393980950117e-05,2.244140404217336,0.8476080844226315,608.448597952772
thompson@gamma-poisson,27,180.0,5,6.554299034178257e-05,2.2421741989094954,0.8364038897376308,608.448597952772
thompson@gamma-poisson,27,240.0,6,7.550098234787583e-05,2.2392312066381623,0.8233833342862426,608.448597952772
epig@gamma-poisson,27,30.0,30,0.10117946506943554,2.076298884213428,0.8669383094612696,12.850921123363452
epig@gamma-poisson,27,60.0,60,0.1856171449762769,2.1191265560502357,0.7866735838403499,12.850921123363452
epig@gamma-poisson,27,120.0,119,0.35961309005506337,1.9515349748300475,0.4071709621704443,12.850921123363452
epig@gamma-poisson,27,180.0,175,0.48905369074782357,1.900980699330048,0.3663377231425752,12.850921123363452
epig@gamma-poisson,27,240.0,227,0.6095395877491683,1.8739993081750017,0.3087583004259885,12.850921123363452
eig@lognormal-poisson,27,30.0,30,1.2373449059086852,1.9896479599431387,0.7666851271320643,25.701842246726905
eig@lognormal-poisson,27,60.0,60,1.3533741221763194,2.0374052728726983,0.7472841665038898,25.701842246726905
eig@lognormal-poisson,27,120.0,120,1.5630305664381012,1.9693930181938828,0.4243715692183115,25.701842246726905
eig@lognormal-poisson,27,180.0,180,1.764358504966367,1.9197839507532686,0.3727407841471159,25.701842246726905
eig@lognormal-poisson,27,240.0,240,1.9607015221845359,1.8667891273889532,0.29791677919916026,25.701842246726905
maxent@lognormal-poisson,27,30.0,30,1.1451399130164646,2.5582094485083915,4.211663312068623,385.5276337009035
maxent@lognormal-poisson,27,60.0,60,1.2065952041302808,2.548257375836989,4.210838249558764,771.0552674018077
maxent@lognormal-poisson,27,120.0,120,1.3284585161018185,2.5463242007185665,4.210942379049281,1542.1105348036126
maxent@lognormal-poisson,27,180.0,180,1.4509876652737148,2.545895636916161,4.211009025150651,2313.16580220542
maxent@lognormal-poisson,27,240.0,240,1.5739541031070985,2.5457913074500165,4.211029634479664,3084.221069607236
d-optimality@lognormal-poisson,27,30.0,30,0.0023678416619077325,2.017198818676607,0.8495653834267738,0.0
d-optimality@lognormal-poisson,27,60.0,60,0.004438331758137792,2.0536614749437,0.9297727055805239,0.0
d-optimality@lognormal-poisson,27,120.0,120,0.008574962674174458,1.9546818929131022,0.41131985282306643,0.0
d-optimality@lognormal-poisson,27,180.0,180,0.012725967564620078,1.9236498420049999,0.38673998417307287,0.0
d-optimality@lognormal-poisson,27,240.0,240,0.01688248454593122,1.8705274913845311,0.3210051093339334,0.0
neyman@lognormal-poisson,27,30.0,30,0.002152019995264709,1.9897394104430939,0.6861284086712404,25.701842246726905
neyman@lognormal-poisson,27,60.0,60,0.0042781023075804114,2.0148531695452783,0.608005902976337,25.701842246726905
neyman@lognormal-poisson,27,120.0,120,0.008539895003195852,1.933990147739362,0.36668634849201936,25.701842246726905
neyman@lognormal-poisson,27,180.0,180,0.012818253017030656,1.9364959778027997,0.38182936593141814,25.701842246726905
neyman@lognormal-poisson,27,240.0,240,0.017135672620497644,1.884583685711851,0.3616494302518049,25.701842246726905
predictive-variance@lognormal-poisson,27,30.0,1,0.0003692519967444241,2.5495577939142904,4.210858627768581,514.0368449345381
predictive-variance@lognormal-poisson,27,60.0,2,0.000448459992185235,2.216273795385693,1.1050892292590977,514.0368449345381
predictive-variance@lognormal-poisson,27,120.0,3,0.0005277579766698182,2.1383377110733846,0.7999864988900734,514.0368449345381
predictive-variance@lognormal-poisson,27,180.0,5,0.0006787009187974036,2.067795436279462,0.7772780045751727,514.0368449345381
predictive-variance@lognormal-poisson,27,240.0,6,0.000755733868572861,1.858571946066512,0.2697362325726555,514.0368449345381
epistemic@lognormal-poisson,27,30.0,1,0.00035572703927755356,2.5495577939142904,4.210858627768581,514.0368449345381
epistemic@lognormal-poisson,27,60.0,2,0.0004353760159574449,2.216273795385693,1.1050892292590977,514.0368449345381
epistemic@lognormal-poisson,27,120.0,3,0.0005168780335225165,2.1383377110733846,0.7999864988900734,514.0368449345381
epistemic@lognormal-poisson,27,180.0,5,0.0006669810973107815,2.067795436279462,0.7772780045751727,514.0368449345381
epistemic@lognormal-poisson,27,240.0,6,0.0007436940795741975,1.858571946066512,0.2697362325726555,514.0368449345381
thompson@lognormal-poisson,27,30.0,1,0.00019899196922779083,2.57036032363802,4.208901843673727,603.3804814619887
thompson@lognormal-poisson,27,60.0,2,0.0003410570207051933,2.4924242393257114,4.1392766183793555,1206.7609629239773
thompson@lognormal-poisson,27,120.0,3,0.0004855479928664863,2.493653359432821,4.139257598143162,1810.141444385966
thompson@lognormal-poisson,27,180.0,5,0.0007577069918625057,2.0939954866677613,0.7891054421870269,2324.178289320504
thompson@lognormal-poisson,27,240.0,6,0.0008978190016932786,2.095329141240349,0.7919641024018005,2324.178289320504
eig,28,30.0,30,0.16430092294467613,2.088197387828361,0.860722216496968,22.540431940246236
eig,28,60.0,60,0.2594817351200618,1.932011191090113,0.6011216281556626,22.540431940246236
eig,28,120.0,120,0.439271220297087,1.8458779809102401,0.5213725947299767,22.540431940246236
eig,28,180.0,180,0.6133955753757618,1.793566939048911,0.3820548054729486,22.540431940246236
eig,28,240.0,240,0.7830638942541555,1.7916259613616299,0.3798620495032006,22.540431940246236
epig,28,30.0,30,1.2157830393407494,2.088197387828361,0.860722216496968,25.065541895031913
epig,28,60.0,60,2.056973354308866,1.903578379803526,0.5391943260818989,25.065541895031913
epig,28,120.0,120,3.6957459316472523,1.848975088560902,0.5022370506449906,25.065541895031913
epig,28,180.0,177,5.242038505966775,1.795880856462615,0.388213716884661,25.065541895031913
epig,28,240.0,233,6.7326913549914025,1.7896142893955318,0.3701048015481556,25.065541895031913
maxent,28,30.0,30,0.12682755815330893,2.1534380716291146,0.7530517042411112,7.018656905882482
maxent,28,60.0,60,0.22999909915961325,2.1522536302262005,0.7497659418642328,7.018656905882482
maxent,28,120.0,120,0.4304512722301297,2.1523618528617146,0.7489670941068169,7.018656905882482
maxent,28,180.0,180,0.6278767501935363,2.15228809124996,0.7485724719101841,7.018656905882482
maxent,28,240.0,240,0.8244191822595894,2.152101640938796,0.7482341303101928,7.018656905882482
d-optimality,28,30.0,30,0.006737110088579357,2.1051441324287397,0.8630731801369068,27.59065184981759
d-optimality,28,60.0,60,0.011141534079797566,1.9555495563194414,0.6536599054654378,27.59065184981759
d-optimality,28,120.0,120,0.020612081920262426,1.829343378597392,0.46477373579914927,27.59065184981759
d-optimality,28,180.0,180,0.03059242485323921,1.806206962943788,0.41531354240862256,27.59065184981759
d-optimality,28,240.0,240,0.040030292875599116,1.8002601732415318,0.4066230285882771,27.59065184981759
neyman,28,30.0,30,0.010281996976118535,2.1301548542951916,0.8881828324766579,32.82642941221379
neyman,28,60.0,60,0.01975711394334212,1.9445113564629155,0.6001890406366468,32.82642941221379
neyman,28,120.0,120,0.03942406160058454,1.840934548843779,0.40750973375675303,32.82642941221379
neyman,28,180.0,180,0.059510145569220185,1.796685257198708,0.3410817873499885,32.82642941221379
neyman,28,240.0,240,0.08118989859940484,1.801268672536233,0.3839867670784715,32.82642941221379
predictive-variance,28,30.0,1,0.002313854987733066,2.2193913780104837,0.9073604995563499,93.58209207843309
predictive-variance,28,60.0,2,0.0024587049847468734,2.116367901343446,0.7486904916143329,93.58209207843309
predictive-variance,28,120.0,3,0.002833036007359624,2.04840911839748,0.7633444444528207,93.58209207843309
predictive-variance,28,180.0,5,0.0033534200047142804,2.0044958143147413,0.6669052512443613,93.58209207843309
predictive-variance,28,240.0,6,0.003496218007057905,1.9242847155252554,0.5690954746849616,93.58209207843309
epistemic,28,30.0,1,0.0023056690115481615,2.2193913780104837,0.9073604995563499,93.58209207843309
epistemic,28,60.0,2,0.0024535360280424356,2.116367901343446,0.7486904916143329,93.58209207843309
epistemic,28,120.0,3,0.0028236990328878164,2.04840911839748,0.7633444444528207,93.58209207843309
epistemic,28,180.0,5,0.003336689027491957,2.0044958143147413,0.6669052512443613,93.58209207843309
epistemic,28,240.0,6,0.003480097046121955,1.9242847155252554,0.5690954746849616,93.58209207843309
thompson,28,30.0,1,0.0011756729800254107,2.2451323268876653,1.1112975289103362,93.58209207843309
thompson,28,60.0,2,0.0022307990002445877,2.1421088502206276,0.9860104329269453,93.58209207843309
thompson,28,120.0,3,0.00318040803540498,2.13777997959768,0.9808467074243116,93.58209207843309
thompson,28,180.0,5,0.005273819027934223,2.1364839822425323,0.9792328460298501,93.58209207843309
thompson,28,240.0,6,0.006237133056856692,2.044273122615919,0.8664767069003898,93.58209207843309
uniform,28,30.0,3,5.651090759783983e-06,2.1579022242908343,1.0526321589321896,0.0
uniform,28,60.0,6,8.686154615134e-06,2.1339465073602177,0.9951899304874554,0.0
uniform,28,120.0,12,1.2832169886678457e-05,1.8755924390962002,0.5587178829727076,0.0
uniform,28,180.0,18,1.685810275375843e-05,1.8388255496804466,0.5086718042707136,0.0
uniform,28,240.0,24,2.108712214976549e-05,1.7913060854697649,0.38872248070391885,0.0
random,28,30.0,3,1.9225000869482756e-05,2.161507129600735,1.0393614885437918,0.0
random,28,60.0,7,2.8712034691125154e-05,2.1038060940245855,1.1273581253421925,0.0
random,28,120.0,12,4.095694748684764e-05,2.0549102683937748,1.0884863003601088,0.0
random,28,180.0,16,5.000300006940961e-05,2.0492085273827283,1.0807351383918424,0.0
random,28,240.0,27,7.21719698049128e-05,2.0163929868760486,0.7554885617502258,0.0
eig@gamma-poisson,28,30.0,30,0.010542540054302663,1.9803603096448337,0.7307730877383121,27.59065184981759
eig@gamma-poisson,28,60.0,60,0.01731858978746459,1.9925336648285326,0.6943272466342053,27.59065184981759
eig@gamma-poisson,28,120.0,120,0.030310634698253125,1.8488243612996167,0.5066560517057118,27.59065184981759
eig@gamma-poisson,28,180.0,180,0.04303622344741598,1.7919092048919845,0.3871613367413453,27.59065184981759
eig@gamma-poisson,28,240.0,240,0.05555286991875619,1.8029080533352346,0.4162041054266928,27.59065184981759
maxent@gamma-poisson,28,30.0,30,0.008069646370131522,2.1678024543407672,0.7752591237181374,7.018656905882482
maxent@gamma-poisson,28,60.0,60,0.013420792471151799,2.1664016582654195,0.7717899166777675,7.018656905882482
maxent@gamma-poisson,28,120.0,120,0.024002034566365182,2.1664445844241698,0.7709406957601178,7.018656905882482
maxent@gamma-poisson,28,180.0,180,0.03449046233436093,2.1663514940876776,0.7705365749818673,7.018656905882482
maxent@gamma-poisson,28,240.0,240,0.04498945741215721,2.166141739026035,0.7701832523675998,7.018656905882482
d-optimality@gamma-poisson,28,30.0,30,0.00020856049377471209,1.9892877499463422,0.7354609979689307,35.16598171417462
d-optimality@gamma-poisson,28,60.0,60,0.0003687796415761113,1.9644345432710582,0.6919119656441193,35.16598171417462
d-optimality@gamma-poisson,28,120.0,120,0.000680759665556252,1.8546048515597897,0.5206892294511697,35.16598171417462
d-optimality@gamma-poisson,28,180.0,180,0.0009918126743286848,1.8096152507763472,0.42793957186557186,35.16598171417462
d-optimality@gamma-poisson,28,240.0,240,0.0013031463604420424,1.8014851835558439,0.40916963903386017,35.16598171417462
neyman@gamma-poisson,28,30.0,30,0.0002098390832543373,2.167203631283347,0.9219138150755436,31.563874434820953
neyman@gamma-poisson,28,60.0,60,0.00040514813736081123,1.9420495601331906,0.5603701604175403,31.563874434820953
neyman@gamma-poisson,28,120.0,120,0.000788272765930742,1.8792905676163054,0.4301380758493918,31.563874434820953
neyman@gamma-poisson,28,180.0,180,0.001170263858512044,1.7961326171908027,0.33838932721311693,31.563874434820953
neyman@gamma-poisson,28,240.0,240,0.001552277710288763,1.8012831322014884,0.38196694152228944,31.563874434820953
predictive-variance@gamma-poisson,28,30.0,1,4.937296034768224e-05,2.236896171650827,0.9072515732140377,93.58209207843309
predictive-variance@gamma-poisson,28,60.0,2,5.641701864078641e-05,2.1434248934153857,0.7489062651380585,93.58209207843309
predictive-variance@gamma-poisson,28,120.0,3,6.316002691164613e-05,2.060017919300977,0.7647866202838061,93.58209207843309
predictive-variance@gamma-poisson,28,180.0,5,7.56049994379282e-05,1.9958832718384591,0.6689318086056641,93.58209207843309
predictive-variance@gamma-poisson,28,240.0,6,8.135597454383969e-05,1.9189045375962082,0.569891653973788,93.58209207843309
epistemic@gamma-poisson,28,30.0,1,3.6367971915751696e-05,2.236896171650827,0.9072515732140377,93.58209207843309
epistemic@gamma-poisson,28,60.0,2,4.227994941174984e-05,2.1434248934153857,0.7489062651380585,93.58209207843309
epistemic@gamma-poisson,28,120.0,3,4.819995956495404e-05,2.060017919300977,0.7647866202838061,93.58209207843309
epistemic@gamma-poisson,28,180.0,5,5.9411919210106134e-05,1.9958832718384591,0.6689318086056641,93.58209207843309
epistemic@gamma-poisson,28,240.0,6,6.483192555606365e-05,1.9189045375962082,0.569891653973788,93.58209207843309
thompson@gamma-poisson,28,30.0,1,2.763204975053668e-05,2.1930724464224745,1.1705005179611705,50.5021990957135
thompson@gamma-poisson,28,60.0,2,4.016509046778083e-05,2.1526189903341293,1.1221657663512439,101.004398191427
thompson@gamma-poisson,28,120.0,3,5.078414687886834e-05,2.0756402560918783,1.0660969655126167,151.5065972871405
thompson@gamma-poisson,28,180.0,5,7.177219958975911e-05,1.942585728970381,0.5927814537356646,202.008796382854
thompson@gamma-poisson,28,240.0,6,8.162116864696145e-05,1.938062897439656,0.5838267731217818,202.008796382854
epig@gamma-poisson,28,30.0,30,0.10165638907346874,2.0009264540217133,0.7400941949729818,31.378316781996105
epig@gamma-poisson,28,60.0,60,0.1739044765708968,1.982576576977915,0.6703475971957992,31.378316781996105
epig@gamma-poisson,28,120.0,120,0.317113644676283,1.8449680127761738,0.49599167508567027,31.378316781996105
epig@gamma-poisson,28,180.0,179,0.4569698808481917,1.8053468972196596,0.4042646789491026,31.378316781996105
epig@gamma-poisson,28,240.0,237,0.5939675438567065,1.7917897720808524,0.3851884490253382,31.378316781996105
eig@lognormal-poisson,28,30.0,30,1.2569116445374675,2.083580378290374,0.8398979119377459,22.540431940246236
eig@lognormal-poisson,28,60.0,60,1.3647206294117495,1.9491400796328782,0.6190039928325416,22.540431940246236
eig@lognormal-poisson,28,120.0,120,1.5678051694994792,1.8345564340313718,0.47223051115809095,22.540431940246236
eig@lognormal-poisson,28,180.0,180,1.76441251632059,1.7946952349409093,0.38501873312833335,22.540431940246236
eig@lognormal-poisson,28,240.0,240,1.9538399542798288,1.7991731422691457,0.3773335037620816,22.540431940246236
maxent@lognormal-poisson,28,30.0,30,1.1675829711603,2.1675800067440956,0.807372977430799,4.679104603921655
maxent@lognormal-poisson,28,60.0,60,1.2309982281294651,2.166171455012171,0.8042119107989377,4.679104603921655
maxent@lognormal-poisson,28,120.0,120,1.3569612410501577,2.1657087064558502,0.8029583390898662,4.679104603921655
maxent@lognormal-poisson,28,180.0,180,1.4806009509484284,2.165978946264591,0.8026151585540618,4.679104603921655
maxent@lognormal-poisson,28,240.0,240,1.6031354031292722,2.1664201482723366,0.8026857940930832,4.679104603921655
d-optimality@lognormal-poisson,28,30.0,30,0.0023899225634522736,2.101962315359993,0.84947281461177,23.802986917639075
d-optimality@lognormal-poisson,28,60.0,60,0.0044825514778494835,1.9505922245405507,0.6475935427918138,23.802986917639075
d-optimality@lognormal-poisson,28,120.0,120,0.008675843826495111,1.8326314615523953,0.4650913069260929,23.802986917639075
d-optimality@lognormal-poisson,28,180.0,180,0.012892141647171229,1.8038439174219947,0.4141360272958493,23.802986917639075
d-optimality@lognormal-poisson,28,240.0,240,0.01708432158920914,1.8048029860911166,0.40636938689939717,23.802986917639075
neyman@lognormal-poisson,28,30.0,30,0.0021564927883446217,2.1337624818422936,0.8813373898161422,32.82642941221379
neyman@lognormal-poisson,28,60.0,60,0.004320335981901735,1.9511753113185721,0.6026455763839014,32.82642941221379
neyman@lognormal-poisson,28,120.0,120,0.008659111277665943,1.858348936814333,0.43573871394524555,32.82642941221379
neyman@lognormal-poisson,28,180.0,180,0.012974780227523297,1.7963451965380879,0.3418342919022468,32.82642941221379
neyman@lognormal-poisson,28,240.0,240,0.017305499699432403,1.8037662403132302,0.3860111630528267,32.82642941221379
predictive-variance@lognormal-poisson,28,30.0,1,0.00036975304828956723,2.2048359382477565,0.9075453281352311,93.58209207843309
predictive-variance@lognormal-poisson,28,60.0,2,0.00044740905286744237,2.1055481171240573,0.7485702165783217,93.58209207843309
predictive-variance@lognormal-poisson,28,120.0,3,0.0005263460334390402,2.046915144890562,0.7629835039135647,93.58209207843309
predictive-variance@lognormal-poisson,28,180.0,5,0.0006754660862497985,2.002397016016659,0.6667093461448443,93.58209207843309
predictive-variance@lognormal-poisson,28,240.0,6,0.0007522800588048995,1.9256585047386443,0.569644015288435,93.58209207843309
epistemic@lognormal-poisson,28,30.0,1,0.0003599239862523973,2.2048359382477565,0.9075453281352311,93.58209207843309
epistemic@lognormal-poisson,28,60.0,2,0.00043690798338502645,2.1055481171240573,0.7485702165783217,93.58209207843309
epistemic@lognormal-poisson,28,120.0,3,0.00051489396719262,2.046915144890562,0.7629835039135647,93.58209207843309
epistemic@lognormal-poisson,28,180.0,5,0.0006627308903262019,2.002397016016659,0.6667093461448443,93.58209207843309
epistemic@lognormal-poisson,28,240.0,6,0.0007369198719970882,1.9256585047386443,0.569644015288435,93.58209207843309
thompson@lognormal-poisson,28,30.0,1,0.00019770098151639104,2.2048359382477565,0.9075453281352311,93.58209207843309
thompson@lognormal-poisson,28,60.0,2,0.0003397159744054079,2.175226708757102,0.8442508188149617,187.16418415686618
thompson@lognormal-poisson,28,120.0,3,0.0004777539288625121,2.1165937365236065,0.8570565344047257,237.6663832525797
thompson@lognormal-poisson,28,180.0,5,0.000747258891351521,2.018885139064866,0.7194947620636816,338.67078144400665
thompson@lognormal-poisson,28,240.0,6,0.0008832839084789157,1.919597317941167,0.5043724409254582,338.67078144400665
eig,29,30.0,30,0.16446038318099454,1.8623490406679393,0.5778043817617303,8.38487463417486
eig,29,60.0,60,0.2605506276595406,1.723092787704337,0.35403127375000293,8.38487463417486
eig,29,120.0,120,0.44857748184585944,1.6392329414210562,0.24254241044011518,8.38487463417486
eig,29,180.0,180,0.632914534653537,1.609075921322144,0.207129262205592,8.38487463417486
eig,29,240.0,240,0.8094826665474102,1.5982825518941848,0.1973200752769494,8.38487463417486
epig,29,30.0,30,1.201399294193834,1.8649037856036381,0.559984650440353,8.38487463417486
epig,29,60.0,60,2.0216935001662932,1.6998596078471346,0.321076250260596,8.38487463417486
epig,29,120.0,119,3.6799034039722756,1.636053371028779,0.2375336902147962,8.38487463417486
epig,29,180.0,176,5.219809100555722,1.6157527762391017,0.2241246706613463,8.38487463417486
epig,29,240.0,232,6.7036328734247945,1.6069383883698858,0.2190826218533968,8.38487463417486
maxent,29,30.0,30,0.12532737629953772,2.0991756125290038,1.113356963555909,38.714868796903275
maxent,29,60.0,60,0.22503367468016222,2.097516582306173,1.1116019118039666,74.65004580050977
maxent,29,120.0,120,0.42312089569168165,2.0966775143090493,1.1116124154559408,146.52039980772278
maxent,29,180.0,180,0.6183004144113511,2.0969001186965475,1.111461264354598,218.39075381493578
maxent,29,240.0,240,0.8135458634933457,2.096978207392384,1.1114882175209921,290.2611078221496
d-optimality,29,30.0,30,0.006568598677404225,1.872764935231196,0.5678200755410999,8.38487463417486
d-optimality,29,60.0,60,0.01084230374544859,1.7118770385933775,0.35145759916898256,8.38487463417486
d-optimality,29,120.0,120,0.0205284227267839,1.6544719205540346,0.2888578445968396,8.38487463417486
d-optimality,29,180.0,180,0.03145929839229211,1.6075733270860801,0.2111265169128642,8.38487463417486
d-optimality,29,240.0,240,0.04303106525912881,1.608446602503828,0.2264765926168333,8.38487463417486
neyman,29,30.0,30,0.010225651145447046,1.8669907274938609,0.5223479908550152,25.8768513010193
neyman,29,60.0,60,0.019526968244463205,1.7370581014529574,0.38561376785619716,25.8768513010193
neyman,29,120.0,120,0.0397013413021341,1.650672321003175,0.2425956110191995,25.8768513010193
neyman,29,180.0,180,0.06276722537586465,1.6317039456944975,0.23427487882905082,25.8768513010193
neyman,29,240.0,240,0.08545075438451022,1.6063007684648385,0.17425676784163316,25.8768513010193
predictive-variance,29,30.0,1,0.0023223410244099796,2.0712552754309725,1.3151578433496358,47.913569338142054
predictive-variance,29,60.0,2,0.0026935759815387428,2.042660690171704,1.1900722475749903,95.82713867628411
predictive-variance,29,120.0,3,0.002840139961335808,1.87018996806452,0.9128890888751209,95.82713867628411
predictive-variance,29,180.0,5,0.0033524499158374965,1.713754000837932,0.3041748084783551,95.82713867628411
predictive-variance,29,240.0,6,0.0034940859768539667,1.6866194799372083,0.21901321697562723,95.82713867628411
epistemic,29,30.0,1,0.002293456986080855,2.0712552754309725,1.3151578433496358,47.913569338142054
epistemic,29,60.0,2,0.002666825952474028,2.042660690171704,1.1900722475749903,95.82713867628411
epistemic,29,120.0,3,0.002810855978168547,1.87018996806452,0.9128890888751209,95.82713867628411
epistemic,29,180.0,5,0.0033247279934585094,1.713754000837932,0.3041748084783551,95.82713867628411
epistemic,29,240.0,6,0.003466673952061683,1.6866194799372083,0.21901321697562723,95.82713867628411
thompson,29,30.0,1,0.0012138939928263426,2.066139715048894,1.0068495537191275,133.94817374304932
thompson,29,60.0,2,0.0021775789791718125,2.0375451297896254,0.8368857899071597,256.0302945832363
thompson,29,120.0,3,0.0032841419451870024,1.8650744076824421,0.3427424098176214,256.0302945832363
thompson,29,180.0,5,0.00510819791816175,1.8124496211182326,0.3317869772182541,256.0302945832363
thompson,29,240.0,6,0.006045693880878389,1.785315100217509,0.25598256454062535,256.0302945832363
uniform,29,30.0,3,6.493006367236376e-06,2.1387031787053794,1.3087378926608164,100.461130307287
uniform,29,60.0,6,9.928946383297443e-06,1.9170474610146118,0.9933774851046515,136.39630731089352
uniform,29,120.0,12,1.4761928468942642e-05,1.654993545015716,0.29778036012725834,136.39630731089352
uniform,29,180.0,18,1.9389961380511522e-05,1.628965628644857,0.25599112380778866,136.39630731089352
uniform,29,240.0,24,2.3606931790709496e-05,1.5958923175796071,0.19858879894026193,136.39630731089352
random,29,30.0,4,2.5215966161340475e-05,2.006426315500874,0.8964487270016469,58.817430220991966
random,29,60.0,9,3.730697790160775e-05,2.013931270523829,0.9202095425523572,88.76341105733076
random,29,120.0,16,5.3155876230448484e-05,1.9662670349755873,0.8877217639165278,169.0186396987187
random,29,180.0,19,6.068998482078314e-05,1.7823372916354303,0.451946978770496,169.0186396987187
random,29,240.0,33,8.847506251186132e-05,1.7479758629206852,0.362346862263604,169.0186396987187
eig@gamma-poisson,29,30.0,30,0.010954912926536053,1.841189905360534,0.49804128543866,11.978392334535515
eig@gamma-poisson,29,60.0,60,0.017791763646528125,1.7204063624479808,0.3369244779143577,11.978392334535515
eig@gamma-poisson,29,120.0,120,0.0308924755663611,1.6306216362621713,0.24114693573901372,11.978392334535515
eig@gamma-poisson,29,180.0,180,0.04364997742231935,1.599573522422107,0.2060497061897087,11.978392334535515
eig@gamma-poisson,29,240.0,240,0.05631229927530512,1.6218420512724088,0.21935483974273395,11.978392334535515
maxent@gamma-poisson,29,30.0,30,0.008235431159846485,2.169886181292123,1.1814893745027821,38.714868796903275
maxent@gamma-poisson,29,60.0,60,0.013604355975985527,2.1686830093824767,1.180170695487413,74.65004580050977
maxent@gamma-poisson,29,120.0,120,0.02432253141887486,2.167720073648171,1.1801124470678057,146.52039980772278
maxent@gamma-poisson,29,180.0,180,0.03494711784878746,2.1679784330292535,1.1799975163859644,218.39075381493578
maxent@gamma-poisson,29,240.0,240,0.04556992294965312,2.168052956223157,1.1800230882441032,290.2611078221496
d-optimality@gamma-poisson,29,30.0,30,0.00021399185061454773,1.841189905360534,0.49804128543866,13.176231567989067
d-optimality@gamma-poisson,29,60.0,60,0.00037976488238200545,1.7346609933343295,0.36780435326025657,13.176231567989067
d-optimality@gamma-poisson,29,120.0,120,0.0007046679384075105,1.63737152441631,0.25230002234241145,13.176231567989067
d-optimality@gamma-poisson,29,180.0,180,0.0010274066589772701,1.6074290385298227,0.2445108078752782,13.176231567989067
d-optimality@gamma-poisson,29,240.0,240,0.0013515471364371479,1.6155610819187194,0.16221561545464813,13.176231567989067
neyman@gamma-poisson,29,30.0,30,0.0002080440171994269,1.9556315018806645,0.5972176445142805,27.07469053447285
neyman@gamma-poisson,29,60.0,60,0.00040208676364272833,1.7759963766318776,0.4304034179950925,27.07469053447285
neyman@gamma-poisson,29,120.0,120,0.0007846549851819873,1.6527162454728572,0.2423858921539825,27.07469053447285
neyman@gamma-poisson,29,180.0,180,0.0011635937844403088,1.6205922755246673,0.20008430050935436,27.07469053447285
neyman@gamma-poisson,29,240.0,240,0.0015445876051671803,1.6052406459346615,0.17345931772328307,27.07469053447285
predictive-variance@gamma-poisson,29,30.0,1,4.393194103613496e-05,2.104548082308917,1.315061151751972,47.913569338142054
predictive-variance@gamma-poisson,29,60.0,2,5.1235954742878675e-05,2.0497165502503263,1.19006902071455,95.82713867628411
predictive-variance@gamma-poisson,29,120.0,3,5.756696918979287e-05,1.8918207567688592,0.9128012774370716,95.82713867628411
predictive-variance@gamma-poisson,29,180.0,5,6.975798169150949e-05,1.7247842186064268,0.30138190975880436,95.82713867628411
predictive-variance@gamma-poisson,29,240.0,6,7.52289779484272e-05,1.684439797524428,0.21671201230372775,95.82713867628411
epistemic@gamma-poisson,29,30.0,1,3.5725999623537064e-05,2.104548082308917,1.315061151751972,47.913569338142054
epistemic@gamma-poisson,29,60.0,2,4.200800321996212e-05,2.0497165502503263,1.19006902071455,95.82713867628411
epistemic@gamma-poisson,29,120.0,3,4.802999319508672e-05,1.8918207567688592,0.9128012774370716,95.82713867628411
epistemic@gamma-poisson,29,180.0,5,5.922099808230996e-05,1.7247842186064268,0.30138190975880436,95.82713867628411
epistemic@gamma-poisson,29,240.0,6,6.430101348087192e-05,1.684439797524428,0.21671201230372775,95.82713867628411
thompson@gamma-poisson,29,30.0,1,2.7030997443944216e-05,2.186331317815211,1.3052704570199778,133.94817374304932
thompson@gamma-poisson,29,60.0,2,3.8782949559390545e-05,2.064203661226918,1.2982753458315726,181.86174308119138
thompson@gamma-poisson,29,120.0,3,5.045492434874177e-05,2.0093721291683275,1.1714936255956987,229.77531241933343
thompson@gamma-poisson,29,180.0,5,7.149390876293182e-05,1.9197459230149991,0.7973985424521178,325.60245109561754
thompson@gamma-poisson,29,240.0,6,8.14428785815835e-05,1.9197190877533628,0.7978243233967252,373.5160204337596
epig@gamma-poisson,29,30.0,30,0.10141258017392829,1.841189905360534,0.49804128543866,14.374070801442619
epig@gamma-poisson,29,60.0,60,0.17311727424385026,1.7280151211751615,0.36996212962723074,14.374070801442619
epig@gamma-poisson,29,120.0,120,0.31509174802340567,1.630085454616318,0.2328803583048078,14.374070801442619
epig@gamma-poisson,29,180.0,180,0.45628179848426953,1.6017951944276996,0.2103259472602466,14.374070801442619
epig@gamma-poisson,29,240.0,234,0.5831899324548431,1.6005360754712037,0.1888915170897709,14.374070801442619
eig@lognormal-poisson,29,30.0,30,1.8917299258173443,1.8405738079890293,0.532490088206264,8.38487463417486
eig@lognormal-poisson,29,60.0,60,1.998050722759217,1.704006605427761,0.31915546167383585,8.38487463417486
eig@lognormal-poisson,29,120.0,120,2.202171100943815,1.6400254422412104,0.23656091871316287,8.38487463417486
eig@lognormal-poisson,29,180.0,180,2.4003649229416624,1.6077155265963095,0.1880372058618825,8.38487463417486
eig@lognormal-poisson,29,240.0,240,2.5945381210767664,1.600655543831538,0.19331938012161376,8.38487463417486
maxent@lognormal-poisson,29,30.0,30,1.7886890239897184,2.0896214660260783,1.118979138605533,38.714868796903275
maxent@lognormal-poisson,29,60.0,60,1.847676322213374,2.0880336919694575,1.1172932577251207,74.65004580050977
maxent@lognormal-poisson,29,120.0,120,1.967203415115364,2.087308342167488,1.117163911509943,146.52039980772278
maxent@lognormal-poisson,29,180.0,180,2.0876406084862538,2.0880542272939846,1.1173850946421562,218.39075381493578
maxent@lognormal-poisson,29,240.0,240,2.207745597581379,2.0881865032313978,1.117456675737597,290.2611078221496
d-optimality@lognormal-poisson,29,30.0,30,0.0023735369904898107,1.8687941292634107,0.5693279864395708,7.187035400721308
d-optimality@lognormal-poisson,29,60.0,60,0.004470512678381056,1.7070443090839806,0.332687251585207,7.187035400721308
d-optimality@lognormal-poisson,29,120.0,120,0.008604113012552261,1.649416641181672,0.2734323840571417,7.187035400721308
d-optimality@lognormal-poisson,29,180.0,180,0.012731268361676484,1.6102809680829322,0.21017217963774265,7.187035400721308
d-optimality@lognormal-poisson,29,240.0,240,0.016872822248842567,1.6087157852783287,0.22980075198294278,7.187035400721308
neyman@lognormal-poisson,29,30.0,30,0.00213353504659608,1.8586700954643047,0.519108509473052,25.8768513010193
neyman@lognormal-poisson,29,60.0,60,0.004266080970410258,1.7396782489218536,0.3886028204298908,25.8768513010193
neyman@lognormal-poisson,29,120.0,120,0.008552326413337141,1.6555713038492534,0.24649772146225662,25.8768513010193
neyman@lognormal-poisson,29,180.0,180,0.012802280369214714,1.6354993341630137,0.23624937761678655,25.8768513010193
neyman@lognormal-poisson,29,240.0,240,0.017079749319236726,1.607179323272842,0.173793173949109,25.8768513010193
predictive-variance@lognormal-poisson,29,30.0,1,0.0003709349548444152,2.060781164341932,1.3151409369783191,47.913569338142054
predictive-variance@lognormal-poisson,29,60.0,2,0.00045451096957549453,2.031289966704097,1.190144615706887,95.82713867628411
predictive-variance@lognormal-poisson,29,120.0,3,0.0005316960159689188,1.8627478101735688,0.9130927743238216,95.82713867628411
predictive-variance@lognormal-poisson,29,180.0,5,0.0006824980373494327,1.7119525783850322,0.30434421999612965,95.82713867628411
predictive-variance@lognormal-poisson,29,240.0,6,0.000758600072003901,1.6849555726816856,0.21969565071472022,95.82713867628411
epistemic@lognormal-poisson,29,30.0,1,0.0003576099989004433,2.060781164341932,1.3151409369783191,47.913569338142054
epistemic@lognormal-poisson,29,60.0,2,0.000435905996710062,2.031289966704097,1.190144615706887,95.82713867628411
epistemic@lognormal-poisson,29,120.0,3,0.0005125199677422643,1.8627478101735688,0.9130927743238216,95.82713867628411
epistemic@lognormal-poisson,29,180.0,5,0.0006597360479645431,1.7119525783850322,0.30434421999612965,95.82713867628411
epistemic@lognormal-poisson,29,240.0,6,0.0007319510914385319,1.6849555726816856,0.21969565071472022,95.82713867628411
thompson@lognormal-poisson,29,30.0,1,0.0002074480289593339,2.060781164341932,1.3151409369783191,47.913569338142054
thompson@lognormal-poisson,29,60.0,2,0.0003559360047802329,1.9519786642588606,0.9977237085824752,95.82713867628411
thompson@lognormal-poisson,29,120.0,3,0.0004966499982401729,1.9514962178968183,0.9971302307540061,143.74070801442616
thompson@lognormal-poisson,29,180.0,5,0.0007665260345675051,1.8950080145556367,0.797971173640584,239.56784669071027
thompson@lognormal-poisson,29,240.0,6,0.0009023510501720011,1.8949531842128637,0.7982493524919082,287.4814160288523
eig,30,30.0,30,0.15538232220569625,2.000478251028349,0.565974118845698,0.0
eig,30,60.0,60,0.254120972706005,2.0082266833879783,0.5734236134933419,0.0
eig,30,120.0,120,0.4334647732321173,1.980350015211056,0.38910216161372163,0.0
eig,30,180.0,180,0.6009706280310638,1.7493787984311666,0.41358184630855466,0.0
eig,30,240.0,240,0.7642555362544954,1.7356160987528904,0.3169955393530003,0.0
epig,30,30.0,30,1.274448789015878,1.9878525534077738,0.5482320546387356,0.0
epig,30,60.0,60,2.1585073738824576,2.046235129595033,0.609915014801769,0.0
epig,30,120.0,120,3.8266873204847798,2.0215246940373643,0.405211372498868,0.0
epig,30,180.0,180,5.4026632872992195,1.701290904588831,0.280142490546207,0.0
epig,30,240.0,234,6.894385351391975,1.7124687542242139,0.23792010716367357,0.0
maxent,30,30.0,30,0.1291928497957997,2.1618576208080325,0.6103469873759971,23.493309738659615
maxent,30,60.0,60,0.22913031361531466,2.161959840615409,0.563957837872631,23.493309738659615
maxent,30,120.0,120,0.4243567268131301,2.158842716469797,0.5567150655212625,23.493309738659615
maxent,30,180.0,180,0.6172715481952764,2.1585985462071906,0.566731918308428,23.493309738659615
maxent,30,240.0,240,0.8113958084722981,2.1587288777882128,0.5569662053071155,23.493309738659615
d-optimality,30,30.0,30,0.006855612329673022,2.0404384945303353,0.5944188388056683,0.0
d-optimality,30,60.0,60,0.01210045034531504,2.0674862112904355,0.5100094094238914,0.0
d-optimality,30,120.0,120,0.022304976999294013,1.8794381710570873,0.400659043509629,0.0
d-optimality,30,180.0,180,0.03197643149178475,1.7264556473127206,0.33269650992981253,0.0
d-optimality,30,240.0,240,0.042657820507884026,1.7377252625006694,0.28643606478380457,0.0
neyman,30,30.0,30,0.011025310726836324,2.052220553360581,0.6142821133233176,0.0
neyman,30,60.0,60,0.022142671165056527,2.0139996297020417,0.43302670254041603,0.0
neyman,30,120.0,120,0.04360979300690815,2.008155996722868,0.2932318776877078,0.0
neyman,30,180.0,180,0.0662693299818784,2.025463720412584,0.2992267038908633,0.0
neyman,30,240.0,240,0.08874828671105206,1.859509537794614,0.22993119440698553,0.0
predictive-variance,30,30.0,1,0.0023965390282683074,2.2667259834506437,0.9053595272978519,0.0
predictive-variance,30,60.0,2,0.0027656610473059118,2.157500362236618,0.6524729120532936,0.0
predictive-variance,30,120.0,3,0.002908738038968295,2.079317790639903,0.49971186327299905,0.0
predictive-variance,30,180.0,5,0.0032063660910353065,2.0060631004843312,0.39564411294816926,0.0
predictive-variance,30,240.0,6,0.0033508471096865833,1.9627055385789713,0.35069307218040513,0.0
epistemic,30,30.0,1,0.0023212789674289525,2.2667259834506437,0.9053595272978519,0.0
epistemic,30,60.0,2,0.0026891669258475304,2.157500362236618,0.6524729120532936,0.0
epistemic,30,120.0,3,0.002834790968336165,2.079317790639903,0.49971186327299905,0.0
epistemic,30,180.0,5,0.003121156943961978,2.0060631004843312,0.39564411294816926,0.0
epistemic,30,240.0,6,0.0032647668849676847,1.9627055385789713,0.35069307218040513,0.0
thompson,30,30.0,1,0.0012716230121441185,2.419004567257271,3.2488466504794657,469.8661947731923
thompson,30,60.0,2,0.002323622989933938,2.3900994409436813,3.2495738138366583,1001.112570112386
thompson,30,120.0,3,0.003312764980364591,2.311916869346966,3.222378161685154,1532.3589454515798
thompson,30,180.0,5,0.00530073803383857,2.1698868622102516,3.196524050264038,2594.8516961299674
thompson,30,240.0,6,0.006262830051127821,1.9083826571895977,0.2974598234183408,2594.8516961299674
uniform,30,30.0,3,5.822046659886837e-06,2.4645644261751105,3.29324635982332,409.8129460098688
uniform,30,60.0,6,8.446979336440563e-06,2.396951652026318,3.2834248234856918,819.6258920197375
uniform,30,120.0,12,1.2705160770565271e-05,1.9211607309103362,0.48054169015500253,1054.5589894063337
uniform,30,180.0,18,1.6723177395761013e-05,1.788414702801754,0.4499474741823717,1054.5589894063337
uniform,30,240.0,24,2.059323014691472e-05,1.749410629138956,0.3426221807789403,1054.5589894063337
random,30,30.0,4,2.2709951736032963e-05,2.315317730828746,3.303644541663712,595.8228823999854
random,30,60.0,5,2.5475979782640934e-05,2.31882329178407,3.303657905620525,861.4460700695822
random,30,120.0,9,3.4770811907947063e-05,2.03580951204943,0.9299526169249271,861.4460700695822
random,30,180.0,13,4.470883868634701e-05,1.9267545451849974,0.8001395611915268,861.4460700695822
random,30,240.0,25,7.035682210698724e-05,1.8399719192269084,0.7229597824408196,861.4460700695822
eig@gamma-poisson,30,30.0,30,0.010527445294428617,1.948829783233361,0.5269859742977734,0.0
eig@gamma-poisson,30,60.0,60,0.017269785224925727,1.974871163649259,0.5463701784655138,0.0
eig@gamma-poisson,30,120.0,120,0.030282589315902442,1.9759560525063868,0.43407893807335324,0.0
eig@gamma-poisson,30,180.0,180,0.04301722999662161,1.7253360731703993,0.3604225193203718,0.0
eig@gamma-poisson,30,240.0,240,0.055648703943006694,1.6932242512590907,0.36279384067988885,0.0
maxent@gamma-poisson,30,30.0,30,0.00812308699823916,2.096696789964072,0.5778296583217619,23.493309738659615
maxent@gamma-poisson,30,60.0,60,0.013733677275013179,2.09652632732021,0.5253469008855824,23.493309738659615
maxent@gamma-poisson,30,120.0,120,0.024813114549033344,2.0935136764289375,0.5183611551436915,23.493309738659615
maxent@gamma-poisson,30,180.0,180,0.035834870650433004,2.093289278108497,0.5291959007269599,23.493309738659615
maxent@gamma-poisson,30,240.0,240,0.04673118895152584,2.093407859662367,0.5185740123410516,23.493309738659615
d-optimality@gamma-poisson,30,30.0,30,0.00021126610226929188,1.987904510910063,0.5341333537870437,0.0
d-optimality@gamma-poisson,30,60.0,60,0.0003720552194863558,2.0312339893599036,0.605845508680524,0.0
d-optimality@gamma-poisson,30,120.0,120,0.0006884972681291401,1.8135787626694209,0.6189799585344777,0.0
d-optimality@gamma-poisson,30,180.0,180,0.0010049570119008422,1.7308206032205045,0.36515755181293014,0.0
d-optimality@gamma-poisson,30,240.0,240,0.0013182879192754626,1.6945436293982727,0.3521197620132358,0.0
neyman@gamma-poisson,30,30.0,30,0.00020729104289785028,1.9926561738753412,0.615933193326508,0.0
neyman@gamma-poisson,30,60.0,60,0.0004009291878901422,1.9736239709716201,0.44055338312706394,0.0
neyman@gamma-poisson,30,120.0,120,0.0007824051426723599,1.9817362087854777,0.2886673728089673,0.0
neyman@gamma-poisson,30,180.0,180,0.001162612286861986,1.983246843559832,0.2895183557222926,0.0
neyman@gamma-poisson,30,240.0,240,0.0015415007364936173,1.8151776236741195,0.21417997366311814,0.0
predictive-variance@gamma-poisson,30,30.0,1,4.514399915933609e-05,2.203919455484455,0.9055737878863468,0.0
predictive-variance@gamma-poisson,30,60.0,2,5.264696665108204e-05,2.1357390904565596,0.6521487884394466,0.0
predictive-variance@gamma-poisson,30,120.0,3,5.929899634793401e-05,2.05732163206664,0.49961974668496484,0.0
predictive-variance@gamma-poisson,30,180.0,5,7.19929812476039e-05,1.972122959956083,0.3962882874772459,0.0
predictive-variance@gamma-poisson,30,240.0,6,7.801299216225743e-05,1.9295686121475244,0.35133522243083093,0.0
epistemic@gamma-poisson,30,30.0,1,3.5517034120857716e-05,2.203919455484455,0.9055737878863468,0.0
epistemic@gamma-poisson,30,60.0,2,4.200800321996212e-05,2.1357390904565596,0.6521487884394466,0.0
epistemic@gamma-poisson,30,120.0,3,4.786899080500007e-05,2.05732163206664,0.49961974668496484,0.0
epistemic@gamma-poisson,30,180.0,5,5.960202543064952e-05,1.972122959956083,0.3962882874772459,0.0
epistemic@gamma-poisson,30,240.0,6,6.51709851808846e-05,1.9295686121475244,0.35133522243083093,0.0
thompson@gamma-poisson,30,30.0,1,2.154003595933318e-05,2.404236303133393,3.3038389129565933,469.8661947731923
thompson@gamma-poisson,30,60.0,2,3.409403143450618e-05,2.404309488339648,3.3041491251687836,939.7323895463846
thompson@gamma-poisson,30,120.0,3,4.445406375452876e-05,2.358524960981112,3.289305443916967,1409.598584319577
thompson@gamma-poisson,30,180.0,5,6.530305836349726e-05,2.211927137563297,3.201419421030696,2349.330973865962
thompson@gamma-poisson,30,240.0,6,7.469102274626493e-05,2.2122112188858236,3.201529618554029,2819.1971686391544
epig@gamma-poisson,30,30.0,30,0.10056834109127522,1.9508540359523863,0.5919894310951423,0.0
epig@gamma-poisson,30,60.0,60,0.17440161225385964,2.0010120678704877,0.49857652366168925,0.0
epig@gamma-poisson,30,120.0,120,0.3176617522840388,1.8103724241521444,0.3712618539429287,0.0
epig@gamma-poisson,30,180.0,180,0.4591542719863355,1.7029011982569857,0.34680068931746305,0.0
epig@gamma-poisson,30,240.0,238,0.597834552754648,1.7038811022315021,0.23085076268563226,0.0
eig@lognormal-poisson,30,30.0,30,0.6582356959115714,1.9864120983485352,0.5731450973573667,0.0
eig@lognormal-poisson,30,60.0,60,0.7637532427324913,2.015299281343795,0.50937504193497,0.0
eig@lognormal-poisson,30,120.0,120,0.9646478769136593,1.9698162230375234,0.39000122186668545,0.0
eig@lognormal-poisson,30,180.0,180,1.1598121839342639,1.8533784860097884,0.45031818973193805,0.0
eig@lognormal-poisson,30,240.0,240,1.3519891030737199,1.6927328049782429,0.3137964152805953,0.0
maxent@lognormal-poisson,30,30.0,30,0.6580042960704304,2.169225112188011,0.618460495415359,23.493309738659615
maxent@lognormal-poisson,30,60.0,60,0.7479470860562287,2.169422587240145,0.5704777230900786,23.493309738659615
maxent@lognormal-poisson,30,120.0,120,0.9273163364850916,2.1686889063880277,0.5664596133270913,23.493309738659615
maxent@lognormal-poisson,30,180.0,180,1.1130212914431468,2.1666182177214846,0.5617938330158683,23.493309738659615
maxent@lognormal-poisson,30,240.0,240,1.299034211144317,2.1696255853441015,0.5718386312268328,23.493309738659615
d-optimality@lognormal-poisson,30,30.0,30,0.002362373867072165,2.0455587451352635,0.613160890795357,0.0
d-optimality@lognormal-poisson,30,60.0,60,0.004445848113391548,2.038685281761189,0.5595046212737791,0.0
d-optimality@lognormal-poisson,30,120.0,120,0.008632378187030554,2.0082257367998904,0.40924321599133695,0.0
d-optimality@lognormal-poisson,30,180.0,180,0.012785218597855419,1.7201672236052843,0.3331848130226172,0.0
d-optimality@lognormal-poisson,30,240.0,240,0.01693616551347077,1.698717488550429,0.2821303019132937,0.0
neyman@lognormal-poisson,30,30.0,30,0.002109857159666717,2.0578493262353463,0.6264080876944796,0.0
neyman@lognormal-poisson,30,60.0,60,0.004248722980264574,2.0155739919546147,0.4393269164634622,0.0
neyman@lognormal-poisson,30,120.0,120,0.008526049205102026,2.0069182093896827,0.29418572919956526,0.0
neyman@lognormal-poisson,30,180.0,180,0.012857696623541415,2.024462505571192,0.3072601561981668,0.0
neyman@lognormal-poisson,30,240.0,240,0.017131958855316043,1.8595877721948104,0.22781914054842167,0.0
predictive-variance@lognormal-poisson,30,30.0,1,0.0003726089489646256,2.2792933304575924,0.9047756997956534,0.0
predictive-variance@lognormal-poisson,30,60.0,2,0.0004527989658527076,2.167214753038698,0.6516502843549673,0.0
predictive-variance@lognormal-poisson,30,120.0,3,0.0005274389404803514,2.084994400757331,0.4986555448098792,0.0
predictive-variance@lognormal-poisson,30,180.0,5,0.0006758078816346824,2.0137923508226425,0.3941536889353008,0.0
predictive-variance@lognormal-poisson,30,240.0,6,0.0007489448762498796,1.9718915456512736,0.3490458484602456,0.0
epistemic@lognormal-poisson,30,30.0,1,0.0003585410304367542,2.2792933304575924,0.9047756997956534,0.0
epistemic@lognormal-poisson,30,60.0,2,0.00043742801062762737,2.167214753038698,0.6516502843549673,0.0
epistemic@lognormal-poisson,30,120.0,3,0.0005122589645907283,2.084994400757331,0.4986555448098792,0.0
epistemic@lognormal-poisson,30,180.0,5,0.0006619889754801989,2.0137923508226425,0.3941536889353008,0.0
epistemic@lognormal-poisson,30,240.0,6,0.000735537032596767,1.9718915456512736,0.3490458484602456,0.0
thompson@lognormal-poisson,30,30.0,1,0.00019905302906408906,2.2792933304575924,0.9047756997956534,0.0
thompson@lognormal-poisson,30,60.0,2,0.00033959600841626525,2.281353325825529,0.9089475063303977,0.0
thompson@lognormal-poisson,30,120.0,3,0.0004760219599120319,2.280771119637474,0.9070398751200118,0.0
thompson@lognormal-poisson,30,180.0,5,0.0007581209647469223,2.279234620506033,0.9047377322493488,0.0
thompson@lognormal-poisson,30,240.0,6,0.0009001269354484975,2.2821300374717306,0.9117910423113554,0.0
eig,31,30.0,30,0.167118749988731,2.0052065573503968,0.45736153321374623,24.543416515475123
eig,31,60.0,60,0.25442084413953125,1.8632065122018122,0.34687040434239136,24.543416515475123
eig,31,120.0,120,0.4171695091063157,1.752586902727307,0.30291742212972095,24.543416515475123
eig,31,180.0,180,0.5713108291383833,1.613846014033492,0.17300325193664132,24.543416515475123
eig,31,240.0,240,0.7219049199484289,1.5925326603121326,0.11604052410456013,24.543416515475123
epig,31,30.0,30,1.1178232497768477,1.9426585237937173,0.3966752150085492,21.167640444134207
epig,31,60.0,60,1.8392959557240829,1.7638487409731753,0.2942012241116818,21.167640444134207
epig,31,120.0,120,3.242079967283644,1.7386241210406144,0.29420618427867545,21.167640444134207
epig,31,180.0,180,4.624260092328768,1.6284546853030377,0.18828053977354917,21.167640444134207
epig,31,240.0,240,6.027991715294775,1.613049071008173,0.14223933695178728,21.167640444134207
maxent,31,30.0,30,0.11244706786237657,2.002410731919221,0.4581792742733725,21.72963452024588
maxent,31,60.0,60,0.16801736201159656,1.949033288603317,0.4358321947915795,32.681005071625094
maxent,31,120.0,120,0.32179759902646765,1.9504752460629344,0.43628215855137664,54.58374617438332
maxent,31,180.0,180,0.4855499509139918,1.9408459240037574,0.43308132565804563,76.48648727714155
maxent,31,240.0,240,0.6503689010278322,1.9383847267789729,0.4325683967675232,98.38922837989978
d-optimality,31,30.0,30,0.0069380602217279375,1.954581805860963,0.4088044784125035,23.66966849688675
d-optimality,31,60.0,60,0.011190870136488229,1.7667227550124514,0.3026358440691645,23.66966849688675
d-optimality,31,120.0,120,0.019784106174483895,1.7364592131002003,0.28874830719404015,23.66966849688675
d-optimality,31,180.0,180,0.02823566010920331,1.64067966694416,0.20705345218964558,23.66966849688675
d-optimality,31,240.0,240,0.03668379702139646,1.6066353712840993,0.13515572298521328,23.66966849688675
neyman,31,30.0,30,0.010538423084653914,1.9373874640243187,0.4369118268018743,24.424200512462548
neyman,31,60.0,60,0.01933085249038413,1.7735873264497404,0.30542237258126875,26.866620563708803
neyman,31,120.0,120,0.03624798636883497,1.7852342844158164,0.3117631428962377,26.866620563708803
neyman,31,180.0,180,0.05310553754679859,1.6284796010029587,0.17421746983570346,26.866620563708803
neyman,31,240.0,240,0.06995970773277804,1.5849795321170517,0.1293575655537179,28.79855988310691
predictive-variance,31,30.0,1,0.002302102977409959,1.9740809271250797,0.5217993427416251,34.949920743534875
predictive-variance,31,60.0,2,0.002447474980726838,1.9182543054424777,0.5152071263842144,34.949920743534875
predictive-variance,31,120.0,3,0.0025935579906217754,1.8813826663183226,0.44843186422472053,34.949920743534875
predictive-variance,31,180.0,5,0.0028869789093732834,1.8020430683117485,0.34608329052637354,34.949920743534875
predictive-variance,31,240.0,6,0.003031077911145985,1.7799701013085096,0.2907000433711151,34.949920743534875
epistemic,31,30.0,1,0.002292765013407916,1.9740809271250797,0.5217993427416251,34.949920743534875
epistemic,31,60.0,2,0.0024358340306207538,1.9182543054424777,0.5152071263842144,34.949920743534875
epistemic,31,120.0,3,0.0025801040465012193,1.8813826663183226,0.44843186422472053,34.949920743534875
epistemic,31,180.0,5,0.0028635450871661305,1.8020430683117485,0.34608329052637354,34.949920743534875
epistemic,31,240.0,6,0.0030056911637075245,1.7799701013085096,0.2907000433711151,34.949920743534875
thompson,31,30.0,1,0.0012481879675760865,1.948188183560161,0.6499487757483713,0.0
thompson,31,60.0,2,0.002225860022008419,1.9060821748021073,0.5832553423148421,0.0
thompson,31,120.0,3,0.003254005976486951,1.8801434060468287,0.5867708286705808,0.0
thompson,31,180.0,5,0.00531049893470481,1.8490692864867313,0.43254819627050906,0.0
thompson,31,240.0,6,0.00626542791724205,1.8561330549190436,0.420003118600376,0.0
uniform,31,30.0,3,5.31092518940568e-06,1.964701485475607,0.5805811403759868,24.42420051246254
uniform,31,60.0,6,8.095928933471441e-06,1.8829909662640933,0.5242493229063472,40.70700085410423
uniform,31,120.0,12,1.2384960427880287e-05,1.7429339384689655,0.29424980541740087,40.70700085410423
uniform,31,180.0,18,1.635396620258689e-05,1.7649003494843234,0.29596954290748495,40.70700085410423
uniform,31,240.0,24,2.0212086383253336e-05,1.6419272083867298,0.18259607212120565,40.70700085410423
random,31,30.0,2,2.0148989278823137e-05,1.946316971830659,0.6333234797777437,20.57599882919303
random,31,60.0,4,2.5497982278466225e-05,1.9229744510719928,0.6379367837195925,25.083857241121933
random,31,120.0,9,3.683008253574371e-05,1.847695399927452,0.4639005162621928,44.40325043510295
random,31,180.0,13,4.6779983676970005e-05,1.7965262861253546,0.46282361722285514,58.35614551964479
random,31,240.0,24,7.11061293259263e-05,1.6864525280167904,0.30226401890204324,63.400653742517605
eig@gamma-poisson,31,30.0,30,0.010357139690313488,1.9073707155074675,0.4018235511175558,20.41310842855841
eig@gamma-poisson,31,60.0,60,0.017062480095773935,1.8066340747134957,0.3090978556077077,20.41310842855841
eig@gamma-poisson,31,120.0,120,0.029989269678480923,1.7257393770700205,0.29098084742246155,20.41310842855841
eig@gamma-poisson,31,180.0,180,0.04264951450750232,1.6540086594437005,0.2314796240295796,20.41310842855841
eig@gamma-poisson,31,240.0,240,0.05509959446499124,1.6216571565068671,0.16250847198543775,20.41310842855841
maxent@gamma-poisson,31,30.0,30,0.008170829445589334,2.1314816994472543,0.5275165941052036,24.424200512462548
maxent@gamma-poisson,31,60.0,60,0.01342224661493674,2.1386832438177588,0.5279081492603644,48.84840102492503
maxent@gamma-poisson,31,120.0,120,0.024128032673615962,2.0543397029136856,0.49151702926343416,85.12216075283882
maxent@gamma-poisson,31,180.0,180,0.03445678483694792,2.0450640332255476,0.48828331204089226,107.02490185559705
maxent@gamma-poisson,31,240.0,240,0.0446747726527974,2.035807944194072,0.48566985884453007,128.92764295835528
d-optimality@gamma-poisson,31,30.0,30,0.0002140150172635913,1.9073707155074675,0.4018235511175558,20.41310842855841
d-optimality@gamma-poisson,31,60.0,60,0.0003815829986706376,1.7195687877909223,0.26810396312220525,20.41310842855841
d-optimality@gamma-poisson,31,120.0,120,0.0007004470680840313,1.7062942023322405,0.2721834560872708,20.41310842855841
d-optimality@gamma-poisson,31,180.0,180,0.0010160421370528638,1.6486938223841971,0.225891373653509,20.41310842855841
d-optimality@gamma-poisson,31,240.0,240,0.0013332671951502562,1.6255394012406876,0.17322510830390114,20.41310842855841
neyman@gamma-poisson,31,30.0,30,0.00020945904543623328,2.041974609319744,0.5206631357607645,26.75975042831019
neyman@gamma-poisson,31,60.0,60,0.0004048790433444083,1.747745452643578,0.2864443387302977,29.202170479556447
neyman@gamma-poisson,31,120.0,120,0.0007879067561589181,1.712891626664619,0.2697464818190203,29.202170479556447
neyman@gamma-poisson,31,180.0,180,0.0011703327181749046,1.617074799150969,0.17166979522927256,29.202170479556447
neyman@gamma-poisson,31,240.0,240,0.0015537759172730148,1.5757865786016385,0.1292080287100588,30.060810177066717
predictive-variance@gamma-poisson,31,30.0,1,4.7178007662296295e-05,1.9896952318337,0.5220848732669524,34.949920743534875
predictive-variance@gamma-poisson,31,60.0,2,5.463202251121402e-05,1.9113770420194829,0.5153606702213794,34.949920743534875
predictive-variance@gamma-poisson,31,120.0,3,6.124406354501843e-05,1.88174963968145,0.4486117199004539,34.949920743534875
predictive-variance@gamma-poisson,31,180.0,5,7.366703357547522e-05,1.8037474802009694,0.34583999334650917,34.949920743534875
predictive-variance@gamma-poisson,31,240.0,6,7.948809070512652e-05,1.7865913453114832,0.2904686563920499,34.949920743534875
epistemic@gamma-poisson,31,30.0,1,3.744004061445594e-05,1.9896952318337,0.5220848732669524,34.949920743534875
epistemic@gamma-poisson,31,60.0,2,4.383304622024298e-05,1.9113770420194829,0.5153606702213794,34.949920743534875
epistemic@gamma-poisson,31,120.0,3,4.9855036195367575e-05,1.88174963968145,0.4486117199004539,34.949920743534875
epistemic@gamma-poisson,31,180.0,5,6.14980817772448e-05,1.8037474802009694,0.34583999334650917,34.949920743534875
epistemic@gamma-poisson,31,240.0,6,6.682716775685549e-05,1.7865913453114832,0.2904686563920499,34.949920743534875
thompson@gamma-poisson,31,30.0,1,2.466607838869095e-05,1.9944050570948357,0.6556145460681898,14.601827401838943
thompson@gamma-poisson,31,60.0,2,3.6479090340435505e-05,1.9452641058063225,0.5226217234339282,29.203654803677885
thompson@gamma-poisson,31,120.0,3,4.787108628079295e-05,1.866945915992105,0.515904517640531,29.203654803677885
thompson@gamma-poisson,31,180.0,5,6.855902029201388e-05,1.8037474802009694,0.34583999334650917,29.203654803677885
thompson@gamma-poisson,31,240.0,6,7.8318000305444e-05,1.739581629760299,0.3042365777688401,37.79005177878056
epig@gamma-poisson,31,30.0,30,0.10124473297037184,1.9132057987265574,0.41319979684542774,19.598968411476324
epig@gamma-poisson,31,60.0,60,0.1730940764537081,1.7768437686399363,0.29146445266269383,19.598968411476324
epig@gamma-poisson,31,120.0,120,0.31571519101271406,1.7009189962338498,0.2765483628718717,19.598968411476324
epig@gamma-poisson,31,180.0,180,0.4576571020297706,1.6647649145596761,0.23696623705424455,19.598968411476324
epig@gamma-poisson,31,240.0,240,0.599073440709617,1.6302252871465372,0.1650129919808012,19.598968411476324
eig@lognormal-poisson,31,30.0,30,0.9898173162364401,1.948755631549309,0.3948093609591635,18.78482839439424
eig@lognormal-poisson,31,60.0,60,1.086708701448515,1.86725912085856,0.3436364019771828,18.78482839439424
eig@lognormal-poisson,31,120.0,120,1.2757355654030107,1.7558220866623004,0.30694146800965577,18.78482839439424
eig@lognormal-poisson,31,180.0,180,1.4584618435474113,1.6437537997546674,0.21092070943065622,18.78482839439424
eig@lognormal-poisson,31,240.0,240,1.6426615155651234,1.6057948232297106,0.1328572908151102,18.78482839439424
maxent@lognormal-poisson,31,30.0,30,0.8873996530310251,1.9958362614810115,0.45388701584867513,21.72963452024588
maxent@lognormal-poisson,31,60.0,60,0.9238467187969945,1.9458827970187633,0.43281819080002565,32.681005071625094
maxent@lognormal-poisson,31,120.0,120,1.0006849623750895,1.9473520517250151,0.43328179733304145,54.58374617438332
maxent@lognormal-poisson,31,180.0,180,1.0831176927313209,1.9377584775123629,0.43007121806723136,76.48648727714155
maxent@lognormal-poisson,31,240.0,240,1.1697984542697668,1.935303852641483,0.4295536613534892,98.38922837989978
d-optimality@lognormal-poisson,31,30.0,30,0.0023644661414436996,1.9414337259117076,0.4042071267662358,21.34646444865307
d-optimality@lognormal-poisson,31,60.0,60,0.004448091145604849,1.791118696501039,0.31907448662266513,21.34646444865307
d-optimality@lognormal-poisson,31,120.0,120,0.008577756932936609,1.750948662215487,0.29886807462478954,21.34646444865307
d-optimality@lognormal-poisson,31,180.0,180,0.012723807070869952,1.6419041597574848,0.21355946811033155,21.34646444865307
d-optimality@lognormal-poisson,31,240.0,240,0.016903747688047588,1.6111756708188454,0.14261412878264543,21.34646444865307
neyman@lognormal-poisson,31,30.0,30,0.002094198076520115,1.939907037676458,0.44358826910080423,27.2471447778579
neyman@lognormal-poisson,31,60.0,60,0.00421511335298419,1.7938652229140388,0.31512830017602844,28.87542481202207
neyman@lognormal-poisson,31,120.0,120,0.00841700640739873,1.7833978180530698,0.3073323005147413,28.87542481202207
neyman@lognormal-poisson,31,180.0,180,0.012679364299401641,1.6321404907495003,0.17683703702623246,28.87542481202207
neyman@lognormal-poisson,31,240.0,240,0.016954551334492862,1.5885891595831187,0.1306723811711124,29.519404585154774
predictive-variance@lognormal-poisson,31,30.0,1,0.0003668569843284786,1.9738120403731767,0.5221154259997043,34.949920743534875
predictive-variance@lognormal-poisson,31,60.0,2,0.0004441710188984871,1.9241266368671655,0.5154969071759085,34.949920743534875
predictive-variance@lognormal-poisson,31,120.0,3,0.0005187110509723425,1.8837556006689402,0.4488683760228816,34.949920743534875
predictive-variance@lognormal-poisson,31,180.0,5,0.0006706941057927907,1.801996780146916,0.3466231476410173,34.949920743534875
predictive-variance@lognormal-poisson,31,240.0,6,0.0007482491200789809,1.776692814152771,0.291237473099026,34.949920743534875
epistemic@lognormal-poisson,31,30.0,1,0.0003583009820431471,1.9738120403731767,0.5221154259997043,34.949920743534875
epistemic@lognormal-poisson,31,60.0,2,0.0004346140194684267,1.9241266368671655,0.5154969071759085,34.949920743534875
epistemic@lognormal-poisson,31,120.0,3,0.0005116580286994576,1.8837556006689402,0.4488683760228816,34.949920743534875
epistemic@lognormal-poisson,31,180.0,5,0.0006637119804508984,1.801996780146916,0.3466231476410173,34.949920743534875
epistemic@lognormal-poisson,31,240.0,6,0.0007405159994959831,1.776692814152771,0.291237473099026,34.949920743534875
thompson@lognormal-poisson,31,30.0,1,0.00019799103029072285,1.9819881032813684,0.6276473861654607,32.565600683283385
thompson@lognormal-poisson,31,60.0,2,0.00034283101558685303,1.9416170670831434,0.5741837676613879,65.13120136656677
thompson@lognormal-poisson,31,120.0,3,0.0004816710134036839,1.8933022361033416,0.49743194017280445,97.69680204985016
thompson@lognormal-poisson,31,180.0,5,0.0007508370326831937,1.8391689798342679,0.30777655163004214,165.21232347666842
thompson@lognormal-poisson,31,240.0,6,0.0008877540240064263,1.8459522474477819,0.28977997607578165,200.1622442202033
eig,32,30.0,30,0.16068206721683964,2.0523455860597983,0.6381114400229818,0.0
eig,32,60.0,60,0.25554787513101473,1.8852021190791044,0.40469089597226826,0.0
eig,32,120.0,120,0.4414607699145563,1.8218377811864368,0.28589231307477586,0.0
eig,32,180.0,180,0.6225366138387471,1.8071867466257503,0.24273306729643807,0.0
eig,32,240.0,240,0.7935270491871051,1.7379332342869873,0.24445945205151567,0.0
epig,32,30.0,30,1.160573543049395,2.1012152378615023,0.7091288338564186,0.0
epig,32,60.0,60,1.9664972962928005,1.8982275196570262,0.42167973050098,0.0
epig,32,120.0,120,3.705938779457938,1.8331038874631653,0.30524325464826624,0.0
epig,32,180.0,177,5.358863805420697,1.833128229473467,0.30250178237815206,0.0
epig,32,240.0,237,6.990462287561968,1.7160142893105588,0.20039795573219651,0.0
maxent,32,30.0,30,0.12813533545704558,2.1143950128076754,0.5041478900498944,0.0
maxent,32,60.0,60,0.23312438582070172,2.1141366756404345,0.5025278227288518,0.0
maxent,32,120.0,120,0.43570884194923565,2.118076930184713,0.5099726903990632,0.0
maxent,32,180.0,180,0.6365729200770147,2.118548968251907,0.5108172697024714,0.0
maxent,32,240.0,240,0.8379753873450682,2.1139930629590142,0.5028581149676835,0.0
d-optimality,32,30.0,30,0.0069845267571508884,2.1218067940971266,0.7220039212046062,0.0
d-optimality,32,60.0,60,0.011255370045546442,1.9154780896243215,0.46418335424278595,0.0
d-optimality,32,120.0,120,0.020993637503124774,1.8387803786552537,0.3325873361621754,0.0
d-optimality,32,180.0,180,0.03127414337359369,1.814274037068895,0.25013700193608157,0.0
d-optimality,32,240.0,240,0.04105906141921878,1.7495458462555267,0.24481512009202883,0.0
neyman,32,30.0,30,0.010578682995401323,2.1187151967982363,0.722143753424366,7.749096821729159
neyman,32,60.0,60,0.020037787908222526,1.943361025481461,0.4948601789754951,7.749096821729159
neyman,32,120.0,120,0.040521235670894384,1.8595335693202155,0.3270709386802052,7.749096821729159
neyman,32,180.0,180,0.06164666189579293,1.7643508075722105,0.22992295104030216,7.749096821729159
neyman,32,240.0,240,0.08355676254723221,1.744937657105644,0.20223048267258587,7.749096821729159
predictive-variance,32,30.0,1,0.0023146950406953692,2.112716112171418,0.5003571810966747,0.0
predictive-variance,32,60.0,2,0.0026894370676018298,2.0473698982443786,0.5024416267926443,0.0
predictive-variance,32,120.0,3,0.0030622350750491023,2.0191834443337418,0.478803243565325,0.0
predictive-variance,32,180.0,5,0.0038051881710998714,1.8700292007370516,0.26893468809166127,0.0
predictive-variance,32,240.0,6,0.004174099187366664,1.8478998419599983,0.2556154996563846,0.0
epistemic,32,30.0,1,0.0023030340089462698,2.112716112171418,0.5003571810966747,0.0
epistemic,32,60.0,2,0.0026757720625028014,2.0473698982443786,0.5024416267926443,0.0
epistemic,32,120.0,3,0.003044102049898356,2.0191834443337418,0.478803243565325,0.0
epistemic,32,180.0,5,0.003779319056775421,1.8700292007370516,0.26893468809166127,0.0
epistemic,32,240.0,6,0.004147038096562028,1.8478998419599983,0.2556154996563846,0.0
thompson,32,30.0,1,0.001287611958105117,2.260188263427964,0.737251381271283,65.1977957985727
thompson,32,60.0,2,0.0023903079563751817,2.201767827695655,0.6629965514617019,139.79777969350158
thompson,32,120.0,3,0.003494767937809229,2.1735813737850185,0.6452669098634659,214.39776358843045
thompson,32,180.0,5,0.005489464965648949,2.1520677928663345,0.6400083692590841,363.5977313782882
thompson,32,240.0,6,0.006509294966235757,1.9979472525375819,0.332471172215121,363.5977313782882
uniform,32,30.0,3,5.620939191430807e-06,2.2284088321148467,0.7129569272574963,81.85188002835838
uniform,32,60.0,6,8.12596408650279e-06,1.9972051907627566,0.31878882744514836,81.85188002835838
uniform,32,120.0,12,1.2344156857579947e-05,1.7402503627623498,0.2140853905847266,81.85188002835838
uniform,32,180.0,18,1.6550300642848015e-05,1.7389632143704352,0.2311573530877048,81.85188002835838
uniform,32,240.0,24,2.0527280867099762e-05,1.7308377424772203,0.22961223502211786,81.85188002835838
random,32,30.0,2,1.9225990399718285e-05,2.1887012785795954,0.7297304219142736,97.79669369785904
random,32,60.0,2,1.9225990399718285e-05,2.1887012785795954,0.7297304219142736,97.79669369785904
random,32,120.0,7,3.1418108846992254e-05,2.166818646413692,0.7282799483424994,244.4917342446476
random,32,180.0,8,3.417313564568758e-05,2.1278135662127347,0.7213403784198958,309.6895300432203
random,32,240.0,17,5.4108037147670984e-05,2.0313895220169633,0.7151474575157514,391.18677479143605
eig@gamma-poisson,32,30.0,30,0.010468902124557644,2.2315945157702415,0.788305694110652,0.0
eig@gamma-poisson,32,60.0,60,0.017268450115807354,1.87292269923696,0.3989788889528651,0.0
eig@gamma-poisson,32,120.0,120,0.0303051300579682,1.8321695381614476,0.33365317779808984,0.0
eig@gamma-poisson,32,180.0,180,0.04305768967606127,1.8329611218554105,0.2869579178882788,0.0
eig@gamma-poisson,32,240.0,240,0.05568350350949913,1.7431769924614828,0.2566161428877316,0.0
maxent@gamma-poisson,32,30.0,30,0.007958757400047034,2.158481692585925,0.5048525257449767,0.0
maxent@gamma-poisson,32,60.0,60,0.013328850327525288,2.157807120707025,0.5022319918804639,0.0
maxent@gamma-poisson,32,120.0,120,0.02400330570526421,2.161760052374024,0.5097108568224612,0.0
maxent@gamma-poisson,32,180.0,180,0.034647335880436,2.1622758262814683,0.5106357218956835,0.0
maxent@gamma-poisson,32,240.0,240,0.0452901761746034,2.1577793520443915,0.5027794755927196,0.0
d-optimality@gamma-poisson,32,30.0,30,0.0002142298617400229,2.0881817965067024,0.687902610483364,0.0
d-optimality@gamma-poisson,32,60.0,60,0.00037718593375757337,1.878837162333386,0.42054481929887944,0.0
d-optimality@gamma-poisson,32,120.0,120,0.000693469715770334,1.8307099764863148,0.3080219472075551,0.0
d-optimality@gamma-poisson,32,180.0,180,0.0010082846274599433,1.7666089435359964,0.26875333153876946,0.0
d-optimality@gamma-poisson,32,240.0,240,0.001323212985880673,1.7539757526341309,0.2599120607245971,0.0
neyman@gamma-poisson,32,30.0,30,0.0002169930376112461,2.1704511314749912,0.7413998167404814,5.884097224355937
neyman@gamma-poisson,32,60.0,60,0.000411402084864676,2.0924176760365802,0.6156378884712927,5.884097224355937
neyman@gamma-poisson,32,120.0,120,0.0007922261720523238,1.872915367489938,0.34344594695303066,5.884097224355937
neyman@gamma-poisson,32,180.0,180,0.0011735762818716466,1.7675082698008922,0.2480004057185625,5.884097224355937
neyman@gamma-poisson,32,240.0,240,0.0015527606010437012,1.7459869242668005,0.20917619507601884,5.884097224355937
predictive-variance@gamma-poisson,32,30.0,1,5.1637005526572466e-05,2.1566495038125475,0.5006514736069168,0.0
predictive-variance@gamma-poisson,32,60.0,2,5.887000588700175e-05,2.0728896089492466,0.5037823692088987,0.0
predictive-variance@gamma-poisson,32,120.0,3,6.493105320259929e-05,2.0178254582116466,0.4820186268196209,0.0
predictive-variance@gamma-poisson,32,180.0,5,7.809716043993831e-05,1.8780330553712006,0.27422993825582304,0.0
predictive-variance@gamma-poisson,32,240.0,6,8.448009612038732e-05,1.8544002751674016,0.2614010509138148,0.0
epistemic@gamma-poisson,32,30.0,1,3.8282014429569244e-05,2.1566495038125475,0.5006514736069168,0.0
epistemic@gamma-poisson,32,60.0,2,4.465400706976652e-05,2.0728896089492466,0.5037823692088987,0.0
epistemic@gamma-poisson,32,120.0,3,5.019403761252761e-05,2.0178254582116466,0.4820186268196209,0.0
epistemic@gamma-poisson,32,180.0,5,6.195605965331197e-05,1.8780330553712006,0.27422993825582304,0.0
epistemic@gamma-poisson,32,240.0,6,6.761704571545124e-05,1.8544002751674016,0.2614010509138148,0.0
thompson@gamma-poisson,32,30.0,1,3.0266004614531994e-05,2.1566495038125475,0.5006514736069168,0.0
thompson@gamma-poisson,32,60.0,2,4.249898483976722e-05,2.161366875376221,0.5089346432862881,0.0
thompson@gamma-poisson,32,120.0,3,5.444197449833155e-05,2.07760698051292,0.512014891031399,0.0
thompson@gamma-poisson,32,180.0,5,7.606198778375983e-05,2.080075872996715,0.5163992760875783,0.0
thompson@gamma-poisson,32,240.0,6,8.583097951486707e-05,2.066693484384787,0.5106493579173783,0.0
epig@gamma-poisson,32,30.0,30,0.10159220773493871,2.0569903058092054,0.6715953334467045,0.0
epig@gamma-poisson,32,60.0,60,0.17372722673462704,1.87725210614052,0.3975974726333637,0.0
epig@gamma-poisson,32,120.0,120,0.31677622033748776,1.8318727776519392,0.3425619001998633,0.0
epig@gamma-poisson,32,180.0,179,0.4566718544228934,1.8297360767402477,0.2515226748492188,0.0
epig@gamma-poisson,32,240.0,238,0.5986411705380306,1.7622199201220043,0.27808232892470075,0.0
eig@lognormal-poisson,32,30.0,30,1.2129035718389787,2.0879135795346646,0.6694214943482755,0.0
eig@lognormal-poisson,32,60.0,60,1.318587778834626,1.8830046242560712,0.39374339473760994,0.0
eig@lognormal-poisson,32,120.0,120,1.5264931926503778,1.8209106404497801,0.2790730822928471,0.0
eig@lognormal-poisson,32,180.0,180,1.7267350615584292,1.8139069643938006,0.2417614690436027,0.0
eig@lognormal-poisson,32,240.0,240,1.9207985926768743,1.820220716764166,0.25366806809072046,0.0
maxent@lognormal-poisson,32,30.0,30,1.134047438914422,2.0982298154624943,0.5037898746098657,0.0
maxent@lognormal-poisson,32,60.0,60,1.199380017875228,2.0977352623503376,0.5018931541242181,0.0
maxent@lognormal-poisson,32,120.0,120,1.3259662628406659,2.1041622523938743,0.5136787402852742,0.0
maxent@lognormal-poisson,32,180.0,180,1.4530117317917757,2.107437802994204,0.5193232095579994,0.0
maxent@lognormal-poisson,32,240.0,240,1.5840159664512612,2.095634839770603,0.4989763258802031,0.0
d-optimality@lognormal-poisson,32,30.0,30,0.0024101081653498113,2.113263066149612,0.7159292966363502,0.0
d-optimality@lognormal-poisson,32,60.0,60,0.0044959913939237595,1.8819987332945096,0.39129720727698164,0.0
d-optimality@lognormal-poisson,32,120.0,120,0.008707408793270588,1.8390719515398486,0.32493562274814075,0.0
d-optimality@lognormal-poisson,32,180.0,180,0.01293309178436175,1.8234866113959016,0.22847694846432756,0.0
d-optimality@lognormal-poisson,32,240.0,240,0.017196668835822493,1.7358041138059221,0.2272650409471944,0.0
neyman@lognormal-poisson,32,30.0,30,0.002085175015963614,2.1058553652627756,0.7086690061690584,5.884097224355937
neyman@lognormal-poisson,32,60.0,60,0.004191538842860609,1.9372320102195653,0.4807287283412964,5.884097224355937
neyman@lognormal-poisson,32,120.0,120,0.008409735804889351,1.8597743031662775,0.32026539249007585,5.884097224355937
neyman@lognormal-poisson,32,180.0,180,0.01266025664517656,1.7699318362849485,0.23898133082618822,5.884097224355937
neyman@lognormal-poisson,32,240.0,240,0.016926924174185842,1.748292961370004,0.21272085853634107,5.884097224355937
predictive-variance@lognormal-poisson,32,30.0,1,0.0003778680111281574,2.0965982385403508,0.500068876505884,0.0
predictive-variance@lognormal-poisson,32,60.0,2,0.0004579879459924996,2.0391883875501997,0.5021476466435533,0.0
predictive-variance@lognormal-poisson,32,120.0,3,0.0005397719796746969,2.0157690899009695,0.47866184346312,0.0
predictive-variance@lognormal-poisson,32,180.0,5,0.0006881600711494684,1.870027341449395,0.2684976580223183,0.0
predictive-variance@lognormal-poisson,32,240.0,6,0.0007609760505147278,1.8491250538676391,0.2551157937559566,0.0
epistemic@lognormal-poisson,32,30.0,1,0.000355444906745106,2.0965982385403508,0.500068876505884,0.0
epistemic@lognormal-poisson,32,60.0,2,0.0004331098753027618,2.0391883875501997,0.5021476466435533,0.0
epistemic@lognormal-poisson,32,120.0,3,0.0005101648857817054,2.0157690899009695,0.47866184346312,0.0
epistemic@lognormal-poisson,32,180.0,5,0.0006599657936021686,1.870027341449395,0.2684976580223183,0.0
epistemic@lognormal-poisson,32,240.0,6,0.0007320408476516604,1.8491250538676391,0.2551157937559566,0.0
thompson@lognormal-poisson,32,30.0,1,0.00020124803995713592,2.181564021960178,0.7426401004685422,65.1977957985727
thompson@lognormal-poisson,32,60.0,2,0.00039605196798220277,2.1822316287115,0.7437591971864977,130.3955915971454
thompson@lognormal-poisson,32,120.0,3,0.0005633449763990939,2.1588123310622698,0.7281089511586555,195.59338739571808
thompson@lognormal-poisson,32,180.0,5,0.0008794569876044989,2.022223212814256,0.4912146773806313,195.59338739571808
thompson@lognormal-poisson,32,240.0,6,0.0010188380256295204,2.016424585437957,0.4851683902008979,195.59338739571808
eig,33,30.0,30,0.18952778750099242,1.8583345327751006,0.41675304705877747,11.376326493815066
eig,33,60.0,60,0.2839647514629178,1.6236513964235277,0.2838669986940998,23.323797601691393
eig,33,120.0,120,0.4536803442751989,1.6005032738490845,0.2534523267997518,47.21873981744395
eig,33,180.0,180,0.6182690681307577,1.6067303801269326,0.2569041355111061,71.11368203319655
eig,33,240.0,240,0.7867418179521337,1.635112311003957,0.34573331136332147,95.00862424894946
epig,33,30.0,30,1.1671980539686047,1.845817763405927,0.40939966612123113,10.978077456885856
epig,33,60.0,60,1.945188729907386,1.622106445934679,0.27947325087628366,22.92554856476218
epig,33,120.0,120,3.4836277929716744,1.6410471658248538,0.2780157642390255,46.82049078051474
epig,33,180.0,180,5.057201425195672,1.600356899023024,0.2528645934037677,70.71543299626734
epig,33,240.0,230,6.286015965277329,1.6463617477777113,0.36825591591942547,94.41125069355557
maxent,33,30.0,30,0.11106216488406062,1.9995549863759674,0.5602389129679054,17.40251993041839
maxent,33,60.0,60,0.20567229070002213,1.991524079552822,0.5409998721739322,29.349991038294736
maxent,33,120.0,120,0.3996846836525947,1.986237400525663,0.5261704351672636,53.24493325404724
maxent,33,180.0,180,0.6482821175595745,1.9858236197094545,0.5260992757281867,77.13987546979995
maxent,33,240.0,240,0.8240184430032969,1.9857114366278221,0.5262020662258327,101.03481768555285
d-optimality,33,30.0,30,0.013823895074892789,1.7359644126277303,0.28533907767266464,12.398178027470676
d-optimality,33,60.0,60,0.02353917947039008,1.6190458764906592,0.2721806160465218,24.345649135347006
d-optimality,33,120.0,120,0.03872247034450993,1.6175865052492107,0.2719050376803308,48.24059135109955
d-optimality,33,180.0,180,0.04780110146384686,1.5737121413536286,0.21327600773115896,72.13553356685217
d-optimality,33,240.0,240,0.05880232329946011,1.629434610704395,0.2995907020001538,96.03047578260508
neyman,33,30.0,30,0.010308530938345939,1.7473056983469675,0.4037067207171115,16.034877242498737
neyman,33,60.0,60,0.020221043610945344,1.644259851311986,0.31297329203718527,27.982348350375084
neyman,33,120.0,120,0.04057252046186477,1.6028818588909246,0.26143501975819167,51.8772905661276
neyman,33,180.0,180,0.06404644064605236,1.6318066584047697,0.3164791846495225,75.77223278188029
neyman,33,240.0,240,0.08709988446207717,1.6072320583724427,0.27572296830520393,99.6671749976332
predictive-variance,33,30.0,1,0.002287506009452045,1.9968966543291016,0.5547599567222575,15.929961477168408
predictive-variance,33,60.0,2,0.00243717705598101,1.9185434119005143,0.4613242960682216,15.929961477168408
predictive-variance,33,120.0,3,0.0028047460946254432,1.9089432123605743,0.36580863060347873,15.929961477168408
predictive-variance,33,180.0,5,0.0033121650340035558,1.8534450825129571,0.36145496719855363,47.78988443150523
predictive-variance,33,240.0,6,0.003506448061671108,1.8518598155230055,0.3632041033974791,63.71984590867363
epistemic,33,30.0,1,0.002274359983857721,1.9968966543291016,0.5547599567222575,15.929961477168408
epistemic,33,60.0,2,0.0024281080113723874,1.9185434119005143,0.4613242960682216,15.929961477168408
epistemic,33,120.0,3,0.0027938540442846715,1.9089432123605743,0.36580863060347873,15.929961477168408
epistemic,33,180.0,5,0.0033010239130817354,1.8534450825129571,0.36145496719855363,47.78988443150523
epistemic,33,240.0,6,0.003495246870443225,1.8518598155230055,0.3632041033974791,63.71984590867363
thompson,33,30.0,1,0.0012232100707478821,1.9782589607269736,0.6546976584369751,15.929961477168408
thompson,33,60.0,2,0.0022656720830127597,1.9632590990721355,0.6259221843714586,31.859922954336817
thompson,33,120.0,3,0.003199772094376385,1.944780158993031,0.5336466860646861,47.78988443150523
thompson,33,180.0,5,0.0049490490928292274,1.8606666120216324,0.40572881117419246,63.71984590867363
thompson,33,240.0,6,0.005917193077038974,1.859327586697267,0.4065895926116875,63.71984590867363
uniform,33,30.0,3,6.4229825511574745e-06,1.9680941845042341,0.5752118234165052,66.49795933329719
uniform,33,60.0,6,1.0854098945856094e-05,1.9419619309721066,0.4741434498492987,132.99591866659438
uniform,33,120.0,12,1.512415474280715e-05,1.5729880046890514,0.2845363932319728,185.29287229404338
uniform,33,180.0,18,1.9309110939502716e-05,1.5909100494054542,0.2889322521419244,209.18781450979594
uniform,33,240.0,24,2.3615139070898294e-05,1.5883249362724656,0.2288923176735661,233.0827567255485
random,33,30.0,3,3.167992690578103e-05,1.9126150135572637,0.44003122906723957,3.982490369292102
random,33,60.0,8,4.343991167843342e-05,1.8896437398344699,0.3359058506392095,3.982490369292102
random,33,120.0,10,4.827894736081362e-05,1.735777056996436,0.3341130474368879,19.91245184646051
random,33,180.0,12,5.458993837237358e-05,1.729863376258787,0.3288253203202133,43.80739406221312
random,33,240.0,21,7.315486436709762e-05,1.6412965956343442,0.27628753407417417,64.51634398253206
eig@gamma-poisson,33,30.0,30,0.009919822041410953,1.839146915763048,0.3265752415711035,19.2733274205976
eig@gamma-poisson,33,60.0,60,0.016630715341307223,1.6605997716704295,0.29667661242027094,31.220798528473946
eig@gamma-poisson,33,120.0,120,0.029436114302370697,1.628734405294712,0.28228930586010115,55.11574074422643
eig@gamma-poisson,33,180.0,180,0.04173976427409798,1.5708769264584344,0.2222108487608646,79.01068295997918
eig@gamma-poisson,33,240.0,240,0.053943425009492785,1.6538201463638647,0.28623848438418364,102.90562517573208
maxent@gamma-poisson,33,30.0,30,0.00778203405207023,1.9688303792455442,0.5127116320641532,21.039219145446463
maxent@gamma-poisson,33,60.0,60,0.012954824254848063,1.9636387090391667,0.4990340302740124,32.9866902533228
maxent@gamma-poisson,33,120.0,120,0.023538019857369363,1.958601537268704,0.4838464570157747,56.88163246907528
maxent@gamma-poisson,33,180.0,180,0.03369694948196411,1.9582906813724206,0.48387611602051633,80.77657468482806
maxent@gamma-poisson,33,240.0,240,0.043845406733453274,1.9582298641344444,0.48396279183532476,104.67151690058097
d-optimality@gamma-poisson,33,30.0,30,0.00020415306789800525,1.8419765768973144,0.3324625147152432,20.693427991182425
d-optimality@gamma-poisson,33,60.0,60,0.0003632891457527876,1.6705201682049768,0.38504382888724464,32.640899099058764
d-optimality@gamma-poisson,33,120.0,120,0.0006751562468707561,1.6148950365773889,0.321917574739224,56.53584131481124
d-optimality@gamma-poisson,33,180.0,180,0.0009835243690758944,1.5730366491476324,0.24994293424841882,80.43078353056401
d-optimality@gamma-poisson,33,240.0,240,0.001289670413825661,1.6263710990470566,0.2609614102129713,104.32572574631692
neyman@gamma-poisson,33,30.0,30,0.00020321685587987304,1.7640374092257396,0.4018630647430132,16.43312627942795
neyman@gamma-poisson,33,60.0,60,0.00039863790152594447,1.6589512364462233,0.3115851181905083,28.380597387304295
neyman@gamma-poisson,33,120.0,120,0.0007746588089503348,1.6086212858209266,0.26502548787463176,52.27553960305681
neyman@gamma-poisson,33,180.0,180,0.001154134573880583,1.6450813625455531,0.3204429032478006,76.1704818188095
neyman@gamma-poisson,33,240.0,240,0.0015333279152400792,1.6205322811291456,0.27973666314727685,100.06542403456241
predictive-variance@gamma-poisson,33,30.0,1,4.333199467509985e-05,1.9904981892685842,0.5546623099302075,78.12062035043498
predictive-variance@gamma-poisson,33,60.0,2,5.033501656726003e-05,1.9111854368112684,0.45958065059597575,78.12062035043498
predictive-variance@gamma-poisson,33,120.0,3,5.624699406325817e-05,1.9028321956452185,0.36441372403244043,78.12062035043498
predictive-variance@gamma-poisson,33,180.0,5,6.845995085313916e-05,1.8785746735686104,0.36320672749431215,109.98054330477179
predictive-variance@gamma-poisson,33,240.0,6,7.405999349430203e-05,1.8753817751252662,0.3655411157986682,125.91050478194019
epistemic@gamma-poisson,33,30.0,1,3.4024007618427277e-05,1.9904981892685842,0.5546623099302075,78.12062035043498
epistemic@gamma-poisson,33,60.0,2,4.031497519463301e-05,1.9111854368112684,0.45958065059597575,78.12062035043498
epistemic@gamma-poisson,33,120.0,3,4.570599412545562e-05,1.9028321956452185,0.36441372403244043,78.12062035043498
epistemic@gamma-poisson,33,180.0,5,5.755806341767311e-05,1.8785746735686104,0.36320672749431215,109.98054330477179
epistemic@gamma-poisson,33,240.0,6,6.290810415521264e-05,1.8753817751252662,0.3655411157986682,125.91050478194019
thompson@gamma-poisson,33,30.0,1,2.3613974917680025e-05,1.9963501934372643,0.6557702192028467,15.929961477168408
thompson@gamma-poisson,33,60.0,2,3.442395245656371e-05,1.9879969522712146,0.5929734970926785,31.859922954336817
thompson@gamma-poisson,33,120.0,3,4.448293475434184e-05,1.9725482195891082,0.5600854622728081,47.78988443150523
thompson@gamma-poisson,33,180.0,5,6.411888170987368e-05,1.9292541418250355,0.4481577445751623,79.64980738584204
thompson@gamma-poisson,33,240.0,6,7.368583464995027e-05,1.9284476604157141,0.4477613345245474,95.57976886301044
epig@gamma-poisson,33,30.0,30,0.09931432275334373,1.8368957499736884,0.3866472482558793,19.2733274205976
epig@gamma-poisson,33,60.0,60,0.17052221338963136,1.6634761868592813,0.29972318393560804,31.220798528473946
epig@gamma-poisson,33,120.0,120,0.31121301552047953,1.6289145228755038,0.2842458587479499,55.11574074422643
epig@gamma-poisson,33,180.0,180,0.45121176779503,1.5797409974555094,0.227553803652777,79.01068295997918
epig@gamma-poisson,33,240.0,232,0.5720041388995014,1.6394773836201508,0.3466310602795392,102.90562517573203
eig@lognormal-poisson,33,30.0,30,0.5952753079473041,1.8662165028272497,0.4116748940757973,11.376326493815066
eig@lognormal-poisson,33,60.0,60,0.7008860688656569,1.8452482267369643,0.35019180094854924,23.323797601691393
eig@lognormal-poisson,33,120.0,120,0.9043258007150143,1.5896118748295496,0.20490488644180826,47.21873981744395
eig@lognormal-poisson,33,180.0,180,1.0939511025790125,1.6056488391159125,0.25087978667867444,71.11368203319655
eig@lognormal-poisson,33,240.0,240,1.2834629222052172,1.6302192631679475,0.321759051558998,95.00862424894946
maxent@lognormal-poisson,33,30.0,30,0.5018911841325462,2.0047736930963773,0.5617211057736893,17.40251993041839
maxent@lognormal-poisson,33,60.0,60,0.551241428242065,1.997035364049663,0.5432690745006264,29.349991038294736
maxent@lognormal-poisson,33,120.0,120,0.6488519968115725,1.9918916268465114,0.5288008370730565,53.24493325404724
maxent@lognormal-poisson,33,180.0,180,0.7462878049700521,1.9914733926119483,0.5287188557833061,77.13987546979995
maxent@lognormal-poisson,33,240.0,240,0.8455462820711546,1.9913669937758296,0.5287974017892682,101.03481768555285
d-optimality@lognormal-poisson,33,30.0,30,0.0023876838968135417,1.7603572580025795,0.35806146276101825,12.796427064399886
d-optimality@lognormal-poisson,33,60.0,60,0.004455280606634915,1.6127343508787473,0.26993902114416907,24.743898172276218
d-optimality@lognormal-poisson,33,120.0,120,0.008558150206226856,1.6036029494849835,0.25698740636136785,48.63884038802876
d-optimality@lognormal-poisson,33,180.0,180,0.012690089759416878,1.5695261872751327,0.21083458839453711,72.53378260378139
d-optimality@lognormal-poisson,33,240.0,240,0.01685102004557848,1.623060805251538,0.29585409073696883,96.4287248195343
neyman@lognormal-poisson,33,30.0,30,0.0021291011944413185,1.762923626292868,0.4030436794192833,16.034877242498737
neyman@lognormal-poisson,33,60.0,60,0.004234163207001984,1.6510582738214419,0.3147635265286905,27.982348350375084
neyman@lognormal-poisson,33,120.0,120,0.008431774622295052,1.5988425048999693,0.2585926051987916,51.8772905661276
neyman@lognormal-poisson,33,180.0,180,0.012656101491302252,1.6277787182211665,0.31489523740168995,75.77223278188029
neyman@lognormal-poisson,33,240.0,240,0.016935255436692387,1.6043273764446475,0.27491713356715697,99.6671749976332
predictive-variance@lognormal-poisson,33,30.0,1,0.0003691119491122663,1.998079537064526,0.5544283337717633,15.929961477168408
predictive-variance@lognormal-poisson,33,60.0,2,0.0004517359775491059,1.926623497402712,0.4613443574152013,15.929961477168408
predictive-variance@lognormal-poisson,33,120.0,3,0.0005285200313664973,1.9161343976225904,0.3662654961904437,15.929961477168408
predictive-variance@lognormal-poisson,33,180.0,5,0.0006773780914954841,1.8634786561220762,0.3609577747350869,47.78988443150523
predictive-variance@lognormal-poisson,33,240.0,6,0.0007530300063081086,1.8624074302209428,0.3626790927400949,63.71984590867363
epistemic@lognormal-poisson,33,30.0,1,0.00035965401912108064,1.998079537064526,0.5544283337717633,15.929961477168408
epistemic@lognormal-poisson,33,60.0,2,0.00044065696420148015,1.926623497402712,0.4613443574152013,15.929961477168408
epistemic@lognormal-poisson,33,120.0,3,0.0005172209930606186,1.9161343976225904,0.3662654961904437,15.929961477168408
epistemic@lognormal-poisson,33,180.0,5,0.000664516061078757,1.8634786561220762,0.3609577747350869,47.78988443150523
epistemic@lognormal-poisson,33,240.0,6,0.0007388160447590053,1.8624074302209428,0.3626790927400949,63.71984590867363
thompson@lognormal-poisson,33,30.0,1,0.00019700895063579082,1.982817042027807,0.6540790232686935,15.929961477168408
thompson@lognormal-poisson,33,60.0,2,0.00033848395105451345,1.9113610023659937,0.5772929997064224,31.859922954336817
thompson@lognormal-poisson,33,120.0,3,0.0004762009484693408,1.9008719025858716,0.5045582276515035,47.78988443150523
thompson@lognormal-poisson,33,180.0,5,0.0007474689627997577,1.866681525986284,0.33325070593070005,79.64980738584204
thompson@lognormal-poisson,33,240.0,6,0.0008840239024721086,1.8661211294541473,0.3253326365997833,95.57976886301044
eig,34,30.0,30,0.1603856441215612,1.7550471632241942,0.3411893071951862,11.027358327396692
eig,34,60.0,60,0.25326332228723913,1.670790448345534,0.2353380910908883,11.027358327396692
eig,34,120.0,120,0.42587995826033875,1.6725205510905379,0.2323447451258496,11.027358327396692
eig,34,180.0,180,0.5875990213826299,1.5676583319419246,0.15708125466800166,11.027358327396692
eig,34,240.0,240,0.7475264236563817,1.5531474619807542,0.125336761928477,11.027358327396692
epig,34,30.0,30,1.1357171020354144,1.7550471632241942,0.3411893071951862,11.027358327396692
epig,34,60.0,60,1.932008431002032,1.6706241889172366,0.213480295488756,11.027358327396692
epig,34,120.0,120,3.4348502550274134,1.684128750788288,0.23938329282166323,11.027358327396692
epig,34,180.0,180,4.933035069378093,1.5755572604651586,0.15273705235243848,11.027358327396692
epig,34,240.0,236,6.297355989692733,1.555273780228032,0.11797168827060295,11.027358327396692
maxent,34,30.0,30,0.12017963133985177,1.787898419066955,0.42625524342380766,11.027358327396692
maxent,34,60.0,60,0.21579732140526175,1.7876480152446519,0.42841179477848346,11.027358327396692
maxent,34,120.0,120,0.40272002428537235,1.7874263320855495,0.42618266575627006,11.027358327396692
maxent,34,180.0,180,0.587565230729524,1.7879494562203615,0.4263694754116822,11.027358327396692
maxent,34,240.0,240,0.7713344365474768,1.788353555708021,0.42670288957874153,11.027358327396692
d-optimality,34,30.0,30,0.006842489936389029,1.7816984523503276,0.4091896886919805,11.027358327396692
d-optimality,34,60.0,60,0.011464421928394586,1.6733904018905645,0.21891051282763133,11.027358327396692
d-optimality,34,120.0,120,0.020417293184436858,1.617233920166899,0.1814310983747807,11.027358327396692
d-optimality,34,180.0,180,0.030307078384794295,1.576762941509289,0.16544839634472586,11.027358327396692
d-optimality,34,240.0,240,0.040082515275571495,1.5676894621855277,0.12601864574992633,11.027358327396692
neyman,34,30.0,30,0.010676631180103868,1.7880202900650997,0.4122755503391721,11.027358327396692
neyman,34,60.0,60,0.020177718019112945,1.6848984693954197,0.2287475951752074,11.027358327396692
neyman,34,120.0,120,0.04002818989101797,1.6634023287310586,0.2149749396690057,11.027358327396692
neyman,34,180.0,180,0.060426723735872656,1.6288885380056746,0.18875505554539,11.027358327396692
neyman,34,240.0,240,0.08053762320196256,1.6020404918443898,0.1432057543385381,11.027358327396692
predictive-variance,34,30.0,1,0.0022760540014132857,2.057929313692649,1.294939048333507,88.21886661917354
predictive-variance,34,60.0,2,0.002419673022814095,1.9486462359160075,0.8708752040109217,176.43773323834708
predictive-variance,34,120.0,3,0.0025640730164013803,1.8988649701174278,0.8266122367319503,232.57560253439584
predictive-variance,34,180.0,5,0.0030832250486128032,1.7236069116308623,0.60531069131399,232.57560253439584
predictive-variance,34,240.0,6,0.00322495010914281,1.644292061387415,0.28086598376187694,232.57560253439584
epistemic,34,30.0,1,0.0022708040196448565,2.057929313692649,1.294939048333507,88.21886661917354
epistemic,34,60.0,2,0.002413061971310526,1.9486462359160075,0.8708752040109217,176.43773323834708
epistemic,34,120.0,3,0.002556720923166722,1.8988649701174278,0.8266122367319503,232.57560253439584
epistemic,34,180.0,5,0.003070934966672212,1.7236069116308623,0.60531069131399,232.57560253439584
epistemic,34,240.0,6,0.0032135709770955145,1.644292061387415,0.28086598376187694,232.57560253439584
thompson,34,30.0,1,0.0011667250073514879,2.057929313692649,1.294939048333507,88.21886661917354
thompson,34,60.0,2,0.0022318509873002768,1.9486462359160075,0.8708752040109217,176.43773323834708
thompson,34,120.0,3,0.0032962050172500312,1.8988649701174278,0.8266122367319503,232.57560253439584
thompson,34,180.0,5,0.005287114006932825,1.7421511829298553,0.4265782294375575,344.8513411264934
thompson,34,240.0,6,0.006321913038846105,1.7475829866143675,0.4318011074606711,400.9892104225422
uniform,34,30.0,3,5.9710000641644e-06,1.9098107413529644,1.026895736481774,68.17057754689337
uniform,34,60.0,6,8.836970664560795e-06,1.8388028655892708,0.6488293679418721,140.35401025881316
uniform,34,120.0,12,1.3332930393517017e-05,1.5998065555502838,0.17442954358646026,140.35401025881316
uniform,34,180.0,18,1.7109850887209177e-05,1.597308279385386,0.15956499991187,140.35401025881316
uniform,34,240.0,24,2.076476812362671e-05,1.5873195022035933,0.19931416916062936,140.35401025881316
random,34,30.0,1,1.8313992768526077e-05,2.0269705515410466,1.4773458239375865,56.13786929604877
random,34,60.0,3,2.57079373113811e-05,1.990251042324373,1.2644246523967677,98.24127126808534
random,34,120.0,9,3.925379132851958e-05,1.7671972823270936,0.726670044694281,119.29297225410363
random,34,180.0,15,5.293887807056308e-05,1.727952696035671,0.7157141415341639,119.29297225410363
random,34,240.0,27,7.859483594074845e-05,1.675671676472802,0.4873581784122638,119.29297225410363
eig@gamma-poisson,34,30.0,30,0.010785338003188372,1.753544752410243,0.38189854869985834,6.6164149964380155
eig@gamma-poisson,34,60.0,60,0.017431569227483124,1.667615141666121,0.22340147315163822,6.6164149964380155
eig@gamma-poisson,34,120.0,120,0.03033431834774092,1.6245647299223849,0.18504388068026423,6.6164149964380155
eig@gamma-poisson,34,180.0,180,0.04296234983485192,1.5999701020392998,0.20267131642312902,6.6164149964380155
eig@gamma-poisson,34,240.0,240,0.05547618877608329,1.560193926932129,0.1302695809660647,6.6164149964380155
maxent@gamma-poisson,34,30.0,30,0.008155298884958029,1.8364674463464425,0.39701291968699476,11.027358327396692
maxent@gamma-poisson,34,60.0,60,0.013424189819488674,1.83646835180629,0.39971598849437867,11.027358327396692
maxent@gamma-poisson,34,120.0,120,0.023719421005807817,1.8361410249891141,0.3970360490675378,11.027358327396692
maxent@gamma-poisson,34,180.0,180,0.033978231134824455,1.8366516160486377,0.3971934333078664,11.027358327396692
maxent@gamma-poisson,34,240.0,240,0.0442751485388726,1.8370567904129924,0.39754436035245244,11.027358327396692
d-optimality@gamma-poisson,34,30.0,30,0.00020786974346265197,1.7254341484428435,0.3105054515979331,6.6164149964380155
d-optimality@gamma-poisson,34,60.0,60,0.00037228158907964826,1.6576205080923339,0.21119585867222773,6.6164149964380155
d-optimality@gamma-poisson,34,120.0,120,0.0006847436889074743,1.6129712393003006,0.17141556928291807,6.6164149964380155
d-optimality@gamma-poisson,34,180.0,180,0.0009959953022189438,1.6268035381054833,0.23271641576377605,6.6164149964380155
d-optimality@gamma-poisson,34,240.0,240,0.0013078878982923925,1.5912118719397566,0.17379866158217214,6.6164149964380155
neyman@gamma-poisson,34,30.0,30,0.00020896224305033684,1.8523165295104407,0.4302383234467668,11.829929360401978
neyman@gamma-poisson,34,60.0,60,0.0004015935119241476,1.6771300098299378,0.22340539408719443,11.829929360401978
neyman@gamma-poisson,34,120.0,120,0.0007803135085850954,1.6778830454425553,0.2318026648827106,11.829929360401978
neyman@gamma-poisson,34,180.0,180,0.001158574828878045,1.6171786738595673,0.19026287397645844,11.829929360401978
neyman@gamma-poisson,34,240.0,240,0.0015354742645286024,1.6040251611359266,0.15361893629479173,11.829929360401978
predictive-variance@gamma-poisson,34,30.0,1,4.760903539136052e-05,2.0419482449999093,1.2949560372635573,88.21886661917354
predictive-variance@gamma-poisson,34,60.0,2,5.44910435564816e-05,1.9601361685113083,0.8708768677982175,176.43773323834708
predictive-variance@gamma-poisson,34,120.0,3,6.153405411168933e-05,1.8813295210861323,0.8265861295448723,232.57560253439584
predictive-variance@gamma-poisson,34,180.0,5,7.46991136111319e-05,1.7070935796894045,0.6053900827604403,232.57560253439584
predictive-variance@gamma-poisson,34,240.0,6,8.08900804258883e-05,1.6347586614814718,0.28347462416818286,232.57560253439584
epistemic@gamma-poisson,34,30.0,1,3.558595199137926e-05,2.0419482449999093,1.2949560372635573,88.21886661917354
epistemic@gamma-poisson,34,60.0,2,4.1526975110173225e-05,1.9601361685113083,0.8708768677982175,176.43773323834708
epistemic@gamma-poisson,34,120.0,3,4.7779001761227846e-05,1.8813295210861323,0.8265861295448723,232.57560253439584
epistemic@gamma-poisson,34,180.0,5,5.9662037529051304e-05,1.7070935796894045,0.6053900827604403,232.57560253439584
epistemic@gamma-poisson,34,240.0,6,6.529304664582014e-05,1.6347586614814718,0.28347462416818286,232.57560253439584
thompson@gamma-poisson,34,30.0,1,2.9425951652228832e-05,2.0192609831222197,1.1572389100667981,88.21886661917354
thompson@gamma-poisson,34,60.0,2,4.130793968215585e-05,1.9601361685113083,0.8708768677982175,176.43773323834708
thompson@gamma-poisson,34,120.0,3,5.211698589846492e-05,1.865413149515265,0.8098415019384806,176.43773323834708
thompson@gamma-poisson,34,180.0,5,7.420900510624051e-05,1.7843232906080806,0.6608917108221893,176.43773323834708
thompson@gamma-poisson,34,240.0,6,8.382799569517374e-05,1.784403659255563,0.6607718316476837,176.43773323834708
epig@gamma-poisson,34,30.0,30,0.10022059199400246,1.753544752410243,0.38189854869985834,6.6164149964380155
epig@gamma-poisson,34,60.0,60,0.17107130598742515,1.6512756865707958,0.20000807112548258,6.6164149964380155
epig@gamma-poisson,34,120.0,120,0.3119537407765165,1.6108793371914354,0.19135599912062487,6.6164149964380155
epig@gamma-poisson,34,180.0,180,0.45219341287156567,1.6072424177478963,0.19219308730424925,6.6164149964380155
epig@gamma-poisson,34,240.0,240,0.5919667538255453,1.5738775952203994,0.12733783653094766,6.6164149964380155
eig@lognormal-poisson,34,30.0,30,1.9662402903777547,1.7558216524830286,0.33761223607556345,11.027358327396692
eig@lognormal-poisson,34,60.0,60,2.066340968303848,1.6705837239635912,0.23552062062976484,11.027358327396692
eig@lognormal-poisson,34,120.0,120,2.2535706181661226,1.6658986894455747,0.23927389229956722,11.027358327396692
eig@lognormal-poisson,34,180.0,180,2.4310117184068076,1.57996953351367,0.17493833589848853,11.027358327396692
eig@lognormal-poisson,34,240.0,240,2.608271729608532,1.5501384863706278,0.127910973359247,11.027358327396692
maxent@lognormal-poisson,34,30.0,30,1.8711574043263681,1.7907873681542814,0.43644534542483376,11.027358327396692
maxent@lognormal-poisson,34,60.0,60,1.9252415962982923,1.7904206672237875,0.4383673428209494,11.027358327396692
maxent@lognormal-poisson,34,120.0,120,2.0341014081495814,1.7903058880766622,0.4363005438117245,11.027358327396692
maxent@lognormal-poisson,34,180.0,180,2.1429682662710547,1.7910336363801884,0.436684032274215,11.027358327396692
maxent@lognormal-poisson,34,240.0,240,2.2510234342771582,1.7913104708742476,0.4369036736040203,11.027358327396692
d-optimality@lognormal-poisson,34,30.0,30,0.002470916777383536,1.7867521252131293,0.4177745007407075,11.027358327396692
d-optimality@lognormal-poisson,34,60.0,60,0.004556063620839268,1.6714784220316794,0.21340523482132293,11.027358327396692
d-optimality@lognormal-poisson,34,120.0,120,0.008713439223356545,1.6752434344474878,0.19747540883565246,11.027358327396692
d-optimality@lognormal-poisson,34,180.0,180,0.012833683227654546,1.5735738274824451,0.17165280400026578,11.027358327396692
d-optimality@lognormal-poisson,34,240.0,240,0.016948065487667918,1.554454992617021,0.11811819353043378,11.027358327396692
neyman@lognormal-poisson,34,30.0,30,0.0021065467735752463,1.7965580563000534,0.42325526161018723,11.027358327396692
neyman@lognormal-poisson,34,60.0,60,0.004202706273645163,1.6864977187048924,0.23244822356220352,11.027358327396692
neyman@lognormal-poisson,34,120.0,120,0.008415079733822495,1.6587418979518758,0.21412834985082832,11.027358327396692
neyman@lognormal-poisson,34,180.0,180,0.012645247741602361,1.6285335560116938,0.1883826094411425,11.027358327396692
neyman@lognormal-poisson,34,240.0,240,0.016889510152395815,1.5978569870975405,0.139901985748708,11.027358327396692
predictive-variance@lognormal-poisson,34,30.0,1,0.0003737910301424563,2.0637167009110775,1.2947758415531359,88.21886661917354
predictive-variance@lognormal-poisson,34,60.0,2,0.0004521469818428159,1.9431305211059067,0.8706197777016943,176.43773323834708
predictive-variance@lognormal-poisson,34,120.0,3,0.0005271179834380746,1.8972622264068832,0.8263276171872588,232.57560253439584
predictive-variance@lognormal-poisson,34,180.0,5,0.00067601801129058,1.725099708550889,0.6047515301774908,232.57560253439584
predictive-variance@lognormal-poisson,34,240.0,6,0.0007495559984818101,1.643881152480768,0.27997485489270324,232.57560253439584
epistemic@lognormal-poisson,34,30.0,1,0.0003625389654189348,2.0637167009110775,1.2947758415531359,88.21886661917354
epistemic@lognormal-poisson,34,60.0,2,0.00043978297617286444,1.9431305211059067,0.8706197777016943,176.43773323834708
epistemic@lognormal-poisson,34,120.0,3,0.0005133809754624963,1.8972622264068832,0.8263276171872588,232.57560253439584
epistemic@lognormal-poisson,34,180.0,5,0.0006616690079681575,1.725099708550889,0.6047515301774908,232.57560253439584
epistemic@lognormal-poisson,34,240.0,6,0.0007344840560108423,1.643881152480768,0.27997485489270324,232.57560253439584
thompson@lognormal-poisson,34,30.0,1,0.00019782996969297528,1.9678321968111525,1.1572470920245477,88.21886661917354
thompson@lognormal-poisson,34,60.0,2,0.00033693102886900306,1.8873735107792726,1.0608798276227673,176.43773323834708
thompson@lognormal-poisson,34,120.0,3,0.00047292502131313086,1.8061549547091518,0.9154930446361054,272.6823101875735
thompson@lognormal-poisson,34,180.0,5,0.0007391541148535907,1.7655741462441208,0.8759575452364887,384.95804877967106
thompson@lognormal-poisson,34,240.0,6,0.0008746781386435032,1.6738703144200064,0.814839571157868,384.95804877967106
eig,35,30.0,30,0.15687423606868833,1.8600263257280991,0.6425817673138325,9.263081468883069
eig,35,60.0,60,0.25309202319476753,1.7659698058093696,0.5230105204482685,33.34709328797904
eig,35,120.0,120,0.43976522923912853,1.7941924174788648,0.5911999860352358,113.00959392037359
eig,35,180.0,180,0.6241360794520006,1.7016977853719462,0.26323690001348166,155.61976867723564
eig,35,240.0,240,0.8004953232011758,1.6881756183517096,0.30590337762531955,155.61976867723564
epig,35,30.0,30,1.155315745738335,1.9129372122138868,0.8109572159234492,18.526162937766134
epig,35,60.0,60,2.02246662566904,1.7659698058093696,0.5230105204482685,48.16802363819195
epig,35,120.0,119,3.683568400447257,1.7747343313724022,0.5320775568705965,117.64113465481512
epig,35,180.0,172,5.145906160294544,1.6783032419331667,0.24737945140185086,163.03023385234206
epig,35,240.0,221,6.41883348749252,1.687580518570541,0.2930790670445152,163.03023385234206
maxent,35,30.0,30,0.12706559104844928,2.0921750988657615,1.0869091920141165,0.0
maxent,35,60.0,60,0.23478629108285531,2.076305796543833,1.0617699547378137,0.0
maxent,35,120.0,120,0.4501166852423921,2.077084888224027,1.0627182027290998,0.0
maxent,35,180.0,180,0.6673508981475607,2.0788561209672305,1.0653340325395382,0.0
maxent,35,240.0,240,0.8863203581422567,2.078152602189237,1.064166182440695,0.0
d-optimality,35,30.0,30,0.007594782277010381,1.9042223885836884,0.8019760130714828,12.968314056436295
d-optimality,35,60.0,60,0.012068175012245774,1.7725622319497674,0.5503265761483674,48.16802363819195
d-optimality,35,120.0,120,0.02255926770158112,1.7724803848037956,0.5156884566854102,98.18866357016063
d-optimality,35,180.0,180,0.03442795109003782,1.7147145694277748,0.329519693900854,177.8511642025549
d-optimality,35,240.0,240,0.04695308260852471,1.6815076120750196,0.2653864624423355,177.8511642025549
neyman,35,30.0,30,0.010130217007827014,2.2332950160358505,1.0617004390917497,3.705232587553228
neyman,35,60.0,60,0.01979116105940193,1.8063348114297328,0.5090237838869132,31.494476994202426
neyman,35,120.0,120,0.043162525340449065,1.72482576954077,0.2918287348822402,90.77819839505415
neyman,35,180.0,180,0.06988988735247403,1.7017797512472645,0.17399819148628692,90.77819839505415
neyman,35,240.0,240,0.09395233716350049,1.6816187254643529,0.12171128286659798,90.77819839505415
predictive-variance,35,30.0,1,0.00229171896353364,2.0779624619486445,1.0646838598887152,0.0
predictive-variance,35,60.0,2,0.002662822953425348,1.9339558844872908,0.9417757882129568,0.0
predictive-variance,35,120.0,3,0.003028938896022737,1.7601130298292123,0.5031410460182176,0.0
predictive-variance,35,180.0,5,0.0035351758706383407,1.6621604314778307,0.12026209055977276,0.0
predictive-variance,35,240.0,6,0.003897674905601889,1.6750587000280401,0.132505172325458,0.0
epistemic,35,30.0,1,0.0022711309720762074,2.0779624619486445,1.0646838598887152,0.0
epistemic,35,60.0,2,0.0026410629507154226,1.9339558844872908,0.9417757882129568,0.0
epistemic,35,120.0,3,0.0030101329903118312,1.7601130298292123,0.5031410460182176,0.0
epistemic,35,180.0,5,0.003515952092129737,1.6621604314778307,0.12026209055977276,0.0
epistemic,35,240.0,6,0.0038779191090725362,1.6750587000280401,0.132505172325458,0.0
thompson,35,30.0,1,0.0011721840128302574,2.1729140258193325,1.3297623479715441,0.0
thompson,35,60.0,2,0.002229581994470209,2.037142814257584,0.96966939925843,0.0
thompson,35,120.0,3,0.003299023024737835,2.035652468549109,0.9666351901059876,0.0
thompson,35,180.0,5,0.005293806956615299,1.862422385874907,0.5498056726577213,0.0
thompson,35,240.0,6,0.006318473955616355,1.863848228389483,0.5538824019289738,0.0
uniform,35,30.0,3,6.900983862578869e-06,2.2216717346199926,1.4009344766701528,0.0
uniform,35,60.0,6,9.856943506747484e-06,2.0892835152086278,1.1535333790428561,44.92022891183697
uniform,35,120.0,12,1.4105986338108778e-05,1.764100667319583,0.5228450065641528,44.92022891183697
uniform,35,180.0,18,1.839816104620695e-05,1.7028371327148555,0.2987732921234954,44.92022891183697
uniform,35,240.0,24,2.2584281396120787e-05,1.7259631999749487,0.39266615171500885,44.92022891183697
random,35,30.0,4,2.4276087060570717e-05,2.1742462785633645,1.318399643306577,41.68386660997381
random,35,60.0,9,3.565713996067643e-05,2.034702819739186,0.9647608158205445,41.68386660997381
random,35,120.0,12,4.358211299404502e-05,1.913536873359014,0.7264223092807248,41.68386660997381
random,35,180.0,20,6.022601155564189e-05,1.8739765667004111,0.7203285492671575,41.68386660997381
random,35,240.0,23,6.88819563947618e-05,1.8569902621884673,0.6922607009582527,41.68386660997381
eig@gamma-poisson,35,30.0,30,0.010449546854943037,1.903706147809502,0.7614077901621024,9.263081468883069
eig@gamma-poisson,35,60.0,60,0.017246541334316134,1.7902431477712992,0.5357058272361401,44.46279105063872
eig@gamma-poisson,35,120.0,120,0.03035757294856012,1.7808408369122342,0.5039926857410931,92.63081468883077
eig@gamma-poisson,35,180.0,180,0.04309730400564149,1.7413515251489609,0.3674017506158238,187.11424567143794
eig@gamma-poisson,35,240.0,240,0.055866291804704815,1.709502086958704,0.25840157087514065,187.11424567143794
maxent@gamma-poisson,35,30.0,30,0.009029478300362825,2.075672727253489,1.086014565663134,0.0
maxent@gamma-poisson,35,60.0,60,0.01434714172501117,2.060420058580287,1.0618032814345058,0.0
maxent@gamma-poisson,35,120.0,120,0.0250429876614362,2.0612000350149082,1.062753634801509,0.0
maxent@gamma-poisson,35,180.0,180,0.03670222777873278,2.0629733876389764,1.0653735616782307,0.0
maxent@gamma-poisson,35,240.0,240,0.047141335788182914,2.062260972842919,1.0641915136970652,0.0
d-optimality@gamma-poisson,35,30.0,30,0.0002111179637722671,2.052461847560014,0.9331930899394691,5.518116147640698
d-optimality@gamma-poisson,35,60.0,60,0.00036992074456065893,1.8420961968270626,0.6870839882578035,40.71782572939635
d-optimality@gamma-poisson,35,120.0,120,0.0006759919342584908,1.808085272383181,0.56393855402345,77.77015160492867
d-optimality@gamma-poisson,35,180.0,180,0.0009818263933993876,1.7796240367371146,0.4745363567950507,188.9271292315254
d-optimality@gamma-poisson,35,240.0,240,0.001287919352762401,1.716708375739808,0.24277774166918076,194.48497811285523
neyman@gamma-poisson,35,30.0,30,0.0002110280911438167,2.2718466747517825,1.1053945018497775,1.852616293776614
neyman@gamma-poisson,35,60.0,60,0.00040416320553049445,1.8012599940752192,0.46902104707304426,16.67354664398952
neyman@gamma-poisson,35,120.0,120,0.0007850260008126497,1.7478798248200285,0.2922119915434984,74.10465175106457
neyman@gamma-poisson,35,180.0,180,0.0011618732241913676,1.7186511354876501,0.17827398971803385,74.10465175106457
neyman@gamma-poisson,35,240.0,240,0.0015398234827443957,1.7300637092842097,0.15718476942277226,74.10465175106457
predictive-variance@gamma-poisson,35,30.0,1,5.7677971199154854e-05,2.0619298539515105,1.06448182375999,0.0
predictive-variance@gamma-poisson,35,60.0,2,6.4861960709095e-05,1.9260795058372653,0.9415636484060772,0.0
predictive-variance@gamma-poisson,35,120.0,3,7.174594793468714e-05,1.7696357942763858,0.5028451137628946,0.0
predictive-variance@gamma-poisson,35,180.0,5,8.409994188696146e-05,1.6778069789635268,0.12261146141175516,0.0
predictive-variance@gamma-poisson,35,240.0,6,9.028194472193718e-05,1.68684910167939,0.13343328106184565,0.0
epistemic@gamma-poisson,35,30.0,1,3.835198003798723e-05,2.0619298539515105,1.06448182375999,0.0
epistemic@gamma-poisson,35,60.0,2,4.49240324087441e-05,1.9260795058372653,0.9415636484060772,0.0
epistemic@gamma-poisson,35,120.0,3,5.086604505777359e-05,1.7696357942763858,0.5028451137628946,0.0
epistemic@gamma-poisson,35,180.0,5,6.209715502336621e-05,1.6778069789635268,0.12261146141175516,0.0
epistemic@gamma-poisson,35,240.0,6,6.764614954590797e-05,1.68684910167939,0.13343328106184565,0.0
thompson@gamma-poisson,35,30.0,1,2.8593058232218027e-05,2.0619298539515105,1.06448182375999,0.0
thompson@gamma-poisson,35,60.0,2,4.1638093534857035e-05,1.9054861423906309,0.7067054956280234,0.0
thompson@gamma-poisson,35,120.0,3,5.2669085562229156e-05,1.7696357942763858,0.5028451137628946,0.0
thompson@gamma-poisson,35,180.0,5,7.375812856480479e-05,1.7689059753397833,0.4991762650643985,0.0
thompson@gamma-poisson,35,240.0,6,8.378707570955157e-05,1.7703354941870904,0.5036767564988293,0.0
epig@gamma-poisson,35,30.0,30,0.09877378086093813,1.8738476694623138,0.7450348776880112,5.557848881329842
epig@gamma-poisson,35,60.0,60,0.1692559277289547,1.7895148519092574,0.5372578702056897,42.61017475686211
epig@gamma-poisson,35,120.0,119,0.3069678376778029,1.8178259089182138,0.606948796882544,84.29404136683596
epig@gamma-poisson,35,180.0,174,0.43500681675504893,1.7412558686543476,0.36310706141632176,160.25130941167708
epig@gamma-poisson,35,240.0,221,0.544539266906213,1.7192280405332232,0.2923533671794718,160.25130941167708
eig@lognormal-poisson,35,30.0,30,0.9562329225591384,1.8650549951891715,0.6535814753063228,18.526162937766134
eig@lognormal-poisson,35,60.0,60,1.068086454353761,1.7676548606392783,0.529541499057917,48.16802363819195
eig@lognormal-poisson,35,120.0,120,1.2704628955107182,1.7899008984256373,0.5692569877643057,125.97790797680993
eig@lognormal-poisson,35,180.0,180,1.4691477689193562,1.6808486573780275,0.2578869843236843,177.8511642025549
eig@lognormal-poisson,35,240.0,240,1.6614645781810395,1.688906042798348,0.30336404734456107,177.8511642025549
maxent@lognormal-poisson,35,30.0,30,0.8510149086941965,2.087057672116151,1.087485613155174,0.0
maxent@lognormal-poisson,35,60.0,60,0.9196344696683809,2.07079800047098,1.061783650151281,0.0
maxent@lognormal-poisson,35,120.0,120,1.0628229305148125,2.0724939189642164,1.064022561923497,0.0
maxent@lognormal-poisson,35,180.0,180,1.2057190155028366,2.074223915886249,1.0663669875024597,0.0
maxent@lognormal-poisson,35,240.0,240,1.4302110513672233,2.0742582999098698,1.0664032976296156,0.0
d-optimality@lognormal-poisson,35,30.0,30,0.004881619184743613,1.9098002562559102,0.8074127275841889,9.263081468883069
d-optimality@lognormal-poisson,35,60.0,60,0.009172166406642646,1.7790847133373484,0.5590481017351075,46.315407344415334
d-optimality@lognormal-poisson,35,120.0,120,0.01765633816830814,1.791133070498178,0.5583852532468108,96.33604727638401
d-optimality@lognormal-poisson,35,180.0,180,0.026193139026872814,1.6963347785063512,0.32505146511500016,172.2933153212251
d-optimality@lognormal-poisson,35,240.0,240,0.034762409050017595,1.6822988343074279,0.26765599850731264,172.2933153212251
neyman@lognormal-poisson,35,30.0,30,0.004359459038823843,2.219853204528133,1.0599740656235923,1.852616293776614
neyman@lognormal-poisson,35,60.0,60,0.008743603073526174,1.8087338084006435,0.516402325135062,29.641860700425813
neyman@lognormal-poisson,35,120.0,120,0.017525689501781017,1.7229448933979505,0.2913082162461831,90.77819839505415
neyman@lognormal-poisson,35,180.0,180,0.02402471809182316,1.7033132267555235,0.17622752745133202,90.77819839505415
neyman@lognormal-poisson,35,240.0,240,0.028420899412594736,1.6792876995585078,0.12079018976008278,90.77819839505415
predictive-variance@lognormal-poisson,35,30.0,1,0.00035977299557998776,2.0725645294502812,1.0648709789651882,0.0
predictive-variance@lognormal-poisson,35,60.0,2,0.00043817993719130754,1.935452370994592,0.94198480709449,0.0
predictive-variance@lognormal-poisson,35,120.0,3,0.0005144529277458787,1.7616778893568295,0.503398684195919,0.0
predictive-variance@lognormal-poisson,35,180.0,5,0.0006598759791813791,1.6612281253556915,0.12113245121051822,0.0
predictive-variance@lognormal-poisson,35,240.0,6,0.0007333740359172225,1.674126786509218,0.13284580841194074,0.0
epistemic@lognormal-poisson,35,30.0,1,0.0003444850444793701,2.0725645294502812,1.0648709789651882,0.0
epistemic@lognormal-poisson,35,60.0,2,0.0004206569865345955,1.935452370994592,0.94198480709449,0.0
epistemic@lognormal-poisson,35,120.0,3,0.0004951059818267822,1.7616778893568295,0.503398684195919,0.0
epistemic@lognormal-poisson,35,180.0,5,0.0006413410883396864,1.6612281253556915,0.12113245121051822,0.0
epistemic@lognormal-poisson,35,240.0,6,0.0007147781434468925,1.674126786509218,0.13284580841194074,0.0
thompson@lognormal-poisson,35,30.0,1,0.00017536699306219816,2.0330212125919696,1.1522307660304913,74.10465175106455
thompson@lognormal-poisson,35,60.0,2,0.0003113109269179404,2.0345398548119027,1.1541747131356692,148.2093035021291
thompson@lognormal-poisson,35,120.0,3,0.0004444899968802929,2.0354010473372255,1.1551244474070053,222.31395525319365
thompson@lognormal-poisson,35,180.0,5,0.0007056989124976099,1.8997507893859045,1.0446084139143503,370.5232587553228
thompson@lognormal-poisson,35,240.0,6,0.0008469329332001507,1.8999218223548933,1.0448008177388832,444.62791050638737
eig,36,30.0,30,0.15353956603212282,2.0354851988038978,0.3770759367164139,27.243842759039595
eig,36,60.0,60,0.24586789618479088,1.981363691258238,0.3053328381641496,47.34225964078761
eig,36,120.0,120,0.4112520706257783,1.9574506594328644,0.27332890718729713,65.6987581386348
eig,36,180.0,180,0.5692679341882467,1.8364145628500177,0.2530125221527875,65.6987581386348
eig,36,240.0,240,0.7230478492565453,1.6848019146484103,0.14367665057000328,65.6987581386348
epig,36,30.0,30,1.0659015033161268,2.051826746006821,0.39972383488266416,26.813403580050107
epig,36,60.0,60,1.7971995202242397,1.9927028252396068,0.31800345297195814,48.441528669952056
epig,36,120.0,120,3.2309736583265476,1.988933317974254,0.28683463195303166,72.15200589633797
epig,36,180.0,180,4.648899063817225,1.6962609826224115,0.17572248540212726,72.15200589633797
epig,36,240.0,240,6.1116055437596515,1.6883689988918018,0.1433943924090105,72.15200589633797
maxent,36,30.0,30,0.10100821015657857,2.0979266487059807,0.40388391604296564,26.613718273539252
maxent,36,60.0,60,0.1577310831635259,2.0905304865824923,0.3966345670663031,51.814105118518654
maxent,36,120.0,120,0.3022391304257326,2.087734708380408,0.3909283142007579,102.21487880847714
maxent,36,180.0,180,0.4616449436871335,2.0913412100603264,0.40423456614800146,152.61565249843594
maxent,36,240.0,240,0.6206430051242933,2.0909716269114447,0.4042445828005192,203.01642618839517
d-optimality,36,30.0,30,0.006636246747802943,2.05798040074212,0.40556838049507465,27.85843296155604
d-optimality,36,60.0,60,0.010869270656257868,1.9886031616941402,0.32332980285110585,48.257485006326775
d-optimality,36,120.0,120,0.019521056674420834,1.8521102285749116,0.29752205819661526,75.86739154385316
d-optimality,36,180.0,180,0.02800250705331564,1.7101940889342304,0.19591965960734886,78.16195385608404
d-optimality,36,240.0,240,0.03643814072711393,1.6906062613182147,0.15126441096610077,78.16195385608404
neyman,36,30.0,30,0.010108663002029061,2.064102951893244,0.3938803895390277,27.02862316954485
neyman,36,60.0,60,0.01950265490449965,1.8651642541691178,0.296933613887417,45.13311290208468
neyman,36,120.0,120,0.037184909684583545,1.729117609261268,0.2006994236440261,78.02183937739414
neyman,36,180.0,180,0.053962579811923206,1.6880755627846085,0.15736370254072832,78.02183937739414
neyman,36,240.0,240,0.07241735188290477,1.6767415289748613,0.13477508026504084,78.02183937739414
predictive-variance,36,30.0,1,0.002293641970027238,2.117845534380421,0.6263642823789985,33.60051579330587
predictive-variance,36,60.0,2,0.002437642018776387,2.076781634524714,0.43393207976604303,67.20103158661173
predictive-variance,36,120.0,3,0.0025820229784585536,2.0568497425967314,0.309883568832846,100.8015473799176
predictive-variance,36,180.0,5,0.0031000220333226025,1.9937834481197667,0.2755312220680795,100.8015473799176
predictive-variance,36,240.0,6,0.003244652005378157,1.9796464980962478,0.27509849652933066,100.8015473799176
epistemic,36,30.0,1,0.0023067170404829085,2.117845534380421,0.6263642823789985,33.60051579330587
epistemic,36,60.0,2,0.002449916035402566,2.076781634524714,0.43393207976604303,67.20103158661173
epistemic,36,120.0,3,0.002592303091660142,2.0568497425967314,0.309883568832846,100.8015473799176
epistemic,36,180.0,5,0.0031112440628930926,1.9937834481197667,0.2755312220680795,100.8015473799176
epistemic,36,240.0,6,0.0032564260181970894,1.9796464980962478,0.27509849652933066,100.8015473799176
thompson,36,30.0,1,0.0013106229598633945,2.117845534380421,0.6263642823789985,33.60051579330587
thompson,36,60.0,2,0.0023604079615324736,2.0481461700055372,0.6027394816485871,33.60051579330587
thompson,36,120.0,3,0.003375616914127022,2.045996216904587,0.6012328201618357,33.60051579330587
thompson,36,180.0,5,0.005381541908718646,2.0049018145292767,0.3970196343292851,33.60051579330587
thompson,36,240.0,6,0.006414244882762432,1.9849699226012942,0.2556469566129371,33.60051579330587
uniform,36,30.0,3,5.901965778321028e-06,1.9468697548841565,1.0738521630583875,31.190946040304926
uniform,36,60.0,6,8.687027730047703e-06,1.8768143626160827,0.6069987430195997,61.41976492905816
uniform,36,120.0,12,1.276808325201273e-05,1.7286537023387698,0.21900341223124248,61.41976492905816
uniform,36,180.0,18,1.7048034351319075e-05,1.6978288523602398,0.16995073424398247,61.41976492905816
uniform,36,240.0,24,2.0987121388316154e-05,1.6900865554363493,0.17142413302093287,61.41976492905816
random,36,30.0,4,2.3153843358159065e-05,2.0704242411006373,0.6489475309576259,2.599245503358744
random,36,60.0,8,3.292097244411707e-05,2.063933043110361,0.6504110497249322,2.599245503358744
random,36,120.0,11,4.026398528367281e-05,1.909883650447133,0.4287020116366685,2.599245503358744
random,36,180.0,15,4.912191070616245e-05,1.913041993906378,0.3279039900435048,2.599245503358744
random,36,240.0,20,5.979090929031372e-05,1.9038160433786058,0.3061863146066497,2.599245503358744
eig@gamma-poisson,36,30.0,30,0.01025269110687077,2.0559906277182622,0.40681992749605933,25.615291740984997
eig@gamma-poisson,36,60.0,60,0.0169527301331982,1.9965407318386619,0.3158656727136005,32.87477263145609
eig@gamma-poisson,36,120.0,120,0.029860214854124933,2.0011954923846664,0.31624287554206976,58.11495806599601
eig@gamma-poisson,36,180.0,180,0.04227559361606836,1.7072890494396857,0.19380901392765418,61.174374482303875
eig@gamma-poisson,36,240.0,240,0.05453488999046385,1.716934796583956,0.1743143463928002,61.174374482303875
maxent@gamma-poisson,36,30.0,30,0.00796054967213422,2.121691611751871,0.4184581819107917,25.615291740984997
maxent@gamma-poisson,36,60.0,60,0.013255518686491996,2.1135905544925895,0.4106757447874209,50.8156785859644
maxent@gamma-poisson,36,120.0,120,0.02344628662103787,2.1198858023411575,0.42450175569003545,101.21645227592289
maxent@gamma-poisson,36,180.0,180,0.0336404264671728,2.118515030512081,0.4234319892767038,151.83244555537644
maxent@gamma-poisson,36,240.0,240,0.043741951463744044,2.11821260766309,0.423434929012896,202.23321924533568
d-optimality@gamma-poisson,36,30.0,30,0.0002093208022415638,2.0550920825389847,0.3821729845002692,26.045730919974485
d-optimality@gamma-poisson,36,60.0,60,0.00037305179284885526,1.9918087292342,0.3133502328002534,35.21071397237792
d-optimality@gamma-poisson,36,120.0,120,0.0006842888542450964,1.8936826797369128,0.2980615529605648,58.9211911987639
d-optimality@gamma-poisson,36,180.0,180,0.0009950404637493193,1.708013759252798,0.19309088511258934,69.62914865584139
d-optimality@gamma-poisson,36,240.0,240,0.001306782360188663,1.7018619807262623,0.16600207397638989,69.62914865584139
neyman@gamma-poisson,36,30.0,30,0.00020581705030053854,2.08083804701072,0.4004519267756842,25.615291740984997
neyman@gamma-poisson,36,60.0,60,0.00039849517634138465,1.8668324916731127,0.2956089348392718,35.93418904776396
neyman@gamma-poisson,36,120.0,120,0.0007791572716087103,1.7361636182755362,0.19180145609247376,67.29320731491958
neyman@gamma-poisson,36,180.0,180,0.0011592162773013115,1.696534775483621,0.15930486242705322,67.29320731491958
neyman@gamma-poisson,36,240.0,240,0.0015360473771579564,1.6813909190253995,0.1334476437235122,67.29320731491958
predictive-variance@gamma-poisson,36,30.0,1,5.623500328511e-05,2.152434616850467,0.6265106954716572,41.5879280537399
predictive-variance@gamma-poisson,36,60.0,2,6.426998879760504e-05,2.0989887338085453,0.4343508917958727,75.18844384704576
predictive-variance@gamma-poisson,36,120.0,3,7.118395296856761e-05,2.0722427403846404,0.3105654024927225,108.78895964035164
predictive-variance@gamma-poisson,36,180.0,5,8.390890434384346e-05,2.0074990583943673,0.2779701881192712,108.78895964035164
predictive-variance@gamma-poisson,36,240.0,6,9.020190918818116e-05,1.9858008386511272,0.2773507563789032,108.78895964035164
epistemic@gamma-poisson,36,30.0,1,3.7560006603598595e-05,2.152434616850467,0.6265106954716572,41.5879280537399
epistemic@gamma-poisson,36,60.0,2,4.43120370618999e-05,2.0989887338085453,0.4343508917958727,75.18844384704576
epistemic@gamma-poisson,36,120.0,3,5.052395863458514e-05,2.0722427403846404,0.3105654024927225,108.78895964035164
epistemic@gamma-poisson,36,180.0,5,6.461003795266151e-05,2.0074990583943673,0.2779701881192712,108.78895964035164
epistemic@gamma-poisson,36,240.0,6,7.037102477625012e-05,1.9858008386511272,0.2773507563789032,108.78895964035164
thompson@gamma-poisson,36,30.0,1,2.558802952989936e-05,2.1843367582267788,0.9937732770241628,33.60051579330587
thompson@gamma-poisson,36,60.0,2,3.7590041756629944e-05,2.0989887338085453,0.4343508917958727,67.20103158661173
thompson@gamma-poisson,36,120.0,3,4.797999281436205e-05,2.094150287932131,0.42971460854859667,100.8015473799176
thompson@gamma-poisson,36,180.0,5,6.860803114250302e-05,2.0672788511220883,0.30405295914823516,168.00257896652934
thompson@gamma-poisson,36,240.0,6,7.841701153665781e-05,2.069286335651254,0.31945517210323743,198.59674312960794
epig@gamma-poisson,36,30.0,30,0.09822706336854026,2.01921660978871,0.37581822782767155,25.615291740984997
epig@gamma-poisson,36,60.0,60,0.1685093143605627,1.9974043239976835,0.3168011230012676,35.39481131595404
epig@gamma-poisson,36,120.0,120,0.3085822649882175,2.0216510551983418,0.3178343214060511,59.87014264641699
epig@gamma-poisson,36,180.0,180,0.44810039666481316,1.715213987633395,0.1991403508378994,67.51868368718662
epig@gamma-poisson,36,240.0,240,0.5873777970555238,1.681875296522665,0.1503154207102436,67.51868368718662
eig@lognormal-poisson,36,30.0,30,0.7228370060329325,2.02984770041214,0.3652801798977616,26.4140329670284
eig@lognormal-poisson,36,60.0,60,0.8228866899153218,1.9972671110897684,0.31624671172681573,48.718587173731464
eig@lognormal-poisson,36,120.0,120,1.0127902107778937,1.962472262704915,0.2734985087138062,67.91509856641129
eig@lognormal-poisson,36,180.0,180,1.1983170966268517,1.9918618145216411,0.26875674515099685,67.91509856641129
eig@lognormal-poisson,36,240.0,240,1.3780760785448365,1.6884008117771607,0.15477015140491243,67.91509856641129
maxent@lognormal-poisson,36,30.0,30,0.6115408227196895,2.0947781005493877,0.4027068849803275,26.4140329670284
maxent@lognormal-poisson,36,60.0,60,0.6492902276222594,2.086638531728564,0.39458157440536396,51.6144198120078
maxent@lognormal-poisson,36,120.0,120,0.7227032543160021,2.083845028937708,0.38627862177605715,102.0151935019663
maxent@lognormal-poisson,36,180.0,180,0.7988587754080072,2.086473606047339,0.4000560045340133,152.4159671919251
maxent@lognormal-poisson,36,240.0,240,0.87728990719188,2.0861282641234937,0.4000760605857206,202.81674088188433
d-optimality@lognormal-poisson,36,30.0,30,0.002347826899494976,2.0624181219450275,0.4107967872459528,26.844472146017893
d-optimality@lognormal-poisson,36,60.0,60,0.004421620862558484,1.9942133406125497,0.321128959287857,49.14902635272096
d-optimality@lognormal-poisson,36,120.0,120,0.008525821496732533,1.861953069509127,0.3070801117147276,76.21955515843742
d-optimality@lognormal-poisson,36,180.0,180,0.012630027369596064,1.7351946783018761,0.22225918137047382,83.10324209513006
d-optimality@lognormal-poisson,36,240.0,240,0.016706018359400332,1.6864724977785481,0.1521497493164043,83.10324209513006
neyman@lognormal-poisson,36,30.0,30,0.002086767344735563,2.071701344973845,0.40306636278035973,27.02862316954485
neyman@lognormal-poisson,36,60.0,60,0.004181452910415828,1.8700059652476966,0.30412293638483356,44.368258798007716
neyman@lognormal-poisson,36,120.0,120,0.008373785938601941,1.7467304014136296,0.22826962627134184,78.08373197162965
neyman@lognormal-poisson,36,180.0,180,0.012563718832097948,1.6949278148156657,0.1664067045071405,78.08373197162965
neyman@lognormal-poisson,36,240.0,240,0.01676512381527573,1.6829693400293253,0.14682908029160907,78.08373197162965
predictive-variance@lognormal-poisson,36,30.0,1,0.00037082406925037503,2.1179787034421236,0.6263614038319358,33.60051579330587
predictive-variance@lognormal-poisson,36,60.0,2,0.0004488701233640313,2.074797357450667,0.43425841357040473,67.20103158661173
predictive-variance@lognormal-poisson,36,120.0,3,0.000527086085639894,2.0533538655535954,0.31025421190296254,100.8015473799176
predictive-variance@lognormal-poisson,36,180.0,5,0.000677598116453737,1.9943518881967763,0.2750938308096471,100.8015473799176
predictive-variance@lognormal-poisson,36,240.0,6,0.000751426094211638,1.9824114537649626,0.27466458753833045,100.8015473799176
epistemic@lognormal-poisson,36,30.0,1,0.000359382014721632,2.1179787034421236,0.6263614038319358,33.60051579330587
epistemic@lognormal-poisson,36,60.0,2,0.00043590605491772294,2.074797357450667,0.43425841357040473,67.20103158661173
epistemic@lognormal-poisson,36,120.0,3,0.0005121990689076483,2.0533538655535954,0.31025421190296254,100.8015473799176
epistemic@lognormal-poisson,36,180.0,5,0.0006623601075261831,1.9943518881967763,0.2750938308096471,100.8015473799176
epistemic@lognormal-poisson,36,240.0,6,0.0007359480950981379,1.9824114537649626,0.27466458753833045,100.8015473799176
thompson@lognormal-poisson,36,30.0,1,0.00019856198923662305,2.156387789768819,0.9938269678413669,33.60051579330587
thompson@lognormal-poisson,36,60.0,2,0.0003428719937801361,2.074797357450667,0.43425841357040473,67.20103158661173
thompson@lognormal-poisson,36,120.0,3,0.0004822220653295517,2.0697734978481725,0.429506161617655,100.8015473799176
thompson@lognormal-poisson,36,180.0,5,0.0007501340587623417,2.0006094974472677,0.39197300155936826,100.8015473799176
thompson@lognormal-poisson,36,240.0,6,0.0008869600133039057,2.000576417794845,0.39219909105901435,100.8015473799176
eig,37,30.0,30,0.15879650879651308,2.0305404988917877,0.6331425656591333,27.084344957660868
eig,37,60.0,60,0.25487526768120006,1.99117262521529,0.5334455327767553,54.26332662075818
eig,37,120.0,120,0.44399249309208244,1.8587957293580029,0.25938651474882524,104.99059131214403
eig,37,180.0,180,0.6322317410958931,1.866637773574361,0.23294092929558174,104.99059131214403
eig,37,240.0,240,0.8132806680514477,1.8091572869800137,0.12839666786481996,104.99059131214403
epig,37,30.0,30,1.274017630959861,2.0190967127984742,0.628808302215658,25.32058550113874
epig,37,60.0,60,2.127183105738368,1.99117262521529,0.5334455327767553,51.7940633816272
epig,37,120.0,120,3.929870559135452,1.8514904001088717,0.2665851393043771,102.7106014838858
epig,37,180.0,176,5.514692654833198,1.8718522965566615,0.2228974067662326,102.7106014838858
epig,37,240.0,228,6.97698203206528,1.8204287734123612,0.12530378801658312,102.7106014838858
maxent,37,30.0,30,0.12716633675154299,2.370602534852884,1.8339110454115155,34.58677138049019
maxent,37,60.0,60,0.2379810237325728,2.377303539809922,1.8367386385632336,69.17354276098041
maxent,37,120.0,120,0.4584852405823767,2.3812315648146303,1.8386597413853933,138.34708552196122
maxent,37,180.0,180,0.6709276840556413,2.3728830946067414,1.8347968406485982,207.52062828294203
maxent,37,240.0,240,0.8820567509392276,2.3724033238154694,1.8346275103737832,276.69417104392284
d-optimality,37,30.0,30,0.006616132101044059,2.057743627055083,0.7152312536205251,26.731593066356442
d-optimality,37,60.0,60,0.011056126502808183,1.9924388402255573,0.5184177766858729,50.73580770771395
d-optimality,37,120.0,120,0.021850135235581547,1.8572404029153848,0.3101538887961235,106.0746419164985
d-optimality,37,180.0,180,0.03500079701188952,1.8679589300888342,0.241758389856025,106.0746419164985
d-optimality,37,240.0,240,0.047062273253686726,1.8094102751277423,0.16539859191509165,106.0746419164985
neyman,37,30.0,30,0.01012874796288088,2.0508325933960174,0.7292006923583356,21.956545068526122
neyman,37,60.0,60,0.01995349896606058,2.0409445799695316,0.674783990910824,52.66304564466763
neyman,37,120.0,120,0.04429036972578615,1.9164748974695807,0.2607473627141956,69.34556425774026
neyman,37,180.0,180,0.0687270017224364,1.8424894613660119,0.1283089956468104,69.34556425774026
neyman,37,240.0,240,0.09316738689085469,1.851846407171024,0.17831578936178152,69.34556425774026
predictive-variance,37,30.0,1,0.0022718010004609823,2.3731458399656558,1.834810653006267,46.11569517398692
predictive-variance,37,60.0,2,0.002637424971908331,2.136796475860443,1.1148974077905773,46.11569517398692
predictive-variance,37,120.0,3,0.0030017170356586576,1.9528772509307728,0.24729037051823893,46.11569517398692
predictive-variance,37,180.0,5,0.0035069220466539264,1.8767710823537955,0.142865243301445,46.11569517398692
predictive-variance,37,240.0,6,0.0036481270799413323,1.8608038152820179,0.13591092041598493,46.11569517398692
epistemic,37,30.0,1,0.002251253987196833,2.3731458399656558,1.834810653006267,46.11569517398692
epistemic,37,60.0,2,0.00261838105507195,2.136796475860443,1.1148974077905773,46.11569517398692
epistemic,37,120.0,3,0.0029823121149092913,1.9528772509307728,0.24729037051823893,46.11569517398692
epistemic,37,180.0,5,0.003487507114186883,1.8767710823537955,0.142865243301445,46.11569517398692
epistemic,37,240.0,6,0.0036293931188993156,1.8608038152820179,0.13591092041598493,46.11569517398692
thompson,37,30.0,1,0.0012848750338889658,2.370953226438227,1.7505502053632587,32.00561952180994
thompson,37,60.0,2,0.0022999250795692205,2.3802618676527043,1.7546258652395188,64.01123904361988
thompson,37,120.0,3,0.003320084069855511,2.373952736078645,1.751133309200231,96.01685856542983
thompson,37,180.0,5,0.005424541071988642,2.374303922960775,1.7513355517378018,160.0280976090497
thompson,37,240.0,6,0.006482992030214518,2.3756705387660015,1.7520001289031966,192.03371713085963
uniform,37,30.0,3,5.920999683439732e-06,2.529486681565443,2.059100570916191,140.9811460313947
uniform,37,60.0,6,8.695991709828377e-06,2.3147281909270223,1.823584272519071,246.49750051248787
uniform,37,120.0,12,1.3396027497947216e-05,1.9342504552211122,0.6661143049594085,315.67104327346834
uniform,37,180.0,18,1.7806189134716988e-05,1.9307010435976106,0.6675191267229427,384.8445860344488
uniform,37,240.0,24,2.2244174033403397e-05,1.8271554376467494,0.21896618381278962,407.9024336214423
random,37,30.0,4,4.355295095592737e-05,2.3734447249113693,1.6056515408339198,93.98743068759646
random,37,60.0,6,4.906399408355355e-05,2.2615673199158035,1.4697625816463356,93.98743068759646
random,37,120.0,12,6.431387737393379e-05,2.205682422431057,1.4581314656673443,93.98743068759646
random,37,180.0,16,7.315899711102247e-05,2.179471231665531,1.455652276592911,93.98743068759646
random,37,240.0,24,9.096204303205013e-05,2.0977619647290084,1.3072358138879578,93.98743068759646
eig@gamma-poisson,37,30.0,30,0.010226859129033983,2.1405739611593906,0.7112432101942169,27.78984874026972
eig@gamma-poisson,37,60.0,60,0.01696054422063753,1.9691608923371018,0.45899704508048533,51.79406338162723
eig@gamma-poisson,37,120.0,120,0.0299541920539923,1.8922548454721781,0.34016130049311444,114.68691387412352
eig@gamma-poisson,37,180.0,180,0.042665228829719126,1.856328624882554,0.2586861252555217,114.68691387412352
eig@gamma-poisson,37,240.0,240,0.05726304097333923,1.8266451885260162,0.18179704496270319,114.68691387412352
maxent@gamma-poisson,37,30.0,30,0.007993064005859196,2.355219891167621,1.8339434377740436,34.58677138049019
maxent@gamma-poisson,37,60.0,60,0.013475153711624444,2.3619375653647148,1.836824776690273,69.17354276098041
maxent@gamma-poisson,37,120.0,120,0.02422171487705782,2.3657946360443503,1.8387134110772736,138.34708552196122
maxent@gamma-poisson,37,180.0,180,0.03487190313171595,2.3573900296911874,1.834814093364106,207.52062828294203
maxent@gamma-poisson,37,240.0,240,0.04542895848862827,2.3568973385042518,1.834639310175662,276.69417104392284
d-optimality@gamma-poisson,37,30.0,30,0.00021567591466009617,2.1927830720126313,0.7236605804647812,28.142600631574144
d-optimality@gamma-poisson,37,60.0,60,0.00037983263609930873,1.9827628524013372,0.5201869478633625,52.14681527293166
d-optimality@gamma-poisson,37,120.0,120,0.000695768918376416,1.9051448661976806,0.40137353378683766,114.78155057955993
d-optimality@gamma-poisson,37,180.0,180,0.0010118121281266212,1.8601218982955714,0.29429025814402576,121.69890485565801
d-optimality@gamma-poisson,37,240.0,240,0.001326578261796385,1.823671868450447,0.1568565390394036,121.69890485565801
neyman@gamma-poisson,37,30.0,30,0.00020955991931259632,2.0905585918446534,0.7179567571654072,21.956545068526122
neyman@gamma-poisson,37,60.0,60,0.0004029468400403857,2.0990082197134394,0.6822678166870226,53.015797535972055
neyman@gamma-poisson,37,120.0,120,0.0007842550403438509,1.9919996704432792,0.26946792276522347,70.756571822958
neyman@gamma-poisson,37,180.0,180,0.0011627990170381963,1.8560639304991937,0.1470835122898011,70.756571822958
neyman@gamma-poisson,37,240.0,240,0.0015414381632581353,1.8865026824605573,0.20050412120869493,70.756571822958
predictive-variance@gamma-poisson,37,30.0,1,4.9152004066854715e-05,2.357797812529387,1.8348896222008495,46.11569517398692
predictive-variance@gamma-poisson,37,60.0,2,5.636602872982621e-05,2.1457081208380564,1.115034142273985,46.11569517398692
predictive-variance@gamma-poisson,37,120.0,3,6.325903814285994e-05,1.980448835447062,0.2479146699342042,46.11569517398692
predictive-variance@gamma-poisson,37,180.0,5,7.599411765113473e-05,1.8826539430924782,0.14326611042543388,46.11569517398692
predictive-variance@gamma-poisson,37,240.0,6,8.195510599762201e-05,1.8628758814917015,0.1348682006629208,46.11569517398692
epistemic@gamma-poisson,37,30.0,1,3.8812984712421894e-05,2.357797812529387,1.8348896222008495,46.11569517398692
epistemic@gamma-poisson,37,60.0,2,4.530599107965827e-05,2.1457081208380564,1.115034142273985,46.11569517398692
epistemic@gamma-poisson,37,120.0,3,5.154794780537486e-05,1.980448835447062,0.2479146699342042,46.11569517398692
epistemic@gamma-poisson,37,180.0,5,6.3028943259269e-05,1.8826539430924782,0.14326611042543388,46.11569517398692
epistemic@gamma-poisson,37,240.0,6,6.847892655059695e-05,1.8628758814917015,0.1348682006629208,46.11569517398692
thompson@gamma-poisson,37,30.0,1,3.077805740758777e-05,2.357797812529387,1.8348896222008495,46.11569517398692
thompson@gamma-poisson,37,60.0,2,4.322204040363431e-05,2.3611488446266873,1.8364251307949058,92.23139034797384
thompson@gamma-poisson,37,120.0,3,5.426205461844802e-05,2.3657946360443494,1.8387134110772736,138.34708552196076
thompson@gamma-poisson,37,180.0,5,7.596210343763232e-05,2.356161397980523,1.8343909276701569,230.5784758699346
thompson@gamma-poisson,37,240.0,6,8.574011735618114e-05,2.3568973385042518,1.8346393101756617,276.69417104392153
epig@gamma-poisson,37,30.0,30,0.09951107780216262,2.1405739611593906,0.7112432101942169,27.437096848965293
epig@gamma-poisson,37,60.0,60,0.17085177078843117,1.9785906195558915,0.4491357667276801,51.44131149032281
epig@gamma-poisson,37,120.0,120,0.3121900507248938,1.8835520635822316,0.31776206685629865,113.79213668064187
epig@gamma-poisson,37,180.0,179,0.4508160933619365,1.8511551160933515,0.23556742237282244,113.79213668064187
epig@gamma-poisson,37,240.0,235,0.5845642607891932,1.8281289084160628,0.1664369476281313,113.79213668064187
eig@lognormal-poisson,37,30.0,30,1.0340248739812523,2.0291558317527567,0.6451603269757438,27.53173355440169
eig@lognormal-poisson,37,60.0,60,1.1482847575680353,2.0609963407940293,0.696485455188357,56.12172278271669
eig@lognormal-poisson,37,120.0,120,1.3560914194677025,1.8637782164235361,0.3134047539273796,102.23741795670384
eig@lognormal-poisson,37,180.0,180,1.555763456504792,1.8577559002052946,0.23410501712555143,102.23741795670384
eig@lognormal-poisson,37,240.0,240,1.7519201462855563,1.816582357260879,0.13542593027914948,102.23741795670384
maxent@lognormal-poisson,37,30.0,30,0.9502282050088979,2.3803426340106744,1.8338766235952078,34.58677138049019
maxent@lognormal-poisson,37,60.0,60,1.0234200117993169,2.3861999471752298,1.836230588998365,69.17354276098041
maxent@lognormal-poisson,37,120.0,120,1.1706621597404592,2.394834920740296,1.8409293346164481,138.34708552196122
maxent@lognormal-poisson,37,180.0,180,1.313556409382727,2.3792013829033523,1.833849103889849,207.52062828294203
maxent@lognormal-poisson,37,240.0,240,1.4530172341619618,2.379113479720751,1.833844238313112,276.69417104392284
d-optimality@lognormal-poisson,37,30.0,30,0.002318077313248068,2.0596743825817176,0.7309390458169672,27.53173355440169
d-optimality@lognormal-poisson,37,60.0,60,0.00437745318049565,1.9646994095982298,0.4576308126117057,51.535948195759204
d-optimality@lognormal-poisson,37,120.0,120,0.008466803177725524,1.85848786160688,0.27103642290279467,105.36913813388966
d-optimality@lognormal-poisson,37,180.0,180,0.012613961123861372,1.853861044488337,0.23887577198514404,105.36913813388966
d-optimality@lognormal-poisson,37,240.0,240,0.01677378232125193,1.8252914715327144,0.1795996899324269,105.36913813388966
neyman@lognormal-poisson,37,30.0,30,0.002092916110996157,2.0515579876333043,0.7497919271605009,24.00421464135744
neyman@lognormal-poisson,37,60.0,60,0.004170316155068576,2.0384492020533416,0.6872832997678953,54.71071521749896
neyman@lognormal-poisson,37,120.0,120,0.008370742201805115,1.9118837967380753,0.2627594212765606,70.94584523383078
neyman@lognormal-poisson,37,180.0,180,0.012598617700859904,1.8405540784448744,0.12693305194282753,70.94584523383078
neyman@lognormal-poisson,37,240.0,240,0.01686991861788556,1.851398555563554,0.17184749806618346,70.94584523383078
predictive-variance@lognormal-poisson,37,30.0,1,0.000372277048882097,2.382457616321037,1.8345619364590682,46.11569517398692
predictive-variance@lognormal-poisson,37,60.0,2,0.0004521470400504768,2.1345382236626147,1.1144612051614518,46.11569517398692
predictive-variance@lognormal-poisson,37,120.0,3,0.0005296310409903526,1.9460310711938955,0.24569298122099947,46.11569517398692
predictive-variance@lognormal-poisson,37,180.0,5,0.0006821279530413449,1.8723146958706633,0.13962151007022533,46.11569517398692
predictive-variance@lognormal-poisson,37,240.0,6,0.0007554049952886999,1.8574561420584426,0.13254635566333997,46.11569517398692
epistemic@lognormal-poisson,37,30.0,1,0.0003557350137270987,2.382457616321037,1.8345619364590682,46.11569517398692
epistemic@lognormal-poisson,37,60.0,2,0.0004352930118329823,2.1345382236626147,1.1144612051614518,46.11569517398692
epistemic@lognormal-poisson,37,120.0,3,0.0005134290549904108,1.9460310711938955,0.24569298122099947,46.11569517398692
epistemic@lognormal-poisson,37,180.0,5,0.0006634800811298192,1.8723146958706633,0.13962151007022533,46.11569517398692
epistemic@lognormal-poisson,37,240.0,6,0.000763978052418679,1.8574561420584426,0.13254635566333997,46.11569517398692
thompson@lognormal-poisson,37,30.0,1,0.00019914301810786128,2.3719358130982604,1.75060303531723,32.00561952180994
thompson@lognormal-poisson,37,60.0,2,0.000341559003572911,2.381935487460664,1.755006176292396,64.01123904361988
thompson@lognormal-poisson,37,120.0,3,0.00047679198905825615,2.3670769336484443,1.7544574800062267,96.01685856542983
thompson@lognormal-poisson,37,180.0,5,0.000747830024920404,2.3574436406100134,1.7498091913312552,160.0280976090497
thompson@lognormal-poisson,37,240.0,6,0.0008815609617158771,2.3578688258724925,1.749873393868235,192.03371713085963
eig,38,30.0,30,0.16000376309966668,1.8316095613494383,0.5941421614050887,0.0
eig,38,60.0,60,0.25734013092005625,1.7598204633112908,0.3309987292127436,0.0
eig,38,120.0,120,0.4354872567928396,1.7428990545602623,0.22235829805910504,0.0
eig,38,180.0,180,0.6082229405874386,1.7398379081266315,0.2748873450054371,0.0
eig,38,240.0,240,0.7684438228607178,1.7441434875811375,0.3006161607756987,0.0
epig,38,30.0,30,1.327972149127163,1.8316095613494383,0.5941421614050887,0.0
epig,38,60.0,60,2.251218396879267,1.7571183396990522,0.2547604724708606,0.0
epig,38,120.0,120,4.023611203534529,1.7495940773449552,0.24524384779298006,0.0
epig,38,180.0,176,5.52027631882811,1.717474033190306,0.2354781732107268,0.0
epig,38,240.0,232,7.03127878572559,1.7488656010635824,0.30494975490992676,0.0
maxent,38,30.0,30,0.1252186331548728,2.3082010063405654,1.8186640052350478,0.0
maxent,38,60.0,60,0.21406743943225592,2.309682662421993,1.8188679561384071,0.0
maxent,38,120.0,120,0.4052203361643478,2.3099791854289133,1.8191816763157718,0.0
maxent,38,180.0,180,0.5879604669171385,2.313901117073756,1.824149356717397,0.0
maxent,38,240.0,240,0.771135858958587,2.3151671506507276,1.825948633475299,0.0
d-optimality,38,30.0,30,0.007290658075362444,1.8329395689865968,0.5873866539985586,0.0
d-optimality,38,60.0,60,0.012784592225216329,1.750562879743794,0.25513189314439383,0.0
d-optimality,38,120.0,120,0.02462454925989732,1.7598374249280495,0.30603470786221487,0.0
d-optimality,38,180.0,180,0.035903934796806425,1.7245318784418815,0.23267076273786322,0.0
d-optimality,38,240.0,240,0.04663487378275022,1.7043468890220728,0.30613815940415195,0.0
neyman,38,30.0,30,0.011439987982157618,1.8739095406925024,0.4035377028412524,0.0
neyman,38,60.0,60,0.022982778027653694,1.8043849286302551,0.28154093685044834,0.0
neyman,38,120.0,120,0.04611144628142938,1.75821883054019,0.29166171465056256,0.0
neyman,38,180.0,180,0.06816116214031354,1.7549040934650526,0.30211852635692177,0.0
neyman,38,240.0,240,0.09022018569521606,1.7250684791720348,0.1747949111397756,0.0
predictive-variance,38,30.0,1,0.0023118460085242987,2.3085214190100607,1.818061371945102,0.0
predictive-variance,38,60.0,2,0.00268412206787616,2.2790191151419266,1.7962018833824056,0.0
predictive-variance,38,120.0,3,0.0028302250429987907,2.2804609546058177,1.7973197062749804,0.0
predictive-variance,38,180.0,5,0.003570621076505631,2.2734607780092415,1.7982175213626628,0.0
predictive-variance,38,240.0,6,0.00371539214393124,2.2781717609433936,1.8044352779333444,0.0
epistemic,38,30.0,1,0.002301847969647497,2.3085214190100607,1.818061371945102,0.0
epistemic,38,60.0,2,0.0026750469696708024,2.2790191151419266,1.7962018833824056,0.0
epistemic,38,120.0,3,0.0028184769907966256,2.272003011590351,1.7970841479606687,0.0
epistemic,38,180.0,5,0.0031037210137583315,2.2380673993499323,1.7889778257051971,0.0
epistemic,38,240.0,6,0.003470847033895552,1.7825620198363306,0.29039115613693267,0.0
thompson,38,30.0,1,0.0012141219922341406,2.5458932896370916,3.7357706822845467,537.4895376728942
thompson,38,60.0,2,0.002232296916190535,2.2790191151419266,1.7962018833824056,537.4895376728942
thompson,38,120.0,3,0.003245202882681042,2.2804609546058177,1.7973197062749804,537.4895376728942
thompson,38,180.0,5,0.005366562865674496,2.285187864494969,1.803556609387508,537.4895376728942
thompson,38,240.0,6,0.006402220809832215,2.2852041526187827,1.8035302148048251,537.4895376728942
uniform,38,30.0,3,5.69905387237668e-06,2.5181561047705667,3.7426952628980548,403.1171532546707
uniform,38,60.0,6,8.364149834960699e-06,2.5099121636618063,3.742371381933088,806.2343065093413
uniform,38,120.0,12,1.2439268175512552e-05,1.7019324446573691,0.25562245763742175,1154.9942146283947
uniform,38,180.0,18,1.670635538175702e-05,1.6774616985876503,0.24306746926997533,1154.9942146283947
uniform,38,240.0,24,2.0885432604700327e-05,1.6879852294575366,0.19997485888671543,1154.9942146283947
random,38,30.0,3,2.3514963686466217e-05,2.5030769398212667,3.739051497356843,470.3033454637825
random,38,60.0,5,2.913497155532241e-05,2.45593313711132,3.7281482627105937,1142.1652675549003
random,38,120.0,11,4.298094427213073e-05,2.4333268986971457,3.7267639071706737,1726.6851397741727
random,38,180.0,16,5.3862982895225286e-05,1.9640166325413106,3.278289874340874,2456.277323696016
random,38,240.0,29,8.164183236658573e-05,1.9316165364928466,3.2828126256341696,2764.33560993405
eig@gamma-poisson,38,30.0,30,0.010444035928230733,1.8600598593494582,0.47350485778979934,0.0
eig@gamma-poisson,38,60.0,60,0.01731238589854911,1.768350819198728,0.22668801545898778,0.0
eig@gamma-poisson,38,120.0,120,0.030480048328172415,1.7797178697029488,0.39891345665475025,0.0
eig@gamma-poisson,38,180.0,180,0.04335887636989355,1.7740336899891338,0.23484052765850078,0.0
eig@gamma-poisson,38,240.0,240,0.05613467760849744,1.7127124941425433,0.2969025347863101,0.0
maxent@gamma-poisson,38,30.0,30,0.008269452955573797,2.383171168072369,1.818661985522216,0.0
maxent@gamma-poisson,38,60.0,60,0.014065873925574124,2.384652015890587,1.8188658384603469,0.0
maxent@gamma-poisson,38,120.0,120,0.025468793348409235,2.3849494476548547,1.819180243035297,0.0
maxent@gamma-poisson,38,180.0,180,0.03687514940975234,2.3888695101172526,1.8241445827870773,0.0
maxent@gamma-poisson,38,240.0,240,0.0482448945986107,2.390135763010179,1.825944032348747,0.0
d-optimality@gamma-poisson,38,30.0,30,0.0002116219257004559,1.9028597885335206,0.5096651149239518,0.0
d-optimality@gamma-poisson,38,60.0,60,0.0003724416601471603,1.772584339279584,0.280427359806281,0.0
d-optimality@gamma-poisson,38,120.0,120,0.0006998539320193231,1.781597226892222,0.36053690591499765,0.0
d-optimality@gamma-poisson,38,180.0,180,0.0010130679584108293,1.7120625739014441,0.24444460811249458,0.0
d-optimality@gamma-poisson,38,240.0,240,0.0013275881065055728,1.706707795598059,0.27127266817411144,0.0
neyman@gamma-poisson,38,30.0,30,0.00020752899581566453,1.9013900208349028,0.3523684941226044,0.0
neyman@gamma-poisson,38,60.0,60,0.00040490785613656044,1.8430063804328236,0.355576250362242,0.0
neyman@gamma-poisson,38,120.0,120,0.0007882157806307077,1.783494878909915,0.3250601425588429,0.0
neyman@gamma-poisson,38,180.0,180,0.00117009092355147,1.7872588541903307,0.33039028371240947,0.0
neyman@gamma-poisson,38,240.0,240,0.0015528141520917416,1.7429554532005354,0.19963004873628268,0.0
predictive-variance@gamma-poisson,38,30.0,1,4.7719047870486975e-05,2.3834920180000085,1.8180613645179062,0.0
predictive-variance@gamma-poisson,38,60.0,2,5.512306233868003e-05,2.341312367045088,1.7961684763648238,0.0
predictive-variance@gamma-poisson,38,120.0,3,6.185605889186263e-05,2.3427531971503774,1.797284179525325,0.0
predictive-variance@gamma-poisson,38,180.0,5,7.498008199036121e-05,2.3299894880555616,1.7983098024377029,0.0
predictive-variance@gamma-poisson,38,240.0,6,8.097110548987985e-05,2.334697650867357,1.8045222388707614,0.0
epistemic@gamma-poisson,38,30.0,1,3.667897544801235e-05,2.3834920180000085,1.8180613645179062,0.0
epistemic@gamma-poisson,38,60.0,2,4.316092235967517e-05,2.341312367045088,1.7961684763648238,0.0
epistemic@gamma-poisson,38,120.0,3,4.921189974993467e-05,2.328532058400717,1.7971779305473006,0.0
epistemic@gamma-poisson,38,180.0,5,6.061291787773371e-05,2.2956532115908974,1.7890753081760613,0.0
epistemic@gamma-poisson,38,240.0,6,6.595195736736059e-05,1.786041362372993,0.3036452112612388,0.0
thompson@gamma-poisson,38,30.0,1,2.3745058570057154e-05,2.1155972213210057,3.3055103226137055,320.0605571304254
thompson@gamma-poisson,38,60.0,2,3.518507583066821e-05,2.0974991736585484,3.2999347840707784,640.1211142608508
thompson@gamma-poisson,38,120.0,3,4.586606519296765e-05,2.0966307849141765,3.3001720208962046,960.1816713912763
thompson@gamma-poisson,38,180.0,5,6.755703361704946e-05,2.0981357889054952,3.2999499373050614,1600.302785652127
thompson@gamma-poisson,38,240.0,6,7.724505849182606e-05,2.0979281888260073,3.299934530413087,1920.3633427825525
epig@gamma-poisson,38,30.0,30,0.1003253529779613,1.8600598593494582,0.47350485778979934,0.0
epig@gamma-poisson,38,60.0,60,0.17204481828957796,1.7707836743067071,0.22732764866576582,0.0
epig@gamma-poisson,38,120.0,119,0.31186533521395177,1.7678298587906405,0.3793663141354415,0.0
epig@gamma-poisson,38,180.0,179,0.4532680388656445,1.743715981466605,0.23739572163507955,0.0
epig@gamma-poisson,38,240.0,235,0.5876099035376683,1.7276362496867848,0.2990943551655236,0.0
eig@lognormal-poisson,38,30.0,30,0.9579268697998486,1.8343417351311058,0.5958680656391775,0.0
eig@lognormal-poisson,38,60.0,60,1.0792724456405267,1.759225702765529,0.28897254371700154,0.0
eig@lognormal-poisson,38,120.0,120,1.2991045127855614,1.7433554388029056,0.2207511940380183,0.0
eig@lognormal-poisson,38,180.0,180,1.5024219964980148,1.7403841285527042,0.28195167427059903,0.0
eig@lognormal-poisson,38,240.0,240,1.6845181356184185,1.7489965641721286,0.3374208616946451,0.0
maxent@lognormal-poisson,38,30.0,30,0.9086856832145713,2.313450167317451,1.8220614098569237,0.0
maxent@lognormal-poisson,38,60.0,60,1.0249740863218904,2.3135390758969074,1.8184146056400696,0.0
maxent@lognormal-poisson,38,120.0,120,1.2599734209361486,2.3133047688682717,1.8198813898304784,0.0
maxent@lognormal-poisson,38,180.0,180,1.5048247221275233,2.3399945371970574,1.8610586482053844,0.0
maxent@lognormal-poisson,38,240.0,240,1.7389076729305089,2.3415507280903163,1.8628271543354935,0.0
d-optimality@lognormal-poisson,38,30.0,30,0.0023932167096063495,1.8350676440875118,0.5874845134069744,0.0
d-optimality@lognormal-poisson,38,60.0,60,0.004498448572121561,1.7519052906195707,0.22836691786736912,0.0
d-optimality@lognormal-poisson,38,120.0,120,0.008710612484719604,1.7577062252334261,0.24387307853322274,0.0
d-optimality@lognormal-poisson,38,180.0,180,0.012898804678115994,1.7500702278339684,0.25722907719391935,0.0
d-optimality@lognormal-poisson,38,240.0,240,0.017048321024049073,1.709800167085745,0.31877572325204495,0.0
neyman@lognormal-poisson,38,30.0,30,0.002097340824548155,1.872096695884207,0.4158518681126874,0.0
neyman@lognormal-poisson,38,60.0,60,0.004214861721266061,1.802279964620898,0.257916594912227,0.0
neyman@lognormal-poisson,38,120.0,120,0.008493406290654093,1.7656766215543878,0.2872376738148558,0.0
neyman@lognormal-poisson,38,180.0,180,0.012881477130576968,1.757568921594264,0.3181028716213415,0.0
neyman@lognormal-poisson,38,240.0,240,0.01741521415533498,1.7303519705071462,0.24646525827543564,0.0
predictive-variance@lognormal-poisson,38,30.0,1,0.00037547305691987276,2.3133201802660524,1.8207809822990957,0.0
predictive-variance@lognormal-poisson,38,60.0,2,0.00045488105388358235,2.282741728740741,1.798874747435456,0.0
predictive-variance@lognormal-poisson,38,120.0,3,0.0005329670384526253,2.2829725924355158,1.7964541532025031,0.0
predictive-variance@lognormal-poisson,38,180.0,5,0.0006874550017528236,2.3099449451439997,1.840253561875032,0.0
predictive-variance@lognormal-poisson,38,240.0,6,0.0007648890023119748,2.304587787922513,1.841083385097585,0.0
epistemic@lognormal-poisson,38,30.0,1,0.0003644919488579035,2.3133201802660524,1.8207809822990957,0.0
epistemic@lognormal-poisson,38,60.0,2,0.00044189696200191975,2.282741728740741,1.798874747435456,0.0
epistemic@lognormal-poisson,38,120.0,3,0.0005184009787626565,2.2829725924355158,1.7964541532025031,0.0
epistemic@lognormal-poisson,38,180.0,5,0.0006707650027237833,2.3099449451439997,1.840253561875032,0.0
epistemic@lognormal-poisson,38,240.0,6,0.0007458050386048853,2.304587787922513,1.841083385097585,0.0
thompson@lognormal-poisson,38,30.0,1,0.0002064950531348586,2.560418364309659,3.7357322586584316,537.4895376728942
thompson@lognormal-poisson,38,60.0,2,0.00035464210668578744,2.282741728740741,1.798874747435456,537.4895376728942
thompson@lognormal-poisson,38,120.0,3,0.0004917590995319188,2.2829725924355158,1.7964541532025031,537.4895376728942
thompson@lognormal-poisson,38,180.0,5,0.0007596310460940003,2.3099449451439997,1.840253561875032,537.4895376728942
thompson@lognormal-poisson,38,240.0,6,0.0008953450014814734,2.3106786267016184,1.8410927352337867,537.4895376728942
eig,39,30.0,30,0.16487781511386856,1.8405130038609492,0.4231589506189175,2.521480497156034
eig,39,60.0,60,0.2667439164943062,1.7864856367229454,0.37846430176853374,2.521480497156034
eig,39,120.0,120,0.4477373454719782,1.7923146295239045,0.36785453987835304,2.521480497156034
eig,39,180.0,180,0.6179619907052256,1.6943092039700758,0.3403118898644805,2.521480497156034
eig,39,240.0,240,0.7898792685009539,1.6008262695490794,0.24220877568318375,2.521480497156034
epig,39,30.0,30,1.2309420838719234,1.8799647428601833,0.39403837141417375,2.521480497156034
epig,39,60.0,60,2.0859561890829355,1.818087325479655,0.3455960460251847,2.521480497156034
epig,39,120.0,120,3.691000583465211,1.8178675175891135,0.3686882726136363,2.521480497156034
epig,39,180.0,179,5.273481133452151,1.7150485106167423,0.37431644277175796,2.521480497156034
epig,39,240.0,231,6.641662697598804,1.6432455844968548,0.2984651921264112,2.521480497156034
maxent,39,30.0,30,0.12810021109180525,1.9650603528994937,0.8900697143467505,0.0
maxent,39,60.0,60,0.23934652120806277,1.9571176005045183,0.8781079631218963,0.0
maxent,39,120.0,120,0.45967135013779625,1.9470021799095383,0.8642042291347878,0.0
maxent,39,180.0,180,0.6814183301758021,1.9437154531687997,0.8597488444643547,0.0
maxent,39,240.0,240,0.9033124546403997,1.9438901623251021,0.8599956094476761,0.0
d-optimality,39,30.0,30,0.006896780920214951,1.8592369202152967,0.5748586837384292,2.521480497156034
d-optimality,39,60.0,60,0.012346636736765504,1.8227094145774048,0.3824167296360799,2.521480497156034
d-optimality,39,120.0,120,0.023014136182609946,1.827193581883657,0.37608675954858545,2.521480497156034
d-optimality,39,180.0,180,0.03327683365205303,1.7162054164341185,0.37226933863068556,2.521480497156034
d-optimality,39,240.0,240,0.04476735455682501,1.6171019053348015,0.257809295646784,2.521480497156034
neyman,39,30.0,30,0.010306455835234374,1.8266387514714493,0.4266780771701736,7.564441491468102
neyman,39,60.0,60,0.021633208845742047,1.7793540244946442,0.3750279338722645,7.564441491468102
neyman,39,120.0,120,0.04412446264177561,1.8442829191506525,0.41980715632966037,7.564441491468102
neyman,39,180.0,180,0.06769032456213608,1.7592298001525803,0.3680192928314238,7.564441491468102
neyman,39,240.0,240,0.09030873148003593,1.7000453730450786,0.3081179904373989,7.564441491468102
predictive-variance,39,30.0,1,0.0023110650363378227,2.0454246317496096,1.1732532328293237,100.85921988624136
predictive-variance,39,60.0,2,0.0024572790134698153,1.8943076722004373,0.7056434528540754,100.85921988624136
predictive-variance,39,120.0,3,0.002828042081091553,1.8500326155793723,0.5984824926731688,100.85921988624136
predictive-variance,39,180.0,5,0.0031167911365628242,1.7439454062352928,0.2456131303673976,100.85921988624136
predictive-variance,39,240.0,6,0.0032627941109240055,1.7226973065129265,0.24275015638998593,100.85921988624136
epistemic,39,30.0,1,0.002289414987899363,2.0454246317496096,1.1732532328293237,100.85921988624136
epistemic,39,60.0,2,0.002435187983792275,1.8943076722004373,0.7056434528540754,100.85921988624136
epistemic,39,120.0,3,0.002805521013215184,1.8500326155793723,0.5984824926731688,100.85921988624136
epistemic,39,180.0,5,0.0030947409686632454,1.7439454062352928,0.2456131303673976,100.85921988624136
epistemic,39,240.0,6,0.00323995400685817,1.7226973065129265,0.24275015638998593,100.85921988624136
thompson,39,30.0,1,0.0011491909390315413,2.0757163931873985,1.236573356304997,100.85921988624136
thompson,39,60.0,2,0.0021151789114810526,1.9245994336382264,0.8065501842630549,100.85921988624136
thompson,39,120.0,3,0.003116982930805534,1.9290999223547274,0.8124193564282142,100.85921988624136
thompson,39,180.0,5,0.005031895940192044,1.8565825191196066,0.6030353044688384,100.85921988624136
thompson,39,240.0,6,0.006027207942679524,1.8548187121936464,0.5995914903372325,100.85921988624136
uniform,39,30.0,3,5.331006832420826e-06,2.1700947576409355,1.2021979197643415,75.64441491468102
uniform,39,60.0,6,8.095928933471441e-06,2.0361098662336627,1.001644050484908,151.28882982936204
uniform,39,120.0,12,1.2115808203816414e-05,1.8313079864546464,0.37790370901604925,226.93324474404307
uniform,39,180.0,18,1.6506703104823828e-05,1.724193952675997,0.34218872381948445,226.93324474404307
uniform,39,240.0,24,2.0957726519554853e-05,1.676931799194002,0.3109029113222606,226.93324474404307
random,39,30.0,5,2.6176974643021822e-05,2.018759953081728,1.2080293333386345,78.16589541183706
random,39,60.0,10,3.772694617509842e-05,1.9886447421659852,1.2132319073990143,229.4547252411991
random,39,120.0,12,4.312687087804079e-05,1.9895453248439443,1.2131922208333592,330.31394512744043
random,39,180.0,15,5.009886808693409e-05,2.0049079065827917,1.1184872885999781,462.69167122813224
random,39,240.0,22,6.648083217442036e-05,1.8711252920431916,0.9831286563489582,603.8945790688704
eig@gamma-poisson,39,30.0,30,0.010929639975074679,1.8853833478677349,0.5344811401023849,2.521480497156034
eig@gamma-poisson,39,60.0,60,0.01774941897019744,1.9270040531961057,0.46895207309827813,2.521480497156034
eig@gamma-poisson,39,120.0,120,0.030876202625222504,1.8634806037404488,0.4132458645205457,2.521480497156034
eig@gamma-poisson,39,180.0,180,0.043689807469490916,1.6911392522580142,0.3704001590669552,2.521480497156034
eig@gamma-poisson,39,240.0,240,0.056357417488470674,1.6443025603541346,0.30925580575732525,2.521480497156034
maxent@gamma-poisson,39,30.0,30,0.008256398839876056,2.03047274615477,0.889234848434346,0.0
maxent@gamma-poisson,39,60.0,60,0.013735129672568291,2.022891847544255,0.8777929211036218,0.0
maxent@gamma-poisson,39,120.0,120,0.024646695877891034,2.012954430740288,0.8641280329500441,0.0
maxent@gamma-poisson,39,180.0,180,0.035493423347361386,2.009707933915175,0.8597276468005253,0.0
maxent@gamma-poisson,39,240.0,240,0.04634215420810506,2.009885225734497,0.8599779188016655,0.0
d-optimality@gamma-poisson,39,30.0,30,0.00021288514835759997,1.8993088919553858,0.5960458972059384,2.521480497156034
d-optimality@gamma-poisson,39,60.0,60,0.0003749472671188414,1.9020845131674742,0.5129474126477583,2.521480497156034
d-optimality@gamma-poisson,39,120.0,120,0.0006895673577673733,1.8457871974563984,0.4030082557931572,2.521480497156034
d-optimality@gamma-poisson,39,180.0,180,0.0010054188314825296,1.6856215849268963,0.3486936198465503,2.521480497156034
d-optimality@gamma-poisson,39,240.0,240,0.0013194021303206682,1.650750327277998,0.32020402205148857,2.521480497156034
neyman@gamma-poisson,39,30.0,30,0.00020796677563339472,1.868452085689059,0.46378462543304655,7.564441491468102
neyman@gamma-poisson,39,60.0,60,0.00040206185076385736,1.8353007343809196,0.41507053610865996,7.564441491468102
neyman@gamma-poisson,39,120.0,120,0.0007840155740268528,1.9293748084591111,0.42891824718949245,7.564441491468102
neyman@gamma-poisson,39,180.0,180,0.001164047745987773,1.8024583309394833,0.38558239670989813,7.564441491468102
neyman@gamma-poisson,39,240.0,240,0.001543129503261298,1.7834754586445454,0.3484405934177092,7.564441491468102
predictive-variance@gamma-poisson,39,30.0,1,4.647701280191541e-05,2.0485492158692327,1.1733663936675276,100.85921988624136
predictive-variance@gamma-poisson,39,60.0,2,5.365099059417844e-05,1.9132242480824182,0.7053045230414597,100.85921988624136
predictive-variance@gamma-poisson,39,120.0,3,5.998299457132816e-05,1.8506612508494775,0.598051494809736,100.85921988624136
predictive-variance@gamma-poisson,39,180.0,5,7.269805064424872e-05,1.747671272187875,0.24440438544551013,100.85921988624136
predictive-variance@gamma-poisson,39,240.0,6,7.935106987133622e-05,1.7211300068624038,0.24276480331874697,100.85921988624136
epistemic@gamma-poisson,39,30.0,1,3.633700544014573e-05,2.0485492158692327,1.1733663936675276,100.85921988624136
epistemic@gamma-poisson,39,60.0,2,4.2408937588334084e-05,1.9132242480824182,0.7053045230414597,100.85921988624136
epistemic@gamma-poisson,39,120.0,3,4.798994632437825e-05,1.8506612508494775,0.598051494809736,100.85921988624136
epistemic@gamma-poisson,39,180.0,5,6.014289101585746e-05,1.747671272187875,0.24440438544551013,100.85921988624136
epistemic@gamma-poisson,39,240.0,6,6.642390508204699e-05,1.7211300068624038,0.24276480331874697,100.85921988624136
thompson@gamma-poisson,39,30.0,1,2.692901762202382e-05,2.1291545201734468,1.2820367930167644,100.85921988624136
thompson@gamma-poisson,39,60.0,2,3.8229976780712605e-05,2.066591522940506,1.226307244890174,201.71843977248272
thompson@gamma-poisson,39,120.0,3,4.8900023102760315e-05,1.9312665551536916,0.7902501093353487,201.71843977248272
thompson@gamma-poisson,39,180.0,5,7.023016223683953e-05,1.9238501681818747,0.7785432702534416,201.71843977248272
thompson@gamma-poisson,39,240.0,6,8.056021761149168e-05,1.9221115718314852,0.7759173118402389,201.71843977248272
epig@gamma-poisson,39,30.0,30,0.10198805114487186,1.9196446938543925,0.5614505485428543,2.521480497156034
epig@gamma-poisson,39,60.0,60,0.17412964149843901,1.9403351515391545,0.541563577541675,2.521480497156034
epig@gamma-poisson,39,120.0,120,0.31725354556692764,1.9105590851752214,0.4197082908650717,2.521480497156034
epig@gamma-poisson,39,180.0,180,0.45965749194147065,1.6900654008393061,0.35139381309912515,2.521480497156034
epig@gamma-poisson,39,240.0,233,0.5848880458506756,1.66234563025541,0.34061787417514433,2.521480497156034
eig@lognormal-poisson,39,30.0,30,1.4077540939906612,1.8363278303110313,0.4407020548279426,2.521480497156034
eig@lognormal-poisson,39,60.0,60,1.5148134708870202,1.8359134902391556,0.41617983082624865,2.521480497156034
eig@lognormal-poisson,39,120.0,120,1.713794270879589,1.873081155923343,0.41074050418126967,2.521480497156034
eig@lognormal-poisson,39,180.0,180,1.9123848056187853,1.6880218447037851,0.3419643476564044,2.521480497156034
eig@lognormal-poisson,39,240.0,240,2.1084769156295806,1.6301434697360675,0.2934443392522056,2.521480497156034
maxent@lognormal-poisson,39,30.0,30,1.323219431040343,1.933242079499751,0.7169671279296382,2.521480497156034
maxent@lognormal-poisson,39,60.0,60,1.3951754510053433,1.936083092458179,0.7202406751708595,2.521480497156034
maxent@lognormal-poisson,39,120.0,120,1.5406546906451695,1.9195889683208553,0.6927717737967578,2.521480497156034
maxent@lognormal-poisson,39,180.0,180,1.686932884156704,1.9186877362746084,0.6912066570423864,2.521480497156034
maxent@lognormal-poisson,39,240.0,240,1.8334726328612305,1.918684775608221,0.6912036692112109,2.521480497156034
d-optimality@lognormal-poisson,39,30.0,30,0.002366218948736787,1.8202250828975541,0.5332156980281038,2.521480497156034
d-optimality@lognormal-poisson,39,60.0,60,0.004420954908709973,1.813014744300404,0.392403212599626,2.521480497156034
d-optimality@lognormal-poisson,39,120.0,120,0.008546840341296047,1.8303219688425383,0.3666948315859786,2.521480497156034
d-optimality@lognormal-poisson,39,180.0,180,0.012692731572315097,1.7062225030209632,0.3677334766330352,2.521480497156034
d-optimality@lognormal-poisson,39,240.0,240,0.016844150610268116,1.641036950606397,0.29727350946633274,2.521480497156034
neyman@lognormal-poisson,39,30.0,30,0.002138510812073946,1.8181496115867066,0.4115718049532505,7.564441491468102
neyman@lognormal-poisson,39,60.0,60,0.004259354900568724,1.7762052263605712,0.35896792968133534,7.564441491468102
neyman@lognormal-poisson,39,120.0,120,0.008495385525748134,1.8484747935206665,0.42420747861840935,7.564441491468102
neyman@lognormal-poisson,39,180.0,180,0.012781658966559917,1.7700770487398187,0.3730984205677039,7.564441491468102
neyman@lognormal-poisson,39,240.0,240,0.01708130567567423,1.7004666040557161,0.3095340658264677,7.564441491468102
predictive-variance@lognormal-poisson,39,30.0,1,0.0003665960393846035,2.050553120747456,1.1733463718599644,100.85921988624136
predictive-variance@lognormal-poisson,39,60.0,2,0.0004434000584296882,1.8999185839052275,0.7063297062085143,100.85921988624136
predictive-variance@lognormal-poisson,39,120.0,3,0.0005218361038714647,1.8528442400628045,0.5991616915745535,100.85921988624136
predictive-variance@lognormal-poisson,39,180.0,5,0.0006721881218254566,1.7393778364185495,0.24693044170471626,100.85921988624136
predictive-variance@lognormal-poisson,39,240.0,6,0.0007493020966649055,1.7198124963365673,0.24395319849200084,100.85921988624136
epistemic@lognormal-poisson,39,30.0,1,0.00036277901381254196,2.050553120747456,1.1733463718599644,100.85921988624136
epistemic@lognormal-poisson,39,60.0,2,0.00043838005512952805,1.8999185839052275,0.7063297062085143,100.85921988624136
epistemic@lognormal-poisson,39,120.0,3,0.000514863058924675,1.8528442400628045,0.5991616915745535,100.85921988624136
epistemic@lognormal-poisson,39,180.0,5,0.0006604450172744691,1.7393778364185495,0.24693044170471626,100.85921988624136
epistemic@lognormal-poisson,39,240.0,6,0.0007358260336332023,1.7198124963365673,0.24395319849200084,100.85921988624136
thompson@lognormal-poisson,39,30.0,1,0.00020383205264806747,1.9584283288235635,0.8755438527318501,0.0
thompson@lognormal-poisson,39,60.0,2,0.00034744100412353873,1.9646771037879522,0.8829877067996524,0.0
thompson@lognormal-poisson,39,120.0,3,0.00048553996020928025,1.9485496895574987,0.8616462462849483,0.0
thompson@lognormal-poisson,39,180.0,5,0.0007531009614467621,1.864046930372376,0.7467423867166574,0.0
thompson@lognormal-poisson,39,240.0,6,0.0008898559608496726,1.8639411839981161,0.7465724501305915,0.0
eig,40,30.0,30,0.14959640393499285,1.3497824022383804,0.21308549861601245,0.21501732787580274
eig,40,60.0,60,0.23673951084492728,1.367586270377151,0.22129489071821581,1.0136531171287844
eig,40,120.0,120,0.3968753177905455,1.3231736628279183,0.19546185576093716,1.0136531171287844
eig,40,180.0,180,0.5490517304860987,1.2851775171751523,0.15854388167391814,1.0136531171287844
eig,40,240.0,240,0.6956795345176943,1.2821540889136125,0.14867961842764477,1.0136531171287844
epig,40,30.0,30,1.069465292035602,1.3585485271296835,0.21312317454579005,0.061433522250229355
epig,40,60.0,60,1.8119450231315568,1.3783890480835428,0.23357481226146395,0.952219594878555
epig,40,120.0,120,3.2471568397595547,1.321075540730394,0.19348909006642748,1.1672369227543578
epig,40,180.0,180,4.666074631968513,1.2827010251657394,0.15303341592254924,1.1672369227543578
epig,40,240.0,240,6.042939547274727,1.2805204546244016,0.14203090800866658,1.1672369227543578
maxent,40,30.0,30,0.09417669865069911,1.3748213598019055,0.21597923499710142,0.5836184613771789
maxent,40,60.0,60,0.15302445529960096,1.372559586915458,0.21293549324357455,1.228670445004587
maxent,40,120.0,120,0.3191286625806242,1.3729774092500167,0.2135887928051122,3.071676112511475
maxent,40,180.0,180,0.4847459976444952,1.3724630581973225,0.21272721747456633,4.914681780018369
maxent,40,240.0,240,0.6495962121989578,1.372693728994114,0.21312307610746326,6.757687447525263
d-optimality,40,30.0,30,0.006916441663634032,1.3532303487265063,0.20674653332160708,0.030716761125114678
d-optimality,40,60.0,60,0.01168038765899837,1.3745637482291702,0.23536712196558401,0.9215028337534403
d-optimality,40,120.0,120,0.020747911417856812,1.320278471000701,0.19257866652248687,1.1058034005041284
d-optimality,40,180.0,180,0.029681958665605634,1.2893281433998662,0.1511035361475723,1.1058034005041284
d-optimality,40,240.0,240,0.03891490842215717,1.280370968605005,0.14578934257623424,1.1058034005041284
neyman,40,30.0,30,0.010711454029660672,1.3732497017338188,0.25321570797957543,0.030716761125114678
neyman,40,60.0,60,0.020911218249239028,1.3662924276740966,0.23722254877646418,0.7064855058776376
neyman,40,120.0,120,0.040740300668403506,1.2836990698466357,0.1550765920593065,1.3515374895050458
neyman,40,180.0,180,0.06025296438019723,1.283533980261972,0.15424089426289683,1.3515374895050458
neyman,40,240.0,240,0.07957286736927927,1.2816503236040622,0.14689319316812222,1.3515374895050458
predictive-variance,40,30.0,1,0.0022733350633643568,1.395126025840339,0.29930206715918234,1.228670445004587
predictive-variance,40,60.0,2,0.002417014038655907,1.3861829578011955,0.2258768511099286,1.228670445004587
predictive-variance,40,120.0,3,0.0025623260880820453,1.3586168021093818,0.13676018590094477,1.228670445004587
predictive-variance,40,180.0,5,0.002847129129804671,1.3264503145656596,0.14131757540902765,1.228670445004587
predictive-variance,40,240.0,6,0.002989215136040002,1.3330565607048874,0.1644615702040867,1.228670445004587
epistemic,40,30.0,1,0.0022614820627495646,1.395126025840339,0.29930206715918234,1.228670445004587
epistemic,40,60.0,2,0.0024034370435401797,1.3861829578011955,0.2258768511099286,1.228670445004587
epistemic,40,120.0,3,0.002544900984503329,1.3586168021093818,0.13676018590094477,1.228670445004587
epistemic,40,180.0,5,0.0028231319156475365,1.3264503145656596,0.14131757540902765,1.228670445004587
epistemic,40,240.0,6,0.002962962898891419,1.3330565607048874,0.1644615702040867,1.228670445004587
thompson,40,30.0,1,0.0012967570219188929,1.395126025840339,0.29930206715918234,1.228670445004587
thompson,40,60.0,2,0.002363463048823178,1.3861829578011955,0.2258768511099286,1.228670445004587
thompson,40,120.0,3,0.0033591470564715564,1.3927892039404233,0.24103382090869402,1.228670445004587
thompson,40,180.0,5,0.005319534975569695,1.3855984169525317,0.23595068139039832,1.228670445004587
thompson,40,240.0,6,0.006343871995341033,1.3697476122370185,0.2385255084188572,1.228670445004587
uniform,40,30.0,3,5.48904063180089e-06,1.3675175050707409,0.22464758687648909,0.6143352225022936
uniform,40,60.0,6,8.565024472773075e-06,1.3373637940504184,0.12884936579249917,1.5358380562557339
uniform,40,120.0,12,1.3192999176681042e-05,1.338825330645669,0.20779789554724443,3.3788437237626145
uniform,40,180.0,18,1.7729937098920345e-05,1.3356500900769495,0.2062503743870703,3.3788437237626145
uniform,40,240.0,24,2.1655054297298193e-05,1.2984113975204268,0.16477733574830583,3.3788437237626145
random,40,30.0,2,1.8185004591941833e-05,1.3912739339108644,0.36093732351857255,1.305462347817374
random,40,60.0,3,2.1050043869763613e-05,1.3877571647812108,0.36075106899380305,1.9197975703196675
random,40,120.0,9,3.47039895132184e-05,1.3372626441303777,0.25895359907557935,2.8720171651982227
random,40,180.0,15,4.823697963729501e-05,1.3429747774661438,0.20127655274506243,2.8720171651982227
random,40,240.0,23,6.437697447836399e-05,1.3507850923345204,0.21416192419908742,2.8720171651982227
eig@gamma-poisson,40,30.0,30,0.009796738915611058,1.3802936833580557,0.25553055351560794,0.030716761125114678
eig@gamma-poisson,40,60.0,60,0.016358293942175806,1.4281714415338838,0.2737103375347216,0.952219594878555
eig@gamma-poisson,40,120.0,120,0.029087384056765586,1.3081041598843335,0.1729994070908146,1.3822542506301605
eig@gamma-poisson,40,180.0,180,0.04159913997864351,1.3310872528762068,0.16773381006342147,1.3822542506301605
eig@gamma-poisson,40,240.0,240,0.0539675559848547,1.2926389493454187,0.1501881762133516,1.3822542506301605
maxent@gamma-poisson,40,30.0,30,0.007696205808315426,1.3968540410664627,0.2214345913768814,0.5836184613771789
maxent@gamma-poisson,40,60.0,60,0.012974196812137961,1.3945868023876404,0.21848824362884406,1.5051212951306192
maxent@gamma-poisson,40,120.0,120,0.02320029301336035,1.3948361047332904,0.21889948628668657,3.348126962637509
maxent@gamma-poisson,40,180.0,180,0.033390092954505235,1.394515913977606,0.2183070993231886,5.191132630144403
maxent@gamma-poisson,40,240.0,240,0.04352425487013534,1.3947436858843947,0.21871912356378315,7.034138297651297
d-optimality@gamma-poisson,40,30.0,30,0.00021199195180088282,1.3883387629463053,0.27617229980875446,0.030716761125114678
d-optimality@gamma-poisson,40,60.0,60,0.00037346832687035203,1.4198450796777167,0.264728420080818,0.8293525503780963
d-optimality@gamma-poisson,40,120.0,120,0.0006890376680530608,1.3129169636379256,0.14504706404935722,1.627988339631078
d-optimality@gamma-poisson,40,180.0,180,0.0010077116312459111,1.3108136063270734,0.16548661300817208,1.627988339631078
d-optimality@gamma-poisson,40,240.0,240,0.0013234465150162578,1.295040252027013,0.13555668962946482,1.627988339631078
neyman@gamma-poisson,40,30.0,30,0.00020949274767190218,1.400283737843588,0.2757879080933655,0.030716761125114678
neyman@gamma-poisson,40,60.0,60,0.0004045687965117395,1.3811719832467402,0.2504663383009509,0.7064855058776376
neyman@gamma-poisson,40,120.0,120,0.0008013881742954254,1.3496783122493026,0.222469282256388,1.1979536838794724
neyman@gamma-poisson,40,180.0,180,0.001181473839096725,1.300224065548708,0.16868593101045756,1.1979536838794724
neyman@gamma-poisson,40,240.0,240,0.0015603547799400985,1.3006624710967418,0.15561999584439037,1.1979536838794724
predictive-variance@gamma-poisson,40,30.0,1,4.9363006837666035e-05,1.4214570991214537,0.2991330906143068,1.228670445004587
predictive-variance@gamma-poisson,40,60.0,2,5.601602606475353e-05,1.40757661682492,0.22697547899234136,1.228670445004587
predictive-variance@gamma-poisson,40,120.0,3,6.246805423870683e-05,1.384919725167787,0.1387095184546303,1.228670445004587
predictive-variance@gamma-poisson,40,180.0,5,7.494207238778472e-05,1.3349293873609984,0.14174170413276213,1.228670445004587
predictive-variance@gamma-poisson,40,240.0,6,8.070212788879871e-05,1.3385353429631202,0.16271741132250064,1.228670445004587
epistemic@gamma-poisson,40,30.0,1,3.7108955439180136e-05,1.4214570991214537,0.2991330906143068,1.228670445004587
epistemic@gamma-poisson,40,60.0,2,4.308996722102165e-05,1.40757661682492,0.22697547899234136,1.228670445004587
epistemic@gamma-poisson,40,120.0,3,4.902196815237403e-05,1.384919725167787,0.1387095184546303,1.228670445004587
epistemic@gamma-poisson,40,180.0,5,6.0053018387407064e-05,1.3349293873609984,0.14174170413276213,1.228670445004587
epistemic@gamma-poisson,40,240.0,6,6.543402560055256e-05,1.3385353429631202,0.16271741132250064,1.228670445004587
thompson@gamma-poisson,40,30.0,1,2.661003964021802e-05,1.4296198958094866,0.3177810507295376,1.228670445004587
thompson@gamma-poisson,40,60.0,2,4.087702836841345e-05,1.4157394135129528,0.2510419454316443,1.228670445004587
thompson@gamma-poisson,40,120.0,3,5.206902278587222e-05,1.384919725167787,0.1387095184546303,1.228670445004587
thompson@gamma-poisson,40,180.0,5,7.382110925391316e-05,1.3768738845343282,0.12706464127984898,1.228670445004587
thompson@gamma-poisson,40,240.0,6,8.360808715224266e-05,1.3766478350248097,0.12399813615957987,1.228670445004587
epig@gamma-poisson,40,30.0,30,0.0988708419026807,1.3802936833580557,0.25553055351560794,0.030716761125114678
epig@gamma-poisson,40,60.0,60,0.16967399267014116,1.4337031374539746,0.28218904532773925,0.7679190281278669
epig@gamma-poisson,40,120.0,120,0.3104206537245773,1.314071135691343,0.17929285927193464,1.5051212951306192
epig@gamma-poisson,40,180.0,180,0.45040191506268457,1.3202783435897694,0.15656142766512104,1.5051212951306192
epig@gamma-poisson,40,240.0,240,0.5901174989994615,1.2989680110713773,0.14748761082391534,1.5051212951306192
eig@lognormal-poisson,40,30.0,30,0.3328517721965909,1.3438590915323523,0.20724389614979963,0.2764508501260321
eig@lognormal-poisson,40,60.0,60,0.431239836208988,1.3592881937609411,0.2162815412063188,1.1672369227543578
eig@lognormal-poisson,40,120.0,120,0.6213030665530823,1.271781331089089,0.12376807720644234,1.1672369227543578
eig@lognormal-poisson,40,180.0,180,0.809032927674707,1.284151504530813,0.15252992883529695,1.1672369227543578
eig@lognormal-poisson,40,240.0,240,0.9910944838193245,1.2808522711767274,0.1452110788967693,1.1672369227543578
maxent@lognormal-poisson,40,30.0,30,0.23528022383106872,1.3669471513853775,0.21457150318543056,0.5836184613771789
maxent@lognormal-poisson,40,60.0,60,0.2712990397121757,1.3649925786562074,0.21192790002244916,1.044369878253899
maxent@lognormal-poisson,40,120.0,120,0.3476957327220589,1.3654045256928231,0.21258738723464446,2.8873755457607855
maxent@lognormal-poisson,40,180.0,180,0.42868356581311673,1.3649257944571567,0.21176897039670337,4.7303812132676795
maxent@lognormal-poisson,40,240.0,240,0.5120678786770441,1.3651471034998497,0.2121565514193835,6.5733868807745734
d-optimality@lognormal-poisson,40,30.0,30,0.002410651883110404,1.3619351005937803,0.2504688483653224,0.12286704450045871
d-optimality@lognormal-poisson,40,60.0,60,0.004480383882764727,1.358017311651892,0.21890293691782442,1.044369878253899
d-optimality@lognormal-poisson,40,120.0,120,0.008647973590996116,1.281678612154829,0.14652738393392242,1.2593872061297018
d-optimality@lognormal-poisson,40,180.0,180,0.012793586531188339,1.2853462981573827,0.15027393070210152,1.2593872061297018
d-optimality@lognormal-poisson,40,240.0,240,0.016936767380684614,1.2811262576007671,0.14318918660004193,1.2593872061297018
neyman@lognormal-poisson,40,30.0,30,0.0021000432316213846,1.3672302361731665,0.2493088949692014,0.030716761125114678
neyman@lognormal-poisson,40,60.0,60,0.004217045148834586,1.3592643252618517,0.23280126519116504,0.7064855058776376
neyman@lognormal-poisson,40,120.0,120,0.00846894714049995,1.2853494089820223,0.15618416275675576,1.3515374895050458
neyman@lognormal-poisson,40,180.0,180,0.012693736876826733,1.2804411348094655,0.14930650994210407,1.3515374895050458
neyman@lognormal-poisson,40,240.0,240,0.01695020211627707,1.2793268836494363,0.14389207110752197,1.3515374895050458
predictive-variance@lognormal-poisson,40,30.0,1,0.0003653240273706615,1.3872889307577223,0.29899978338520267,1.228670445004587
predictive-variance@lognormal-poisson,40,60.0,2,0.00044263899326324463,1.3787419005143713,0.22587252641539726,1.228670445004587
predictive-variance@lognormal-poisson,40,120.0,3,0.0005196220008656383,1.3499164352986819,0.13744355380958298,1.228670445004587
predictive-variance@lognormal-poisson,40,180.0,5,0.0006662150262854993,1.320835646493123,0.14162850017788006,1.228670445004587
predictive-variance@lognormal-poisson,40,240.0,6,0.0007399630267173052,1.327625855894161,0.1640553268190694,1.228670445004587
epistemic@lognormal-poisson,40,30.0,1,0.00035813002614304423,1.3872889307577223,0.29899978338520267,1.228670445004587
epistemic@lognormal-poisson,40,60.0,2,0.00043299002572894096,1.3787419005143713,0.22587252641539726,1.228670445004587
epistemic@lognormal-poisson,40,120.0,3,0.0005096030072309077,1.3499164352986819,0.13744355380958298,1.228670445004587
epistemic@lognormal-poisson,40,180.0,5,0.0006582009955309331,1.320835646493123,0.14162850017788006,1.228670445004587
epistemic@lognormal-poisson,40,240.0,6,0.0007306860061362386,1.327625855894161,0.1640553268190694,1.228670445004587
thompson@lognormal-poisson,40,30.0,1,0.00019959406927227974,1.3872889307577223,0.29899978338520267,1.228670445004587
thompson@lognormal-poisson,40,60.0,2,0.00034772203071042895,1.3787419005143713,0.22587252641539726,1.228670445004587
thompson@lognormal-poisson,40,120.0,3,0.00048674200661480427,1.3648005241028078,0.2283594790990492,1.228670445004587
thompson@lognormal-poisson,40,180.0,5,0.0007605140563100576,1.3292460593773348,0.12614955756734275,1.228670445004587
thompson@lognormal-poisson,40,240.0,6,0.0008999850833788514,1.3284807022749465,0.13173195884641103,1.228670445004587
eig,41,30.0,30,0.15440089884214103,1.2500811385094643,0.18970384062229076,0.0
eig,41,60.0,60,0.24428409017855301,1.244898724516401,0.1892817131350238,0.0
eig,41,120.0,120,0.4120501691941172,1.2372973204464783,0.12199053454438974,0.0
eig,41,180.0,180,0.5753242930513807,1.2328448339901932,0.09880586455119277,0.0
eig,41,240.0,240,0.7303939509438351,1.229789134427793,0.12444560216576496,0.0
epig,41,30.0,30,1.1147345798672177,1.2611874511490073,0.23864516325113055,0.0
epig,41,60.0,60,1.8614783437806182,1.2499405736945073,0.18795113679816788,0.0
epig,41,120.0,117,3.270982633868698,1.2455677085627583,0.15279982666359251,0.0
epig,41,180.0,172,4.556020161893684,1.2336419520637776,0.12450686321350281,0.0
epig,41,240.0,228,5.872338239918463,1.226534417185268,0.11014095907255342,0.0
maxent,41,30.0,30,0.11643286515027285,1.3322703177170572,0.6049585279200252,0.0
maxent,41,60.0,60,0.2126021781587042,1.3323440593552636,0.605053158953042,0.0
maxent,41,120.0,120,0.400831310194917,1.3322263775851058,0.6048221163231088,0.0
maxent,41,180.0,180,0.586917043372523,1.3335284077450078,0.6062046177972936,0.0
maxent,41,240.0,240,0.7717197196325287,1.3334508837739998,0.6060850777740084,0.0
d-optimality,41,30.0,30,0.007039170304778963,1.2370828653202348,0.16428204496024407,0.0
d-optimality,41,60.0,60,0.011800079606473446,1.2515896988809079,0.19496974245520052,0.0
d-optimality,41,120.0,120,0.021398569457232952,1.2542050154591604,0.19616855431484823,0.0
d-optimality,41,180.0,180,0.03269593184813857,1.2272967809868671,0.10758904205672136,0.0
d-optimality,41,240.0,240,0.043186658003833145,1.2182694717463978,0.0929997695347925,0.0
neyman,41,30.0,30,0.010745897889137268,1.2843082299190058,0.2480175327720111,0.0
neyman,41,60.0,60,0.020705376809928566,1.2377060034023908,0.18717474391020528,0.0
neyman,41,120.0,120,0.04177016066387296,1.246079187435431,0.1644097013760142,0.0
neyman,41,180.0,180,0.06326815736247227,1.2261809943629052,0.115317917356042,0.0
neyman,41,240.0,240,0.08439460629597306,1.2316516169918716,0.10022745459734514,0.0
predictive-variance,41,30.0,1,0.0022526149987243116,1.33333414197024,0.6064591323839404,0.0
predictive-variance,41,60.0,2,0.0026246009510941803,1.2939689351040355,0.22964524965710367,0.0
predictive-variance,41,120.0,3,0.0027672579744830728,1.2971333308715818,0.1897330961734224,0.0
predictive-variance,41,180.0,5,0.003046992002055049,1.2885280063328464,0.1372026295022486,0.0
predictive-variance,41,240.0,6,0.0031881550094112754,1.287347735893302,0.12974248634219718,0.0
epistemic,41,30.0,1,0.0022587779676541686,1.33333414197024,0.6064591323839404,0.0
epistemic,41,60.0,2,0.002633869997225702,1.2939689351040355,0.22964524965710367,0.0
epistemic,41,120.0,3,0.0027754850452765822,1.2971333308715818,0.1897330961734224,0.0
epistemic,41,180.0,5,0.0030614910647273064,1.2885280063328464,0.1372026295022486,0.0
epistemic,41,240.0,6,0.0032028950517997146,1.2407674028851043,0.1056335228876641,0.0
thompson,41,30.0,1,0.0012612810241989791,1.4315218682427304,0.6081834090953588,85.81187689641081
thompson,41,60.0,2,0.002245532989036292,1.3573736467812336,0.6059150979025665,85.81187689641081
thompson,41,120.0,3,0.0032535900245420635,1.3561933763416896,0.6042695235457443,85.81187689641081
thompson,41,180.0,5,0.0051313919830136,1.3571628705497834,0.6052350290811145,85.81187689641081
thompson,41,240.0,6,0.006178070965688676,1.357940789391422,0.606048345371361,85.81187689641081
uniform,41,30.0,3,5.490961484611034e-06,1.291744424310875,0.6011173731818432,0.0
uniform,41,60.0,6,8.488073945045471e-06,1.2716827359314262,0.6000092516056961,0.0
uniform,41,120.0,12,1.2995093129575253e-05,1.2464192217871919,0.1905629098184308,0.0
uniform,41,180.0,18,1.7103098798543215e-05,1.218926456777567,0.16206762676373274,0.0
uniform,41,240.0,24,2.141913864761591e-05,1.2082174137704647,0.13203588396670338,0.0
random,41,30.0,1,1.6861013136804104e-05,1.3748375340820076,0.5950059828512994,67.1099589051847
random,41,60.0,2,2.0016974303871393e-05,1.399211356036566,0.5945687296538156,100.66493835777705
random,41,120.0,4,2.513598883524537e-05,1.396508970089095,0.5796881729032153,234.88485616814646
random,41,180.0,10,3.849010681733489e-05,1.3476156025745196,0.2559870372098204,316.2556813406829
random,41,240.0,19,5.7979137636721134e-05,1.3359377438160642,0.25282752666575414,402.6597534311082
eig@gamma-poisson,41,30.0,30,0.010032225865870714,1.261261769151214,0.18155845044115154,0.0
eig@gamma-poisson,41,60.0,60,0.016641181835439056,1.2784714311151102,0.19862402422327896,0.0
eig@gamma-poisson,41,120.0,120,0.029407454770989716,1.3031629116403243,0.18113045141015607,0.0
eig@gamma-poisson,41,180.0,180,0.04191646113758907,1.2602851039869851,0.11029879774151205,0.0
eig@gamma-poisson,41,240.0,240,0.05434133519884199,1.1682339150121166,0.09811158361183031,0.0
maxent@gamma-poisson,41,30.0,30,0.007766632072161883,1.3495472834456301,0.6047969045880528,0.0
maxent@gamma-poisson,41,60.0,60,0.01306472800206393,1.349665965341,0.6049524881573932,0.0
maxent@gamma-poisson,41,120.0,120,0.023521198076196015,1.34960341791507,0.6047871071449556,0.0
maxent@gamma-poisson,41,180.0,180,0.03390798106556758,1.3508735995371106,0.6061363351685967,0.0
maxent@gamma-poisson,41,240.0,240,0.04425241710850969,1.35081323813636,0.6060356782417008,0.0
d-optimality@gamma-poisson,41,30.0,30,0.00021192507119849324,1.2798504839250935,0.24855694084121002,0.0
d-optimality@gamma-poisson,41,60.0,60,0.0003732481854967773,1.2742192565491965,0.19856637119288673,0.0
d-optimality@gamma-poisson,41,120.0,120,0.0006851153448224068,1.3032633924211756,0.22419296677532177,0.0
d-optimality@gamma-poisson,41,180.0,180,0.0010009632678702474,1.2179656553149858,0.14399555212257104,0.0
d-optimality@gamma-poisson,41,240.0,240,0.0013171142200008035,1.16882457449118,0.10259432723988675,0.0
neyman@gamma-poisson,41,30.0,30,0.00020802090875804424,1.2981910579608709,0.2567219261638713,2.6954643199709687
neyman@gamma-poisson,41,60.0,60,0.0004029549309052527,1.2489238009054822,0.20235290853554927,2.6954643199709687
neyman@gamma-poisson,41,120.0,120,0.000785165757406503,1.257505492519179,0.1577628533525532,2.6954643199709687
neyman@gamma-poisson,41,180.0,180,0.0011661365861073136,1.2504261449773868,0.12017923005107892,2.6954643199709687
neyman@gamma-poisson,41,240.0,240,0.0015465098549611866,1.2522652662216804,0.10859190340996067,2.6954643199709687
predictive-variance@gamma-poisson,41,30.0,1,7.085304241627455e-05,1.350996342576462,0.606800662590323,0.0
predictive-variance@gamma-poisson,41,60.0,2,7.812702096998692e-05,1.3093876140182132,0.2303741970358296,0.0
predictive-variance@gamma-poisson,41,120.0,3,8.45600152388215e-05,1.3027015659965584,0.19061103541836008,0.0
predictive-variance@gamma-poisson,41,180.0,5,9.699293877929449e-05,1.2855462075591053,0.13954976405875427,0.0
predictive-variance@gamma-poisson,41,240.0,6,0.00010280497372150421,1.2841581037920367,0.1309115263677915,0.0
epistemic@gamma-poisson,41,30.0,1,3.685901174321771e-05,1.350996342576462,0.606800662590323,0.0
epistemic@gamma-poisson,41,60.0,2,4.3371052015572786e-05,1.3093876140182132,0.2303741970358296,0.0
epistemic@gamma-poisson,41,120.0,3,4.936306504532695e-05,1.3027015659965584,0.19061103541836008,0.0
epistemic@gamma-poisson,41,180.0,5,6.057514110580087e-05,1.2855462075591053,0.13954976405875427,0.0
epistemic@gamma-poisson,41,240.0,6,6.611418211832643e-05,1.2380482968132644,0.10896931095028783,0.0
thompson@gamma-poisson,41,30.0,1,2.2442021872848272e-05,1.350996342576462,0.606800662590323,0.0
thompson@gamma-poisson,41,60.0,2,3.403401933610439e-05,1.3093876140182132,0.2303741970358296,0.0
thompson@gamma-poisson,41,120.0,3,4.53260145150125e-05,1.3079995102511446,0.2252464466911614,0.0
thompson@gamma-poisson,41,180.0,5,6.586493691429496e-05,1.3013086413351669,0.18410042822320796,0.0
thompson@gamma-poisson,41,240.0,6,7.583288243040442e-05,1.3021770506401615,0.18712360411189308,0.0
epig@gamma-poisson,41,30.0,30,0.09965948591707274,1.2704180180426377,0.19633099152827455,0.0
epig@gamma-poisson,41,60.0,60,0.17063310084631667,1.277619161210081,0.20040558308181175,0.0
epig@gamma-poisson,41,120.0,120,0.3120541839161888,1.299309522582704,0.19382447295679545,0.0
epig@gamma-poisson,41,180.0,177,0.44602378411218524,1.202530113530009,0.09709494012637301,0.0
epig@gamma-poisson,41,240.0,234,0.5797104489756748,1.1666613560019772,0.10126279270833077,0.0
eig@lognormal-poisson,41,30.0,30,0.623322852072306,1.2647884090513983,0.2485986900033522,0.0
eig@lognormal-poisson,41,60.0,60,0.7254013329511508,1.2501251053902307,0.19882962621256187,0.0
eig@lognormal-poisson,41,120.0,120,0.9120393852354027,1.234071137974651,0.12764314423609896,0.0
eig@lognormal-poisson,41,180.0,180,1.0947026908397675,1.244685730076266,0.11921123656178087,0.0
eig@lognormal-poisson,41,240.0,240,1.275210608204361,1.1888093777695066,0.09440352974499773,0.0
maxent@lognormal-poisson,41,30.0,30,0.5423590597347356,1.3322780067392384,0.6049677645605136,0.0
maxent@lognormal-poisson,41,60.0,60,0.5969973828177899,1.3323509482845677,0.6050584260716108,0.0
maxent@lognormal-poisson,41,120.0,120,0.7060014200396836,1.3322268441053684,0.604805799593016,0.0
maxent@lognormal-poisson,41,180.0,180,0.8149020731216297,1.333070265916985,0.6057890999061756,0.0
maxent@lognormal-poisson,41,240.0,240,0.9255692551378161,1.3327250252635408,0.6053854310995674,0.0
d-optimality@lognormal-poisson,41,30.0,30,0.0024076109402813017,1.2424925265582558,0.18885733334815064,0.0
d-optimality@lognormal-poisson,41,60.0,60,0.00453041068976745,1.2538360734122425,0.19468730432806125,0.0
d-optimality@lognormal-poisson,41,120.0,120,0.00868234975496307,1.247874349627095,0.19718138687353462,0.0
d-optimality@lognormal-poisson,41,180.0,180,0.01285421586362645,1.2410285513118036,0.11450444172571077,0.0
d-optimality@lognormal-poisson,41,240.0,240,0.017058076162356883,1.1794755399379004,0.0842916473954249,0.0
neyman@lognormal-poisson,41,30.0,30,0.0021383512066677213,1.2841276083489397,0.2590039025005247,0.0
neyman@lognormal-poisson,41,60.0,60,0.0042618714505806565,1.2374752777835656,0.19204848383923495,0.0
neyman@lognormal-poisson,41,120.0,120,0.008491830667480826,1.2429118042597749,0.16511956412611403,0.0
neyman@lognormal-poisson,41,180.0,180,0.012767572537995875,1.2276660975251033,0.11800550279429291,0.0
neyman@lognormal-poisson,41,240.0,240,0.017067944223526865,1.2316116836228839,0.10096751542429869,0.0
predictive-variance@lognormal-poisson,41,30.0,1,0.0003659739741124213,1.333306852266634,0.6064204108687887,0.0
predictive-variance@lognormal-poisson,41,60.0,2,0.0004465949605219066,1.290644129584494,0.23016064020687607,0.0
predictive-variance@lognormal-poisson,41,120.0,3,0.0005252629634924233,1.2928538237436087,0.18989036019309669,0.0
predictive-variance@lognormal-poisson,41,180.0,5,0.0006736399373039603,1.2855535440377748,0.13625546809481454,0.0
predictive-variance@lognormal-poisson,41,240.0,6,0.000750663923099637,1.2844008225714496,0.1288442901599497,0.0
epistemic@lognormal-poisson,41,30.0,1,0.00035957194631919265,1.333306852266634,0.6064204108687887,0.0
epistemic@lognormal-poisson,41,60.0,2,0.000439450959675014,1.290644129584494,0.23016064020687607,0.0
epistemic@lognormal-poisson,41,120.0,3,0.0005159939755685627,1.2928538237436087,0.18989036019309669,0.0
epistemic@lognormal-poisson,41,180.0,5,0.0006632199510931969,1.2855535440377748,0.13625546809481454,0.0
epistemic@lognormal-poisson,41,240.0,6,0.0007365759229287505,1.2364505873576148,0.10440525817609314,0.0
thompson@lognormal-poisson,41,30.0,1,0.00019919296028092504,1.333306852266634,0.6064204108687887,0.0
thompson@lognormal-poisson,41,60.0,2,0.000342820945661515,1.3321541308003089,0.6047983244349763,0.0
thompson@lognormal-poisson,41,120.0,3,0.00047960691154003143,1.2894914081181688,0.22585220570435735,0.0
thompson@lognormal-poisson,41,180.0,5,0.0007481998763978481,1.290114446290335,0.22760096187172513,0.0
thompson@lognormal-poisson,41,240.0,6,0.0008855569176375866,1.2907697864090906,0.22956027725492223,0.0
eig,42,30.0,30,0.15731357788899913,1.4531810240453356,0.2617750265074733,0.0
eig,42,60.0,60,0.2557127288891934,1.418266243578505,0.15575363630540778,0.0
eig,42,120.0,120,0.43810098472749814,1.40629075026876,0.2109169311613197,0.0
eig,42,180.0,180,0.6057684838306159,1.396932166885166,0.23945446413371452,0.0
eig,42,240.0,240,0.7702168527757749,1.334471183602471,0.12935617415999323,0.0
epig,42,30.0,30,1.2086213699658401,1.4514249749119823,0.2598923138644102,0.0
epig,42,60.0,60,2.051013493852224,1.414273837983278,0.1766704640379307,0.0
epig,42,120.0,119,3.673430558119435,1.4157005854695186,0.24481651111452976,0.0
epig,42,180.0,176,5.118170083151199,1.388187021232912,0.21258625188921404,0.0
epig,42,240.0,232,6.53959139221115,1.3614601919800358,0.20618600374559315,0.0
maxent,42,30.0,30,0.12261413625674322,1.61387335709023,0.47347736564005144,0.0
maxent,42,60.0,60,0.2197363845189102,1.6101241252612846,0.46901928563729284,0.0
maxent,42,120.0,120,0.4104164516320452,1.6102888679708178,0.4692733292838327,0.0
maxent,42,180.0,180,0.6010057786479592,1.608306060782147,0.46854941052091775,0.0
maxent,42,240.0,240,0.7879764932440594,1.6091542258605687,0.4686420913765059,0.0
d-optimality,42,30.0,30,0.006820829177740961,1.4469880324036621,0.2412396742073295,0.0
d-optimality,42,60.0,60,0.011568980989977717,1.4007320680656503,0.12492760372739271,0.0
d-optimality,42,120.0,120,0.021352637908421457,1.4272064063541263,0.28744242942669446,0.0
d-optimality,42,180.0,180,0.031798316224012524,1.3957385913587268,0.2610470840581819,0.0
d-optimality,42,240.0,240,0.0418952182517387,1.3573431715518351,0.20546596358379035,0.0
neyman,42,30.0,30,0.010714195086620748,1.6379782252895352,0.5002568828974719,0.0
neyman,42,60.0,60,0.020666761440224946,1.408264805807866,0.2195184992478912,0.0
neyman,42,120.0,120,0.04244024964282289,1.4152251289973485,0.1962651663205452,0.0
neyman,42,180.0,180,0.06369185296352953,1.4062524584194511,0.22725520044926362,0.0
neyman,42,240.0,240,0.08771902491571382,1.3411308122670433,0.0774504203085017,0.0
predictive-variance,42,30.0,1,0.002316645986866206,1.6315821247164692,0.4862084386956069,0.0
predictive-variance,42,60.0,2,0.002462750009726733,1.5440159733926226,0.4434575436813399,96.95956799694093
predictive-variance,42,120.0,3,0.0028330330387689173,1.482701869541237,0.16767480591494235,96.95956799694093
predictive-variance,42,180.0,5,0.0035657850094139576,1.426906772213443,0.14421065207619166,96.95956799694093
predictive-variance,42,240.0,6,0.0037645070697180927,1.4074694049912508,0.12637533240072954,96.95956799694093
epistemic,42,30.0,1,0.0022798869758844376,1.6315821247164692,0.4862084386956069,0.0
epistemic,42,60.0,2,0.002424146921839565,1.5440159733926226,0.4434575436813399,96.95956799694093
epistemic,42,120.0,3,0.002793238963931799,1.482701869541237,0.16767480591494235,96.95956799694093
epistemic,42,180.0,5,0.0035186780150979757,1.426906772213443,0.14421065207619166,96.95956799694093
epistemic,42,240.0,6,0.0037125619710423052,1.4074694049912508,0.12637533240072954,96.95956799694093
thompson,42,30.0,1,0.0014025650452822447,1.6105344842207305,0.4691782988770753,0.0
thompson,42,60.0,2,0.0025060990592464805,1.607908811779069,0.46883154306051356,0.0
thompson,42,120.0,3,0.0034171140869148076,1.6102888679708178,0.46927332928383264,0.0
thompson,42,180.0,5,0.005434259073808789,1.6069461659288862,0.4698226770648142,0.0
thompson,42,240.0,6,0.006363468070048839,1.6091542258605498,0.4686420913765058,0.0
uniform,42,30.0,3,5.881069228053093e-06,1.630025255605822,0.6197331633126932,0.0
uniform,42,60.0,6,8.837028872221708e-06,1.4726624745196573,0.4392228790695237,71.80702297276729
uniform,42,120.0,12,1.2976059224456549e-05,1.3603684307637802,0.13559407049966254,168.7665909697082
uniform,42,180.0,18,1.7223122995346785e-05,1.3704622155773698,0.20490079414073936,168.7665909697082
uniform,42,240.0,24,2.106023021042347e-05,1.3723228273317682,0.26043887172036584,168.7665909697082
random,42,30.0,2,1.9497994799166918e-05,1.6491678019457858,0.6189145750557066,0.0
random,42,60.0,3,2.2465013898909092e-05,1.6272617583217979,0.618632573523427,0.0
random,42,120.0,8,3.424804890528321e-05,1.5369537174651102,0.5886286786135598,60.59972999808809
random,42,180.0,12,4.432525020092726e-05,1.4893393499434697,0.43699969233974867,193.91913599388184
random,42,240.0,21,6.300123641267419e-05,1.472172217741375,0.43691937140448706,334.51050958944626
eig@gamma-poisson,42,30.0,30,0.010143322055228055,1.4455473920442257,0.2638650348784507,0.0
eig@gamma-poisson,42,60.0,60,0.016821668948978186,1.4091740435720084,0.19240064760156264,0.0
eig@gamma-poisson,42,120.0,120,0.029782083875034004,1.4438128705155793,0.29588711253752126,0.0
eig@gamma-poisson,42,180.0,180,0.04243428388144821,1.3936227470051643,0.26634680343910505,0.0
eig@gamma-poisson,42,240.0,240,0.05499000457348302,1.3622832373120426,0.20971496977615003,0.0
maxent@gamma-poisson,42,30.0,30,0.007774893194437027,1.64421106285637,0.47427734071865013,0.0
maxent@gamma-poisson,42,60.0,60,0.013058471609838307,1.6402127761094085,0.4691635851451453,0.0
maxent@gamma-poisson,42,120.0,120,0.02351708139758557,1.640291007103069,0.46935924097412957,0.0
maxent@gamma-poisson,42,180.0,180,0.03390346793457866,1.638259946611402,0.46854004181711173,0.0
maxent@gamma-poisson,42,240.0,240,0.04427230975124985,1.6391004149079889,0.4686597347192658,0.0
d-optimality@gamma-poisson,42,30.0,30,0.0002109991037286818,1.4774424294920447,0.4984141911040025,0.0
d-optimality@gamma-poisson,42,60.0,60,0.00037372176302596927,1.4197761660542456,0.2111034068703549,0.0
d-optimality@gamma-poisson,42,120.0,120,0.0006871676887385547,1.4103339655104155,0.1706398555648634,0.0
d-optimality@gamma-poisson,42,180.0,180,0.0010024234070442617,1.377463720153587,0.22330440169179602,0.0
d-optimality@gamma-poisson,42,240.0,240,0.0013153624022379518,1.382055790443854,0.23143091435323596,0.0
neyman@gamma-poisson,42,30.0,30,0.00020586512982845306,1.6709397835382649,0.5614516753166823,0.0
neyman@gamma-poisson,42,60.0,60,0.00039925234159454703,1.4081440623902408,0.23523508243548874,0.0
neyman@gamma-poisson,42,120.0,120,0.0007808164809830487,1.3880437775378074,0.16788586324804602,0.0
neyman@gamma-poisson,42,180.0,180,0.00116222002543509,1.3994476933360183,0.21480799187938823,0.0
neyman@gamma-poisson,42,240.0,240,0.0015403166180476546,1.3402144956365796,0.0708825121313726,0.0
predictive-variance@gamma-poisson,42,30.0,1,5.5352982599288225e-05,1.6305744422751616,0.48607523831012583,0.0
predictive-variance@gamma-poisson,42,60.0,2,6.271700840443373e-05,1.5422174578595207,0.44344153109718853,96.95956799694093
predictive-variance@gamma-poisson,42,120.0,3,6.935000419616699e-05,1.48327989946623,0.16832755287173604,96.95956799694093
predictive-variance@gamma-poisson,42,180.0,5,8.165504550561309e-05,1.4538672415616947,0.14391583043743536,96.95956799694093
predictive-variance@gamma-poisson,42,240.0,6,8.733506547287107e-05,1.433576610404579,0.12682305233196176,96.95956799694093
epistemic@gamma-poisson,42,30.0,1,3.859202843159437e-05,1.6305744422751616,0.48607523831012583,0.0
epistemic@gamma-poisson,42,60.0,2,4.529504803940654e-05,1.5422174578595207,0.44344153109718853,96.95956799694093
epistemic@gamma-poisson,42,120.0,3,5.13570848852396e-05,1.48327989946623,0.16832755287173604,96.95956799694093
epistemic@gamma-poisson,42,180.0,5,6.282917456701398e-05,1.4538672415616947,0.14391583043743536,96.95956799694093
epistemic@gamma-poisson,42,240.0,6,7.102516246959567e-05,1.433576610404579,0.12682305233196176,96.95956799694093
thompson@gamma-poisson,42,30.0,1,2.5007000658661127e-05,1.6407090585068336,0.46942709998510773,0.0
thompson@gamma-poisson,42,60.0,2,3.779004327952862e-05,1.6379121306375939,0.4687527683116105,0.0
thompson@gamma-poisson,42,120.0,3,4.908209666609764e-05,1.6402910071030687,0.4693592409741295,0.0
thompson@gamma-poisson,42,180.0,5,6.953912088647485e-05,1.636879571401817,0.46975168922186955,0.0
thompson@gamma-poisson,42,240.0,6,7.873715367168188e-05,1.6391004149079886,0.46865973471926564,0.0
epig@gamma-poisson,42,30.0,30,0.09938439505640417,1.4455473920442257,0.2638650348784507,0.0
epig@gamma-poisson,42,60.0,60,0.17025625804672018,1.4049536853190503,0.15434077512848313,0.0
epig@gamma-poisson,42,120.0,120,0.3112389736925252,1.421225988535613,0.28302684969263553,0.0
epig@gamma-poisson,42,180.0,177,0.4449826879426837,1.365974729951862,0.17585343263047246,0.0
epig@gamma-poisson,42,240.0,234,0.5780886791180819,1.3711666530179187,0.21882505265996355,0.0
eig@lognormal-poisson,42,30.0,30,0.6535912691033445,1.4510376029935514,0.2054930531037316,0.0
eig@lognormal-poisson,42,60.0,60,0.7614567581331357,1.4223700616895476,0.1511947905761648,0.0
eig@lognormal-poisson,42,120.0,120,0.9592954925028607,1.4099426683196308,0.20501960164221392,0.0
eig@lognormal-poisson,42,180.0,180,1.1407629479654133,1.4079369906365689,0.23792093538636397,0.0
eig@lognormal-poisson,42,240.0,240,1.3145468210568652,1.3445682078159404,0.14414877475691018,0.0
maxent@lognormal-poisson,42,30.0,30,0.5611841329373419,1.610009441711563,0.4731042858346699,0.0
maxent@lognormal-poisson,42,60.0,60,0.6141210419591516,1.6063936947655444,0.46896260811940926,0.0
maxent@lognormal-poisson,42,120.0,120,0.7232265046332031,1.6066032536275283,0.4692435450314801,0.0
maxent@lognormal-poisson,42,180.0,180,0.8348856067168526,1.6046394580776637,0.4685548998449067,0.0
maxent@lognormal-poisson,42,240.0,240,0.948144294845406,1.605663031329961,0.46869808820802455,0.0
d-optimality@lognormal-poisson,42,30.0,30,0.0023686530184932053,1.4582183527468413,0.2677890609791023,0.0
d-optimality@lognormal-poisson,42,60.0,60,0.004435342038050294,1.407562107061586,0.15238148932308485,0.0
d-optimality@lognormal-poisson,42,120.0,120,0.008556135173421353,1.4233882402749642,0.26679859588254934,0.0
d-optimality@lognormal-poisson,42,180.0,180,0.012691228301264346,1.3979701888706995,0.24420825360650214,0.0
d-optimality@lognormal-poisson,42,240.0,240,0.016808997956104577,1.3685930447527745,0.22353900142851257,0.0
neyman@lognormal-poisson,42,30.0,30,0.0021023121662437916,1.6309552876079652,0.49312947761793385,0.0
neyman@lognormal-poisson,42,60.0,60,0.004201531002763659,1.413272134628038,0.2137698048189237,0.0
neyman@lognormal-poisson,42,120.0,120,0.00839501089649275,1.4197059317337866,0.1989004988464287,0.0
neyman@lognormal-poisson,42,180.0,180,0.012595723383128643,1.4083805065736443,0.22441802789809595,0.0
neyman@lognormal-poisson,42,240.0,240,0.016813929367344826,1.3449854026827721,0.07726200882782774,0.0
predictive-variance@lognormal-poisson,42,30.0,1,0.00036613503471016884,1.622366032134373,0.4857830282087551,0.0
predictive-variance@lognormal-poisson,42,60.0,2,0.00044365006033331156,1.5411314886940986,0.4429549842006008,96.95956799694093
predictive-variance@lognormal-poisson,42,120.0,3,0.0005189220537431538,1.4818586458309453,0.16607083010230853,96.95956799694093
predictive-variance@lognormal-poisson,42,180.0,5,0.0006726589635945857,1.428555486431783,0.14238647899020807,96.95956799694093
predictive-variance@lognormal-poisson,42,240.0,6,0.0007486999384127557,1.4110630824572865,0.12406858652795914,96.95956799694093
epistemic@lognormal-poisson,42,30.0,1,0.00035765900975093246,1.622366032134373,0.4857830282087551,0.0
epistemic@lognormal-poisson,42,60.0,2,0.00043334002839401364,1.5411314886940986,0.4429549842006008,96.95956799694093
epistemic@lognormal-poisson,42,120.0,3,0.0005091920029371977,1.4818586458309453,0.16607083010230853,96.95956799694093
epistemic@lognormal-poisson,42,180.0,5,0.0006600350607186556,1.428555486431783,0.14238647899020807,96.95956799694093
epistemic@lognormal-poisson,42,240.0,6,0.0007350660744123161,1.4110630824572865,0.12406858652795914,96.95956799694093
thompson@lognormal-poisson,42,30.0,1,0.00019590597366914153,1.6067655105731216,0.469082542020515,0.0
thompson@lognormal-poisson,42,60.0,2,0.00034391297958791256,1.6042199955743655,0.4688650236833651,0.0
thompson@lognormal-poisson,42,120.0,3,0.00048662000335752964,1.6066032536275279,0.46924354503147997,0.0
thompson@lognormal-poisson,42,180.0,5,0.0007585510611534119,1.6032220962243675,0.469978203605849,0.0
thompson@lognormal-poisson,42,240.0,6,0.0008968201000243425,1.5595497749224656,0.2611448519778554,0.0
eig,43,30.0,30,0.16042855998966843,1.4447154255682,0.48180243617139806,0.0
eig,43,60.0,60,0.2548529230407439,1.3762513278998671,0.13086871422994056,0.0
eig,43,120.0,120,0.432224998192396,1.3739143484664955,0.28837079009305217,0.0
eig,43,180.0,180,0.597168046515435,1.4101864211534625,0.3555787882607917,0.0
eig,43,240.0,240,0.7592786956811324,1.374164974504442,0.1667761940217134,0.0
epig,43,30.0,30,1.216578781080898,1.4468969860816365,0.4848669075485535,0.0
epig,43,60.0,60,2.034501296177041,1.3728869848246097,0.12707767398191394,0.0
epig,43,120.0,119,3.6487852407735772,1.3783508184516757,0.23653514769739667,0.0
epig,43,180.0,177,5.1437472511897795,1.3912272195180346,0.34744954836006425,0.0
epig,43,240.0,234,6.62727112689754,1.3864074428145352,0.21100460239698512,0.0
maxent,43,30.0,30,0.12343088310444728,1.5645464515364134,0.3940422824362526,0.0
maxent,43,60.0,60,0.2168199581792578,1.5644011607850379,0.3888386575369637,0.0
maxent,43,120.0,120,0.44094632827909663,1.5551844082454631,0.32553861642919246,0.0
maxent,43,180.0,180,0.6595016660867259,1.5533520021443474,0.3191364274138011,0.0
maxent,43,240.0,240,0.8773210308281705,1.5539592313713415,0.3194078350101705,0.0
d-optimality,43,30.0,30,0.006540181639138609,1.435501838368953,0.3126934765418791,0.0
d-optimality,43,60.0,60,0.01111797575140372,1.3941931119769613,0.4755129672947819,0.0
d-optimality,43,120.0,120,0.02163822145666927,1.3813546768790392,0.33359474139761186,0.0
d-optimality,43,180.0,180,0.03206135635264218,1.3978437921089517,0.33572384215142004,0.0
d-optimality,43,240.0,240,0.0425164892221801,1.3876517466604874,0.2609516166041098,0.0
neyman,43,30.0,30,0.010162607883103192,1.4568218159917172,0.4962297719117678,0.0
neyman,43,60.0,60,0.02090131602017209,1.4016173841730808,0.3030776838241111,0.0
neyman,43,120.0,120,0.04267493193037808,1.359793724709759,0.15315442092657816,0.0
neyman,43,180.0,180,0.06353753223083913,1.3780860276722862,0.2165394287221553,0.0
neyman,43,240.0,240,0.08378584496676922,1.4001233752299393,0.22919968902802268,0.0
predictive-variance,43,30.0,1,0.002288352057803422,1.5609821508820383,0.3663789019628699,0.0
predictive-variance,43,60.0,2,0.0026608200860209763,1.5098931937655047,0.29334990201247135,0.0
predictive-variance,43,120.0,3,0.0028054301510564983,1.4627748128383535,0.29029755477781005,0.0
predictive-variance,43,180.0,5,0.003319112176541239,1.4141268085169338,0.2531525873541361,0.0
predictive-variance,43,240.0,6,0.0034623501705937088,1.389229575257758,0.23195797920298336,0.0
epistemic,43,30.0,1,0.002279536973219365,1.5609821508820383,0.3663789019628699,0.0
epistemic,43,60.0,2,0.0026501899701543152,1.5098931937655047,0.29334990201247135,0.0
epistemic,43,120.0,3,0.002793747989926487,1.4627748128383535,0.29029755477781005,0.0
epistemic,43,180.0,5,0.00330391206080094,1.4141268085169338,0.2531525873541361,0.0
epistemic,43,240.0,6,0.0034443550975993276,1.389229575257758,0.23195797920298336,0.0
thompson,43,30.0,1,0.001337723049800843,1.680737076013867,1.3491326735388431,277.4853073040617
thompson,43,60.0,2,0.0024535920820198953,1.5098931937655047,0.29334990201247135,277.4853073040617
thompson,43,120.0,3,0.003415871993638575,1.5101419961488156,0.29275943945767374,277.4853073040617
thompson,43,180.0,5,0.005404994008131325,1.5027102979051785,0.23136343314208416,277.4853073040617
thompson,43,240.0,6,0.006399806006811559,1.5031842239705446,0.23380856414862208,277.4853073040617
uniform,43,30.0,3,5.609996151179075e-06,1.7107293153787582,1.3668702699385848,147.505817304109
uniform,43,60.0,6,8.585047908127308e-06,1.5410501465031923,0.4590975822320476,221.25872595616352
uniform,43,120.0,12,1.302309101447463e-05,1.3838946515684867,0.34133519617963576,221.25872595616352
uniform,43,180.0,18,1.706421608105302e-05,1.377737747086223,0.2566297280320587,221.25872595616352
uniform,43,240.0,24,2.14411411434412e-05,1.3927051731887827,0.2698500346102468,221.25872595616352
random,43,30.0,6,2.99241510219872e-05,1.6370807374426353,1.3411395613886932,395.4165629082879
random,43,60.0,7,3.324111457914114e-05,1.628243039225164,1.3408953763621159,534.1592165603188
random,43,120.0,10,4.035409074276686e-05,1.4480591113293046,0.25073168593364087,534.1592165603188
random,43,180.0,13,4.807906225323677e-05,1.432267835987558,0.23823620074435195,534.1592165603188
random,43,240.0,25,7.227604510262609e-05,1.389002121188507,0.20031580761347798,534.1592165603188
eig@gamma-poisson,43,30.0,30,0.010639679909218103,1.4342065456445807,0.44556901832465357,0.0
eig@gamma-poisson,43,60.0,60,0.017369712819345295,1.3803753513926644,0.4526340238131658,0.0
eig@gamma-poisson,43,120.0,120,0.03022541367681697,1.3711548492363004,0.24038866517061988,0.0
eig@gamma-poisson,43,180.0,180,0.042826556717045605,1.3766864355159758,0.2978030664723179,0.0
eig@gamma-poisson,43,240.0,240,0.055314652679953724,1.4107460434720183,0.3664107265301153,0.0
maxent@gamma-poisson,43,30.0,30,0.008065046218689531,1.6143304629516804,0.3972456398941339,0.0
maxent@gamma-poisson,43,60.0,60,0.013566140434704721,1.6139765445039647,0.39040378987503865,0.0
maxent@gamma-poisson,43,120.0,120,0.024364032491575927,1.6045849109121981,0.3258401337755392,0.0
maxent@gamma-poisson,43,180.0,180,0.0351645604823716,1.602705167881803,0.3190739730397895,0.0
maxent@gamma-poisson,43,240.0,240,0.045875696872826666,1.6033231784056134,0.31946469916476544,0.0
d-optimality@gamma-poisson,43,30.0,30,0.0002108560875058174,1.4299128121697888,0.2902901800566467,0.0
d-optimality@gamma-poisson,43,60.0,60,0.00037112104473635554,1.3905154829407067,0.4612674843500569,0.0
d-optimality@gamma-poisson,43,120.0,120,0.0006832520593889058,1.3639717380193008,0.1917385312850504,0.0
d-optimality@gamma-poisson,43,180.0,180,0.0009973648702725768,1.3811692966615576,0.2866444766589747,0.0
d-optimality@gamma-poisson,43,240.0,240,0.0013094330788590014,1.4071696020992623,0.365651456279603,0.0
neyman@gamma-poisson,43,30.0,30,0.00020702899200841784,1.4404958798921215,0.469313109660734,0.0
neyman@gamma-poisson,43,60.0,60,0.0004008340765722096,1.394452703509369,0.31167879062383524,0.0
neyman@gamma-poisson,43,120.0,120,0.0007852609851397574,1.3679239244251387,0.15968298554827945,0.0
neyman@gamma-poisson,43,180.0,180,0.0011676363064907491,1.3708835652692082,0.19473401146990865,0.0
neyman@gamma-poisson,43,240.0,240,0.001547437277622521,1.3994039643756266,0.2254540838479098,0.0
predictive-variance@gamma-poisson,43,30.0,1,5.135603714734316e-05,1.6106145314498292,0.3684401867455384,0.0
predictive-variance@gamma-poisson,43,60.0,2,5.866901483386755e-05,1.5310110673013277,0.2956969581264642,0.0
predictive-variance@gamma-poisson,43,120.0,3,6.531097460538149e-05,1.4697451776415997,0.2925102003553044,0.0
predictive-variance@gamma-poisson,43,180.0,5,7.80759728513658e-05,1.411110484357307,0.256351574676369,0.0
predictive-variance@gamma-poisson,43,240.0,6,8.44389433041215e-05,1.391877642724684,0.2356958421130535,0.0
epistemic@gamma-poisson,43,30.0,1,3.895297413691878e-05,1.6106145314498292,0.3684401867455384,0.0
epistemic@gamma-poisson,43,60.0,2,4.538492066785693e-05,1.5310110673013277,0.2956969581264642,0.0
epistemic@gamma-poisson,43,120.0,3,5.1515933591872454e-05,1.4697451776415997,0.2925102003553044,0.0
epistemic@gamma-poisson,43,180.0,5,6.29969872534275e-05,1.411110484357307,0.256351574676369,0.0
epistemic@gamma-poisson,43,240.0,6,6.863800808787346e-05,1.391877642724684,0.2356958421130535,0.0
thompson@gamma-poisson,43,30.0,1,2.966495230793953e-05,1.6915878622781844,1.349083698455739,277.4853073040617
thompson@gamma-poisson,43,60.0,2,4.157796502113342e-05,1.661468262730459,1.349719467791899,554.9706146081234
thompson@gamma-poisson,43,120.0,3,5.2467978093773127e-05,1.632953168993892,1.3417081418722066,832.455921912185
thompson@gamma-poisson,43,180.0,5,7.29559687897563e-05,1.5704422376707654,1.3406448157625228,1372.0892848518047
thompson@gamma-poisson,43,240.0,6,8.266500663012266e-05,1.573456949412814,1.3408861437752424,1634.2373404873629
epig@gamma-poisson,43,30.0,30,0.1007298426120542,1.4342065456445807,0.44556901832465357,0.0
epig@gamma-poisson,43,60.0,60,0.17194274655776098,1.3692446117761026,0.3313500081703892,0.0
epig@gamma-poisson,43,120.0,120,0.313240657618735,1.3817451735470145,0.38619316249842905,0.0
epig@gamma-poisson,43,180.0,177,0.4469430248136632,1.3913697914691767,0.3391946703484928,0.0
epig@gamma-poisson,43,240.0,235,0.585720251838211,1.3984043902131653,0.27505793896789693,0.0
eig@lognormal-poisson,43,30.0,30,1.306956752203405,1.451422924171361,0.49854233291208316,0.0
eig@lognormal-poisson,43,60.0,60,1.4171203912119381,1.3796926272711767,0.1399827476979885,0.0
eig@lognormal-poisson,43,120.0,120,1.622942998248618,1.3769272949677998,0.2715022016596016,0.0
eig@lognormal-poisson,43,180.0,180,1.816005962609779,1.4076688395689467,0.3519363108950211,0.0
eig@lognormal-poisson,43,240.0,240,2.0108120656223036,1.3709497113524358,0.17062693285006195,0.0
maxent@lognormal-poisson,43,30.0,30,1.225941804004833,1.5583750023072032,0.39047517396801107,0.0
maxent@lognormal-poisson,43,60.0,60,1.3055142014054582,1.5561720539333208,0.3724960707139093,0.0
maxent@lognormal-poisson,43,120.0,120,1.4571248175343499,1.549807652689692,0.32605718132598105,0.0
maxent@lognormal-poisson,43,180.0,180,1.6056796433986165,1.5496941222715181,0.32546017963203705,0.0
maxent@lognormal-poisson,43,240.0,240,1.7551115461392328,1.549819663704861,0.32611468190025666,0.0
d-optimality@lognormal-poisson,43,30.0,30,0.0023846467374823987,1.4513505893569862,0.498655327421275,0.0
d-optimality@lognormal-poisson,43,60.0,60,0.004455203015822917,1.397245933144889,0.48635518415180706,0.0
d-optimality@lognormal-poisson,43,120.0,120,0.008620707201771438,1.3803940612922878,0.3248687433457456,0.0
d-optimality@lognormal-poisson,43,180.0,180,0.01277478429256007,1.3951116453179635,0.3306331084135137,0.0
d-optimality@lognormal-poisson,43,240.0,240,0.016963982314337045,1.384462111533692,0.1845496657820548,0.0
neyman@lognormal-poisson,43,30.0,30,0.002127662650309503,1.4617831618977135,0.5075738043831559,0.0
neyman@lognormal-poisson,43,60.0,60,0.004262382339220494,1.4070154249360545,0.29905655381567786,0.0
neyman@lognormal-poisson,43,120.0,120,0.00852225860580802,1.3654063054196983,0.1588418316964205,0.0
neyman@lognormal-poisson,43,180.0,180,0.012812095752451569,1.379346565336327,0.17739853008458062,0.0
neyman@lognormal-poisson,43,240.0,240,0.01712256867904216,1.399182002602082,0.18373613441662764,0.0
predictive-variance@lognormal-poisson,43,30.0,1,0.0003726780414581299,1.5541228316673898,0.3570982686427666,0.0
predictive-variance@lognormal-poisson,43,60.0,2,0.0004539000801742077,1.506891187930888,0.2815416566237219,0.0
predictive-variance@lognormal-poisson,43,120.0,3,0.0005293011199682951,1.465663650657737,0.2783379586731071,0.0
predictive-variance@lognormal-poisson,43,180.0,5,0.0006792941130697727,1.418034785824246,0.23924384328488005,0.0
predictive-variance@lognormal-poisson,43,240.0,6,0.0007542740786448121,1.3897405707241444,0.21668141736291857,0.0
epistemic@lognormal-poisson,43,30.0,1,0.00036720698699355125,1.5541228316673898,0.3570982686427666,0.0
epistemic@lognormal-poisson,43,60.0,2,0.0004477679613046348,1.506891187930888,0.2815416566237219,0.0
epistemic@lognormal-poisson,43,120.0,3,0.0005232499679550529,1.465663650657737,0.2783379586731071,0.0
epistemic@lognormal-poisson,43,180.0,5,0.0006708969012834132,1.418034785824246,0.23924384328488005,0.0
epistemic@lognormal-poisson,43,240.0,6,0.0007459179032593966,1.3897405707241444,0.21668141736291857,0.0
thompson@lognormal-poisson,43,30.0,1,0.0002019079402089119,1.6765185831480596,1.3662154370502277,262.1480556355581
thompson@lognormal-poisson,43,60.0,2,0.00035148794995620847,1.6793844829990638,1.3664610846517773,524.2961112711162
thompson@lognormal-poisson,43,120.0,3,0.0004934639437124133,1.6321528392625615,1.3486891512926469,786.4441669066742
thompson@lognormal-poisson,43,180.0,5,0.0007680769776925445,1.6103356331498782,1.3490037498238112,1310.7402781777905
thompson@lognormal-poisson,43,240.0,6,0.0009043419267982244,1.6099532760353785,1.3491521181263266,1572.8883338133487
eig,44,30.0,30,0.15588814008515328,1.5554138263208408,0.3581971549306702,11.583105624718593
eig,44,60.0,60,0.24956392438616604,1.4648642820220885,0.1356831795596106,11.583105624718593
eig,44,120.0,120,0.42211257107555866,1.4511336379841335,0.15099831623983873,11.583105624718593
eig,44,180.0,180,0.5862575661740266,1.4624936386746654,0.15103477422160222,11.583105624718593
eig,44,240.0,240,0.7457847963669337,1.4631666357452078,0.14072909245136087,11.583105624718593
epig,44,30.0,30,1.1134912666166201,1.5471045912063353,0.3252180949440467,11.583105624718593
epig,44,60.0,60,1.8783363562542945,1.4612274018878926,0.12867674560901707,11.583105624718593
epig,44,120.0,119,3.3949451147345826,1.452036853829733,0.1443179456973378,11.583105624718593
epig,44,180.0,177,4.784497654938605,1.460502561829722,0.147867561192651,11.583105624718593
epig,44,240.0,233,6.071184003783856,1.4581626029829085,0.13920648390483015,11.583105624718593
maxent,44,30.0,30,0.11891469801776111,1.6022895317309078,0.3498947994663214,11.962415977464541
maxent,44,60.0,60,0.217846137995366,1.601199783233773,0.34391786840698074,11.962415977464541
maxent,44,120.0,120,0.4133881949237548,1.6015068265313364,0.3433607982663256,11.962415977464541
maxent,44,180.0,180,0.6072882459266111,1.6016131697256963,0.34331319768057406,11.962415977464541
maxent,44,240.0,240,0.8010574482032098,1.601266977469967,0.3437516532942308,11.962415977464541
d-optimality,44,30.0,30,0.006817791145294905,1.54686977288024,0.32468137982976164,11.962415977464543
d-optimality,44,60.0,60,0.011518359126057476,1.464275212085636,0.13419337970513903,11.962415977464543
d-optimality,44,120.0,120,0.021165793703403324,1.4522803338755883,0.13551061115110655,11.962415977464543
d-optimality,44,180.0,180,0.031495393021032214,1.4616069787605628,0.137200387558202,11.962415977464543
d-optimality,44,240.0,240,0.04155154398176819,1.4623388560828356,0.14240845170934907,11.962415977464543
neyman,44,30.0,30,0.01045973610598594,1.547593519425656,0.3157891045103154,22.028280191199343
neyman,44,60.0,60,0.020584676298312843,1.4789327338326554,0.14607057667590248,22.028280191199343
neyman,44,120.0,120,0.04117077629780397,1.4578515095811893,0.15130701418889145,22.028280191199343
neyman,44,180.0,180,0.061489563318900764,1.4669768367573577,0.13479312571628455,22.028280191199343
neyman,44,240.0,240,0.0818464724579826,1.452123877958936,0.1276296618634485,22.028280191199343
predictive-variance,44,30.0,1,0.002324620960280299,1.7806656597828976,0.9657044794741002,98.73381064168393
predictive-variance,44,60.0,2,0.002469972998369485,1.6501416193982308,0.5872958278543353,197.46762128336786
predictive-variance,44,120.0,3,0.0026173480437137187,1.6066463120855328,0.49199364023880043,281.0290178152138
predictive-variance,44,180.0,5,0.0031454870477318764,1.467755136311687,0.12609049865391445,281.0290178152138
predictive-variance,44,240.0,6,0.0032935941126197577,1.4672986590434804,0.130008793284125,281.0290178152138
epistemic,44,30.0,1,0.002289404976181686,1.7806656597828976,0.9657044794741002,98.73381064168393
epistemic,44,60.0,2,0.0024367509759031236,1.6501416193982308,0.5872958278543353,197.46762128336786
epistemic,44,120.0,3,0.002580870990641415,1.6066463120855328,0.49199364023880043,281.0290178152138
epistemic,44,180.0,5,0.003098710032645613,1.467755136311687,0.12609049865391445,281.0290178152138
epistemic,44,240.0,6,0.0032424789969809353,1.4672986590434804,0.130008793284125,281.0290178152138
thompson,44,30.0,1,0.0012081310851499438,1.7704517155628423,1.2471024236047987,0.0
thompson,44,60.0,2,0.0022160870721563697,1.6673639694195685,0.8422061482977894,0.0
thompson,44,120.0,3,0.003154123027343303,1.6669074921513622,0.8428016781610012,0.0
thompson,44,180.0,5,0.005092491046525538,1.5365499630121466,0.3490740860196573,0.0
thompson,44,240.0,6,0.0061101060709916055,1.4930546556994484,0.1378189760184577,0.0
uniform,44,30.0,3,5.299923941493034e-06,1.864522731632715,1.333129278415623,74.05035798126295
uniform,44,60.0,6,8.045928552746773e-06,1.8649334149150316,1.3325097264472208,148.1007159625259
uniform,44,120.0,12,1.2534845154732466e-05,1.4639505772848969,0.10854254711026998,222.15107394378884
uniform,44,180.0,18,1.6883830539882183e-05,1.4311734863420453,0.10727023285965284,222.15107394378884
uniform,44,240.0,24,2.1192885469645262e-05,1.4375567579919422,0.14863178540693925,222.15107394378884
random,44,30.0,4,2.3015018086880445e-05,1.773988930827267,0.9652280778022845,86.39208431147344
random,44,60.0,6,2.8337002731859684e-05,1.6621667854287256,0.8455825437761876,86.39208431147344
random,44,120.0,11,4.011002602055669e-05,1.6354626685808844,0.8436445212122861,86.39208431147344
random,44,180.0,15,4.973798058927059e-05,1.6410174255412955,0.8444375354941591,86.39208431147344
random,44,240.0,21,6.283202674239874e-05,1.6024627363100772,0.7794098968637218,86.39208431147344
eig@gamma-poisson,44,30.0,30,0.010401029780041426,1.5485793155374366,0.19023242247181318,9.114760358676495
eig@gamma-poisson,44,60.0,60,0.017060663318261504,1.4943656250346964,0.15038448749936356,9.114760358676495
eig@gamma-poisson,44,120.0,120,0.02992620662553236,1.4797969166946687,0.14198679900083605,9.114760358676495
eig@gamma-poisson,44,180.0,180,0.042525466764345765,1.486940536919531,0.16403289990172465,9.114760358676495
eig@gamma-poisson,44,240.0,240,0.05499384884024039,1.4658089456918868,0.13234879281124298,9.114760358676495
maxent@gamma-poisson,44,30.0,30,0.008057275845203549,1.5659292815283263,0.21588416951426734,9.114760358676495
maxent@gamma-poisson,44,60.0,60,0.013396675931289792,1.565048682348887,0.2071160546403967,9.114760358676495
maxent@gamma-poisson,44,120.0,120,0.024048813385888934,1.5653581870345772,0.20632361760044338,9.114760358676495
maxent@gamma-poisson,44,180.0,180,0.03465783235151321,1.5654575858645225,0.20625984960890886,9.114760358676495
maxent@gamma-poisson,44,240.0,240,0.04522351495688781,1.5650997943508056,0.20696703903108668,9.114760358676495
d-optimality@gamma-poisson,44,30.0,30,0.00021148094674572349,1.5600916070634316,0.18897918369835004,11.583105624718595
d-optimality@gamma-poisson,44,60.0,60,0.00037572765722870827,1.4751721186257267,0.2161876814194442,11.583105624718595
d-optimality@gamma-poisson,44,120.0,120,0.0006933996919542551,1.4774249726778217,0.12396078287379926,11.583105624718595
d-optimality@gamma-poisson,44,180.0,180,0.0010133974137715995,1.4760715081153821,0.1478644391854567,11.583105624718595
d-optimality@gamma-poisson,44,240.0,240,0.001331816427409649,1.4373581822400154,0.12385341203458644,11.583105624718595
neyman@gamma-poisson,44,30.0,30,0.00021068484056741,1.5762852594373662,0.346367314562765,17.470900011861094
neyman@gamma-poisson,44,60.0,60,0.00040476891444996,1.4945243091005445,0.09796628228596313,17.470900011861094
neyman@gamma-poisson,44,120.0,120,0.0007876108284108341,1.4842651039580723,0.1353394296488912,17.470900011861094
neyman@gamma-poisson,44,180.0,180,0.0011697800946421921,1.519542173608883,0.15466665328703508,17.470900011861094
neyman@gamma-poisson,44,240.0,240,0.0015497803688049316,1.4674681845432485,0.11046146870382043,17.470900011861094
predictive-variance@gamma-poisson,44,30.0,1,7.240503327921033e-05,1.7811988097439935,0.9656122494225252,98.73381064168393
predictive-variance@gamma-poisson,44,60.0,2,8.054007776081562e-05,1.6843387131353575,0.586643539284554,197.46762128336786
predictive-variance@gamma-poisson,44,120.0,3,8.777307812124491e-05,1.6177195690085844,0.4910838988962774,281.0290178152138
predictive-variance@gamma-poisson,44,180.0,5,0.00010111805750057101,1.4846475479139016,0.12092622889849769,281.0290178152138
predictive-variance@gamma-poisson,44,240.0,6,0.00010768102947622538,1.484115602483764,0.12479511289257339,281.0290178152138
epistemic@gamma-poisson,44,30.0,1,3.697897773236036e-05,1.7811988097439935,0.9656122494225252,98.73381064168393
epistemic@gamma-poisson,44,60.0,2,4.386197542771697e-05,1.6843387131353575,0.586643539284554,197.46762128336786
epistemic@gamma-poisson,44,120.0,3,5.032395711168647e-05,1.6177195690085844,0.4910838988962774,281.0290178152138
epistemic@gamma-poisson,44,180.0,5,6.268685683608055e-05,1.4846475479139016,0.12092622889849769,281.0290178152138
epistemic@gamma-poisson,44,240.0,6,6.871687946841121e-05,1.484115602483764,0.12479511289257339,281.0290178152138
thompson@gamma-poisson,44,30.0,1,2.3513974156230688e-05,1.7811988097439935,0.9656122494225252,98.73381064168393
thompson@gamma-poisson,44,60.0,2,3.4994969610124826e-05,1.6843387131353575,0.586643539284554,197.46762128336786
thompson@gamma-poisson,44,120.0,3,4.5575026888400316e-05,1.6739453438630039,0.5856113641929902,296.2014319250518
thompson@gamma-poisson,44,180.0,5,6.651505827903748e-05,1.5700004271150558,0.34726799947011067,296.2014319250518
thompson@gamma-poisson,44,240.0,6,7.637409726157784e-05,1.5701855302802958,0.3461985696119694,296.2014319250518
epig@gamma-poisson,44,30.0,30,0.10075608472106978,1.5485793155374366,0.19023242247181318,9.114760358676495
epig@gamma-poisson,44,60.0,60,0.1727553369710222,1.510275924112884,0.2218087907886788,9.114760358676495
epig@gamma-poisson,44,120.0,119,0.3134114947170019,1.4748235553358302,0.12784418730226088,9.114760358676495
epig@gamma-poisson,44,180.0,177,0.4508299605222419,1.4758191059953205,0.15265540287892868,9.114760358676495
epig@gamma-poisson,44,240.0,235,0.5903082065633498,1.46719298030438,0.13201087904844466,9.114760358676495
eig@lognormal-poisson,44,30.0,30,1.0829082787386142,1.5616629634274133,0.36049964901669174,11.583105624718593
eig@lognormal-poisson,44,60.0,60,1.1837635175907053,1.4517491630984123,0.09393284179746798,11.583105624718593
eig@lognormal-poisson,44,120.0,120,1.3723991515580565,1.446666050518474,0.13849063665970518,11.583105624718593
eig@lognormal-poisson,44,180.0,180,1.5562187631730922,1.4595141765743076,0.14938282059557773,11.583105624718593
eig@lognormal-poisson,44,240.0,240,1.740266795444768,1.4486619432510033,0.1211219917439133,11.583105624718593
maxent@lognormal-poisson,44,30.0,30,1.002343381405808,1.5982984219645386,0.3655859788384219,11.962415977464541
maxent@lognormal-poisson,44,60.0,60,1.0612504374585114,1.5970564800040494,0.35943916990626934,11.962415977464541
maxent@lognormal-poisson,44,120.0,120,1.1788881851825863,1.5972886763650616,0.35894704625842944,11.962415977464541
maxent@lognormal-poisson,44,180.0,180,1.2970435782917775,1.5972124664105998,0.35912944468205454,11.962415977464541
maxent@lognormal-poisson,44,240.0,240,1.4157638263422996,1.5970665283526635,0.3598234905318559,11.962415977464541
d-optimality@lognormal-poisson,44,30.0,30,0.0023525540600530803,1.5307119734035872,0.3050696100302949,11.962415977464543
d-optimality@lognormal-poisson,44,60.0,60,0.004424062033649534,1.4466920590746606,0.09445113305276345,11.962415977464543
d-optimality@lognormal-poisson,44,120.0,120,0.00856501143425703,1.4492440720240118,0.13560938603701633,11.962415977464543
d-optimality@lognormal-poisson,44,180.0,180,0.012694524426478893,1.4643326039962783,0.14921121624496575,11.962415977464543
d-optimality@lognormal-poisson,44,240.0,240,0.01684458216186613,1.4537154755490238,0.13680873889868525,11.962415977464543
neyman@lognormal-poisson,44,30.0,30,0.0020928559824824333,1.5363785134912697,0.30240696553138424,22.028280191199343
neyman@lognormal-poisson,44,60.0,60,0.004194333974737674,1.4703117766510145,0.14901516808476933,22.028280191199343
neyman@lognormal-poisson,44,120.0,120,0.008422627055551857,1.4524065501793821,0.14765314527619136,22.028280191199343
neyman@lognormal-poisson,44,180.0,180,0.012658881430979818,1.4545707547396172,0.11973966922322256,22.028280191199343
neyman@lognormal-poisson,44,240.0,240,0.016922756854910403,1.447391902907948,0.12424067425781311,22.028280191199343
predictive-variance@lognormal-poisson,44,30.0,1,0.00036520196590572596,1.7752290369499273,0.9656150330547587,98.73381064168393
predictive-variance@lognormal-poisson,44,60.0,2,0.0004453929141163826,1.644400051202937,0.5870335778164668,197.46762128336786
predictive-variance@lognormal-poisson,44,120.0,3,0.0005239599267952144,1.6004831794397116,0.49144647060153734,281.0290178152138
predictive-variance@lognormal-poisson,44,180.0,5,0.0006782689015381038,1.4657938063723222,0.1241625504598698,281.0290178152138
predictive-variance@lognormal-poisson,44,240.0,6,0.0007532888557761908,1.4653989323459315,0.12830844823044793,281.0290178152138
epistemic@lognormal-poisson,44,30.0,1,0.0003618269693106413,1.7752290369499273,0.9656150330547587,98.73381064168393
epistemic@lognormal-poisson,44,60.0,2,0.00043862994061782956,1.644400051202937,0.5870335778164668,197.46762128336786
epistemic@lognormal-poisson,44,120.0,3,0.0005150829092599452,1.6004831794397116,0.49144647060153734,281.0290178152138
epistemic@lognormal-poisson,44,180.0,5,0.0006665469845756888,1.4657938063723222,0.1241625504598698,281.0290178152138
epistemic@lognormal-poisson,44,240.0,6,0.0007405549404211342,1.4653989323459315,0.12830844823044793,281.0290178152138
thompson@lognormal-poisson,44,30.0,1,0.00019898201571777463,1.8445047211833112,1.2943915993180195,98.73381064168393
thompson@lognormal-poisson,44,60.0,2,0.00033822201658040285,1.7313121651867018,0.9106720617456366,197.46762128336786
thompson@lognormal-poisson,44,120.0,3,0.00047408597311004996,1.6004831794397116,0.49144647060153734,281.0290178152138
thompson@lognormal-poisson,44,180.0,5,0.0007438709144480526,1.4893924445639461,0.13899426265994644,281.0290178152138
thompson@lognormal-poisson,44,240.0,6,0.0008794839377515018,1.4895183676478576,0.13638492851291453,281.0290178152138
eig,45,30.0,30,0.1519191237166524,1.3271815671255542,0.08548383564728557,0.6204109424141392
eig,45,60.0,60,0.24068742449162528,1.3451943273488436,0.13867451597725278,6.982973818225853
eig,45,120.0,120,0.40125540050212294,1.3480687476823225,0.15382625200703287,23.580963929038973
eig,45,180.0,180,0.5543977763154544,1.3054782557326774,0.12027528118354366,23.580963929038973
eig,45,240.0,240,0.7037650044076145,1.2826168796306283,0.06665476989386976,24.134230266066076
epig,45,30.0,30,1.0784275805926882,1.3275406143595514,0.08719670894531034,0.6204109424141392
epig,45,60.0,60,1.8034109876607545,1.354269624374922,0.15123724329970123,6.982973818225853
epig,45,120.0,120,3.2111207605921663,1.3519556165677884,0.1561957716224509,21.367898580930557
epig,45,180.0,180,4.6030269203474745,1.3015336462858802,0.11357029217231433,25.794029277147388
epig,45,240.0,240,6.010160174337216,1.2869930603467252,0.06361357438611057,26.900561951201595
maxent,45,30.0,30,0.09625107323518023,1.3983656002744669,0.22859332059287907,0.6204109424141392
maxent,45,60.0,60,0.1698405832867138,1.3806086868107401,0.21199524744439746,0.6204109424141392
maxent,45,120.0,120,0.3398873445694335,1.3799502468318956,0.21213297953949925,0.6204109424141392
maxent,45,180.0,180,0.5084077056962997,1.3793372100659926,0.21268647676506933,0.6204109424141392
maxent,45,240.0,240,0.6764139165752567,1.3790819123198232,0.2130643041255581,0.6204109424141392
d-optimality,45,30.0,30,0.006713023118209094,1.3295480480557422,0.11782097345037897,2.4144991642695226
d-optimality,45,60.0,60,0.011256776750087738,1.3446596919499394,0.12585846504905257,5.734097186432156
d-optimality,45,120.0,120,0.02015776513144374,1.3436258880885728,0.13744289804793502,22.33208729724528
d-optimality,45,180.0,180,0.029266424011439085,1.2885129498823544,0.10909324307435783,27.588117499002767
d-optimality,45,240.0,240,0.038062258216086775,1.2914121881113758,0.08051675133781193,27.86475066751632
neyman,45,30.0,30,0.010517930320929736,1.3843431250860991,0.23872782744601914,0.6204109424141392
neyman,45,60.0,60,0.02067803149111569,1.3331335432300697,0.14777029942265643,3.940008964576772
neyman,45,120.0,120,0.039874153619166464,1.3259329413914926,0.11778602001794479,16.388501547686623
neyman,45,180.0,180,0.05868347443174571,1.3351240246740408,0.11246987355466642,16.388501547686623
neyman,45,240.0,240,0.07903665106277913,1.2810600386210855,0.06722694525636844,16.388501547686623
predictive-variance,45,30.0,1,0.002297810046002269,1.4063396185155301,0.23520609185198255,11.065326740542103
predictive-variance,45,60.0,2,0.002671159047167748,1.3820507850080974,0.149166728618525,22.130653481084206
predictive-variance,45,120.0,3,0.002814839011989534,1.3434237397086226,0.1458937671294917,22.130653481084206
predictive-variance,45,180.0,5,0.0033261249773204327,1.311537252633195,0.11456637529106833,22.130653481084206
predictive-variance,45,240.0,6,0.0034709169412963092,1.3129269616196904,0.08397780035737765,22.130653481084206
epistemic,45,30.0,1,0.002283053006976843,1.4063396185155301,0.23520609185198255,11.065326740542103
epistemic,45,60.0,2,0.0026559410034678876,1.3820507850080974,0.149166728618525,22.130653481084206
epistemic,45,120.0,3,0.00280060205841437,1.3434237397086226,0.1458937671294917,22.130653481084206
epistemic,45,180.0,5,0.003312148037366569,1.311537252633195,0.11456637529106833,22.130653481084206
epistemic,45,240.0,6,0.003453392069786787,1.3129269616196904,0.08397780035737765,22.130653481084206
thompson,45,30.0,1,0.0012903640163131058,1.4063396185155301,0.23520609185198255,11.065326740542103
thompson,45,60.0,2,0.0022195030469447374,1.40712783837004,0.2355828737427632,22.130653481084206
thompson,45,120.0,3,0.0032017420744523406,1.4085175473565357,0.222319830439006,33.19598022162631
thompson,45,180.0,5,0.005291723180562258,1.383414507102102,0.1273680192152156,55.32663370271052
thompson,45,240.0,6,0.006182270182762295,1.3675756273910868,0.10643642694429231,66.39196044325261
uniform,45,30.0,3,5.761918146163225e-06,1.3927675409534224,0.2287077466990935,8.298995055406577
uniform,45,60.0,6,8.537841495126486e-06,1.398310278717909,0.2207785228876301,16.597990110813154
uniform,45,120.0,12,1.2795848306268454e-05,1.3542676423527746,0.1434062679952333,33.19598022162631
uniform,45,180.0,18,1.7085927538573742e-05,1.302084656972738,0.12523318340328804,49.793970332439464
uniform,45,240.0,24,2.1300860680639744e-05,1.3015595016119155,0.1087669724156434,66.39196044325261
random,45,30.0,4,2.1857907995581627e-05,1.4254250322946271,0.25140758743315506,38.46547842967663
random,45,60.0,4,2.1857907995581627e-05,1.4254250322946271,0.25140758743315506,38.46547842967663
random,45,120.0,14,4.438089672476053e-05,1.3321030503556635,0.19525222750440177,51.494108220373555
random,45,180.0,16,4.893087316304445e-05,1.333056078358198,0.19538691660905694,51.494108220373555
random,45,240.0,25,6.744463462382555e-05,1.3318232725457115,0.19921000733336325,51.494108220373555
eig@gamma-poisson,45,30.0,30,0.009975480090361089,1.3752209723791575,0.22040226798096446,4.761853723152012
eig@gamma-poisson,45,60.0,60,0.01656313013518229,1.3758950739946656,0.1252184307654156,6.145019565719776
eig@gamma-poisson,45,120.0,120,0.029294634878169745,1.344333775158718,0.13198492352979235,19.700044822883825
eig@gamma-poisson,45,180.0,180,0.041795869066845626,1.3213083599995243,0.10236837571382497,26.892507204236175
eig@gamma-poisson,45,240.0,240,0.054222565959207714,1.2836617320293502,0.10000964821266765,27.169140372749727
maxent@gamma-poisson,45,30.0,30,0.00782156188506633,1.4353261611168528,0.23495080656566525,2.1378659957559702
maxent@gamma-poisson,45,60.0,60,0.013058359909337014,1.4192698340094856,0.22149593805451226,2.1378659957559702
maxent@gamma-poisson,45,120.0,120,0.023373590083792806,1.4187386596088476,0.22156682313752846,2.1378659957559702
maxent@gamma-poisson,45,180.0,180,0.03356210340280086,1.4181817485094899,0.22210319917066032,2.1378659957559702
maxent@gamma-poisson,45,240.0,240,0.04380912461783737,1.4179474709818167,0.22245412092966865,2.1378659957559702
d-optimality@gamma-poisson,45,30.0,30,0.00020577816758304834,1.3790447542950044,0.22507987993113274,7.452986055935089
d-optimality@gamma-poisson,45,60.0,60,0.0003653388121165335,1.3834872361489186,0.12069454220784973,7.452986055935089
d-optimality@gamma-poisson,45,120.0,120,0.0006777771632187068,1.3427957357575862,0.13707197596708104,20.454744976072032
d-optimality@gamma-poisson,45,180.0,180,0.0009894798859022558,1.3220536084076535,0.11722688889406241,32.62660439066833
d-optimality@gamma-poisson,45,240.0,240,0.001301101001445204,1.295468775582974,0.10984693893066833,32.62660439066833
neyman@gamma-poisson,45,30.0,30,0.00020766002126038074,1.4259220840130953,0.25564359579210255,0.8970441109276918
neyman@gamma-poisson,45,60.0,60,0.00040152412839233875,1.359657548920133,0.14233965699056406,4.76990847011743
neyman@gamma-poisson,45,120.0,120,0.0007836633012630045,1.3452771097639893,0.11593222551167254,17.21840105322728
neyman@gamma-poisson,45,180.0,180,0.0011629561777226627,1.33385365357843,0.10442548519040476,17.21840105322728
neyman@gamma-poisson,45,240.0,240,0.0015426420141011477,1.3246209864066814,0.07686429161415072,17.21840105322728
predictive-variance@gamma-poisson,45,30.0,1,4.395295400172472e-05,1.4462811601948709,0.23546022425320368,11.065326740542103
predictive-variance@gamma-poisson,45,60.0,2,5.099701229482889e-05,1.4094297228261263,0.14999201853289434,22.130653481084206
predictive-variance@gamma-poisson,45,120.0,3,5.7590019423514605e-05,1.3671529798504167,0.14644404951790388,22.130653481084206
predictive-variance@gamma-poisson,45,180.0,5,7.196603110060096e-05,1.3211160944119933,0.11578658964402351,22.130653481084206
predictive-variance@gamma-poisson,45,240.0,6,7.771706441417336e-05,1.313224077044463,0.08601650438268123,22.130653481084206
epistemic@gamma-poisson,45,30.0,1,3.5295961424708366e-05,1.4462811601948709,0.23546022425320368,11.065326740542103
epistemic@gamma-poisson,45,60.0,2,4.167697625234723e-05,1.4094297228261263,0.14999201853289434,22.130653481084206
epistemic@gamma-poisson,45,120.0,3,4.792894469574094e-05,1.3671529798504167,0.14644404951790388,22.130653481084206
epistemic@gamma-poisson,45,180.0,5,5.947897443547845e-05,1.3211160944119933,0.11578658964402351,22.130653481084206
epistemic@gamma-poisson,45,240.0,6,6.49799476377666e-05,1.313224077044463,0.08601650438268123,22.130653481084206
thompson@gamma-poisson,45,30.0,1,2.1270010620355606e-05,1.4462811601948709,0.23546022425320368,11.065326740542103
thompson@gamma-poisson,45,60.0,2,3.283104160800576e-05,1.4467675386081866,0.23574667850875836,22.130653481084206
thompson@gamma-poisson,45,120.0,3,4.451209679245949e-05,1.4452436884900302,0.23520733452234094,33.19598022162631
thompson@gamma-poisson,45,180.0,5,6.59230281598866e-05,1.401459654694948,0.23261361083972276,44.26130696216841
thompson@gamma-poisson,45,240.0,6,7.619301322847605e-05,1.398623079491232,0.2336711642538611,44.26130696216841
epig@gamma-poisson,45,30.0,30,0.10016758693382144,1.3844840924786865,0.22933733106616053,3.5881764437107675
epig@gamma-poisson,45,60.0,60,0.17066832585260272,1.383750878066899,0.1282495496204693,6.3545081288462955
epig@gamma-poisson,45,120.0,120,0.3100111134699546,1.3467224600484735,0.1332169241529779,20.46279972303745
epig@gamma-poisson,45,180.0,180,0.44919701741309837,1.313447810326544,0.10060209453552033,26.27209626182204
epig@gamma-poisson,45,240.0,240,0.5884140454581939,1.27457086794104,0.09424495796300145,26.27209626182204
eig@lognormal-poisson,45,30.0,30,0.5429186521214433,1.3288005471335615,0.09199242077181893,1.450310447954797
eig@lognormal-poisson,45,60.0,60,0.6421987403882667,1.3451581326191044,0.13606415920518658,5.8764411441716415
eig@lognormal-poisson,45,120.0,120,0.8279062216752209,1.350798911953972,0.15142491818722195,22.474431254984765
eig@lognormal-poisson,45,180.0,180,1.0108103206730448,1.2985714742499657,0.11106322709798311,22.751064423498317
eig@lognormal-poisson,45,240.0,240,1.1908758085919544,1.2738968764820142,0.06478231211745307,23.580963929038973
maxent@lognormal-poisson,45,30.0,30,0.4507379197748378,1.3933315485980444,0.2168411500710733,1.2408218848282784
maxent@lognormal-poisson,45,60.0,60,0.489351172815077,1.3758532619099404,0.19963593397528787,1.2408218848282784
maxent@lognormal-poisson,45,120.0,120,0.5727264728629962,1.3751899530228282,0.19978469429927923,1.2408218848282784
maxent@lognormal-poisson,45,180.0,180,0.6599961051833816,1.3745732168126479,0.20037019113211665,1.2408218848282784
maxent@lognormal-poisson,45,240.0,240,0.7496978578856215,1.3743127670878612,0.20077882864008975,1.2408218848282784
d-optimality@lognormal-poisson,45,30.0,30,0.0023652666131965816,1.3304792185660748,0.11892259524292965,4.141442780737873
d-optimality@lognormal-poisson,45,60.0,60,0.004432877292856574,1.3462100652701636,0.12515599922086995,7.461040802900507
d-optimality@lognormal-poisson,45,120.0,120,0.00855440431041643,1.352624404505064,0.15250640733281923,24.059030913713624
d-optimality@lognormal-poisson,45,180.0,180,0.012697755650151521,1.3051351061960212,0.11651652982915231,28.761794778444006
d-optimality@lognormal-poisson,45,240.0,240,0.01684446190483868,1.2832055004548562,0.08104552634125801,29.038427946957558
neyman@lognormal-poisson,45,30.0,30,0.0021199951879680157,1.378971311454339,0.22986271235359645,0.6204109424141392
neyman@lognormal-poisson,45,60.0,60,0.0042181723401881754,1.3327379912378639,0.14452212971449674,4.216642133090325
neyman@lognormal-poisson,45,120.0,120,0.008392843301407993,1.3357657927219713,0.13526576971797566,17.21840105322728
neyman@lognormal-poisson,45,180.0,180,0.012613189872354269,1.3371724412808332,0.11246961091023895,17.21840105322728
neyman@lognormal-poisson,45,240.0,240,0.016839191899634898,1.2821139832934596,0.06723321647064276,17.21840105322728
predictive-variance@lognormal-poisson,45,30.0,1,0.0003694910556077957,1.404320229177409,0.2352874435896447,11.065326740542103
predictive-variance@lognormal-poisson,45,60.0,2,0.0004458640469238162,1.3805837212158478,0.14947960890586864,22.130653481084206
predictive-variance@lognormal-poisson,45,120.0,3,0.0005200730520300567,1.3443300698442415,0.1462266202202233,22.130653481084206
predictive-variance@lognormal-poisson,45,180.0,5,0.0006661770748905838,1.3122957778494004,0.11495870588242639,22.130653481084206
predictive-variance@lognormal-poisson,45,240.0,6,0.0007420700276270509,1.3130694955930469,0.08417552674642828,22.130653481084206
epistemic@lognormal-poisson,45,30.0,1,0.0003557160380296409,1.404320229177409,0.2352874435896447,11.065326740542103
epistemic@lognormal-poisson,45,60.0,2,0.00043132808059453964,1.3805837212158478,0.14947960890586864,22.130653481084206
epistemic@lognormal-poisson,45,120.0,3,0.0005049060564488173,1.3443300698442415,0.1462266202202233,22.130653481084206
epistemic@lognormal-poisson,45,180.0,5,0.0006501170573756099,1.3122957778494004,0.11495870588242639,22.130653481084206
epistemic@lognormal-poisson,45,240.0,6,0.0007247569737955928,1.3130694955930469,0.08417552674642828,22.130653481084206
thompson@lognormal-poisson,45,30.0,1,0.00019513501320034266,1.404320229177409,0.2352874435896447,11.065326740542103
thompson@lognormal-poisson,45,60.0,2,0.00033707101829349995,1.3680665778058028,0.23323432871969815,11.065326740542103
thompson@lognormal-poisson,45,120.0,3,0.0004743189783766866,1.3648202524422288,0.23385076513866138,11.065326740542103
thompson@lognormal-poisson,45,180.0,5,0.0007427009986713529,1.3266943611620754,0.13578080748073232,11.065326740542103
thompson@lognormal-poisson,45,240.0,6,0.0008780240314081311,1.3267912911203006,0.1350628794698824,11.065326740542103
eig,46,30.0,30,0.1474280553520657,1.2849461694161703,0.29447730410019374,0.0
eig,46,60.0,60,0.23521964735118672,1.2724437334614496,0.3096857303445884,0.0
eig,46,120.0,120,0.3942693842109293,1.2326858459369987,0.17836559094217347,0.0
eig,46,180.0,180,0.5470887101255357,1.2133822079405903,0.11874851905990608,0.0
eig,46,240.0,240,0.6988847641623579,1.1834017883755485,0.06401631473243496,0.0
epig,46,30.0,30,1.0803057820303366,1.3014420954031232,0.31082033056217645,0.0
epig,46,60.0,60,1.8243179892888293,1.2573391663392743,0.3041068706269942,0.0
epig,46,120.0,120,3.259507477399893,1.2337205180573378,0.17845795761345026,0.0
epig,46,180.0,180,4.7011703795869835,1.2173490929330961,0.1191705797178575,0.0
epig,46,240.0,236,6.011040362762287,1.1818097013951603,0.04225003347819199,0.0
maxent,46,30.0,30,0.10530581715283915,1.2805543253720806,0.21737027626236938,0.0
maxent,46,60.0,60,0.19448903109878302,1.2883824918766014,0.22475925530218938,0.0
maxent,46,120.0,120,0.3697698278701864,1.2807123489272279,0.21218258642140955,0.0
maxent,46,180.0,180,0.5448011162225157,1.2805252782546266,0.2121590092544753,0.0
maxent,46,240.0,240,0.7195627382607199,1.2801522743981406,0.21218278303368557,0.0
d-optimality,46,30.0,30,0.006954460928682238,1.29346938143125,0.27886713138848424,0.0
d-optimality,46,60.0,60,0.011342283978592604,1.2753358484844706,0.3334858971664098,0.0
d-optimality,46,120.0,120,0.019978768134023994,1.2394834999172082,0.18345228160779536,0.0
d-optimality,46,180.0,180,0.028880016354378313,1.2187551008866755,0.12085176813503096,0.0
d-optimality,46,240.0,240,0.038611145690083504,1.1853835798587722,0.07201512311300722,0.0
neyman,46,30.0,30,0.010424263251479715,1.3148802587301442,0.31968095453767664,0.0
neyman,46,60.0,60,0.020370567217469215,1.2536812439596388,0.24206446368838297,0.0
neyman,46,120.0,120,0.04011956648901105,1.2324383558637837,0.13445530686665835,0.0
neyman,46,180.0,180,0.06123309535905719,1.216382720374521,0.0869633896313548,0.0
neyman,46,240.0,240,0.08138793165562674,1.2187247219297133,0.08562878226876237,0.0
predictive-variance,46,30.0,1,0.0023128290195018053,1.3156846182802557,0.25280898335666774,0.0
predictive-variance,46,60.0,2,0.0024596130242571235,1.2640879763286088,0.18930042888985066,0.0
predictive-variance,46,120.0,3,0.002832090074662119,1.242628474376347,0.11060767016065066,0.0
predictive-variance,46,180.0,5,0.0031182680977508426,1.2271445527514862,0.11332743765090862,0.0
predictive-variance,46,240.0,6,0.0032631991198286414,1.229390400187282,0.12125152588396237,0.0
epistemic,46,30.0,1,0.002295957994647324,1.3156846182802557,0.25280898335666774,0.0
epistemic,46,60.0,2,0.0024401090340688825,1.2640879763286088,0.18930042888985066,0.0
epistemic,46,120.0,3,0.0028130679856985807,1.242628474376347,0.11060767016065066,0.0
epistemic,46,180.0,5,0.0030962289310991764,1.2271445527514862,0.11332743765090862,0.0
epistemic,46,240.0,6,0.003243623999878764,1.2147690825815793,0.11239784163324167,0.0
thompson,46,30.0,1,0.001212659990414977,1.311474317196711,0.39757427993982797,0.0
thompson,46,60.0,2,0.0022099270136095583,1.3137201646325067,0.3999051543483046,0.0
thompson,46,120.0,3,0.003167199029121548,1.3101511215254913,0.39719265941694454,0.0
thompson,46,180.0,5,0.005120587069541216,1.2875066209162396,0.36633910962186556,0.0
thompson,46,240.0,6,0.006128063076175749,1.2881835929904026,0.3661637370003736,0.0
uniform,46,30.0,3,5.692068953067064e-06,1.362751223948176,0.43256658023166433,0.0
uniform,46,60.0,6,8.547038305550814e-06,1.2669261646584313,0.34729212335215975,0.0
uniform,46,120.0,12,1.2935081031173468e-05,1.263572744094439,0.3232492178640158,0.0
uniform,46,180.0,18,1.6801932360976934e-05,1.2214615241780082,0.1534407785479081,0.0
uniform,46,240.0,24,2.1001906134188175e-05,1.1999567713659445,0.1256401577650921,0.0
random,46,30.0,3,2.2121123038232327e-05,1.2642398790597482,0.24333938812426445,0.0
random,46,60.0,7,3.134715370833874e-05,1.2592897730427817,0.25186001230030364,0.0
random,46,120.0,13,4.5304070226848125e-05,1.257882661523236,0.187940247102331,0.0
random,46,180.0,16,5.261605838313699e-05,1.2500905357903653,0.18017737877208084,0.0
random,46,240.0,23,6.714311894029379e-05,1.23674936780931,0.17674295999150924,0.0
eig@gamma-poisson,46,30.0,30,0.009740662819240242,1.321428508580471,0.3204597650363713,0.0
eig@gamma-poisson,46,60.0,60,0.016359973000362515,1.2942853728038866,0.3400694336228605,0.0
eig@gamma-poisson,46,120.0,120,0.029146741202566773,1.2747095055698072,0.23152217559697644,0.0
eig@gamma-poisson,46,180.0,180,0.04168507602298632,1.201254019826412,0.13865151369312068,0.0
eig@gamma-poisson,46,240.0,240,0.05420489842072129,1.1852970820582907,0.08845794033366525,0.0
maxent@gamma-poisson,46,30.0,30,0.007618913950864226,1.3167313298558536,0.4010352029224239,0.0
maxent@gamma-poisson,46,60.0,60,0.012844327953644097,1.3245497062545804,0.4039612493939479,0.0
maxent@gamma-poisson,46,120.0,120,0.023411636939272285,1.3171330810437867,0.3971563580908363,0.0
maxent@gamma-poisson,46,180.0,180,0.03384045872371644,1.316580106446989,0.39707051440047253,0.0
maxent@gamma-poisson,46,240.0,240,0.04418473120313138,1.316332189279005,0.39708603945873666,0.0
d-optimality@gamma-poisson,46,30.0,30,0.00021141523029655218,1.3044120938189776,0.275823828229369,0.0
d-optimality@gamma-poisson,46,60.0,60,0.0003753094933927059,1.3231714128733572,0.2953671237486264,0.0
d-optimality@gamma-poisson,46,120.0,120,0.0006931082461960614,1.237882386773265,0.2347686004391918,0.0
d-optimality@gamma-poisson,46,180.0,180,0.0010111660812981427,1.1974535205141739,0.10934305607055121,0.0
d-optimality@gamma-poisson,46,240.0,240,0.0013281027786433697,1.18789289916021,0.1153778878213757,0.0
neyman@gamma-poisson,46,30.0,30,0.00020874070469290018,1.3245216814291603,0.31854799174062115,0.0
neyman@gamma-poisson,46,60.0,60,0.0004031339776702225,1.2816907714240717,0.2571722804810856,0.0
neyman@gamma-poisson,46,120.0,120,0.0007863120408728719,1.2704450584145746,0.1385905153831766,0.0
neyman@gamma-poisson,46,180.0,180,0.0011663789628073573,1.230693167257511,0.08626762959293122,0.0
neyman@gamma-poisson,46,240.0,240,0.0015451069921255112,1.2373169668263573,0.08519010176719628,0.0
predictive-variance@gamma-poisson,46,30.0,1,4.942197119817138e-05,1.3314209351873811,0.25372825325923937,0.0
predictive-variance@gamma-poisson,46,60.0,2,5.7016906794160604e-05,1.2808306654936465,0.19009363004093502,0.0
predictive-variance@gamma-poisson,46,120.0,3,6.372987991198897e-05,1.2619774540631814,0.11166253656282878,0.0
predictive-variance@gamma-poisson,46,180.0,5,7.669383194297552e-05,1.2358947781028142,0.1135561265157616,0.0
predictive-variance@gamma-poisson,46,240.0,6,8.298578904941678e-05,1.2381945502850622,0.12119930999172232,0.0
epistemic@gamma-poisson,46,30.0,1,3.877299604937434e-05,1.3314209351873811,0.25372825325923937,0.0
epistemic@gamma-poisson,46,60.0,2,4.534499021247029e-05,1.2808306654936465,0.19009363004093502,0.0
epistemic@gamma-poisson,46,120.0,3,5.143496673554182e-05,1.2619774540631814,0.11166253656282878,0.0
epistemic@gamma-poisson,46,180.0,5,6.288604345172644e-05,1.2358947781028142,0.1135561265157616,0.0
epistemic@gamma-poisson,46,240.0,6,6.83550606481731e-05,1.2162168615688713,0.11279670104320431,0.0
thompson@gamma-poisson,46,30.0,1,2.567801857367158e-05,1.3182170510936924,0.39736708398882054,0.0
thompson@gamma-poisson,46,60.0,2,3.7690973840653896e-05,1.2808306654936465,0.19009363004093502,0.0
thompson@gamma-poisson,46,120.0,3,4.8250018153339624e-05,1.2831304376758945,0.1947559166119115,0.0
thompson@gamma-poisson,46,180.0,5,6.850803038105369e-05,1.2786225838548486,0.1899177721332397,0.0
thompson@gamma-poisson,46,240.0,6,7.830507820472121e-05,1.2792875218967161,0.18948843573766663,0.0
epig@gamma-poisson,46,30.0,30,0.09883200301555917,1.2864160726997371,0.25737825239278683,0.0
epig@gamma-poisson,46,60.0,60,0.16999412782024592,1.307347283311713,0.2902447673746025,0.0
epig@gamma-poisson,46,120.0,120,0.30894645693479106,1.267373184051768,0.18885959213942094,0.0
epig@gamma-poisson,46,180.0,180,0.4479258139617741,1.1915683353715572,0.10304004130056112,0.0
epig@gamma-poisson,46,240.0,240,0.5869378698407672,1.1883334205339489,0.07374756067907717,0.0
eig@lognormal-poisson,46,30.0,30,0.4380332808359526,1.2814707866080104,0.28770329119740223,0.0
eig@lognormal-poisson,46,60.0,60,0.5328858188004233,1.2722712578197795,0.30572918710342145,0.0
eig@lognormal-poisson,46,120.0,120,0.7184113311814144,1.2338296013145345,0.16299332909080588,0.0
eig@lognormal-poisson,46,180.0,180,0.8974659719388001,1.214958421512973,0.11961665086263744,0.0
eig@lognormal-poisson,46,240.0,240,1.0747125130728818,1.183002073687747,0.06187008009267391,0.0
maxent@lognormal-poisson,46,30.0,30,0.3572978432639502,1.2799155238884377,0.22403995427941856,0.0
maxent@lognormal-poisson,46,60.0,60,0.39987710845889524,1.28783802197338,0.2317608490390778,0.0
maxent@lognormal-poisson,46,120.0,120,0.49022066057659686,1.2801147596121372,0.21942652017032271,0.0
maxent@lognormal-poisson,46,180.0,180,0.5848762682871893,1.2799220337918957,0.21939942431650467,0.0
maxent@lognormal-poisson,46,240.0,240,0.6818465654505417,1.2795520246359922,0.21941293980780655,0.0
d-optimality@lognormal-poisson,46,30.0,30,0.0025555231841281056,1.2960170405185403,0.30833393036043394,0.0
d-optimality@lognormal-poisson,46,60.0,60,0.004879153973888606,1.2813993897977936,0.2891524016799269,0.0
d-optimality@lognormal-poisson,46,120.0,120,0.008857165114022791,1.237596145467704,0.1804960316338074,0.0
d-optimality@lognormal-poisson,46,180.0,180,0.012896240223199129,1.2012199451510188,0.10149873527301459,0.0
d-optimality@lognormal-poisson,46,240.0,240,0.016950892575550824,1.1847011958855638,0.06989670694163852,0.0
neyman@lognormal-poisson,46,30.0,30,0.0020649838843382895,1.3099979158775295,0.31268861603057235,0.0
neyman@lognormal-poisson,46,60.0,60,0.004126791900489479,1.251282885132414,0.2391111235908567,0.0
neyman@lognormal-poisson,46,120.0,120,0.008259575755801052,1.2307023285950527,0.13493313567383816,0.0
neyman@lognormal-poisson,46,180.0,180,0.012407259608153254,1.2153477972176494,0.09009630402786575,0.0
neyman@lognormal-poisson,46,240.0,240,0.016569637053180486,1.2163301606753427,0.07977641523637463,0.0
predictive-variance@lognormal-poisson,46,30.0,1,0.0003626590478233993,1.3093336243620375,0.25286649566831404,0.0
predictive-variance@lognormal-poisson,46,60.0,2,0.00043949310202151537,1.2595765108732406,0.18949210444409448,0.0
predictive-variance@lognormal-poisson,46,120.0,3,0.0005161270964890718,1.2373155060922474,0.11143010885522013,0.0
predictive-variance@lognormal-poisson,46,180.0,5,0.0006634531309828162,1.2247527883900613,0.11395757115125524,0.0
predictive-variance@lognormal-poisson,46,240.0,6,0.0007391561521217227,1.2269782269621639,0.12184407180444796,0.0
epistemic@lognormal-poisson,46,30.0,1,0.0003514179843477905,1.3093336243620375,0.25286649566831404,0.0
epistemic@lognormal-poisson,46,60.0,2,0.0004287029732950032,1.2595765108732406,0.18949210444409448,0.0
epistemic@lognormal-poisson,46,120.0,3,0.0005043739220127463,1.2373155060922474,0.11143010885522013,0.0
epistemic@lognormal-poisson,46,180.0,5,0.0006545349606312811,1.2247527883900613,0.11395757115125524,0.0
epistemic@lognormal-poisson,46,240.0,6,0.0007266299217008054,1.2144564031304206,0.11305655051296762,0.0
thompson@lognormal-poisson,46,30.0,1,0.0001980310189537704,1.3128259780887455,0.39762901148221885,0.0
thompson@lognormal-poisson,46,60.0,2,0.00033712107688188553,1.2595765108732406,0.18949210444409448,0.0
thompson@lognormal-poisson,46,120.0,3,0.00047305505722761154,1.2480728685367393,0.18948675284929495,0.0
thompson@lognormal-poisson,46,180.0,5,0.000742308096960187,1.2467008370781894,0.18859055269007416,0.0
thompson@lognormal-poisson,46,240.0,6,0.0008821091032586992,1.2455019789281072,0.1886633412572939,0.0
eig,47,30.0,30,0.20996898168232292,1.6951751843084188,0.42156937643337167,22.514124072164726
eig,47,60.0,60,0.304771538823843,1.6692082133128343,0.424240873280549,65.90532607707515
eig,47,120.0,120,0.4809510777122341,1.5499050220793802,0.2665433837985764,75.54781541149968
eig,47,180.0,180,0.6600431886618026,1.510945918942003,0.19675799496371985,75.54781541149968
eig,47,240.0,240,0.8367413697415031,1.4864331648278881,0.10794168324020724,75.54781541149968
epig,47,30.0,30,1.1638125283061527,1.6969445646820542,0.4221490936678673,22.514124072164726
epig,47,60.0,60,1.9950555753312074,1.6692082133128343,0.424240873280549,64.29824452133772
epig,47,120.0,120,3.638955306436401,1.557344003325852,0.28270402227604585,83.5832231901868
epig,47,180.0,174,5.102069698215928,1.5127507851390158,0.20648652980779908,83.5832231901868
epig,47,240.0,224,6.4624495193129405,1.4936869339283092,0.11751520703689121,83.5832231901868
maxent,47,30.0,30,0.11514783196616918,1.9103616318748726,0.8072519450279162,22.514124072164726
maxent,47,60.0,60,0.20971435023238882,1.9180149323462965,0.8186764985574351,22.514124072164726
maxent,47,120.0,120,0.3966235733241774,1.9052212767511116,0.8024490191690288,22.514124072164726
maxent,47,180.0,180,0.5836267593549564,1.9039302604141148,0.8015414530624859,22.514124072164726
maxent,47,240.0,240,0.7697156561771408,1.9047972905523372,0.8022077287893762,22.514124072164726
d-optimality,47,30.0,30,0.006685915228445083,1.6759111557165618,0.377333577309383,25.730427511045402
d-optimality,47,60.0,60,0.011233176395762712,1.7017525175615411,0.5160481021279312,62.69330329300613
d-optimality,47,120.0,120,0.020143643603660166,1.5534926005264695,0.3018018379697891,98.04909751922943
d-optimality,47,180.0,180,0.03137970285024494,1.5081725132989323,0.19075104558549283,98.04909751922943
d-optimality,47,240.0,240,0.044244758726563305,1.48959678557072,0.12097687926872627,98.04909751922943
neyman,47,30.0,30,0.010072416043840349,1.6773432409663247,0.3490407019133863,22.623458106517035
neyman,47,60.0,60,0.019546537834685296,1.6092993575625656,0.31564560551386284,62.800496999952614
neyman,47,120.0,120,0.040824445837643,1.5410650003798787,0.21096740156625618,62.800496999952614
neyman,47,180.0,180,0.06522918003611267,1.5243059553223988,0.22802202927747844,62.800496999952614
neyman,47,240.0,240,0.09076987905427814,1.5269645151815887,0.2336555876264214,62.800496999952614
predictive-variance,47,30.0,1,0.0022846670472063124,2.02799230054834,1.0002927376783337,128.652137555227
predictive-variance,47,60.0,2,0.0024285470717586577,2.0005356624325525,0.9791224110136998,257.304275110454
predictive-variance,47,120.0,3,0.0025681881234049797,1.8991858325575528,0.8083177102112215,257.304275110454
predictive-variance,47,180.0,5,0.003316017158795148,1.817087531631169,0.6981367555796514,257.304275110454
predictive-variance,47,240.0,6,0.003456591162830591,1.7875728156138735,0.6893217664515311,257.304275110454
epistemic,47,30.0,1,0.0023223269381560385,2.02799230054834,1.0002927376783337,128.652137555227
epistemic,47,60.0,2,0.0024652950232848525,2.0005356624325525,0.9791224110136998,257.304275110454
epistemic,47,120.0,3,0.0026057580835185945,1.8991858325575528,0.8083177102112215,257.304275110454
epistemic,47,180.0,5,0.0033341009402647614,1.817087531631169,0.6981367555796514,257.304275110454
epistemic,47,240.0,6,0.003473931981716305,1.7875728156138735,0.6893217664515311,257.304275110454
thompson,47,30.0,1,0.00123497104505077,2.02799230054834,1.0002927376783337,128.652137555227
thompson,47,60.0,2,0.0022304540034383535,1.9266424706733403,0.8338359466608808,128.652137555227
thompson,47,120.0,3,0.003222491010092199,1.9075785964248089,0.8077027320002549,128.652137555227
thompson,47,180.0,5,0.005232845025602728,1.903425252099867,0.8038927256598253,128.652137555227
thompson,47,240.0,6,0.006179217016324401,1.9046159019012565,0.8047523910736342,128.652137555227
uniform,47,30.0,3,6.341084372252226e-06,2.013834787439141,1.2349488119979048,80.39688433498772
uniform,47,60.0,6,9.054143447428942e-06,1.9633536234883655,0.9709285168036025,128.60933100711037
uniform,47,120.0,12,1.3341079466044903e-05,1.5771609008194598,0.3780463730595284,225.0342243513556
uniform,47,180.0,18,1.740804873406887e-05,1.5361889491069836,0.2264702903902139,257.175855466104
uniform,47,240.0,24,2.130516804754734e-05,1.5076835094755205,0.19825198647711628,257.175855466104
random,47,30.0,3,2.462597331032157e-05,2.0281470996269513,0.9995938124299635,96.48910316642025
random,47,60.0,9,3.869208740070462e-05,1.8503559377232932,0.9081194628670746,240.37320009895654
random,47,120.0,11,4.4334097765386105e-05,1.6913282265620022,0.7190868895753062,280.5502389923921
random,47,180.0,13,4.9312133342027664e-05,1.6593258664389927,0.6869921866767535,376.9751323366374
random,47,240.0,22,7.0032081566751e-05,1.5619728537660411,0.49301365553922544,470.9894033472765
eig@gamma-poisson,47,30.0,30,0.010515775647945702,1.7254606344530954,0.4886876712420556,22.514124072164726
eig@gamma-poisson,47,60.0,60,0.01732132665347308,1.7174986135477297,0.5474948652977236,51.441592075438344
eig@gamma-poisson,47,120.0,120,0.03023398428922519,1.582378477688718,0.3226632897518097,94.83279408034876
eig@gamma-poisson,47,180.0,180,0.04269005556125194,1.5354619001976377,0.21069980081890569,94.83279408034876
eig@gamma-poisson,47,240.0,240,0.05502773547777906,1.5153373455664847,0.174364467809736,94.83279408034876
maxent@gamma-poisson,47,30.0,30,0.007846557826269418,1.9466613178029253,0.8226333351566516,12.8652137555227
maxent@gamma-poisson,47,60.0,60,0.013087839935906231,1.949309992191705,0.8266303517604096,12.8652137555227
maxent@gamma-poisson,47,120.0,120,0.023433188092894852,1.938111243247228,0.8128747755067502,12.8652137555227
maxent@gamma-poisson,47,180.0,180,0.03375961916754022,1.937021558288885,0.8121378693249562,12.8652137555227
maxent@gamma-poisson,47,240.0,240,0.04600675648543984,1.9374717967510913,0.8124720090089714,12.8652137555227
d-optimality@gamma-poisson,47,30.0,30,0.00020729686366394162,1.712823989821228,0.4438534907084639,25.730427511045402
d-optimality@gamma-poisson,47,60.0,60,0.00038451008731499314,1.7413718303873926,0.5887268617987862,43.40832462415705
d-optimality@gamma-poisson,47,120.0,120,0.000694350223056972,1.5700291690177235,0.26888904012121523,110.90574996512882
d-optimality@gamma-poisson,47,180.0,180,0.0010033159633167088,1.541204920221423,0.22844508323793825,110.90574996512882
d-optimality@gamma-poisson,47,240.0,240,0.0013133699540048838,1.5227650965918589,0.1915675607932935,110.90574996512882
neyman@gamma-poisson,47,30.0,30,0.0002046347362920642,1.6896172317978835,0.3478816068371663,19.37070998951892
neyman@gamma-poisson,47,60.0,60,0.00039810623275116086,1.604613070595598,0.304577789195038,56.333585771479655
neyman@gamma-poisson,47,120.0,120,0.0007803404005244374,1.5450906921480552,0.21821516197151286,56.333585771479655
neyman@gamma-poisson,47,180.0,180,0.0011622553574852645,1.528873993823823,0.22394589676748047,56.333585771479655
neyman@gamma-poisson,47,240.0,240,0.0015439834678545594,1.5338022581589164,0.22208610442207571,56.333585771479655
predictive-variance@gamma-poisson,47,30.0,1,4.5806984417140484e-05,2.0324017581399603,1.0003580320546908,128.652137555227
predictive-variance@gamma-poisson,47,60.0,2,5.313090514391661e-05,1.9774498708334354,0.9790946637875914,257.304275110454
predictive-variance@gamma-poisson,47,120.0,3,5.9692945796996355e-05,1.883801603404713,0.8068764928414692,257.304275110454
predictive-variance@gamma-poisson,47,180.0,5,7.183488924056292e-05,1.8055700927499074,0.6967746408003836,257.304275110454
predictive-variance@gamma-poisson,47,240.0,6,7.744389586150646e-05,1.7757423453736427,0.6879416522037735,257.304275110454
epistemic@gamma-poisson,47,30.0,1,3.72799695469439e-05,2.0324017581399603,1.0003580320546908,128.652137555227
epistemic@gamma-poisson,47,60.0,2,4.3621985241770744e-05,1.9774498708334354,0.9790946637875914,257.304275110454
epistemic@gamma-poisson,47,120.0,3,4.9362017307430506e-05,1.883801603404713,0.8068764928414692,257.304275110454
epistemic@gamma-poisson,47,180.0,5,6.0672988183796406e-05,1.8055700927499074,0.6967746408003836,257.304275110454
epistemic@gamma-poisson,47,240.0,6,6.592296995222569e-05,1.7757423453736427,0.6879416522037735,257.304275110454
thompson@gamma-poisson,47,30.0,1,2.4364038836210966e-05,2.0324017581399603,1.0003580320546908,128.652137555227
thompson@gamma-poisson,47,60.0,2,3.609503619372845e-05,1.9555811458498302,0.9166183364269356,192.93539978472387
thompson@gamma-poisson,47,120.0,3,4.693603841587901e-05,1.9498738171855587,0.9158225320122989,257.21866201422074
thompson@gamma-poisson,47,180.0,5,6.765604484826326e-05,1.8935110315143584,0.8897265430945769,385.7851864732145
thompson@gamma-poisson,47,240.0,6,7.751508383080363e-05,1.8934439167468982,0.8913557904085173,450.06844870271135
epig@gamma-poisson,47,30.0,30,0.09964140102965757,1.7254606344530954,0.4886876712420556,19.29782063328405
epig@gamma-poisson,47,60.0,60,0.17008786206133664,1.7135509197891425,0.5520341051817981,41.79696241360797
epig@gamma-poisson,47,120.0,120,0.3101124594686553,1.5686974925048809,0.27187071442735905,91.61649064146809
epig@gamma-poisson,47,180.0,176,0.44164163985988125,1.5306250248357849,0.18570596533388375,91.61649064146809
epig@gamma-poisson,47,240.0,231,0.5697732190601528,1.5225407321449405,0.16451318787829994,91.61649064146809
eig@lognormal-poisson,47,30.0,30,0.9526133971521631,1.7137158382000754,0.46118134071773137,22.514124072164726
eig@lognormal-poisson,47,60.0,60,1.0611753369448707,1.6710141112397991,0.3942953105970145,67.51240763281257
eig@lognormal-poisson,47,120.0,120,1.2678678146912716,1.5531719866658094,0.26127363034040585,78.76197852297453
eig@lognormal-poisson,47,180.0,180,1.4745175469433889,1.5144447008513817,0.19760780782851575,78.76197852297453
eig@lognormal-poisson,47,240.0,240,1.6963772888993844,1.495165457146362,0.10945892866021913,78.76197852297453
maxent@lognormal-poisson,47,30.0,30,0.8673580709728412,1.9328373349527845,0.8159090478063745,16.081517194403375
maxent@lognormal-poisson,47,60.0,60,0.9207099479390308,1.9378348351338015,0.8231811005604298,16.081517194403375
maxent@lognormal-poisson,47,120.0,120,1.0321839952957816,1.9243497343530176,0.8059020359008673,16.081517194403375
maxent@lognormal-poisson,47,180.0,180,1.1483372389920987,1.9232951695952112,0.8049514633719935,16.081517194403375
maxent@lognormal-poisson,47,240.0,240,1.2634402351104654,1.9248609383438717,0.8065857526409728,16.081517194403375
d-optimality@lognormal-poisson,47,30.0,30,0.0023473118199035525,1.7115960375687875,0.46030352985405143,32.16303438880675
d-optimality@lognormal-poisson,47,60.0,60,0.004411314730532467,1.6878947757427583,0.4384042993246151,70.7329917265049
d-optimality@lognormal-poisson,47,120.0,120,0.008507446967996657,1.5617106166891979,0.3014739387054423,104.48170439699079
d-optimality@lognormal-poisson,47,180.0,180,0.012606678006704897,1.5139920305017804,0.19177827077938397,104.48170439699079
d-optimality@lognormal-poisson,47,240.0,240,0.01671211322536692,1.4973550866046448,0.17010842240354665,104.48170439699079
neyman@lognormal-poisson,47,30.0,30,0.0020814869785681367,1.6878035669304732,0.3657213302223925,30.573105008425134
neyman@lognormal-poisson,47,60.0,60,0.004191675048787147,1.6183512713040262,0.31714813307972,72.35722545759813
neyman@lognormal-poisson,47,120.0,120,0.008420937519986182,1.550408191730071,0.21249342069481977,72.35722545759813
neyman@lognormal-poisson,47,180.0,180,0.012646278133615851,1.53276710444773,0.23244356122551998,72.35722545759813
neyman@lognormal-poisson,47,240.0,240,0.016871614672709256,1.529281117646916,0.23499536702868665,72.35722545759813
predictive-variance@lognormal-poisson,47,30.0,1,0.0003669469733722508,2.0330413494819215,1.000226050596723,128.652137555227
predictive-variance@lognormal-poisson,47,60.0,2,0.0004453730070963502,2.00604876245076,0.9789497007158775,257.304275110454
predictive-variance@lognormal-poisson,47,120.0,3,0.0005213049589656293,1.909683391383093,0.808669169779973,257.304275110454
predictive-variance@lognormal-poisson,47,180.0,5,0.0006707459106110036,1.828197269293006,0.6984452127491725,257.304275110454
predictive-variance@lognormal-poisson,47,240.0,6,0.0007439528708346188,1.7971791928738687,0.6896381878670457,257.304275110454
epistemic@lognormal-poisson,47,30.0,1,0.00035741901956498623,2.0330413494819215,1.000226050596723,128.652137555227
epistemic@lognormal-poisson,47,60.0,2,0.00043421401642262936,2.00604876245076,0.9789497007158775,257.304275110454
epistemic@lognormal-poisson,47,120.0,3,0.0005094049847684801,1.909683391383093,0.808669169779973,257.304275110454
epistemic@lognormal-poisson,47,180.0,5,0.0006547160446643829,1.828197269293006,0.6984452127491725,257.304275110454
epistemic@lognormal-poisson,47,240.0,6,0.000726571015547961,1.7971791928738687,0.6896381878670457,257.304275110454
thompson@lognormal-poisson,47,30.0,1,0.0001966889831237495,2.001983331456697,1.1325116863195757,0.0
thompson@lognormal-poisson,47,60.0,2,0.00033833394991233945,1.9366759784142544,0.834299383862438,0.0
thompson@lognormal-poisson,47,120.0,3,0.0004758309223689139,1.9173108112696788,0.8077427475908331,0.0
thompson@lognormal-poisson,47,180.0,5,0.0007432399434037507,1.9135717436255737,0.8039912843001471,0.0
thompson@lognormal-poisson,47,240.0,6,0.0008783619268797338,1.915344693924152,0.8057343365394063,0.0
