setting,agent,episode,spent,rounds,act_seconds,observe_seconds,nlpd,regret_top1,regret_top2,regret_top3,regret_top4,regret_top5,rate_rmse,rate_dex,touched
gamma,eig,0,15.0,30.0,4.777055038994149,0.0003432429912209045,4.14050903321947,0.0,0.0,0.0,0.0038796653735284625,0.0,5.657468736425338,0.27385207654088756,0.625
gamma,eig,0,30.0,60.0,5.307275004990515,0.0007235129960463382,3.9487500818097985,0.0,0.0,0.005756135764573456,0.0038796653735285735,0.004213102712073313,3.984116397689149,0.2149852794606395,0.875
gamma,eig,0,60.0,120.0,6.315261836993159,0.0013762819944531657,3.730916732497709,0.0,0.0,0.0,0.005094084206732852,0.0010043947198603576,3.3056534901489574,0.1577888496717298,1.0
gamma,eig,0,90.0,180.0,7.225227617986093,0.0020159469968348276,3.6704955664673804,0.0,0.0,0.007299204900065637,0.005744585057252616,0.0010043947198602465,2.919814797697399,0.16376141045568043,1.0
gamma,eig,0,120.0,240.0,8.139560387990059,0.002724780992139131,3.5984755791174057,0.0,0.0,0.0008265416819995819,0.005744585057252616,0.0010043947198602465,2.9211063329131526,0.1366697175794559,1.0
gamma,eig,1,15.0,30.0,3.135848736998014,0.0002047540074272547,3.9998051903590626,0.0,0.008221238031002831,0.01993952313716818,0.0975610543385329,0.09645210907280144,8.235004052155146,0.3247770740872604,0.625
gamma,eig,1,30.0,60.0,3.452182021992485,0.0004424630096764304,3.8584154328416034,0.0,0.008221238031002831,0.01993952313716818,1.1102230246251565e-16,2.220446049250313e-16,4.520309665777905,0.23102108156241152,0.875
gamma,eig,1,60.0,120.0,4.046561106992158,0.0008999769961519632,3.606244291008474,0.0,0.027876232737729767,0.01993952313716818,1.1102230246251565e-16,2.220446049250313e-16,3.143515977094435,0.16537001217242872,1.0
gamma,eig,1,90.0,180.0,4.610033624994685,0.0013720480201300234,3.5146713184634173,0.0,0.008221238031002831,0.01993952313716818,1.1102230246251565e-16,2.220446049250313e-16,2.866443708273695,0.14087507267352453,1.0
gamma,eig,1,120.0,240.0,5.166029639993212,0.001849132026109146,3.481121683854223,0.0,0.027876232737729767,0.01993952313716818,1.1102230246251565e-16,2.220446049250313e-16,2.458904145451467,0.1397292686665792,1.0
gamma,eig,2,15.0,30.0,4.582602112001041,0.00044967198846279643,3.9492265703039884,0.0,0.004212361697546463,-2.220446049250313e-16,0.0,0.0,4.671662456910938,0.32539130059968663,0.625
gamma,eig,2,30.0,60.0,5.1265185909942375,0.000773504998505814,3.796807522086258,0.0,0.004212361697546463,-2.220446049250313e-16,0.0,0.0,3.6052308361992202,0.22804119932169672,0.9375
gamma,eig,2,60.0,120.0,6.003651212999102,0.0014754510011698585,3.6242298565273834,0.0,0.004212361697546463,-2.220446049250313e-16,0.0,0.0,2.9487235166777075,0.18103136733804487,1.0
gamma,eig,2,90.0,180.0,6.8730773639945255,0.0021390850088209845,3.4932115320222383,0.0,0.004212361697546463,-2.220446049250313e-16,0.0,0.0,2.3592797263764305,0.16102508686245512,1.0
gamma,eig,2,120.0,240.0,7.7611629959938,0.0027934199970331974,3.4553160016095266,0.0,0.004212361697546463,-2.220446049250313e-16,0.0,0.0,2.545122214104517,0.14238356959717485,1.0
gamma,eig,3,15.0,30.0,2.4277092090051156,0.00022100299611338414,4.045730006917747,0.0,0.0,0.0,0.04265422413081188,0.03880810534165291,6.409157451565263,0.28110004725392806,0.625
gamma,eig,3,30.0,60.0,2.731671468995046,0.00044756499482900836,3.811947047398121,0.0,0.0,0.0,0.020676605489554523,0.04613214458328496,4.294799148526973,0.20460636393770776,0.8333333333333334
gamma,eig,3,60.0,120.0,3.322834682996472,0.0009187069917970803,3.5913025848562405,0.0,0.0,0.0,0.03722798338373534,0.04119518636137709,3.0830889187705255,0.14726512607996434,1.0
gamma,eig,3,90.0,180.0,3.898894935984572,0.0013626179861603305,3.5550379861416723,0.0,0.0,0.0,0.020676605489554523,0.04119518636137709,2.4497084286443047,0.14003719242491117,1.0
gamma,eig,3,120.0,240.0,4.46635540897114,0.0018106289862771519,3.456886458082169,0.0,0.0,0.0,0.020676605489554523,0.04119518636137709,2.1915504250514486,0.11441717360056923,1.0
gamma,eig,4,15.0,30.0,4.818748503017559,0.00034022699765046127,4.158820606694586,0.0,0.0,0.0,0.03128362981827926,0.0,7.531996367935734,0.2812114577842466,0.625
gamma,eig,4,30.0,60.0,5.256071311017877,0.0006571319972863421,3.907966713808818,0.0,0.0,0.0,0.0,0.0,3.8924609803808217,0.2206167543293042,0.8125
gamma,eig,4,60.0,120.0,6.161614914017264,0.0012822919961763546,3.6587687913999343,0.0,0.0,0.0,0.0,0.000937328298248552,2.8373492725285363,0.16251581931951786,1.0
gamma,eig,4,90.0,180.0,7.037081596023199,0.0019581080014177132,3.635457537251541,0.0,0.0,0.0,0.0,0.000937328298248552,2.92368476923176,0.14917872788929581,1.0
gamma,eig,4,120.0,240.0,7.968096107033489,0.0027008370125258807,3.5407465201407304,0.0,0.0,0.0,0.0,0.000937328298248552,2.5071808364456065,0.1305617226527199,1.0
gamma,eig,5,15.0,30.0,2.368308147000789,0.00021551298777922057,4.285596580949527,0.3069068889619251,0.0,0.0,0.0,0.03615628547915428,7.850846550807061,0.2854461422395012,0.625
gamma,eig,5,30.0,60.0,2.673215771003015,0.0004525239855865948,3.8808303179408994,0.0,0.0,0.0,0.0,0.0,4.34410362339204,0.18505108861926614,0.8125
gamma,eig,5,60.0,120.0,3.265708212995378,0.0008981439787021372,3.7475110192792336,0.0,0.02480729230392753,0.0,0.0,0.0,3.643413560800674,0.161359723861625,1.0
gamma,eig,5,90.0,180.0,3.8254855900049733,0.001322208972851513,3.7146960917708447,0.0,0.02480729230392753,0.0,0.0,0.0,2.898067659738831,0.16466308062768695,1.0
gamma,eig,5,120.0,240.0,4.383042433993978,0.0017386769795848522,3.573876613872853,0.0,0.02480729230392753,0.0,0.0,0.0,2.9373410860551794,0.1268948209651408,1.0
gamma,eig,6,15.0,30.0,2.3600745250005275,0.00020613901506294496,4.060923758743851,0.0,0.0,0.0,0.0,0.0,6.55360780478946,0.2680416436738069,0.625
gamma,eig,6,30.0,60.0,2.66720075500416,0.00041496200356050394,3.9072100732413,0.0,0.0,0.0,0.026670367214759905,0.023540992894205637,4.775233817320473,0.21554736087496446,0.8958333333333334
gamma,eig,6,60.0,120.0,3.2707180690013047,0.0008719070028746501,3.7484364269845933,0.0,0.0,0.0,0.0,0.023540992894205637,3.628694501458125,0.17615183285447178,1.0
gamma,eig,6,90.0,180.0,3.8562366780170123,0.001332502011791803,3.7023824394700493,0.0,0.0,0.0,0.0,0.023540992894205637,2.9989610201322465,0.1677874568410625,1.0
gamma,eig,6,120.0,240.0,4.445729608025431,0.001792406001186464,3.5756908155843896,0.0,0.0,0.0,0.0,0.023540992894205637,2.6541733398617744,0.14687419129155677,1.0
gamma,eig,7,15.0,30.0,4.452203779004776,0.0003520179961924441,3.885391413558097,0.0,0.024722137368705543,1.1102230246251565e-16,2.220446049250313e-16,1.1102230246251565e-16,4.135067363556253,0.3008536674981355,0.625
gamma,eig,7,30.0,60.0,4.9478690560026735,0.0006869700009701774,3.705529289531704,0.0,0.024722137368705543,1.1102230246251565e-16,2.220446049250313e-16,1.1102230246251565e-16,3.1755887518003583,0.19821212685731607,0.8958333333333334
gamma,eig,7,60.0,120.0,5.940925616996537,0.0013867969864804763,3.6363068381097112,0.0,0.0,0.0,0.004190406438799643,1.1102230246251565e-16,2.194340579451713,0.19441474025176733,1.0
gamma,eig,7,90.0,180.0,6.816622220001591,0.001980991004529642,3.4453787087248244,0.0,0.024722137368705543,1.1102230246251565e-16,0.004190406438799643,1.1102230246251565e-16,1.9680233997917633,0.15087996584515254,1.0
gamma,eig,7,120.0,240.0,7.814061093009514,0.002632219999213703,3.3946790414172163,0.0,0.024722137368705543,1.1102230246251565e-16,0.004190406438799643,1.1102230246251565e-16,1.5233990147589715,0.13980341002276095,1.0
gamma,eig,8,15.0,30.0,2.519113701000606,0.0002150819927919656,4.205943970427956,0.0,0.052609581778371495,0.03979093964152902,0.0,0.0,6.7924094180906955,0.31127358528967936,0.625
gamma,eig,8,30.0,60.0,2.832536737991177,0.00043714099228964187,4.032579375662894,0.0,0.0,0.0,0.0,0.0,4.423741660269655,0.26019482044152137,0.8333333333333334
gamma,eig,8,60.0,120.0,3.451680057991325,0.0009390119994350243,3.759109574318966,0.0,0.0,0.0,0.0,0.0,3.2019061530894892,0.18996953168707564,1.0
gamma,eig,8,90.0,180.0,4.019498733974615,0.0013498260086635128,3.528396973302787,0.0,0.0,0.0,0.0,0.0,2.5511471135131596,0.1422562655889463,1.0
gamma,eig,8,120.0,240.0,4.573250614987046,0.0017716829970595427,3.41794785215593,0.0,0.0,0.0,0.0,0.0,1.7628226868532715,0.11219499527729081,1.0
gamma,eig,9,15.0,30.0,4.183780626011867,0.00031997500627767295,4.008523393404679,0.014757859359060599,0.0,0.0,0.012204171546050135,0.07416855963482205,6.1485115654226865,0.26094414963425827,0.625
gamma,eig,9,30.0,60.0,4.693536471004336,0.0006474370238720439,3.728751978104256,0.014757859359060599,0.0,0.0,0.012204171546050135,-2.220446049250313e-16,3.4726264004008027,0.1693435902613102,0.8541666666666666
gamma,eig,9,60.0,120.0,5.542711095007689,0.0012219880336488131,3.5684169673164186,0.014757859359060599,0.0,0.0,0.012204171546050135,-2.220446049250313e-16,2.968067750061754,0.13708269071300883,1.0
gamma,eig,9,90.0,180.0,6.236479805986164,0.0018307760255993344,3.565687676520421,0.014757859359060599,0.0,0.0,0.012204171546050135,-2.220446049250313e-16,2.822736570387007,0.13923490620116433,1.0
gamma,eig,9,120.0,240.0,7.056778708978527,0.002535906012781197,3.5416200543380554,0.014757859359060599,0.0,0.0,0.012204171546050135,-2.220446049250313e-16,3.158392022014949,0.126846489439862,1.0
gamma,eig,10,15.0,30.0,2.557342053994944,0.0002466020050633233,4.232717890950014,0.0,0.026567540234695097,0.0,0.013782119639858648,0.03171011796213985,6.671101801369537,0.31665296406239085,0.625
gamma,eig,10,30.0,60.0,2.8647160539840115,0.0005230530150583945,4.057090863876897,0.0,0.0,0.04626830347055122,0.0,0.011470549888380366,4.851800655906488,0.25582691761110904,0.875
gamma,eig,10,60.0,120.0,3.462081772981037,0.0010748020104074385,3.7883396646858927,0.0,0.026567540234695097,0.0,0.0,0.0,3.302999162879897,0.20480613678945866,1.0
gamma,eig,10,90.0,180.0,4.048121963984158,0.001569323991134297,3.6016433861814825,0.0,0.026567540234695097,0.0,0.0,0.0,2.7252262237646145,0.16147310271189144,1.0
gamma,eig,10,120.0,240.0,4.611922254985984,0.002104170016536955,3.514618280308279,0.0,0.026567540234695097,0.0,0.0,0.0,2.5774867562042143,0.14086450350650728,1.0
gamma,eig,11,15.0,30.0,3.7068168799960404,0.0003293549998488743,4.318707577383813,0.0,0.0,0.0,0.01255707017399954,-2.220446049250313e-16,8.124552560165956,0.31804751249758023,0.625
gamma,eig,11,30.0,60.0,4.185626703987509,0.0006275139930949081,3.997970625206527,0.0,0.027257968828325874,2.220446049250313e-16,0.012557070173999874,1.1102230246251565e-16,4.0019936031123695,0.232233394323558,0.8333333333333334
gamma,eig,11,60.0,120.0,5.0478100379878015,0.0012565330034703948,3.7167616396907364,0.0,0.027257968828325874,2.220446049250313e-16,0.012557070173999874,1.1102230246251565e-16,3.0293256890762765,0.1546856990987496,1.0
gamma,eig,11,90.0,180.0,5.833736295993731,0.0018670040008146316,3.5966709693211762,0.0,0.0,0.0,0.01255707017399954,-2.220446049250313e-16,2.500300542335445,0.13790430076911872,1.0
gamma,eig,11,120.0,240.0,6.545167791995482,0.0024237970137619413,3.527942960484706,0.0,0.027257968828325874,2.220446049250313e-16,1.1102230246251565e-16,0.0,2.673021029632747,0.11202057185952134,1.0
gamma,eig,12,15.0,30.0,3.942470049005351,0.00035642100920085795,4.23776981446819,0.0,0.12616253667061994,0.014973777011987544,0.0,0.008729902321329086,7.279557569204832,0.35109761805944756,0.625
gamma,eig,12,30.0,60.0,4.417285529005312,0.0006955640092201065,3.9848930763479244,0.0,0.0,0.014973777011987544,0.0,0.0,5.524505153727478,0.27822365358790424,0.8125
gamma,eig,12,60.0,120.0,5.258361311003682,0.0013389040032052435,3.68255816316441,0.0,0.0,0.0,0.0,0.0,3.1904378089910463,0.16537296530371454,1.0
gamma,eig,12,90.0,180.0,6.042708050998044,0.0019412179935898166,3.5716283363197143,0.0,0.0,0.0,0.0,0.0,2.5590393600410546,0.14775774406020534,1.0
gamma,eig,12,120.0,240.0,6.77257400696908,0.0025363569948240183,3.520971525096893,0.0,0.0,0.0,0.0,0.0,2.5651342689013696,0.1303743870422996,1.0
gamma,eig,13,15.0,30.0,3.641958986994723,0.0002948909932456445,4.165954744003838,0.0,0.03511199799371867,-2.220446049250313e-16,-2.220446049250313e-16,0.006262076644404702,10.83974437912572,0.29445629268359513,0.625
gamma,eig,13,30.0,60.0,4.0522728099895176,0.0005887669867661316,3.8236251076431707,0.0,0.03511199799371867,-2.220446049250313e-16,-2.220446049250313e-16,-2.220446049250313e-16,5.1660622536905665,0.1855553441575911,0.8541666666666666
gamma,eig,13,60.0,120.0,4.8096676689856395,0.0011169839744979981,3.7298257153572734,0.0,0.0,0.029832824821793724,0.0,0.006262076644404702,5.3692161762471935,0.16637662069117867,1.0
gamma,eig,13,90.0,180.0,5.5090700469736475,0.0016342329981853254,3.576709163007705,0.0,0.0,0.0,0.0,0.0,3.0530345335092406,0.15198172586631625,1.0
gamma,eig,13,120.0,240.0,6.224862872979429,0.0022181310123414733,3.4962297249417134,0.0,0.0,0.0,0.0,0.0,2.0795349742916556,0.13660721964288006,1.0
gamma,eig,14,15.0,30.0,3.4266615950000414,0.00028280799597268924,3.931967712143315,0.0,0.0,0.01125860097624376,0.043679532382277064,0.040678593122724815,4.546915404104611,0.23773730561664327,0.625
gamma,eig,14,30.0,60.0,3.7966626920024282,0.0005572209993260913,3.7358330951216163,0.0,0.0,0.01125860097624376,0.02910497589256822,0.0443944590848262,3.567333464255699,0.19805076523873924,0.8333333333333334
gamma,eig,14,60.0,120.0,4.529340802011575,0.00109146300383145,3.622632887919135,0.0,0.0,0.01125860097624376,-2.220446049250313e-16,0.0010164281832172328,3.4427862399485805,0.16139998913717538,1.0
gamma,eig,14,90.0,180.0,5.247666885021317,0.001713746980385622,3.5195800905570898,0.0,0.0,0.01125860097624376,-2.220446049250313e-16,0.0010164281832172328,3.0535803333137657,0.14344247454524073,1.0
gamma,eig,14,120.0,240.0,6.002517870019801,0.0023565479823446367,3.435097272142805,0.0,0.0,0.0,0.0,0.0,3.259362170795065,0.12366424200134608,1.0
gamma,eig,15,15.0,30.0,2.409995558005903,0.0002614210025058128,4.3851025853107295,0.0,0.0,0.038779133279635336,0.013037193985234063,0.06268193542259604,11.256289131555436,0.30984424169317454,0.625
gamma,eig,15,30.0,60.0,2.717917715013755,0.0005135120154591277,4.05814842393795,0.0,0.0,0.023535385828497235,0.033165800257869416,0.0,5.451717501544814,0.24377380623769845,0.8541666666666666
gamma,eig,15,60.0,120.0,3.302852481003356,0.0010389830167696346,3.7887742752591933,0.0,0.0,0.023535385828497235,0.033165800257869416,0.0,4.454129843919001,0.16673435298160336,1.0
gamma,eig,15,90.0,180.0,3.870865999000671,0.0015283490211004391,3.637626524318589,0.0,0.0,0.023535385828497235,0.033165800257869416,0.0,3.7091456750179366,0.13630370681513243,1.0
gamma,eig,15,120.0,240.0,4.443529176987795,0.0020468719958444126,3.6053160636590285,0.0,0.0,0.0,0.013037193985234063,0.0,3.55470286230487,0.1268058492804065,1.0
gamma,eig,16,15.0,30.0,3.6740969590027817,0.0003488629954517819,4.131871195475761,0.0,0.055897752304028714,0.0,0.02337819973826083,0.020320533921395767,7.503605219115735,0.3326628260326279,0.625
gamma,eig,16,30.0,60.0,4.091447413000424,0.0006652839874732308,3.8288046108503124,0.0,0.0,0.018036712403124877,0.0,0.0,4.224441740463611,0.23636435630918792,0.8541666666666666
gamma,eig,16,60.0,120.0,4.918428206994577,0.0011915959876205307,3.643771291121626,0.0,0.0,0.018036712403124877,0.0,0.0,3.4999564033679738,0.18538733679415736,1.0
gamma,eig,16,90.0,180.0,5.656577311016008,0.001741251991916215,3.557578891276718,0.0,0.0,0.0,0.0,0.0,2.8879697401929194,0.17034196438010346,1.0
gamma,eig,16,120.0,240.0,6.424786644005508,0.0023447139719792176,3.4772590122579046,0.0,0.0,0.0,0.0,0.0,2.723756681322079,0.14809712988394108,1.0
gamma,eig,17,15.0,30.0,3.650572698999895,0.00027866200252901763,3.9837727978534283,0.0,0.0,0.0062857454968486826,0.08448608385142298,0.00969555545380918,6.465882530553981,0.299780144871815,0.625
gamma,eig,17,30.0,60.0,4.107179049999104,0.0006000229914207011,3.739937896381198,0.0,0.0,0.0062857454968486826,0.08448608385142298,0.00969555545380918,3.46822273790369,0.18117917950087678,0.8958333333333334
gamma,eig,17,60.0,120.0,4.982583124994562,0.001238946984813083,3.5527571894541836,0.0,0.0,0.0062857454968486826,0.0,0.00969555545380918,2.395410827384216,0.14311618155508862,1.0
gamma,eig,17,90.0,180.0,5.700714244001574,0.0017401570039510261,3.464833727566299,0.0,0.0,0.0062857454968486826,0.0,0.00969555545380918,2.098497266072006,0.12232442384850674,1.0
gamma,eig,17,120.0,240.0,6.462200512007257,0.002327316004084423,3.4306154874505235,0.0,0.0,0.0062857454968486826,0.0,0.00969555545380918,1.8696758972378338,0.11584013996060602,1.0
gamma,eig,18,15.0,30.0,2.4294348639959935,0.00022497800819110125,3.7945917910319054,0.0,0.0,0.0,0.0,0.0,5.639169978416548,0.3419729140218466,0.625
gamma,eig,18,30.0,60.0,2.756869728993479,0.000524766008311417,3.6004359287474714,0.0,0.01679767068316418,0.0,0.018585216664570803,0.0,3.5214162356936014,0.21877347346697315,0.8958333333333334
gamma,eig,18,60.0,120.0,3.363650823968783,0.0010805530146171805,3.396904436109598,0.0,0.01679767068316418,0.0,0.0,0.0,2.5619577990480518,0.16322000505192666,1.0
gamma,eig,18,90.0,180.0,3.9341422709767357,0.0016152180214703549,3.4004507077612733,0.0,0.01679767068316418,0.0,0.0,0.0,2.836216519803209,0.15518951653084317,1.0
gamma,eig,18,120.0,240.0,4.477005152992206,0.002093374012474669,3.3408819775771246,0.0,0.01679767068316418,0.0,0.0,0.0,2.580230582628308,0.13060536942054526,1.0
gamma,eig,19,15.0,30.0,3.629729899999802,0.00029765799627057277,3.9186681319697367,0.0,0.0,0.0,0.016084865508673496,0.036477247504348886,5.219653496109515,0.21237245025815957,0.625
gamma,eig,19,30.0,60.0,4.013112883989379,0.0005855770068592392,3.7219146973583803,0.0,0.0,0.0,0.042223028474287494,0.036477247504348886,3.94173149288962,0.15325113280808686,0.8125
gamma,eig,19,60.0,120.0,4.83395980797286,0.0011233239965804387,3.640334102909524,0.0,0.0,0.0,0.016657815222896333,0.014390991615803594,3.106950790191436,0.12548502311815968,1.0
gamma,eig,19,90.0,180.0,5.584314847965288,0.001637748020584695,3.5423441921255066,0.0,0.0,0.0,0.016657815222896333,0.014390991615803594,3.1331728456331662,0.11086599593898411,1.0
gamma,eig,19,120.0,240.0,6.280501177989208,0.0022394020488718525,3.522883858348837,0.0,0.0,0.0,0.016657815222896333,0.0004949817502073461,2.748204755641394,0.10860754615990587,1.0
gamma,eig,20,15.0,30.0,3.3732223709994287,0.00027496300026541576,4.463634872544139,0.0,0.0,0.05817404232711476,0.05210036753396052,0.043963292374913254,8.28552834973415,0.3608728969280031,0.625
gamma,eig,20,30.0,60.0,3.815512499986653,0.0005571409892581869,4.083119973763252,0.0,0.0,0.0,0.0,0.0,4.850673113296255,0.24378279441941927,0.8125
gamma,eig,20,60.0,120.0,4.668131463968166,0.0011160279900650494,3.844688269613657,0.0,0.0,0.0,0.0,0.01719066485050813,3.5891232661805543,0.18648812247460625,1.0
gamma,eig,20,90.0,180.0,5.36729977297,0.001619361966731958,3.7355924384601242,0.0,0.0,0.0,0.0,0.0,3.2785228449162624,0.16012906926588047,1.0
gamma,eig,20,120.0,240.0,6.12242236896418,0.0022392559731088113,3.6907337055462057,0.0,0.0,0.0,0.0,0.01719066485050813,3.1155517634330825,0.14463354817798985,1.0
gamma,eig,21,15.0,30.0,3.300809872998798,0.00026026598789030686,3.9757499867509725,0.0,0.0,0.0,0.0,0.0,4.370126221131047,0.30302208384897183,0.625
gamma,eig,21,30.0,60.0,3.608604760000162,0.0005461920009111054,3.830243526557748,0.0,0.0,0.0,0.0,0.0,3.370285834598385,0.23885435922083842,0.8125
gamma,eig,21,60.0,120.0,4.208045945975755,0.001036244004353648,3.5389842351795857,0.0,0.0,0.0,0.0,0.0,2.252501494885381,0.16932703074588287,1.0
gamma,eig,21,90.0,180.0,4.789370993985358,0.0015818199863133486,3.430215657088104,0.0,0.0,0.0,0.0,0.002018100541879342,1.8744489511530524,0.14254967175522745,1.0
gamma,eig,21,120.0,240.0,5.334639499968034,0.0020350229788164143,3.396979245186808,0.0,0.0,0.0,0.0,0.002018100541879342,1.6775458176908904,0.1325654857942759,1.0
gamma,eig,22,15.0,30.0,2.434847846008779,0.00021868100520805456,4.398322752712905,0.0,0.0,0.0,0.0,0.0,8.303653097004768,0.346153177191339,0.625
gamma,eig,22,30.0,60.0,2.7482632840146834,0.00045447400407283567,4.125188185229949,0.0,0.0,0.0,0.0,0.0,7.120690687423123,0.26687424421810513,0.8541666666666666
gamma,eig,22,60.0,120.0,3.3788865330316185,0.0009728730074129999,3.6856537845327977,0.0,0.0,0.0,0.0,0.0,3.2778052938017814,0.1357522983727351,1.0
gamma,eig,22,90.0,180.0,3.9791805150453,0.0014486850013781805,3.5561115654682864,0.0,0.0,0.0,0.0,0.0,2.214718087971497,0.11577709490790562,1.0
gamma,eig,22,120.0,240.0,4.546136876037053,0.00190582401046413,3.528353431213297,0.0,0.0,0.0,0.0,0.0,2.4379735357157326,0.11250083021829785,1.0
gamma,eig,23,15.0,30.0,3.5782431070038,0.0003857930096273776,4.165611534596535,0.0,0.0,0.02207975213938429,0.1277636176262047,0.1722479979084296,7.741021385029658,0.34750992592860575,0.625
gamma,eig,23,30.0,60.0,4.023562877013319,0.0006797830028517637,3.9159829523901393,0.0,0.0,0.02207975213938429,0.03455322909701464,0.059806543707672244,6.690720007825909,0.2639668020137313,0.9166666666666666
gamma,eig,23,60.0,120.0,4.992493979014398,0.0012771509937010705,3.4755752114940854,0.0,0.0,0.0,0.0,0.0,2.431641428849252,0.14449991898047787,1.0
gamma,eig,23,90.0,180.0,5.660869236024155,0.0017691619868855923,3.462325781335703,0.0,0.0,0.0,0.0,0.0,2.5063816924755207,0.13450964731828552,1.0
gamma,eig,23,120.0,240.0,6.357941460009897,0.0022954649866733234,3.4412892205272194,0.0,0.0,0.0,0.0,0.0,2.4923446683505133,0.13279258049401993,1.0
gamma,eig,24,15.0,30.0,3.7513764769864792,0.0002924680011346936,4.140892392268723,0.0,0.0,0.0,0.0,0.0,8.70129108534691,0.3147659972986912,0.625
gamma,eig,24,30.0,60.0,4.212031871989893,0.0006105930078774691,3.9206271857818513,0.0,0.0,0.0,0.0,0.0,5.285603751731073,0.2225241790882693,0.8541666666666666
gamma,eig,24,60.0,120.0,5.043837340002938,0.0011535939956957009,3.680417590941613,0.0,0.0,0.0,0.0,0.0,3.8649620795242,0.1533805418835818,1.0
gamma,eig,24,90.0,180.0,5.770953105009539,0.001695609011221677,3.52091856989191,0.0,0.0,0.0,0.0,0.0,3.172464357312511,0.1389143825261511,1.0
gamma,eig,24,120.0,240.0,6.526118879010028,0.0022758840095775668,3.464397333960175,0.0,0.0,0.0,0.0,0.0,2.6860056368791954,0.126896878519502,1.0
gamma,eig,25,15.0,30.0,3.673087814997416,0.0002659719903022051,3.8989057342175504,0.0,0.0,0.05914961334758928,0.036350178783752685,0.08338579415543534,4.645914955369458,0.3327084715047847,0.625
gamma,eig,25,30.0,60.0,4.0543845309948665,0.0005083369906060398,3.8110271301232963,0.0,0.0,0.0,0.036350178783752685,0.009674243647559977,3.685434295424992,0.2393249988043116,0.875
gamma,eig,25,60.0,120.0,4.789372033003019,0.001010898980894126,3.6121216582436553,0.0,0.0,0.0,0.0,0.009674243647559977,2.462942614929716,0.18864515134780804,1.0
gamma,eig,25,90.0,180.0,5.543684651998774,0.0015749299818708096,3.5069985209854884,0.0,0.0,0.0,0.0,0.0,2.162096490786395,0.1654069723519987,1.0
gamma,eig,25,120.0,240.0,6.20984711298297,0.002102566973917419,3.3148535822939245,0.0,0.0,0.0,0.0,0.0,1.6302161961488193,0.12766503963468534,1.0
gamma,eig,26,15.0,30.0,3.6119756219959527,0.0002719369949772954,3.668558317057931,0.0,0.0,0.0,0.002351964480984292,0.0,5.200782168013525,0.2921978311923334,0.625
gamma,eig,26,30.0,60.0,4.020026793990837,0.0005171700031496584,3.5057972354749296,0.0,0.0,0.0,0.002351964480984292,0.0,2.51747569400448,0.21793950065318995,0.9791666666666666
gamma,eig,26,60.0,120.0,4.766163983989827,0.001027777005219832,3.3972015684498706,0.0,0.0,0.0,0.002351964480984292,0.0,2.220398915501917,0.179842541984495,1.0
gamma,eig,26,90.0,180.0,5.548295280972525,0.0015842370012251195,3.2888807324110387,0.0,0.0,0.0,0.0,0.0,2.297602178775892,0.1406793772246989,1.0
gamma,eig,26,120.0,240.0,6.262346777977655,0.0021193780048633926,3.286667996117471,0.0,0.0,0.0,0.002351964480984292,0.04338686315468121,2.05354239520134,0.13550666430137653,1.0
gamma,eig,27,15.0,30.0,3.480550578002294,0.0002490030055923853,4.004835699187804,0.0,0.0,0.0,0.04749291660462107,0.04369470570585854,7.507620690476446,0.31570617757868064,0.625
gamma,eig,27,30.0,60.0,3.8476834210014204,0.0004934510106977541,3.6698758592183194,0.0,0.0,0.0,0.0,0.00712871640174817,3.311088353760692,0.20880402717302385,0.8333333333333334
gamma,eig,27,60.0,120.0,4.6346914489986375,0.0010419450263725594,3.5939214632376384,0.0,0.0,0.0,0.0,0.00712871640174817,3.6680022400080228,0.17860474411330418,1.0
gamma,eig,27,90.0,180.0,5.389453440991929,0.0015808540301804896,3.456269702537338,0.0,0.0,0.0,0.0221561365968288,0.0,3.7453260859203947,0.14551730898182275,1.0
gamma,eig,27,120.0,240.0,6.107116863968258,0.0021062190317024942,3.4148160249185744,0.0,0.0,0.0,0.0,0.0,2.9115688699593667,0.13624367294793815,1.0
gamma,eig,28,15.0,30.0,2.37290546200893,0.00022727300529368222,4.219012095969682,0.0,0.0,0.0,0.019436058399549427,0.0990645457695658,9.22810135260274,0.28941354857887575,0.625
gamma,eig,28,30.0,60.0,2.6648215870045533,0.00045101299474481493,3.8786196849573926,0.0,0.0,0.0,0.0,0.0,3.905542141538793,0.22122810194523274,0.8541666666666666
gamma,eig,28,60.0,120.0,3.3115077009970264,0.0009162710011878517,3.6551762543757644,0.0,0.0,0.0,0.0,0.0,2.7552087239432885,0.1570120002069955,1.0
gamma,eig,28,90.0,180.0,3.8624792610171426,0.0013377379982557613,3.5235057864705355,0.0,0.0,0.029445878339418807,0.0,0.0,2.141517408445304,0.13587170411369026,1.0
gamma,eig,28,120.0,240.0,4.4044138040080725,0.0017789530102163553,3.453076955890738,0.0,0.0,0.0,0.0,0.0,2.028486156612717,0.11511897667950653,1.0
gamma,eig,29,15.0,30.0,2.417003355003544,0.00021538299188250676,3.929100589302413,0.0,0.0,0.002130258798470952,0.04824114884450659,0.06999565841915112,8.345554039110937,0.30025259728346587,0.625
gamma,eig,29,30.0,60.0,2.7240656490066613,0.0004466459868126549,3.6982362216707543,0.0,0.0,0.002130258798470952,0.0,0.0,3.7565677391590273,0.2243452515480586,0.875
gamma,eig,29,60.0,120.0,3.306668115023058,0.0009265439803129993,3.545470981470824,0.0,0.0,0.0,0.0,0.0,2.3865929182917007,0.17305707456985323,1.0
gamma,eig,29,90.0,180.0,3.8621528890143964,0.0014217119896784425,3.4869702897985277,0.0,0.0,0.0,0.0,0.0,2.579735727029404,0.15186224635810994,1.0
gamma,eig,29,120.0,240.0,4.408428649021516,0.0018862389879359398,3.45259575021962,0.0,0.0,0.002130258798470952,0.0,0.0,2.5880591997986087,0.14064214832803934,1.0
gamma,eig,30,15.0,30.0,3.4613871240035223,0.0003101190013694577,3.9558604756121376,0.0,0.023943279191712574,0.12379297588074412,0.17469530475580985,0.13943962086236672,6.295496438503295,0.2657450521255512,0.625
gamma,eig,30,30.0,60.0,3.8956680830015102,0.0006490320047305431,3.7327588844487245,0.0,0.023943279191712574,0.0,0.01378169345346858,0.04756321147349696,3.4869170841820303,0.20553163087267423,0.8541666666666666
gamma,eig,30,60.0,120.0,4.673408451002615,0.001185705008538207,3.6315790899645073,0.0,0.023943279191712574,0.0,0.01378169345346858,0.04756321147349696,3.00595950254408,0.16465094760555207,1.0
gamma,eig,30,90.0,180.0,5.388862123003491,0.001670722005655989,3.52180206403628,0.0,0.023943279191712574,0.0,0.01378169345346858,0.04756321147349696,2.6593155436668536,0.13484067253384752,1.0
gamma,eig,30,120.0,240.0,6.101998079997429,0.0020927610094076954,3.4741431094272492,0.0,0.023943279191712574,0.0,0.01378169345346858,0.0,2.5097176790079194,0.11904228339545266,1.0
gamma,eig,31,15.0,30.0,3.7234742480068235,0.0002802769959089346,4.1941413554434535,0.0,0.1585859675411565,0.2102834094802969,0.19688581395720106,0.23695460558777093,22.703591462539016,0.29538637551050295,0.625
gamma,eig,31,30.0,60.0,4.171876551008609,0.000619662012468325,3.8085151901994005,0.0,0.0,0.0,0.0,0.0,5.721247697931598,0.19600939481414606,0.9166666666666666
gamma,eig,31,60.0,120.0,4.9169959430000745,0.0011152899896842428,3.613992094196464,0.0,0.0,0.0,0.0,0.0,5.036254676418053,0.15569354913098937,1.0
gamma,eig,31,90.0,180.0,5.641554667989112,0.0015571039912174456,3.515714679205152,0.0,0.0,0.0,0.0,0.0,2.7207405961251436,0.14331413335128462,1.0
gamma,eig,31,120.0,240.0,6.303518867985986,0.001942770992172882,3.4607601791438576,0.0,0.0,0.0,0.0,0.0,2.359041603764036,0.13024635595089765,1.0
gamma,eig,32,15.0,30.0,3.5630235869975877,0.00026808199982042424,4.141187196547235,0.0,0.03239449412261075,1.1102230246251565e-16,1.1102230246251565e-16,2.220446049250313e-16,6.887761394929431,0.36235993808325395,0.625
gamma,eig,32,30.0,60.0,3.9562456399908115,0.0005242719926172867,3.776931367763576,0.0,0.03239449412261075,1.1102230246251565e-16,0.0068333813239891406,2.220446049250313e-16,3.3787495295626697,0.22341047405161507,0.8333333333333334
gamma,eig,32,60.0,120.0,4.698688166983629,0.0009942559736373369,3.6279352058104535,0.06478898824522139,0.03239449412261075,1.1102230246251565e-16,1.1102230246251565e-16,2.220446049250313e-16,2.5681087182754494,0.187760386332813,1.0
gamma,eig,32,90.0,180.0,5.417139292974753,0.0014022369759914,3.4705024307543177,0.06478898824522139,0.03239449412261075,1.1102230246251565e-16,0.0068333813239891406,2.220446049250313e-16,2.0053649467451704,0.15298630102377597,1.0
gamma,eig,32,120.0,240.0,6.141762814972026,0.0018966449752042536,3.4001625854861577,0.06478898824522139,0.03239449412261075,1.1102230246251565e-16,0.0068333813239891406,2.220446049250313e-16,1.8326353253901402,0.13019885261172917,1.0
gamma,eig,33,15.0,30.0,3.6129986549894966,0.00021993699192535132,3.8553860591867153,0.0,0.0,0.013839177814250925,0.040363904543309514,0.07171622940586386,5.572914497236065,0.3152507938560682,0.625
gamma,eig,33,30.0,60.0,4.043710034005926,0.00047774798804312013,3.576962747086348,0.0,0.0,0.013839177814250925,0.0,0.0,2.4540260198954384,0.18906998044313233,0.9375
gamma,eig,33,60.0,120.0,4.767739918977895,0.0009261369777959771,3.3917079901755613,0.0,0.0,0.0,0.0,0.0,2.4445501579471434,0.12460668277744573,1.0
gamma,eig,33,90.0,180.0,5.456613961974654,0.0013617109798360616,3.347039016786725,0.0,0.0,0.013839177814250925,0.0,0.0,2.4294939798649224,0.12441849811399962,1.0
gamma,eig,33,120.0,240.0,6.225179492972529,0.0018529669541749172,3.324956278421397,0.0,0.0,0.013839177814250925,0.0,0.0,1.8730653441873986,0.11740722734656776,1.0
gamma,eig,34,15.0,30.0,3.3606628380039183,0.0002574119898781646,4.412930321651834,0.0,0.022805394304444726,0.04804985452700994,-2.220446049250313e-16,0.049998407324364,9.923515071313682,0.28260107210437047,0.625
gamma,eig,34,30.0,60.0,3.7813315489911474,0.000520952988154022,4.13885376442667,0.0,0.0,0.0,0.02199634950537932,0.0,4.663802921398024,0.20401146966728725,0.8333333333333334
gamma,eig,34,60.0,120.0,4.554244640992692,0.000927119985135505,3.9342627988179024,0.0,0.0,0.059351141300459376,0.02199634950537932,0.0,3.5569754456926184,0.16615366140280663,1.0
gamma,eig,34,90.0,180.0,5.194264906982426,0.001339719987299759,3.8923464333486635,0.0,0.0,0.059351141300459376,0.02199634950537932,0.0,3.2897448293826224,0.16600269355690048,1.0
gamma,eig,34,120.0,240.0,5.754130316992814,0.0017622739978833124,3.6805339581251233,0.0,0.0,0.0,0.02199634950537932,0.0,2.819080310469868,0.10825630913102544,1.0
gamma,eig,35,15.0,30.0,3.42776078699535,0.00024495600155205466,4.1610288172747865,0.0,0.08697514857287958,0.06157468593703308,0.05035990715234262,0.08419814097981027,7.013714526092916,0.3028450615780815,0.625
gamma,eig,35,30.0,60.0,3.830326141000114,0.0005035460017097648,3.9759610293948113,0.0,0.0029517491116642924,0.06207149578649429,0.05035990715234251,-2.220446049250313e-16,5.300641233636267,0.22200681357570273,0.8125
gamma,eig,35,60.0,120.0,4.561318674997892,0.0009063419929589145,3.8003306632330855,0.0,0.0029517491116642924,0.0,0.0,0.0,3.2191501691960096,0.18100102355522985,1.0
gamma,eig,35,90.0,180.0,5.318321222002851,0.0014329809928312898,3.546397621824305,0.0,0.0029517491116642924,0.0,0.0,0.0,2.013261981685066,0.1410941097651734,1.0
gamma,eig,35,120.0,240.0,6.102242169003148,0.001994096990529215,3.5214974257942155,0.0,0.0029517491116642924,0.0,0.0,0.0,1.8831247079347364,0.13716767668833424,1.0
gamma,eig,36,15.0,30.0,3.3002065570035484,0.00022178500512382016,4.037890276038024,0.0,0.0,0.0,0.0,0.0,6.136112638143436,0.34501250671874933,0.625
gamma,eig,36,30.0,60.0,3.690562833002332,0.0004251850041327998,3.882954547846373,0.0,0.0,0.0024422054141025606,0.0,0.0,5.065437215549467,0.24053298373500334,0.9166666666666666
gamma,eig,36,60.0,120.0,4.409785698022461,0.0008627859970147256,3.762761898389902,0.0,0.0,0.0024422054141025606,0.0,0.0,4.06906944507876,0.22519275379820572,1.0
gamma,eig,36,90.0,180.0,5.044186519011419,0.0013054130067757796,3.53894295589352,0.0,0.0,0.0024422054141025606,0.0,0.0,2.497411444242701,0.18719351391285466,1.0
gamma,eig,36,120.0,240.0,5.58977465501448,0.0016799270124465693,3.507191424296417,0.0,0.0,0.0024422054141025606,0.0,0.0,2.7667263288622483,0.17677274311446695,1.0
gamma,eig,37,15.0,30.0,2.412570474007225,0.00021590700634988025,4.000849800326019,0.0,0.13707754433344643,0.018495426729791875,0.0,0.05905965433934213,6.675306806225386,0.2941002925013222,0.625
gamma,eig,37,30.0,60.0,2.7348805450019427,0.00045875100477132946,3.7926162489558224,0.0,0.0,0.018495426729791875,0.0,0.0,5.037073202411062,0.20973975787034455,0.8958333333333334
gamma,eig,37,60.0,120.0,3.34347534400149,0.000955763018282596,3.5819619101801927,0.0,0.0,0.0,0.0,0.0,2.1470412365750664,0.1650253982174996,1.0
gamma,eig,37,90.0,180.0,3.9380768719966,0.0013292510266182944,3.4593324796573106,0.0,0.0,0.0,0.0,0.0,1.8202308193388657,0.14636228563887826,1.0
gamma,eig,37,120.0,240.0,4.496143510994443,0.001760805032972712,3.3763178545218504,0.0,0.0,0.0,0.0,0.0,1.465804525500635,0.12541122824172124,1.0
gamma,eig,38,15.0,30.0,3.1380408670011093,0.00036543999522109516,4.338551186295514,0.0,0.03706275881685839,0.13149704013898944,0.11400492532812412,0.10547560892347985,17.107507523571265,0.35817601706738594,0.625
gamma,eig,38,30.0,60.0,3.5580689540038293,0.0006950759925530292,4.051180628699918,0.0,0.0,0.0,0.0,0.0,6.776418342624438,0.24606271646142489,0.8125
gamma,eig,38,60.0,120.0,4.357269227002689,0.0012137860030634329,3.9307626480706035,0.0,0.0,0.0,0.0,0.0,5.248492782413112,0.17920427624453178,1.0
gamma,eig,38,90.0,180.0,5.114203561010072,0.0016760279977461323,3.8790837010552353,0.0,0.0,0.0,0.0,0.0,4.447039569595294,0.16363629991750056,1.0
gamma,eig,38,120.0,240.0,5.8164006500119285,0.0020595350106304977,3.682722057547766,0.0,0.0,0.0,0.0,0.0,3.3730086143339455,0.12588397594866657,1.0
gamma,eig,39,15.0,30.0,3.31406973400226,0.0002673929884622339,4.19404902554851,0.0,0.01100584692120965,0.024908450604145815,0.01955871913158891,0.0,8.316933110697908,0.2873331748244311,0.625
gamma,eig,39,30.0,60.0,3.71414565399391,0.0005141369947523344,3.9958208030152513,0.0,0.01100584692120965,0.007995510443630893,0.0,0.0,4.578530256973881,0.23235249856506104,0.8125
gamma,eig,39,60.0,120.0,4.513171797992982,0.0009948940059985034,3.7057184743885148,0.0,0.01100584692120965,0.0,0.0,0.0,3.7489057790254545,0.15983992420232312,1.0
gamma,eig,39,90.0,180.0,5.262894504001451,0.0014373150115716271,3.563448630364862,0.0,0.01100584692120965,0.0,0.0,0.0,2.734246851242396,0.13364142490101685,1.0
gamma,eig,39,120.0,240.0,5.962897814009921,0.001840619028371293,3.4761247116467673,0.0,0.01100584692120965,0.0,0.0,0.0,2.3043187905495306,0.11398490185628267,1.0
gamma,eig,40,15.0,30.0,3.3797949249965313,0.0002411070090602152,4.346734899536192,0.0,0.12037213411183356,0.08830428453895323,0.18604998527281735,0.21529535544889833,17.79041003661153,0.3333235761356885,0.625
gamma,eig,40,30.0,60.0,3.8132471419958165,0.0005259500103420578,4.001627374789282,0.0,0.0,0.0,0.0,0.0,5.839097202674449,0.22127488835685014,0.8125
gamma,eig,40,60.0,120.0,4.574448504001339,0.0009986130389734171,3.8536372026736125,0.0,0.0,0.0,0.0,0.013073493288629834,5.6697479847571195,0.1593864040667941,1.0
gamma,eig,40,90.0,180.0,5.3619750310062955,0.0014177360462781508,3.736800352200516,0.0,0.0,0.0,0.0,0.013073493288629834,4.777096093223074,0.14086514789207233,1.0
gamma,eig,40,120.0,240.0,6.128937011981179,0.001851924040238373,3.626200672623781,0.0,0.0,0.0,0.0,0.0,3.6366523835323075,0.12475463675904216,1.0
gamma,eig,41,15.0,30.0,2.2106664609891595,0.00022898200768395327,4.07669071259238,0.0,0.0,0.033256327056849666,0.05808812150090259,0.05083448549621283,8.28384757674326,0.29500095855110253,0.625
gamma,eig,41,30.0,60.0,2.51614476199029,0.0004246500138833653,3.8950162821479046,0.0,0.0,0.0017835516751225633,0.03014533255624674,0.05225909203281387,6.18826567960223,0.2490997745880569,0.9375
gamma,eig,41,60.0,120.0,3.0746817979816115,0.000771609011280816,3.515523114473195,0.0,0.0,0.0017835516751225633,0.0015835085220596845,0.0,2.3275420405833662,0.14848049334075442,1.0
gamma,eig,41,90.0,180.0,3.6198786179884337,0.0011003459949279204,3.4375564087629065,0.0,0.0,0.0010863144607266007,0.0015835085220596845,0.0,1.9839258378664033,0.12723099757306505,1.0
gamma,eig,41,120.0,240.0,4.166333586988912,0.0015165459881245624,3.36867759517174,0.0,0.0,0.0017835516751225633,0.0015835085220596845,0.0,1.6359617183847428,0.11868516598089551,1.0
gamma,eig,42,15.0,30.0,2.2184923349959718,0.00020045498968102038,4.175758158366464,0.0,0.0,0.0,0.030315064866295982,0.0,8.989958757846182,0.27935149384750585,0.625
gamma,eig,42,30.0,60.0,2.521102869002789,0.00036448198807192966,3.88658220799083,0.0,0.0,0.0,0.0,0.0,5.2990790452026,0.21578907930578384,0.8541666666666666
gamma,eig,42,60.0,120.0,3.1082382010063156,0.0006852000078652054,3.62757404327823,0.0,0.0,0.0,0.0,0.0,3.459254909767688,0.14113553491616157,1.0
gamma,eig,42,90.0,180.0,3.672573129995726,0.0010360570267948788,3.4957122757075503,0.0,0.0,0.0,0.0,0.0,2.962471235593905,0.11379712740417607,1.0
gamma,eig,42,120.0,240.0,4.211887969988311,0.001333211035671411,3.395980284907914,0.0,0.0,0.0,0.0,0.0,2.0250910575764056,0.09472031693399188,1.0
gamma,eig,43,15.0,30.0,3.373895088006975,0.00021901099171373062,4.167553685064148,0.0,0.0,0.008781444816091777,0.08182672094347554,0.06693536607992301,8.939038168664647,0.3038567568124557,0.625
gamma,eig,43,30.0,60.0,3.7680003449968353,0.00044339698797557503,3.8872884249949426,0.0,0.0,0.008781444816091777,0.0027292789219099944,1.1102230246251565e-16,4.516438378480324,0.229611161017985,0.9166666666666666
gamma,eig,43,60.0,120.0,4.49470998300967,0.0008317219981108792,3.5271805292467504,0.0,0.0,0.008781444816091777,0.007161899786049419,1.1102230246251565e-16,2.5570506961126194,0.1419935513914733,1.0
gamma,eig,43,90.0,180.0,5.236403028997302,0.0012884299794677645,3.4244898920080984,0.0,0.0,0.008781444816091777,0.007161899786049419,1.1102230246251565e-16,2.3259525608515372,0.1221481003933101,1.0
gamma,eig,43,120.0,240.0,5.947857755989389,0.0017493219747848343,3.463213970912873,0.0,0.0,0.008781444816091777,0.007161899786049419,1.1102230246251565e-16,2.3612362427224207,0.13918613243221473,1.0
gamma,eig,44,15.0,30.0,3.3861627239894005,0.00021459600247908384,4.0323605529526,0.0,0.0,0.0,0.0343445904825862,0.062188700753549986,9.544087714955982,0.3344481648626888,0.625
gamma,eig,44,30.0,60.0,3.781892325994704,0.000401194003643468,3.8466090093889904,0.0,0.0,0.05725807537300376,1.1102230246251565e-16,0.030783014531283626,5.33588567666817,0.235985415028978,0.8958333333333334
gamma,eig,44,60.0,120.0,4.530661870994663,0.0008110380149446428,3.5034082172961476,0.0,0.0,0.0,0.0,0.0,2.489999613455256,0.1598988088722419,1.0
gamma,eig,44,90.0,180.0,5.297464089999266,0.0012729610243695788,3.369301323916177,0.0,0.0,0.0,0.0,0.0,2.1809294486100095,0.12348332201597902,1.0
gamma,eig,44,120.0,240.0,6.032885354008613,0.0017234230363101233,3.284529245471255,0.0,0.0,0.0,0.0,0.0,1.7477464386815373,0.10207147219526128,1.0
gamma,eig,45,15.0,30.0,2.132420194000588,0.00014644399561802857,3.979353849421173,0.0,0.04916122588640026,0.07770641705469994,0.06835070632269491,0.07615844170590735,9.53398015571487,0.3311259537584178,0.625
gamma,eig,45,30.0,60.0,2.4338197149882035,0.0003095889951509889,3.7670931891917783,0.0,0.04916122588640026,0.0,0.00534470962289213,0.022936467545341954,4.289783364601365,0.2226367691763055,0.8958333333333334
gamma,eig,45,60.0,120.0,2.9963930739904754,0.0006417729819077067,3.5181782925239324,0.0,0.04916122588640026,0.0,0.00534470962289213,0.022936467545341954,2.5652161043530883,0.16737213417428543,1.0
gamma,eig,45,90.0,180.0,3.5507637489899935,0.0009277819881390315,3.419916042567864,0.0,0.04916122588640026,0.0,0.00534470962289213,0.022936467545341954,2.416017814533635,0.1394006215847651,1.0
gamma,eig,45,120.0,240.0,4.071008263985277,0.0011924759892281145,3.3482517329024906,0.0,0.04916122588640026,0.0,0.00534470962289213,0.005282047463974648,1.913746217136866,0.12787147567271395,1.0
gamma,eig,46,15.0,30.0,3.268813612001395,0.00019049500770051964,4.362694938042406,0.0,0.01435492794788118,1.1102230246251565e-16,2.220446049250313e-16,0.007037782279804561,9.051036174262963,0.29846905670152335,0.625
gamma,eig,46,30.0,60.0,3.653639428990573,0.0004077869889442809,3.979973482169082,0.0,0.0,0.0,0.0,0.00703778227980445,3.9405974059446582,0.19572107086521326,0.8125
gamma,eig,46,60.0,120.0,4.49183069600258,0.0009081149873964023,3.7913801515435845,0.0,0.0,0.0,0.0,0.024135283725561618,3.4617255866227308,0.12923178898039187,1.0
gamma,eig,46,90.0,180.0,5.278179998000269,0.0013764909817837179,3.6824863802161487,0.0,0.0,0.0,0.0,0.0,2.8848925848577505,0.11093389415104953,1.0
gamma,eig,46,120.0,240.0,6.013380891010456,0.0018638979563547764,3.610878814337792,0.0,0.0,0.0,0.0,0.0,2.468449359112161,0.10333752400795838,1.0
gamma,eig,47,15.0,30.0,2.059134492981684,0.0001695480059424881,3.8453121802195764,0.0,0.027998849679309656,1.1102230246251565e-16,0.010212409139881973,1.1102230246251565e-16,5.6604875635068295,0.32944197713297296,0.625
gamma,eig,47,30.0,60.0,2.3785919359761465,0.00037407801573863253,3.6325412437527738,0.0,0.027998849679309656,1.1102230246251565e-16,0.010212409139881973,1.1102230246251565e-16,4.170169896025573,0.21209709333265292,0.8958333333333334
gamma,eig,47,60.0,120.0,2.950008233965491,0.0006864430142741185,3.5602239907886335,0.0,0.0,0.0,0.0,0.0,2.9059070451684823,0.19581808275632817,1.0
gamma,eig,47,90.0,180.0,3.4992238129525504,0.0009707440040074289,3.514745138122396,0.0,0.0,0.0,0.0,0.0,2.8226415936365092,0.16668916048985605,1.0
gamma,eig,47,120.0,240.0,4.021150956948986,0.0012084899935871363,3.4114493264357644,0.0,0.027998849679309656,1.1102230246251565e-16,1.1102230246251565e-16,1.1102230246251565e-16,2.869458014928305,0.14815187032780175,1.0
gamma,eig,48,15.0,30.0,2.056128231997718,0.00019715000235009938,4.000493528668164,0.04589640525670624,0.11142265273968599,0.0,0.0,0.0,6.281063716089323,0.2940035464436745,0.625
gamma,eig,48,30.0,60.0,2.3463637069799006,0.00033516900293761864,3.82989473744029,0.04589640525670624,0.0,0.0,0.0253042719640737,0.0,4.682297818889257,0.2286456576673421,0.8541666666666666
gamma,eig,48,60.0,120.0,2.9162800800004334,0.0006182309953146614,3.6563547346968206,0.04589640525670624,0.0,0.0,0.0,0.0,4.699466355555789,0.17252535494223778,1.0
gamma,eig,48,90.0,180.0,3.460026555992954,0.0008679139937157743,3.5986801710985534,0.04589640525670624,0.0,0.0,0.0,0.0,4.037107634784303,0.15868798109314708,1.0
gamma,eig,48,120.0,240.0,4.000477169007354,0.001266635998035781,3.536844941326074,0.04589640525670624,0.0,0.0,0.0,0.0,3.345939851393018,0.15270000829506192,1.0
gamma,eig,49,15.0,30.0,2.877445804009767,0.0002015369973378256,4.0898513122367,0.0,0.0,0.0,0.0,0.032573551076133356,7.806668884386775,0.3337736812559197,0.625
gamma,eig,49,30.0,60.0,3.281449196008907,0.00039838801239966415,3.737823027228155,0.0,0.0,0.0,0.0,0.0,3.3840742224571074,0.23709356199804665,0.8333333333333334
gamma,eig,49,60.0,120.0,4.045282393002708,0.0008377140111406334,3.558082789332514,0.0,0.0,0.0,0.0,0.004881392085044012,2.3938376522511993,0.19614488703231192,1.0
gamma,eig,49,90.0,180.0,4.760792871991725,0.001265845014131628,3.490435983816999,0.0,0.0,0.0,0.0,0.0,2.515776760002451,0.17383656122379793,1.0
gamma,eig,49,120.0,240.0,5.456212101969868,0.0016868860147951636,3.4465444085878585,0.0,0.0,0.0,0.0,0.0,2.5727363582772282,0.16044949247299933,1.0
gamma,eig@logskewnormal-poisson-m8k,0,15.0,30.0,243.68687764304923,1.494832046009833,4.098523132596341,0.0,0.0,0.0,0.0038796653735284625,0.0,5.404926959516577,0.2695849399547645,0.625
gamma,eig@logskewnormal-poisson-m8k,0,30.0,60.0,333.17027314702864,2.7691932849847944,3.9977885203708845,0.0,0.0,0.005756135764573456,0.0038796653735285735,0.004213102712073313,4.180190566214712,0.22708205009832433,0.8958333333333334
gamma,eig@logskewnormal-poisson-m8k,0,60.0,118.0,655.6360750220774,5.642100648954511,3.7994964959241444,0.0,0.0,0.007299204900065637,0.005094084206732741,0.0010043947198602465,3.4068908146955152,0.1778319811574956,1.0
gamma,eig@logskewnormal-poisson-m8k,0,90.0,169.0,869.7612112721254,7.8119626109401,3.6720784758290486,0.0,0.0,0.0008265416819995819,0.005744585057252616,0.0010043947198602465,2.8386386804496864,0.16790050040471333,1.0
gamma,eig@logskewnormal-poisson-m8k,0,120.0,218.0,1141.0706427891564,10.266446701876703,3.601185725409,0.0,0.0,0.0008265416819995819,0.005744585057252616,0.0010043947198602465,3.1157626336472575,0.13574583172881563,1.0
gamma,eig@logskewnormal-poisson-m8k,1,15.0,30.0,153.84166103601456,1.00707764501567,4.012384694835169,0.0,0.008221238031002831,0.01993952313716818,0.0975610543385329,0.09645210907280144,8.215806610703144,0.3247626206077806,0.625
gamma,eig@logskewnormal-poisson-m8k,1,30.0,60.0,207.782777565968,2.098476698025479,3.855885116574285,0.0,0.008221238031002831,0.01993952313716818,1.1102230246251565e-16,2.220446049250313e-16,4.468897408015674,0.2158586991727978,0.9375
gamma,eig@logskewnormal-poisson-m8k,1,60.0,116.0,439.6965931409504,4.734318937989883,3.6748675464343825,0.0,0.027876232737729767,0.01993952313716818,1.1102230246251565e-16,2.220446049250313e-16,3.3907559887929946,0.18167378773674445,1.0
gamma,eig@logskewnormal-poisson-m8k,1,90.0,169.0,715.9771418749733,7.239772934015491,3.540329125628181,0.0,0.008221238031002831,0.01993952313716818,1.1102230246251565e-16,2.220446049250313e-16,2.9293236416832835,0.14055844406175852,1.0
gamma,eig@logskewnormal-poisson-m8k,1,120.0,216.0,867.0121547000308,8.810218786020414,3.4880574387826755,0.0,0.008221238031002831,0.01993952313716818,1.1102230246251565e-16,2.220446049250313e-16,2.7324654751153763,0.1374428860203003,1.0
gamma,eig@logskewnormal-poisson-m8k,2,15.0,30.0,210.6657779050147,1.261721741000656,4.006505279081125,0.0,0.004212361697546463,-2.220446049250313e-16,0.0,0.0,5.854540098609104,0.33623691976677966,0.625
gamma,eig@logskewnormal-poisson-m8k,2,30.0,60.0,273.49740364102763,2.445723993005231,3.8188671326142263,0.0,0.004212361697546463,-2.220446049250313e-16,0.0,0.0,3.6273947835112894,0.24522183596957264,0.9375
gamma,eig@logskewnormal-poisson-m8k,2,60.0,117.0,591.243423229098,5.308857679032371,3.5892230769008484,0.0,0.004212361697546463,-2.220446049250313e-16,0.0,0.0,2.965242224323765,0.1673356780995448,1.0
gamma,eig@logskewnormal-poisson-m8k,2,90.0,165.0,876.3015344890446,8.198695620987564,3.5005030791045555,0.0,0.0,0.0,0.0,0.0,2.3457059023805296,0.15898866696503153,1.0
gamma,eig@logskewnormal-poisson-m8k,2,120.0,207.0,1130.2990038000717,10.465504355961457,3.4504494610172336,0.0,0.004212361697546463,-2.220446049250313e-16,0.0,0.0,2.4477212980160945,0.1489867184778742,1.0
gamma,eig@logskewnormal-poisson-m8k,3,15.0,30.0,185.8427587789629,1.2083517679857323,4.045428797537123,0.0,0.0,0.0,0.04265422413081188,0.03880810534165291,6.302594094996322,0.2833582697501187,0.625
gamma,eig@logskewnormal-poisson-m8k,3,30.0,60.0,266.1967460269807,2.6050659389584325,3.815628697129453,0.0,0.0,0.0,0.020676605489554523,0.04613214458328496,4.21416028751484,0.19848583242105272,0.875
gamma,eig@logskewnormal-poisson-m8k,3,60.0,116.0,552.2134883240069,5.1890975339047145,3.5588099701303335,0.0,0.0,0.0,0.020676605489554523,0.04613214458328496,2.818014551777552,0.14199283547842947,1.0
gamma,eig@logskewnormal-poisson-m8k,3,90.0,168.0,870.1937780809676,7.9721978689485695,3.5398887480206604,0.0,0.0,0.0,0.020676605489554523,0.04119518636137709,2.732853724398984,0.13817251896154834,1.0
gamma,eig@logskewnormal-poisson-m8k,3,120.0,213.0,1077.8650766380015,9.973851874892716,3.470021161360444,0.0,0.0,0.0,0.020676605489554523,0.04119518636137709,2.1009408418288147,0.12489548558200214,1.0
gamma,eig@logskewnormal-poisson-m8k,4,15.0,30.0,183.27901544205088,1.5407393239875091,4.181364990569798,0.0,0.0,0.0,0.03128362981827926,0.0,7.70509090716546,0.27240332368775333,0.625
gamma,eig@logskewnormal-poisson-m8k,4,30.0,60.0,244.96222171503177,2.9232388469099533,3.9127432010831664,0.0,0.0,0.0,0.0,0.0,3.948333704516725,0.2187830855657111,0.8541666666666666
gamma,eig@logskewnormal-poisson-m8k,4,60.0,117.0,412.8470268829842,4.75843189189618,3.726984598223858,0.0,0.0,0.0,0.0,0.0,3.2736912562336062,0.17739548106728525,1.0
gamma,eig@logskewnormal-poisson-m8k,4,90.0,170.0,637.1914274549927,6.842323219942045,3.623602164456566,0.0,0.0,0.0,0.0,0.000937328298248552,2.9173896988529666,0.14760296780012802,1.0
gamma,eig@logskewnormal-poisson-m8k,4,120.0,216.0,788.6619538090163,8.344446420815075,3.573031988485734,0.0,0.0,0.0,0.0,0.000937328298248552,2.7185276094545334,0.14142483943526019,1.0
gamma,eig@logskewnormal-poisson-m8k,5,15.0,30.0,180.83350188597979,1.3256952840165468,4.206040723232145,0.3069068889619251,0.0,0.0,0.0,0.0,6.783313625125454,0.26443711029140354,0.625
gamma,eig@logskewnormal-poisson-m8k,5,30.0,60.0,264.6039482019987,2.705140016056248,4.030001564320165,0.0,0.0,0.0,0.0,0.0,5.232891079672512,0.21448267744116106,0.9166666666666666
gamma,eig@logskewnormal-poisson-m8k,5,60.0,117.0,562.7457193160371,5.454896722076228,3.7509964096130908,0.0,0.0,0.0,0.0,0.0,3.0780795967727785,0.16627403493952314,1.0
gamma,eig@logskewnormal-poisson-m8k,5,90.0,171.0,839.7626507870882,7.929202317085583,3.689165095584657,0.0,0.02480729230392753,0.0,0.0,0.0,2.889912111707931,0.15644890606330591,1.0
gamma,eig@logskewnormal-poisson-m8k,5,120.0,218.0,1033.1994438290712,10.051771127051325,3.5535867136019204,0.0,0.02480729230392753,0.0,0.0,0.0,2.5399686444787304,0.12375822407568715,1.0
gamma,eig@logskewnormal-poisson-m8k,6,15.0,30.0,264.702907615967,1.633894743034034,4.058877809905919,0.0,0.0,0.0,0.0,0.0,6.50587702994631,0.26611404268812067,0.625
gamma,eig@logskewnormal-poisson-m8k,6,30.0,60.0,439.7638288919843,3.1108554219972575,3.8794168147768175,0.0,0.0,0.0,0.026670367214759905,0.023540992894205637,4.762234134969905,0.19340925820504565,0.9375
gamma,eig@logskewnormal-poisson-m8k,6,60.0,116.0,694.3990673619846,5.391446368972538,3.7216439228279654,0.0,0.0,0.0,0.026670367214759905,0.023540992894205637,3.579378195238824,0.17275832233036814,1.0
gamma,eig@logskewnormal-poisson-m8k,6,90.0,166.0,994.6391213350144,8.19221912091598,3.640160192369784,0.0,0.0,0.0,0.0,0.023540992894205637,3.1820262840431153,0.1585414426194202,1.0
gamma,eig@logskewnormal-poisson-m8k,6,120.0,207.0,1175.4132701740164,9.949703052916448,3.6209939852976194,0.0,0.0,0.0,0.0,0.023540992894205637,2.627678799999483,0.1530924723924905,1.0
gamma,eig@logskewnormal-poisson-m8k,7,15.0,30.0,264.36896700700163,1.6438201540295267,3.8889534015413623,0.0,0.024722137368705543,1.1102230246251565e-16,2.220446049250313e-16,0.04085291330456797,4.150387999085967,0.30539800131795863,0.625
gamma,eig@logskewnormal-poisson-m8k,7,30.0,60.0,450.7796901219699,3.436807571022655,3.7157142372327194,0.0,0.024722137368705543,1.1102230246251565e-16,2.220446049250313e-16,1.1102230246251565e-16,3.1536291406559043,0.19971610242801105,0.8958333333333334
gamma,eig@logskewnormal-poisson-m8k,7,60.0,118.0,779.6199734319962,6.428080261015566,3.651433489587325,0.0,0.024722137368705543,1.1102230246251565e-16,0.004190406438799643,1.1102230246251565e-16,2.3742782635446966,0.1926632481823384,1.0
gamma,eig@logskewnormal-poisson-m8k,7,90.0,167.0,1035.9423321040085,9.032392603025073,3.495590795290776,0.0,0.024722137368705543,1.1102230246251565e-16,0.004190406438799643,1.1102230246251565e-16,2.0085723718890427,0.15912523059397235,1.0
gamma,eig@logskewnormal-poisson-m8k,7,120.0,215.0,1263.350794753991,11.345386534070713,3.3858265507258527,0.0,0.0,0.0,0.004190406438799643,1.1102230246251565e-16,1.4473617655325062,0.14242340017705574,1.0
gamma,eig@logskewnormal-poisson-m8k,8,15.0,30.0,141.62289967699326,1.00609434794751,4.181011661349746,0.0,0.052609581778371495,0.03979093964152902,0.07467008605449921,0.0,6.833996414724267,0.29983731698714794,0.625
gamma,eig@logskewnormal-poisson-m8k,8,30.0,60.0,188.70589943995583,1.9238976359047228,3.9803842193466763,0.0,0.0,0.0,0.0,0.0,4.306461498929026,0.2474496377670626,0.8541666666666666
gamma,eig@logskewnormal-poisson-m8k,8,60.0,117.0,380.6707005478529,4.444154405849986,3.8827921770993457,0.0,0.0,0.0,0.0,0.0,4.1959832023190415,0.22292818900573294,1.0
gamma,eig@logskewnormal-poisson-m8k,8,90.0,166.0,624.0572494338412,6.487648725771578,3.5880222960376074,0.0,0.0,0.0,0.0,0.0,2.6272984769587757,0.16032119623660437,1.0
gamma,eig@logskewnormal-poisson-m8k,8,120.0,214.0,786.8244617318705,8.205606159783201,3.464169858499599,0.0,0.0,0.0,0.0,0.0,1.9184981417917817,0.12474551389076112,1.0
gamma,eig@logskewnormal-poisson-m8k,9,15.0,30.0,268.20228348001547,1.5387731800292386,4.012966545988989,0.014757859359060599,0.0,0.0,0.012204171546050135,0.07416855963482205,6.164255615539617,0.27827109227861835,0.625
gamma,eig@logskewnormal-poisson-m8k,9,30.0,60.0,452.6540289809782,3.1521835140738403,3.7503585630540837,0.014757859359060599,0.0,0.0,0.012204171546050135,-2.220446049250313e-16,3.4868224756874255,0.18150603510207286,0.875
gamma,eig@logskewnormal-poisson-m8k,9,60.0,116.0,662.7443629550398,5.034670569031732,3.5900425598656915,0.014757859359060599,0.0,0.0,0.012204171546050135,-2.220446049250313e-16,3.149974664671695,0.1422352895629677,1.0
gamma,eig@logskewnormal-poisson-m8k,9,90.0,168.0,923.7988150351302,7.627351765928324,3.563872599460403,0.014757859359060599,0.0,0.0,0.012204171546050135,-2.220446049250313e-16,2.802772913911489,0.14271303173289063,1.0
gamma,eig@logskewnormal-poisson-m8k,9,120.0,213.0,1162.990715393069,9.760867222983507,3.549111834951821,0.0,0.0,0.0,0.012204171546050135,-2.220446049250313e-16,2.8647577141994596,0.13326611930013352,1.0
gamma,eig@logskewnormal-poisson-m8k,10,15.0,30.0,260.1688466389751,1.7171087969472865,4.224406524956708,0.0,0.026567540234695097,0.0,0.013782119639858648,0.03171011796213985,6.738070863246635,0.3336131165815801,0.625
gamma,eig@logskewnormal-poisson-m8k,10,30.0,60.0,364.52006984293985,2.8871103218989447,4.080879027799601,0.0,0.0,0.04626830347055122,0.0,0.011470549888380366,4.95471334027707,0.2605114324780614,0.8958333333333334
gamma,eig@logskewnormal-poisson-m8k,10,60.0,115.0,636.2843976359,5.400896541832481,3.788820796970486,0.0,0.026567540234695097,0.0,0.0,0.011470549888380366,3.367179992912635,0.2093833054586112,1.0
gamma,eig@logskewnormal-poisson-m8k,10,90.0,163.0,821.3915534478292,7.137224512800458,3.5924242867700986,0.0,0.026567540234695097,0.0,0.0,0.0,2.723438810791284,0.1592908854187934,1.0
gamma,eig@logskewnormal-poisson-m8k,10,120.0,210.0,984.4242190338118,8.752524730938603,3.511885298299843,0.0,0.026567540234695097,0.0,0.0,0.0,2.511993370898998,0.1515135472586452,1.0
gamma,eig@logskewnormal-poisson-m8k,11,15.0,30.0,191.71475257394195,1.6238392290397314,4.317694590609456,0.0,0.0,0.0,0.01255707017399954,-2.220446049250313e-16,8.1117158799512,0.3310771665372859,0.625
gamma,eig@logskewnormal-poisson-m8k,11,30.0,60.0,306.942032981955,3.272941735034692,3.9813404805731927,0.0,0.027257968828325874,2.220446049250313e-16,0.012557070173999874,1.1102230246251565e-16,4.03172454202648,0.22594879853924296,0.8958333333333334
gamma,eig@logskewnormal-poisson-m8k,11,60.0,117.0,674.2529084278649,6.137819972020225,3.740746148806645,0.0,0.027257968828325874,2.220446049250313e-16,0.012557070173999874,1.1102230246251565e-16,3.2090887743955077,0.16101568153697066,1.0
gamma,eig@logskewnormal-poisson-m8k,11,90.0,166.0,903.5252034718433,8.409324424006627,3.6294626968616774,0.0,0.027257968828325874,2.220446049250313e-16,0.012557070173999874,1.1102230246251565e-16,2.9212918571787188,0.13819148414036822,1.0
gamma,eig@logskewnormal-poisson-m8k,11,120.0,211.0,1044.9160167688533,9.932480079049128,3.539098138305384,0.0,0.027257968828325874,2.220446049250313e-16,0.012557070173999874,1.1102230246251565e-16,2.8000262787035797,0.1115806103825778,1.0
gamma,eig@logskewnormal-poisson-m8k,12,15.0,30.0,414.7627207329788,1.6267072039918276,4.241790573877581,0.0,0.12616253667061994,0.014973777011987544,0.0,0.008729902321329086,7.3259118175832345,0.35008415539131366,0.625
gamma,eig@logskewnormal-poisson-m8k,12,30.0,60.0,592.7823179949773,3.2725351760309422,3.929046575722961,0.0,0.0,0.014973777011987544,0.0,0.0,5.245340185293207,0.26791022905390943,0.8125
gamma,eig@logskewnormal-poisson-m8k,12,60.0,118.0,939.3434573110135,5.8769615700875875,3.6702193663784004,0.0,0.0,0.0,0.0,0.0,2.9898399992759184,0.17299322340784987,1.0
gamma,eig@logskewnormal-poisson-m8k,12,90.0,170.0,1236.0011171330116,8.208559317092295,3.564197075841626,0.0,0.0,0.0,0.0,0.0,2.6142829354495456,0.1430776451642409,1.0
gamma,eig@logskewnormal-poisson-m8k,12,120.0,217.0,1509.4895771560841,10.280597321034293,3.534828114831443,0.0,0.0,0.0,0.0,0.0,2.558108607737917,0.13142995975894478,1.0
gamma,eig@logskewnormal-poisson-m8k,13,15.0,30.0,444.75792683599866,1.6023267190321349,4.172030884730567,0.0,0.03511199799371867,-2.220446049250313e-16,-2.220446049250313e-16,0.006262076644404702,10.830008504013794,0.287857519653851,0.625
gamma,eig@logskewnormal-poisson-m8k,13,30.0,60.0,558.5607498060126,2.8088869599887403,3.8788165998386055,0.0,0.03511199799371867,-2.220446049250313e-16,-2.220446049250313e-16,-2.220446049250313e-16,5.261283468488435,0.20234594710890255,0.8541666666666666
gamma,eig@logskewnormal-poisson-m8k,13,60.0,116.0,843.6740374859946,5.201559082968743,3.7258501149624372,0.0,0.0,0.0,0.0,0.0,5.080775184929117,0.16773800046751708,1.0
gamma,eig@logskewnormal-poisson-m8k,13,90.0,167.0,1121.136101766111,7.424426112920628,3.574168666355994,0.0,0.0,0.0,0.0,0.0,3.0588257763018163,0.1439941217974089,1.0
gamma,eig@logskewnormal-poisson-m8k,13,120.0,212.0,1382.1882713191007,9.43702292094531,3.525906774164388,0.0,0.03511199799371867,-2.220446049250313e-16,-2.220446049250313e-16,-2.220446049250313e-16,3.000721481832696,0.1404702323052498,1.0
gamma,eig@logskewnormal-poisson-m8k,14,15.0,30.0,314.7788016949926,1.3850821550004184,3.8971113793708945,0.0,0.0,0.01125860097624376,0.043679532382277064,0.040678593122724815,4.511899120050526,0.23528924401794046,0.625
gamma,eig@logskewnormal-poisson-m8k,14,30.0,60.0,479.9246933689574,2.9571833510126453,3.737279534668461,0.0,0.0,0.01125860097624376,0.02910497589256822,0.0443944590848262,3.9036136791909244,0.19642200171899937,0.9166666666666666
gamma,eig@logskewnormal-poisson-m8k,14,60.0,118.0,645.7935693729378,4.7222216080117505,3.6147526671761177,0.0,0.0,0.01125860097624376,-2.220446049250313e-16,0.0010164281832172328,3.3634705217469403,0.15815434929493113,1.0
gamma,eig@logskewnormal-poisson-m8k,14,90.0,166.0,772.6194231919799,6.168473694939166,3.5066032000235445,0.0,0.0,0.01125860097624376,-2.220446049250313e-16,0.0010164281832172328,3.0216244604563194,0.1401132167451467,1.0
gamma,eig@logskewnormal-poisson-m8k,14,120.0,212.0,892.3957278019516,7.473785838999902,3.4399846368212272,0.0,0.0,0.0,0.0,0.0010164281832173439,3.449452465510267,0.12484404599923624,1.0
gamma,eig@logskewnormal-poisson-m8k,15,15.0,30.0,310.6119480619964,1.5975737960106926,4.374382632701125,0.0,0.0,0.038779133279635336,0.013037193985234063,0.06268193542259604,11.20017492428494,0.3011977706822375,0.625
gamma,eig@logskewnormal-poisson-m8k,15,30.0,60.0,446.0009320570098,2.758486736973282,4.010731832787115,0.0,0.0,0.023535385828497235,0.033165800257869416,0.0,5.402268565027858,0.22402121597700062,0.9166666666666666
gamma,eig@logskewnormal-poisson-m8k,15,60.0,117.0,764.5612808740698,5.221505076944595,3.7871464613127905,0.0,0.0,0.023535385828497235,0.033165800257869416,0.0,4.450120263398277,0.17199483979414695,1.0
gamma,eig@logskewnormal-poisson-m8k,15,90.0,167.0,975.4658452090662,7.035904687931179,3.706753106966888,0.0,0.0,0.0,0.0,0.0,3.6454873894282547,0.15817288165933918,1.0
gamma,eig@logskewnormal-poisson-m8k,15,120.0,216.0,1098.152170443107,8.420357078954112,3.6130973718227906,0.0,0.0,0.0,0.013037193985234063,0.0,3.4878916652895655,0.1385773058170902,1.0
gamma,eig@logskewnormal-poisson-m8k,16,15.0,30.0,357.4851947030111,1.0729784870054573,4.140963950158728,0.0,0.055897752304028714,0.0,0.02337819973826083,0.020320533921395767,7.4816231490801295,0.3490230635352353,0.625
gamma,eig@logskewnormal-poisson-m8k,16,30.0,60.0,438.11734740393877,1.9059458630363224,3.8537291930604347,0.0,0.0,0.018036712403124877,0.0,0.0,4.225377021478785,0.241024968178098,0.875
gamma,eig@logskewnormal-poisson-m8k,16,60.0,117.0,585.0039943539741,3.558154277037829,3.649864995265497,0.0,0.0,0.018036712403124877,0.0,0.0,3.5543185547887264,0.19638590597267816,1.0
gamma,eig@logskewnormal-poisson-m8k,16,90.0,172.0,797.7541861829523,5.51444279102725,3.5580381369555556,0.0,0.0,0.0,0.0,0.0,2.7810702764459068,0.17198293678912654,1.0
gamma,eig@logskewnormal-poisson-m8k,16,120.0,214.0,935.1604815889295,6.936212960063131,3.5590026546671063,0.0,0.0,0.0,0.0,0.0,2.825405719229186,0.17036774215987346,1.0
gamma,eig@logskewnormal-poisson-m8k,17,15.0,30.0,319.31361379304144,1.14399684194359,4.010953247890137,0.0,0.0,0.0062857454968486826,0.08448608385142298,0.00969555545380918,6.365580540416795,0.2835682723132635,0.625
gamma,eig@logskewnormal-poisson-m8k,17,30.0,60.0,499.7856026770023,2.507247300905874,3.747170250214774,0.0,0.0,0.0062857454968486826,0.08448608385142298,0.00969555545380918,3.4575837060487777,0.17332825082661835,0.875
gamma,eig@logskewnormal-poisson-m8k,17,60.0,115.0,763.0931087700446,4.730711763870204,3.596722874154699,0.0,0.07646861183441889,0.0062857454968486826,0.0,0.00969555545380918,2.7480178193583846,0.14727474693123074,1.0
gamma,eig@logskewnormal-poisson-m8k,17,90.0,169.0,916.6413397280703,6.333164182855398,3.501504079533625,0.0,0.0,0.0062857454968486826,0.0,0.00969555545380918,2.04446751829925,0.13469489509012017,1.0
gamma,eig@logskewnormal-poisson-m8k,17,120.0,216.0,1034.3183922800235,7.68611476784281,3.4016258897756764,0.0,0.0,0.0062857454968486826,0.0,0.00969555545380918,1.557237955660415,0.11175226752661523,1.0
gamma,eig@logskewnormal-poisson-m8k,18,15.0,30.0,454.7011190640187,1.356591573014157,3.802071951770433,0.0,0.0,0.0,0.0,0.0,5.616683037280439,0.3423155308683696,0.625
gamma,eig@logskewnormal-poisson-m8k,18,30.0,60.0,595.4340321610216,2.5237354610289913,3.57339176896942,0.0,0.01679767068316418,0.0,0.018585216664570803,0.0,3.4430384515560584,0.20088598246035133,0.875
gamma,eig@logskewnormal-poisson-m8k,18,60.0,118.0,741.2860945010179,4.169166998981382,3.4386575239411017,0.0,0.01679767068316418,0.0,0.0,0.0,3.9478239734910656,0.17163747383631509,1.0
gamma,eig@logskewnormal-poisson-m8k,18,90.0,170.0,875.6680011599965,5.684492854023119,3.420885720433727,0.0,0.01679767068316418,0.0,0.0,0.0,2.860615347407323,0.15551555924972238,1.0
gamma,eig@logskewnormal-poisson-m8k,18,120.0,219.0,998.7655521189881,7.084893739098334,3.34498277129027,0.0,0.01679767068316418,0.0,0.0,0.0,2.671473421826294,0.13796033079291214,1.0
gamma,eig@logskewnormal-poisson-m8k,19,15.0,30.0,363.9494322410028,1.3267242059810087,3.9404768196784925,0.0,0.0,0.0,0.016084865508673496,0.036477247504348886,6.700530977733623,0.23911707183024064,0.625
gamma,eig@logskewnormal-poisson-m8k,19,30.0,60.0,439.5130452629528,2.1811981120263226,3.731778124778899,0.0,0.0,0.0,0.042223028474287494,0.036477247504348886,4.199150736668668,0.13975262662551471,0.9583333333333334
gamma,eig@logskewnormal-poisson-m8k,19,60.0,119.0,756.2640293199802,4.635126896988368,3.622923605462073,0.0,0.0,0.0,0.016657815222896333,0.0004949817502073461,2.972312181342381,0.12405368822261427,1.0
gamma,eig@logskewnormal-poisson-m8k,19,90.0,167.0,1000.7528606689884,6.632448367032339,3.5891298546791504,0.0,0.0,0.0,0.016657815222896333,0.014390991615803594,3.247928945982798,0.11949279986539459,1.0
gamma,eig@logskewnormal-poisson-m8k,19,120.0,214.0,1134.7230081120215,8.110097549040802,3.4964818003700984,0.0,0.0,0.0,0.016657815222896333,0.0004949817502073461,2.5388564491894905,0.11140292168518778,1.0
gamma,eig@logskewnormal-poisson-m8k,20,15.0,30.0,263.48150774103124,1.216851978970226,4.448654712588272,0.0,0.0,0.05817404232711476,0.05210036753396052,0.043963292374913254,8.230773509150604,0.36552109319149817,0.625
gamma,eig@logskewnormal-poisson-m8k,20,30.0,60.0,342.6813393689954,2.0538482599222334,4.097864740157095,0.0,0.0,0.033017055693850494,0.0,0.0,4.9560620628075105,0.23613931604218116,0.875
gamma,eig@logskewnormal-poisson-m8k,20,60.0,118.0,492.85264990596625,3.6889775949093746,3.847367179214434,0.0,0.0,0.0,0.0,0.01719066485050813,3.5453448387646023,0.19009317695299938,1.0
gamma,eig@logskewnormal-poisson-m8k,20,90.0,170.0,632.9067708560033,5.232555578928441,3.764098372396346,0.0,0.0,0.0,0.0,0.0,3.351907474808312,0.1552843353432599,1.0
gamma,eig@logskewnormal-poisson-m8k,20,120.0,218.0,913.835004195018,7.417197392860544,3.7044568503701463,0.0,0.0,0.0,0.0,0.01719066485050813,3.141266910631103,0.149843000487936,1.0
gamma,eig@logskewnormal-poisson-m8k,21,15.0,30.0,337.50123427396466,0.9186888849944808,4.011416260488008,0.0,0.0,0.0,0.0,0.04743889592888417,4.659773684800373,0.2995821104751403,0.625
gamma,eig@logskewnormal-poisson-m8k,21,30.0,60.0,516.5516553649213,2.282992014021147,3.8203933549901747,0.0,0.0,0.0,0.0,0.0,3.4638103597323426,0.2343942498668472,0.8333333333333334
gamma,eig@logskewnormal-poisson-m8k,21,60.0,118.0,802.8745173119532,4.670474907950847,3.5610802250933147,0.0,0.0,0.0,0.0,0.002018100541879342,2.2748243136052415,0.18004742354664652,1.0
gamma,eig@logskewnormal-poisson-m8k,21,90.0,170.0,933.791439721972,6.151356379938079,3.4059869770189315,0.0,0.0,0.0,0.0,0.002018100541879342,1.839019519580641,0.1382094438866657,1.0
gamma,eig@logskewnormal-poisson-m8k,21,120.0,218.0,1096.0087126279686,7.75897444387374,3.386857078855357,0.0,0.0,0.0,0.0,0.002018100541879342,1.8119082793977046,0.13137126638198776,1.0
gamma,eig@logskewnormal-poisson-m8k,22,15.0,30.0,340.70683850899513,1.4508201939752325,4.408802062712586,0.0,0.0,0.0,0.0,0.0,8.295933781582786,0.35849967612261713,0.625
gamma,eig@logskewnormal-poisson-m8k,22,30.0,60.0,497.1125476699963,2.6526676699577365,4.158259450916213,0.0,0.0,0.0,0.0,0.0,7.153769121281197,0.2731175710962371,0.8958333333333334
gamma,eig@logskewnormal-poisson-m8k,22,60.0,119.0,722.4522698330547,4.726478735072305,3.7018890462488923,0.0,0.0,0.0,0.0,0.0,3.1945251974957714,0.1559849395851359,1.0
gamma,eig@logskewnormal-poisson-m8k,22,90.0,171.0,1013.4512222099875,6.959735419106437,3.52058697921075,0.0,0.0,0.0,0.0,0.0,1.9868574750369836,0.10650733626612843,1.0
gamma,eig@logskewnormal-poisson-m8k,22,120.0,219.0,1185.7403496449551,8.576611274052993,3.483277244812444,0.0,0.0,0.0,0.0,0.0,2.634653666669467,0.10219448920268741,1.0
gamma,eig@logskewnormal-poisson-m8k,23,15.0,30.0,466.876285710925,1.4147485380381113,4.174516944845941,0.0,0.0,0.02207975213938429,0.1277636176262047,0.1722479979084296,7.846788798828648,0.35978025900745214,0.625
gamma,eig@logskewnormal-poisson-m8k,23,30.0,60.0,640.7456466469448,2.772504929031129,3.7890041941733585,0.0,0.0,0.0,0.0,0.028703869405468208,4.701700851735919,0.21139417777812342,0.9375
gamma,eig@logskewnormal-poisson-m8k,23,60.0,119.0,889.7779188970017,4.938173368063872,3.478980078994688,0.0,0.0,0.0,0.0,0.0,2.307884950724181,0.14391270942139364,1.0
gamma,eig@logskewnormal-poisson-m8k,23,90.0,172.0,1184.2119962260767,7.2573119041044265,3.459054122972893,0.0,0.0,0.0,0.0,0.0,2.5008450236203013,0.13790433149264777,1.0
gamma,eig@logskewnormal-poisson-m8k,23,120.0,224.0,1458.7678747020254,9.480823163161403,3.4537430939065357,0.0,0.0,0.0,0.0,0.0,2.4438572937386986,0.1363913822276528,1.0
gamma,eig@logskewnormal-poisson-m8k,24,15.0,30.0,287.7358423820406,1.3352695559879066,4.2104995682827555,0.0,0.0,0.0,0.0,0.0,10.55416588373259,0.3164830204819498,0.625
gamma,eig@logskewnormal-poisson-m8k,24,30.0,60.0,462.9067722190375,2.6547049139626324,3.951133327236553,0.0,0.0,0.0,0.0,0.0,5.437523050465758,0.2301180486023584,0.875
gamma,eig@logskewnormal-poisson-m8k,24,60.0,116.0,788.4766387570708,5.1589981759898365,3.651594024195559,0.0,0.0,0.0,0.0,0.0,3.1118818620758284,0.16326579081328707,1.0
gamma,eig@logskewnormal-poisson-m8k,24,90.0,170.0,1100.034797295084,7.579074816952925,3.532203844384734,0.0,0.0,0.0,0.0,0.0,3.154122039624389,0.13677047120645955,1.0
gamma,eig@logskewnormal-poisson-m8k,24,120.0,218.0,1379.2134036081115,9.695817192958202,3.4760905564086877,0.0,0.0,0.0,0.0,0.0,2.5003933834264664,0.13251167244213763,1.0
gamma,eig@logskewnormal-poisson-m8k,25,15.0,30.0,454.56208372201945,1.3734452730277553,3.947953532856385,0.0,0.0,0.05914961334758928,0.036350178783752685,0.08338579415543534,4.770525405232632,0.3375822056974031,0.625
gamma,eig@logskewnormal-poisson-m8k,25,30.0,60.0,531.161984661012,2.2481613279524026,3.8046370171861223,0.0,0.0,0.0,0.036350178783752685,0.009674243647559977,3.6362381569165465,0.23006383434158803,0.875
gamma,eig@logskewnormal-poisson-m8k,25,60.0,117.0,674.9371757659828,3.9141453218617244,3.626236265307766,0.0,0.0,0.0,0.036350178783752685,0.0328513958479113,2.711700473168145,0.1827268810467772,1.0
gamma,eig@logskewnormal-poisson-m8k,25,90.0,168.0,804.1310475240607,5.420260701823281,3.478425781587564,0.0,0.0,0.0,0.0,0.0,2.1521887657275536,0.1548339048691564,1.0
gamma,eig@logskewnormal-poisson-m8k,25,120.0,215.0,922.9083471160702,6.778939079813426,3.3677341689149003,0.0,0.0,0.0,0.0,0.0,1.8458839156255482,0.13710406741884498,1.0
gamma,eig@logskewnormal-poisson-m8k,26,15.0,30.0,452.94505885198305,1.3323212320246967,3.6851810118590183,0.0,0.0,0.0,0.002351964480984292,0.0,5.456358206376721,0.31888824330544724,0.625
gamma,eig@logskewnormal-poisson-m8k,26,30.0,59.0,620.3139643849863,2.6071591720101424,3.482152434588524,0.0,0.0,0.0,0.002351964480984292,0.0,2.5414832835811496,0.21810853770189567,0.9166666666666666
gamma,eig@logskewnormal-poisson-m8k,26,60.0,114.0,829.1764119890577,4.486647884026752,3.405025223943945,0.0,0.0,0.0,0.002351964480984292,0.0,2.601002550376995,0.15975181064249502,1.0
gamma,eig@logskewnormal-poisson-m8k,26,90.0,162.0,951.1551738849957,5.838554600079078,3.29675112097123,0.0,0.0,0.0,0.002351964480984292,0.0,2.062322394828682,0.14242651090307473,1.0
gamma,eig@logskewnormal-poisson-m8k,26,120.0,210.0,1227.9156147229223,7.965927828059648,3.2826148877701424,0.0,0.0,0.0,0.002351964480984292,0.0,1.9530099656417526,0.13719997667839112,1.0
gamma,eig@logskewnormal-poisson-m8k,27,15.0,30.0,218.64615357102593,0.8615678589849267,3.995011655590197,0.0,0.0,0.0,0.0221561365968288,0.04369470570585854,7.524830546164701,0.31501608859520985,0.625
gamma,eig@logskewnormal-poisson-m8k,27,30.0,60.0,294.67325790200266,1.7329933339497074,3.6296767559551224,0.0,0.0,0.0,0.0,0.00712871640174817,3.357742271096956,0.1951011652223715,0.9375
gamma,eig@logskewnormal-poisson-m8k,27,60.0,117.0,436.60868511696754,3.342227696950431,3.536276609456806,0.0,0.0,0.0,0.0,0.0,3.155487140615785,0.17478908243070895,1.0
gamma,eig@logskewnormal-poisson-m8k,27,90.0,170.0,641.2607429429336,5.186768069994287,3.475307128233421,0.0,0.0,0.0,0.0221561365968288,0.0,3.8134424525643458,0.14783499739216582,1.0
gamma,eig@logskewnormal-poisson-m8k,27,120.0,218.0,921.4190148408816,7.356081814941717,3.4551037143119863,0.0,0.0,0.0,0.0,0.0,3.4766386383713863,0.13904047436634764,1.0
gamma,eig@logskewnormal-poisson-m8k,28,15.0,30.0,337.87990992298,1.2323700259585166,4.197085798468497,0.0,0.0,0.0,0.019436058399549427,0.0990645457695658,9.169878050838307,0.28852743456371704,0.625
gamma,eig@logskewnormal-poisson-m8k,28,30.0,60.0,501.6363939319417,2.507274836025317,3.871634061429367,0.0,0.0,0.0,0.0,0.0,3.904060089546106,0.22453451976104755,0.8541666666666666
gamma,eig@logskewnormal-poisson-m8k,28,60.0,115.0,818.0398456149414,4.952531168048154,3.6280019784028408,0.0,0.03939931445866296,0.029445878339418807,0.0,0.0,2.905043545237388,0.15789285369986067,1.0
gamma,eig@logskewnormal-poisson-m8k,28,90.0,168.0,949.9916888430016,6.437063201054116,3.4987277950123485,0.0,0.0,0.029445878339418807,0.0,0.0,2.418609920223343,0.12403344374706572,1.0
gamma,eig@logskewnormal-poisson-m8k,28,120.0,213.0,1061.699200055984,7.70193647807173,3.4375849712586555,0.0,0.03939931445866296,0.029445878339418807,0.0,0.0,2.0698436322569265,0.11127908124798531,1.0
gamma,eig@logskewnormal-poisson-m8k,29,15.0,30.0,197.4314020539896,0.8529567699733889,3.9249223377491678,0.0,0.0,0.002130258798470952,0.04824114884450659,0.06999565841915112,8.318441970617867,0.3014330335793288,0.625
gamma,eig@logskewnormal-poisson-m8k,29,30.0,60.0,273.6143280339893,1.7218269979930483,3.6733416792544475,0.0,0.0,0.002130258798470952,0.0,0.0,3.497566986455735,0.20812450134074595,0.9583333333333334
gamma,eig@logskewnormal-poisson-m8k,29,60.0,117.0,415.3975901151134,3.3223483299661893,3.5601281593606413,0.0,0.0,0.0,0.0,0.0,2.403188424675408,0.17456642592925314,1.0
gamma,eig@logskewnormal-poisson-m8k,29,90.0,168.0,542.1856333181204,4.772534588963026,3.483567562567902,0.0,0.0,0.0,0.0,0.0,2.577459612685454,0.15276393104541702,1.0
gamma,eig@logskewnormal-poisson-m8k,29,120.0,211.0,649.344816061086,5.99906496690528,3.466968879596917,0.0,0.0,0.002130258798470952,0.0,0.0,2.643745201802059,0.14068693359883205,1.0
gamma,eig@logskewnormal-poisson-m8k,30,15.0,30.0,414.5584100420674,1.3535247719992185,3.937059339029153,0.0,0.023943279191712574,0.12379297588074412,0.18387653912232427,0.20950363270254535,6.362962803408213,0.2688308591644239,0.625
gamma,eig@logskewnormal-poisson-m8k,30,30.0,60.0,588.6992127400736,2.694861634008703,3.7588719501279884,0.0,0.023943279191712574,0.0,0.01378169345346858,0.04756321147349696,3.5656287103473403,0.2142217527637829,0.875
gamma,eig@logskewnormal-poisson-m8k,30,60.0,117.0,869.5354323670763,5.009992056962801,3.643170028524184,0.0,0.023943279191712574,0.0,0.01378169345346858,0.04756321147349696,3.242303480731703,0.15998902166751136,1.0
gamma,eig@logskewnormal-poisson-m8k,30,90.0,169.0,1009.1646217410453,6.522591499015107,3.5084667795625126,0.0,0.023943279191712574,0.0,0.01378169345346858,0.04756321147349696,2.746376684831304,0.11874431674305921,1.0
gamma,eig@logskewnormal-poisson-m8k,30,120.0,217.0,1134.8112295400642,7.914346048070001,3.45623482507678,0.0,0.023943279191712574,0.0,0.01378169345346858,0.0,2.5904017873117855,0.10706308196959753,1.0
gamma,eig@logskewnormal-poisson-m8k,31,15.0,30.0,457.17356483193,1.3690788690000772,4.178363238303017,0.0,0.1585859675411565,0.2102834094802969,0.19688581395720106,0.23695460558777093,22.732923571339313,0.2969730571904071,0.625
gamma,eig@logskewnormal-poisson-m8k,31,30.0,60.0,633.3991498379473,2.71220050296688,3.819783866240885,0.0,0.0,0.0,0.0,0.0,5.800017669772761,0.20853113468812048,0.875
gamma,eig@logskewnormal-poisson-m8k,31,60.0,116.0,960.871230503908,5.288010717005818,3.5768502250904377,0.0,0.0,0.0,0.0,0.0,5.064205354962153,0.1419246251160164,1.0
gamma,eig@logskewnormal-poisson-m8k,31,90.0,163.0,1235.0760287118756,7.398822676972486,3.5409814736255,0.0,0.0,0.0,0.0,0.0,3.863498635442256,0.1404905272987498,1.0
gamma,eig@logskewnormal-poisson-m8k,31,120.0,205.0,1480.8688300978974,9.263514301885152,3.4844702859702372,0.0,0.0,0.0,0.0,0.0,3.0406701794371096,0.13026693990991448,1.0
gamma,eig@logskewnormal-poisson-m8k,32,15.0,30.0,333.76822497900866,1.3673480819998076,4.1205941874001475,0.0,0.03239449412261075,1.1102230246251565e-16,1.1102230246251565e-16,2.220446049250313e-16,7.0416946735963,0.36288501394221645,0.625
gamma,eig@logskewnormal-poisson-m8k,32,30.0,60.0,509.22908454296703,2.7176945140236057,3.794597512739221,0.0,0.03239449412261075,1.1102230246251565e-16,0.0068333813239891406,2.220446049250313e-16,3.7196094336889547,0.21798612059724182,0.875
gamma,eig@logskewnormal-poisson-m8k,32,60.0,116.0,832.7825514559809,5.202872683075839,3.6597029276335817,0.06478898824522139,0.03239449412261075,1.1102230246251565e-16,1.1102230246251565e-16,2.220446049250313e-16,2.6650680723398343,0.190086968142305,1.0
gamma,eig@logskewnormal-poisson-m8k,32,90.0,168.0,1067.5991630830104,7.160351977057871,3.465089195544666,0.0,0.03239449412261075,1.1102230246251565e-16,0.0068333813239891406,2.220446049250313e-16,1.98610635479302,0.14831615155011466,1.0
gamma,eig@logskewnormal-poisson-m8k,32,120.0,213.0,1180.6281392169476,8.432252273109043,3.411587593849466,0.06478898824522139,0.03239449412261075,1.1102230246251565e-16,0.0068333813239891406,2.220446049250313e-16,1.9406419843704632,0.13330476470456246,1.0
gamma,eig@logskewnormal-poisson-m8k,33,15.0,30.0,354.65281184499327,1.0731285559741082,3.8467093748281727,0.0,0.0,0.013839177814250925,0.040363904543309514,0.0,5.606003474353484,0.3094711878087463,0.625
gamma,eig@logskewnormal-poisson-m8k,33,30.0,60.0,429.6217686730233,1.9239606369956164,3.618079771187695,0.0,0.0,0.013839177814250925,0.0,0.0,2.671124390558744,0.20113745771542302,0.875
gamma,eig@logskewnormal-poisson-m8k,33,60.0,117.0,572.085713186083,3.5443038899538806,3.373763024204905,0.0,0.0,0.013839177814250925,0.0,0.0,2.515067458203552,0.12206225421615262,1.0
gamma,eig@logskewnormal-poisson-m8k,33,90.0,171.0,821.8098007041408,5.663385976920836,3.320959905358471,0.0,0.0,0.013839177814250925,0.0,0.0,1.9352373258273992,0.1159499647201061,1.0
gamma,eig@logskewnormal-poisson-m8k,33,120.0,219.0,1100.0405093661975,7.795655435911613,3.2825399179091055,0.0,0.0,0.013839177814250925,0.0,0.0,1.8029058466590537,0.10611824039342742,1.0
gamma,eig@logskewnormal-poisson-m8k,34,15.0,30.0,195.1622195639502,0.8539500910555944,4.408514716677854,0.0,0.022805394304444726,0.04804985452700994,-2.220446049250313e-16,0.049998407324364,9.89389517013169,0.2830206378134644,0.625
gamma,eig@logskewnormal-poisson-m8k,34,30.0,60.0,269.9892720339267,1.699214014079189,4.15370702020443,0.0,0.0,0.0,0.02199634950537932,0.0,4.761753206314183,0.20526969782914178,0.875
gamma,eig@logskewnormal-poisson-m8k,34,60.0,117.0,411.7294468189648,3.2938449280627538,3.9424543236276732,0.0,0.10591917051346422,0.059351141300459265,0.02199634950537921,-2.220446049250313e-16,3.812609186755092,0.16505107913513323,1.0
gamma,eig@logskewnormal-poisson-m8k,34,90.0,168.0,538.3136724119686,4.750619491082034,3.8759952235901367,0.0,0.0,0.0,0.02199634950537932,0.0,3.2332174518107317,0.16628538219969877,1.0
gamma,eig@logskewnormal-poisson-m8k,34,120.0,216.0,659.5916413879604,6.149358477152418,3.7633431632922103,0.0,0.0,0.0,0.02199634950537932,0.0,2.6319195666333983,0.14122378628473975,1.0
gamma,eig@logskewnormal-poisson-m8k,35,15.0,29.0,303.1804326120473,0.8329834990145173,4.157141200647821,0.0,0.08697514857287958,0.06157468593703308,0.05035990715234262,0.08419814097981027,7.008214577820876,0.30847570697246984,0.6041666666666666
gamma,eig@logskewnormal-poisson-m8k,35,30.0,59.0,453.16517035401193,2.0376554149697768,4.017733334482987,0.0,0.0029517491116642924,0.06207149578649429,0.05035990715234251,-2.220446049250313e-16,5.270075929945851,0.22492915853612452,0.8958333333333334
gamma,eig@logskewnormal-poisson-m8k,35,60.0,114.0,591.2035693459766,3.582521965057822,3.884194056142579,0.0,0.0029517491116642924,0.0,0.0004030722568258982,0.0,3.4606863013290385,0.19877788224935014,1.0
gamma,eig@logskewnormal-poisson-m8k,35,90.0,167.0,726.2205949939089,5.092695066137821,3.525706507597994,0.0,0.0029517491116642924,0.0,0.0,0.0,1.8130027831169815,0.14010218089590648,1.0
gamma,eig@logskewnormal-poisson-m8k,35,120.0,214.0,843.5399655408983,6.4521299391344655,3.473652790500225,0.0,0.0029517491116642924,0.0,0.0,0.0,1.9651841670279053,0.11929597444573713,1.0
gamma,eig@logskewnormal-poisson-m8k,36,15.0,30.0,366.3440710349387,1.360496449036873,4.037948568929628,0.0,0.0,0.0,0.0,0.0,6.081539083691748,0.34995598554148094,0.625
gamma,eig@logskewnormal-poisson-m8k,36,30.0,60.0,540.0179766479414,2.6921026080235606,3.923737965815924,0.0,0.0,0.0024422054141025606,0.0,0.0,5.032651739266832,0.2503460909089211,0.9375
gamma,eig@logskewnormal-poisson-m8k,36,60.0,119.0,860.1764301279181,5.242252689946326,3.6696147137775346,0.0,0.0,0.0024422054141025606,0.0,0.0,3.602484825207184,0.21034487617471093,1.0
gamma,eig@logskewnormal-poisson-m8k,36,90.0,168.0,986.4620060058951,6.680687491985736,3.527477995084101,0.0,0.0,0.0024422054141025606,0.0,0.0,2.5901461508768424,0.17614052081678452,1.0
gamma,eig@logskewnormal-poisson-m8k,36,120.0,212.0,1097.515369521876,7.942537788971094,3.449336927660251,0.0,0.0,0.0024422054141025606,0.0,0.0,2.743716165596921,0.1586342634039372,1.0
gamma,eig@logskewnormal-poisson-m8k,37,15.0,30.0,448.98565015800705,1.3801430580206215,4.024845355458002,0.0,0.13707754433344643,0.018495426729791875,0.0,0.05905965433934213,6.719848517288461,0.30704546543660244,0.625
gamma,eig@logskewnormal-poisson-m8k,37,30.0,60.0,623.9959677379957,2.7225960310461232,3.8306738735799857,0.0,0.0,0.018495426729791875,0.0,0.0,5.200197954623436,0.2120587900084913,0.8958333333333334
gamma,eig@logskewnormal-poisson-m8k,37,60.0,115.0,945.3967794949713,5.1837648580549285,3.5928410192374254,0.0,0.0,0.0,0.0,0.0,2.267387281261505,0.1727753947860532,1.0
gamma,eig@logskewnormal-poisson-m8k,37,90.0,167.0,1246.6237847929588,7.525266001059208,3.452344352393837,0.0,0.0,0.0,0.0,0.0,1.771862024362931,0.14306346474886664,1.0
gamma,eig@logskewnormal-poisson-m8k,37,120.0,214.0,1517.1684005529387,9.66493892701692,3.3475757137871986,0.0,0.0,0.0,0.0,0.0,1.4958507689177851,0.11919918134994043,1.0
gamma,eig@logskewnormal-poisson-m8k,38,15.0,30.0,210.6462591010495,0.8548647889692802,4.351902424144883,0.0,0.03706275881685839,0.13149704013898944,0.11400492532812412,0.10547560892347985,17.20184218627826,0.36270741799267825,0.625
gamma,eig@logskewnormal-poisson-m8k,38,30.0,60.0,284.99960050100344,1.6837664879858494,3.996176424178747,0.0,0.0,0.0,0.0,0.0,6.289807058532463,0.21618564543478366,0.875
gamma,eig@logskewnormal-poisson-m8k,38,60.0,117.0,601.7359012030065,4.149356667010579,3.946449688820151,0.0,0.0,0.0,0.0,0.0,5.258207832746793,0.18581305940624404,1.0
gamma,eig@logskewnormal-poisson-m8k,38,90.0,166.0,885.6030309370108,6.323146700931829,3.841060120090685,0.0,0.0,0.0,0.0,0.0,4.368446362101158,0.16389530401982938,1.0
gamma,eig@logskewnormal-poisson-m8k,38,120.0,215.0,1035.2136335200485,7.861412603931967,3.6729219386324634,0.0,0.0,0.0,0.0,0.0,3.3797736151850635,0.12486176941493243,1.0
gamma,eig@logskewnormal-poisson-m8k,39,15.0,30.0,248.87063512101304,1.1296045929775573,4.182075424317781,0.0,0.01100584692120965,0.024908450604145815,0.01955871913158891,0.0,8.305608436069695,0.2784028547166191,0.625
gamma,eig@logskewnormal-poisson-m8k,39,30.0,60.0,422.94059660405037,2.457777830029954,3.98038666852463,0.0,0.01100584692120965,0.007995510443630893,0.0,0.0,4.583581598007303,0.22404841570039766,0.8333333333333334
gamma,eig@logskewnormal-poisson-m8k,39,60.0,118.0,759.7803076400596,5.044946119058295,3.673917553127946,0.0,0.01100584692120965,0.007995510443630893,0.0,0.0,3.624681446654067,0.14759449764289298,1.0
gamma,eig@logskewnormal-poisson-m8k,39,90.0,168.0,931.0912996650586,6.68057723811944,3.541534303429138,0.0,0.01100584692120965,0.007995510443630893,0.0,0.0,2.7697719348488254,0.1251738069997722,1.0
gamma,eig@logskewnormal-poisson-m8k,39,120.0,217.0,1051.068035086122,8.051569764123997,3.4681954214918362,0.0,0.01100584692120965,0.0,0.0,0.0,2.3826535064246666,0.10973280194594824,1.0
gamma,eig@logskewnormal-poisson-m8k,40,15.0,30.0,337.54115202803223,0.8657736809982453,4.335642675267894,0.0,0.12037213411183356,0.08830428453895323,0.18604998527281735,0.21529535544889833,17.85844934064692,0.32302025428637315,0.625
gamma,eig@logskewnormal-poisson-m8k,40,30.0,60.0,413.82083383903955,1.7265375120186945,4.048350622268984,0.0,0.0,0.0,0.0,0.0,6.820514269801234,0.21190040072301758,0.9583333333333334
gamma,eig@logskewnormal-poisson-m8k,40,60.0,115.0,697.8582327600452,3.9556680899695493,3.83933742692262,0.0,0.0,0.0,0.0,0.013073493288629834,5.695727199346421,0.15876475659301537,1.0
gamma,eig@logskewnormal-poisson-m8k,40,90.0,163.0,944.2695312640426,5.8890281139465515,3.708256986551969,0.0,0.0,0.0,0.0,0.013073493288629834,4.799207304771438,0.1353142062270886,1.0
gamma,eig@logskewnormal-poisson-m8k,40,120.0,210.0,1075.052793348019,7.2804908079706365,3.68649685776109,0.0,0.0,0.0,0.0,0.013073493288629834,4.685831466165751,0.12821888544258764,1.0
gamma,eig@logskewnormal-poisson-m8k,41,15.0,30.0,269.79031718496117,1.2410975400416646,4.055783117784261,0.0,0.0,0.0,0.028561824034187056,0.05083448549621283,8.266157420843705,0.2977510770765737,0.625
gamma,eig@logskewnormal-poisson-m8k,41,30.0,60.0,445.76072451198706,2.5758399220212596,3.789080927741694,0.0,0.0,0.0010863144607266007,0.0015835085220596845,0.02656339122065343,3.9233207667667322,0.19895840335592965,0.9791666666666666
gamma,eig@logskewnormal-poisson-m8k,41,60.0,116.0,663.1848845609784,4.629218812115141,3.5285741364903487,0.0,0.0,0.0017835516751225633,0.0015835085220596845,0.0,2.3440001781070356,0.15324634805142742,1.0
gamma,eig@logskewnormal-poisson-m8k,41,90.0,168.0,792.2432770429732,6.098076918147854,3.444409104947176,0.0,0.0,0.0017835516751225633,0.0015835085220596845,0.0,2.036074258560521,0.13543153364574917,1.0
gamma,eig@logskewnormal-poisson-m8k,41,120.0,211.0,899.3357217839657,7.308143734189798,3.3535698583128473,0.0,0.0,0.0017835516751225633,0.0015835085220596845,0.0,1.6579198189908273,0.11305339698701677,1.0
gamma,eig@logskewnormal-poisson-m8k,42,15.0,30.0,323.14254187101324,1.3742803419736447,4.251219228113104,0.0,0.19395660298700657,0.1760933607751205,0.17830032306933996,0.1947159022366325,23.31504699679794,0.33223107185936224,0.625
gamma,eig@logskewnormal-poisson-m8k,42,30.0,60.0,497.04431503902015,2.7243486609950196,3.8229978408540006,0.0,0.0,0.0,0.0,0.0,5.187737074145509,0.20123831946509346,0.875
gamma,eig@logskewnormal-poisson-m8k,42,60.0,117.0,826.7050057440356,5.305340848964988,3.6425253916321942,0.0,0.0,0.0,0.0,0.0,3.1792777027238657,0.14960348166508933,1.0
gamma,eig@logskewnormal-poisson-m8k,42,90.0,166.0,1108.2544988930458,7.592217331024585,3.4649506523533695,0.0,0.0,0.0,0.0,0.0,2.961053656519707,0.10184746607302239,1.0
gamma,eig@logskewnormal-poisson-m8k,42,120.0,212.0,1366.9660897630674,9.648047830996802,3.367368259930825,0.0,0.0,0.0,0.0,0.0,1.8692814249480902,0.09013416994770011,1.0
gamma,eig@logskewnormal-poisson-m8k,43,15.0,30.0,196.14192727798945,0.8575818930694368,4.195521599601957,0.0,0.0,0.008781444816091777,0.08182672094347554,0.06693536607992301,8.880304913901906,0.2986641486185271,0.625
gamma,eig@logskewnormal-poisson-m8k,43,30.0,60.0,270.8385404849396,1.7118435241281986,3.889365174759007,0.0,0.0,0.008781444816091777,0.0027292789219099944,1.1102230246251565e-16,4.5362808577484035,0.2284170719497458,0.8958333333333334
gamma,eig@logskewnormal-poisson-m8k,43,60.0,116.0,412.124058558853,3.3077335951675195,3.558048135610646,0.0,0.0,0.008781444816091777,0.007161899786049419,1.1102230246251565e-16,2.4465708682959226,0.16149402634642035,1.0
gamma,eig@logskewnormal-poisson-m8k,43,90.0,165.0,536.7222717768454,4.731535746148438,3.493490495443071,0.0,0.0,0.008781444816091777,0.007161899786049419,1.1102230246251565e-16,2.527660647911736,0.14435177038514121,1.0
gamma,eig@logskewnormal-poisson-m8k,43,120.0,213.0,724.4581696078094,6.437051402230281,3.4561739045407953,0.0,0.0,0.008781444816091777,0.007161899786049419,1.1102230246251565e-16,2.471209999477788,0.13325340206230404,1.0
gamma,eig@logskewnormal-poisson-m8k,44,15.0,30.0,363.7046587080258,0.9126098880224163,4.065830100402724,0.0,0.0,0.0,0.0343445904825862,0.062188700753549986,9.584875525527393,0.3203178011824987,0.625
gamma,eig@logskewnormal-poisson-m8k,44,30.0,60.0,491.7665661380306,2.0317188250191975,3.8589595192601482,0.0,0.0,0.05725807537300376,1.1102230246251565e-16,0.030783014531283626,5.446627672611932,0.23002989882801161,0.9166666666666666
gamma,eig@logskewnormal-poisson-m8k,44,60.0,118.0,828.782946982974,4.599036171115586,3.497122963866135,0.0,0.0,0.0,0.0,0.0,2.687174015773047,0.15216600298266908,1.0
gamma,eig@logskewnormal-poisson-m8k,44,90.0,173.0,1022.8328443798528,6.469599301068229,3.3771414569270473,0.0,0.0,0.0,0.0,0.0,2.0848166874533347,0.12309358234139757,1.0
gamma,eig@logskewnormal-poisson-m8k,44,120.0,217.0,1143.542423202889,7.804336930028512,3.2867347855480324,0.0,0.0,0.0,0.0,0.0,1.9306095239963903,0.10156949836570067,1.0
gamma,eig@logskewnormal-poisson-m8k,45,15.0,30.0,196.05812515303842,0.8550885210133856,3.9217830347725617,0.0,0.04916122588640026,0.07770641705469994,0.06835070632269491,0.07615844170590735,9.498645826874874,0.32012866814634205,0.625
gamma,eig@logskewnormal-poisson-m8k,45,30.0,60.0,272.4544856420398,1.7098381519754184,3.7455659339217546,0.0,0.04916122588640026,0.0,0.00534470962289213,0.022936467545341954,4.212613441617162,0.215964493688824,0.9375
gamma,eig@logskewnormal-poisson-m8k,45,60.0,117.0,568.1616989159957,4.041851809932268,3.5095387064764174,0.0,0.04916122588640026,0.0,0.00534470962289213,0.022936467545341954,2.605992240288966,0.16554599273018508,1.0
gamma,eig@logskewnormal-poisson-m8k,45,90.0,168.0,836.2457642660302,6.1920344349200604,3.3932247779260787,0.0,0.04916122588640026,0.0,0.00534470962289213,0.005282047463974648,2.1537537577651396,0.13139117823196386,1.0
gamma,eig@logskewnormal-poisson-m8k,45,120.0,218.0,1030.3056995560328,7.972445952895214,3.3509505343199866,0.0,0.04916122588640026,0.0,0.0062530687809393415,0.005282047463974648,1.9588000234114769,0.12454539288954242,1.0
gamma,eig@logskewnormal-poisson-m8k,46,15.0,30.0,293.6639021230221,1.3233925479726167,4.350452821178789,0.0,0.01435492794788118,1.1102230246251565e-16,2.220446049250313e-16,0.007037782279804561,8.996156644087847,0.30075784190210997,0.625
gamma,eig@logskewnormal-poisson-m8k,46,30.0,60.0,466.8806124049879,2.6499933260056423,4.0015411384868855,0.0,0.0,0.0,0.0,0.00703778227980445,3.9743191891696688,0.19874031032801237,0.8333333333333334
gamma,eig@logskewnormal-poisson-m8k,46,60.0,116.0,650.867578078949,4.542126416999963,3.7722099067376873,0.0,0.0,0.0,0.0,0.024135283725561618,3.2574332011619345,0.12757048525807785,1.0
gamma,eig@logskewnormal-poisson-m8k,46,90.0,171.0,895.8102244448964,6.665290996010299,3.704781098642016,0.0,0.0,0.0,0.0,0.024135283725561618,3.106052160551051,0.11651387697430463,1.0
gamma,eig@logskewnormal-poisson-m8k,46,120.0,218.0,1157.1466865318653,8.758622115012258,3.6167136435543448,0.0,0.0,0.0,0.0,0.0,2.634487091728362,0.10233538537965924,1.0
gamma,eig@logskewnormal-poisson-m8k,47,15.0,30.0,366.0046118089813,1.3327460490108933,3.8458937601700693,0.0,0.027998849679309656,1.1102230246251565e-16,0.010212409139881973,1.1102230246251565e-16,5.896104531670363,0.31855415357574113,0.625
gamma,eig@logskewnormal-poisson-m8k,47,30.0,60.0,539.9117859249527,2.6904276199784363,3.6436711881791446,0.0,0.027998849679309656,1.1102230246251565e-16,0.010212409139881973,1.1102230246251565e-16,4.294414172317021,0.2134441138968417,0.8333333333333334
gamma,eig@logskewnormal-poisson-m8k,47,60.0,117.0,864.9865483379544,5.210819683969021,3.5714257446532134,0.0,0.027998849679309656,1.1102230246251565e-16,1.1102230246251565e-16,1.1102230246251565e-16,2.956372475035063,0.2001863102124192,1.0
gamma,eig@logskewnormal-poisson-m8k,47,90.0,168.0,1134.1856436709932,7.4620529699896,3.516953118064681,0.0,0.027998849679309656,1.1102230246251565e-16,1.1102230246251565e-16,1.1102230246251565e-16,2.884027332389064,0.17170996388694112,1.0
gamma,eig@logskewnormal-poisson-m8k,47,120.0,213.0,1180.5158821459918,8.875809082979686,3.445269446334134,0.0,0.0,0.0,0.0,0.0,2.8146490412979346,0.15190268959292338,1.0
gamma,eig@logskewnormal-poisson-m8k,48,15.0,30.0,195.59931462405075,0.8572390120243654,4.003286676853533,0.04589640525670624,0.11142265273968599,0.0,0.0,0.0,6.329669017369126,0.30783767619428254,0.625
gamma,eig@logskewnormal-poisson-m8k,48,30.0,60.0,266.8290613980498,1.714155447043595,3.8937737820767837,0.04589640525670624,0.0,0.0,0.0253042719640737,0.0,5.66022974971195,0.23839967289155609,1.0
gamma,eig@logskewnormal-poisson-m8k,48,60.0,118.0,456.6384820261155,3.6043706110067433,3.6152081850524085,0.04589640525670624,0.0,0.0,0.0,0.0,4.387276052225841,0.16997275399875372,1.0
gamma,eig@logskewnormal-poisson-m8k,48,90.0,171.0,681.0723152061109,5.6125103770173155,3.571732815332823,0.04589640525670624,0.0,0.0,0.0,0.0,4.007035179624843,0.15287025743557417,1.0
gamma,eig@logskewnormal-poisson-m8k,48,120.0,220.0,795.7803382871352,6.9785582139884355,3.503800031260661,0.04589640525670624,0.0,0.0,0.0,0.0,3.208280541976057,0.1457793996007342,1.0
gamma,eig@logskewnormal-poisson-m8k,49,15.0,30.0,251.8363015930081,0.8588731839845423,4.082517679279829,0.0,0.0,0.0,0.0,0.0,7.777434560975996,0.3339326767258362,0.625
gamma,eig@logskewnormal-poisson-m8k,49,30.0,60.0,323.27192790796107,1.7058489099581493,3.7357993770119826,0.0,0.0,0.0,0.0,0.0,3.4450730254518196,0.22656925959902707,0.9166666666666666
gamma,eig@logskewnormal-poisson-m8k,49,60.0,119.0,466.31034341182385,3.3780340878729476,3.536448952796036,0.0,0.0,0.0,0.0,0.004881392085044012,2.3071234562372887,0.18421285848879607,1.0
gamma,eig@logskewnormal-poisson-m8k,49,90.0,173.0,693.3613792748365,5.42699976482254,3.4920746934525795,0.0,0.0,0.0,0.0,0.004881392085044012,2.345739718028872,0.17805946414425552,1.0
gamma,eig@logskewnormal-poisson-m8k,49,120.0,219.0,860.0760602898226,7.212654084854876,3.4198837971690996,0.0,0.0,0.0,0.0,0.0,2.498243639550983,0.15820112627200386,1.0
gamma,eig@logskewnormal-quad,0,15.0,30.0,14.836503087964957,0.00022619996161665767,4.149648108492113,0.0,0.0,0.0,0.0038796653735284625,0.0,5.7295323631779,0.27707113980107473,0.625
gamma,eig@logskewnormal-quad,0,30.0,60.0,26.00947286999144,0.00047967197315301746,3.9558785411146005,0.0,0.0,0.005756135764573456,0.0038796653735285735,0.004213102712073313,3.974504183553164,0.21554530832930122,0.875
gamma,eig@logskewnormal-quad,0,60.0,120.0,66.40610428903892,0.0012397629034239799,3.8339139059644562,0.0,0.0,0.007299204900065637,0.005094084206732741,0.0010043947198602465,3.542603872823795,0.18597279690323307,1.0
gamma,eig@logskewnormal-quad,0,90.0,180.0,98.985636471014,0.0019690969347720966,3.6327332596039916,0.0,0.0,0.0008265416819995819,0.005744585057252616,0.0010043947198602465,2.9034910068782125,0.15375742480186255,1.0
gamma,eig@logskewnormal-quad,0,120.0,240.0,130.6872589020495,0.002747406921116635,3.6036469798195356,0.0,0.0,0.0008265416819995819,0.005744585057252616,0.0010043947198602465,2.9360574099053927,0.13859773558424032,1.0
gamma,eig@logskewnormal-quad,1,15.0,30.0,12.867122049996397,0.0002352609735680744,4.010352516052059,0.0,0.008221238031002831,0.01993952313716818,0.0975610543385329,0.09645210907280144,8.2480724196506,0.3299449828290055,0.625
gamma,eig@logskewnormal-quad,1,30.0,60.0,21.90383000302245,0.0005229789385339245,3.8687401178969716,0.0,0.008221238031002831,0.01993952313716818,1.1102230246251565e-16,2.220446049250313e-16,4.521130189516902,0.23283249052598087,0.875
gamma,eig@logskewnormal-quad,1,60.0,120.0,39.85491983300017,0.0010672999924281612,3.6789769132218204,0.0,0.027876232737729767,0.01993952313716818,1.1102230246251565e-16,2.220446049250313e-16,3.277336811426566,0.17962877123836082,1.0
gamma,eig@logskewnormal-quad,1,90.0,180.0,56.395080268004676,0.0016586829588050023,3.517744817409488,0.0,0.008221238031002831,0.01993952313716818,1.1102230246251565e-16,2.220446049250313e-16,2.871396777437545,0.13905610403563662,1.0
gamma,eig@logskewnormal-quad,1,120.0,240.0,70.14098160601861,0.002153657958842814,3.4675183826914506,0.0,0.027876232737729767,0.01993952313716818,1.1102230246251565e-16,2.220446049250313e-16,2.458553595171191,0.13432142014466236,1.0
gamma,eig@logskewnormal-quad,2,15.0,30.0,13.246336042007897,0.00021456897957250476,3.9509144029503407,0.0,0.004212361697546463,-2.220446049250313e-16,0.0,0.0,4.6726720018211605,0.3299420793199798,0.625
gamma,eig@logskewnormal-quad,2,30.0,60.0,21.96401229602634,0.0004474889428820461,3.7970539965124694,0.0,0.004212361697546463,-2.220446049250313e-16,0.0,0.0,3.598775846188921,0.2263928739424075,0.9375
gamma,eig@logskewnormal-quad,2,60.0,120.0,39.954655934052425,0.0009410628699697554,3.568483918394481,0.0,0.004212361697546463,-2.220446049250313e-16,0.0,0.0,2.7026990772200437,0.1708830250311639,1.0
gamma,eig@logskewnormal-quad,2,90.0,180.0,52.94766087098105,0.0014121989224804565,3.4885448414359996,0.0,0.004212361697546463,-2.220446049250313e-16,0.0,0.0,2.3476306634598263,0.15769371365245333,1.0
gamma,eig@logskewnormal-quad,2,120.0,240.0,69.25957664997259,0.0019151279120706022,3.4435375082743733,0.0,0.004212361697546463,-2.220446049250313e-16,0.0,0.0,2.3955899976565203,0.14602131576086103,1.0
gamma,eig@logskewnormal-quad,3,15.0,30.0,23.687167247961042,0.0003340250259498134,4.045428794609681,0.0,0.0,0.0,0.04265422413081188,0.03880810534165291,6.30733261172666,0.28225757674199187,0.625
gamma,eig@logskewnormal-quad,3,30.0,60.0,45.090551184955984,0.0007097670459188521,3.8171496769327025,0.0,0.0,0.0,0.020676605489554523,0.04613214458328496,4.210458444517303,0.20455629395861108,0.8333333333333334
gamma,eig@logskewnormal-quad,3,60.0,120.0,77.2305383899511,0.0014043279807083309,3.580430394317647,0.0,0.0,0.0,0.03722798338373534,0.04119518636137709,2.889542422190811,0.1464042255725907,1.0
gamma,eig@logskewnormal-quad,3,90.0,180.0,114.52404354995815,0.002206135948654264,3.5614591696996114,0.0,0.0,0.0,0.020676605489554523,0.04119518636137709,2.4591616266420604,0.14179338162213778,1.0
gamma,eig@logskewnormal-quad,3,120.0,240.0,140.36777688695292,0.00294954986020457,3.465505597408575,0.0,0.0,0.0,0.020676605489554523,0.04119518636137709,2.1996309516001005,0.11785535266699926,1.0
gamma,eig@logskewnormal-quad,4,15.0,30.0,15.022433449033997,0.00026157400861848146,4.154677685885117,0.0,0.0,0.0,0.03128362981827926,0.0,7.451500871187864,0.28213309929144254,0.625
gamma,eig@logskewnormal-quad,4,30.0,60.0,27.773455593036488,0.0005602320161415264,3.9082813454226852,0.0,0.0,0.0,0.0,0.0,3.881604530572728,0.22015446747794157,0.8125
gamma,eig@logskewnormal-quad,4,60.0,120.0,48.03213750901341,0.0011118310649180785,3.6772150978189786,0.0,0.0,0.0,0.0,0.000937328298248552,2.8971771446232655,0.17451141065755507,1.0
gamma,eig@logskewnormal-quad,4,90.0,180.0,66.75202947201615,0.0016923320945352316,3.626507426780519,0.0,0.0,0.0,0.0,0.000937328298248552,2.9217075250067186,0.14511023393150177,1.0
gamma,eig@logskewnormal-quad,4,120.0,240.0,83.16565858789545,0.002265838149469346,3.542025050761147,0.0,0.0,0.0,0.0,0.000937328298248552,2.4240233540015548,0.13253654481175417,1.0
gamma,eig@logskewnormal-quad,5,15.0,30.0,25.1851135630277,0.0002819780056597665,4.297098250620517,0.3069068889619251,0.0,0.0,0.0,0.026139781571361542,7.916503078074284,0.2880869025400253,0.625
gamma,eig@logskewnormal-quad,5,30.0,60.0,44.97960862904438,0.0006547000375576317,3.8914518017605304,0.0,0.0,0.0,0.0,0.0,4.392019699947297,0.18551040346678863,0.8125
gamma,eig@logskewnormal-quad,5,60.0,120.0,81.3852022470237,0.0013866799999959767,3.727072648012942,0.0,0.02480729230392753,0.0,0.0,0.0,3.158256981063328,0.16142419843610456,1.0
gamma,eig@logskewnormal-quad,5,90.0,180.0,116.28675517898228,0.002159165029297583,3.7083635312537555,0.0,0.02480729230392753,0.0,0.0,0.0,2.903949334515078,0.1606291913512093,1.0
gamma,eig@logskewnormal-quad,5,120.0,240.0,144.44419387094968,0.002941485057817772,3.588842290998348,0.0,0.02480729230392753,0.0,0.0,0.0,2.966814702400746,0.13430308138011032,1.0
gamma,eig@logskewnormal-quad,6,15.0,30.0,14.78318102999765,0.00024739002401474863,4.061544329823197,0.0,0.0,0.0,0.0,0.0,6.535597003578737,0.27059166291522946,0.625
gamma,eig@logskewnormal-quad,6,30.0,60.0,26.62740630598273,0.0005723690119339153,3.9051182008449516,0.0,0.0,0.0,0.026670367214759905,0.023540992894205637,4.7579698992258574,0.21617468475945925,0.8958333333333334
gamma,eig@logskewnormal-quad,6,60.0,120.0,47.41051265699207,0.00111390498932451,3.720095011745323,0.0,0.0,0.0,0.0,0.023540992894205637,3.383945061085432,0.17489244720256733,1.0
gamma,eig@logskewnormal-quad,6,90.0,180.0,64.51729367401276,0.0017363970255246386,3.72046146264289,0.0,0.0,0.0,0.0,0.023540992894205637,3.0193303364051745,0.1721788736442298,1.0
gamma,eig@logskewnormal-quad,6,120.0,240.0,79.30772793201322,0.0022340270079439506,3.5578580125994854,0.0,0.0,0.0,0.0,0.023540992894205637,2.4952356291781066,0.14322857947500411,1.0
gamma,eig@logskewnormal-quad,7,15.0,30.0,22.884722363975015,0.00031073101854417473,3.888953401541363,0.0,0.024722137368705543,1.1102230246251565e-16,2.220446049250313e-16,1.1102230246251565e-16,4.146505441407731,0.3049614301385881,0.625
gamma,eig@logskewnormal-quad,7,30.0,60.0,40.29867216697312,0.0006931850221008062,3.707489990173979,0.0,0.024722137368705543,1.1102230246251565e-16,2.220446049250313e-16,1.1102230246251565e-16,3.1408478810547047,0.19689257661107176,0.8958333333333334
gamma,eig@logskewnormal-quad,7,60.0,120.0,72.25263537102728,0.0014403099776245654,3.6627776282740494,0.0,0.0,0.0,0.004190406438799643,1.1102230246251565e-16,2.259926456014018,0.19983593502709704,1.0
gamma,eig@logskewnormal-quad,7,90.0,180.0,101.37013069301611,0.0021928559144726023,3.4870798852379354,0.0,0.024722137368705543,1.1102230246251565e-16,0.004190406438799643,1.1102230246251565e-16,1.9932975641121642,0.16073816713257472,1.0
gamma,eig@logskewnormal-quad,7,120.0,240.0,129.40876115497667,0.0029778458701912314,3.3986653879212416,0.0,0.024722137368705543,1.1102230246251565e-16,0.004190406438799643,1.1102230246251565e-16,1.5210952800299598,0.14336315554215912,1.0
gamma,eig@logskewnormal-quad,8,15.0,30.0,23.926412920991424,0.00027558500005397946,4.21272372661456,0.0,0.052609581778371495,0.03979093964152902,0.07467008605449921,0.0,6.871478979012081,0.31456826114050507,0.625
gamma,eig@logskewnormal-quad,8,30.0,60.0,35.75348509699688,0.0005489170434884727,4.035742563326762,0.0,0.0,0.0,0.0,0.0,4.40208268902165,0.2601842318997501,0.8333333333333334
gamma,eig@logskewnormal-quad,8,60.0,120.0,55.04510438404395,0.0010343520843889564,3.881224752365089,0.0,0.0,0.0,0.0,0.0,3.439353139512355,0.22297431028234113,1.0
gamma,eig@logskewnormal-quad,8,90.0,180.0,73.65603325104166,0.0015480699366889894,3.54322151070515,0.0,0.0,0.0,0.0,0.0,2.5658325426731188,0.14182444920893303,1.0
gamma,eig@logskewnormal-quad,8,120.0,240.0,90.19649898496573,0.0020854849281022325,3.429189704529755,0.0,0.0,0.0,0.0,0.0,1.765295580241901,0.12049267672676303,1.0
gamma,eig@logskewnormal-quad,9,15.0,30.0,14.410548447995097,0.00022041199554223567,4.009611324950835,0.014757859359060599,0.0,0.0,0.012204171546050135,0.07416855963482205,6.102598853523066,0.2655220814309442,0.625
gamma,eig@logskewnormal-quad,9,30.0,60.0,24.439341122924816,0.00046471794485114515,3.734688105094898,0.014757859359060599,0.0,0.0,0.012204171546050135,-2.220446049250313e-16,3.4707258939755006,0.1709059831829573,0.8541666666666666
gamma,eig@logskewnormal-quad,9,60.0,120.0,42.19773308196454,0.0010297629632987082,3.590317902918585,0.014757859359060599,0.0,0.0,0.012204171546050135,-2.220446049250313e-16,3.063549378590692,0.14131136331225158,1.0
gamma,eig@logskewnormal-quad,9,90.0,180.0,58.40886976099864,0.0015836698876228184,3.5362381434213277,0.014757859359060599,0.0,0.0,0.012204171546050135,-2.220446049250313e-16,2.7765631164267894,0.13143350283346295,1.0
gamma,eig@logskewnormal-quad,9,120.0,240.0,74.90208636097668,0.002161959942895919,3.523604304950618,0.014757859359060599,0.0,0.0,0.012204171546050135,-2.220446049250313e-16,2.8834365514885807,0.1263634475687567,1.0
gamma,eig@logskewnormal-quad,10,15.0,30.0,27.20172595202166,0.00027864401636179537,4.232329858180298,0.0,0.026567540234695097,0.0,0.013782119639858648,0.03171011796213985,6.703104734705747,0.3164686319198075,0.625
gamma,eig@logskewnormal-quad,10,30.0,60.0,48.812710900005186,0.0006493660184787586,4.057613291257732,0.0,0.0,0.04626830347055122,0.0,0.011470549888380366,4.838904038534692,0.254851577422713,0.875
gamma,eig@logskewnormal-quad,10,60.0,120.0,86.27672176694614,0.0013907999964430928,3.8113610808429654,0.0,0.026567540234695097,0.0,0.0,0.0,3.2544501625245332,0.208951627059124,1.0
gamma,eig@logskewnormal-quad,10,90.0,180.0,121.78412889387982,0.0021587979572359473,3.5842889367112445,0.0,0.026567540234695097,0.0,0.0,0.0,2.7006668049226397,0.15584440742891975,1.0
gamma,eig@logskewnormal-quad,10,120.0,240.0,153.00759857188677,0.00295476293831598,3.508659357200026,0.0,0.026567540234695097,0.0,0.0,0.0,2.6482330682464883,0.14227031670248674,1.0
gamma,eig@logskewnormal-quad,11,15.0,30.0,14.480218482029159,0.00022330797219183296,4.320595477789841,0.0,0.0,0.0,0.01255707017399954,-2.220446049250313e-16,8.096438531288229,0.3197894887683152,0.625
gamma,eig@logskewnormal-quad,11,30.0,60.0,26.12608987907879,0.0004943539825035259,4.002141963780563,0.0,0.027257968828325874,2.220446049250313e-16,0.012557070173999874,1.1102230246251565e-16,4.004161002997886,0.23331584459207233,0.8333333333333334
gamma,eig@logskewnormal-quad,11,60.0,120.0,47.78688400796091,0.001015989895677194,3.738678404927042,0.0,0.027257968828325874,2.220446049250313e-16,0.012557070173999874,1.1102230246251565e-16,2.949256567750543,0.16189605480593564,1.0
gamma,eig@logskewnormal-quad,11,90.0,180.0,67.45598347495252,0.0015893308591330424,3.5983207649348046,0.0,0.0,0.0,0.01255707017399954,-2.220446049250313e-16,2.5181816911326376,0.13760799733258114,1.0
gamma,eig@logskewnormal-quad,11,120.0,240.0,84.19301168694801,0.002169185841921717,3.5257701257177056,0.0,0.027257968828325874,2.220446049250313e-16,1.1102230246251565e-16,0.0,2.681810734024125,0.1082687977257045,1.0
gamma,eig@logskewnormal-quad,12,15.0,30.0,28.50248069803638,0.0003308480081614107,4.226824978485882,0.0,0.12616253667061994,0.014973777011987544,0.0,0.008729902321329086,7.314433879798773,0.35132499177229537,0.625
gamma,eig@logskewnormal-quad,12,30.0,60.0,50.16948468005285,0.0007460039923898876,3.974523687172796,0.0,0.0,0.014973777011987544,0.0,0.0,5.5275499189474875,0.2744174546828951,0.8125
gamma,eig@logskewnormal-quad,12,60.0,120.0,87.90458402101649,0.0017351259593851864,3.688561619995388,0.0,0.0,0.0,0.0,0.0,3.2448614708480177,0.16708005245446383,1.0
gamma,eig@logskewnormal-quad,12,90.0,180.0,127.54641056501714,0.002525981908547692,3.5595593068841644,0.0,0.0,0.0,0.0,0.0,2.5534872248445493,0.1403118815230942,1.0
gamma,eig@logskewnormal-quad,12,120.0,240.0,158.84779849699407,0.003303645848063752,3.5348874911876202,0.0,0.0,0.0,0.0,0.0,2.5750052749168386,0.136263828640646,1.0
gamma,eig@logskewnormal-quad,13,15.0,30.0,16.23635239902069,0.00025409998488612473,4.172144399772196,0.0,0.03511199799371867,-2.220446049250313e-16,-2.220446049250313e-16,0.006262076644404702,10.852978754221226,0.2972798629419966,0.625
gamma,eig@logskewnormal-quad,13,30.0,60.0,27.75575776603364,0.0005094269872643054,3.8297703343446634,0.0,0.03511199799371867,-2.220446049250313e-16,-2.220446049250313e-16,-2.220446049250313e-16,5.148001059399963,0.18341144841071974,0.8541666666666666
gamma,eig@logskewnormal-quad,13,60.0,120.0,56.00217735605838,0.00112476697540842,3.705926829115487,0.0,0.0,0.029832824821793724,0.0,0.0,3.9389220836864345,0.16504803893513909,1.0
gamma,eig@logskewnormal-quad,13,90.0,180.0,93.38937212411838,0.0019198739464627579,3.573594500355719,0.0,0.0,0.0,0.0,0.0,3.0416999376376874,0.1479147396086552,1.0
gamma,eig@logskewnormal-quad,13,120.0,240.0,126.10848131624516,0.002673176015377976,3.4822855822986605,0.0,0.0,0.0,0.0,0.0,2.0602035643520207,0.13176889966372157,1.0
gamma,eig@logskewnormal-quad,14,15.0,30.0,27.060482872009743,0.00033680498017929494,3.9185351492446867,0.0,0.0,0.01125860097624376,0.043679532382277064,0.040678593122724815,4.536704599543692,0.23688424268391925,0.625
gamma,eig@logskewnormal-quad,14,30.0,60.0,49.325137271982385,0.0006905959744472057,3.723089319432411,0.0,0.0,0.01125860097624376,0.02910497589256822,0.0443944590848262,3.5884521716918956,0.19634959637743302,0.8333333333333334
gamma,eig@logskewnormal-quad,14,60.0,120.0,84.13498382495891,0.001447902963263914,3.6032941026190257,0.0,0.0,0.01125860097624376,-2.220446049250313e-16,0.0010164281832172328,3.4418011712093324,0.15583273554701627,1.0
gamma,eig@logskewnormal-quad,14,90.0,180.0,116.16359916195506,0.002114982984494418,3.5020361085417235,0.0,0.0,0.01125860097624376,-2.220446049250313e-16,0.0010164281832172328,3.0850969079708337,0.1354297216010664,1.0
gamma,eig@logskewnormal-quad,14,120.0,240.0,145.8700627079379,0.002811657977872528,3.4202320437554197,0.0,0.0,0.0,0.0,0.0,3.420576808426431,0.11400566268322344,1.0
gamma,eig@logskewnormal-quad,15,15.0,30.0,15.066186749041663,0.00025261202245019376,4.376195902758227,0.0,0.0,0.038779133279635336,0.013037193985234063,0.06268193542259604,11.197111686715505,0.30812497684937706,0.625
gamma,eig@logskewnormal-quad,15,30.0,60.0,26.11934935802128,0.0005212180403759703,4.048231794030201,0.0,0.0,0.023535385828497235,0.033165800257869416,0.0,5.400447804492777,0.24000769417440632,0.8541666666666666
gamma,eig@logskewnormal-quad,15,60.0,120.0,43.7148853270628,0.0010252100037178025,3.8207288718454238,0.0,0.0,0.023535385828497235,0.033165800257869416,0.0,4.639134989578684,0.17217277751566032,1.0
gamma,eig@logskewnormal-quad,15,90.0,180.0,62.643126683091396,0.001581239077495411,3.6372926098058933,0.0,0.0,0.023535385828497235,0.033165800257869416,0.0,3.6946780790762874,0.13703076699964872,1.0
gamma,eig@logskewnormal-quad,15,120.0,240.0,79.88377320408472,0.0021597741142613813,3.610476693572027,0.0,0.0,0.0,0.013037193985234063,0.0,3.5470570947783697,0.12709847409686673,1.0
gamma,eig@logskewnormal-quad,16,15.0,30.0,25.430131413042545,0.00028903104248456657,4.126288421471624,0.0,0.055897752304028714,0.0,0.02337819973826083,0.020320533921395767,7.450019091607916,0.33297533073405283,0.625
gamma,eig@logskewnormal-quad,16,30.0,60.0,46.81449684801919,0.0006568990793311968,3.829469791198044,0.0,0.0,0.018036712403124877,0.0,0.0,4.203813511158119,0.23507855165618582,0.8541666666666666
gamma,eig@logskewnormal-quad,16,60.0,120.0,82.23324360205152,0.0013559771323343739,3.6416900994825503,0.0,0.0,0.018036712403124877,0.0,0.0,3.311776406736958,0.19510868300667725,1.0
gamma,eig@logskewnormal-quad,16,90.0,180.0,99.69715679303044,0.0019469091203063726,3.5817669912150762,0.0,0.0,0.0,0.0,0.0,2.894152277137083,0.18168313011171222,1.0
gamma,eig@logskewnormal-quad,16,120.0,240.0,113.7692444989807,0.0024463730806019157,3.5128929390352837,0.0,0.0,0.0,0.0,0.0,2.7213473633737637,0.1617627671436337,1.0
gamma,eig@logskewnormal-quad,17,15.0,30.0,13.028067816994735,0.0002275559672852978,3.990565427447367,0.0,0.0,0.0062857454968486826,0.08448608385142298,0.00969555545380918,6.415284120297585,0.3064235824043925,0.625
gamma,eig@logskewnormal-quad,17,30.0,60.0,21.85940734196629,0.0004924449749523774,3.748859594537579,0.0,0.0,0.0062857454968486826,0.08448608385142298,0.00969555545380918,3.4413517688536994,0.1834679502166731,0.8958333333333334
gamma,eig@logskewnormal-quad,17,60.0,120.0,48.20154705092136,0.0011338459589751437,3.5572688831408925,0.0,0.0,0.0062857454968486826,0.0,0.00969555545380918,2.380119519205779,0.14335993683762224,1.0
gamma,eig@logskewnormal-quad,17,90.0,180.0,64.45882415895176,0.0017011660384014249,3.4912831672011992,0.0,0.0,0.0062857454968486826,0.0,0.00969555545380918,2.1309476798870657,0.1328093278803694,1.0
gamma,eig@logskewnormal-quad,17,120.0,240.0,87.4277523058845,0.002384013030678034,3.4250503631649476,0.0,0.0,0.0062857454968486826,0.0,0.00969555545380918,1.855171169139743,0.1130456954064175,1.0
gamma,eig@logskewnormal-quad,18,15.0,30.0,25.860355636992608,0.00030837296799290925,3.7956114015087175,0.0,0.0,0.0,0.0,0.0,5.6591358728098005,0.3469993224925833,0.625
gamma,eig@logskewnormal-quad,18,30.0,60.0,42.49555285702809,0.0006505939818453044,3.5980271979435456,0.0,0.01679767068316418,0.0,0.018585216664570803,0.0,3.4849316976153695,0.21612583023384943,0.8958333333333334
gamma,eig@logskewnormal-quad,18,60.0,120.0,66.32884104899131,0.0012319609231781214,3.395458169602156,0.0,0.01679767068316418,0.0,0.0,0.0,2.552013915357432,0.16589015678574978,1.0
gamma,eig@logskewnormal-quad,18,90.0,180.0,82.01834385099937,0.001762534913723357,3.4166764109118155,0.0,0.01679767068316418,0.0,0.0,0.0,2.8389160305408243,0.16092036935042786,1.0
gamma,eig@logskewnormal-quad,18,120.0,240.0,96.64514076586056,0.0022834498377051204,3.347647848320738,0.0,0.01679767068316418,0.0,0.0,0.0,2.5315628884540518,0.13716890397481138,1.0
gamma,eig@logskewnormal-quad,19,15.0,30.0,14.851454630013905,0.0002400759985903278,3.922056498511994,0.0,0.0,0.0,0.016084865508673496,0.036477247504348886,5.250471571211337,0.21549272529907912,0.625
gamma,eig@logskewnormal-quad,19,30.0,60.0,26.575790912960656,0.0005372309824451804,3.723101570304337,0.0,0.0,0.0,0.042223028474287494,0.036477247504348886,3.9522590862073392,0.15232295207406896,0.8125
gamma,eig@logskewnormal-quad,19,60.0,120.0,47.398318451902014,0.001055616929079406,3.639824373752951,0.0,0.0,0.0,0.016657815222896333,0.014390991615803594,3.1624321065643772,0.1223536649671585,1.0
gamma,eig@logskewnormal-quad,19,90.0,180.0,64.74658051291772,0.0015710169827798381,3.554804670949487,0.0,0.0,0.0,0.016657815222896333,0.014390991615803594,3.156564164266195,0.11432878549213837,1.0
gamma,eig@logskewnormal-quad,19,120.0,240.0,80.59641652087157,0.0020775839511770755,3.5329255728379807,0.0,0.0,0.0,0.016657815222896333,0.0004949817502073461,2.740649475149044,0.11211753529882251,1.0
gamma,eig@logskewnormal-quad,20,15.0,30.0,30.28965161497763,0.000302153974189423,4.449948045679537,0.0,0.0,0.05817404232711476,0.05210036753396052,0.043963292374913254,8.219938108660546,0.3641636666453196,0.625
gamma,eig@logskewnormal-quad,20,30.0,60.0,51.07748492999235,0.0006591759738512337,4.074923362736141,0.0,0.0,0.0,0.0,0.0,4.797621174583825,0.24317963823889535,0.8125
gamma,eig@logskewnormal-quad,20,60.0,120.0,93.46507817595557,0.001428744988515973,3.851820683365647,0.0,0.0,0.0,0.0,0.01719066485050813,3.544984003065987,0.19134209283139061,1.0
gamma,eig@logskewnormal-quad,20,90.0,180.0,130.0160459329636,0.0022057579772081226,3.7399940223804102,0.0,0.0,0.0,0.0,0.0,3.259180285701892,0.1611030298078674,1.0
gamma,eig@logskewnormal-quad,20,120.0,240.0,165.6222902169393,0.0029804180085193366,3.696097395057661,0.0,0.0,0.0,0.0,0.01719066485050813,3.17656488550465,0.14549940037593997,1.0
gamma,eig@logskewnormal-quad,21,15.0,30.0,24.601498212956358,0.0003048399812541902,3.9766970674199915,0.0,0.0,0.0,0.0,0.0,4.506777565608368,0.3068624089627089,0.625
gamma,eig@logskewnormal-quad,21,30.0,60.0,45.23651729495032,0.0007274399686139077,3.8287569489892292,0.0,0.0,0.0,0.0,0.0,3.427828874849131,0.23898299888062718,0.8125
gamma,eig@logskewnormal-quad,21,60.0,120.0,77.53587308898568,0.001450576921342872,3.5653627454374184,0.0,0.0,0.0,0.0,0.0,2.332431270593506,0.17482476739423275,1.0
gamma,eig@logskewnormal-quad,21,90.0,180.0,110.72811327403178,0.0022918079048395157,3.4259574778411395,0.0,0.0,0.0,0.0,0.002018100541879342,1.9084296285563291,0.14180372909411865,1.0
gamma,eig@logskewnormal-quad,21,120.0,240.0,140.74184083806176,0.0030226529779611155,3.384920545828139,0.0,0.0,0.0,0.0,0.002018100541879342,1.680100333969043,0.13141463866334316,1.0
gamma,eig@logskewnormal-quad,22,15.0,30.0,30.3839495080465,0.0003323800046928227,4.40165260323212,0.0,0.0,0.0,0.0,0.0,8.275587102532535,0.34970944100730195,0.625
gamma,eig@logskewnormal-quad,22,30.0,60.0,52.00737234609551,0.0007067429687594995,4.129522391514573,0.0,0.0,0.0,0.0,0.0,7.100987790503438,0.2668384186193142,0.8541666666666666
gamma,eig@logskewnormal-quad,22,60.0,120.0,91.03127797611523,0.001414146929164417,3.681147058812018,0.0,0.0,0.0,0.0,0.0,2.7902490734845173,0.1455961927653887,1.0
gamma,eig@logskewnormal-quad,22,90.0,180.0,130.01860958116595,0.0020777979807462543,3.550826236846317,0.0,0.0,0.0,0.0,0.0,2.200969124080229,0.11290792612173606,1.0
gamma,eig@logskewnormal-quad,22,120.0,240.0,165.13895738222345,0.0028601049998542294,3.530619944817347,0.0,0.0,0.0,0.0,0.0,2.4311292846694696,0.11786496464101716,1.0
gamma,eig@logskewnormal-quad,23,15.0,30.0,24.165357485966524,0.0002824630355462432,4.173059875297636,0.0,0.0,0.02207975213938429,0.1277636176262047,0.1722479979084296,7.810711918649268,0.35025769556494124,0.625
gamma,eig@logskewnormal-quad,23,30.0,60.0,41.38643375397078,0.000627361994702369,3.917759786895337,0.0,0.0,0.02207975213938429,0.03455322909701464,0.059806543707672244,6.704123481669237,0.26185683376711266,0.9166666666666666
gamma,eig@logskewnormal-quad,23,60.0,120.0,78.04756437096512,0.0013519579806597903,3.481896190748311,0.0,0.0,0.0,0.0,0.0,2.4318958129038326,0.1460826550893011,1.0
gamma,eig@logskewnormal-quad,23,90.0,180.0,108.59681890896172,0.002043817934463732,3.4617368425660815,0.0,0.0,0.0,0.0,0.0,2.511278340190219,0.13832148422747967,1.0
gamma,eig@logskewnormal-quad,23,120.0,240.0,135.87002984592982,0.0027793789631687105,3.4485651638961214,0.0,0.0,0.0,0.0,0.0,2.5020431346642913,0.13250724430692198,1.0
gamma,eig@logskewnormal-quad,24,15.0,30.0,14.938102101004915,0.00022971599537413567,4.154729033015563,0.0,0.0,0.0,0.0,0.0,8.893763343947995,0.32075078348611286,0.625
gamma,eig@logskewnormal-quad,24,30.0,60.0,26.660206406973884,0.00045607001811731607,3.9320958392739187,0.0,0.0,0.0,0.0,0.0,5.378819895414386,0.22248072186797022,0.8541666666666666
gamma,eig@logskewnormal-quad,24,60.0,120.0,46.560234997887164,0.0008899179811123759,3.678157486899984,0.0,0.0,0.0,0.0,0.0,3.2194856709653603,0.16755847464899054,1.0
gamma,eig@logskewnormal-quad,24,90.0,180.0,64.94748450985935,0.0013427109515760094,3.5104553053835876,0.0,0.0,0.0,0.0,0.0,3.154798189902601,0.13555854003188966,1.0
gamma,eig@logskewnormal-quad,24,120.0,240.0,80.95028191689926,0.0017994979571085423,3.470577030239612,0.0,0.0,0.0,0.0,0.0,2.438133131404521,0.13493614408152416,1.0
gamma,eig@logskewnormal-quad,25,15.0,30.0,12.708247781964019,0.00020348002726677805,3.906826185063579,0.0,0.0,0.05914961334758928,0.036350178783752685,0.08338579415543534,4.715121496260527,0.33779461142953293,0.625
gamma,eig@logskewnormal-quad,25,30.0,60.0,21.79163947298366,0.0004288950585760176,3.81878759528265,0.0,0.0,0.0,0.036350178783752685,0.009674243647559977,3.7006150585584288,0.23841998246493515,0.875
gamma,eig@logskewnormal-quad,25,60.0,120.0,36.324708429019665,0.0008505701262038201,3.5931866273979503,0.0,0.0,0.0,0.0,0.009674243647559977,2.4266679089486782,0.1808532461313979,1.0
gamma,eig@logskewnormal-quad,25,90.0,180.0,50.87267302699911,0.0013190511526772752,3.481024629926748,0.0,0.0,0.0,0.0,0.0,2.0858487767689105,0.16214656244226644,1.0
gamma,eig@logskewnormal-quad,25,120.0,240.0,63.97376904403791,0.0017732811975292861,3.335945820835613,0.0,0.0,0.0,0.0,0.0,1.6624285395611273,0.1334794568354894,1.0
gamma,eig@logskewnormal-quad,26,15.0,30.0,12.728651346988045,0.00020022895478177816,3.6562488245982663,0.0,0.0,0.0,0.002351964480984292,0.0,5.23507056001164,0.29390335792112293,0.625
gamma,eig@logskewnormal-quad,26,30.0,60.0,20.305543423979543,0.00040088592504616827,3.489856736597589,0.0,0.0,0.0,0.002351964480984292,0.0,2.5165211542361168,0.21296232081121746,0.9791666666666666
gamma,eig@logskewnormal-quad,26,60.0,120.0,36.092041014970164,0.0008482609555358067,3.3867291646164905,0.0,0.0,0.0,0.002351964480984292,0.0,2.206738395806248,0.17489836789138175,1.0
gamma,eig@logskewnormal-quad,26,90.0,180.0,48.99375404404418,0.0013071630091872066,3.2699558744882267,0.0,0.0,0.0,0.0,0.0,2.2896170720513744,0.13424724402869287,1.0
gamma,eig@logskewnormal-quad,26,120.0,240.0,61.75706613405782,0.0017395220493199304,3.281017422393251,0.0,0.0,0.0,0.002351964480984292,0.04338686315468121,2.0522825763826944,0.12991487114234132,1.0
gamma,eig@logskewnormal-quad,27,15.0,30.0,11.320650978057529,0.0001698480045888573,3.995011655590197,0.0,0.0,0.0,0.04749291660462107,0.04369470570585854,7.504538271193655,0.3165589830773957,0.625
gamma,eig@logskewnormal-quad,27,30.0,60.0,21.893457427067915,0.0004161469987593591,3.6615580483810533,0.0,0.0,0.0,0.0,0.00712871640174817,3.3615000422442374,0.20588767847292588,0.8333333333333334
gamma,eig@logskewnormal-quad,27,60.0,120.0,38.29778189197532,0.0008807269914541394,3.5699387000664733,0.0,0.0,0.0,0.0,0.00712871640174817,3.6955892607610106,0.17748786216015128,1.0
gamma,eig@logskewnormal-quad,27,90.0,180.0,53.47897876694333,0.0013707379694096744,3.470506790225143,0.0,0.0,0.0,0.0221561365968288,0.0,3.7998465262130625,0.14841068122877757,1.0
gamma,eig@logskewnormal-quad,27,120.0,240.0,68.17003243889485,0.0018833669746527448,3.4396457372649736,0.0,0.0,0.0,0.0,0.0,3.1160201220734076,0.13946561289637363,1.0
gamma,eig@logskewnormal-quad,28,15.0,30.0,26.580534148044535,0.00037378699926193804,4.204170990952182,0.0,0.0,0.0,0.019436058399549427,0.0990645457695658,9.153336001688489,0.2861807467132415,0.625
gamma,eig@logskewnormal-quad,28,30.0,60.0,49.95425476699893,0.0007995539926923811,3.865213394077139,0.0,0.0,0.0,0.0,0.0,3.8881393073753863,0.21873529397195046,0.8541666666666666
gamma,eig@logskewnormal-quad,28,60.0,120.0,81.70740770106204,0.001515529933385551,3.6197452312670695,0.0,0.0,0.0,0.0,0.0,2.7454993505162606,0.14565227597876274,1.0
gamma,eig@logskewnormal-quad,28,90.0,180.0,120.17498613803764,0.002221168964751996,3.4991449091888853,0.0,0.0,0.029445878339418807,0.0,0.0,2.1200003179821594,0.12755738526129104,1.0
gamma,eig@logskewnormal-quad,28,120.0,240.0,151.35477577899292,0.003036943991901353,3.4258925613922346,0.0,0.0,0.0,0.0,0.0,2.0180242067336396,0.10475141277551074,1.0
gamma,eig@logskewnormal-quad,29,15.0,30.0,11.545925005018944,0.00016253501235041767,3.924922337749168,0.0,0.0,0.002130258798470952,0.04824114884450659,0.06999565841915112,8.325421471028768,0.29976850894590396,0.625
gamma,eig@logskewnormal-quad,29,30.0,60.0,21.468434718059143,0.00038000506174284965,3.693702156325685,0.0,0.0,0.002130258798470952,0.0,0.0,3.6838861002479573,0.22191248021517,0.875
gamma,eig@logskewnormal-quad,29,60.0,120.0,38.26877427606087,0.0007898880867287517,3.550314728561387,0.0,0.0,0.0,0.0,0.0,2.326814791015172,0.17124632208134366,1.0
gamma,eig@logskewnormal-quad,29,90.0,180.0,52.962735783992684,0.0012840171402785927,3.509802593153669,0.0,0.0,0.0,0.0,0.0,2.570141335436497,0.15991456666131654,1.0
gamma,eig@logskewnormal-quad,29,120.0,240.0,66.28573907697864,0.0017327610839856789,3.460513497071361,0.0,0.0,0.002130258798470952,0.0,0.0,2.6709704446173106,0.1427155810050781,1.0
gamma,eig@logskewnormal-quad,30,15.0,30.0,12.378818537952611,0.00020816597680095583,3.9549900590119713,0.0,0.023943279191712574,0.12379297588074412,0.17469530475580985,0.19579330770993675,6.2827925662073785,0.2664410130309049,0.625
gamma,eig@logskewnormal-quad,30,30.0,60.0,22.519446164922556,0.0004457960312720388,3.732651558988454,0.0,0.023943279191712574,0.0,0.01378169345346858,0.04756321147349696,3.504417849341813,0.20493227687702223,0.8541666666666666
gamma,eig@logskewnormal-quad,30,60.0,120.0,35.20637605697266,0.0008468010200886056,3.6408470971418736,0.0,0.023943279191712574,0.0,0.01378169345346858,0.04756321147349696,3.0028094839020314,0.16179937324355623,1.0
gamma,eig@logskewnormal-quad,30,90.0,180.0,50.728828216088004,0.0013397050061030313,3.517839482659151,0.0,0.023943279191712574,0.0,0.01378169345346858,0.04756321147349696,2.6756046722325464,0.1281626211020961,1.0
gamma,eig@logskewnormal-quad,30,120.0,240.0,64.03238776103535,0.0018133330013370141,3.490843975273142,0.0,0.023943279191712574,0.0,0.01378169345346858,0.0,2.5213875005616706,0.12264831371835076,1.0
gamma,eig@logskewnormal-quad,31,15.0,30.0,12.813142097991658,0.00017997398390434682,4.201358877123865,0.0,0.1585859675411565,0.2102834094802969,0.19688581395720106,0.23695460558777093,22.707658657305018,0.2948106801018871,0.625
gamma,eig@logskewnormal-quad,31,30.0,60.0,23.6011204830138,0.000420839962316677,3.8128630664744563,0.0,0.0,0.0,0.0,0.0,5.77986632988775,0.19649610992725552,0.9166666666666666
gamma,eig@logskewnormal-quad,31,60.0,120.0,39.770276456998545,0.000870390038471669,3.580553540434458,0.0,0.0,0.0,0.0,0.0,4.4089644318002685,0.14569215158431964,1.0
gamma,eig@logskewnormal-quad,31,90.0,180.0,56.46553954090632,0.001368461991660297,3.5107335835612816,0.0,0.0,0.0,0.0,0.0,2.7352135656049628,0.14139288082396337,1.0
gamma,eig@logskewnormal-quad,31,120.0,240.0,70.88408182181593,0.0018835979863069952,3.4478208836470237,0.0,0.0,0.0,0.0,0.0,2.3694788647333116,0.1299018204416453,1.0
gamma,eig@logskewnormal-quad,32,15.0,30.0,28.122429675000603,0.00032711804669816047,4.134252215190546,0.0,0.03239449412261075,1.1102230246251565e-16,1.1102230246251565e-16,2.220446049250313e-16,6.9667506109295125,0.36403544067746324,0.625
gamma,eig@logskewnormal-quad,32,30.0,60.0,48.73627960500016,0.0006370180344674736,3.7735529981920983,0.0,0.03239449412261075,1.1102230246251565e-16,0.0068333813239891406,2.220446049250313e-16,3.403715456137443,0.21923958213362527,0.8333333333333334
gamma,eig@logskewnormal-quad,32,60.0,120.0,84.85565893302555,0.0012677460326813161,3.627657281400655,0.06478898824522139,0.03239449412261075,1.1102230246251565e-16,1.1102230246251565e-16,2.220446049250313e-16,2.569722972371366,0.18797094441122114,1.0
gamma,eig@logskewnormal-quad,32,90.0,180.0,116.63385376303631,0.002066390006802976,3.4516415879031523,0.06478898824522139,0.03239449412261075,1.1102230246251565e-16,0.0068333813239891406,2.220446049250313e-16,1.9562852547589904,0.14785266509822648,1.0
gamma,eig@logskewnormal-quad,32,120.0,240.0,149.16659842903027,0.0028401609597494826,3.4173232052844758,0.06478898824522139,0.03239449412261075,1.1102230246251565e-16,0.0068333813239891406,2.220446049250313e-16,2.0763555938163507,0.1332204228259774,1.0
gamma,eig@logskewnormal-quad,33,15.0,30.0,23.325213848991552,0.0002705690130824223,3.848945335875223,0.0,0.0,0.013839177814250925,0.040363904543309514,0.07171622940586386,5.675377208450981,0.3194644965770222,0.625
gamma,eig@logskewnormal-quad,33,30.0,60.0,42.64625135791721,0.0006053660472389311,3.567106633341389,0.0,0.0,0.013839177814250925,0.0,0.0,2.457253063622243,0.1859800645109077,0.9375
gamma,eig@logskewnormal-quad,33,60.0,120.0,78.50548733590404,0.0013447090750560164,3.3714356491719624,0.0,0.0,0.0,0.0,0.0,2.3874281704955624,0.12322398577388045,1.0
gamma,eig@logskewnormal-quad,33,90.0,180.0,104.07213513385796,0.0020515681244432926,3.322645948951735,0.0,0.0,0.013839177814250925,0.0,0.0,2.4272407682082298,0.11295142853596728,1.0
gamma,eig@logskewnormal-quad,33,120.0,240.0,138.6674542908586,0.002846858129487373,3.2846049187084705,0.0,0.0,0.013839177814250925,0.0,0.0,1.7623232070253827,0.10789293352505493,1.0
gamma,eig@logskewnormal-quad,34,15.0,30.0,13.599919185988256,0.0001924850366776809,4.408514716677857,0.0,0.022805394304444726,0.04804985452700994,-2.220446049250313e-16,0.049998407324364,9.876892066196177,0.2838002233638861,0.625
gamma,eig@logskewnormal-quad,34,30.0,60.0,24.272938109948882,0.0004169220046605915,4.138806127644787,0.0,0.0,0.0,0.02199634950537932,0.0,4.679745713522377,0.20563552988703637,0.8333333333333334
gamma,eig@logskewnormal-quad,34,60.0,120.0,43.094885770988185,0.0008602770103607327,3.9127592430698503,0.0,0.0,0.059351141300459376,0.02199634950537932,0.0,3.499796802041451,0.16203666321440768,1.0
gamma,eig@logskewnormal-quad,34,90.0,180.0,59.57656797996606,0.0013318280689418316,3.880974482592894,0.0,0.0,0.059351141300459376,0.02199634950537932,0.0,3.2940802575025576,0.16267246850005146,1.0
gamma,eig@logskewnormal-quad,34,120.0,240.0,74.40423107300012,0.0017652210663072765,3.6974735393327656,0.0,0.0,0.0,0.02199634950537932,0.0,2.8374819568789857,0.11817487884024967,1.0
gamma,eig@logskewnormal-quad,35,15.0,30.0,29.80174510703364,0.00033678000909276307,4.160835436276765,0.0,0.08697514857287958,0.06157468593703308,0.05035990715234262,0.08419814097981027,6.994552304149369,0.30829033816275286,0.625
gamma,eig@logskewnormal-quad,35,30.0,60.0,49.20357673805847,0.000654927032883279,3.9734950516239693,0.0,0.0029517491116642924,0.06207149578649429,0.05035990715234251,-2.220446049250313e-16,5.255045576629693,0.22414937125888193,0.8125
gamma,eig@logskewnormal-quad,35,60.0,120.0,79.24983500805683,0.00130232005903963,3.8167807566835705,0.0,0.0029517491116642924,0.0,0.0,0.0,3.057073499444458,0.18823594170525956,1.0
gamma,eig@logskewnormal-quad,35,90.0,180.0,113.69234761310508,0.001990476972423494,3.576375758438015,0.0,0.0029517491116642924,0.0,0.0,0.0,2.0441844801977602,0.1506554471595515,1.0
gamma,eig@logskewnormal-quad,35,120.0,240.0,142.6707761460857,0.002763637065072544,3.5076379505291393,0.0,0.0029517491116642924,0.0,0.0,0.0,1.858001898499483,0.13351447864911878,1.0
gamma,eig@logskewnormal-quad,36,15.0,30.0,11.78198581993638,0.00016664000577293336,4.039684564825527,0.0,0.0,0.0,0.0,0.0,6.095441947387984,0.3505553652780484,0.625
gamma,eig@logskewnormal-quad,36,30.0,60.0,21.008528579914127,0.00037931303086224943,3.882341587123797,0.0,0.0,0.0024422054141025606,0.0,0.0,5.016418657904785,0.24066131632268428,0.9166666666666666
gamma,eig@logskewnormal-quad,36,60.0,120.0,36.17175630401471,0.0007961659284774214,3.7034423403867507,0.0,0.0,0.0024422054141025606,0.0,0.0,3.830105342305302,0.209543152824593,1.0
gamma,eig@logskewnormal-quad,36,90.0,180.0,50.910406593073276,0.001252366928383708,3.557941432136244,0.0,0.0,0.0024422054141025606,0.0,0.0,2.498482341468834,0.18877636455973165,1.0
gamma,eig@logskewnormal-quad,36,120.0,240.0,64.83727295303834,0.0016966039256658405,3.446642151095286,0.0,0.0,0.0024422054141025606,0.0,0.0,2.717979306650199,0.15896373222615187,1.0
gamma,eig@logskewnormal-quad,37,15.0,30.0,12.137373457997455,0.00017995508096646518,4.00896793857574,0.0,0.13707754433344643,0.018495426729791875,0.0,0.05905965433934213,6.667821691879412,0.2984640557636136,0.625
gamma,eig@logskewnormal-quad,37,30.0,60.0,20.565480739998748,0.00038138202216941863,3.807486575527664,0.0,0.0,0.018495426729791875,0.0,0.0,5.048848502274073,0.2106189251175737,0.9166666666666666
gamma,eig@logskewnormal-quad,37,60.0,120.0,37.79102869400231,0.0008547180332243443,3.5852617327664227,0.0,0.0,0.0,0.0,0.0,2.155018726505232,0.16546501796002827,1.0
gamma,eig@logskewnormal-quad,37,90.0,180.0,50.67691792007827,0.0013010200491407886,3.461784511038006,0.0,0.0,0.0,0.0,0.0,1.8147584321098553,0.14962870980595636,1.0
gamma,eig@logskewnormal-quad,37,120.0,240.0,63.01320232311264,0.001759141028742306,3.4396272240525185,0.0,0.0,0.0,0.0,0.0,1.5786459017117462,0.1428369896736239,1.0
gamma,eig@logskewnormal-quad,38,15.0,30.0,28.90503322702716,0.0002810679579852149,4.322927093418996,0.0,0.03706275881685839,0.13149704013898944,0.11400492532812412,0.10547560892347985,17.070548184332814,0.3581688162608655,0.625
gamma,eig@logskewnormal-quad,38,30.0,60.0,52.49326231102168,0.0006263668910833076,4.039727529452284,0.0,0.0,0.0,0.0,0.0,6.81467800521201,0.2432088948376937,0.8125
gamma,eig@logskewnormal-quad,38,60.0,120.0,91.56967828703637,0.0013879969192203134,3.9396054925109154,0.0,0.0,0.0,0.0,0.0,5.127135258154122,0.18583206973675462,1.0
gamma,eig@logskewnormal-quad,38,90.0,180.0,128.2496477550303,0.0020932738843839616,3.8635570967991697,0.0,0.0,0.0,0.0,0.0,4.440502907323666,0.1605608095688181,1.0
gamma,eig@logskewnormal-quad,38,120.0,240.0,143.9213216900389,0.002571685879956931,3.6448554111182325,0.0,0.0,0.0,0.0,0.0,3.3407693972870747,0.11644333918284674,1.0
gamma,eig@logskewnormal-quad,39,15.0,30.0,29.48491921093955,0.0002972470101667568,4.188755089746625,0.0,0.01100584692120965,0.024908450604145815,0.01955871913158891,0.0,8.305174627379593,0.28765992434848314,0.625
gamma,eig@logskewnormal-quad,39,30.0,60.0,54.58434263095842,0.0006840810383437201,3.9891554037105394,0.0,0.01100584692120965,0.007995510443630893,0.0,0.0,4.566460576387843,0.23116493594825477,0.8125
gamma,eig@logskewnormal-quad,39,60.0,120.0,91.62475691993313,0.0013428550446406007,3.687458050817335,0.0,0.01100584692120965,0.0,0.0,0.0,3.4611169068809735,0.15493682434946907,1.0
gamma,eig@logskewnormal-quad,39,90.0,180.0,130.18824819399742,0.002020135085331276,3.559299394238849,0.0,0.01100584692120965,0.0,0.0,0.0,2.733490298223227,0.13152986149893373,1.0
gamma,eig@logskewnormal-quad,39,120.0,240.0,145.85206372800167,0.0024717751221032813,3.465703310827422,0.0,0.01100584692120965,0.0,0.0,0.0,2.295094441197418,0.10956962131133748,1.0
gamma,eig@logskewnormal-quad,40,15.0,30.0,14.143736721031019,0.00023104996944312006,4.336747920045998,0.0,0.12037213411183356,0.08830428453895323,0.18604998527281735,0.21529535544889833,17.839004456441256,0.3335539721922762,0.625
gamma,eig@logskewnormal-quad,40,30.0,60.0,24.256416008021915,0.0004400399775477126,3.988636918468265,0.0,0.0,0.0,0.0,0.0,5.922665274599773,0.2181808737092266,0.8125
gamma,eig@logskewnormal-quad,40,60.0,120.0,40.028687086029095,0.0008734829752938822,3.8152103518299216,0.0,0.0,0.0,0.0,0.013073493288629834,5.591972327605429,0.15201473152535022,1.0
gamma,eig@logskewnormal-quad,40,90.0,180.0,58.47716822705115,0.001332004030700773,3.7286391299511235,0.0,0.0,0.0,0.0,0.013073493288629834,4.8073712444471655,0.13785080091836252,1.0
gamma,eig@logskewnormal-quad,40,120.0,240.0,75.19836650509387,0.0018407799943815917,3.6184592938710076,0.0,0.0,0.0,0.0,0.0,3.6564507650738944,0.12096813228736589,1.0
gamma,eig@logskewnormal-quad,41,15.0,30.0,11.766234273993177,0.0001724340399960056,4.075244516046061,0.0,0.0,0.0,0.028561824034187056,0.05083448549621283,8.247225225080088,0.29495020102298114,0.625
gamma,eig@logskewnormal-quad,41,30.0,60.0,20.835387836938025,0.00040288607124239206,3.893375785633418,0.0,0.0,0.0017835516751225633,0.03014533255624674,0.05225909203281387,6.174795780717402,0.24704975802605675,0.9375
gamma,eig@logskewnormal-quad,41,60.0,120.0,38.43155801198736,0.000890524112037383,3.532505101170809,0.0,0.0,0.0017835516751225633,0.0015835085220596845,0.0,2.4273031622340686,0.15297461577151192,1.0
gamma,eig@logskewnormal-quad,41,90.0,180.0,52.92719558598765,0.0013480590569088235,3.4433460235787137,0.0,0.0,0.0010863144607266007,0.0015835085220596845,0.0,1.9838105872224805,0.1338065091160487,1.0
gamma,eig@logskewnormal-quad,41,120.0,240.0,65.9100995560002,0.0017950270848814398,3.346873833380764,0.0,0.0,0.0017835516751225633,0.0015835085220596845,0.0,1.6192870710639022,0.11065118595911981,1.0
gamma,eig@logskewnormal-quad,42,15.0,30.0,13.04438824596582,0.0002138889831257984,4.152669010135956,0.0,0.0,0.0,0.030315064866295982,0.0,8.970554888325442,0.27759380255781585,0.625
gamma,eig@logskewnormal-quad,42,30.0,60.0,24.65744655796152,0.00046363897854462266,3.8630533665668536,0.0,0.0,0.0,0.0,0.0,5.272453130866151,0.21249377099412134,0.8541666666666666
gamma,eig@logskewnormal-quad,42,60.0,120.0,43.92369054595474,0.0009194700251100585,3.6624631621629646,0.0,0.0,0.0,0.0,0.0,3.5300261700476083,0.15689203849794567,1.0
gamma,eig@logskewnormal-quad,42,90.0,180.0,59.939787940020324,0.0014340559573611245,3.4753039998181663,0.0,0.0,0.0,0.0,0.0,2.9530951993701477,0.10484526372890272,1.0
gamma,eig@logskewnormal-quad,42,120.0,240.0,76.28362248599296,0.0019352389790583402,3.3811077699171257,0.0,0.0,0.0,0.0,0.0,2.233809909011908,0.08955203760863144,1.0
gamma,eig@logskewnormal-quad,43,15.0,30.0,10.42528741901333,0.00015533098485320807,4.168828478139435,0.0,0.0,0.008781444816091777,0.08182672094347554,0.06693536607992301,8.895215966239057,0.3020439919660346,0.625
gamma,eig@logskewnormal-quad,43,30.0,60.0,20.715521176010952,0.0003846500039799139,3.8908174236383837,0.0,0.0,0.008781444816091777,0.0027292789219099944,1.1102230246251565e-16,4.515922987840656,0.22664650134698947,0.9166666666666666
gamma,eig@logskewnormal-quad,43,60.0,120.0,38.24400491800043,0.0008438840013695881,3.587305062576483,0.0,0.0,0.005434984664951625,0.007161899786049419,1.1102230246251565e-16,2.662412612536403,0.16373429532006306,1.0
gamma,eig@logskewnormal-quad,43,90.0,180.0,52.718103477032855,0.001285550999455154,3.4425912226478057,0.0,0.0,0.008781444816091777,0.007161899786049419,1.1102230246251565e-16,2.342505984742317,0.1344339848236932,1.0
gamma,eig@logskewnormal-quad,43,120.0,240.0,66.18649620602082,0.0017541620036354288,3.44778196273885,0.0,0.0,0.008781444816091777,0.007161899786049419,1.1102230246251565e-16,2.3506892042713337,0.1345931113318616,1.0
gamma,eig@logskewnormal-quad,44,15.0,30.0,27.817636407984537,0.0002958110417239368,4.033997533138742,0.0,0.0,0.0,0.0343445904825862,0.062188700753549986,9.651423403258436,0.33684456527868745,0.625
gamma,eig@logskewnormal-quad,44,30.0,60.0,48.24039496600744,0.00062951298605185,3.8464469804018164,0.0,0.0,0.05725807537300376,1.1102230246251565e-16,0.030783014531283626,5.42408506536037,0.23482419399550564,0.8958333333333334
gamma,eig@logskewnormal-quad,44,60.0,120.0,73.8733965150459,0.0012303730036364868,3.489109034316854,0.0,0.0,0.0,0.0,0.0,2.4498505365417955,0.14938369786115957,1.0
gamma,eig@logskewnormal-quad,44,90.0,180.0,90.90050083304232,0.0018959450389957055,3.3642527132235407,0.0,0.0,0.0,0.0,0.0,2.1950285718981584,0.11877855012210069,1.0
gamma,eig@logskewnormal-quad,44,120.0,240.0,105.21199744996557,0.0024170599645003676,3.281968091462782,0.0,0.0,0.0,0.0,0.0,1.7143376199155969,0.10327963656999672,1.0
gamma,eig@logskewnormal-quad,45,15.0,30.0,12.41067946999101,0.00016299400886055082,3.967732281963759,0.0,0.04916122588640026,0.07770641705469994,0.06835070632269491,0.07615844170590735,9.540074197223088,0.33356000611571235,0.625
gamma,eig@logskewnormal-quad,45,30.0,60.0,22.55711691000033,0.00038181303534656763,3.7593476454748784,0.0,0.04916122588640026,0.0,0.00534470962289213,0.022936467545341954,4.284616880950314,0.2213737783191492,0.8958333333333334
gamma,eig@logskewnormal-quad,45,60.0,120.0,38.812048217019765,0.0008455091010546312,3.5130941081838123,0.0,0.04916122588640026,0.0,0.00534470962289213,0.005282047463974648,2.3846007435212524,0.17017479618681805,1.0
gamma,eig@logskewnormal-quad,45,90.0,180.0,51.45775467799103,0.0013195601204643026,3.404945257994303,0.0,0.04916122588640026,0.0,0.00534470962289213,0.022936467545341954,2.3846139809838545,0.1357525726794137,1.0
gamma,eig@logskewnormal-quad,45,120.0,240.0,62.605951368954265,0.0017562790890224278,3.34071302477304,0.0,0.04916122588640026,0.0,0.00534470962289213,0.005282047463974648,1.9058297503931612,0.12279995853243907,1.0
gamma,eig@logskewnormal-quad,46,15.0,30.0,30.560878369069542,0.0004331480013206601,4.378165819226147,0.0,0.01435492794788118,1.1102230246251565e-16,2.220446049250313e-16,0.007037782279804561,9.05426542837748,0.3033559056755587,0.625
gamma,eig@logskewnormal-quad,46,30.0,60.0,49.39221476315288,0.0007317050331039354,3.996899322711435,0.0,0.0,0.0,0.0,0.00703778227980445,3.9834127273909816,0.19957343302298872,0.8125
gamma,eig@logskewnormal-quad,46,60.0,120.0,68.7340089421632,0.0012548539671115577,3.785183779563411,0.0,0.0,0.0,0.0,0.024135283725561618,3.2722321356121404,0.12962202756321628,1.0
gamma,eig@logskewnormal-quad,46,90.0,180.0,85.73798649823584,0.0017394708847859874,3.701653012531968,0.0,0.0,0.0,0.0,0.0,2.928690436363577,0.11876676360756944,1.0
gamma,eig@logskewnormal-quad,46,120.0,240.0,92.98648811913154,0.0021447459293995053,3.596825536851902,0.0,0.0,0.0,0.0,0.0,2.462681904129679,0.09910212904676398,1.0
gamma,eig@logskewnormal-quad,47,15.0,30.0,28.562918531970354,0.0002890480391215533,3.8561726108957672,0.0,0.027998849679309656,1.1102230246251565e-16,0.010212409139881973,1.1102230246251565e-16,5.905365115434683,0.3342340311266915,0.625
gamma,eig@logskewnormal-quad,47,30.0,60.0,42.11231051298091,0.0005628790095215663,3.642978118283219,0.0,0.027998849679309656,1.1102230246251565e-16,0.010212409139881973,1.1102230246251565e-16,4.275799341422525,0.2097889058432243,0.8958333333333334
gamma,eig@logskewnormal-quad,47,60.0,120.0,60.192269627019414,0.0010947459959425032,3.5850620302076304,0.0,0.0,0.0,0.0,0.0,3.0621896885646884,0.20018142339221795,1.0
gamma,eig@logskewnormal-quad,47,90.0,180.0,74.16384853905765,0.0015964740741765127,3.5272673024997814,0.0,0.0,0.0,0.0,0.0,2.836395946319603,0.17100044155001046,1.0
gamma,eig@logskewnormal-quad,47,120.0,240.0,82.88861971808365,0.0020482780237216502,3.4258588898191626,0.0,0.027998849679309656,1.1102230246251565e-16,1.1102230246251565e-16,1.1102230246251565e-16,2.8903332179201833,0.15194102740013074,1.0
gamma,eig@logskewnormal-quad,48,15.0,30.0,13.346025186008774,0.00022769402130506933,3.9976093454555692,0.04589640525670624,0.11142265273968599,0.0,0.0,0.0,6.289708553389152,0.2959597999431984,0.625
gamma,eig@logskewnormal-quad,48,30.0,60.0,21.35740064001584,0.00041745800990611315,3.827918735771243,0.04589640525670624,0.0,0.0,0.0253042719640737,0.0,4.706367351377032,0.22737859916753028,0.8541666666666666
gamma,eig@logskewnormal-quad,48,60.0,120.0,32.5846339740674,0.00079853500938043,3.616143783248093,0.04589640525670624,0.0,0.0,0.0,0.0,4.2676269206891355,0.16660854376492226,1.0
gamma,eig@logskewnormal-quad,48,90.0,180.0,42.56884142300987,0.0012163029896328226,3.5935817944340855,0.04589640525670624,0.0,0.0,0.0,0.0,4.046977301300389,0.1565113674773261,1.0
gamma,eig@logskewnormal-quad,48,120.0,240.0,50.872655746061355,0.0016231999034062028,3.529735588039524,0.04589640525670624,0.0,0.0,0.0,0.0,3.3529425752188895,0.15025642113553664,1.0
gamma,eig@logskewnormal-quad,49,15.0,30.0,22.30110017202969,0.0002205210184911266,4.082517676312406,0.0,0.0,0.0,0.0,0.032573551076133356,7.767795589150053,0.3342694620660028,0.625
gamma,eig@logskewnormal-quad,49,30.0,60.0,33.275976321994676,0.0004796170105691999,3.731868139290212,0.0,0.0,0.0,0.0,0.0,3.343931165784536,0.2337269039312204,0.8333333333333334
gamma,eig@logskewnormal-quad,49,60.0,120.0,48.73576682800194,0.0009972170082619414,3.5364294539634358,0.0,0.0,0.0,0.0,0.004881392085044012,2.3810423387096122,0.18360440069163048,1.0
gamma,eig@logskewnormal-quad,49,90.0,180.0,55.67406254199159,0.0013525529648177326,3.4794328624046553,0.0,0.0,0.0,0.0,0.0,2.4832487018997975,0.17446602545046438,1.0
gamma,eig@logskewnormal-quad,49,120.0,240.0,61.17015489791811,0.001687275929725729,3.446927757505866,0.0,0.0,0.0,0.0,0.0,2.5358527525383256,0.1586561000202405,1.0
gamma,eig@logskewnormal-poisson,0,15.0,30.0,30.369975904995954,0.17253850301131024,4.098523135372054,0.0,0.0,0.0,0.0038796653735284625,0.0,5.497861862279441,0.2740821005754448,0.625
gamma,eig@logskewnormal-poisson,0,30.0,60.0,42.272212093001144,0.34288535600717296,3.9961697605703055,0.0,0.0,0.005756135764573456,0.0038796653735285735,0.004213102712073313,4.175254940931455,0.22317449228638225,0.875
gamma,eig@logskewnormal-poisson,0,60.0,117.0,64.9970474769907,0.6666241910133976,3.8668450930352165,0.0,0.0,0.0,0.005094084206732852,0.0010043947198603576,3.6534576330435082,0.19028748699200138,1.0
gamma,eig@logskewnormal-poisson,0,90.0,166.0,84.52526851400035,0.9438576770226064,3.676010393879381,0.0,0.0,0.0008265416819995819,0.005744585057252616,0.0010043947198602465,3.0529758396934503,0.15672620576848517,1.0
gamma,eig@logskewnormal-poisson,0,120.0,215.0,104.8550398099942,1.221630953008571,3.653970870476051,0.0,0.0,0.0008265416819995819,0.005744585057252616,0.0010043947198602465,3.147618040500493,0.15236590359897123,1.0
gamma,eig@logskewnormal-poisson,1,15.0,30.0,30.361832980986946,0.1816443579918996,4.019303484812866,0.0,0.008221238031002831,0.01993952313716818,0.0975610543385329,0.09645210907280144,8.255529696350331,0.3217153689583756,0.625
gamma,eig@logskewnormal-poisson,1,30.0,60.0,42.33932428397384,0.35478123600114486,3.872608622554124,0.0,0.008221238031002831,0.01993952313716818,1.1102230246251565e-16,2.220446049250313e-16,4.567020973171432,0.2300730165726051,0.8541666666666666
gamma,eig@logskewnormal-poisson,1,60.0,119.0,65.9269819729634,0.6955483340170758,3.5839384180550353,0.0,0.008221238031002831,0.01993952313716818,1.1102230246251565e-16,2.220446049250313e-16,3.2304612114366726,0.15756340762905585,1.0
gamma,eig@logskewnormal-poisson,1,90.0,171.0,86.84473894396433,0.9918713360384572,3.4811090105866627,0.0,0.027876232737729767,0.01993952313716818,1.1102230246251565e-16,2.220446049250313e-16,2.716644598269994,0.12534716401243962,1.0
gamma,eig@logskewnormal-poisson,1,120.0,218.0,106.54284222594288,1.261540102037543,3.4187574889429975,0.0,0.027876232737729767,0.01993952313716818,1.1102230246251565e-16,2.220446049250313e-16,2.265802075562284,0.1287718147434065,1.0
gamma,eig@logskewnormal-poisson,2,15.0,30.0,30.520733097997436,0.17396132299109013,3.9337168448672037,0.0,0.004212361697546463,-2.220446049250313e-16,0.0,0.0,4.9464881835750045,0.31790318912783716,0.625
gamma,eig@logskewnormal-poisson,2,30.0,60.0,42.58055724999576,0.3456355570015148,3.8241596912923375,0.0,0.004212361697546463,-2.220446049250313e-16,0.0,0.0,3.76160276888245,0.2326923061191472,0.9583333333333334
gamma,eig@logskewnormal-poisson,2,60.0,115.0,64.68854740299503,0.6617372590153536,3.5907875204048523,0.0,0.004212361697546463,-2.220446049250313e-16,0.0,0.0,2.8192173340042657,0.1724794434771883,1.0
gamma,eig@logskewnormal-poisson,2,90.0,162.0,83.60686970399183,0.9260983720014337,3.4919694301396476,0.0,0.004212361697546463,-2.220446049250313e-16,0.0,0.0,2.621077389564107,0.1561076526054384,1.0
gamma,eig@logskewnormal-poisson,2,120.0,208.0,102.66739312500067,1.187608825002826,3.4437611107237873,0.0,0.004212361697546463,-2.220446049250313e-16,0.0,0.0,2.43877794673745,0.14473831105420495,1.0
gamma,eig@logskewnormal-poisson,3,15.0,30.0,60.88588119199994,0.22909466901182896,4.040150305347165,0.0,0.0,0.0,0.04265422413081188,0.03880810534165291,6.263389658289309,0.2831412260179175,0.625
gamma,eig@logskewnormal-poisson,3,30.0,60.0,85.17386158900626,0.4554006200050935,3.8371248824785607,0.0,0.0,0.0,0.020676605489554523,0.04613214458328496,4.3466073981816,0.20112689162612898,0.8958333333333334
gamma,eig@logskewnormal-poisson,3,60.0,120.0,134.20534353399853,0.9072951250200276,3.5790273879832575,0.0,0.0,0.0,0.020676605489554523,0.04613214458328496,2.819820240073541,0.14708856584791197,1.0
gamma,eig@logskewnormal-poisson,3,90.0,171.0,175.44114520401126,1.2921292050123157,3.578133243546389,0.0,0.0,0.0,0.020676605489554523,0.04119518636137709,2.4546544951371994,0.14517531110606005,1.0
gamma,eig@logskewnormal-poisson,3,120.0,219.0,212.8195510770165,1.6581354600275517,3.4735137791182744,0.0,0.0,0.0,0.020676605489554523,0.04119518636137709,2.1661306931154383,0.12269143941428878,1.0
gamma,eig@logskewnormal-poisson,4,15.0,30.0,60.98540475599657,0.22547130100429058,4.181364990569798,0.0,0.0,0.0,0.03128362981827926,0.0,7.7589987826004885,0.2721700213953953,0.625
gamma,eig@logskewnormal-poisson,4,30.0,60.0,85.205965800993,0.45336753799347207,3.965948573452604,0.0,0.0,0.0,0.0,0.0,4.414417355452075,0.22262393317813703,0.8958333333333334
gamma,eig@logskewnormal-poisson,4,60.0,119.0,133.83559850901656,0.8993582379916916,3.6812505818453967,0.0,0.0,0.0,0.0,0.0,3.004519780334055,0.17056570706744412,1.0
gamma,eig@logskewnormal-poisson,4,90.0,172.0,175.60781450903232,1.3031903020018945,3.619643434383185,0.0,0.0,0.0,0.0,0.000937328298248552,2.901901616518197,0.14864998251592862,1.0
gamma,eig@logskewnormal-poisson,4,120.0,219.0,213.3382593940296,1.654268205013068,3.5599359985485735,0.0,0.0,0.0,0.0,0.000937328298248552,2.5985891234341345,0.13433379733769282,1.0
gamma,eig@logskewnormal-poisson,5,15.0,30.0,30.459269212991785,0.17443415799789364,4.221328855026219,0.3069068889619251,0.0,0.0,0.0,0.03528474084513,7.599226123926533,0.2738161889151891,0.625
gamma,eig@logskewnormal-poisson,5,30.0,60.0,42.476155651002045,0.34606902601444745,3.98132466588009,0.0,0.0,0.0,0.0,0.0,5.1358295713504125,0.20411595208029934,0.8958333333333334
gamma,eig@logskewnormal-poisson,5,60.0,118.0,65.69385424299253,0.6772603440185776,3.7644411064749677,0.0,0.02480729230392753,0.0,0.0,0.0,3.7255247098339406,0.16067600358656092,1.0
gamma,eig@logskewnormal-poisson,5,90.0,170.0,86.53658636299224,0.974112520012568,3.7019245070982194,0.0,0.02480729230392753,0.0,0.0,0.0,3.033084763220838,0.15922443055217164,1.0
gamma,eig@logskewnormal-poisson,5,120.0,215.0,105.3571360679889,1.2329508460206853,3.5996644386091656,0.0,0.02480729230392753,0.0,0.0,0.0,2.914028453878904,0.13707769023817465,1.0
gamma,eig@logskewnormal-poisson,6,15.0,30.0,62.60058780499094,0.22665978800796438,4.056854423827405,0.0,0.0,0.0,0.0,0.0,6.555989841841925,0.2706714407741203,0.625
gamma,eig@logskewnormal-poisson,6,30.0,60.0,86.50866982098523,0.45299760499983677,3.8625737288072983,0.0,0.0,0.0,0.026670367214759905,0.023540992894205637,4.693994698762963,0.19294448482426085,0.9166666666666666
gamma,eig@logskewnormal-poisson,6,60.0,119.0,134.71390364798572,0.8951745669983211,3.7336528812847707,0.0,0.0,0.0,0.026670367214759905,0.023540992894205637,3.631374020468548,0.17126247523251956,1.0
gamma,eig@logskewnormal-poisson,6,90.0,169.0,175.4955475839888,1.2684014049991674,3.703198829554197,0.0,0.0,0.0,0.0,0.023540992894205637,3.1473135119315887,0.17247522873140733,1.0
gamma,eig@logskewnormal-poisson,6,120.0,214.0,211.4833379669908,1.6135090719835716,3.648167826767652,0.0,0.0,0.0,0.0,0.023540992894205637,3.0278898540923236,0.16101002393610792,1.0
gamma,eig@logskewnormal-poisson,7,15.0,30.0,62.257070430005115,0.22893393499907688,3.8634558945230304,0.0,0.024722137368705543,1.1102230246251565e-16,2.220446049250313e-16,0.04085291330456797,3.9993975443704852,0.28061533901482394,0.625
gamma,eig@logskewnormal-poisson,7,30.0,60.0,86.40316926700689,0.45783109700278146,3.7252561146878382,0.0,0.024722137368705543,1.1102230246251565e-16,2.220446049250313e-16,1.1102230246251565e-16,3.189524580788403,0.2111293567747477,0.875
gamma,eig@logskewnormal-poisson,7,60.0,116.0,130.4867700810064,0.8821231839938264,3.642164249886811,0.0,0.0,0.0,0.004190406438799643,1.1102230246251565e-16,2.2031580546160425,0.19742466431980343,1.0
gamma,eig@logskewnormal-poisson,7,90.0,165.0,169.13229062800747,1.2594388840043393,3.508621124425472,0.0,0.0,0.0,0.004190406438799643,1.1102230246251565e-16,1.945082942051516,0.16892182382052556,1.0
gamma,eig@logskewnormal-poisson,7,120.0,215.0,209.11061067901028,1.6373762270086445,3.378166039151369,0.0,0.024722137368705543,1.1102230246251565e-16,0.004190406438799643,1.1102230246251565e-16,1.5223697102876028,0.14070505119155174,1.0
gamma,eig@logskewnormal-poisson,8,15.0,30.0,63.170696817000135,0.22649132799051586,4.33821565756488,0.0,0.052609581778371495,0.03979093964152902,0.07467008605449921,0.0,7.370886080506457,0.33232409506345423,0.625
gamma,eig@logskewnormal-poisson,8,30.0,60.0,87.63767594999081,0.4494867049797904,4.048153429881114,0.0,0.0,0.0,0.0,0.0,4.290335361966084,0.2621898662793741,0.875
gamma,eig@logskewnormal-poisson,8,60.0,117.0,134.76358593998884,0.8747666719718836,3.8295445421954004,0.0,0.0,0.0,0.0,0.0,3.3191152677394737,0.21498656805077448,1.0
gamma,eig@logskewnormal-poisson,8,90.0,169.0,176.06686526898193,1.2694608759738912,3.5451872825020914,0.0,0.0,0.0,0.0,0.0,2.4735051544922384,0.1389513398403271,1.0
gamma,eig@logskewnormal-poisson,8,120.0,217.0,215.12508826898556,1.6270321569754742,3.4339299018535647,0.0,0.0,0.0,0.0,0.0,1.7577291399698147,0.1165517717383598,1.0
gamma,eig@logskewnormal-poisson,9,15.0,30.0,63.360483903994464,0.22698298500472447,4.018228127206446,0.014757859359060599,0.0,0.0,0.012204171546050135,0.07416855963482205,6.24323887436007,0.2895622315191049,0.625
gamma,eig@logskewnormal-poisson,9,30.0,60.0,87.22108728199964,0.45435576800082345,3.736931671699573,0.014757859359060599,0.0,0.0,0.012204171546050135,-2.220446049250313e-16,3.6164963745548935,0.1770863241997615,0.8958333333333334
gamma,eig@logskewnormal-poisson,9,60.0,118.0,134.26485845799834,0.8913410790009948,3.5811312275488967,0.014757859359060599,0.0,0.0,0.012204171546050135,-2.220446049250313e-16,2.9874618061362432,0.13754825450226332,1.0
gamma,eig@logskewnormal-poisson,9,90.0,169.0,175.66892578699844,1.2752505150128854,3.559053079269956,0.014757859359060599,0.0,0.0,0.012204171546050135,-2.220446049250313e-16,2.9654917094434796,0.12901869962121723,1.0
gamma,eig@logskewnormal-poisson,9,120.0,216.0,213.49527521500204,1.627604091012472,3.546208615642732,0.014757859359060599,0.0,0.0,0.0,0.0,2.964045029634139,0.13199333671518268,1.0
gamma,eig@logskewnormal-poisson,10,15.0,30.0,63.19117412199557,0.23290302500754478,4.243797131171429,0.0,0.026567540234695097,0.0,0.013782119639858648,0.03171011796213985,6.657871487363146,0.3333275967804366,0.625
gamma,eig@logskewnormal-poisson,10,30.0,60.0,87.68906028899073,0.4637175780153484,4.072072839581165,0.0,0.0,0.0,0.026457278354588665,0.023942858476746154,4.994484539546897,0.2599048815588837,0.9583333333333334
gamma,eig@logskewnormal-poisson,10,60.0,116.0,133.8840345599965,0.8850225530040916,3.8308156626675647,0.0,0.026567540234695097,0.0,0.0,0.011470549888380366,3.7301651688745854,0.20677854967579534,1.0
gamma,eig@logskewnormal-poisson,10,90.0,165.0,173.86268616600864,1.2576088700006949,3.594073999996571,0.0,0.026567540234695097,0.0,0.0,0.0,2.72256345589752,0.15677444306540522,1.0
gamma,eig@logskewnormal-poisson,10,120.0,209.0,209.34751733902158,1.587349264013028,3.511173552655542,0.0,0.026567540234695097,0.0,0.0,0.0,2.4932210355172586,0.1460369561806857,1.0
gamma,eig@logskewnormal-poisson,11,15.0,30.0,61.244568053003604,0.2282923389939242,4.311308402152374,0.0,0.0,0.0,0.01255707017399954,-2.220446049250313e-16,8.162947133828942,0.31907067389756927,0.625
gamma,eig@logskewnormal-poisson,11,30.0,60.0,85.78172132498366,0.45422696399327833,3.9577687693411483,0.0,0.027257968828325874,2.220446049250313e-16,0.012557070173999874,1.1102230246251565e-16,3.910437529473573,0.20709519168468804,0.9166666666666666
gamma,eig@logskewnormal-poisson,11,60.0,115.0,130.95626225297747,0.8689837319907383,3.742324599296784,0.0,0.027257968828325874,2.220446049250313e-16,0.012557070173999874,1.1102230246251565e-16,2.9367108879793675,0.1642368053286372,1.0
gamma,eig@logskewnormal-poisson,11,90.0,163.0,169.81779581595765,1.2341811909791431,3.5917608195658057,0.0,0.027257968828325874,2.220446049250313e-16,0.012557070173999874,1.1102230246251565e-16,2.525478821929502,0.13645033522581881,1.0
gamma,eig@logskewnormal-poisson,11,120.0,210.0,206.1787358179463,1.5891610839826171,3.5626842423020526,0.0,0.0,0.0,0.0,0.0,2.425986679920101,0.11878505394832416,1.0
gamma,eig@logskewnormal-poisson,12,15.0,30.0,34.63597820600626,0.17489089899754617,4.226824978485883,0.0,0.12616253667061994,0.014973777011987544,0.0,0.008729902321329086,7.327170321296172,0.3499280616926565,0.625
gamma,eig@logskewnormal-poisson,12,30.0,60.0,47.623049980007636,0.3452649479986576,3.929209902658594,0.0,0.0,0.014973777011987544,0.0,0.0,5.251784310456064,0.26968993176236533,0.8125
gamma,eig@logskewnormal-poisson,12,60.0,120.0,73.2992449509984,0.6884874459974526,3.670054527907203,0.0,0.0,0.0,0.0,0.0,3.1178691505763836,0.1667348675116085,1.0
gamma,eig@logskewnormal-poisson,12,90.0,166.0,93.13992058499207,0.9492723759976798,3.585239346273379,0.0,0.0,0.0,0.0,0.0,2.6775305540848584,0.15044483069556477,1.0
gamma,eig@logskewnormal-poisson,12,120.0,212.0,113.17520132699065,1.2097746550061856,3.4769405402658577,0.0,0.0,0.0,0.0,0.008729902321329086,2.4665682168529526,0.13065656999107916,1.0
gamma,eig@logskewnormal-poisson,13,15.0,30.0,34.40398931700474,0.17223776000537327,4.128936424426711,0.0,0.03511199799371867,-2.220446049250313e-16,-2.220446049250313e-16,0.006262076644404702,10.780349269384534,0.3000185392281447,0.625
gamma,eig@logskewnormal-poisson,13,30.0,60.0,47.27797740500682,0.34329662100208225,3.830524607385415,0.0,0.03511199799371867,-2.220446049250313e-16,-2.220446049250313e-16,-2.220446049250313e-16,5.160405529615631,0.18619697680557257,0.875
gamma,eig@logskewnormal-poisson,13,60.0,118.0,71.98437232297147,0.6757776170052239,3.744324757248576,0.0,0.03511199799371867,-2.220446049250313e-16,-2.220446049250313e-16,-2.220446049250313e-16,5.4235358132565565,0.16154915804473985,1.0
gamma,eig@logskewnormal-poisson,13,90.0,171.0,94.46122510196801,0.9753954980005801,3.575934620886349,0.0,0.03511199799371867,-2.220446049250313e-16,-2.220446049250313e-16,-2.220446049250313e-16,3.0486169419328655,0.14081671045922606,1.0
gamma,eig@logskewnormal-poisson,13,120.0,216.0,113.91559139997844,1.2309500309966097,3.5109609455352184,0.0,0.0,0.0,0.0,0.0,2.083643090719945,0.13851329417701713,1.0
gamma,eig@logskewnormal-poisson,14,15.0,30.0,34.265602321996994,0.17472262001319905,3.9181117047142258,0.0,0.0,0.01125860097624376,0.043679532382277064,0.040678593122724815,4.541458892533785,0.23501020262896166,0.625
gamma,eig@logskewnormal-poisson,14,30.0,60.0,47.18134017499324,0.3477632020149031,3.7595408313279246,0.0,0.0,0.01125860097624376,0.02910497589256822,0.0443944590848262,3.7289683681195944,0.20137158052626453,0.9375
gamma,eig@logskewnormal-poisson,14,60.0,119.0,72.32194518198958,0.685457707990281,3.593686098152155,0.0,0.0,0.01125860097624376,-2.220446049250313e-16,0.0010164281832172328,3.3386133897507557,0.1565725990870271,1.0
gamma,eig@logskewnormal-poisson,14,90.0,168.0,93.3173485879961,0.9638868499896489,3.497608304686407,0.0,0.0,0.01125860097624376,-2.220446049250313e-16,0.0010164281832172328,3.104259934372027,0.13118046569581468,1.0
gamma,eig@logskewnormal-poisson,14,120.0,218.0,115.18651779001084,1.2506870460056234,3.4310845073723364,0.0,0.0,0.0,0.0,0.0010164281832173439,3.371401425967514,0.12023451488791533,1.0
gamma,eig@logskewnormal-poisson,15,15.0,30.0,34.83872478600824,0.1776621809876815,4.380798177249721,0.0,0.0,0.038779133279635336,0.013037193985234063,0.06268193542259604,11.194643398186686,0.31305479280626203,0.625
gamma,eig@logskewnormal-poisson,15,30.0,60.0,47.783787016014685,0.34877591398981167,4.015930800389938,0.0,0.0,0.023535385828497235,0.033165800257869416,0.0,5.280093240168712,0.22756756535923572,0.875
gamma,eig@logskewnormal-poisson,15,60.0,115.0,71.25194159200328,0.6642120629876445,3.7813914279381784,0.0,0.0,0.023535385828497235,0.033165800257869416,0.0,4.416241584874517,0.16787879244558845,1.0
gamma,eig@logskewnormal-poisson,15,90.0,164.0,92.2752050220115,0.9444841489821556,3.6250676201439944,0.0,0.0,0.023535385828497235,0.033165800257869416,0.0,4.292202956520907,0.12826798396680125,1.0
gamma,eig@logskewnormal-poisson,15,120.0,214.0,114.3633770080196,1.231031435992918,3.5640086234993653,0.0,0.0,0.023535385828497235,0.0,0.0,3.0897867804496797,0.12253176763125924,1.0
gamma,eig@logskewnormal-poisson,16,15.0,30.0,63.703377733003435,0.23171395399913308,4.126288421471623,0.0,0.055897752304028714,0.0,0.02337819973826083,0.020320533921395767,7.416207698355993,0.3340325123495679,0.625
gamma,eig@logskewnormal-poisson,16,30.0,60.0,87.92025713800103,0.45684395900389063,3.8332961903848406,0.0,0.0,0.018036712403124877,0.0,0.0,4.130978915358551,0.22844298391446083,0.8333333333333334
gamma,eig@logskewnormal-poisson,16,60.0,118.0,135.05281879800168,0.8964195679982367,3.670545744940245,0.0,0.0,0.0,0.0,0.0,3.2834350574143434,0.2072752444929745,1.0
gamma,eig@logskewnormal-poisson,16,90.0,169.0,175.96098619500845,1.286578315008228,3.580437074849911,0.0,0.0,0.0,0.0,0.0,3.079780876537286,0.17698252617940335,1.0
gamma,eig@logskewnormal-poisson,16,120.0,215.0,213.84526223399735,1.6354937849864655,3.5105216168059634,0.0,0.0,0.0,0.0,0.0,2.543532054174861,0.16684869198308067,1.0
gamma,eig@logskewnormal-poisson,17,15.0,30.0,50.23305015301594,0.17874154501987505,4.011278812282529,0.0,0.0,0.0062857454968486826,0.08448608385142298,0.00969555545380918,6.427463864647737,0.29458767642075323,0.625
gamma,eig@logskewnormal-poisson,17,30.0,60.0,63.18238606002342,0.359928875015612,3.7645904245768,0.0,0.0,0.0062857454968486826,0.08448608385142298,0.00969555545380918,3.5886410404279916,0.167899144928109,0.9583333333333334
gamma,eig@logskewnormal-poisson,17,60.0,118.0,87.83631284903095,0.6881595790291613,3.559204093896558,0.0,0.07646861183441889,0.0062857454968486826,0.0,0.00969555545380918,2.4583498220730045,0.14459093207408397,1.0
gamma,eig@logskewnormal-poisson,17,90.0,170.0,109.978383391026,0.9870813350280514,3.4831022352985186,0.0,0.0,0.0062857454968486826,0.0,0.00969555545380918,2.0079597479481914,0.13488836221252598,1.0
gamma,eig@logskewnormal-poisson,17,120.0,216.0,129.76597891502024,1.250610557039181,3.3926135961439066,0.0,0.0,0.0062857454968486826,0.0,0.00969555545380918,1.6935084617856506,0.11643413083142513,1.0
gamma,eig@logskewnormal-poisson,18,15.0,30.0,64.0069323319949,0.2434713019974879,3.8001451275257914,0.0,0.0,0.0,0.0,0.0,5.6602757426853625,0.3456054182242339,0.625
gamma,eig@logskewnormal-poisson,18,30.0,60.0,88.2900143049992,0.4710430310078664,3.579562799280738,0.0,0.01679767068316418,0.0,0.018585216664570803,0.0,3.4810242080604983,0.2039982315262337,0.8958333333333334
gamma,eig@logskewnormal-poisson,18,60.0,117.0,134.77013226499912,0.9064816579993931,3.4403389696858313,0.0,0.01679767068316418,0.0,0.0,0.0,2.908825670539639,0.16738275702192515,1.0
gamma,eig@logskewnormal-poisson,18,90.0,165.0,173.9676193150044,1.2671966410125606,3.3842353812082444,0.0,0.01679767068316418,0.0,0.0,0.0,2.814737074240157,0.14760125702740629,1.0
gamma,eig@logskewnormal-poisson,18,120.0,213.0,213.4663356070123,1.6293645750265568,3.349653818571879,0.0,0.01679767068316418,0.0,0.0,0.0,2.7371904430591076,0.13856203156587787,1.0
gamma,eig@logskewnormal-poisson,19,15.0,30.0,63.59474981600215,0.23711698100305512,3.9579485277566633,0.0,0.0,0.0,0.016084865508673496,0.036477247504348886,6.667039205724513,0.23402837935811016,0.625
gamma,eig@logskewnormal-poisson,19,30.0,60.0,87.15325516801022,0.4663776760098699,3.751781002984327,0.0,0.0,0.0,0.042223028474287494,0.036477247504348886,4.166434637584513,0.1507150783814672,0.9375
gamma,eig@logskewnormal-poisson,19,60.0,118.0,133.54434937902624,0.9088594570057467,3.626592996096148,0.0,0.0,0.0,0.016657815222896333,0.0004949817502073461,3.0068122267566495,0.12333279909362968,1.0
gamma,eig@logskewnormal-poisson,19,90.0,170.0,176.45796089904616,1.3088774010211637,3.5473284888872754,0.0,0.0,0.0,0.016657815222896333,0.014390991615803594,3.1903432688709605,0.11267918581687685,1.0
gamma,eig@logskewnormal-poisson,19,120.0,218.0,216.33881201405893,1.6694748000154505,3.4983763402148935,0.0,0.0,0.0,0.016657815222896333,0.0004949817502073461,2.632148730441141,0.10664676619449132,1.0
gamma,eig@logskewnormal-poisson,20,15.0,30.0,48.12440106199938,0.17430587700437172,4.441966736829364,0.0,0.0,0.05817404232711476,0.05210036753396052,0.043963292374913254,8.232494010514014,0.3553897479574188,0.625
gamma,eig@logskewnormal-poisson,20,30.0,60.0,61.05417121700157,0.3450624590004736,4.098617373193692,0.0,0.0,0.0,0.0020721852079723657,0.0,4.814389595808563,0.24004892584415977,0.8333333333333334
gamma,eig@logskewnormal-poisson,20,60.0,115.0,85.01296927302246,0.6576951570095844,3.869171810425357,0.0,0.0,0.0,0.0,0.01719066485050813,4.348425374560806,0.18982027662258352,1.0
gamma,eig@logskewnormal-poisson,20,90.0,167.0,107.5880064750163,0.9547776320214325,3.7772111236943027,0.0,0.0,0.0,0.0,0.01719066485050813,3.2408875246702085,0.17016848864171505,1.0
gamma,eig@logskewnormal-poisson,20,120.0,217.0,129.62988268103436,1.239592813024501,3.6638930855582053,0.0,0.0,0.0,0.0,0.0,2.9812919540995626,0.14229951223954151,1.0
gamma,eig@logskewnormal-poisson,21,15.0,30.0,63.930784132000554,0.2317713100092078,4.009953742517795,0.0,0.0,0.0,0.0,0.0,4.6748633214790205,0.3044493120589756,0.625
gamma,eig@logskewnormal-poisson,21,30.0,60.0,88.32239945000765,0.4665739309930359,3.7980739358261495,0.0,0.0,0.0,0.0,0.0,3.4459885801147045,0.23757587683269818,0.8541666666666666
gamma,eig@logskewnormal-poisson,21,60.0,117.0,135.0014031019964,0.8977239710038702,3.560962846873812,0.0,0.0,0.0,0.0,0.002018100541879342,2.3712578602999437,0.17197658086238474,1.0
gamma,eig@logskewnormal-poisson,21,90.0,168.0,176.9125939669866,1.2820634550043906,3.4037420372460523,0.0,0.0,0.0,0.0,0.002018100541879342,1.834705256695637,0.13631563391915924,1.0
gamma,eig@logskewnormal-poisson,21,120.0,216.0,215.99123846399016,1.6489028899995901,3.4149009134604214,0.0,0.0,0.0,0.0,0.002018100541879342,1.8442867752953558,0.13442221940113647,1.0
gamma,eig@logskewnormal-poisson,22,15.0,30.0,63.178429105999385,0.23297613900649594,4.4029470981141765,0.0,0.0,0.0,0.0,0.0,8.26488083876664,0.35269493847368283,0.625
gamma,eig@logskewnormal-poisson,22,30.0,60.0,86.97336197400364,0.4597356100057368,4.016152710912022,0.0,0.0,0.0,0.0,0.0,4.438860683191847,0.2177858923911101,0.8958333333333334
gamma,eig@logskewnormal-poisson,22,60.0,119.0,135.39800959899003,0.9077148590004072,3.6858172990367915,0.0,0.0,0.0,0.0,0.0,2.9558648310148983,0.1408477548756475,1.0
gamma,eig@logskewnormal-poisson,22,90.0,172.0,179.07485154598908,1.3081650039930537,3.565471790162931,0.0,0.0,0.0,0.0,0.0,2.3920783474169913,0.1186822247781653,1.0
gamma,eig@logskewnormal-poisson,22,120.0,218.0,217.62564429699705,1.6510217200011539,3.509995097989718,0.0,0.0,0.0,0.0,0.0,2.7446599699421457,0.10809182058040998,1.0
gamma,eig@logskewnormal-poisson,23,15.0,30.0,63.035513495004125,0.23083797798972228,4.177693843393232,0.0,0.0,0.02207975213938429,0.03455322909701464,0.11500488638969208,7.829778207578265,0.35650443111951036,0.625
gamma,eig@logskewnormal-poisson,23,30.0,60.0,87.43198037301045,0.4576778559894592,3.7905823082447423,0.0,0.0,0.0,0.0,0.028703869405468208,4.613147069605744,0.21373200050799485,0.9166666666666666
gamma,eig@logskewnormal-poisson,23,60.0,115.0,132.11570927200228,0.8723350739928719,3.476751675071944,0.0,0.0,0.0,0.0,0.0,2.3509245789636557,0.14224921442911498,1.0
gamma,eig@logskewnormal-poisson,23,90.0,166.0,174.06379789999482,1.2712727950092813,3.4349823784287064,0.0,0.0,0.0,0.0,0.0,2.43487503148611,0.1307587862221226,1.0
gamma,eig@logskewnormal-poisson,23,120.0,214.0,212.82032217299638,1.6369510290096514,3.4667529891614848,0.0,0.0,0.0,0.0,0.0,2.4578050518326533,0.1289229210670797,1.0
gamma,eig@logskewnormal-poisson,24,15.0,30.0,33.98768519800069,0.17275456100105657,4.208851648395338,0.0,0.0,0.0,0.0,0.0,10.538296377987708,0.32817859108538605,0.625
gamma,eig@logskewnormal-poisson,24,30.0,60.0,47.380605367008684,0.3492934060159314,3.929767934022848,0.0,0.0,0.0,0.0,0.0,5.370742112491113,0.23127831272999214,0.875
gamma,eig@logskewnormal-poisson,24,60.0,119.0,72.62597038199237,0.6901614870039339,3.6993453851791878,0.0,0.0,0.0,0.0,0.0,4.250993137134048,0.16708954223456418,1.0
gamma,eig@logskewnormal-poisson,24,90.0,169.0,94.18536925499575,0.9771386679931311,3.5241320225214436,0.0,0.0,0.0,0.0,0.0,3.0523555545767667,0.14082668835775441,1.0
gamma,eig@logskewnormal-poisson,24,120.0,216.0,114.28552475299148,1.246110680000129,3.4687438458034543,0.0,0.0,0.0,0.0,0.0,2.57790224951749,0.13569197835472208,1.0
gamma,eig@logskewnormal-poisson,25,15.0,30.0,33.929748703998484,0.1737256899868953,3.922200065704233,0.0,0.0,0.05914961334758928,0.036350178783752685,0.08338579415543534,4.746027645842425,0.3333035992513013,0.625
gamma,eig@logskewnormal-poisson,25,30.0,60.0,47.35666179198961,0.35348945798614295,3.786192595438331,0.0,0.0,0.0,0.036350178783752685,0.009674243647559977,3.611248504464664,0.22275580800685305,0.9166666666666666
gamma,eig@logskewnormal-poisson,25,60.0,117.0,71.61391487096625,0.6817058409906167,3.670868212465875,0.0,0.0,0.0,0.036350178783752685,0.0328513958479113,2.874493375908971,0.18628612821959217,1.0
gamma,eig@logskewnormal-poisson,25,90.0,165.0,92.11221519898754,0.9557197209869628,3.5178813389631025,0.0,0.0,0.0,0.0,0.0,2.365021289128774,0.16746605495552297,1.0
gamma,eig@logskewnormal-poisson,25,120.0,212.0,112.15521293296842,1.2239648579925415,3.336227337836149,0.0,0.0,0.0,0.0,0.0,1.676990859918319,0.13119413323072662,1.0
gamma,eig@logskewnormal-poisson,26,15.0,30.0,43.53613974300242,0.22276229199633235,3.6818282854342343,0.0,0.0,0.0,0.002351964480984292,0.0,5.649958256583643,0.32179483501418776,0.625
gamma,eig@logskewnormal-poisson,26,30.0,60.0,67.0019789500002,0.45462462199793663,3.461911943704648,0.0,0.0,0.0,0.0,0.0,2.489101025109275,0.20826246719159752,0.8958333333333334
gamma,eig@logskewnormal-poisson,26,60.0,118.0,112.16940657302257,0.8975840879938914,3.386425540201713,0.0,0.0,0.0,0.002351964480984292,0.0,2.2652339729787148,0.17711653886645218,1.0
gamma,eig@logskewnormal-poisson,26,90.0,169.0,153.22130817502693,1.2870283909978752,3.2750391680136297,0.0,0.0,0.0,0.002351964480984292,0.0,2.2898197189672382,0.13639445721022944,1.0
gamma,eig@logskewnormal-poisson,26,120.0,213.0,172.2346054250338,1.5424457319895737,3.218651700723896,0.0,0.0,0.0,0.002351964480984292,0.0,1.919879617372074,0.1200092063079162,1.0
gamma,eig@logskewnormal-poisson,27,15.0,30.0,44.26092586099185,0.22863972599589033,3.9950116585960527,0.0,0.0,0.0,0.04749291660462107,0.04369470570585854,7.549580285588645,0.3126631096131895,0.625
gamma,eig@logskewnormal-poisson,27,30.0,60.0,67.88356797398592,0.4562348910039873,3.6052934516620234,0.0,0.0,0.0,0.0,0.00712871640174817,3.1101680898584294,0.19365062147135317,0.875
gamma,eig@logskewnormal-poisson,27,60.0,115.0,111.16801411397682,0.8756229689824977,3.5249539216854657,0.0,0.0,0.0,0.0,0.0,3.294399368614186,0.16619365829073143,1.0
gamma,eig@logskewnormal-poisson,27,90.0,164.0,150.47462454797278,1.252476038007444,3.4875221710407813,0.0,0.0,0.0,0.0221561365968288,0.0,3.724636917127086,0.15233598892704459,1.0
gamma,eig@logskewnormal-poisson,27,120.0,210.0,187.399922794968,1.607069493016752,3.460296010443546,0.0,0.0,0.0,0.0,0.0,3.211412202648316,0.1466650767344186,1.0
gamma,eig@logskewnormal-poisson,28,15.0,30.0,34.61534633699921,0.17440350699689589,4.207709946953575,0.0,0.0,0.0,0.019436058399549427,0.0990645457695658,9.192614759555173,0.28989385626891434,0.625
gamma,eig@logskewnormal-poisson,28,30.0,60.0,47.93086203598796,0.3584644039947307,3.889538154772481,0.0,0.0,0.0,0.0,0.0,4.158822278902072,0.21299585979694413,0.8541666666666666
gamma,eig@logskewnormal-poisson,28,60.0,118.0,72.94158406200222,0.6925748799767462,3.6162345805256386,0.0,0.0,0.0,0.0,0.0,2.6363320433153996,0.14802306873228255,1.0
gamma,eig@logskewnormal-poisson,28,90.0,169.0,95.5647761049986,0.9840369739795278,3.547711845686432,0.0,0.0,0.029445878339418807,0.0,0.0,2.3917060129373264,0.13066484175286494,1.0
gamma,eig@logskewnormal-poisson,28,120.0,215.0,115.8051910360009,1.2456033579692303,3.4421439843567723,0.0,0.0,0.0,0.0,0.0,2.109124379208521,0.10550190233203202,1.0
gamma,eig@logskewnormal-poisson,29,15.0,30.0,34.24132318700504,0.17373857400525594,3.878674669142523,0.0,0.0,0.002130258798470952,0.0,0.0,4.576070013718543,0.27056745413323924,0.625
gamma,eig@logskewnormal-poisson,29,30.0,60.0,47.6391680140041,0.35162127500370843,3.706939286898131,0.0,0.0,0.002130258798470952,0.0,0.0,3.691987406554986,0.21340860013069132,0.8541666666666666
gamma,eig@logskewnormal-poisson,29,60.0,116.0,71.84951114200885,0.6731514250059263,3.5413940921877507,0.0,0.0,0.002130258798470952,0.0,0.0,2.265356206358535,0.17082420494974787,1.0
gamma,eig@logskewnormal-poisson,29,90.0,166.0,93.81444586899306,0.9589391299959971,3.4591051539309183,0.0,0.0,0.002130258798470952,0.0,0.0,2.3134428496851718,0.1537933887851326,1.0
gamma,eig@logskewnormal-poisson,29,120.0,213.0,114.42016704698472,1.227080079010193,3.433950119011415,0.0,0.0,0.002130258798470952,0.0,0.0,2.306825199920175,0.14703696407008546,1.0
gamma,eig@logskewnormal-poisson,30,15.0,30.0,33.86351229099091,0.17448054300621152,3.954306768269694,0.0,0.023943279191712574,0.12379297588074412,0.17469530475580985,0.19579330770993675,6.322242828525973,0.2598451010726035,0.625
gamma,eig@logskewnormal-poisson,30,30.0,60.0,57.14537689399367,0.3964626100168971,3.7468226855564204,0.0,0.023943279191712574,0.0,0.01378169345346858,0.04756321147349696,3.5235515372978443,0.2065709628213126,0.8958333333333334
gamma,eig@logskewnormal-poisson,30,60.0,117.0,104.93021777198737,0.8307066650268098,3.654404138270845,0.0,0.023943279191712574,0.0,0.01378169345346858,0.04756321147349696,3.0689967905245497,0.16727110136072998,1.0
gamma,eig@logskewnormal-poisson,30,90.0,170.0,148.1097032459802,1.229356235035084,3.596149897406909,0.0,0.023943279191712574,0.0,0.01378169345346858,0.04756321147349696,3.031194515665021,0.1507378957442428,1.0
gamma,eig@logskewnormal-poisson,30,120.0,215.0,184.42405944097845,1.5755654820350173,3.4748575748469572,0.0,0.023943279191712574,0.0,0.01378169345346858,0.0,2.548751670935302,0.12014455034048639,1.0
gamma,eig@logskewnormal-poisson,31,15.0,29.0,34.229326198994386,0.1694433850061614,4.221269063139633,0.0,0.1585859675411565,0.2102834094802969,0.19688581395720106,0.23695460558777093,22.59293246537815,0.3000691173837867,0.6041666666666666
gamma,eig@logskewnormal-poisson,31,30.0,59.0,47.326594897993346,0.3453676530007215,3.8668764365982025,0.0,0.0,0.0,0.0,0.0,5.8799182470017035,0.2111506309020934,0.9375
gamma,eig@logskewnormal-poisson,31,60.0,117.0,73.23790416798875,0.6802235290124372,3.587655834644598,0.0,0.0,0.0,0.0,0.0,4.378782726248818,0.1491081682081435,1.0
gamma,eig@logskewnormal-poisson,31,90.0,167.0,95.63618883899107,0.9664184680186736,3.5364504894486686,0.0,0.0,0.0,0.0,0.0,3.0379347193236477,0.14251773862505537,1.0
gamma,eig@logskewnormal-poisson,31,120.0,217.0,117.68276077198607,1.2523266240277735,3.484915988169368,0.0,0.0,0.0,0.0,0.0,2.55764734439417,0.13517211207885307,1.0
gamma,eig@logskewnormal-poisson,32,15.0,30.0,34.265293684991775,0.17361764799716184,4.1342522038581135,0.0,0.03239449412261075,1.1102230246251565e-16,1.1102230246251565e-16,2.220446049250313e-16,6.893321481422326,0.3577300683969441,0.625
gamma,eig@logskewnormal-poisson,32,30.0,60.0,47.483478258986,0.34571247300118557,3.8573263268743783,0.0,0.03239449412261075,1.1102230246251565e-16,0.0068333813239891406,2.220446049250313e-16,5.119563505289502,0.247410368981437,0.9166666666666666
gamma,eig@logskewnormal-poisson,32,60.0,118.0,72.89271355298479,0.6778438980218198,3.617576233084788,0.06478898824522139,0.03239449412261075,1.1102230246251565e-16,1.1102230246251565e-16,2.220446049250313e-16,2.5513659812021574,0.18712214851882422,1.0
gamma,eig@logskewnormal-poisson,32,90.0,169.0,94.61610832497172,0.970190463023755,3.451168066461405,0.0,0.03239449412261075,1.1102230246251565e-16,0.0068333813239891406,2.220446049250313e-16,2.019477294056155,0.14301944214905657,1.0
gamma,eig@logskewnormal-poisson,32,120.0,216.0,115.10812729897589,1.2414029180290527,3.389336946552375,0.06478898824522139,0.03239449412261075,1.1102230246251565e-16,0.0068333813239891406,2.220446049250313e-16,1.6781473853453754,0.13292390852273914,1.0
gamma,eig@logskewnormal-poisson,33,15.0,30.0,62.52093120500285,0.23406458699173527,3.845085229335956,0.0,0.0,0.013839177814250925,0.040363904543309514,0.05862094620252545,5.595795493222884,0.3028238473345387,0.625
gamma,eig@logskewnormal-poisson,33,30.0,60.0,86.72480928400182,0.4683561099845974,3.5770942988706094,0.0,0.0,0.013839177814250925,0.0,0.0,2.4329186108584175,0.18604549704173576,0.9375
gamma,eig@logskewnormal-poisson,33,60.0,118.0,134.0637180200174,0.9083129989739973,3.3709901283984833,0.0,0.0,0.013839177814250925,0.0,0.0,2.5189418026764865,0.12135459100352673,1.0
gamma,eig@logskewnormal-poisson,33,90.0,167.0,173.47073371801525,1.2828352179640206,3.310488869165257,0.0,0.0,0.013839177814250925,0.0,0.0,1.9177699776576485,0.11547100238459652,1.0
gamma,eig@logskewnormal-poisson,33,120.0,218.0,214.2422283440137,1.6843239189656742,3.2963135620904667,0.0,0.0,0.013839177814250925,0.0,0.0,1.8639908752034373,0.1072872904377767,1.0
gamma,eig@logskewnormal-poisson,34,15.0,30.0,62.26006416799646,0.2279192919995694,4.416354128507332,0.0,0.022805394304444726,0.04804985452700994,-2.220446049250313e-16,0.049998407324364,9.907049947253007,0.2997831057768841,0.625
gamma,eig@logskewnormal-poisson,34,30.0,60.0,86.51840186299523,0.45935777800696087,4.100571063276427,0.0,0.0,0.0,0.02199634950537932,0.0,4.702404979334433,0.19426959915076727,0.9375
gamma,eig@logskewnormal-poisson,34,60.0,117.0,133.9093465509941,0.8909698200441198,3.901430869517591,0.0,0.0,0.059351141300459376,0.02199634950537932,0.0,3.637171132645256,0.15847243981544604,1.0
gamma,eig@logskewnormal-poisson,34,90.0,169.0,176.62057305899725,1.2863855760406295,3.8830462675904744,0.0,0.0,0.0,0.02199634950537932,0.0,3.3104647623597314,0.16051012712369264,1.0
gamma,eig@logskewnormal-poisson,34,120.0,216.0,203.90612600700842,1.6133197220333386,3.6716748979962723,0.0,0.0,0.0,0.02199634950537932,0.0,2.5312636461235383,0.10926552989256084,1.0
gamma,eig@logskewnormal-poisson,35,15.0,30.0,62.512472748006985,0.2267630060086958,4.151342043902388,0.0,0.08697514857287958,0.06157468593703308,0.05035990715234262,0.08419814097981027,7.029693176629202,0.3008450833853082,0.625
gamma,eig@logskewnormal-poisson,35,30.0,60.0,87.00384832701093,0.45817721600906225,3.9470848738327065,0.0,0.0029517491116642924,0.06207149578649429,0.05035990715234251,-2.220446049250313e-16,5.194314336458921,0.21327863177391063,0.8333333333333334
gamma,eig@logskewnormal-poisson,35,60.0,119.0,135.88102457500645,0.914975741008675,3.827996048837646,0.0,0.0029517491116642924,0.0,0.0004030722568258982,0.0,3.3737483557976438,0.18716761044186875,1.0
gamma,eig@logskewnormal-poisson,35,90.0,174.0,181.1689324880026,1.334373882989894,3.576971137278885,0.0,0.0029517491116642924,0.0,0.0,0.0,2.0628976334413585,0.1430875334280245,1.0
gamma,eig@logskewnormal-poisson,35,120.0,217.0,213.81479722800577,1.6643234709990793,3.5249596021011307,0.0,0.0029517491116642924,0.0,0.0,0.0,1.894887960475319,0.13581595020217296,1.0
gamma,eig@logskewnormal-poisson,36,15.0,30.0,62.566505519011116,0.23121907801760244,4.040527303542425,0.0,0.0,0.0,0.0,0.0,6.115944957544622,0.3465494842436434,0.625
gamma,eig@logskewnormal-poisson,36,30.0,60.0,87.47179873400455,0.4636750190038583,3.9530185609012602,0.0,0.0,0.0024422054141025606,0.0,0.0,5.261851391039652,0.26706180676403013,0.9791666666666666
gamma,eig@logskewnormal-poisson,36,60.0,118.0,135.44048483299412,0.90701619498941,3.686386935392587,0.0,0.0,0.0024422054141025606,0.0,0.0,4.291096952149451,0.203312947932716,1.0
gamma,eig@logskewnormal-poisson,36,90.0,167.0,175.6232619319926,1.2774593869835371,3.5534083944656323,0.0,0.0,0.0024422054141025606,0.0,0.0,3.286272656866613,0.18340957235772753,1.0
gamma,eig@logskewnormal-poisson,36,120.0,217.0,210.58121674598078,1.630009821976273,3.455285853531958,0.0,0.0,0.0024422054141025606,0.0,0.0,2.46656160013388,0.1653840968041963,1.0
gamma,eig@logskewnormal-poisson,37,15.0,30.0,63.327067217007425,0.2279960520027089,3.992648956996488,0.0,0.13707754433344643,0.018495426729791875,0.0,0.05905965433934213,6.586003623837004,0.3037123267769935,0.625
gamma,eig@logskewnormal-poisson,37,30.0,60.0,88.37415015000443,0.4562630740001623,3.8061872726697685,0.0,0.0,0.018495426729791875,0.0,0.0,5.052381238253222,0.20371636875382831,0.9375
gamma,eig@logskewnormal-poisson,37,60.0,118.0,136.0063099170111,0.8925821010161599,3.6230854076093153,0.0,0.0,0.0,0.0,0.0,3.3430330167586395,0.17075328598263634,1.0
gamma,eig@logskewnormal-poisson,37,90.0,168.0,177.29325517501275,1.278812292013754,3.4878334393024972,0.0,0.0,0.0,0.0,0.0,1.8846240003389407,0.1518974126510867,1.0
gamma,eig@logskewnormal-poisson,37,120.0,214.0,206.9978939720022,1.5884790110139875,3.3839151870857367,0.0,0.0,0.0,0.0,0.0,1.5724908466482495,0.1272380348509359,1.0
gamma,eig@logskewnormal-poisson,38,15.0,30.0,61.46329308201166,0.2277153819995874,4.325503055330921,0.0,0.03706275881685839,0.13149704013898944,0.11400492532812412,0.10547560892347985,16.94110516736371,0.3584141590105848,0.625
gamma,eig@logskewnormal-poisson,38,30.0,60.0,86.42571642502298,0.4584440150028968,4.06316425453207,0.0,0.0,0.0,0.0,0.0,6.303376113543894,0.23260341293608253,0.9583333333333334
gamma,eig@logskewnormal-poisson,38,60.0,118.0,132.72458322000966,0.8946360520058079,3.929210235321802,0.0,0.0,0.0,0.0,0.0,5.149651621802231,0.18617500881560015,1.0
gamma,eig@logskewnormal-poisson,38,90.0,172.0,177.2041495660269,1.3042061499836564,3.8025671007137376,0.0,0.0,0.0,0.0,0.0,4.482081616168032,0.13996821281153543,1.0
gamma,eig@logskewnormal-poisson,38,120.0,214.0,204.6019936170087,1.5901296349984477,3.6858966769533645,0.0,0.0,0.0,0.0,0.0,3.827252628650665,0.12481048889086,1.0
gamma,eig@logskewnormal-poisson,39,15.0,30.0,63.78027817198745,0.22789587899751496,4.188755089746624,0.0,0.01100584692120965,0.024908450604145815,0.01955871913158891,0.0,8.325937823687175,0.2882411856019378,0.625
gamma,eig@logskewnormal-poisson,39,30.0,60.0,88.36632674499197,0.4560861339996336,3.9790439889250195,0.0,0.01100584692120965,0.007995510443630893,0.01955871913158891,0.0,4.18544774807557,0.22446817979400596,0.8958333333333334
gamma,eig@logskewnormal-poisson,39,60.0,118.0,136.67810304198792,0.8923237589697237,3.702004764259432,0.0,0.01100584692120965,0.007995510443630893,0.0,0.0,3.7321127243308747,0.15691546651467614,1.0
gamma,eig@logskewnormal-poisson,39,90.0,173.0,182.55434376400444,1.312128416971973,3.515860486643741,0.0,0.01100584692120965,0.0,0.0,0.0,2.7204709980029405,0.12085795872101252,1.0
gamma,eig@logskewnormal-poisson,39,120.0,221.0,210.88488469299773,1.6431623419593961,3.450341321842673,0.0,0.01100584692120965,0.0,0.0,0.0,2.340897117319029,0.10841134104937898,1.0
gamma,eig@logskewnormal-poisson,40,15.0,30.0,33.51590249100627,0.1714066259955871,4.33517934802699,0.0,0.12037213411183356,0.08830428453895323,0.18604998527281735,0.21529535544889833,17.850392386543856,0.3275388474349619,0.625
gamma,eig@logskewnormal-poisson,40,30.0,60.0,46.21590201599611,0.34216733398352517,3.9999919758571445,0.0,0.0,0.0,0.0,0.0,6.11471818143,0.21590701802504084,0.8333333333333334
gamma,eig@logskewnormal-poisson,40,60.0,120.0,72.45872980801505,0.6912504129832087,3.833131421715445,0.0,0.0,0.0,0.0,0.013073493288629834,5.636631993626196,0.15582815492176766,1.0
gamma,eig@logskewnormal-poisson,40,90.0,174.0,96.54728863700439,0.9984886339916557,3.758791122238847,0.0,0.0,0.0,0.0,0.0,5.226045978552041,0.13535755248912557,1.0
gamma,eig@logskewnormal-poisson,40,120.0,217.0,114.7666898560201,1.2411931159986125,3.6328900210237283,0.0,0.0,0.0,0.0,0.0,3.6898464929253394,0.11971299031351952,1.0
gamma,eig@logskewnormal-poisson,41,15.0,30.0,33.81595281098271,0.1740767630035407,4.052687881015699,0.0,0.0,0.0,0.028561824034187056,0.05083448549621283,8.269953773328155,0.2960580044492902,0.625
gamma,eig@logskewnormal-poisson,41,30.0,60.0,46.66520059798859,0.3479667789906671,3.7871973352825514,0.0,0.0,0.0010863144607266007,0.0015835085220596845,0.02656339122065343,3.912263068607182,0.19468041203036152,1.0
gamma,eig@logskewnormal-poisson,41,60.0,117.0,71.85527707398433,0.6743825649864448,3.5329837484058815,0.0,0.0,0.0017835516751225633,0.0015835085220596845,0.026945799780572766,2.5586371592044,0.15064670253025556,1.0
gamma,eig@logskewnormal-poisson,41,90.0,168.0,94.515225042971,0.9683702289985376,3.461954845556854,0.0,0.0,0.0010863144607266007,0.0015835085220596845,0.0,2.232740167962332,0.13225068530347842,1.0
gamma,eig@logskewnormal-poisson,41,120.0,218.0,115.94766922897179,1.2515388900101243,3.3525873411445857,0.0,0.0,0.0017835516751225633,0.0015835085220596845,0.0,1.7140789626605448,0.1150789614258776,1.0
gamma,eig@logskewnormal-poisson,42,15.0,30.0,33.94286167500468,0.18705642199347494,4.271189697030792,0.0,0.19395660298700657,0.1760933607751205,0.17830032306933996,0.1947159022366325,23.340083478680256,0.3264800966042844,0.625
gamma,eig@logskewnormal-poisson,42,30.0,60.0,47.240655650006374,0.35870231500302907,3.8244566150307526,0.0,0.0,0.0,0.0,0.0,5.13323272049287,0.20585772343459555,0.8958333333333334
gamma,eig@logskewnormal-poisson,42,60.0,117.0,72.75535318200491,0.6830485220125411,3.598013383942501,0.0,0.0,0.0,0.0,0.0,3.3424446075665264,0.12894758809007592,1.0
gamma,eig@logskewnormal-poisson,42,90.0,168.0,94.974505357015,0.974063247012964,3.4859329085122113,0.0,0.0,0.0,0.0,0.0,2.993252164096077,0.10339720637825314,1.0
gamma,eig@logskewnormal-poisson,42,120.0,216.0,116.09997854602989,1.24766211102542,3.364862613953862,0.0,0.0,0.0,0.0,0.0,1.8649103855210831,0.08734920901951032,1.0
gamma,eig@logskewnormal-poisson,43,15.0,30.0,34.27883298699817,0.1738359910013969,4.188356643410338,0.0,0.0,0.008781444816091777,0.08182672094347554,0.06693536607992301,8.933879135073985,0.30189355781107857,0.625
gamma,eig@logskewnormal-poisson,43,30.0,60.0,47.037187453992374,0.34673794300397276,3.8863673084077077,0.0,0.0,0.008781444816091777,0.0027292789219099944,1.1102230246251565e-16,4.529719734483783,0.22745477353555488,0.9583333333333334
gamma,eig@logskewnormal-poisson,43,60.0,118.0,72.39896131299247,0.6782138739908987,3.574036421949602,0.0,0.0,0.008781444816091777,0.0027292789219099944,1.1102230246251565e-16,2.713465007529278,0.16156785578885285,1.0
gamma,eig@logskewnormal-poisson,43,90.0,169.0,94.46198683998955,0.9730711559786869,3.4664472914546125,0.0,0.0,0.005434984664951625,0.007161899786049419,1.1102230246251565e-16,2.300296521530414,0.13430690504972012,1.0
gamma,eig@logskewnormal-poisson,43,120.0,217.0,115.44787413798986,1.248007163972943,3.4213173623295092,0.0,0.0,0.008781444816091777,0.007161899786049419,1.1102230246251565e-16,2.4054617774960128,0.12623193387756554,1.0
gamma,eig@logskewnormal-poisson,44,15.0,30.0,63.8654211710018,0.22807905100853532,4.0339977634092055,0.0,0.0,0.0,0.0343445904825862,0.062188700753549986,9.688451949238422,0.3373692630980872,0.625
gamma,eig@logskewnormal-poisson,44,30.0,60.0,87.52438388899827,0.4597082270156534,3.8204328348206396,0.0,0.0,0.05725807537300376,1.1102230246251565e-16,0.030783014531283626,5.471345778958447,0.23034881963091514,0.9166666666666666
gamma,eig@logskewnormal-poisson,44,60.0,115.0,117.46279963502093,0.8333523200417403,3.4918322697466118,0.0,0.0,0.0,0.0,0.0,3.2034838657368097,0.1439346642716128,1.0
gamma,eig@logskewnormal-poisson,44,90.0,160.0,129.72484775503108,1.1384593240472896,3.388682537007559,0.0,0.0,0.0,0.0,0.0,2.2610584997670022,0.12739032899890573,1.0
gamma,eig@logskewnormal-poisson,44,120.0,206.0,140.93575183504072,1.472547702062002,3.301542858127218,0.0,0.0,0.0,0.0,0.0,2.203636230062185,0.10644240244501393,1.0
gamma,eig@logskewnormal-poisson,45,15.0,30.0,34.16738860999976,0.17243053501078975,3.9217831031736154,0.0,0.04916122588640026,0.08429814255301304,0.06835070632269491,0.07615844170590735,9.519960124521644,0.3157828054391676,0.625
gamma,eig@logskewnormal-poisson,45,30.0,60.0,46.96089649401256,0.34445223801230895,3.8325190203379287,0.0,0.04916122588640026,0.0,0.00534470962289213,0.022936467545341954,4.592355282445432,0.24473571905411529,0.875
gamma,eig@logskewnormal-poisson,45,60.0,116.0,74.40102238503096,0.6845760610267462,3.5308142967033382,0.0,0.04916122588640026,0.0,0.00534470962289213,0.022936467545341954,2.75717453577326,0.17225842307844544,1.0
gamma,eig@logskewnormal-poisson,45,90.0,168.0,90.88129823701456,0.9670056670365739,3.3747801392942534,0.0,0.04916122588640026,0.0,0.00534470962289213,0.022936467545341954,2.350468471874363,0.1299143764143795,1.0
gamma,eig@logskewnormal-poisson,45,120.0,213.0,103.59342877302333,1.2101867050369037,3.3107540139691025,0.0,0.04916122588640026,0.0,0.00534470962289213,0.005282047463974648,1.866037610446372,0.11283661690755659,1.0
gamma,eig@logskewnormal-poisson,46,15.0,30.0,34.54649539698585,0.1718329749928671,4.306032436317229,0.24881830948041495,0.01435492794788118,1.1102230246251565e-16,2.220446049250313e-16,0.007037782279804561,7.017281734788543,0.28461054900539495,0.625
gamma,eig@logskewnormal-poisson,46,30.0,60.0,47.33021078998718,0.34318209098273655,4.0173838913864826,0.0,0.0,0.0,0.0,0.00703778227980445,4.186085405940509,0.20486856501258108,0.8541666666666666
gamma,eig@logskewnormal-poisson,46,60.0,120.0,73.61993683598848,0.6865382509822666,3.822613946334321,0.0,0.0,0.0,0.0,0.024135283725561618,3.5318152435016987,0.14371915816910882,1.0
gamma,eig@logskewnormal-poisson,46,90.0,168.0,88.71031425198089,0.9512305519674555,3.709206852829993,0.0,0.0,0.0,0.0,0.0,3.027989729458824,0.11775879717788476,1.0
gamma,eig@logskewnormal-poisson,46,120.0,218.0,102.44912076996843,1.2213744549699186,3.6068171197180483,0.0,0.0,0.0,0.0,0.0,2.6101563214608805,0.10304868870721556,1.0
gamma,eig@logskewnormal-poisson,47,15.0,30.0,34.26752418400065,0.17589189499631175,3.8597175460715794,0.0,0.027998849679309656,1.1102230246251565e-16,0.010212409139881973,1.1102230246251565e-16,5.924133183062619,0.3330774098203909,0.625
gamma,eig@logskewnormal-poisson,47,30.0,60.0,57.49984284299717,0.4120504669917864,3.693003495950565,0.0,0.027998849679309656,1.1102230246251565e-16,0.010212409139881973,1.1102230246251565e-16,4.762922082090775,0.2098293942402439,1.0
gamma,eig@logskewnormal-poisson,47,60.0,115.0,74.34505073001492,0.8150094649790844,3.572392907325966,0.0,0.027998849679309656,1.1102230246251565e-16,1.1102230246251565e-16,1.1102230246251565e-16,3.2972877826418596,0.18723849178586768,1.0
gamma,eig@logskewnormal-poisson,47,90.0,165.0,86.78530217199295,1.1802526339852193,3.512219379766296,0.0,0.0,0.0,0.0,0.0,2.845820228426184,0.16679352127620492,1.0
gamma,eig@logskewnormal-poisson,47,120.0,210.0,93.06591184299032,1.4004156689843512,3.4610808418554755,0.0,0.027998849679309656,1.1102230246251565e-16,1.1102230246251565e-16,1.1102230246251565e-16,3.059579920957691,0.15579279416218156,1.0
gamma,eig@logskewnormal-poisson,48,15.0,30.0,30.536294188987085,0.17393343800722505,4.00024015109813,0.04589640525670624,0.11142265273968599,0.0,0.0,0.0,6.284257342725817,0.31030427639365904,0.625
gamma,eig@logskewnormal-poisson,48,30.0,60.0,39.00899365298028,0.33568014501361176,3.8627159772154003,0.04589640525670624,0.0,0.0,0.0253042719640737,0.0,4.768679876265175,0.23760616045538105,0.8541666666666666
gamma,eig@logskewnormal-poisson,48,60.0,119.0,47.79773837597895,0.6319343710092653,3.6275514422841133,0.04589640525670624,0.0,0.0,0.0,0.0,4.702965819414157,0.17101542636003403,1.0
gamma,eig@logskewnormal-poisson,48,90.0,170.0,52.487550907993864,0.8832216670016351,3.5717368026746854,0.04589640525670624,0.0,0.0,0.0,0.0,3.891677982232362,0.15446794731130056,1.0
gamma,eig@logskewnormal-poisson,48,120.0,220.0,56.4364017299813,1.1270901450006932,3.5572323330109583,0.04589640525670624,0.0,0.0,0.0,0.0,3.3177636222222424,0.15331024318313013,1.0
gamma,eig@logskewnormal-poisson,49,15.0,30.0,29.641590127004747,0.16286862299966742,4.10333012613956,0.0,0.0,0.0,0.0,0.0,7.786019504656076,0.34934940893495636,0.625
gamma,eig@logskewnormal-poisson,49,30.0,60.0,38.09975868899346,0.3240126859891461,3.7634926615731477,0.0,0.0,0.0,0.0,0.0,3.4355220612371133,0.24587568390441578,0.8958333333333334
gamma,eig@logskewnormal-poisson,49,60.0,116.0,46.58552321100433,0.6079749720047403,3.55012253713226,0.0,0.0,0.0,0.0,0.004881392085044012,2.515448107483538,0.18455737548258172,1.0
gamma,eig@logskewnormal-poisson,49,90.0,162.0,50.847063278008136,0.8323487790075887,3.520127018141937,0.0,0.0,0.0,0.0,0.004881392085044012,2.5349087495217715,0.17145517558974588,1.0
gamma,eig@logskewnormal-poisson,49,120.0,206.0,54.73579369401341,1.0477770609941217,3.458004004316647,0.0,0.0,0.0,0.0,0.0,2.615623658159313,0.1703390915096865,1.0
gamma,eig@gammamix-poisson,0,15.0,30.0,1.3805696660274407,0.009058102034032345,4.136022050271034,0.0,0.0,0.0,0.0038796653735284625,0.0,5.506753123397034,0.274880499633658,0.625
gamma,eig@gammamix-poisson,0,30.0,60.0,1.8031188470340567,0.020466044996283017,3.960676541057721,0.0,0.0,0.005756135764573456,0.0038796653735285735,0.004213102712073313,4.130140667706948,0.21300926737609233,0.9166666666666666
gamma,eig@gammamix-poisson,0,60.0,120.0,2.4519409460772295,0.0359493859577924,3.7612373553334337,0.0,0.0,0.007299204900065637,0.005094084206732741,0.004213102712073313,3.6744185868127595,0.1619647237323576,1.0
gamma,eig@gammamix-poisson,0,90.0,180.0,3.019785452124779,0.050282969954423606,3.6672962494624497,0.0,0.0,0.007299204900065637,0.005744585057252616,0.0010043947198602465,3.0361575673067347,0.1624656491131024,1.0
gamma,eig@gammamix-poisson,0,120.0,240.0,3.6181422511144774,0.06648262393719051,3.6117510662758057,0.0,0.0,0.0008265416819995819,0.005744585057252616,0.0010043947198602465,3.029261173896635,0.14459717593889762,1.0
gamma,eig@gammamix-poisson,1,15.0,30.0,1.356948067972553,0.008967963993200101,3.9996362607375584,0.0,0.008221238031002831,0.01993952313716818,0.0975610543385329,0.09645210907280144,8.238853499194843,0.32949867718729065,0.625
gamma,eig@gammamix-poisson,1,30.0,60.0,1.7261106649821158,0.018502615988836624,3.866042694988541,0.0,0.008221238031002831,0.01993952313716818,1.1102230246251565e-16,2.220446049250313e-16,4.5567774738394125,0.21567946881855557,1.0
gamma,eig@gammamix-poisson,1,60.0,120.0,2.4187001569516724,0.03762996393197682,3.69202711364048,0.0,0.027876232737729767,0.01993952313716818,1.1102230246251565e-16,2.220446049250313e-16,3.4503006262918197,0.18150821882765392,1.0
gamma,eig@gammamix-poisson,1,90.0,180.0,3.032691181913833,0.055919041886227205,3.512423118772233,0.0,0.008221238031002831,0.01993952313716818,1.1102230246251565e-16,2.220446049250313e-16,2.8671384428744187,0.13873796513330114,1.0
gamma,eig@gammamix-poisson,1,120.0,240.0,3.7032734938547947,0.07636146490403917,3.475179094606135,0.0,0.027876232737729767,0.01993952313716818,1.1102230246251565e-16,2.220446049250313e-16,2.443249640388702,0.13761283375018557,1.0
gamma,eig@gammamix-poisson,2,15.0,30.0,1.2630480999941938,0.008924200010369532,3.9436937920065405,0.0,0.004212361697546463,-2.220446049250313e-16,0.0,0.0,4.800094247200223,0.3278412596380658,0.625
gamma,eig@gammamix-poisson,2,30.0,60.0,1.5954052700399188,0.018257175077451393,3.812472730159907,0.0,0.004212361697546463,-2.220446049250313e-16,0.0,0.0,3.921002386090808,0.23194655979108839,1.0
gamma,eig@gammamix-poisson,2,60.0,120.0,2.4828188880346715,0.04240066112834029,3.6223853432640127,0.0,0.004212361697546463,-2.220446049250313e-16,0.0,0.0,3.098105706178862,0.17618068439083887,1.0
gamma,eig@gammamix-poisson,2,90.0,180.0,3.162266254046699,0.0645420301152626,3.5007392377868656,0.0,0.004212361697546463,-2.220446049250313e-16,0.0,0.0,2.5843777232820413,0.15787008963903532,1.0
gamma,eig@gammamix-poisson,2,120.0,240.0,3.7096412340324605,0.08156077312014531,3.4483545735295835,0.0,0.004212361697546463,-2.220446049250313e-16,0.0,0.0,2.463534555639889,0.14580801860007775,1.0
gamma,eig@gammamix-poisson,3,15.0,30.0,0.9158984319947194,0.00352376997761894,4.0331643486344335,0.0,0.0,0.0,0.04265422413081188,0.03880810534165291,6.40302040203573,0.28225419868435997,0.625
gamma,eig@gammamix-poisson,3,30.0,60.0,1.0891272020235192,0.0068326259206514806,3.8258707067161417,0.0,0.0,0.0,0.020676605489554523,0.007324039241632052,4.438326588578434,0.20744157219341183,0.9166666666666666
gamma,eig@gammamix-poisson,3,60.0,120.0,1.4084655130427564,0.012911923971842043,3.5610823126177675,0.0,0.0,0.0,0.020676605489554523,0.04613214458328496,3.032200214610056,0.1411624498634702,1.0
gamma,eig@gammamix-poisson,3,90.0,180.0,1.708110617051716,0.01931548501306679,3.5419950035384784,0.0,0.0,0.0,0.020676605489554523,0.04119518636137709,2.431966148496069,0.13450241605001753,1.0
gamma,eig@gammamix-poisson,3,120.0,240.0,2.007470193057088,0.025967741006752476,3.4490263846653186,0.0,0.0,0.0,0.020676605489554523,0.04119518636137709,2.17890802400451,0.11386775723755797,1.0
gamma,eig@gammamix-poisson,4,15.0,30.0,1.326334962985129,0.009131419006735086,4.18701829542729,0.0,0.0,0.0,0.03128362981827926,0.0,7.643985629062898,0.2826656140340476,0.625
gamma,eig@gammamix-poisson,4,30.0,60.0,1.6619854049931746,0.019210346988984384,3.9130420837147213,0.0,0.0,0.0,0.0,0.0,3.8434742762085423,0.21908152047384558,0.875
gamma,eig@gammamix-poisson,4,60.0,120.0,2.3083680300042033,0.03835736904875375,3.6694862251138454,0.0,0.0,0.0,0.0,0.000937328298248552,2.7230592728541874,0.16602656059232226,1.0
gamma,eig@gammamix-poisson,4,90.0,180.0,2.889835840003798,0.05673521907010581,3.6475003802832453,0.0,0.0,0.0,0.0,0.000937328298248552,2.9005765444977354,0.14674043761470745,1.0
gamma,eig@gammamix-poisson,4,120.0,240.0,3.5062016769952606,0.07582338707288727,3.5425036824043907,0.0,0.0,0.0,0.0,0.000937328298248552,2.4048964453851407,0.13294629735045804,1.0
gamma,eig@gammamix-poisson,5,15.0,30.0,1.6815684720641002,0.0105642479902599,4.283178886961018,0.3069068889619251,0.0,0.0,0.0,0.026139781571361542,7.700911090228483,0.287733449852413,0.625
gamma,eig@gammamix-poisson,5,30.0,60.0,2.052675667044241,0.020060069000464864,3.9280867771212087,0.0,0.0,0.0,0.0,0.0,4.408860562735639,0.1913944991435572,0.875
gamma,eig@gammamix-poisson,5,60.0,120.0,2.7590359380556038,0.0402393720287364,3.71962977114133,0.0,0.0,0.0,0.0,0.0,2.856476925905192,0.16184346840104263,1.0
gamma,eig@gammamix-poisson,5,90.0,180.0,3.3960455311316764,0.05864090098475572,3.756347294636901,0.0,0.02480729230392753,0.0,0.0,0.0,3.0998097201714527,0.16466406088469077,1.0
gamma,eig@gammamix-poisson,5,120.0,240.0,4.051841565116774,0.07910421692940872,3.6027823998864057,0.0,0.02480729230392753,0.0,0.0,0.0,2.9642293567936866,0.13436484974286866,1.0
gamma,eig@gammamix-poisson,6,15.0,30.0,1.319219984972733,0.009206930073560216,4.051345983086411,0.0,0.0,0.0,0.0,0.0,6.538203411285529,0.26863730448748724,0.625
gamma,eig@gammamix-poisson,6,30.0,60.0,1.6522487759648357,0.017874593089800328,3.891690414868567,0.0,0.0,0.0,0.026670367214759905,0.023540992894205637,4.715009241862443,0.19638150295439288,0.9583333333333334
gamma,eig@gammamix-poisson,6,60.0,120.0,2.2843568669923116,0.034750088132568635,3.7471557045388892,0.0,0.0,0.0,0.0,0.023540992894205637,3.4595699486553864,0.17840943007777396,1.0
gamma,eig@gammamix-poisson,6,90.0,180.0,2.8338288300437853,0.050525344064226374,3.7208200264664377,0.0,0.0,0.0,0.0,0.023540992894205637,2.9510379210181497,0.17418832850661314,1.0
gamma,eig@gammamix-poisson,6,120.0,240.0,3.3787785060558235,0.06581014511175454,3.5919792850120955,0.0,0.0,0.0,0.0,0.023540992894205637,2.4743541313572126,0.15586228587012618,1.0
gamma,eig@gammamix-poisson,7,15.0,30.0,0.7045564669824671,0.00361626801895909,3.9049662450791884,0.0,0.024722137368705543,1.1102230246251565e-16,2.220446049250313e-16,1.1102230246251565e-16,4.035318720608695,0.3031678575994556,0.625
gamma,eig@gammamix-poisson,7,30.0,60.0,0.9172538729617372,0.009247765032341704,3.7204563713267653,0.0,0.024722137368705543,1.1102230246251565e-16,2.220446049250313e-16,1.1102230246251565e-16,3.242716370185673,0.19940329660306716,1.0
gamma,eig@gammamix-poisson,7,60.0,120.0,1.3064277939702151,0.019280267966678366,3.6667050519130484,0.0,0.0,0.0,0.004190406438799643,1.1102230246251565e-16,2.224640036553725,0.19806193404125721,1.0
gamma,eig@gammamix-poisson,7,90.0,180.0,1.6922774239938008,0.030577302997699007,3.482714951848011,0.0,0.024722137368705543,1.1102230246251565e-16,0.004190406438799643,1.1102230246251565e-16,1.9783697615540998,0.16025684685901534,1.0
gamma,eig@gammamix-poisson,7,120.0,240.0,1.9938491789798718,0.03683381805603858,3.3902055414122003,0.0,0.024722137368705543,1.1102230246251565e-16,0.004190406438799643,1.1102230246251565e-16,1.5169211165474565,0.1390532209861798,1.0
gamma,eig@gammamix-poisson,8,15.0,30.0,1.3444521900237305,0.01091509300749749,4.2433462965616515,0.0,0.052609581778371495,0.03979093964152902,0.0,0.0,7.105893633298386,0.31402916063428604,0.625
gamma,eig@gammamix-poisson,8,30.0,60.0,1.6561713400442386,0.018814207971445285,4.059215304118769,0.0,0.0,0.0,0.0,0.0,4.641753019216427,0.2588215469499551,0.9166666666666666
gamma,eig@gammamix-poisson,8,60.0,120.0,2.23423466811073,0.03419257300265599,3.87280663439993,0.0,0.0,0.0,0.0,0.0,4.405590809820867,0.21246471134601153,1.0
gamma,eig@gammamix-poisson,8,90.0,180.0,2.8486145151982782,0.05274402406939771,3.545478014327744,0.0,0.0,0.0,0.0,0.0,2.6363438839539284,0.1430504232244065,1.0
gamma,eig@gammamix-poisson,8,120.0,240.0,3.4004732241592137,0.0710991650557844,3.430816237292895,0.0,0.0,0.0,0.0,0.0,1.8707506720702,0.11710296132220938,1.0
gamma,eig@gammamix-poisson,9,15.0,30.0,1.2232994690421037,0.009207539085764438,4.021115048942561,0.014757859359060599,0.0,0.0,0.012204171546050135,0.07416855963482205,6.149680253852212,0.263089351614347,0.625
gamma,eig@gammamix-poisson,9,30.0,60.0,1.5288774190412369,0.018123767062206753,3.799980159052959,0.014757859359060599,0.0,0.0,0.012204171546050135,-2.220446049250313e-16,4.158953069985984,0.17809185669720662,0.9375
gamma,eig@gammamix-poisson,9,60.0,120.0,2.1071753619617084,0.034519664142862894,3.5738631309460676,0.014757859359060599,0.0,0.0,0.012204171546050135,-2.220446049250313e-16,3.113255498884448,0.13450323881682139,1.0
gamma,eig@gammamix-poisson,9,90.0,180.0,2.647542138933204,0.05139303009491414,3.5440237208755554,0.014757859359060599,0.0,0.0,0.012204171546050135,-2.220446049250313e-16,2.9015613376464673,0.13280282754131215,1.0
gamma,eig@gammamix-poisson,9,120.0,240.0,3.219515103890444,0.06999619220732711,3.5555223449167954,0.014757859359060599,0.0,0.0,0.012204171546050135,-2.220446049250313e-16,3.1058621357417326,0.13183711595468345,1.0
gamma,eig@gammamix-poisson,10,15.0,30.0,1.3283470959868282,0.009855102063738741,4.240196998476824,0.0,0.026567540234695097,0.0,0.013782119639858648,0.03171011796213985,6.767928479705335,0.31716964947263415,0.625
gamma,eig@gammamix-poisson,10,30.0,60.0,1.6933809890033444,0.019921027007512748,4.0519375508225695,0.0,0.0,0.0,0.0,0.011470549888380366,4.9763955525420345,0.25809026622885367,0.9375
gamma,eig@gammamix-poisson,10,60.0,120.0,2.3444594500469975,0.03890740698261652,3.808910603478457,0.0,0.026567540234695097,0.0,0.0,0.011470549888380366,3.494892104385986,0.20577984680510342,1.0
gamma,eig@gammamix-poisson,10,90.0,180.0,2.9418865699408343,0.055804987001465634,3.5845105629492386,0.0,0.026567540234695097,0.0,0.0,0.0,2.7231571305576683,0.15041344571709284,1.0
gamma,eig@gammamix-poisson,10,120.0,240.0,3.525505203913781,0.07292653599870391,3.5214324154152545,0.0,0.0,0.0,0.0,0.0,2.573870170436175,0.14106686676354757,1.0
gamma,eig@gammamix-poisson,11,15.0,30.0,0.6707204159902176,0.0035854519810527563,4.305597904188318,0.0,0.0,0.0,0.01255707017399954,-2.220446049250313e-16,8.249230313788004,0.3185257612737291,0.625
gamma,eig@gammamix-poisson,11,30.0,60.0,0.8373181580100209,0.0070258609630400315,3.9848022145528943,0.0,0.027257968828325874,2.220446049250313e-16,0.012557070173999874,1.1102230246251565e-16,4.079893671798258,0.22615857959610328,0.9166666666666666
gamma,eig@gammamix-poisson,11,60.0,120.0,1.1561337249877397,0.013777289001154713,3.6595060631090632,0.0,0.027257968828325874,2.220446049250313e-16,0.012557070173999874,1.1102230246251565e-16,2.783012430934257,0.1460885274724597,1.0
gamma,eig@gammamix-poisson,11,90.0,180.0,1.4423120710125659,0.02072606897854712,3.6095453173801517,0.0,0.0,0.0,0.01255707017399954,-2.220446049250313e-16,2.520232520139175,0.13908399951324535,1.0
gamma,eig@gammamix-poisson,11,120.0,240.0,1.7339180010021664,0.02739133899740409,3.55866878315671,0.0,0.027257968828325874,2.220446049250313e-16,0.012557070173999874,1.1102230246251565e-16,2.7374590149134024,0.11686425042564835,1.0
gamma,eig@gammamix-poisson,12,15.0,30.0,0.7125413269968703,0.004562197005725466,4.231316938004595,0.0,0.12616253667061994,0.014973777011987544,0.0,0.008729902321329086,7.277658249746002,0.3514103503712952,0.625
gamma,eig@gammamix-poisson,12,30.0,60.0,0.908023927026079,0.009166613992420025,3.935354902983312,0.0,0.0,0.014973777011987544,0.0,0.0,4.142932986678712,0.24790386667581396,0.8541666666666666
gamma,eig@gammamix-poisson,12,60.0,120.0,1.2783858000475448,0.017716945978463627,3.6717558568381707,0.0,0.0,0.0,0.0,0.0,2.7705650089909497,0.16703256879072342,1.0
gamma,eig@gammamix-poisson,12,90.0,180.0,1.6118799000687432,0.026437551030539908,3.573463796978876,0.0,0.0,0.0,0.0,0.0,2.5317610233577206,0.14294887989152308,1.0
gamma,eig@gammamix-poisson,12,120.0,240.0,1.9143333980609896,0.033645468021859415,3.496559519288418,0.0,0.0,0.0,0.0,0.0,2.458169275849278,0.13063138937643504,1.0
gamma,eig@gammamix-poisson,13,15.0,30.0,1.3237333969882457,0.010207993051153608,4.178087852562684,0.0,0.03511199799371867,-2.220446049250313e-16,-2.220446049250313e-16,0.006262076644404702,10.604278663003992,0.29557657049875874,0.625
gamma,eig@gammamix-poisson,13,30.0,60.0,1.6452610619890038,0.018318270114832558,3.897657181800959,0.0,0.03511199799371867,-2.220446049250313e-16,-2.220446049250313e-16,-2.220446049250313e-16,5.332142704427937,0.2009629050226327,0.875
gamma,eig@gammamix-poisson,13,60.0,120.0,2.4500377029762603,0.04012910411984194,3.7430428078509705,0.0,0.03511199799371867,-2.220446049250313e-16,-2.220446049250313e-16,-2.220446049250313e-16,5.179998961679489,0.16889386908698456,1.0
gamma,eig@gammamix-poisson,13,90.0,180.0,2.9983585809677606,0.057725134160136804,3.584929244599339,0.0,0.0,0.0,0.0,0.0,3.140971330009941,0.14828167532145745,1.0
gamma,eig@gammamix-poisson,13,120.0,240.0,3.520253330047126,0.07424301019636914,3.5054768988063336,0.0,0.0,0.0,0.0,0.0,2.1302016430823616,0.13578303826226013,1.0
gamma,eig@gammamix-poisson,14,15.0,30.0,0.8395517380122328,0.005459629086544737,3.936409364290769,0.0,0.0,0.01125860097624376,0.043679532382277064,0.0145896607947823,4.568626049931432,0.2368661733215823,0.625
gamma,eig@gammamix-poisson,14,30.0,60.0,1.0521664080297342,0.010855821092263795,3.7462298917324794,0.0,0.0,0.01125860097624376,0.02910497589256822,0.0443944590848262,3.6263472221125115,0.19489881154857971,0.9375
gamma,eig@gammamix-poisson,14,60.0,120.0,1.4364729639491998,0.020800982048967853,3.6046303526382264,0.0,0.0,0.01125860097624376,-2.220446049250313e-16,0.0010164281832172328,2.855124855677572,0.15370081529321591,1.0
gamma,eig@gammamix-poisson,14,90.0,180.0,1.7944071389210876,0.03017995902337134,3.501477563424391,0.0,0.0,0.01125860097624376,-2.220446049250313e-16,0.0010164281832172328,2.8880337155210305,0.13346702985537226,1.0
gamma,eig@gammamix-poisson,14,120.0,240.0,2.145478888967773,0.03926936403149739,3.417213359315174,0.0,0.0,0.0,0.0,0.0,3.071026731120465,0.11798778721958646,1.0
gamma,eig@gammamix-poisson,15,15.0,30.0,1.3184552260063356,0.00955279501795303,4.37660503472848,0.0,0.0,0.038779133279635336,0.013037193985234063,0.06268193542259604,11.310090570125352,0.3104925138087159,0.625
gamma,eig@gammamix-poisson,15,30.0,60.0,1.6519193799758796,0.018422917026327923,4.007143098329494,0.0,0.0,0.023535385828497235,0.033165800257869416,0.0,5.26928053470111,0.22077213425434045,0.9583333333333334
gamma,eig@gammamix-poisson,15,60.0,120.0,2.315800012976979,0.03840667205804493,3.776416456147279,0.0,0.0,0.023535385828497235,0.033165800257869416,0.0,4.480292821487316,0.16625629730427086,1.0
gamma,eig@gammamix-poisson,15,90.0,180.0,2.8816151429346064,0.0552770470676478,3.6341400625932274,0.0,0.0,0.0,0.013037193985234063,0.0,3.7396861496112064,0.13658715412699174,1.0
gamma,eig@gammamix-poisson,15,120.0,240.0,3.426262932960526,0.07217644606134854,3.6026199600645543,0.0,0.0,0.0,0.013037193985234063,0.0,3.565689965920319,0.12670353001575094,1.0
gamma,eig@gammamix-poisson,16,15.0,30.0,0.7320035569864558,0.003528296001604758,4.134344917119087,0.0,0.055897752304028714,0.0,0.02337819973826083,0.020320533921395767,7.597247161993906,0.33138505287498476,0.625
gamma,eig@gammamix-poisson,16,30.0,60.0,0.8962725439778296,0.006427718020859174,3.8681293406613135,0.0,0.0,0.018036712403124877,0.0,0.0,4.325577074898,0.2441289568405147,0.9375
gamma,eig@gammamix-poisson,16,60.0,120.0,1.2110233489511302,0.01254873194557149,3.647688759950869,0.0,0.0,0.018036712403124877,0.0,0.0,3.3943590436611775,0.1990907747576524,1.0
gamma,eig@gammamix-poisson,16,90.0,180.0,1.505593893918558,0.018918400994152762,3.605432050446167,0.0,0.0,0.0,0.0,0.0,2.888861055846251,0.18526260727177024,1.0
gamma,eig@gammamix-poisson,16,120.0,240.0,1.8005468978954013,0.024976883971248753,3.567079926210866,0.0,0.0,0.0,0.0,0.0,2.799018273127583,0.17493903631965793,1.0
gamma,eig@gammamix-poisson,17,15.0,30.0,1.3899878220108803,0.010776252995128743,3.995331654375247,0.0,0.0,0.0062857454968486826,0.08448608385142298,0.00969555545380918,6.753822163675959,0.3015697166274547,0.625
gamma,eig@gammamix-poisson,17,30.0,60.0,1.8137205140228616,0.02117167698452249,3.7585071825319787,0.0,0.0,0.0062857454968486826,0.0,0.00969555545380918,3.4793722667730416,0.16552425488955316,1.0
gamma,eig@gammamix-poisson,17,60.0,120.0,2.470535953063518,0.03942988991911989,3.562289397039988,0.0,0.0,0.0062857454968486826,0.0,0.00969555545380918,2.4812237267381394,0.14243581843002606,1.0
gamma,eig@gammamix-poisson,17,90.0,180.0,3.079966616060119,0.057306019007228315,3.4642681472780503,0.0,0.0,0.0062857454968486826,0.0,0.00969555545380918,2.0428690917744246,0.12210431448022889,1.0
gamma,eig@gammamix-poisson,17,120.0,240.0,3.6885169840534218,0.07527115203265566,3.4325982053344863,0.0,0.0,0.0062857454968486826,0.0,0.00969555545380918,1.8012890317194807,0.11853427170100886,1.0
gamma,eig@gammamix-poisson,18,15.0,30.0,0.699983956044889,0.004181404030532576,3.8156692269396912,0.0,0.0,0.0,0.0,0.009519032962255092,5.979185655180532,0.3428359979583262,0.625
gamma,eig@gammamix-poisson,18,30.0,60.0,0.8840572330227587,0.007509553033742122,3.589069406536432,0.0,0.01679767068316418,0.0,0.0,0.0,3.8815470419402827,0.196708123621879,1.0
gamma,eig@gammamix-poisson,18,60.0,120.0,1.2132443799637258,0.01430827402509749,3.431667999204017,0.0,0.01679767068316418,0.0,0.0,0.0,3.9021596975631465,0.1653945709009989,1.0
gamma,eig@gammamix-poisson,18,90.0,180.0,1.526299613993615,0.02075373998377472,3.3776934286182705,0.0,0.01679767068316418,0.0,0.0,0.0,2.8677086157319502,0.15155732054029308,1.0
gamma,eig@gammamix-poisson,18,120.0,240.0,1.8327086800563848,0.027049956930568442,3.356739535239458,0.0,0.01679767068316418,0.0,0.0,0.0,2.8523079168095378,0.13587138417928257,1.0
gamma,eig@gammamix-poisson,19,15.0,30.0,0.679013312983443,0.0033425289730075747,3.9278099396018042,0.0,0.0,0.0,0.016084865508673496,0.036477247504348886,4.928492551472068,0.21434521190764513,0.625
gamma,eig@gammamix-poisson,19,30.0,60.0,0.8467557749972912,0.006879642023704946,3.7311520793186044,0.0,0.0,0.0,0.042223028474287494,0.036477247504348886,3.822230759051614,0.15265985890331693,0.8333333333333334
gamma,eig@gammamix-poisson,19,60.0,120.0,1.1937212560587795,0.01461210599518381,3.6582082104040174,0.0,0.0,0.0,0.016657815222896333,0.0004949817502073461,3.1886786816908947,0.12799006777707359,1.0
gamma,eig@gammamix-poisson,19,90.0,180.0,1.4979286430316279,0.02121630491456017,3.5552728625579775,0.0,0.0,0.0,0.016657815222896333,0.014390991615803594,3.07768259666287,0.11194679480882602,1.0
gamma,eig@gammamix-poisson,19,120.0,240.0,1.8044532040075865,0.027920924869249575,3.5398951418488593,0.0,0.0,0.0,0.016657815222896333,0.0004949817502073461,2.695872303480715,0.1163561035158036,1.0
gamma,eig@gammamix-poisson,20,15.0,30.0,1.2612953250209102,0.009651310989283957,4.437064058588981,0.0,0.0,0.05817404232711476,0.05210036753396052,0.043963292374913254,8.045208158394544,0.36131912434899965,0.625
gamma,eig@gammamix-poisson,20,30.0,60.0,1.5697147120081354,0.018340415917919017,4.043485461120333,0.0,0.0,0.0,0.0,0.0,4.953006533378545,0.2385300628271274,0.8541666666666666
gamma,eig@gammamix-poisson,20,60.0,120.0,2.1503934670763556,0.03533223093836568,3.8038393322259108,0.0,0.0,0.0,0.0,0.01719066485050813,4.2743633473796665,0.17462504307689092,1.0
gamma,eig@gammamix-poisson,20,90.0,180.0,2.6861268640495837,0.050849869978264906,3.755610689708835,0.0,0.0,0.0,0.0,0.0,3.2363915473904488,0.1620124374186889,1.0
gamma,eig@gammamix-poisson,20,120.0,240.0,3.180135766029707,0.06527207695762627,3.6630791326235923,0.0,0.0,0.0,0.0,0.0,2.793449701439412,0.14751655334241945,1.0
gamma,eig@gammamix-poisson,21,15.0,30.0,1.3228285250079352,0.010044264985481277,3.9879274729877907,0.0,0.0,0.0,0.0,0.002018100541879342,4.365492032500497,0.3060415060646346,0.625
gamma,eig@gammamix-poisson,21,30.0,60.0,1.6501695159822702,0.01863726699957624,3.786086578777082,0.0,0.0,0.0,0.0,0.0,3.336502862011177,0.22262273824918968,0.9375
gamma,eig@gammamix-poisson,21,60.0,120.0,2.260529738967307,0.0361482719599735,3.6087619530875745,0.0,0.0,0.0,0.0,0.0,2.9199454659252453,0.17867298133346246,1.0
gamma,eig@gammamix-poisson,21,90.0,180.0,2.872940183020546,0.05460228308220394,3.421363703102625,0.0,0.0,0.0,0.0,0.002018100541879342,1.8983446548771112,0.1401351869341931,1.0
gamma,eig@gammamix-poisson,21,120.0,240.0,3.475308461114764,0.07443528404110111,3.3938484264275677,0.0,0.0,0.0,0.0,0.002018100541879342,1.735734616187074,0.13051091095961037,1.0
gamma,eig@gammamix-poisson,22,15.0,30.0,1.282810053016874,0.00948543698177673,4.424155916808863,0.0,0.0,0.032200297927310384,1.1102230246251565e-16,0.0,8.513870660790658,0.34500177801745935,0.625
gamma,eig@gammamix-poisson,22,30.0,60.0,1.6503682780166855,0.0193068019580096,4.153917395401439,0.0,0.0,0.0,0.0,0.0,7.366864209175907,0.2664975738974671,0.9583333333333334
gamma,eig@gammamix-poisson,22,60.0,120.0,2.3403279599151574,0.039659408925217576,3.7175971463315727,0.0,0.0,0.0,0.0,0.0,3.4861286432395957,0.14664523105114727,1.0
gamma,eig@gammamix-poisson,22,90.0,180.0,2.978905574855162,0.058945100026903674,3.5611687453772247,0.0,0.0,0.0,0.0,0.0,2.352224332526508,0.11182552711241318,1.0
gamma,eig@gammamix-poisson,22,120.0,240.0,3.619414306987892,0.07829038989439141,3.5456976598180625,0.0,0.0,0.0,0.0,0.0,2.4920125634019796,0.11516321603276565,1.0
gamma,eig@gammamix-poisson,23,15.0,30.0,0.7219333439570619,0.004296384009649046,4.182109461365129,0.0,0.0,0.02207975213938429,0.1277636176262047,0.1722479979084296,7.787806257353091,0.34725069676900466,0.625
gamma,eig@gammamix-poisson,23,30.0,60.0,0.9162156869861064,0.008234718028688803,3.8232222424135345,0.0,0.0,0.0,0.0,0.0,4.95953216396153,0.21666603480026378,0.9791666666666666
gamma,eig@gammamix-poisson,23,60.0,120.0,1.2642045810207492,0.01599331508623436,3.5133330876146314,0.0,0.0,0.0,0.0,0.0,3.4188524102932134,0.14106035262990746,1.0
gamma,eig@gammamix-poisson,23,90.0,180.0,1.6170212590222945,0.025555519066983834,3.4413088020177134,0.0,0.0,0.0,0.0,0.0,2.467841673869996,0.13236118630506563,1.0
gamma,eig@gammamix-poisson,23,120.0,240.0,1.957815683010267,0.03394428706087638,3.4747322465012913,0.0,0.0,0.0,0.0,0.0,2.5600183407272437,0.1365595336901567,1.0
gamma,eig@gammamix-poisson,24,15.0,30.0,0.7004529680125415,0.0037445020134327933,4.129279690843801,0.0,0.0,0.0,0.0,0.0,7.8450329749437975,0.31481960924797747,0.625
gamma,eig@gammamix-poisson,24,30.0,60.0,0.8746822450630134,0.007191513010184281,3.93111907811111,0.0,0.0,0.0,0.0,0.0,4.891952880275256,0.2162967883020584,0.9583333333333334
gamma,eig@gammamix-poisson,24,60.0,120.0,1.2269862550892867,0.014239032054319978,3.676316961937586,0.0,0.0,0.0,0.0,0.0,3.8209558951576734,0.16403831451907075,1.0
gamma,eig@gammamix-poisson,24,90.0,180.0,1.5380233880860033,0.02092142598121427,3.5182913285978614,0.0,0.0,0.0,0.0,0.0,3.0628418705547937,0.13690402956020944,1.0
gamma,eig@gammamix-poisson,24,120.0,240.0,1.8969136060914025,0.03039442203589715,3.4561128766523623,0.0,0.0,0.0,0.0,0.0,2.417040809644373,0.12416871077285473,1.0
gamma,eig@gammamix-poisson,25,15.0,30.0,1.177104836970102,0.008560523958294652,3.9013635992862468,0.0,0.0,0.05914961334758928,0.036350178783752685,0.08338579415543534,4.768475120505067,0.3334762467680699,0.625
gamma,eig@gammamix-poisson,25,30.0,60.0,1.5115811529685743,0.0184406659391243,3.757085109626883,0.0,0.0,0.0,0.036350178783752685,0.009674243647559977,3.661092549988134,0.21951158647114036,1.0
gamma,eig@gammamix-poisson,25,60.0,120.0,2.1586372930032667,0.039077009962056763,3.6397220372882004,0.0,0.0,0.0,0.036350178783752685,0.0328513958479113,2.7600358572778427,0.18351632860452752,1.0
gamma,eig@gammamix-poisson,25,90.0,180.0,2.7287804720108397,0.0568344829371199,3.4661858614851204,0.0,0.0,0.0,0.0,0.0,2.119863106299535,0.15162964590924566,1.0
gamma,eig@gammamix-poisson,25,120.0,240.0,3.277948714036029,0.07713649499055464,3.3336710710317803,0.0,0.0,0.0,0.0,0.0,1.6484036683166652,0.13042336322248474,1.0
gamma,eig@gammamix-poisson,26,15.0,30.0,0.6873668019397883,0.0033122520108008757,3.640630221949755,0.0,0.0,0.0,0.002351964480984292,0.0,4.768785875267658,0.2915838044941765,0.625
gamma,eig@gammamix-poisson,26,30.0,60.0,0.8857426179893082,0.006874055034131743,3.491947056887812,0.0,0.0,0.0,0.0,0.0,2.346947696350156,0.21363555042698723,1.0
gamma,eig@gammamix-poisson,26,60.0,120.0,1.2280377019924344,0.012795435977750458,3.3875955173443266,0.0,0.0,0.0,0.002351964480984292,0.0,2.1948901266206238,0.17254469656700647,1.0
gamma,eig@gammamix-poisson,26,90.0,180.0,1.5455696700373664,0.01900056397425942,3.2914677864130284,0.0,0.0,0.0,0.0,0.0,2.2869585743449985,0.13378492716799947,1.0
gamma,eig@gammamix-poisson,26,120.0,240.0,1.8525409200083232,0.024939963914221153,3.307795466598916,0.0,0.0,0.0,0.002351964480984292,0.04338686315468121,2.063788250873577,0.1370755617582848,1.0
gamma,eig@gammamix-poisson,27,15.0,30.0,0.702865644969279,0.0033161559840664268,4.000867991659072,0.0,0.0,0.0,0.04749291660462107,0.04369470570585854,7.628288469884167,0.31872294135720725,0.625
gamma,eig@gammamix-poisson,27,30.0,60.0,0.8881170249223942,0.006673647949355654,3.676024185519617,0.0,0.0,0.0,0.0,0.00712871640174817,3.4016185998798454,0.20420629441545254,0.9791666666666666
gamma,eig@gammamix-poisson,27,60.0,120.0,1.2222821429168107,0.013208143966039643,3.5971213264786726,0.0,0.0,0.0,0.0,0.00712871640174817,3.5928792694942304,0.18197520969753853,1.0
gamma,eig@gammamix-poisson,27,90.0,180.0,1.5420217048813356,0.01982217695331201,3.4702808686549904,0.0,0.0,0.0,0.0,0.0,3.60191506412937,0.1513992058623081,1.0
gamma,eig@gammamix-poisson,27,120.0,240.0,1.8512429489492206,0.025962829909985885,3.463223750712105,0.0,0.0,0.0,0.0,0.0,3.3465290380628328,0.14340771396431254,1.0
gamma,eig@gammamix-poisson,28,15.0,30.0,0.6992356470000232,0.003753437049454078,4.201928896382035,0.0,0.0,0.0,0.019436058399549427,0.08918943949751146,9.338587903250751,0.28645442393567416,0.625
gamma,eig@gammamix-poisson,28,30.0,60.0,0.8804131030046847,0.00717004707257729,3.902009402404239,0.0,0.0,0.0,0.0,0.0,4.383549581062521,0.21452146302441658,0.8958333333333334
gamma,eig@gammamix-poisson,28,60.0,120.0,1.259762724963366,0.01487869217817206,3.635700112444582,0.0,0.0,0.0,0.0,0.0,2.831456559276936,0.14529068633307432,1.0
gamma,eig@gammamix-poisson,28,90.0,180.0,1.5654146799788577,0.021056572164525278,3.515082453561295,0.0,0.0,0.029445878339418807,0.0,0.0,2.1645584346865365,0.12827781778494954,1.0
gamma,eig@gammamix-poisson,28,120.0,240.0,1.8598290620138869,0.026935954156215303,3.4185523243012916,0.0,0.0,0.0,0.0,0.0,1.9819698763041103,0.0981557303037009,1.0
gamma,eig@gammamix-poisson,29,15.0,30.0,1.2923298019741196,0.008667912043165416,3.934447400285631,0.0,0.0,0.002130258798470952,0.04824114884450659,0.06999565841915112,8.326890079359886,0.3024627942320506,0.625
gamma,eig@gammamix-poisson,29,30.0,60.0,1.6389808689855272,0.018510102076106705,3.75401129903859,0.0,0.0,0.002130258798470952,0.0,0.0,4.172427656877606,0.22917623925703484,0.9375
gamma,eig@gammamix-poisson,29,60.0,120.0,2.2806238169578137,0.037696794053772464,3.5526228951292826,0.0,0.0,0.002130258798470952,0.0,0.0,2.143928870604522,0.16566943163444392,1.0
gamma,eig@gammamix-poisson,29,90.0,180.0,2.8806034010194708,0.05631580107728951,3.4991335027272874,0.0,0.0,0.0,0.0,0.0,2.5829303318462156,0.1547049039373411,1.0
gamma,eig@gammamix-poisson,29,120.0,240.0,3.435268788030953,0.07425076610525139,3.4490144583458586,0.0,0.0,0.002130258798470952,0.0,0.0,2.4763768020236845,0.14133927392365608,1.0
gamma,eig@gammamix-poisson,30,15.0,30.0,1.252039480037638,0.009416743050678633,3.966872163805977,0.0,0.023943279191712574,0.12379297588074412,0.16805479568207937,0.19579330770993675,6.340082721022642,0.26957145695575285,0.625
gamma,eig@gammamix-poisson,30,30.0,60.0,1.5989536410634173,0.019193912026821636,3.765044965319795,0.0,0.0,0.0,0.01378169345346858,0.04756321147349696,3.4808102811522845,0.20657137019290964,0.9583333333333334
gamma,eig@gammamix-poisson,30,60.0,120.0,2.236392512029852,0.039050685067195445,3.6620096758098106,0.0,0.023943279191712574,0.0,0.01378169345346858,0.04756321147349696,3.0972518657918857,0.16811667794463858,1.0
gamma,eig@gammamix-poisson,30,90.0,180.0,2.8231391271256143,0.057719022093806416,3.52398197578586,0.0,0.023943279191712574,0.0,0.01378169345346858,0.04756321147349696,2.649000104688989,0.1287840527283704,1.0
gamma,eig@gammamix-poisson,30,120.0,240.0,3.353970923126326,0.0759591691166861,3.4788616898289195,0.0,0.023943279191712574,0.0,0.01378169345346858,0.0,2.468795726693759,0.12391835856512587,1.0
gamma,eig@gammamix-poisson,31,15.0,30.0,1.2707660899468465,0.009261030005291104,4.276851294710177,0.0,0.1585859675411565,0.2102834094802969,0.2639465124908932,0.23695460558777104,22.71527847352774,0.29806873508437925,0.625
gamma,eig@gammamix-poisson,31,30.0,60.0,1.6059138870041352,0.017846011032816023,3.8220536741518707,0.0,0.0,0.0,0.0,0.0,4.84561423055409,0.19832631884642885,0.9791666666666666
gamma,eig@gammamix-poisson,31,60.0,120.0,2.227578039004584,0.036152042041067034,3.610552325237542,0.0,0.0,0.0,0.0,0.0,4.38477519260037,0.15101976385817023,1.0
gamma,eig@gammamix-poisson,31,90.0,180.0,2.801375523034949,0.05239565100055188,3.539761691006094,0.0,0.0,0.0,0.0,0.0,3.2790593651801196,0.14214371812161677,1.0
gamma,eig@gammamix-poisson,31,120.0,240.0,3.3183781580301,0.06763576608500443,3.47460792047938,0.0,0.0,0.0,0.0,0.0,2.3031876814606607,0.13357126860048882,1.0
gamma,eig@gammamix-poisson,32,15.0,30.0,1.3392771449289285,0.009979845010093413,4.1447197374302185,0.0,0.03239449412261075,1.1102230246251565e-16,1.1102230246251565e-16,0.04082631506281942,7.131756854094747,0.35994340285419796,0.625
gamma,eig@gammamix-poisson,32,30.0,60.0,1.6714627579058288,0.01902561703172978,3.7641782213344217,0.0,0.03239449412261075,1.1102230246251565e-16,0.0068333813239891406,2.220446049250313e-16,3.4608233829730004,0.20746021690883892,0.9375
gamma,eig@gammamix-poisson,32,60.0,120.0,2.2989592638477916,0.03688088203489315,3.5918740538905767,0.06478898824522139,0.03239449412261075,1.1102230246251565e-16,1.1102230246251565e-16,2.220446049250313e-16,2.5745425630774035,0.17424869244493077,1.0
gamma,eig@gammamix-poisson,32,90.0,180.0,2.8753028728970094,0.054263268029899336,3.464602214401909,0.06478898824522139,0.03239449412261075,1.1102230246251565e-16,0.0068333813239891406,2.220446049250313e-16,1.9917027055075207,0.1477054958728178,1.0
gamma,eig@gammamix-poisson,32,120.0,240.0,3.428256355735357,0.07154358609113842,3.4254230777162107,0.06478898824522139,0.03239449412261075,1.1102230246251565e-16,0.0068333813239891406,2.220446049250313e-16,1.9999125847904717,0.13631571182460497,1.0
gamma,eig@gammamix-poisson,33,15.0,30.0,0.657833731995197,0.0028771980141755193,3.876861295920657,0.0,0.0,0.013839177814250925,0.040363904543309514,0.07171622940586386,5.849241818667769,0.31618871906831475,0.625
gamma,eig@gammamix-poisson,33,30.0,60.0,0.8340078999754041,0.005835927033331245,3.5812796173577808,0.0,0.0,0.013839177814250925,0.0,0.0,2.554211518517081,0.18638750860125594,1.0
gamma,eig@gammamix-poisson,33,60.0,120.0,1.1746930779627291,0.01240260896156542,3.3912172321723077,0.0,0.0,0.013839177814250925,0.0,0.0,2.4103350690885357,0.12601550035212164,1.0
gamma,eig@gammamix-poisson,33,90.0,180.0,1.5156190579582471,0.019681663892697543,3.368971155862784,0.0,0.0,0.013839177814250925,0.0,0.0,2.4968528573861146,0.11499305805456254,1.0
gamma,eig@gammamix-poisson,33,120.0,240.0,1.8329629709915025,0.02641313489584718,3.3254494021379983,0.0,0.0,0.013839177814250925,0.0,0.0,1.8891542334806992,0.11669848653400268,1.0
gamma,eig@gammamix-poisson,34,15.0,30.0,0.6732303700118791,0.0033512369700474665,4.4242519592752,0.0,0.022805394304444726,0.04804985452700994,-2.220446049250313e-16,0.049998407324364,9.954192637056165,0.28304255824123076,0.625
gamma,eig@gammamix-poisson,34,30.0,60.0,0.8476573080261005,0.00672197702806443,4.159420557187526,0.0,0.0,0.0,0.02199634950537932,0.0,4.604335294119048,0.21261250675834426,0.875
gamma,eig@gammamix-poisson,34,60.0,120.0,1.1706946330523351,0.013350746055948548,3.9711066015862024,0.0,0.0,0.059351141300459376,0.02199634950537932,0.0,3.878389734058759,0.1720944602919727,1.0
gamma,eig@gammamix-poisson,34,90.0,180.0,1.4818838580540614,0.01958485008799471,3.8691589587787854,0.0,0.0,0.059351141300459376,0.02199634950537932,0.0,3.207439714487995,0.1650509733513662,1.0
gamma,eig@gammamix-poisson,34,120.0,240.0,1.8059337550221244,0.027183057041838765,3.6809964996694227,0.0,0.0,0.0,0.02199634950537932,0.0,2.8008718231459233,0.11221212125868468,1.0
gamma,eig@gammamix-poisson,35,15.0,30.0,0.6686603490379639,0.0031249709572875872,4.184495779816051,0.0,0.08697514857287958,0.06157468593703308,0.05035990715234262,0.08419814097981027,7.444919548701409,0.30703705233476664,0.625
gamma,eig@gammamix-poisson,35,30.0,60.0,0.8441437200672226,0.006306459938059561,4.021607140204669,0.0,0.0029517491116642924,0.06207149578649429,0.05035990715234251,-2.220446049250313e-16,5.563040493456149,0.22274960604307686,0.9583333333333334
gamma,eig@gammamix-poisson,35,60.0,120.0,1.1718073311058106,0.012432520932634361,3.7858546629030676,0.0,0.0029517491116642924,0.0,0.0,0.0,2.9204667321468274,0.1820484751328004,1.0
gamma,eig@gammamix-poisson,35,90.0,180.0,1.4955489020358073,0.01888140689698048,3.566794766771641,0.0,0.0029517491116642924,0.0,0.0,0.0,2.0867260439096733,0.14579711643058912,1.0
gamma,eig@gammamix-poisson,35,120.0,240.0,1.812599094118923,0.025545778800733387,3.4899571543512873,0.0,0.0029517491116642924,0.0,0.0,0.0,1.9092655733830342,0.12875627312723492,1.0
gamma,eig@gammamix-poisson,36,15.0,30.0,1.3288238490058575,0.010326033050660044,4.05454725193849,0.0,0.0,0.0,0.0,0.0,6.2281960824160265,0.34974555304848287,0.625
gamma,eig@gammamix-poisson,36,30.0,60.0,1.6807513809471857,0.020275531060178764,3.97248023828393,0.0,0.0,0.0,0.0,0.0,5.419328427978277,0.2661802864522576,1.0
gamma,eig@gammamix-poisson,36,60.0,120.0,2.3409404319390887,0.04256069716939237,3.802294337918602,0.0,0.0,0.0024422054141025606,0.0,0.0,4.457706037244088,0.2300322227126402,1.0
gamma,eig@gammamix-poisson,36,90.0,180.0,2.963976022947463,0.06311316820210777,3.4938592089807567,0.0,0.0,0.0024422054141025606,0.0,0.0,2.3966558008473386,0.17447368258220353,1.0
gamma,eig@gammamix-poisson,36,120.0,240.0,3.579270423957496,0.08338374012964778,3.465778850350219,0.0,0.0,0.0024422054141025606,0.0,0.0,2.708243351772529,0.16632483912461696,1.0
gamma,eig@gammamix-poisson,37,15.0,30.0,1.2982617629313609,0.010980362974805757,4.01186396772603,0.0,0.13707754433344643,0.018495426729791875,0.0,0.05905965433934213,6.655054477161928,0.29586403878576706,0.625
gamma,eig@gammamix-poisson,37,30.0,60.0,1.673982289939886,0.021836656975210644,3.817020251884449,0.0,0.0,0.0,0.0,0.0,5.031144594654549,0.20993600139245505,1.0
gamma,eig@gammamix-poisson,37,60.0,120.0,2.3097599179309327,0.041779708946705796,3.5058204049998003,0.0,0.0,0.0,0.0,0.0,2.019688506039497,0.15107455283638332,1.0
gamma,eig@gammamix-poisson,37,90.0,180.0,2.902672167867422,0.061003103881375864,3.461151831299407,0.0,0.0,0.0,0.0,0.0,1.9381350161288764,0.14209950213065745,1.0
gamma,eig@gammamix-poisson,37,120.0,240.0,3.5055552498670295,0.07986659395101015,3.414710426132096,0.0,0.0,0.0,0.0,0.0,1.5226965892514917,0.13705272728495402,1.0
gamma,eig@gammamix-poisson,38,15.0,30.0,0.6427290859865025,0.0027870480116689578,4.339911434034993,0.0,0.03706275881685839,0.13149704013898944,0.11400492532812412,0.10547560892347985,17.21223260493502,0.3591838224037679,0.625
gamma,eig@gammamix-poisson,38,30.0,60.0,0.8046274939988507,0.0055274440528592095,4.016231192459974,0.0,0.03706275881685839,0.0,0.0,0.0,6.829619580936472,0.2355754326655582,0.8125
gamma,eig@gammamix-poisson,38,60.0,120.0,1.1319563460274367,0.011105896017397754,3.8866135277034775,0.0,0.0,0.0,0.0,0.0,5.17672572833724,0.17888576688241553,1.0
gamma,eig@gammamix-poisson,38,90.0,180.0,1.4245068799791625,0.01655749099154491,3.8495004597580453,0.0,0.0,0.0,0.0,0.0,4.4948520700776236,0.15941230229094838,1.0
gamma,eig@gammamix-poisson,38,120.0,240.0,1.7238958760281093,0.022081925024394877,3.6291170115919926,0.0,0.0,0.0,0.0,0.0,3.229017569141351,0.11618961403544817,1.0
gamma,eig@gammamix-poisson,39,15.0,30.0,1.235873489989899,0.009530517010716721,4.189137839036341,0.0,0.01100584692120965,0.007995510443630893,0.01955871913158891,0.0,8.521626796079502,0.28674468286969124,0.625
gamma,eig@gammamix-poisson,39,30.0,60.0,1.549440718954429,0.019171808031387627,3.9356023420991035,0.0,0.01100584692120965,0.007995510443630893,0.0,0.0,4.569656891539274,0.21076159894904486,0.8958333333333334
gamma,eig@gammamix-poisson,39,60.0,120.0,2.175184691004688,0.03716685497784056,3.689294401309164,0.0,0.01100584692120965,0.0,0.0,0.0,3.7609799866741653,0.1511274418744079,1.0
gamma,eig@gammamix-poisson,39,90.0,180.0,2.699103720020503,0.054205393040319905,3.554957755544507,0.0,0.01100584692120965,0.0,0.0,0.0,2.741907707497187,0.12774051236996506,1.0
gamma,eig@gammamix-poisson,39,120.0,240.0,3.2209637280611787,0.07126524909108412,3.473203542755787,0.0,0.01100584692120965,0.0,0.0,0.0,2.3297546680832077,0.11794369092473177,1.0
gamma,eig@gammamix-poisson,40,15.0,30.0,1.355741184015642,0.009474509992287494,4.363882474315873,0.0,0.12037213411183356,0.08830428453895323,0.18604998527281735,0.21529535544889833,17.54538796477528,0.3349943579352904,0.625
gamma,eig@gammamix-poisson,40,30.0,60.0,1.7112920449726516,0.01953662898449693,4.009169678910543,0.0,0.0,0.0,0.0,0.0,5.550618590300849,0.2184173367448207,0.8125
gamma,eig@gammamix-poisson,40,60.0,120.0,2.3874063300609123,0.03938252893567551,3.799881235517945,0.0,0.0,0.0,0.0,0.013073493288629834,5.078730061834843,0.15506096011734882,1.0
gamma,eig@gammamix-poisson,40,90.0,180.0,2.9905097280134214,0.0577817208977649,3.7419941564678934,0.0,0.0,0.0,0.0,0.0,4.544935261823638,0.1411816005824361,1.0
gamma,eig@gammamix-poisson,40,120.0,240.0,3.3654277899040608,0.06699465595011134,3.6358543605149904,0.0,0.0,0.0,0.0,0.0,3.450307624843075,0.1263172165675855,1.0
gamma,eig@gammamix-poisson,41,15.0,30.0,0.6397367020399543,0.002710667991777882,4.050031301617057,0.0,0.0,0.0,0.028561824034187056,0.05083448549621283,8.409064443859663,0.29397662750784054,0.625
gamma,eig@gammamix-poisson,41,30.0,60.0,0.8215962380636483,0.005623081990052015,3.7864842883632135,0.0,0.0,0.0017835516751225633,0.0015835085220596845,0.02656339122065343,4.107932327984954,0.20149454217894686,1.0
gamma,eig@gammamix-poisson,41,60.0,120.0,1.1540774571039947,0.011338890937622637,3.5316702045136417,0.0,0.0,0.0017835516751225633,0.0015835085220596845,0.0,2.541897385491367,0.1491302195770918,1.0
gamma,eig@gammamix-poisson,41,90.0,180.0,1.4819361421396025,0.017084824838093482,3.4038320044236,0.0,0.0,0.0017835516751225633,0.0015835085220596845,0.0,2.0441674883852587,0.1181297467151632,1.0
gamma,eig@gammamix-poisson,41,120.0,240.0,1.7688329411466839,0.022390902755432762,3.34966763534887,0.0,0.0,0.0017835516751225633,0.0015835085220596845,0.0,1.5982445138540244,0.11487746717436599,1.0
gamma,eig@gammamix-poisson,42,15.0,30.0,0.6465934680309147,0.002840471948729828,4.169698223897468,0.0,0.0,0.0,0.030315064866295982,0.0,9.758514904415847,0.2796814001184324,0.625
gamma,eig@gammamix-poisson,42,30.0,60.0,0.8160060009686276,0.005680601927451789,3.8851378941914905,0.0,0.0,0.0,0.0,0.0,5.875990154901932,0.21104265881766537,0.875
gamma,eig@gammamix-poisson,42,60.0,120.0,1.1594364429474808,0.011764063965529203,3.676520100667839,0.0,0.0,0.0,0.0,0.0,3.7774790110601817,0.15212836937579788,1.0
gamma,eig@gammamix-poisson,42,90.0,180.0,1.4598861590202432,0.017158746981294826,3.494871941769761,0.0,0.0,0.0,0.0,0.0,3.2260253587207606,0.10529748875780408,1.0
gamma,eig@gammamix-poisson,42,120.0,240.0,1.7598022730526282,0.023269599012564868,3.3886614322262525,0.0,0.0,0.0,0.0,0.0,2.159031717308542,0.08857241826985256,1.0
gamma,eig@gammamix-poisson,43,15.0,30.0,0.7655032170296181,0.003120441993814893,4.1846583019407175,0.0,0.0,0.008781444816091777,0.08182672094347554,0.06693536607992301,8.831159042135445,0.30425911328387345,0.625
gamma,eig@gammamix-poisson,43,30.0,60.0,0.9570177200221224,0.0061174529255367815,3.9140310802633036,0.0,0.0,0.008781444816091777,0.0027292789219099944,1.1102230246251565e-16,4.769398070982339,0.229429134819442,1.0
gamma,eig@gammamix-poisson,43,60.0,120.0,1.2762174391100416,0.011370556865585968,3.5754825325703723,0.0,0.0,0.008781444816091777,0.0027292789219099944,1.1102230246251565e-16,2.7664190151900914,0.15124426628624033,1.0
gamma,eig@gammamix-poisson,43,90.0,180.0,1.5794111601135228,0.01667914292193018,3.47111418977849,0.0,0.0,0.008781444816091777,0.007161899786049419,1.1102230246251565e-16,2.413580360857411,0.135064020702597,1.0
gamma,eig@gammamix-poisson,43,120.0,240.0,1.8686161610676209,0.02204073684697505,3.444138099006979,0.0,0.0,0.008781444816091777,0.007161899786049419,1.1102230246251565e-16,2.3474037936682564,0.13123766401085707,1.0
gamma,eig@gammamix-poisson,44,15.0,30.0,0.6739163960446604,0.0032593579671811312,4.02446686931917,0.0,0.0,0.0,0.0343445904825862,0.062188700753549986,9.21891346684703,0.33450230320843194,0.625
gamma,eig@gammamix-poisson,44,30.0,60.0,0.8520060841110535,0.006100607934058644,3.8750055537442356,0.0,0.0,0.0,0.0,0.030783014531283515,5.276538690244352,0.22833016983811502,1.0
gamma,eig@gammamix-poisson,44,60.0,120.0,1.1757353231078014,0.011751449826988392,3.4814054226726605,0.0,0.0,0.0,0.0,0.0,2.676733320704924,0.14069369427043885,1.0
gamma,eig@gammamix-poisson,44,90.0,180.0,1.49213938707544,0.01850160292815417,3.368246053120965,0.0,0.0,0.0,0.0,0.0,2.1325627355011094,0.12159075073054824,1.0
gamma,eig@gammamix-poisson,44,120.0,240.0,1.8084320911148097,0.026384981887531467,3.303288765443364,0.0,0.0,0.0,0.0,0.0,1.9931968867014391,0.10767427098801248,1.0
gamma,eig@gammamix-poisson,45,15.0,30.0,0.9770656610053265,0.005230407070484944,3.9521046049732824,0.0,0.04916122588640026,0.07770641705469994,0.06835070632269491,0.07615844170590735,9.484189179357399,0.3315850393183895,0.625
gamma,eig@gammamix-poisson,45,30.0,60.0,1.2070299390034052,0.009767500087036751,3.760159931372209,0.0,0.04916122588640026,0.0,0.00534470962289213,0.005282047463974648,4.280622509966642,0.2195052239640901,1.0
gamma,eig@gammamix-poisson,45,60.0,120.0,1.5642268789815716,0.018336667155381292,3.5041054211466633,0.0,0.04916122588640026,0.0,0.00534470962289213,0.005282047463974648,2.5025146603556854,0.16204811309094272,1.0
gamma,eig@gammamix-poisson,45,90.0,180.0,1.8574630390066886,0.025787046237383038,3.407970709697564,0.0,0.04916122588640026,0.0,0.00534470962289213,0.022936467545341954,2.3978138778751474,0.1295759709179536,1.0
gamma,eig@gammamix-poisson,45,120.0,240.0,2.1415934040560387,0.03268952226790134,3.341315039560756,0.0,0.04916122588640026,0.0,0.00534470962289213,0.005282047463974648,1.8626990649318802,0.12435709569182327,1.0
gamma,eig@gammamix-poisson,46,15.0,30.0,0.8878918110276572,0.004937353020068258,4.370193210459113,0.0,0.01435492794788118,1.1102230246251565e-16,2.220446049250313e-16,0.007037782279804561,9.143718714846996,0.3023789820101852,0.625
gamma,eig@gammamix-poisson,46,30.0,60.0,1.0736996610357892,0.009143595962086692,4.042296483952184,0.0,0.0,0.0,0.0,0.00703778227980445,4.2406946242998105,0.2086952504313094,0.8125
gamma,eig@gammamix-poisson,46,60.0,120.0,1.3725815070065437,0.016626582873868756,3.7876432854056667,0.0,0.0,0.0,0.0,0.024135283725561618,3.401897137016765,0.13000221895391362,1.0
gamma,eig@gammamix-poisson,46,90.0,180.0,1.6574461620330112,0.024889277847250924,3.653959538870943,0.0,0.0,0.0,0.0,0.0,2.746033042168902,0.10978471381082987,1.0
gamma,eig@gammamix-poisson,46,120.0,240.0,1.9346682970353868,0.032620259866234846,3.5833537972699125,0.0,0.0,0.0,0.0,0.0,2.368727115822934,0.09748587770935946,1.0
gamma,eig@gammamix-poisson,47,15.0,30.0,0.6508115429314785,0.0028648130246438086,3.8735924476093433,0.0,0.027998849679309656,1.1102230246251565e-16,0.010212409139881973,1.1102230246251565e-16,5.365475167447498,0.3318672436008646,0.625
gamma,eig@gammamix-poisson,47,30.0,60.0,0.8751010689156828,0.0077393030223902315,3.7020256332295762,0.0,0.027998849679309656,1.1102230246251565e-16,0.010212409139881973,1.1102230246251565e-16,4.382746461498011,0.21342731336022727,0.9791666666666666
gamma,eig@gammamix-poisson,47,60.0,120.0,1.3100109799415804,0.01867347005463671,3.5754316700274864,0.0,0.027998849679309656,1.1102230246251565e-16,1.1102230246251565e-16,1.1102230246251565e-16,3.034007639890084,0.1948706825809713,1.0
gamma,eig@gammamix-poisson,47,90.0,180.0,1.6230272229149705,0.02630675202817656,3.4761677004486606,0.0,0.0,0.0,0.0,0.0,2.6469802609614668,0.1624658049224359,1.0
gamma,eig@gammamix-poisson,47,120.0,240.0,1.9138895719952416,0.03354325309919659,3.43031454160546,0.0,0.027998849679309656,1.1102230246251565e-16,1.1102230246251565e-16,1.1102230246251565e-16,2.889256396099093,0.1494407481590975,1.0
gamma,eig@gammamix-poisson,48,15.0,30.0,0.6571126509516034,0.004133182956138626,4.002643566944925,0.04589640525670624,0.11142265273968599,0.0,0.0,0.0,6.293813106238162,0.2938215928975008,0.625
gamma,eig@gammamix-poisson,48,30.0,60.0,0.8454195939702913,0.00844573593349196,3.881681055053047,0.04589640525670624,0.0,0.0,0.0253042719640737,0.0,4.838684640286267,0.2403594153318569,1.0
gamma,eig@gammamix-poisson,48,60.0,120.0,1.1870770930545405,0.01672288686677348,3.6310775748235837,0.04589640525670624,0.0,0.0,0.0,0.0,4.290020572742614,0.16845606299543855,1.0
gamma,eig@gammamix-poisson,48,90.0,180.0,1.4848503910325235,0.023997838827199303,3.5900564296988047,0.04589640525670624,0.0,0.0,0.0,0.0,3.915711933088824,0.1564862624321916,1.0
gamma,eig@gammamix-poisson,48,120.0,240.0,1.7671040380082559,0.03132701379945502,3.521277454749113,0.04589640525670624,0.0,0.0,0.0,0.0,3.250231292149005,0.14572747688523233,1.0
gamma,eig@gammamix-poisson,49,15.0,30.0,0.6745764180232072,0.004091509952559136,4.1095352074900005,0.0,0.0,0.0,0.0,0.032573551076133356,7.865584043437334,0.33567722708922565,0.625
gamma,eig@gammamix-poisson,49,30.0,60.0,0.8351400219544303,0.00794090295676142,3.758122985518522,0.0,0.0,0.0,0.0,0.0,3.472761829590255,0.2344071630505005,0.9375
gamma,eig@gammamix-poisson,49,60.0,120.0,1.1564403429656522,0.016008579957997426,3.549826082391912,0.0,0.0,0.0,0.0,0.004881392085044012,2.5963171251878334,0.1854790299340546,1.0
gamma,eig@gammamix-poisson,49,90.0,180.0,1.4211339669273002,0.02246263991401065,3.5011164921154023,0.0,0.0,0.0,0.0,0.004881392085044012,2.6137304614030406,0.1740205625424506,1.0
gamma,eig@gammamix-poisson,49,120.0,240.0,1.6526298138924176,0.028314487979514524,3.4786584636635314,0.0,0.0,0.0,0.0,0.0,2.6691603921977234,0.1648883302505439,1.0
gamma,eig@gamma-poisson,0,15.0,30.0,0.08198342699324712,6.028200368746184e-05,4.282861436311642,0.0,0.0,0.0,0.0038796653735284625,0.0,6.0525427408209245,0.29821226955980423,0.625
gamma,eig@gamma-poisson,0,30.0,60.0,0.10387399997853208,0.00011462100155767985,4.069489044637626,0.0,0.0,0.005756135764573456,0.0038796653735285735,0.004213102712073313,4.213120215443535,0.24594163209557762,0.8541666666666666
gamma,eig@gamma-poisson,0,60.0,120.0,0.14326100898324512,0.00022499000988318585,3.803080535906036,0.0,0.0,0.0,0.005094084206732852,0.0010043947198603576,3.301221672510468,0.18304525537591057,1.0
gamma,eig@gamma-poisson,0,90.0,180.0,0.1810605269856751,0.0003356210145284422,3.7667595548250383,0.0,0.0,0.007299204900065637,0.005094084206732741,0.004213102712073313,3.308264692401501,0.169334126808323,1.0
gamma,eig@gamma-poisson,0,120.0,240.0,0.2205686499873991,0.000443983000877779,3.6199495894208886,0.0,0.0,0.0008265416819995819,0.005744585057252616,0.0010043947198602465,2.7913839237004976,0.1490918243822591,1.0
gamma,eig@gamma-poisson,1,15.0,30.0,0.10478717399018933,7.728400305495597e-05,4.189660717310448,0.0,0.008221238031002831,0.01993952313716818,0.0975610543385329,0.09645210907280144,8.330391778354175,0.3452339912356603,0.625
gamma,eig@gamma-poisson,1,30.0,60.0,0.132069370993122,0.0001593450033396948,4.043654462026947,0.0,0.008221238031002831,0.01993952313716818,1.1102230246251565e-16,2.220446049250313e-16,4.745615629952345,0.2798013094818169,0.8125
gamma,eig@gamma-poisson,1,60.0,120.0,0.18239231500774622,0.0003380410162208136,3.7793973929054334,0.0,0.008221238031002831,0.01993952313716818,1.1102230246251565e-16,2.220446049250313e-16,3.692748304937586,0.210168307683998,1.0
gamma,eig@gamma-poisson,1,90.0,180.0,0.23166662199582788,0.000536375016963575,3.633629432588576,0.0,0.027876232737729767,0.01993952313716818,1.1102230246251565e-16,2.220446049250313e-16,3.009425772912288,0.1828316288849756,1.0
gamma,eig@gamma-poisson,1,120.0,240.0,0.2802856570087897,0.0007170510252763052,3.5588443979233593,0.0,0.027876232737729767,0.01993952313716818,1.1102230246251565e-16,2.220446049250313e-16,2.670065015406981,0.1795224632397226,1.0
gamma,eig@gamma-poisson,2,15.0,30.0,0.08821155499754241,6.391701026586816e-05,4.08386393800286,0.0,0.004212361697546463,0.0881516180256049,0.0,0.0,5.040023652587142,0.3462232311957586,0.625
gamma,eig@gamma-poisson,2,30.0,60.0,0.11010283700670698,0.00012673201854340732,3.8113201929750495,0.0,0.004212361697546463,-2.220446049250313e-16,0.0,0.0,3.3333469698988494,0.23378718764342032,0.8125
gamma,eig@gamma-poisson,2,60.0,120.0,0.15020573300353135,0.00026565201915218495,3.705326949346162,0.0,0.004212361697546463,-2.220446049250313e-16,0.0,0.0,3.1519735093728563,0.19915389689974516,1.0
gamma,eig@gamma-poisson,2,90.0,180.0,0.18731740699513466,0.00039799803926143795,3.529005191011528,0.0,0.004212361697546463,-2.220446049250313e-16,0.0,0.0,2.6326627549534973,0.16336730888361747,1.0
gamma,eig@gamma-poisson,2,120.0,240.0,0.22471213198514306,0.0005231210270721931,3.472163019038593,0.0,0.004212361697546463,-2.220446049250313e-16,0.0,0.0,2.378853800064353,0.16290376152163805,1.0
gamma,eig@gamma-poisson,3,15.0,30.0,0.1085372380039189,0.00010067499897559173,4.1248039219774615,0.0,0.0,0.0,0.04265422413081188,0.03880810534165291,7.286600614831704,0.2875546687531239,0.625
gamma,eig@gamma-poisson,3,30.0,60.0,0.1365612180015887,0.0001999019914364908,3.941485608530385,0.0,0.0,0.0,0.020676605489554523,0.04119518636137709,5.6484781013694105,0.22526586216438,0.8125
gamma,eig@gamma-poisson,3,60.0,120.0,0.18638817300961819,0.00036847898809355684,3.6654464440307386,0.0,0.0,0.0,0.020676605489554523,0.04613214458328496,3.616150809144729,0.1589352099861407,1.0
gamma,eig@gamma-poisson,3,90.0,180.0,0.23476137202305836,0.0005618699906335678,3.5915472510798048,0.0,0.0,0.0,0.020676605489554523,0.04119518636137709,3.2574587150251606,0.14978069009833647,1.0
gamma,eig@gamma-poisson,3,120.0,240.0,0.2813564240495907,0.0007278789962583687,3.5413895888417297,0.0,0.0,0.0,0.020676605489554523,0.04119518636137709,2.4396595657269593,0.1413448607958973,1.0
gamma,eig@gamma-poisson,4,15.0,30.0,0.08320972898945911,6.165399099700153e-05,4.246421935152811,0.0,0.0,0.0,0.03128362981827926,0.0,7.795355289316691,0.2834051741582946,0.625
gamma,eig@gamma-poisson,4,30.0,60.0,0.10519538598236977,0.00012382800923660398,3.976013827572073,0.0,0.0,0.0,0.0,0.0,3.9581222394441125,0.21169695530981358,0.8125
gamma,eig@gamma-poisson,4,60.0,120.0,0.14609027299229638,0.0002687350170162972,3.7732597518978093,0.0,0.0,0.0,0.0,0.0,3.0084424079482233,0.17133695154240783,1.0
gamma,eig@gamma-poisson,4,90.0,180.0,0.18390296699362807,0.0003962960254284553,3.778504015980721,0.0,0.0,0.0,0.0,0.000937328298248552,3.0750294537606653,0.1745805543280556,1.0
gamma,eig@gamma-poisson,4,120.0,240.0,0.2231406239880016,0.000521958019817248,3.6234919619573565,0.0,0.0,0.0,0.0,0.000937328298248552,2.6014443700671412,0.15722656552755673,1.0
gamma,eig@gamma-poisson,5,15.0,30.0,0.11178918999212328,9.620698256185278e-05,4.314296811831313,0.3069068889619251,0.0,0.0,0.0,0.03615628547915428,7.786960269147212,0.29164165062968767,0.625
gamma,eig@gamma-poisson,5,30.0,60.0,0.13868083097986528,0.0001781419778126292,3.9304218875443553,0.0,0.0,0.0,0.0,0.0,4.324042875848212,0.19856044478399426,0.8125
gamma,eig@gamma-poisson,5,60.0,120.0,0.18574801197246416,0.00032456197004648857,3.7470865395228414,0.0,0.0,0.0,0.0,0.0,3.3877316376649573,0.1535494512336573,1.0
gamma,eig@gamma-poisson,5,90.0,180.0,0.2300551259831991,0.0004952709532517474,3.6646785046572616,0.0,0.02480729230392753,0.0,0.0,0.0,2.9700142244025343,0.14603698646515773,1.0
gamma,eig@gamma-poisson,5,120.0,240.0,0.27512993597702007,0.0006636369325860869,3.590125706261116,0.0,0.02480729230392753,0.0,0.0,0.0,2.903191805103284,0.12764531865121473,1.0
gamma,eig@gamma-poisson,6,15.0,30.0,0.08443294400058221,8.185399565263651e-05,4.148169183506024,0.0,0.0,0.0,0.0,0.06453752429432003,6.8258742785071105,0.27217126548712195,0.625
gamma,eig@gamma-poisson,6,30.0,60.0,0.11159009299808531,0.00018813100177794695,3.998366013802323,0.0,0.0,0.0,0.026670367214759905,0.023540992894205637,4.9894857258444265,0.2262147792734035,0.8125
gamma,eig@gamma-poisson,6,60.0,120.0,0.15104060100929928,0.00032018600177252665,3.8685481830902995,0.0,0.0,0.0,0.026670367214759905,0.023540992894205637,3.9668701735006544,0.20328146096877153,1.0
gamma,eig@gamma-poisson,6,90.0,180.0,0.19022013901121682,0.0004934710050292779,3.7555353753202407,0.0,0.0,0.0,0.0,0.023540992894205637,3.3716498537197968,0.1945940444747645,1.0
gamma,eig@gamma-poisson,6,120.0,240.0,0.22896082100851345,0.0006460970143962186,3.703458789271862,0.0,0.0,0.0,0.0,0.023540992894205637,2.7558775415993537,0.20446442324396122,1.0
gamma,eig@gamma-poisson,7,15.0,30.0,0.10402786400663899,8.616199556854554e-05,4.001893980063222,0.0,0.024722137368705543,1.1102230246251565e-16,2.220446049250313e-16,1.1102230246251565e-16,4.346755766363889,0.31252762001607526,0.625
gamma,eig@gamma-poisson,7,30.0,60.0,0.12881285601179115,0.00016631199832772836,3.8424578413528647,0.0,0.024722137368705543,1.1102230246251565e-16,2.220446049250313e-16,1.1102230246251565e-16,3.4472227361087415,0.22504199005293413,0.8125
gamma,eig@gamma-poisson,7,60.0,120.0,0.17490817000725656,0.00032006699257181026,3.7133233158811905,0.0,0.024722137368705543,1.1102230246251565e-16,0.004190406438799643,1.1102230246251565e-16,2.395258973040964,0.20825955422314052,1.0
gamma,eig@gamma-poisson,7,90.0,180.0,0.2186691300048551,0.0004907839975203387,3.6188079533353332,0.0,0.0,0.0,0.004190406438799643,1.1102230246251565e-16,2.0104678101356552,0.20627194239228386,1.0
gamma,eig@gamma-poisson,7,120.0,240.0,0.26415124700724846,0.0006783340031688567,3.551571298741473,0.0,0.024722137368705543,1.1102230246251565e-16,0.004190406438799643,1.1102230246251565e-16,1.903849189419035,0.18378710134620008,1.0
gamma,eig@gamma-poisson,8,15.0,30.0,0.09762087399940356,7.37349982955493e-05,4.262264878605517,0.0,0.052609581778371495,0.03979093964152902,0.0,0.0,6.769587811155433,0.32904568157559577,0.625
gamma,eig@gamma-poisson,8,30.0,60.0,0.12015624099512934,0.00015639898992958479,4.145971809146213,0.0,0.0,0.0,0.0,0.0,5.223350311695855,0.28775407767001165,0.8125
gamma,eig@gamma-poisson,8,60.0,120.0,0.1600618540069263,0.0002936429846158717,3.8089077148290813,0.0,0.0,0.0,0.0,0.0,4.622337302818567,0.17491543025021553,1.0
gamma,eig@gamma-poisson,8,90.0,180.0,0.20011922101912205,0.0004279199965822045,3.6170628901781403,0.0,0.0,0.0,0.0,0.0,3.1403782832827423,0.14558162625781615,1.0
gamma,eig@gamma-poisson,8,120.0,240.0,0.23876744103836245,0.0005320369964465499,3.511990994291477,0.0,0.0,0.0,0.0,0.0,2.1144523065608682,0.14011734678177715,1.0
gamma,eig@gamma-poisson,9,15.0,30.0,0.10491890399862314,7.806100256857462e-05,4.1263676913257825,0.014757859359060599,0.0,0.0,0.08494049684550942,0.07416855963482216,6.129637571133427,0.26405540743954004,0.625
gamma,eig@gamma-poisson,9,30.0,60.0,0.13154979300088598,0.00016258799223578535,3.8299673124835656,0.014757859359060599,0.0,0.0,0.012204171546050135,-2.220446049250313e-16,3.3992658950753705,0.17806485487779533,0.8125
gamma,eig@gamma-poisson,9,60.0,120.0,0.18080247500620317,0.00030687098478665575,3.6882316619576727,0.014757859359060599,0.0,0.0,0.012204171546050135,-2.220446049250313e-16,3.0933212101624123,0.1746312405351966,1.0
gamma,eig@gamma-poisson,9,90.0,180.0,0.22896970502551994,0.0004597759871103335,3.643613572218498,0.014757859359060599,0.0,0.0,0.012204171546050135,-2.220446049250313e-16,3.0196743103367356,0.16752746737181642,1.0
gamma,eig@gamma-poisson,9,120.0,240.0,0.27765921103127766,0.0006184399644553196,3.649757193202945,0.014757859359060599,0.0,0.0,0.012204171546050135,-2.220446049250313e-16,3.1273196164540225,0.18199843634938254,1.0
gamma,eig@gamma-poisson,10,15.0,30.0,0.10480738499609288,9.20530037546996e-05,4.221453008313794,0.0,0.026567540234695097,0.0,0.013782119639858648,0.0,6.454706018908112,0.31786727475534454,0.625
gamma,eig@gamma-poisson,10,30.0,60.0,0.13151440400179126,0.00016526000035810284,4.030427121759942,0.0,0.08306699098533599,0.06802488690124953,0.0,0.0,4.537856191013482,0.24231976260419447,0.8125
gamma,eig@gamma-poisson,10,60.0,120.0,0.18099920200984343,0.0003127089839836117,3.852825056254526,0.0,0.026567540234695097,0.0,0.0,0.011470549888380366,3.6405242764414534,0.2060283519115476,1.0
gamma,eig@gamma-poisson,10,90.0,180.0,0.22870798502117395,0.0004586309842125047,3.6366977984721784,0.0,0.026567540234695097,0.0,0.0,0.0,2.943577906081302,0.1590781580098086,1.0
gamma,eig@gamma-poisson,10,120.0,240.0,0.27688910002689227,0.0006186409773363266,3.6062749800534397,0.0,0.026567540234695097,0.0,0.0,0.0,2.814857173098935,0.159534994101149,1.0
gamma,eig@gamma-poisson,11,15.0,30.0,0.08197654401010368,7.265299063874409e-05,4.345051589591879,0.0,0.0,0.0,0.01255707017399954,-2.220446049250313e-16,8.080221229693832,0.3279496529074722,0.625
gamma,eig@gamma-poisson,11,30.0,60.0,0.1044922320106707,0.0001384739953209646,4.0757770599683845,0.0,0.027257968828325874,2.220446049250313e-16,0.012557070173999874,1.1102230246251565e-16,4.46228125895924,0.24331652463614287,0.8125
gamma,eig@gamma-poisson,11,60.0,120.0,0.14395579502161127,0.00025384200125699863,3.7750260721494464,0.0,0.027257968828325874,2.220446049250313e-16,0.012557070173999874,1.1102230246251565e-16,3.052991384454556,0.16935060262798232,1.0
gamma,eig@gamma-poisson,11,90.0,180.0,0.18185198402352398,0.00036133201865595765,3.5907997254463737,0.0,0.027257968828325874,2.220446049250313e-16,0.012557070173999874,1.1102230246251565e-16,2.7317501262650405,0.1093626918369548,1.0
gamma,eig@gamma-poisson,11,120.0,240.0,0.22075388400480733,0.0004785290038853418,3.5673797275862995,0.0,0.027257968828325874,2.220446049250313e-16,1.1102230246251565e-16,0.0,2.649862900094042,0.12651841050363621,1.0
gamma,eig@gamma-poisson,12,15.0,30.0,0.10371084500366123,9.568000677973032e-05,4.400018287683312,0.0,0.12616253667061994,0.014973777011987544,0.0,0.008729902321329086,7.335444003530463,0.35821403969073595,0.625
gamma,eig@gamma-poisson,12,30.0,60.0,0.13100110600498738,0.00019003501438419335,4.139081179471549,0.0,0.0,0.014973777011987544,0.0,0.0,5.588917721389832,0.2874563815139515,0.8125
gamma,eig@gamma-poisson,12,60.0,120.0,0.18180850801581983,0.0003686090203700587,3.8250042737229974,0.0,0.0,0.0,0.0,0.0,3.83146505174106,0.17123415683381452,1.0
gamma,eig@gamma-poisson,12,90.0,180.0,0.2302654350096418,0.0005146940166014247,3.680252053279156,0.0,0.0,0.0,0.0,0.0,3.2501793014391653,0.1494359884901872,1.0
gamma,eig@gamma-poisson,12,120.0,240.0,0.2781205190185574,0.0006570969999302179,3.6449702124342047,0.0,0.0,0.0,0.0,0.0,2.9859197851547563,0.15451971367850234,1.0
gamma,eig@gamma-poisson,13,15.0,30.0,0.10355839699332137,0.00010615100109134801,4.268975156996599,0.0,0.03511199799371867,-2.220446049250313e-16,-2.220446049250313e-16,0.006262076644404702,10.869047989731163,0.3078850416613116,0.625
gamma,eig@gamma-poisson,13,30.0,60.0,0.131386343997292,0.00021983600163366646,3.9234074437490443,0.0,0.03511199799371867,-2.220446049250313e-16,-2.220446049250313e-16,-2.220446049250313e-16,5.121968785792636,0.22172142050672444,0.8125
gamma,eig@gamma-poisson,13,60.0,120.0,0.18181563100370113,0.0003750810028577689,3.8483220691468087,0.0,0.0,0.029832824821793724,0.0,0.006262076644404702,5.563137729136266,0.2073566519534661,1.0
gamma,eig@gamma-poisson,13,90.0,180.0,0.22966364799503936,0.0005287300009513274,3.6969659237392207,0.0,0.0,0.0,0.0,0.0,3.7698260359506,0.19187703802207642,1.0
gamma,eig@gamma-poisson,13,120.0,240.0,0.27634481599670835,0.0006785199911973905,3.4887237893906744,0.0,0.0,0.0,0.0,0.0,1.952396570094593,0.12937129826923666,1.0
gamma,eig@gamma-poisson,14,15.0,30.0,0.10682699599783518,9.92270142887719e-05,4.0231285726109824,0.0,0.0,0.01125860097624376,0.043679532382277064,0.040678593122724815,5.305675224125666,0.23701312218249831,0.625
gamma,eig@gamma-poisson,14,30.0,60.0,0.1349786669925379,0.00018226202155346982,3.872750842442796,0.0,0.0,0.01125860097624376,0.02910497589256822,0.02710536051115975,3.8307007620294624,0.20416004595747375,0.8125
gamma,eig@gamma-poisson,14,60.0,120.0,0.18879529499463388,0.000354711024556309,3.662865312239156,0.0,0.0,0.01125860097624376,-2.220446049250313e-16,0.0010164281832172328,2.6204717463580076,0.1666433397327659,1.0
gamma,eig@gamma-poisson,14,90.0,180.0,0.2365708939905744,0.0005268750282994006,3.566944269232469,0.0,0.0,0.01125860097624376,-2.220446049250313e-16,0.0010164281832172328,3.0563560456916736,0.14136250445410764,1.0
gamma,eig@gamma-poisson,14,120.0,240.0,0.28478399699088186,0.0006961810213397257,3.495625922316396,0.0,0.0,0.01125860097624376,-2.220446049250313e-16,-2.220446049250313e-16,3.1348303956608157,0.13681081525280117,1.0
gamma,eig@gamma-poisson,15,15.0,30.0,0.08216458699462237,5.6378008594037965e-05,4.5092405000562295,0.0,0.0,0.038779133279635336,0.013037193985234063,0.06268193542259604,11.473628312681342,0.33421860386802943,0.625
gamma,eig@gamma-poisson,15,30.0,60.0,0.1040838330045517,0.00012050401710439473,4.091300026218008,0.0,0.0,0.038779133279635336,0.033165800257869416,0.0,5.3080646340587645,0.2558550186143333,0.8125
gamma,eig@gamma-poisson,15,60.0,120.0,0.14427985901784268,0.0002373500210524071,3.8007194191774984,0.0,0.0,0.038779133279635336,0.033165800257869416,0.0,4.576207382595278,0.15760763237942046,1.0
gamma,eig@gamma-poisson,15,90.0,180.0,0.18244889101333683,0.0003622870244726073,3.7268318073831783,0.0,0.0,0.023535385828497235,0.033165800257869416,0.0,4.511670252501264,0.15594451146721217,1.0
gamma,eig@gamma-poisson,15,120.0,240.0,0.22315608902499662,0.0005259130011836533,3.653917994486292,0.0,0.0,0.0,0.0,0.0,3.5919913595974027,0.16619472571752886,1.0
gamma,eig@gamma-poisson,16,15.0,30.0,0.10209267999744043,7.636200825800188e-05,4.096897160289662,0.0,0.055897752304028714,0.0,0.02337819973826083,0.020320533921395767,7.237988201302883,0.3201348773157567,0.625
gamma,eig@gamma-poisson,16,30.0,60.0,0.12906225099868607,0.00015618101315340027,3.914230816862762,0.0,0.07927561853360665,0.018036712403124655,-2.220446049250313e-16,0.0,5.0416593947694714,0.23069581143535114,0.8125
gamma,eig@gamma-poisson,16,60.0,120.0,0.17951332401571563,0.00034403102108626626,3.690416913421735,0.0,0.0,0.018036712403124877,0.038279231025571514,0.0,3.4584840859379944,0.18166672441354476,1.0
gamma,eig@gamma-poisson,16,90.0,180.0,0.22678766402532347,0.0005087670069769956,3.606914439712277,0.0,0.0,0.018036712403124877,0.0,0.0,3.098473224664874,0.18992262915910368,1.0
gamma,eig@gamma-poisson,16,120.0,240.0,0.27380646003075526,0.000666363015625393,3.5661004583966296,0.0,0.0,0.0,0.0,0.0,2.654274156509504,0.19105019817947635,1.0
gamma,eig@gamma-poisson,17,15.0,30.0,0.10262096398946596,8.7834989244584e-05,4.073861993383154,0.0,0.0,0.0062857454968486826,0.08448608385142298,0.00969555545380918,6.443161861772439,0.3016754790317757,0.625
gamma,eig@gamma-poisson,17,30.0,60.0,0.12850426997829345,0.00016471998605993576,3.8020451378536233,0.0,0.0,0.0062857454968486826,0.08448608385142298,0.00969555545380918,3.4414754717146607,0.1672614829316462,0.8125
gamma,eig@gamma-poisson,17,60.0,120.0,0.17846909898071317,0.0003264239821874071,3.6136020022679207,0.0,0.07646861183441889,0.0062857454968486826,0.0,0.00969555545380918,2.8699875769335836,0.14659402553088463,1.0
gamma,eig@gamma-poisson,17,90.0,180.0,0.22543429097277112,0.00048135298129636794,3.5120221589411162,0.0,0.0,0.0062857454968486826,0.0,0.00969555545380918,2.2013094742173616,0.14110647042227084,1.0
gamma,eig@gamma-poisson,17,120.0,240.0,0.2730532869718445,0.0006368559734255541,3.491373249628721,0.0,0.0,0.0062857454968486826,0.0,0.00969555545380918,1.9332861876610477,0.14446786813286439,1.0
gamma,eig@gamma-poisson,18,15.0,30.0,0.10266523101381608,7.853599527152255e-05,3.926679897006897,0.0,0.0,0.0,0.018585216664570803,0.0,6.019914687636536,0.34501370652320346,0.625
gamma,eig@gamma-poisson,18,30.0,60.0,0.1291692470149428,0.00016352400052710436,3.726127813006434,0.0,0.01679767068316418,0.0,0.018585216664570803,0.0,3.912397916969108,0.2315428773160553,0.8125
gamma,eig@gamma-poisson,18,60.0,120.0,0.17985270102144568,0.0003339629838592373,3.473312439723095,0.0,0.01679767068316418,0.0,0.0,0.0,4.068755086549056,0.15249977177892574,1.0
gamma,eig@gamma-poisson,18,90.0,180.0,0.22599905602328363,0.0004784089978784323,3.459694829510654,0.0,0.01679767068316418,0.0,0.0,0.0,2.763962190771065,0.163299984080044,1.0
gamma,eig@gamma-poisson,18,120.0,240.0,0.2728321580325428,0.0006213089691300411,3.437386047472883,0.0,0.01679767068316418,0.0,0.0,0.0,2.897448971739153,0.15182696363988146,1.0
gamma,eig@gamma-poisson,19,15.0,30.0,0.10704988999350462,8.125800377456471e-05,4.0836901568461625,0.0,0.12741242128648345,0.0,0.016084865508673496,0.036477247504348886,5.474106729954839,0.227585779114012,0.625
gamma,eig@gamma-poisson,19,30.0,60.0,0.13651875199138885,0.00017640800797380507,3.933008932633685,0.0,0.0,0.0,0.042223028474287494,0.03697222925455623,4.992392173675434,0.19269758037599466,0.8125
gamma,eig@gamma-poisson,19,60.0,120.0,0.1870534819936438,0.00033880302362376824,3.783171179268674,0.0,0.0,0.0,0.016657815222896333,0.03697222925455623,3.4034897361169345,0.18430552091478464,1.0
gamma,eig@gamma-poisson,19,90.0,180.0,0.23588592399391928,0.0005075300141470507,3.6496601766866696,0.0,0.0,0.0,0.016657815222896333,0.014390991615803594,3.0031698508193077,0.1597958832603277,1.0
gamma,eig@gamma-poisson,19,120.0,240.0,0.28458872100600274,0.0006866910225653555,3.5283183339810438,0.0,0.0,0.0,0.016657815222896333,0.014390991615803594,2.699184969770805,0.10896518864683077,1.0
gamma,eig@gamma-poisson,20,15.0,30.0,0.08492734899118659,6.751299588358961e-05,4.494060121962632,0.0,0.0,0.05817404232711476,0.05210036753396052,0.043963292374913254,8.482897141609262,0.36502395493858747,0.625
gamma,eig@gamma-poisson,20,30.0,60.0,0.10732195099626551,0.00015030599388410337,4.136975646871318,0.0,0.0,0.0,0.0,0.0,4.8182832910065905,0.24801639620563437,0.8125
gamma,eig@gamma-poisson,20,60.0,120.0,0.14773497800706537,0.0002889240022341255,3.924310319321593,0.0,0.0,0.0,0.0,0.01719066485050813,4.621193741722962,0.18788033875663337,1.0
gamma,eig@gamma-poisson,20,90.0,180.0,0.1865003109742247,0.0004298510066291783,3.8053559574689757,0.0,0.0,0.0,0.0,0.01719066485050813,3.5042037680174145,0.18160741108238285,1.0
gamma,eig@gamma-poisson,20,120.0,240.0,0.22483965297578834,0.0005674660023942124,3.732269839899438,0.0,0.0,0.0,0.0,0.01719066485050813,3.2421292405220496,0.1653897180667213,1.0
gamma,eig@gamma-poisson,21,15.0,30.0,0.10310655400098767,8.128300032694824e-05,4.017953442187365,0.0,0.0,0.0,0.0,0.0,3.9454480878245013,0.312916348824997,0.625
gamma,eig@gamma-poisson,21,30.0,60.0,0.12922693801738205,0.00018911000006482936,3.855438811179433,0.0,0.0,0.0,0.0,0.002018100541879342,3.224439333655304,0.24257116544502738,0.8125
gamma,eig@gamma-poisson,21,60.0,120.0,0.17547749201548868,0.00037240798701532185,3.5350123252441734,0.0,0.0,0.0,0.0,0.0,2.4774765453886975,0.15210568222736318,1.0
gamma,eig@gamma-poisson,21,90.0,180.0,0.2216897400248854,0.0005735519807785749,3.4720427202238953,0.0,0.0,0.0,0.0,0.002018100541879342,1.8418931224557182,0.15173035492759424,1.0
gamma,eig@gamma-poisson,21,120.0,240.0,0.267179530019348,0.0007403329727821983,3.392373588968997,0.0,0.0,0.0,0.0,0.002018100541879342,1.5170844089646087,0.14175436479388798,1.0
gamma,eig@gamma-poisson,22,15.0,30.0,0.10913218099813093,9.78259849944152e-05,4.598354112427903,0.0,0.0,0.032200297927310384,1.1102230246251565e-16,0.0,8.75029613591918,0.3400750280813501,0.625
gamma,eig@gamma-poisson,22,30.0,60.0,0.13565496700175572,0.00018571098553366028,4.323787034132316,0.0,0.0,0.0,0.0,0.0,7.131610440645914,0.2640929770449404,0.8125
gamma,eig@gamma-poisson,22,60.0,120.0,0.1847523810029088,0.0003860239958157763,3.794648788493916,0.0,0.0,0.0,0.0,0.0,3.931960733057217,0.1299738512717606,1.0
gamma,eig@gamma-poisson,22,90.0,180.0,0.2343075889912143,0.0005501539890246931,3.645881040844357,0.0,0.0,0.0,0.0,0.0,2.837541540696034,0.12477935299281989,1.0
gamma,eig@gamma-poisson,22,120.0,240.0,0.2848544439948455,0.0007049670020933263,3.585244194786796,0.0,0.0,0.0,0.0,0.0,2.8259004696819674,0.11331047029472086,1.0
gamma,eig@gamma-poisson,23,15.0,30.0,0.10174391599866794,9.995599975809455e-05,4.405985708142376,0.0,0.0,0.02207975213938429,0.1277636176262047,0.1722479979084296,7.650869108746917,0.3512373679745286,0.625
gamma,eig@gamma-poisson,23,30.0,60.0,0.12636902399754035,0.00018790099056786858,4.1394511504405145,0.0,0.0,0.02207975213938429,0.03455322909701464,0.059806543707672244,6.624718443496467,0.26553131176227923,0.8125
gamma,eig@gamma-poisson,23,60.0,120.0,0.17222781299278722,0.0003487349931674544,3.6412824303704734,0.0,0.0,0.02207975213938429,0.0,0.0,3.761119540876021,0.16431432842345223,1.0
gamma,eig@gamma-poisson,23,90.0,180.0,0.21888098998533678,0.0005137289954291191,3.508437071549244,0.0,0.0,0.02207975213938429,0.0,0.0,2.772290010104494,0.15602351646646268,1.0
gamma,eig@gamma-poisson,23,120.0,240.0,0.265373723974335,0.0006731870016665198,3.4607528273854133,0.0,0.0,0.02207975213938429,0.0,0.0,2.6728092476315584,0.12179853420915565,1.0
gamma,eig@gamma-poisson,24,15.0,30.0,0.08566800599510316,7.857001037336886e-05,4.219068636256051,0.0,0.0,0.0,0.0,0.0,8.754529748352834,0.30804385930950684,0.625
gamma,eig@gamma-poisson,24,30.0,60.0,0.10881349599731038,0.0001574350280861836,4.028077849794962,0.0,0.0,0.0,0.0,0.0,5.867726734252439,0.23808307172708734,0.8125
gamma,eig@gamma-poisson,24,60.0,120.0,0.15087635800955468,0.00030571203387808055,3.7786966629256287,0.0,0.0,0.0,0.0,0.0,4.325235833561431,0.1603581851764798,1.0
gamma,eig@gamma-poisson,24,90.0,180.0,0.1903522440152301,0.00044691102448268794,3.633849793510772,0.0,0.0,0.0,0.0,0.0,2.7118078604608566,0.15837601784533772,1.0
gamma,eig@gamma-poisson,24,120.0,240.0,0.23166795701399678,0.0006056690290279221,3.489503843217457,0.0,0.0,0.0,0.0,0.0,2.669725479587343,0.12199484233779287,1.0
gamma,eig@gamma-poisson,25,15.0,30.0,0.10109266699510044,9.537001096759923e-05,3.9719803037658252,0.0,0.0,0.05914961334758928,0.036350178783752685,0.08338579415543534,4.780600772354916,0.33442746693108466,0.625
gamma,eig@gamma-poisson,25,30.0,60.0,0.12763930698201875,0.00018317300055059604,3.8174547309843363,0.0,0.0,0.0,0.036350178783752685,0.009674243647559977,3.5298820764461083,0.23605004340372548,0.8125
gamma,eig@gamma-poisson,25,60.0,120.0,0.1767745169599948,0.00035217001277487725,3.610689147151648,0.0,0.0,0.0,0.036350178783752685,0.0328513958479113,2.536435944749889,0.17480184635164028,1.0
gamma,eig@gamma-poisson,25,90.0,180.0,0.22682755795904086,0.0005242059996817261,3.555775471616984,0.0,0.0,0.0,0.0,0.0,2.4773833366201674,0.15706485640218124,1.0
gamma,eig@gamma-poisson,25,120.0,240.0,0.2742479579646897,0.0007202870001492556,3.447655283513257,0.0,0.0,0.0,0.0,0.0,1.9374038631868002,0.1578866889173845,1.0
gamma,eig@gamma-poisson,26,15.0,30.0,0.11072996899747523,0.00011748898396035656,3.808309577997521,0.0,0.0,0.0,0.002351964480984292,0.0,5.379296109398337,0.2974213460925281,0.625
gamma,eig@gamma-poisson,26,30.0,60.0,0.13917707998189144,0.0002162209857488051,3.608018707950395,0.0,0.0,0.0,0.002351964480984292,0.0,2.883593829255089,0.2338451120136978,0.8125
gamma,eig@gamma-poisson,26,60.0,120.0,0.18948872997862054,0.0003610689927882049,3.474468718562951,0.0,0.0,0.0,0.002351964480984292,0.0,2.2245208336681355,0.17823944938463981,1.0
gamma,eig@gamma-poisson,26,90.0,180.0,0.2375018369857571,0.0005228499867371283,3.4269857558534063,0.0,0.0,0.0,0.002351964480984292,0.0,2.588806897081371,0.1636762272808737,1.0
gamma,eig@gamma-poisson,26,120.0,240.0,0.2874659219705791,0.0006889279793540481,3.355422998528246,0.0,0.0,0.0,0.002351964480984292,0.04338686315468121,2.0222948421017173,0.17194145646679115,1.0
gamma,eig@gamma-poisson,27,15.0,30.0,0.08114632398428512,5.4181000450626016e-05,4.1042218412756775,0.0,0.0,0.0,0.04749291660462107,0.04369470570585854,7.380521982760575,0.322121253639155,0.625
gamma,eig@gamma-poisson,27,30.0,60.0,0.10278609897795832,0.00010577500870567746,3.8632665846271728,0.0,0.0,0.0,0.0,0.0,3.5752038427085835,0.23472731623838913,0.8125
gamma,eig@gamma-poisson,27,60.0,120.0,0.1423908829819993,0.00021132098117959686,3.6635600729123863,0.0,0.0,0.0,0.0,0.0,2.670895949007931,0.19758884281430927,1.0
gamma,eig@gamma-poisson,27,90.0,180.0,0.18060404198695323,0.00032219897548202425,3.567021935683711,0.0,0.0,0.0,0.0,0.0,3.4997713549363514,0.18725789362308426,1.0
gamma,eig@gamma-poisson,27,120.0,240.0,0.21822640397658688,0.0004183459677733481,3.5216986194535664,0.0,0.0,0.0,0.0221561365968288,0.0,3.0946620715769715,0.19077489510136716,1.0
gamma,eig@gamma-poisson,28,15.0,30.0,0.10543700098787667,9.319500895799138e-05,4.281682390271295,0.0,0.0,0.0,0.019436058399549427,0.0990645457695658,9.821879646004943,0.28027978739889364,0.625
gamma,eig@gamma-poisson,28,30.0,60.0,0.13737573998514563,0.0001830240107665304,3.9801692905371504,0.0,0.0,0.0,0.019436058399549427,0.0,5.139931132811413,0.20764468933640884,0.8125
gamma,eig@gamma-poisson,28,60.0,120.0,0.18990935196416103,0.0003540560064720921,3.6983500600429373,0.0,0.0,0.0,0.0,0.0,2.7448301682741985,0.1504955163694492,1.0
gamma,eig@gamma-poisson,28,90.0,180.0,0.23798371394514106,0.0004930480135953985,3.5612670217399867,0.0,0.0,0.029445878339418807,0.0,0.0,2.3764469296123845,0.13717926120885654,1.0
gamma,eig@gamma-poisson,28,120.0,240.0,0.286061690938368,0.0006476090238720644,3.521803400759847,0.0,0.0,0.0,0.0,0.0,2.0523269017851486,0.1265090240002545,1.0
gamma,eig@gamma-poisson,29,15.0,30.0,0.1121093540059519,7.371000538114458e-05,4.08764765394059,0.0,0.0,0.002130258798470952,0.04824114884450659,0.06999565841915112,8.37021625579477,0.31789894800050794,0.625
gamma,eig@gamma-poisson,29,30.0,60.0,0.14043628099898342,0.00015924500257824548,3.897527594088711,0.0,0.0,0.002130258798470952,0.04824114884450659,0.0,5.29770505968541,0.2399302942582796,0.8125
gamma,eig@gamma-poisson,29,60.0,120.0,0.1928119559888728,0.0003190420029568486,3.6603463568935886,0.0,0.0,0.002130258798470952,0.0,0.0,2.393291528513556,0.18983336458458724,1.0
gamma,eig@gamma-poisson,29,90.0,180.0,0.24453129299581633,0.0004901329921267461,3.5942871281125814,0.0,0.0,0.002130258798470952,0.0,0.0,2.3738132654521995,0.18026487790173398,1.0
gamma,eig@gamma-poisson,29,120.0,240.0,0.2947676470139413,0.0006564929899468552,3.5022497006093922,0.0,0.0,0.002130258798470952,0.0,0.0,2.7411254153492908,0.15006735922542355,1.0
gamma,eig@gamma-poisson,30,15.0,30.0,0.1232212239956425,7.855899821151979e-05,4.067968444060022,0.0,0.023943279191712574,0.12379297588074412,0.10302252433221426,0.13943962086236672,6.340666215358274,0.28379231117541487,0.625
gamma,eig@gamma-poisson,30,30.0,60.0,0.15102349598964793,0.0001601009935257025,3.8094134667319577,0.0,0.023943279191712574,0.0,0.01378169345346858,0.04756321147349696,3.5495359820120425,0.2217856241094766,0.8125
gamma,eig@gamma-poisson,30,60.0,120.0,0.20717437299754238,0.00037047499426989816,3.6562750819764034,0.0,0.023943279191712574,0.0,0.01378169345346858,0.04756321147349696,2.99282472936613,0.1745449157525197,1.0
gamma,eig@gamma-poisson,30,90.0,180.0,0.2560618949937634,0.0005392489802034106,3.6095979631113604,0.0,0.023943279191712574,0.0,0.01378169345346858,0.04756321147349696,2.980115577705942,0.15642095390920782,1.0
gamma,eig@gamma-poisson,30,120.0,240.0,0.30302329099504277,0.0006992379676376004,3.5392596568899375,0.0,0.023943279191712574,0.0,0.01378169345346858,0.0,2.6151498625002874,0.14416153462023926,1.0
gamma,eig@gamma-poisson,31,15.0,30.0,0.11040341300758882,8.660200910526328e-05,4.446767359075634,0.0,0.1585859675411565,0.2102834094802969,0.19688581395720106,0.23695460558777093,22.512425213720142,0.29757795171658247,0.625
gamma,eig@gamma-poisson,31,30.0,60.0,0.13973311500740238,0.00018680601351661608,3.841665786578393,0.0,0.0,0.0,0.0,0.0,3.6365018232435316,0.20863255159632216,0.8125
gamma,eig@gamma-poisson,31,60.0,120.0,0.19562384002347244,0.00037922300180071034,3.6154722319976167,0.0,0.0,0.0,0.0,0.0,3.4745798563270984,0.15637849541063312,1.0
gamma,eig@gamma-poisson,31,90.0,180.0,0.24554739902669098,0.0005489559953275602,3.562514505924094,0.0,0.0,0.0,0.0,0.0,2.883754507499751,0.15298458426491085,1.0
gamma,eig@gamma-poisson,31,120.0,240.0,0.29552321701703477,0.0007215969926619437,3.4767492749194293,0.0,0.0,0.0,0.0,0.0,2.217304973477925,0.12959319814183426,1.0
gamma,eig@gamma-poisson,32,15.0,30.0,0.08117619000404375,5.48330026504118e-05,4.287543712002054,0.0,0.03239449412261075,1.1102230246251565e-16,1.1102230246251565e-16,2.220446049250313e-16,6.829503683294348,0.3651862145799844,0.625
gamma,eig@gamma-poisson,32,30.0,60.0,0.10230222899554064,0.00010705102613428608,4.001529665894928,0.0,0.03239449412261075,1.1102230246251565e-16,0.0068333813239891406,2.220446049250313e-16,5.174746938229147,0.2513113078319154,0.8125
gamma,eig@gamma-poisson,32,60.0,120.0,0.1410574579895183,0.00021992202164256014,3.661322818646688,0.06478898824522139,0.03239449412261075,1.1102230246251565e-16,0.0068333813239891406,2.220446049250313e-16,2.636533483493757,0.17468569767231287,1.0
gamma,eig@gamma-poisson,32,90.0,180.0,0.17955096697551198,0.0003602840006351471,3.5829331164934435,0.06478898824522139,0.03239449412261075,1.1102230246251565e-16,1.1102230246251565e-16,2.220446049250313e-16,2.6661673871409035,0.15363085658362954,1.0
gamma,eig@gamma-poisson,32,120.0,240.0,0.2170601169782458,0.0004582880028465297,3.487022734638894,0.06478898824522139,0.03239449412261075,1.1102230246251565e-16,0.0068333813239891406,2.220446049250313e-16,2.0943663161758392,0.1514196114361727,1.0
gamma,eig@gamma-poisson,33,15.0,30.0,0.10581283300416544,7.616198854520917e-05,4.00068899270581,0.0,0.0,0.013839177814250925,0.040363904543309514,0.07171622940586386,5.362044067830696,0.3245799355349426,0.625
gamma,eig@gamma-poisson,33,30.0,60.0,0.13341879200015683,0.00015314399206545204,3.715338840327721,0.0,0.0,0.013839177814250925,0.0,0.0,2.6901021852136724,0.2130582792429302,0.8333333333333334
gamma,eig@gamma-poisson,33,60.0,120.0,0.18316721899464028,0.00029817498580086976,3.5430790346092333,0.0,0.0,0.013839177814250925,0.0,0.0,3.270017764632745,0.16009965499770656,1.0
gamma,eig@gamma-poisson,33,90.0,180.0,0.23304752499097958,0.0004737119816127233,3.397827127166354,0.0,0.0,0.0,0.0,0.0,2.406542934971658,0.16266766839133445,1.0
gamma,eig@gamma-poisson,33,120.0,240.0,0.2810303139849566,0.0006239269787329249,3.2916609730768998,0.0,0.0,0.013839177814250925,0.0,0.0,1.7424265056273704,0.1369347569567697,1.0
gamma,eig@gamma-poisson,34,15.0,30.0,0.10694614101521438,7.004800863796845e-05,4.563940556680951,0.0,0.022805394304444726,0.04804985452700994,-2.220446049250313e-16,0.049998407324364,10.421555798605167,0.29795890486065585,0.625
gamma,eig@gamma-poisson,34,30.0,60.0,0.13507851601025322,0.00015375301154563203,4.211060102784277,0.0,0.022805394304444726,-2.220446049250313e-16,0.02199634950537921,-2.220446049250313e-16,4.8099107114040525,0.19897108038628195,0.8125
gamma,eig@gamma-poisson,34,60.0,120.0,0.18608472501364304,0.00032370301414630376,4.059152820491969,0.0,0.0,0.0,0.02199634950537932,0.0,4.164060776836335,0.20784786048548276,1.0
gamma,eig@gamma-poisson,34,90.0,180.0,0.2354431340136216,0.00048620402594679035,3.822483654433629,0.0,0.0,0.0,0.02199634950537932,0.0,3.28073830292597,0.13456629811976648,1.0
gamma,eig@gamma-poisson,34,120.0,240.0,0.2840047030003916,0.0006404530322470237,3.8017276818408603,0.0,0.0,0.0,0.02199634950537932,0.0,3.253405183795441,0.1372070337171043,1.0
gamma,eig@gamma-poisson,35,15.0,30.0,0.10837647801236017,7.721099609625526e-05,4.270595695997621,0.0,0.08697514857287958,0.06157468593703308,0.05035990715234262,0.0,6.910555282473958,0.32315597854643885,0.625
gamma,eig@gamma-poisson,35,30.0,60.0,0.13626163903973065,0.00015149899991229177,4.119390168614022,0.0,0.0029517491116642924,0.06207149578649429,0.05035990715234251,-2.220446049250313e-16,5.379004701323948,0.24986657538784157,0.8125
gamma,eig@gamma-poisson,35,60.0,120.0,0.18682506605182425,0.00031683699853601865,3.865480603704436,0.0,0.0029517491116642924,0.0,0.0,0.0,3.3534575415080523,0.21565068662910816,1.0
gamma,eig@gamma-poisson,35,90.0,180.0,0.23715013805121998,0.0004862849964410998,3.7304233758420016,0.0,0.0029517491116642924,0.0,0.0,0.0,2.270748512196028,0.1919174416713664,1.0
gamma,eig@gamma-poisson,35,120.0,240.0,0.29014558305425453,0.0006501909883809276,3.5832964669215115,0.0,0.0029517491116642924,0.0,0.0,0.0,1.906352511666277,0.1682239963359083,1.0
gamma,eig@gamma-poisson,36,15.0,30.0,0.1073957119951956,9.423499432159588e-05,4.156086195556745,0.0,0.0,0.0,0.0,0.0,6.339722734535281,0.36362574620838617,0.625
gamma,eig@gamma-poisson,36,30.0,60.0,0.13411536600324325,0.00016254501315415837,3.9241135387374606,0.0,0.0,0.0,0.0,0.0,4.845698617591325,0.2637963714116018,0.8125
gamma,eig@gamma-poisson,36,60.0,120.0,0.18484199500016985,0.00033429302493459545,3.923681065458583,0.0,0.0,0.0,0.0,0.0,4.587756305106361,0.260970145095653,1.0
gamma,eig@gamma-poisson,36,90.0,180.0,0.23373826501119765,0.0004896040081803221,3.6824102845060813,0.0,0.0,0.0024422054141025606,0.0,0.0,3.6278725963963954,0.22349975358898572,1.0
gamma,eig@gamma-poisson,36,120.0,240.0,0.2812751869969361,0.0006243780044314917,3.5140434111483843,0.0,0.0,0.0024422054141025606,0.0,0.0,2.77976223081119,0.1863339020172071,1.0
gamma,eig@gamma-poisson,37,15.0,30.0,0.10665476999929524,8.808601342025213e-05,4.126516840135103,0.0,0.13707754433344643,0.018495426729791875,0.0,0.05905965433934213,7.312743727456532,0.30317351895854217,0.625
gamma,eig@gamma-poisson,37,30.0,60.0,0.13326666200737236,0.0001685720017121639,3.8912010542665336,0.0,0.0,0.018495426729791875,0.0,0.0,5.486457272845297,0.19815619061278877,0.8125
gamma,eig@gamma-poisson,37,60.0,120.0,0.18325115601692232,0.0003307400256744586,3.7018839604442366,0.0,0.0,0.0,0.0,0.0,3.6316798055661623,0.1934354399320518,1.0
gamma,eig@gamma-poisson,37,90.0,180.0,0.23355815300601535,0.0004987730098946486,3.5125723469500074,0.0,0.0,0.0,0.0,0.0,1.9957556637294438,0.1722291544106878,1.0
gamma,eig@gamma-poisson,37,120.0,240.0,0.28223847600020235,0.0006482080061687157,3.4763452000636996,0.0,0.0,0.0,0.0,0.0,1.7761984197696086,0.1860038748652369,1.0
gamma,eig@gamma-poisson,38,15.0,30.0,0.08293225599481957,4.850298500969075e-05,4.602829568902959,0.0,0.03706275881685839,0.13149704013898944,0.11400492532812412,0.10547560892347985,17.184751503915408,0.36861079833338195,0.625
gamma,eig@gamma-poisson,38,30.0,60.0,0.10559214300155872,0.00010466099047334865,4.241953795064826,0.0,0.03706275881685839,0.0,0.0,0.0,8.48031977311304,0.24623759639273893,0.8125
gamma,eig@gamma-poisson,38,60.0,120.0,0.14687855299780495,0.00021012498473282903,4.057101206360723,0.0,0.0,0.0,0.0,0.0,5.8781820378239065,0.19546510942541911,1.0
gamma,eig@gamma-poisson,38,90.0,180.0,0.18614536601307918,0.00031361797664430924,3.888439353599562,0.0,0.0,0.0,0.0,0.0,4.985706335376594,0.17820092390140166,1.0
gamma,eig@gamma-poisson,38,120.0,240.0,0.22571721600616002,0.0004134849696129095,3.7999209743274336,0.0,0.0,0.0,0.0,0.0,3.9995652901880607,0.1530607903196978,1.0
gamma,eig@gamma-poisson,39,15.0,30.0,0.10601228599261958,6.366099478327669e-05,4.348046955499508,0.0,0.01100584692120965,0.007995510443630893,0.0,0.0,8.835569145876391,0.3002870686647057,0.625
gamma,eig@gamma-poisson,39,30.0,60.0,0.13473279198660748,0.0001383099879603833,4.088513070237522,0.0,0.01100584692120965,0.007995510443630893,0.0,0.0,4.9782105326314285,0.23503522195149323,0.8125
gamma,eig@gamma-poisson,39,60.0,120.0,0.18626770999617293,0.0002805709846143145,3.805302376910093,0.0,0.01100584692120965,0.0,0.0,0.0,3.940882411554696,0.17032713470216979,1.0
gamma,eig@gamma-poisson,39,90.0,180.0,0.23565927398885833,0.0004321129781601485,3.662617301672783,0.0,0.01100584692120965,0.007995510443630893,0.0,0.0,3.229312691568891,0.14373390584101706,1.0
gamma,eig@gamma-poisson,39,120.0,240.0,0.28629833899321966,0.0005958819747320376,3.5454244693678945,0.0,0.01100584692120965,0.0,0.0,0.0,2.9267469653400897,0.12449001934665233,1.0
gamma,eig@gamma-poisson,40,15.0,30.0,0.1054506359687366,6.381100320140831e-05,4.577068473579199,0.0,0.12037213411183356,0.08830428453895323,0.18604998527281735,0.21529535544889833,17.669180627234507,0.3474332895732564,0.625
gamma,eig@gamma-poisson,40,30.0,60.0,0.1333835199693567,0.00013410199971986003,4.150304395522949,0.0,0.041302607423357784,1.1102230246251565e-16,1.1102230246251565e-16,2.220446049250313e-16,7.948722038696803,0.23921786395116318,0.8125
gamma,eig@gamma-poisson,40,60.0,120.0,0.18456615797185805,0.00027862600109074265,3.9305898475507317,0.0,0.0,0.0,0.0,0.013073493288629834,5.682479942055681,0.18141843276114042,1.0
gamma,eig@gamma-poisson,40,90.0,180.0,0.2339483779614966,0.00044040201464667916,3.8276271747348574,0.0,0.0,0.0,0.0,0.013073493288629834,5.313651563320271,0.15249814614279641,1.0
gamma,eig@gamma-poisson,40,120.0,240.0,0.28318694694462465,0.0005779900238849223,3.723922964715676,0.0,0.0,0.0,0.0,0.013073493288629834,3.7822395353304312,0.14858615053797886,1.0
gamma,eig@gamma-poisson,41,15.0,30.0,0.10546907000025385,7.603499398101121e-05,4.3330687625977635,0.0,0.0,0.033256327056849666,0.05808812150090259,0.05083448549621283,8.483780769307312,0.30013388359787246,0.625
gamma,eig@gamma-poisson,41,30.0,60.0,0.1325576310082397,0.0001521359954494983,4.133596010898681,0.0,0.0,0.0017835516751225633,0.03014533255624674,0.05225909203281387,6.2486556141300404,0.2617007277994603,0.8125
gamma,eig@gamma-poisson,41,60.0,120.0,0.1836161390019697,0.0003204320091754198,3.6199611521330888,0.0,0.0,0.0017835516751225633,0.0015835085220596845,0.026945799780572766,2.7932191154096575,0.17046601559464117,1.0
gamma,eig@gamma-poisson,41,90.0,180.0,0.23255236998738837,0.00046545402437914163,3.633775313412766,0.0,0.0,0.0017835516751225633,0.0006190350895312058,0.026078109372079772,2.942945743244188,0.18160770464284773,1.0
gamma,eig@gamma-poisson,41,120.0,240.0,0.2820923839935858,0.0006367520109051839,3.517435180239222,0.0,0.0,0.0017835516751225633,0.0006190350895312058,0.026078109372079772,2.1954676510978177,0.1701902136837796,1.0
gamma,eig@gamma-poisson,42,15.0,30.0,0.08079172599536832,5.168901043361984e-05,4.335456095962269,0.0,0.0,0.0,0.030315064866295982,0.0,11.082815932869485,0.2874430279043502,0.625
gamma,eig@gamma-poisson,42,30.0,60.0,0.10299387398481485,0.0001292080087296199,4.084672871734003,0.0,0.0,0.0,0.0,0.0,8.744282544276341,0.22931965430943643,0.8125
gamma,eig@gamma-poisson,42,60.0,120.0,0.1446418109771912,0.00024328400468220934,3.7179683303808697,0.0,0.0,0.0,0.0,0.0,4.163114043731228,0.1392318809554171,1.0
gamma,eig@gamma-poisson,42,90.0,180.0,0.18286231797537766,0.0003421219953452237,3.603894158968634,0.0,0.0,0.0,0.0,0.0,4.058521578866471,0.11712983473022381,1.0
gamma,eig@gamma-poisson,42,120.0,240.0,0.22162214096897515,0.00043617599294520915,3.477345075166697,0.0,0.0,0.0,0.0,0.0,2.750288264256775,0.1162408218405064,1.0
gamma,eig@gamma-poisson,43,15.0,30.0,0.103048958000727,7.686102253501303e-05,4.261512552613907,0.0,0.0,0.008781444816091777,0.08182672094347554,0.06693536607992301,9.031549995301209,0.3149976283079058,0.625
gamma,eig@gamma-poisson,43,30.0,60.0,0.13027662999593304,0.00015985401478246786,3.977879913028,0.0,0.0,0.008781444816091777,0.0027292789219099944,0.06318430798434305,4.68596430068436,0.23778353497401053,0.8333333333333334
gamma,eig@gamma-poisson,43,60.0,120.0,0.17986731698329095,0.00029934501799289137,3.6222200702703176,0.0,0.0,0.008781444816091777,0.007161899786049419,1.1102230246251565e-16,3.143059880490587,0.15802198144505042,1.0
gamma,eig@gamma-poisson,43,90.0,180.0,0.227853073974984,0.0004610970208887011,3.522812505584607,0.0,0.0,0.005434984664951625,0.007161899786049419,1.1102230246251565e-16,2.672255460589691,0.14288316543386978,1.0
gamma,eig@gamma-poisson,43,120.0,240.0,0.27595274597842945,0.0006395020172931254,3.474731197975219,0.0,0.0,0.008781444816091777,0.007161899786049419,1.1102230246251565e-16,2.5633996333094626,0.1318316651019965,1.0
gamma,eig@gamma-poisson,44,15.0,30.0,0.10483277999810525,7.922999793663621e-05,4.180288128130751,0.0,0.0,0.0,0.0343445904825862,0.0700823820022507,9.453225207486195,0.3391242733854236,0.625
gamma,eig@gamma-poisson,44,30.0,60.0,0.1331066919992736,0.00016718800907256082,3.900748687497868,0.0,0.0,0.0,0.0,0.030783014531283515,5.100056802272869,0.2348666130003711,0.8125
gamma,eig@gamma-poisson,44,60.0,120.0,0.18453220100855106,0.00031946401577442884,3.608720014385837,0.0,0.0,0.0,0.0,0.0,3.417532350923418,0.15339237781073925,1.0
gamma,eig@gamma-poisson,44,90.0,180.0,0.2350322890233656,0.00048542201329837553,3.477762719578102,0.0,0.0,0.0,0.0,0.0,2.4343949823586315,0.1370324647656221,1.0
gamma,eig@gamma-poisson,44,120.0,240.0,0.28585353201196995,0.0006632230069953948,3.382723417610602,0.0,0.0,0.0,0.0,0.0,2.2097581143273795,0.1255271632273758,1.0
gamma,eig@gamma-poisson,45,15.0,30.0,0.10579525399589329,8.572000297135673e-05,4.21721030089393,0.0,0.04916122588640026,0.07770641705469994,0.06835070632269491,0.07615844170590735,9.541333115113424,0.3480740446149732,0.625
gamma,eig@gamma-poisson,45,30.0,60.0,0.13419245199474972,0.00018088400247506797,4.020362223091844,0.0,0.04916122588640026,0.0,0.00534470962289213,0.022936467545341954,5.132821122274017,0.26846371842572697,0.8125
gamma,eig@gamma-poisson,45,60.0,120.0,0.18549685298785334,0.00032564097273279913,3.6278035452136344,0.0,0.04916122588640026,0.0,0.00534470962289213,0.022936467545341954,3.0575860191306288,0.1882723899979085,1.0
gamma,eig@gamma-poisson,45,90.0,180.0,0.2329999059838883,0.000460587991256034,3.4851100023283643,0.0,0.04916122588640026,0.0,0.00534470962289213,0.005282047463974648,2.3640736419872783,0.15877191649319566,1.0
gamma,eig@gamma-poisson,45,120.0,240.0,0.2814873549868935,0.0006204659948707558,3.407126807864863,0.0,0.04916122588640026,0.0,0.00534470962289213,0.022936467545341954,2.152232032289417,0.14010953700726922,1.0
gamma,eig@gamma-poisson,46,15.0,30.0,0.10823818100107019,8.954900476965122e-05,4.423219725505802,0.0,0.01435492794788118,1.1102230246251565e-16,2.220446049250313e-16,0.007037782279804561,9.056040755775694,0.2977543745353535,0.625
gamma,eig@gamma-poisson,46,30.0,60.0,0.13667278899811208,0.0001714500212983694,4.06104734630835,0.0,0.0,0.0,0.0,0.00703778227980445,3.9935679730498923,0.20286706196397114,0.8125
gamma,eig@gamma-poisson,46,60.0,120.0,0.18705824600692722,0.00030546601192327216,3.8271792841503562,0.0,0.0,0.0,0.0,0.035971181150605824,3.3475705552385495,0.13496912494661525,1.0
gamma,eig@gamma-poisson,46,90.0,180.0,0.2381361280058627,0.00047368101877509616,3.7390220715039884,0.0,0.0,0.0,0.0,0.024135283725561618,3.083574952305565,0.11957674886090877,1.0
gamma,eig@gamma-poisson,46,120.0,240.0,0.28770240097583155,0.0006277830107137561,3.6663349136424555,0.0,0.0,0.0,0.0,0.0,2.656003929210602,0.12470568927219128,1.0
gamma,eig@gamma-poisson,47,15.0,30.0,0.08205190800435957,5.170900112716481e-05,3.925197467149362,0.0,0.027998849679309656,1.1102230246251565e-16,0.010212409139881973,1.1102230246251565e-16,5.163620281337268,0.3270705619607043,0.625
gamma,eig@gamma-poisson,47,30.0,60.0,0.10379004899732536,0.00010386298163211904,3.7048271986935624,0.0,0.027998849679309656,1.1102230246251565e-16,1.1102230246251565e-16,1.1102230246251565e-16,4.046537049254847,0.21662180183051652,0.8125
gamma,eig@gamma-poisson,47,60.0,120.0,0.14335843197477516,0.00020289198437239975,3.568712938693729,0.0,0.027998849679309656,1.1102230246251565e-16,1.1102230246251565e-16,1.1102230246251565e-16,3.197013840672449,0.1705950421015529,1.0
gamma,eig@gamma-poisson,47,90.0,180.0,0.18137851298524765,0.0003052979882340878,3.508016497321396,0.0,0.0,0.0,0.0,0.0,2.8483954141676406,0.16276744173123042,1.0
gamma,eig@gamma-poisson,47,120.0,240.0,0.21949694699651445,0.00040959998659673147,3.459512821490442,0.0,0.027998849679309656,1.1102230246251565e-16,1.1102230246251565e-16,1.1102230246251565e-16,2.8557713389629593,0.15213194025916785,1.0
gamma,eig@gamma-poisson,48,15.0,30.0,0.1169027479882061,7.120400186977349e-05,4.111995075950758,0.04589640525670624,0.11142265273968599,0.0,0.0,0.0,6.30872460744342,0.30053222489764275,0.625
gamma,eig@gamma-poisson,48,30.0,60.0,0.1442057969798043,0.0001457330145058222,3.9207848262697307,0.04589640525670624,0.0,0.0,0.0253042719640737,0.0,4.653788940359454,0.226136927437421,0.8125
gamma,eig@gamma-poisson,48,60.0,120.0,0.1947258009968209,0.00029543001437559724,3.776079780988532,0.04589640525670624,0.0,0.0,0.0,0.0,4.738307464883261,0.1941970649679697,1.0
gamma,eig@gamma-poisson,48,90.0,180.0,0.2448434739962977,0.0004561930109048262,3.6628990939241484,0.04589640525670624,0.0,0.0,0.0,0.0,3.960520375478747,0.17696849620035907,1.0
gamma,eig@gamma-poisson,48,120.0,240.0,0.29602658799194614,0.0006086999928811565,3.625067967803068,0.04589640525670624,0.0,0.0,0.0,0.0,3.409122677794657,0.1716320600383101,1.0
gamma,eig@gamma-poisson,49,15.0,30.0,0.10565594200306805,6.891999873914756e-05,4.1702414939739905,0.0,0.0,0.0,0.0,0.032573551076133356,7.93817592335133,0.3447279382720788,0.625
gamma,eig@gamma-poisson,49,30.0,60.0,0.1330685299981269,0.0001476199977332726,3.8068498457798263,0.0,0.0,0.0,0.0,0.0,3.535669269235277,0.2505790309785305,0.8125
gamma,eig@gamma-poisson,49,60.0,120.0,0.18378475299323327,0.0002978040065499954,3.667668736166842,0.0,0.0,0.0,0.0,0.0,2.635800301746171,0.2290599136792019,1.0
gamma,eig@gamma-poisson,49,90.0,180.0,0.23302765999687836,0.0004387050030345563,3.5683926109042425,0.0,0.0,0.0,0.0,0.004881392085044012,2.561818844169634,0.18111485352416665,1.0
gamma,eig@gamma-poisson,49,120.0,240.0,0.2842007669969462,0.0005906849910388701,3.400218531436829,0.0,0.0,0.0,0.0,0.0,2.450570078722742,0.14484830840443616,1.0
gamma,bo-ei@gp-poisson,0,15.0,30.0,0.06737296000210335,0.05923501000870601,4.392520662654877,0.0,0.0,0.0,0.0038796653735284625,0.004213102712073313,13.90665711254734,0.387229170406956,0.22916666666666666
gamma,bo-ei@gp-poisson,0,30.0,60.0,0.1319913800143695,0.08730022600138909,4.169987192745375,0.0,0.0,0.0,0.0038796653735284625,0.0,5.604950568007364,0.2852041094778753,0.4583333333333333
gamma,bo-ei@gp-poisson,0,60.0,120.0,0.267355566007609,0.12505579602293437,4.145321000393565,0.0,0.0,0.0,0.0038796653735284625,0.0,5.79113364448441,0.27296431899968554,0.6041666666666666
gamma,bo-ei@gp-poisson,0,90.0,180.0,0.40442498199263355,0.16344461901462637,4.054827858119608,0.0,0.0,0.0,0.0038796653735284625,0.0,5.277525024207157,0.24170263663754055,0.8125
gamma,bo-ei@gp-poisson,0,120.0,240.0,0.5427122129876807,0.18414670200218097,4.0547795959709765,0.0,0.0,0.0,0.0038796653735284625,0.0,5.277506294507853,0.24170263170172238,0.8125
gamma,bo-ei@gp-poisson,1,15.0,30.0,0.06972836898057722,0.06514963899826398,4.117989316490075,0.0,0.008221238031002831,0.01993952313716818,0.0975610543385329,0.09645210907280144,8.63674285836839,0.3398861967936047,0.4375
gamma,bo-ei@gp-poisson,1,30.0,60.0,0.1420150329831813,0.0941013259907777,4.045027750496309,0.0,0.008221238031002831,0.01993952313716818,0.0975610543385329,0.09645210907280144,8.276792636860922,0.31982231612010686,0.6041666666666666
gamma,bo-ei@gp-poisson,1,60.0,120.0,0.3335904649939039,0.15113641499192454,3.9174603271236195,0.0,0.027876232737729767,0.01993952313716818,1.1102230246251565e-16,2.220446049250313e-16,4.239653696519938,0.2641562888823035,0.8125
gamma,bo-ei@gp-poisson,1,90.0,180.0,0.5236746889895585,0.20763117897877237,3.9193358289652824,0.0,0.027876232737729767,0.01993952313716818,1.1102230246251565e-16,2.220446049250313e-16,4.243476804932823,0.2641682903871845,0.8125
gamma,bo-ei@gp-poisson,1,120.0,240.0,0.7172522529908747,0.24003995499151642,3.9206557310513284,0.0,0.027876232737729767,0.01993952313716818,1.1102230246251565e-16,2.220446049250313e-16,4.250537980936792,0.2641778177127373,0.8125
gamma,bo-ei@gp-poisson,2,15.0,30.0,0.08771509599682759,0.08153845699416706,4.091281989467248,0.0,0.004212361697546463,-2.220446049250313e-16,0.0,0.0,6.080747034880719,0.368745475261811,0.4166666666666667
gamma,bo-ei@gp-poisson,2,30.0,60.0,0.17643077099637594,0.11860478498783777,4.0282855781718725,0.0,0.004212361697546463,-2.220446049250313e-16,0.0,0.0,5.763086731449233,0.33413030423499157,0.6041666666666666
gamma,bo-ei@gp-poisson,2,60.0,120.0,0.3718025759990269,0.18004581898640026,3.854247829490762,0.0,0.004212361697546463,-2.220446049250313e-16,0.0,0.0,3.4041351556007653,0.26302779250121516,0.8125
gamma,bo-ei@gp-poisson,2,90.0,180.0,0.5611164270085283,0.23587383898848202,3.8538238481511846,0.0,0.004212361697546463,-2.220446049250313e-16,0.0,0.043992539430182775,3.4455230930131817,0.26265096328453236,0.8125
gamma,bo-ei@gp-poisson,2,120.0,240.0,0.743432280010893,0.2646467359845701,3.8528569579857455,0.0,0.004212361697546463,-2.220446049250313e-16,0.0,0.043992539430182775,3.4368358112651647,0.2626492961298619,0.8125
gamma,bo-ei@gp-poisson,3,15.0,30.0,0.09113181401698967,0.07335093000074266,4.349466565969154,0.7725740683254324,0.6528254184352412,0.598687926555763,0.5744490848339225,0.5226511805555762,27.061867161575027,0.3722746167144782,0.25
gamma,bo-ei@gp-poisson,3,30.0,60.0,0.18074503302341327,0.10731451399624348,4.270050243024719,0.0,0.0,0.0,0.020676605489554523,0.04613214458328496,7.0487722640584245,0.42129238225911453,0.2708333333333333
gamma,bo-ei@gp-poisson,3,60.0,120.0,0.39409057601733366,0.17095874100050423,3.9989668547018375,0.0,0.0,0.0,0.020676605489554523,0.04613214458328496,5.687281591083554,0.2845059145443249,0.6041666666666666
gamma,bo-ei@gp-poisson,3,90.0,180.0,0.5910727300251892,0.22598924700650969,3.9992637013328136,0.0,0.0,0.0,0.020676605489554523,0.04613214458328496,5.688997404662773,0.2845057235038554,0.6041666666666666
gamma,bo-ei@gp-poisson,3,120.0,240.0,0.7784208680350275,0.2551597050005512,4.000320609638002,0.0,0.0,0.0,0.020676605489554523,0.04613214458328496,5.706292034492094,0.2855976463001416,0.625
gamma,bo-ei@gp-poisson,4,15.0,30.0,0.06981293400167488,0.060879429991473444,4.42320918984373,0.0,0.0,0.0,0.03128362981827926,0.0,8.476390557226724,0.42229423501330593,0.22916666666666666
gamma,bo-ei@gp-poisson,4,30.0,60.0,0.1499099599859619,0.09292608299074345,4.263166639143624,0.0,0.0,0.0,0.03128362981827926,0.0,7.178107047860372,0.36080742326189374,0.5
gamma,bo-ei@gp-poisson,4,60.0,120.0,0.28851034999024705,0.1320991599750414,4.172386602037856,0.0,0.0,0.0,0.03128362981827926,0.0,6.3272888614209135,0.29480666392144234,0.6041666666666666
gamma,bo-ei@gp-poisson,4,90.0,180.0,0.4284869559996878,0.17106775395950535,4.169788593897606,0.0,0.0,0.0,0.03128362981827926,0.0,6.312572297307129,0.29480427964619355,0.6041666666666666
gamma,bo-ei@gp-poisson,4,120.0,240.0,0.5686862179900345,0.19432452597902738,4.016778361613785,0.0,0.0,0.0,0.03128362981827926,0.0,4.793765330258563,0.2421535439782564,0.8125
gamma,bo-ei@gp-poisson,5,15.0,30.0,0.07204332400579005,0.06025288599630585,4.523307586619811,0.0,0.03383796553379326,0.19956528499918846,0.31107183010284345,0.3194193199746166,14.22348690776783,0.3874210375490289,0.25
gamma,bo-ei@gp-poisson,5,30.0,60.0,0.1421909260097891,0.08976316999542178,4.23158634335076,0.0,0.0,0.0,0.0,0.03615628547915428,6.838797233089875,0.28360904748995697,0.6041666666666666
gamma,bo-ei@gp-poisson,5,60.0,120.0,0.28369610301524517,0.13338957299492904,4.043875865785985,0.0,0.0,0.0,0.0,0.0,4.6037806874266725,0.23316671136758474,0.8125
gamma,bo-ei@gp-poisson,5,90.0,180.0,0.4228124070286867,0.17445890301314648,4.040481481604032,0.0,0.0,0.0,0.0,0.0,4.579899063117022,0.2336888119099212,0.8125
gamma,bo-ei@gp-poisson,5,120.0,240.0,0.5615795169869671,0.19446523602164234,4.040549165732234,0.0,0.0,0.0,0.0,0.0,4.579646637700434,0.23368791107470788,0.8125
gamma,bo-ei@gp-poisson,6,15.0,30.0,0.09948995098966407,0.08586871900115511,4.36551974121349,0.0,0.0,0.0,0.07311668967389529,0.08807851718852566,11.207786571942027,0.4298761574510387,0.22916666666666666
gamma,bo-ei@gp-poisson,6,30.0,60.0,0.1941081649856642,0.12630998299937346,4.178302639890097,0.0,0.0,0.0,0.0,0.0,6.7403946447489655,0.34962636908288025,0.4166666666666667
gamma,bo-ei@gp-poisson,6,60.0,120.0,0.3821480029655504,0.18431674898602068,4.037020921293592,0.0,0.0,0.0,0.0,0.0,5.659074386845739,0.26666889144066114,0.6041666666666666
gamma,bo-ei@gp-poisson,6,90.0,180.0,0.569050352958584,0.24171533998014638,4.030463850517031,0.0,0.0,0.0,0.0,0.0,5.592268094855788,0.2666617554702394,0.6041666666666666
gamma,bo-ei@gp-poisson,6,120.0,240.0,0.7729265239504457,0.27669165999395773,3.957825630201674,0.0,0.0,0.0,0.0,0.0,4.922751938946578,0.2355322224289561,0.8125
gamma,bo-ei@gp-poisson,7,15.0,30.0,0.09664641999552259,0.07560027299405192,3.976623428653383,0.0,0.024722137368705543,1.1102230246251565e-16,2.220446049250313e-16,0.04085291330456797,4.315870340129894,0.3549551032616809,0.4375
gamma,bo-ei@gp-poisson,7,30.0,60.0,0.19858462999400217,0.11932648299261928,3.813729528409434,0.0,0.024722137368705543,1.1102230246251565e-16,2.220446049250313e-16,1.1102230246251565e-16,3.157302557871142,0.24474479772916863,0.8125
gamma,bo-ei@gp-poisson,7,60.0,120.0,0.3841237939959683,0.17545957896800246,3.7635321824371073,0.0308989283929596,0.0,0.0,0.004190406438799643,1.1102230246251565e-16,2.7690415525382166,0.23831344033565705,0.8125
gamma,bo-ei@gp-poisson,7,90.0,180.0,0.5739189859959879,0.23346038494855748,3.7580985961740727,0.0,0.0,0.0,0.004190406438799643,1.1102230246251565e-16,2.7921847668061126,0.23816694582076992,0.8125
gamma,bo-ei@gp-poisson,7,120.0,240.0,0.7641301970143104,0.26343669097695965,3.7567526694244147,0.0,0.0,0.0,0.004190406438799643,1.1102230246251565e-16,2.7864701189626366,0.238161065064058,0.8125
gamma,bo-ei@gp-poisson,8,15.0,30.0,0.09964441599368001,0.08425358901513391,4.260693870540776,0.0,0.0,0.0,0.0,0.0,6.0395815576572485,0.357679110841485,0.3958333333333333
gamma,bo-ei@gp-poisson,8,30.0,60.0,0.1987904259840434,0.12830098201447981,4.2312421510899645,0.0,0.0,0.0,0.0,0.0,5.565304894790647,0.351125330241966,0.4166666666666667
gamma,bo-ei@gp-poisson,8,60.0,120.0,0.3994183619906835,0.1935416900087148,4.07002347381261,0.0,0.0,0.0,0.0,0.0,4.743349518893031,0.30619403233147713,0.6041666666666666
gamma,bo-ei@gp-poisson,8,90.0,180.0,0.5959407709924562,0.25338413101781043,4.070445047864863,0.0,0.0,0.0,0.0,0.0,4.739868988164652,0.306184253923756,0.6041666666666666
gamma,bo-ei@gp-poisson,8,120.0,240.0,0.7949216779925337,0.28737308501513326,4.070851711191621,0.0,0.0,0.0,0.0,0.0,4.6467995289750235,0.2834620739303873,0.8125
gamma,bo-ei@gp-poisson,9,15.0,30.0,0.0689865730018937,0.06287036299181636,4.333090937717526,0.014757859359060599,0.0,0.0,0.08494049684550942,0.11283077574359546,9.79887208829598,0.3696542836646831,0.22916666666666666
gamma,bo-ei@gp-poisson,9,30.0,60.0,0.1409373530150333,0.08944382399567985,4.315868891504441,0.0,0.0,0.0,0.08494049684550942,0.11283077574359546,9.808428796970952,0.3629600137126521,0.2708333333333333
gamma,bo-ei@gp-poisson,9,60.0,120.0,0.2771776469890028,0.12501342998075415,4.316250034190101,0.0,0.0,0.0,0.08494049684550942,0.11283077574359546,9.88868081514073,0.33272317714998034,0.3125
gamma,bo-ei@gp-poisson,9,90.0,180.0,0.4130282780060952,0.16103535900037969,4.258064409445091,0.0,0.0,0.0,0.08494049684550942,0.11283077574359546,9.78024836289651,0.3204215183251329,0.4166666666666667
gamma,bo-ei@gp-poisson,9,120.0,240.0,0.5500863100132847,0.18170930501946714,4.1500330556886675,0.0,0.0,0.0,0.08494049684550942,0.11283077574359546,8.181162470758771,0.2901787901226637,0.4791666666666667
gamma,bo-ei@gp-poisson,10,15.0,30.0,0.09481319399128552,0.08697322401349084,4.443906106002659,0.0,0.026567540234695097,0.08366505278060687,0.10876591000744273,0.0859568176241211,9.735292193794082,0.45434304996448815,0.3125
gamma,bo-ei@gp-poisson,10,30.0,60.0,0.18981106399587588,0.13340946400421672,4.307005977274366,0.0,0.026567540234695097,0.0,0.013782119639858648,0.03171011796213985,6.7490558503279185,0.39839665769329174,0.4791666666666667
gamma,bo-ei@gp-poisson,10,60.0,120.0,0.374221937971015,0.188851557977614,4.237913774196222,0.0,0.026567540234695097,0.0,0.013782119639858648,0.03171011796213985,6.431175672145214,0.34372564323209676,0.6041666666666666
gamma,bo-ei@gp-poisson,10,90.0,180.0,0.5550409339739417,0.24178470196784474,4.237539709600024,0.0,0.026567540234695097,0.0,0.013782119639858648,0.03171011796213985,6.426378404224373,0.34372448430440217,0.6041666666666666
gamma,bo-ei@gp-poisson,10,120.0,240.0,0.7493740709796839,0.2741638609622896,4.0987013529440866,0.0,0.026567540234695097,0.0,0.013782119639858648,0.03171011796213985,4.979735444996846,0.2810212981492375,0.8125
gamma,bo-ei@gp-poisson,11,15.0,30.0,0.08914823201484978,0.07672500901026069,4.4823282562704465,0.0,0.027257968828325874,2.220446049250313e-16,0.012557070173999874,1.1102230246251565e-16,11.428309290897113,0.42325623423754166,0.25
gamma,bo-ei@gp-poisson,11,30.0,60.0,0.18341823700757232,0.11865337401468423,4.484437837840052,0.0,0.027257968828325874,2.220446049250313e-16,0.012557070173999874,1.1102230246251565e-16,11.534541210905259,0.4068831116295812,0.2916666666666667
gamma,bo-ei@gp-poisson,11,60.0,120.0,0.3667765420068463,0.17148089499096386,4.530463663904668,0.0,0.027257968828325874,2.220446049250313e-16,0.012557070173999874,1.1102230246251565e-16,11.737077137319364,0.38801579676044207,0.375
gamma,bo-ei@gp-poisson,11,90.0,180.0,0.5559435009963636,0.22553640299884137,4.559846580501592,0.0,0.0,0.0,0.01255707017399954,-2.220446049250313e-16,11.862460701941036,0.3840516875973127,0.4166666666666667
gamma,bo-ei@gp-poisson,11,120.0,240.0,0.7495082529858337,0.25677872899905196,4.3724821929485005,0.0,0.0,0.0,0.01255707017399954,-2.220446049250313e-16,8.261294824032719,0.3351908846427852,0.5
gamma,bo-ei@gp-poisson,12,15.0,30.0,0.07062519500323106,0.06313466699066339,4.555809568179564,0.0,0.0,0.014973777011987544,0.0,0.0,8.523462802664262,0.4731136023752339,0.3125
gamma,bo-ei@gp-poisson,12,30.0,60.0,0.13908108799660113,0.09217937500943663,4.530940567920136,0.0,0.0,0.014973777011987544,0.0,0.0,7.966580169841556,0.40834494344861744,0.4166666666666667
gamma,bo-ei@gp-poisson,12,60.0,120.0,0.27462979900519713,0.1280264190172602,4.492935247675896,0.0,0.0,0.014973777011987544,0.0,0.0,7.965161033713347,0.3808646824484333,0.4583333333333333
gamma,bo-ei@gp-poisson,12,90.0,180.0,0.42461514600290684,0.1670731170088402,4.490537491201467,0.0,0.0,0.014973777011987544,0.0,0.0,8.344698651829015,0.3883192554823611,0.6041666666666666
gamma,bo-ei@gp-poisson,12,120.0,240.0,0.5602091559994733,0.18794291902304394,4.307542562309561,0.0,0.0,0.014973777011987544,0.0,0.0,5.93759228014303,0.34945760403557663,0.8125
gamma,bo-ei@gp-poisson,13,15.0,30.0,0.06800292899788474,0.061755604001518805,4.46932535393499,0.0,0.0,0.029832824821793724,0.056958683253832465,0.08647715520481791,12.396782856356111,0.4185049406162908,0.3125
gamma,bo-ei@gp-poisson,13,30.0,60.0,0.137116882007831,0.09061460199882276,4.088731477206655,0.0,0.03511199799371867,-2.220446049250313e-16,-2.220446049250313e-16,0.006262076644404702,7.079976831664882,0.3043053418566355,0.6041666666666666
gamma,bo-ei@gp-poisson,13,60.0,120.0,0.28378527999302605,0.13299112499225885,4.08277255381391,0.0,0.03511199799371867,-2.220446049250313e-16,-2.220446049250313e-16,0.006262076644404702,7.046042617978207,0.3018117350419585,0.6041666666666666
gamma,bo-ei@gp-poisson,13,90.0,180.0,0.41926716398302233,0.17094614697998622,3.921301796490809,0.0,0.03511199799371867,-2.220446049250313e-16,-2.220446049250313e-16,0.006262076644404702,4.510467889656097,0.22520628219226785,0.8125
gamma,bo-ei@gp-poisson,13,120.0,240.0,0.5545075119953253,0.1898958629790286,3.921275171408021,0.0,0.03511199799371867,-2.220446049250313e-16,-2.220446049250313e-16,0.006262076644404702,4.5106179830552335,0.22520624133364858,0.8125
gamma,bo-ei@gp-poisson,14,15.0,30.0,0.06783481400634628,0.05912993800302502,4.342880323674844,0.0,0.35587726577722656,0.3480416820070762,0.3396017804900835,0.3297952071905842,21.31521291098878,0.44242693653890575,0.22916666666666666
gamma,bo-ei@gp-poisson,14,30.0,60.0,0.13775359799910802,0.08881806601129938,4.024898865789404,0.0,0.0,0.01125860097624376,0.02801356381720077,0.02710536051115975,6.653348873520072,0.3183230180145982,0.4166666666666667
gamma,bo-ei@gp-poisson,14,60.0,120.0,0.27482459900784306,0.1308270050212741,3.9288880106101325,0.0,0.0,0.01125860097624376,0.043679532382277064,0.040678593122724815,4.388500233173129,0.24916838538868002,0.6041666666666666
gamma,bo-ei@gp-poisson,14,90.0,180.0,0.4121335360214289,0.1715537990166922,3.9347482401571887,0.0,0.0,0.01125860097624376,0.043679532382277064,0.040678593122724815,4.590011988065164,0.24923969415195923,0.6041666666666666
gamma,bo-ei@gp-poisson,14,120.0,240.0,0.5499139259991352,0.19335753302584635,3.9021474734913024,0.0,0.0,0.05127250721494103,0.04657811295808467,0.05796769169639138,4.850213112179077,0.24269773252586857,0.8125
gamma,bo-ei@gp-poisson,15,15.0,30.0,0.06861601200944278,0.06544365899753757,4.4971887953587775,0.0,0.0,0.038779133279635336,0.013037193985234063,0.06268193542259604,10.67366618549251,0.4004190174290547,0.3125
gamma,bo-ei@gp-poisson,15,30.0,60.0,0.148379769991152,0.09664261699072085,4.458973235866449,0.0,0.0,0.038779133279635336,0.013037193985234063,0.06268193542259604,10.29771174163068,0.34768552534589886,0.4583333333333333
gamma,bo-ei@gp-poisson,15,60.0,120.0,0.2844663959876925,0.13422754696875927,4.384557309117413,0.0,0.0,0.038779133279635336,0.013037193985234063,0.06268193542259604,9.697839153198197,0.3235185496629282,0.6041666666666666
gamma,bo-ei@gp-poisson,15,90.0,180.0,0.4227449609898031,0.1717866789767868,4.384688491517385,0.0,0.0,0.038779133279635336,0.013037193985234063,0.06268193542259604,9.697835731265355,0.32351854995728296,0.6041666666666666
gamma,bo-ei@gp-poisson,15,120.0,240.0,0.5601746609681868,0.192812591954862,4.215882929897317,0.0,0.0,0.038779133279635336,0.033165800257869416,0.0,5.974737769896306,0.28042061245333627,0.8125
gamma,bo-ei@gp-poisson,16,15.0,30.0,0.09039742700770148,0.08628224799758755,4.265004714603549,0.0,0.0,0.04633447629956766,0.061657430763832455,0.09524363079439846,8.830019146067071,0.435910428249634,0.4166666666666667
gamma,bo-ei@gp-poisson,16,30.0,60.0,0.18913302501823637,0.13095583299946156,4.1106634684816905,0.0,0.0,0.0,0.02337819973826083,0.020320533921395767,7.092254850029044,0.35348410050425516,0.6041666666666666
gamma,bo-ei@gp-poisson,16,60.0,120.0,0.38730955103528686,0.19284950500514242,3.9278450989873055,0.0,0.0,0.018036712403124877,0.038279231025571514,0.0,4.849933665268461,0.2671633146288314,0.8125
gamma,bo-ei@gp-poisson,16,90.0,180.0,0.5747327010139998,0.24410112597615807,3.934473426866695,0.0,0.0,0.018036712403124877,0.0,0.0,4.708208596252252,0.2673407992086165,0.8125
gamma,bo-ei@gp-poisson,16,120.0,240.0,0.7583955850059283,0.2721946329838829,3.934547165353432,0.0,0.0,0.018036712403124877,0.0,0.0,4.708260933384479,0.2673408155382816,0.8125
gamma,bo-ei@gp-poisson,17,15.0,30.0,0.10265974898356944,0.08578328100338695,4.015291464315596,0.0,0.0,0.0062857454968486826,0.08448608385142298,0.00969555545380918,5.089302468825242,0.2965909714735351,0.4375
gamma,bo-ei@gp-poisson,17,30.0,60.0,0.1934662089915946,0.12443626498861704,3.890296125123377,0.0,0.07646861183441889,0.0062857454968486826,0.08448608385142298,0.00969555545380918,4.689188413118289,0.2582190656501081,0.6875
gamma,bo-ei@gp-poisson,17,60.0,120.0,0.37541552600305295,0.175640484001633,3.8261718927300095,0.0,0.07646861183441889,0.0062857454968486826,0.08448608385142298,0.00969555545380918,4.157168439762254,0.18556474675753434,0.8125
gamma,bo-ei@gp-poisson,17,90.0,180.0,0.5658112740093202,0.22737896400940372,3.8207386540768407,0.0,0.07646861183441889,0.0062857454968486826,0.08448608385142298,0.00969555545380918,4.14543457938957,0.18556905256397482,0.8125
gamma,bo-ei@gp-poisson,17,120.0,240.0,0.7608738320122939,0.2569220590230543,3.8217027914224553,0.0,0.07646861183441889,0.0062857454968486826,0.08448608385142298,0.00969555545380918,4.146749118010835,0.18556768821045946,0.8125
gamma,bo-ei@gp-poisson,18,15.0,30.0,0.09604120099538704,0.09135230399988359,4.070736647041172,0.0,0.0,0.0,0.018585216664570803,0.03133266737345586,6.831316890235077,0.42718830957162535,0.2916666666666667
gamma,bo-ei@gp-poisson,18,30.0,60.0,0.18747260198142612,0.1300604780044523,3.8976647085912894,0.0,0.0,0.0,0.018585216664570803,0.0,5.242631176425536,0.3746009979188917,0.5
gamma,bo-ei@gp-poisson,18,60.0,120.0,0.3714180689676141,0.18358566500319284,3.807684299539081,0.0,0.0,0.0,0.018585216664570803,0.0,4.43399600759793,0.34887320993624255,0.6041666666666666
gamma,bo-ei@gp-poisson,18,90.0,180.0,0.5551150289611542,0.2350219400068454,3.807799585294967,0.0,0.0,0.0,0.018585216664570803,0.0,4.435474602500709,0.3488733901512273,0.6041666666666666
gamma,bo-ei@gp-poisson,18,120.0,240.0,0.7380335019552149,0.26428666698848247,3.7028164777604506,0.0,0.0,0.0,0.018585216664570803,0.0,3.5660064490723666,0.24784626934611784,0.8125
gamma,bo-ei@gp-poisson,19,15.0,30.0,0.09350959699804662,0.08245861099931062,4.359929473282383,0.0,0.12741242128648345,0.13476127261015602,0.16084865508673474,0.17601884334536766,12.0365199822871,0.3777549886592778,0.25
gamma,bo-ei@gp-poisson,19,30.0,60.0,0.1855265939848323,0.11788483999407617,4.329278788398352,0.0,0.12741242128648345,0.13476127261015602,0.16084865508673474,0.1926578179814532,12.13979271411513,0.3404774921525424,0.3125
gamma,bo-ei@gp-poisson,19,60.0,120.0,0.3686330619966611,0.17120687598071527,4.014309667701319,0.0,0.0,0.0,0.016084865508673496,0.036477247504348886,6.570622427379509,0.26257391461172686,0.6041666666666666
gamma,bo-ei@gp-poisson,19,90.0,180.0,0.5496015279859421,0.2212786639756814,3.8822902546785385,0.0,0.0,0.0,0.016084865508673496,0.036477247504348886,4.700795217858072,0.19922597557227653,0.8125
gamma,bo-ei@gp-poisson,19,120.0,240.0,0.7316312429902609,0.2490008139720885,3.8812801273634494,0.0,0.0,0.0,0.016084865508673496,0.036477247504348886,4.696910625438151,0.19922399723900683,0.8125
gamma,bo-ei@gp-poisson,20,15.0,30.0,0.09467558097821893,0.08585355201284983,4.499871265067942,0.0,0.0,0.0,0.0216343624014379,0.01901164014718093,9.1610878248749,0.40574303756418023,0.4166666666666667
gamma,bo-ei@gp-poisson,20,30.0,60.0,0.18839321698396816,0.12662318600996514,4.323129116799749,0.0,0.0,0.0,0.0216343624014379,0.01901164014718093,6.1836273629576075,0.35966182015557985,0.625
gamma,bo-ei@gp-poisson,20,60.0,120.0,0.37222670299524907,0.18050755100921378,4.308322911112459,0.0,0.0,0.0,0.0216343624014379,0.01901164014718093,6.218737887865579,0.3414778250735813,0.625
gamma,bo-ei@gp-poisson,20,90.0,180.0,0.5545843330073694,0.23428541901375866,4.310010965506617,0.0,0.0,0.0,0.0216343624014379,0.01901164014718093,6.2962635947181385,0.3414943582055048,0.625
gamma,bo-ei@gp-poisson,20,120.0,240.0,0.7385802019962284,0.26286439199975575,4.311739284074416,0.0,0.0,0.0,0.0216343624014379,0.01901164014718093,6.333729839641148,0.3329260117265998,0.6458333333333334
gamma,bo-ei@gp-poisson,21,15.0,30.0,0.09128134600541671,0.09142489298756118,4.170365091293202,0.0,0.0,0.0,0.0,0.04743889592888417,4.864214723879741,0.3483306389556342,0.3541666666666667
gamma,bo-ei@gp-poisson,21,30.0,60.0,0.1913113350237836,0.1328251549966808,4.006417165439663,0.0,0.0,0.0,0.0,0.04743889592888417,4.038417211280529,0.31256364095797945,0.6041666666666666
gamma,bo-ei@gp-poisson,21,60.0,120.0,0.3898734920330753,0.1910782299892162,3.8624281783648073,0.0,0.0,0.0,0.0,0.04743889592888417,3.4514149069117606,0.2645347659082586,0.8125
gamma,bo-ei@gp-poisson,21,90.0,180.0,0.5820167450328881,0.2432133829970553,3.861148599554877,0.0,0.0,0.0,0.0,0.04743889592888417,3.449633855178057,0.26453288476570846,0.8125
gamma,bo-ei@gp-poisson,21,120.0,240.0,0.7695187020362937,0.27139100899148616,3.8609727231908253,0.0,0.0,0.0,0.0,0.04743889592888417,3.450902335498906,0.2645328943775381,0.8125
gamma,bo-ei@gp-poisson,22,15.0,30.0,0.09241654399011168,0.08492987999125035,4.670140327484085,0.0,0.0,0.032200297927310384,0.06058380723155021,0.09120739407546496,15.30582054999251,0.4371273444079071,0.2708333333333333
gamma,bo-ei@gp-poisson,22,30.0,60.0,0.18479363598453347,0.12431666599513846,4.52636554527527,0.0,0.0,0.032200297927310384,0.06058380723155021,0.09120739407546496,15.00197637951468,0.3881880028717508,0.4375
gamma,bo-ei@gp-poisson,22,60.0,120.0,0.367122609011858,0.17665963599210954,4.387617610014144,0.0,0.0,0.032200297927310384,1.1102230246251565e-16,0.0,7.612368915815763,0.3454047351290892,0.6041666666666666
gamma,bo-ei@gp-poisson,22,90.0,180.0,0.5499656610300008,0.22781368097275845,4.389842831967245,0.0,0.0,0.032200297927310384,1.1102230246251565e-16,0.0,7.626217745952743,0.34540625371247874,0.6041666666666666
gamma,bo-ei@gp-poisson,22,120.0,240.0,0.7329474040270725,0.25648484595512855,4.255576562664977,0.0,0.0,0.032200297927310384,1.1102230246251565e-16,0.0,7.1255849847063555,0.2886627217404596,0.8125
gamma,bo-ei@gp-poisson,23,15.0,30.0,0.09281377899969812,0.07981957798983785,4.384352400867157,0.0,0.0,0.02207975213938429,0.1277636176262047,0.1722479979084296,7.447266193788641,0.39999362287574974,0.375
gamma,bo-ei@gp-poisson,23,30.0,60.0,0.1853239809970546,0.11688675797995529,4.360338890528618,0.0,0.0,0.02207975213938429,0.03455322909701464,0.11500488638969208,7.194957331740425,0.36640521178825575,0.4166666666666667
gamma,bo-ei@gp-poisson,23,60.0,120.0,0.36918555699958233,0.1690380229774746,4.257781249740962,0.0,0.0,0.02207975213938429,0.03455322909701464,0.08834578582094144,6.802938995274184,0.3422558359114925,0.6041666666666666
gamma,bo-ei@gp-poisson,23,90.0,180.0,0.5557546769887267,0.21891413796402048,4.257712203597087,0.0,0.0,0.02207975213938429,0.03455322909701464,0.11500488638969208,6.802872993419832,0.3422286441060346,0.6041666666666666
gamma,bo-ei@gp-poisson,23,120.0,240.0,0.737321244982013,0.24705282397189876,4.183545411466682,0.0,0.0,0.02207975213938429,0.09814693577685274,0.1722479979084296,6.676547751633585,0.3049455525602202,0.7916666666666666
gamma,bo-ei@gp-poisson,24,15.0,30.0,0.06835933101319824,0.0638083350022498,4.483829841632725,0.0,0.0,0.0,0.0,0.0,12.151535747026463,0.4804123916279638,0.22916666666666666
gamma,bo-ei@gp-poisson,24,30.0,60.0,0.13665995900373673,0.09203167599844164,4.391972818240313,0.0,0.0,0.0,0.0,0.0,11.425318330153367,0.4195579196656237,0.2708333333333333
gamma,bo-ei@gp-poisson,24,60.0,120.0,0.27408128001115983,0.13136566798129934,4.122688521514981,0.0,0.0,0.0,0.0,0.0,9.527297549671585,0.3241793113603063,0.6041666666666666
gamma,bo-ei@gp-poisson,24,90.0,180.0,0.4124103620306414,0.16899978497531265,4.121361363736863,0.0,0.0,0.0,0.0,0.0,9.519391228480995,0.32417828945905974,0.6041666666666666
gamma,bo-ei@gp-poisson,24,120.0,240.0,0.551707790033106,0.18931376197724603,4.125528827258066,0.0,0.0,0.0,0.0,0.0,9.532846794110494,0.32418011034127386,0.6041666666666666
gamma,bo-ei@gp-poisson,25,15.0,30.0,0.06895614600216504,0.05574231699574739,4.101713500370504,0.0,0.19459273662091836,0.2207519208294998,0.21722538837182692,0.24901728593839334,9.624624360949747,0.38996384722406713,0.2916666666666667
gamma,bo-ei@gp-poisson,25,30.0,60.0,0.1374558689967671,0.08180449400606449,4.1114428403625,0.0,0.19459273662091836,0.2207519208294998,0.21722538837182692,0.1731398250577847,9.30426831706313,0.3795197494053246,0.3333333333333333
gamma,bo-ei@gp-poisson,25,60.0,120.0,0.27475118900474627,0.11808594501053449,4.021294306873023,0.0,0.0,0.0,0.036350178783752685,0.08338579415543534,4.409599351349781,0.3673529887168837,0.5208333333333334
gamma,bo-ei@gp-poisson,25,90.0,180.0,0.41446869999708724,0.15913350200935383,3.8050591844993433,0.0,0.0,0.0,0.036350178783752685,0.08338579415543534,3.5183740425502674,0.25817777968145106,0.8125
gamma,bo-ei@gp-poisson,25,120.0,240.0,0.5482633090105082,0.17793787700793473,3.8051962375348154,0.0,0.0,0.0,0.036350178783752685,0.08338579415543534,3.5186396325945783,0.25817801706112664,0.8125
gamma,bo-ei@gp-poisson,26,15.0,30.0,0.07110987100895727,0.06466771000850713,3.8077192547468015,0.0,0.0,0.0,0.002351964480984292,0.0,4.91450188482665,0.3520446235781657,0.4166666666666667
gamma,bo-ei@gp-poisson,26,30.0,60.0,0.13856734601358767,0.09324277600899222,3.697729102015957,0.0,0.0,0.0,0.002351964480984292,0.0,4.446876732930332,0.30691645349206326,0.6041666666666666
gamma,bo-ei@gp-poisson,26,60.0,120.0,0.2871249500203703,0.13462017301935703,3.646684909681237,0.0,0.0,0.0,0.002351964480984292,0.0,4.354090531256908,0.2610617514478676,0.8125
gamma,bo-ei@gp-poisson,26,90.0,180.0,0.42457506101345643,0.1718175830137625,3.645958938446338,0.0,0.0,0.0,0.002351964480984292,0.0,4.349104490302911,0.26107346923133395,0.8125
gamma,bo-ei@gp-poisson,26,120.0,240.0,0.5604920180230692,0.19184236801447696,3.636983329638568,0.0,0.0,0.0,0.002351964480984292,0.0,4.20003770207371,0.2611152557427958,0.8125
gamma,bo-ei@gp-poisson,27,15.0,30.0,0.07033654599217698,0.06639133900171146,4.212110133805503,0.0,0.0,0.0,0.04749291660462107,0.04369470570585854,8.594218299121817,0.4089416071314549,0.3125
gamma,bo-ei@gp-poisson,27,30.0,60.0,0.13767471098981332,0.09439687399208196,4.078273973558933,0.0,0.0,0.0,0.04749291660462107,0.04369470570585854,7.99220587524873,0.35116005859063415,0.5208333333333334
gamma,bo-ei@gp-poisson,27,60.0,120.0,0.2829082319913141,0.1333570520109788,4.048043281807362,0.0,0.0,0.0,0.04749291660462107,0.04369470570585854,7.553423704745827,0.32325170089163824,0.6041666666666666
gamma,bo-ei@gp-poisson,27,90.0,180.0,0.4200851830210013,0.17076411302696215,4.042640664339942,0.0,0.0,0.0,0.0221561365968288,0.04369470570585854,7.412786255689158,0.32332849929086327,0.625
gamma,bo-ei@gp-poisson,27,120.0,240.0,0.5571600200237299,0.19140207202872261,3.8584546802272626,0.0,0.0,0.0,0.0,0.0,4.071059820962031,0.2527773051683395,0.8125
gamma,bo-ei@gp-poisson,28,15.0,30.0,0.09176855699843145,0.08298962900153128,4.589774399955506,0.4893694691092976,0.32395046909369307,0.4124854461921762,0.4525241944707171,0.48028152598865526,21.619505874197927,0.39486402300184603,0.4583333333333333
gamma,bo-ei@gp-poisson,28,30.0,60.0,0.18045446900214301,0.12057249399003922,4.467126606560462,0.0,0.0,0.0,0.1152145748350879,0.1814921168768867,12.174610877505067,0.3499539665720763,0.5208333333333334
gamma,bo-ei@gp-poisson,28,60.0,120.0,0.3744274870150548,0.17776378796770587,4.229670490510927,0.0,0.0,0.0,0.019436058399549427,0.0990645457695658,9.28230711038464,0.3070845897663325,0.625
gamma,bo-ei@gp-poisson,28,90.0,180.0,0.5685243250409258,0.23633971496747108,4.014089209869184,0.0,0.0,0.0,0.0,0.0,4.49079925981166,0.25738196925580065,0.8125
gamma,bo-ei@gp-poisson,28,120.0,240.0,0.7566540200205054,0.26441393996356055,4.009529354706291,0.0,0.0,0.0,0.0,0.0,4.4648302472139525,0.2573796311061002,0.8125
gamma,bo-ei@gp-poisson,29,15.0,30.0,0.09908520702083479,0.0916148179967422,4.0644493137314495,0.0,0.0,0.002130258798470952,0.04824114884450659,0.06999565841915112,9.235043054421377,0.4073919204914848,0.2916666666666667
gamma,bo-ei@gp-poisson,29,30.0,60.0,0.18787204801265034,0.12825620700095897,4.0120057294619045,0.0,0.0,0.002130258798470952,0.04824114884450659,0.06999565841915112,8.741072459345617,0.3583341416203803,0.4375
gamma,bo-ei@gp-poisson,29,60.0,120.0,0.3867950040184951,0.18216527000549831,4.005419391587399,0.0,0.0,0.002130258798470952,0.04824114884450659,0.06999565841915112,8.665686674319769,0.32003058112380584,0.4583333333333333
gamma,bo-ei@gp-poisson,29,90.0,180.0,0.568290296021587,0.23316865600281744,3.9910947728340873,0.0,0.0,0.002130258798470952,0.04824114884450659,0.06999565841915112,8.520269647966852,0.3109323000258722,0.6041666666666666
gamma,bo-ei@gp-poisson,29,120.0,240.0,0.7494139070040546,0.2609093100109021,3.896134047893991,0.0,0.0,0.002130258798470952,0.0,0.0,4.731117975220011,0.28389304850778146,0.75
gamma,bo-ei@gp-poisson,30,15.0,30.0,0.09147624500110396,0.08219676399676246,4.078554205536483,0.0,0.023943279191712574,0.12379297588074412,0.17469530475580985,0.13943962086236672,7.480810772085739,0.32702727134846415,0.4375
gamma,bo-ei@gp-poisson,30,30.0,60.0,0.17979336700591375,0.1188377109974681,3.977866289027034,0.0,0.023943279191712574,0.12379297588074412,0.17469530475580985,0.13943962086236672,6.501444639768546,0.2762903196792163,0.6458333333333334
gamma,bo-ei@gp-poisson,30,60.0,120.0,0.3697999700307264,0.17325150800024858,3.8238393761454623,0.0,0.023943279191712574,0.0,0.05488804456010221,0.10568470276218345,3.685972261286149,0.2358010033831808,0.8125
gamma,bo-ei@gp-poisson,30,90.0,180.0,0.55046284402124,0.22194508502070676,3.8248709379624763,0.0,0.023943279191712574,0.0,0.05488804456010221,0.10568470276218345,3.684544297495649,0.23580184989296962,0.8125
gamma,bo-ei@gp-poisson,30,120.0,240.0,0.7290120190336893,0.2479965980128327,3.82481561246052,0.0,0.023943279191712574,0.0,0.05488804456010221,0.10568470276218345,3.6844304034714686,0.23580171318315138,0.8125
gamma,bo-ei@gp-poisson,31,15.0,30.0,0.08989679100341164,0.0786470860002737,4.437610046810365,0.0,0.1585859675411565,0.2255998804254712,0.26558991274266985,0.3048327267496501,24.17351288935675,0.4099876379016141,0.25
gamma,bo-ei@gp-poisson,31,30.0,60.0,0.18560214500757866,0.11724857500666985,4.340711850641677,0.0,0.1585859675411565,0.2102834094802969,0.19688581395720106,0.22642988492126126,22.855450680398004,0.36168428973298966,0.4166666666666667
gamma,bo-ei@gp-poisson,31,60.0,120.0,0.3663107510037662,0.16883917099767132,4.211232340145603,0.0,0.1585859675411565,0.2102834094802969,0.19688581395720106,0.23695460558777093,22.70765214659451,0.30875730553028113,0.6041666666666666
gamma,bo-ei@gp-poisson,31,90.0,180.0,0.5453658400074346,0.21768881898969994,4.2117886407101865,0.0,0.1585859675411565,0.2102834094802969,0.19688581395720106,0.23695460558777093,22.70767620197466,0.30875762507923044,0.6041666666666666
gamma,bo-ei@gp-poisson,31,120.0,240.0,0.7256423019935028,0.24570681397017324,3.9745832355927866,0.12950420974567045,0.0,0.0,0.0,0.0,6.684185338326157,0.23431188481840942,0.7708333333333334
gamma,bo-ei@gp-poisson,32,15.0,30.0,0.06711091899705934,0.05746668400024646,4.286131577828983,0.06478898824522139,0.03239449412261075,1.1102230246251565e-16,1.1102230246251565e-16,2.220446049250313e-16,7.22311521643884,0.4132954819771628,0.4166666666666667
gamma,bo-ei@gp-poisson,32,30.0,60.0,0.13699607799571822,0.08569505200284766,4.128985420512742,0.06478898824522139,0.03239449412261075,1.1102230246251565e-16,1.1102230246251565e-16,2.220446049250313e-16,6.054213830184746,0.3620066874563855,0.6041666666666666
gamma,bo-ei@gp-poisson,32,60.0,120.0,0.27676860698193195,0.12495552201289684,3.9851052739325197,0.0,0.03239449412261075,1.1102230246251565e-16,1.1102230246251565e-16,2.220446049250313e-16,5.708348487817394,0.2904644497930601,0.8125
gamma,bo-ei@gp-poisson,32,90.0,180.0,0.41588966398194316,0.16239771501568612,3.963786939598542,0.0,0.0,0.0,0.0068333813239889185,0.0,5.61664897553383,0.290339064225684,0.8125
gamma,bo-ei@gp-poisson,32,120.0,240.0,0.5534570669697132,0.18251803000748623,3.962834930612385,0.0,0.0,0.0,0.0068333813239889185,0.0,5.614615724924684,0.29033577569455354,0.8125
gamma,bo-ei@gp-poisson,33,15.0,30.0,0.09001188501497381,0.07918365099249058,3.9787841225758593,0.0,0.0,0.013839177814250925,0.040363904543309514,0.07171622940586386,5.516461637299349,0.36690161252281195,0.3958333333333333
gamma,bo-ei@gp-poisson,33,30.0,60.0,0.1848486960225273,0.11868762498124852,3.8916201630111424,0.0,0.0,0.013839177814250925,0.040363904543309514,0.05862094620252545,5.018836640449778,0.3113867669895784,0.6041666666666666
gamma,bo-ei@gp-poisson,33,60.0,120.0,0.36615690503822407,0.17182520795540768,3.8121352499155505,0.0,0.0,0.013839177814250925,0.040363904543309514,0.05862094620252545,4.6616228413954754,0.25794189095873515,0.7916666666666666
gamma,bo-ei@gp-poisson,33,90.0,180.0,0.5454650160536403,0.22023355094279395,3.8087870136659574,0.0,0.0,0.013839177814250925,0.040363904543309514,0.07171622940586386,4.6223849719273185,0.2468229358464022,0.8125
gamma,bo-ei@gp-poisson,33,120.0,240.0,0.7330292150581954,0.2501917239460454,3.8079918721162205,0.0,0.0,0.013839177814250925,0.040363904543309514,0.05862094620252545,4.616287036908313,0.2468164201629844,0.8125
gamma,bo-ei@gp-poisson,34,15.0,30.0,0.092055278011685,0.08017981401280849,4.647042904397468,0.2663597018980707,0.1764472438794077,0.25938359742573347,0.26031302975436754,0.23625993330198358,18.511435197464063,0.37671522279129543,0.4166666666666667
gamma,bo-ei@gp-poisson,34,30.0,60.0,0.18391885401069885,0.12209363102010684,4.336112104604992,0.0,0.0,0.0,0.0,0.049998407324364336,9.202878104797817,0.29367512530553175,0.6041666666666666
gamma,bo-ei@gp-poisson,34,60.0,120.0,0.3679354150153813,0.1764886110140651,4.14146609407256,0.0,0.0,0.0,0.02199634950537932,0.0,5.547221975085114,0.20163476445599784,0.8125
gamma,bo-ei@gp-poisson,34,90.0,180.0,0.5498059980163816,0.23038961199927144,4.138730671161906,0.0,0.0,0.0,0.02199634950537932,0.0,5.544220563365143,0.20264769453939138,0.8125
gamma,bo-ei@gp-poisson,34,120.0,240.0,0.7474566970122396,0.26120445400010794,4.139214179204317,0.0,0.0,0.0,0.02199634950537932,0.0,5.546122648705494,0.2026481594073906,0.8125
gamma,bo-ei@gp-poisson,35,15.0,30.0,0.09471441799178137,0.08425950601304066,4.259646322950147,0.0,0.0029517491116642924,0.06157468593703308,0.05035990715234262,0.0,7.972914798173255,0.34130355523333583,0.4375
gamma,bo-ei@gp-poisson,35,30.0,60.0,0.18605219198798295,0.1232728920149384,4.1459787918603626,0.0,0.0029517491116642924,0.06207149578649429,0.05035990715234251,-2.220446049250313e-16,5.920161474064122,0.2936438781408356,0.625
gamma,bo-ei@gp-poisson,35,60.0,120.0,0.36997505898034433,0.1750711950189725,3.9545688870799203,0.0,0.0029517491116642924,0.0,0.0,0.0,4.244588270051097,0.23989745443712038,0.8125
gamma,bo-ei@gp-poisson,35,90.0,180.0,0.5521303519853973,0.22410621801827801,3.9551612623916395,0.0,0.0029517491116642924,0.0,0.0,0.0,4.247710827370257,0.2398990920945658,0.8125
gamma,bo-ei@gp-poisson,35,120.0,240.0,0.7497572369829868,0.2546276010107249,3.950165884773168,0.0,0.0029517491116642924,0.0,0.0004030722568258982,0.0,4.181501103271391,0.23984920975221996,0.8125
gamma,bo-ei@gp-poisson,36,15.0,30.0,0.09463256198796444,0.08172825001020101,4.166122782497276,0.0,0.0,0.0,0.08732161695564289,0.10654076166007187,10.204570521299846,0.39561876518242334,0.375
gamma,bo-ei@gp-poisson,36,30.0,60.0,0.18464331698123715,0.12000656301461277,3.9781683581159144,0.0,0.0,0.0,0.0,0.0,5.268492875061914,0.33544928724292405,0.6041666666666666
gamma,bo-ei@gp-poisson,36,60.0,120.0,0.3649763109497144,0.16962453002633993,4.033628378403473,0.0,0.0,0.0,0.0,0.0,5.205590801380475,0.33201773345218627,0.625
gamma,bo-ei@gp-poisson,36,90.0,180.0,0.5431967579352204,0.22132468102063285,3.9379632691815676,0.0,0.0,0.0,0.0,0.0,4.722744856899524,0.2799474481730644,0.8125
gamma,bo-ei@gp-poisson,36,120.0,240.0,0.7364493339518958,0.2517192890372826,3.93751375978146,0.0,0.0,0.0,0.0,0.0,4.716099153935033,0.2799502888436774,0.8125
gamma,bo-ei@gp-poisson,37,15.0,30.0,0.06907329401292372,0.06081298600838636,4.284664375479898,0.3902988772401885,0.37954421825302864,0.3873234342348012,0.43187268154160985,0.38564753535683016,14.982112337778975,0.36090886424371826,0.4166666666666667
gamma,bo-ei@gp-poisson,37,30.0,60.0,0.1370988510134339,0.08757139600857045,4.429924392505845,0.3902988772401885,0.37954421825302864,0.4455661714082212,0.43187268154160974,0.38564753535683005,15.305034459675825,0.3786560322794611,0.4166666666666667
gamma,bo-ei@gp-poisson,37,60.0,120.0,0.27681744903020444,0.12362177600516588,4.4297348777786585,0.3902988772401885,0.37954421825302864,0.3873234342348012,0.43187268154160985,0.38564753535683016,15.304558747137719,0.3786493693595995,0.4166666666666667
gamma,bo-ei@gp-poisson,37,90.0,180.0,0.4186106390116038,0.16281843899923842,4.392467256363077,0.3902988772401885,0.37954421825302864,0.3873234342348012,0.3657339176393539,0.33157898729088375,15.231091192088048,0.3776677228864493,0.4166666666666667
gamma,bo-ei@gp-poisson,37,120.0,240.0,0.5665137070027413,0.18609251299130847,3.993064643548866,0.0,0.0,0.0,0.0,0.0,4.512387974478169,0.3467270315255162,0.4791666666666667
gamma,bo-ei@gp-poisson,38,15.0,30.0,0.06954555600896128,0.06378906699683284,4.9831465887859645,0.0,0.18397431871830028,0.2395588988577736,0.21286943316667994,0.20836125430096375,24.23077524586295,0.5463286598356045,0.22916666666666666
gamma,bo-ei@gp-poisson,38,30.0,60.0,0.13906474399846047,0.09241147500506486,4.94453988374105,0.0,0.18397431871830028,0.2395588988577736,0.21286943316667994,0.20836125430096375,24.47519075659577,0.4992201414440351,0.2708333333333333
gamma,bo-ei@gp-poisson,38,60.0,120.0,0.2746761769958539,0.1301010200077144,4.80487706755699,0.0,0.18397431871830028,0.2395588988577736,0.21286943316667994,0.20836125430096375,25.04853071679737,0.46962917003079097,0.3125
gamma,bo-ei@gp-poisson,38,90.0,180.0,0.41118435499447514,0.16708463900067727,4.83447639578591,0.0,0.18397431871830028,0.2395588988577736,0.21286943316667994,0.20836125430096375,25.07282899418935,0.46515228656540025,0.375
gamma,bo-ei@gp-poisson,38,120.0,240.0,0.5470091399838566,0.18757251699571498,4.814054366978945,0.0,0.18397431871830028,0.2395588988577736,0.21286943316667994,0.20836125430096375,24.828390064377253,0.4570703289710614,0.4583333333333333
gamma,bo-ei@gp-poisson,39,15.0,30.0,0.06960499599517789,0.06119650899199769,4.40896127493984,0.0,0.01100584692120965,0.0,0.0,0.05806271087368153,14.20955845513916,0.4180193602438191,0.2916666666666667
gamma,bo-ei@gp-poisson,39,30.0,60.0,0.1382855570045649,0.09341071100425324,4.229911212084782,0.0,0.01100584692120965,0.024908450604145815,0.01328045054050142,0.0,7.610535622866984,0.309945155632447,0.6041666666666666
gamma,bo-ei@gp-poisson,39,60.0,120.0,0.28729141001895186,0.1393224299972644,4.109949808640759,0.0,0.01100584692120965,0.024908450604145815,0.01328045054050142,0.0,4.826122328865221,0.2767602039733559,0.8125
gamma,bo-ei@gp-poisson,39,90.0,180.0,0.42696522402548,0.18826095100303064,4.110392214855121,0.0,0.01100584692120965,0.024908450604145815,0.01328045054050142,0.0,4.815948571311128,0.2767697721856049,0.8125
gamma,bo-ei@gp-poisson,39,120.0,240.0,0.5737749010186235,0.2100123420204909,4.129321062828428,0.0,0.01100584692120965,0.0,0.0,0.0,5.325251372164098,0.27684998665617583,0.8125
gamma,bo-ei@gp-poisson,40,15.0,30.0,0.06994648500403855,0.05902993499694276,4.638409079933516,0.0,0.041302607423357784,0.08830428453895323,0.1621896450518553,0.18372854585799303,18.916352191552395,0.4280787874432442,0.22916666666666666
gamma,bo-ei@gp-poisson,40,30.0,60.0,0.140853952991165,0.08875196199369384,4.597319675647762,0.0,0.041302607423357784,0.08830428453895323,0.1981178953913345,0.19355861888122894,18.456839665580183,0.3794266749827971,0.4375
gamma,bo-ei@gp-poisson,40,60.0,120.0,0.29200171499178396,0.13133777501570876,4.494031448354394,0.0,0.041302607423357784,0.08830428453895323,0.18604998527281735,0.21529535544889833,17.155889981785265,0.38760418130557306,0.6041666666666666
gamma,bo-ei@gp-poisson,40,90.0,180.0,0.4303325299952121,0.16955407901696162,4.4125229751636,0.0,0.041302607423357784,0.08830428453895323,0.18604998527281735,0.21529535544889833,17.147476182151348,0.3375457831203721,0.7083333333333334
gamma,bo-ei@gp-poisson,40,120.0,240.0,0.5703459849828505,0.18992417502158787,4.301634231243303,0.0,0.0,0.0,0.0,0.034810229856299,7.908668546931688,0.29129753024761335,0.8125
gamma,bo-ei@gp-poisson,41,15.0,30.0,0.09173799499330926,0.08549718799622497,4.257530204397361,0.0,0.0,0.033256327056849666,0.05808812150090259,0.0777802852767856,9.099659504175229,0.4414686133865676,0.22916666666666666
gamma,bo-ei@gp-poisson,41,30.0,60.0,0.19849092399454094,0.13865155399616924,4.191133005077588,0.0,0.0,0.033256327056849666,0.05808812150090259,0.0777802852767856,8.636484478768695,0.3856478132467829,0.4166666666666667
gamma,bo-ei@gp-poisson,41,60.0,120.0,0.37703755500842817,0.18964522798341932,4.080157581818761,0.0,0.0,0.033256327056849666,0.05808812150090259,0.05083448549621283,7.465382192470289,0.3017842778766803,0.6041666666666666
gamma,bo-ei@gp-poisson,41,90.0,180.0,0.5707064760063076,0.24278921799486852,4.0803924952041495,0.0,0.0,0.033256327056849666,0.05808812150090259,0.05083448549621283,7.467446283178721,0.30178852984272264,0.6041666666666666
gamma,bo-ei@gp-poisson,41,120.0,240.0,0.7557614569996076,0.2721786400034034,4.080073968842997,0.0,0.0,0.033256327056849666,0.05808812150090259,0.05083448549621283,7.466152908105262,0.30178706631364716,0.6041666666666666
gamma,bo-ei@gp-poisson,42,15.0,30.0,0.09132619099909789,0.0862314190089819,4.535283946315093,0.0,0.19395660298700657,0.21216642453325119,0.17830032306933996,0.1947159022366325,23.793121003211688,0.453666213796994,0.2708333333333333
gamma,bo-ei@gp-poisson,42,30.0,60.0,0.18726415000492125,0.13555030600036844,4.507349902757567,0.0,0.19395660298700657,0.21216642453325119,0.17830032306933996,0.1947159022366325,23.660766885524566,0.4183961093516897,0.4166666666666667
gamma,bo-ei@gp-poisson,42,60.0,120.0,0.37050442400504835,0.18803235400628182,4.320304030826391,0.0,0.19395660298700657,0.21216642453325119,0.17830032306933996,0.1947159022366325,23.225627116581368,0.3489141766866065,0.6041666666666666
gamma,bo-ei@gp-poisson,42,90.0,180.0,0.5581448549964989,0.2428796840031282,4.32248310323143,0.0,0.19395660298700657,0.21216642453325119,0.17830032306933996,0.1947159022366325,23.232989664012035,0.34943914653221225,0.6041666666666666
gamma,bo-ei@gp-poisson,42,120.0,240.0,0.7429750549963501,0.27436637701975997,4.004548236975911,0.0,0.0,0.0,0.030315064866295982,0.0,5.9740173263068215,0.24230139883520238,0.8125
gamma,bo-ei@gp-poisson,43,15.0,30.0,0.10114298399639665,0.08621670299544348,4.275155881205311,0.0,0.0,0.008781444816091777,0.08182672094347554,0.169913090947439,11.080363708926996,0.38763648175433496,0.3958333333333333
gamma,bo-ei@gp-poisson,43,30.0,60.0,0.1938107010028034,0.12638304597930983,4.2100722325317275,0.0,0.0,0.008781444816091777,0.08182672094347554,0.06693536607992301,9.155246650765836,0.322179681563621,0.6041666666666666
gamma,bo-ei@gp-poisson,43,60.0,120.0,0.37736823500017636,0.1775966109780711,4.06179781020625,0.0,0.0,0.008781444816091777,0.08182672094347554,0.06693536607992301,6.1565014398457825,0.2778227232336932,0.75
gamma,bo-ei@gp-poisson,43,90.0,180.0,0.5680046909692464,0.23194496795986197,4.032307875149747,0.0,0.0,0.008781444816091777,0.08182672094347554,0.06693536607992301,6.00012963710057,0.26377306983496174,0.8125
gamma,bo-ei@gp-poisson,43,120.0,240.0,0.7523759059695294,0.2607148149618297,4.031267322014048,0.0,0.0,0.008781444816091777,0.08182672094347554,0.06693536607992301,5.999151031136243,0.263773398146443,0.8125
gamma,bo-ei@gp-poisson,44,15.0,30.0,0.07837488501172629,0.07223776300088502,4.269714363006699,0.0,0.0,0.0,0.0343445904825862,0.0700823820022507,9.984826991622807,0.43236173082068485,0.2916666666666667
gamma,bo-ei@gp-poisson,44,30.0,60.0,0.14799674602181767,0.10159285900226678,4.164469469916532,0.0,0.0,0.0,0.0343445904825862,0.062188700753549986,9.352378108275929,0.3679268988911985,0.5
gamma,bo-ei@gp-poisson,44,60.0,120.0,0.28368620503897546,0.13954902601108188,4.060426080593488,0.0,0.0,0.0,0.0343445904825862,0.062188700753549986,9.021157265175587,0.3377248305944931,0.6458333333333334
gamma,bo-ei@gp-poisson,44,90.0,180.0,0.4213137660481152,0.17807534200619557,4.031690748940806,0.0,0.0,0.0,0.0343445904825862,0.062188700753549986,8.933057184712656,0.3107339839114967,0.6875
gamma,bo-ei@gp-poisson,44,120.0,240.0,0.5607576210604748,0.19981248300609877,3.920301644395528,0.0,0.0,0.05725807537300376,1.1102230246251565e-16,2.220446049250313e-16,4.708245075929072,0.26922035954583656,0.8125
gamma,bo-ei@gp-poisson,45,15.0,30.0,0.09806016499715042,0.08776787599708769,4.18928433285678,0.0,0.04916122588640026,0.07770641705469994,0.09015897291423514,0.10172012457704016,11.930243749091286,0.3841636071042807,0.4166666666666667
gamma,bo-ei@gp-poisson,45,30.0,60.0,0.19025480298660113,0.12588833499103202,4.005169140878963,0.0,0.04916122588640026,0.11119466586454108,0.09550368253712727,0.07615844170590735,9.204801975549396,0.32835929541619135,0.6041666666666666
gamma,bo-ei@gp-poisson,45,60.0,120.0,0.3755181919950701,0.17876700900524156,3.9243364071605256,0.0,0.04916122588640026,0.0,0.00534470962289213,0.022936467545341954,4.703537198723297,0.2768840243716451,0.8125
gamma,bo-ei@gp-poisson,45,90.0,180.0,0.5646917230078543,0.23153395898771123,3.9257319221343345,0.0,0.04916122588640026,0.0,0.00534470962289213,0.022936467545341954,4.705584669495698,0.27688545309763934,0.8125
gamma,bo-ei@gp-poisson,45,120.0,240.0,0.7510521950171096,0.2610250759898918,3.928466118990176,0.0,0.04916122588640026,0.0,0.00534470962289213,0.022936467545341954,4.708399695619489,0.2768857116145003,0.8125
gamma,bo-ei@gp-poisson,46,15.0,30.0,0.07318387201667065,0.06320784100171295,4.626965937991493,0.0,0.01435492794788118,0.041840217858949647,0.1253948712967098,0.10654529889476949,14.713421711658103,0.36427301490467257,0.4166666666666667
gamma,bo-ei@gp-poisson,46,30.0,60.0,0.14131006802927004,0.09333251300267875,4.3652139175415074,0.0,0.0,0.0,0.0,0.00703778227980445,8.561517252785642,0.32620759094949275,0.625
gamma,bo-ei@gp-poisson,46,60.0,120.0,0.2777178220349015,0.13370455101903644,4.138725474070174,0.0,0.0,0.0,0.0,0.00703778227980445,5.369254974559928,0.2239295174267331,0.8125
gamma,bo-ei@gp-poisson,46,90.0,180.0,0.4152955260251474,0.17207066601986298,4.130948578484495,0.0,0.0,0.0,0.0,0.00703778227980445,5.332727740732851,0.22383920164217602,0.8125
gamma,bo-ei@gp-poisson,46,120.0,240.0,0.5617544640117558,0.1944152310024947,4.131581067254673,0.0,0.0,0.0,0.0,0.00703778227980445,5.334083387904615,0.22383696167744738,0.8125
gamma,bo-ei@gp-poisson,47,15.0,30.0,0.09281513099995209,0.0833353570124018,4.168320423455901,0.0,0.027998849679309656,1.1102230246251565e-16,1.1102230246251565e-16,0.028702894812789204,8.357799180269621,0.45744344571439877,0.22916666666666666
gamma,bo-ei@gp-poisson,47,30.0,60.0,0.18605430500974762,0.12633273501342046,3.878739336508877,0.0,0.027998849679309656,1.1102230246251565e-16,0.010212409139881973,1.1102230246251565e-16,4.780611544289153,0.36271990289878464,0.5
gamma,bo-ei@gp-poisson,47,60.0,120.0,0.38081949800471193,0.18035560800126405,3.836519321956338,0.0,0.027998849679309656,1.1102230246251565e-16,0.010212409139881973,1.1102230246251565e-16,4.269352305836826,0.3298198644587231,0.6041666666666666
gamma,bo-ei@gp-poisson,47,90.0,180.0,0.571151727996039,0.23503775402059546,3.8357394880211815,0.0,0.027998849679309656,1.1102230246251565e-16,0.010212409139881973,1.1102230246251565e-16,4.259439454902778,0.3298193132354069,0.6041666666666666
gamma,bo-ei@gp-poisson,47,120.0,240.0,0.770957372020348,0.268471744035196,3.748043908040998,0.0,0.027998849679309656,1.1102230246251565e-16,0.010212409139881973,1.1102230246251565e-16,3.848405389685649,0.2586702310907598,0.8125
gamma,bo-ei@gp-poisson,48,15.0,30.0,0.07597094300217577,0.06783121599437436,4.074159221459026,0.04589640525670624,0.0,0.0,0.0,0.0,6.293494904298363,0.3403561673900157,0.4375
gamma,bo-ei@gp-poisson,48,30.0,60.0,0.14589044600506895,0.09723571698850719,4.0562700199217865,0.04589640525670624,0.0,0.0,0.0,0.0,6.132370021082431,0.3029038648045269,0.625
gamma,bo-ei@gp-poisson,48,60.0,120.0,0.2843465330261097,0.13618087596842088,4.054225905581823,0.04589640525670624,0.0,0.0,0.0253042719640737,0.0,6.2780985155450395,0.2743365600867518,0.8125
gamma,bo-ei@gp-poisson,48,90.0,180.0,0.42337861201303895,0.17446390199256712,4.030471664179367,0.04589640525670624,0.0,0.0,0.0253042719640737,0.0,5.9437823493797755,0.27398249175573186,0.8125
gamma,bo-ei@gp-poisson,48,120.0,240.0,0.5641847120132297,0.1956015779869631,3.9849432097935007,0.0,0.0,0.0,0.0253042719640737,0.0,5.5280559935876035,0.2738260502628218,0.8125
gamma,bo-ei@gp-poisson,49,15.0,30.0,0.09802761598984944,0.08251519099212601,4.216687678797192,0.0,0.0,0.0,0.0,0.02206580337301267,7.331503908545025,0.41956393210820664,0.375
gamma,bo-ei@gp-poisson,49,30.0,60.0,0.19644450696796412,0.12255416199695901,4.117000672850027,0.0,0.0,0.0,0.0,0.02206580337301267,6.62871441274366,0.36048535251621733,0.6041666666666666
gamma,bo-ei@gp-poisson,49,60.0,120.0,0.38171475995113724,0.18013456397602567,4.09517012796889,0.0,0.0,0.0,0.0,0.0,6.060150234203056,0.3597092155889484,0.6041666666666666
gamma,bo-ei@gp-poisson,49,90.0,180.0,0.5682771369574766,0.23485006699047517,3.939524314945309,0.0,0.0,0.0,0.0,0.004881392085044012,4.193532042468321,0.2875852666723605,0.8125
gamma,bo-ei@gp-poisson,49,120.0,240.0,0.7579426849733863,0.2654263739786984,3.939112339973814,0.0,0.0,0.0,0.0,0.004881392085044012,4.186485263157715,0.2875843751538892,0.8125
gamma,bo-ei@gp-poisson-cat,0,15.0,30.0,0.09042997699725674,0.03434189500330831,4.358622313792237,0.0,0.0,0.0,0.0038796653735284625,0.004213102712073313,13.752294556317887,0.38373708718430066,0.2708333333333333
gamma,bo-ei@gp-poisson-cat,0,30.0,60.0,0.18323882500408217,0.06139098599305726,4.1477979844325885,0.0,0.0,0.0,0.0038796653735284625,0.0,5.527250389506516,0.2732936635090642,0.6041666666666666
gamma,bo-ei@gp-poisson-cat,0,60.0,120.0,0.37580070101103047,0.10034982299475814,4.156658849670261,0.0,0.0,0.0,0.0038796653735284625,0.0,5.7916123822604675,0.27648360889158824,0.6041666666666666
gamma,bo-ei@gp-poisson-cat,0,90.0,180.0,0.571996378032054,0.14017755498571205,4.066095933404335,0.0,0.0,0.0,0.0038796653735284625,0.0,5.281191188906887,0.246338401099242,0.8125
gamma,bo-ei@gp-poisson-cat,0,120.0,240.0,0.7788641270381049,0.17424438098532846,4.066047373971922,0.0,0.0,0.0,0.0038796653735284625,0.0,5.2811715053717965,0.24633839349277772,0.8125
gamma,bo-ei@gp-poisson-cat,1,15.0,30.0,0.09142979400712647,0.0357819029923121,4.117917164895803,0.0,0.008221238031002831,0.01993952313716818,0.0975610543385329,0.09645210907280144,8.637265261314836,0.3400330116055503,0.4375
gamma,bo-ei@gp-poisson-cat,1,30.0,60.0,0.18221182900379063,0.057583166995755164,4.045354141424041,0.0,0.008221238031002831,0.01993952313716818,0.0975610543385329,0.09645210907280144,8.270593231346805,0.3217491222502155,0.6041666666666666
gamma,bo-ei@gp-poisson-cat,1,60.0,120.0,0.3714255170052638,0.09551064799597953,3.9172880131404804,0.0,0.027876232737729767,0.01993952313716818,1.1102230246251565e-16,2.220446049250313e-16,4.239217930620378,0.2646356085092445,0.8125
gamma,bo-ei@gp-poisson-cat,1,90.0,180.0,0.5734352950166794,0.134247077996406,3.9191560340365954,0.0,0.027876232737729767,0.01993952313716818,1.1102230246251565e-16,2.220446049250313e-16,4.242957610192789,0.26464012641734863,0.8125
gamma,bo-ei@gp-poisson-cat,1,120.0,240.0,0.780187216012564,0.16905887602479197,3.920472373158504,0.0,0.027876232737729767,0.01993952313716818,1.1102230246251565e-16,2.220446049250313e-16,4.250002051298264,0.26464469604954494,0.8125
gamma,bo-ei@gp-poisson-cat,2,15.0,30.0,0.06962365400249837,0.026718731995060807,4.091557884840287,0.0,0.004212361697546463,-2.220446049250313e-16,0.0,0.0,6.093605895964246,0.36950274839592884,0.4166666666666667
gamma,bo-ei@gp-poisson-cat,2,30.0,60.0,0.140131037998799,0.04339189499660279,4.02837959096646,0.0,0.004212361697546463,-2.220446049250313e-16,0.0,0.0,5.763406787531336,0.3342893369578999,0.6041666666666666
gamma,bo-ei@gp-poisson-cat,2,60.0,120.0,0.2768098960041243,0.07006295999963186,3.8546339599178645,0.0,0.004212361697546463,-2.220446049250313e-16,0.0,0.0,3.4072436314510823,0.2635914347700602,0.8125
gamma,bo-ei@gp-poisson-cat,2,90.0,180.0,0.4168478179999511,0.09646341399638914,3.8545543274394682,0.0,0.004212361697546463,-2.220446049250313e-16,0.0,0.043992539430182775,3.4491143999458465,0.2636688431770428,0.8125
gamma,bo-ei@gp-poisson-cat,2,120.0,240.0,0.5611180899868486,0.1186137000004237,3.853588162983751,0.0,0.004212361697546463,-2.220446049250313e-16,0.0,0.043992539430182775,3.4404792866111347,0.26366590518447297,0.8125
gamma,bo-ei@gp-poisson-cat,3,15.0,30.0,0.06914339701324934,0.025044700003491016,4.206115284548784,0.0,0.0,0.0,0.04265422413081188,0.04613214458328496,8.585883071713909,0.4113728600998362,0.375
gamma,bo-ei@gp-poisson-cat,3,30.0,60.0,0.14691741200658726,0.04369525900983717,4.0141039619612435,0.0,0.0,0.0,0.04265422413081188,0.04613214458328496,5.887728867279701,0.3190640919907122,0.5208333333333334
gamma,bo-ei@gp-poisson-cat,3,60.0,120.0,0.2909781210109941,0.07099323300644755,3.997580608359403,0.0,0.0,0.0,0.04265422413081188,0.04613214458328496,5.628140442601648,0.28413826593035396,0.6041666666666666
gamma,bo-ei@gp-poisson-cat,3,90.0,180.0,0.436037083989504,0.10161355301897856,3.997851258884334,0.0,0.0,0.0,0.04265422413081188,0.04613214458328496,5.630291732073575,0.28413810506701936,0.6041666666666666
gamma,bo-ei@gp-poisson-cat,3,120.0,240.0,0.5739577000022109,0.12349388103757519,3.926062599349997,0.0,0.0,0.0,0.03722798338373534,0.06119108962228015,4.163042668611919,0.24559533457157676,0.8125
gamma,bo-ei@gp-poisson-cat,4,15.0,30.0,0.0680251500052691,0.026152394984819693,4.380469856447037,0.0,0.0,0.0,0.03128362981827926,0.0,7.70766215532093,0.41831452875973363,0.25
gamma,bo-ei@gp-poisson-cat,4,30.0,60.0,0.1399174120015232,0.043412023966084234,4.274579275055111,0.0,0.0,0.0,0.03128362981827926,0.0,7.255291329865329,0.3711112061919413,0.4583333333333333
gamma,bo-ei@gp-poisson-cat,4,60.0,120.0,0.2832944170004339,0.07159767696430208,4.172243079236821,0.0,0.0,0.0,0.03128362981827926,0.0,6.27067429965115,0.2947855361483314,0.6041666666666666
gamma,bo-ei@gp-poisson-cat,4,90.0,180.0,0.4232886050194793,0.0993425009510247,4.168971975273712,0.0,0.0,0.0,0.03128362981827926,0.0,6.251957389217861,0.29478254807448084,0.6041666666666666
gamma,bo-ei@gp-poisson-cat,4,120.0,240.0,0.5598085060228186,0.12161404995276826,4.016282153963868,0.0,0.0,0.0,0.03128362981827926,0.0,4.716136910718474,0.24205143639871401,0.8125
gamma,bo-ei@gp-poisson-cat,5,15.0,30.0,0.07069705800677184,0.02738072699867189,4.419377634760792,0.0,0.02480729230392753,0.024439548188701643,0.15185574356074416,0.19072281870172625,11.435738423183242,0.3494721757149851,0.4166666666666667
gamma,bo-ei@gp-poisson-cat,5,30.0,60.0,0.14064404400778585,0.04514386800292414,4.231661998832045,0.0,0.0,0.0,0.0,0.03615628547915428,6.8402137911443175,0.28350087880317576,0.6041666666666666
gamma,bo-ei@gp-poisson-cat,5,60.0,120.0,0.2890415110196045,0.07575040301526315,4.044138999012065,0.0,0.0,0.0,0.0,0.0,4.603780486445978,0.23266960538225723,0.8125
gamma,bo-ei@gp-poisson-cat,5,90.0,180.0,0.43314578001081827,0.10309827103264979,4.040807402477639,0.0,0.0,0.0,0.0,0.0,4.578526823781539,0.23264951578259058,0.8125
gamma,bo-ei@gp-poisson-cat,5,120.0,240.0,0.5770536750133033,0.12393381502261036,4.040875292727563,0.0,0.0,0.0,0.0,0.0,4.578274242980583,0.232648799096316,0.8125
gamma,bo-ei@gp-poisson-cat,6,15.0,30.0,0.09574240600341,0.038212429000850534,4.384626427185332,0.0,0.0,0.0,0.07311668967389529,0.08807851718852566,11.509762172797236,0.42820832096894584,0.25
gamma,bo-ei@gp-poisson-cat,6,30.0,60.0,0.1970845250034472,0.06524293499751366,4.201809172133108,0.0,0.0,0.0,0.0,0.0,7.284560316106913,0.3498548837717055,0.4166666666666667
gamma,bo-ei@gp-poisson-cat,6,60.0,120.0,0.38348307401611237,0.10647398099536076,4.059328526518616,0.0,0.0,0.0,0.0,0.0,6.280674096877676,0.2682391538350917,0.6041666666666666
gamma,bo-ei@gp-poisson-cat,6,90.0,180.0,0.5674248630020884,0.14121188098579296,4.0534147278666515,0.0,0.0,0.0,0.0,0.0,6.226369911253956,0.268232814821689,0.6041666666666666
gamma,bo-ei@gp-poisson-cat,6,120.0,240.0,0.7440692269956344,0.169157500982692,3.982437216105271,0.0,0.0,0.0,0.0,0.0,5.640538983959961,0.23647271113262777,0.8125
gamma,bo-ei@gp-poisson-cat,7,15.0,30.0,0.10373272100332542,0.0409654990035051,3.981423268571909,0.0,0.024722137368705543,1.1102230246251565e-16,2.220446049250313e-16,1.1102230246251565e-16,4.3898940276214145,0.3579451944567076,0.5
gamma,bo-ei@gp-poisson-cat,7,30.0,60.0,0.20522779098973842,0.0679217530087044,3.81474484012244,0.0,0.024722137368705543,1.1102230246251565e-16,2.220446049250313e-16,1.1102230246251565e-16,3.1645768369902476,0.24546246735742264,0.8125
gamma,bo-ei@gp-poisson-cat,7,60.0,120.0,0.3984570649881789,0.10779801903481712,3.7690760339759706,0.0308989283929596,0.0,0.0,0.004190406438799643,1.1102230246251565e-16,2.8215545043695642,0.243484444929081,0.8125
gamma,bo-ei@gp-poisson-cat,7,90.0,180.0,0.5873316889737907,0.14356507204138325,3.76314077397169,0.0,0.0,0.0,0.004190406438799643,1.1102230246251565e-16,2.835572368116421,0.2433038368273398,0.8125
gamma,bo-ei@gp-poisson-cat,7,120.0,240.0,0.770419480966666,0.17098988404177362,3.761773545273561,0.0,0.0,0.0,0.004190406438799643,1.1102230246251565e-16,2.8299325157166426,0.24329245963703497,0.8125
gamma,bo-ei@gp-poisson-cat,8,15.0,30.0,0.09826536400578334,0.043543398001929745,4.26139093744856,0.0,0.0,0.0,0.0,0.0,6.040640900598002,0.3570994869756558,0.3958333333333333
gamma,bo-ei@gp-poisson-cat,8,30.0,60.0,0.19555828400552855,0.06807258499975433,4.230993954813201,0.0,0.0,0.0,0.0,0.0,5.5350147065405135,0.3424552053393784,0.4166666666666667
gamma,bo-ei@gp-poisson-cat,8,60.0,120.0,0.3785355910004,0.10609635900618741,4.066529450923579,0.0,0.0,0.0,0.0,0.0,4.699473536225446,0.2973603154311163,0.6041666666666666
gamma,bo-ei@gp-poisson-cat,8,90.0,180.0,0.5646492640080396,0.14593299301122897,4.066954539764067,0.0,0.0,0.0,0.0,0.0,4.696009647277289,0.2973592484460599,0.6041666666666666
gamma,bo-ei@gp-poisson-cat,8,120.0,240.0,0.7420215610000014,0.1721431010228116,4.090425186200771,0.0,0.0,0.0,0.0,0.0,4.727844358300109,0.30153100865967325,0.6458333333333334
gamma,bo-ei@gp-poisson-cat,9,15.0,30.0,0.09591531700789346,0.03655369301122846,4.354126262873418,0.014757859359060599,0.0,0.0,0.05648152925121219,0.11283077574359546,9.637710955258388,0.382697821126829,0.25
gamma,bo-ei@gp-poisson-cat,9,30.0,60.0,0.19273136201081797,0.06071569300547708,4.260927384739948,0.0,0.0,0.0,0.05648152925121219,0.07094727397157996,9.321340912480103,0.36176709527585266,0.2708333333333333
gamma,bo-ei@gp-poisson-cat,9,60.0,120.0,0.3747685900052602,0.09443440600080066,4.346951784597988,0.0,0.0,0.0,0.05648152925121219,0.07094727397157996,9.629138033370179,0.3413027970917444,0.2916666666666667
gamma,bo-ei@gp-poisson-cat,9,90.0,180.0,0.5562995450090966,0.12755201501204283,4.346924780015111,0.0,0.0,0.0,0.05648152925121219,0.11283077574359546,9.623694150964026,0.3412885603596568,0.2916666666666667
gamma,bo-ei@gp-poisson-cat,9,120.0,240.0,0.7340614050299337,0.15368588402998284,4.348196533223783,0.014757859359060599,0.0,0.0,0.05648152925121219,0.11283077574359546,9.624019222591524,0.3412842383141137,0.2916666666666667
gamma,bo-ei@gp-poisson-cat,10,15.0,30.0,0.10222920001615421,0.043004040999221615,4.419307060749897,0.0,0.026567540234695097,0.0,0.013782119639858648,0.03171011796213985,7.874272165993933,0.4652262295044286,0.3125
gamma,bo-ei@gp-poisson-cat,10,30.0,60.0,0.19361226700857515,0.0664224749962159,4.316541091861203,0.0,0.026567540234695097,0.0,0.013782119639858648,0.03171011796213985,7.065340795499246,0.3886749464356014,0.5
gamma,bo-ei@gp-poisson-cat,10,60.0,120.0,0.3753440160144237,0.10187818599297316,4.260844402501088,0.0,0.026567540234695097,0.0,0.013782119639858648,0.03171011796213985,6.856747775407244,0.34449741493396574,0.6041666666666666
gamma,bo-ei@gp-poisson-cat,10,90.0,180.0,0.5520482420106418,0.13467387099080952,4.260355851046977,0.0,0.026567540234695097,0.0,0.013782119639858648,0.03171011796213985,6.850642980965565,0.3444958515132342,0.6041666666666666
gamma,bo-ei@gp-poisson-cat,10,120.0,240.0,0.7297466739946685,0.16271535397027037,4.121552717438516,0.0,0.026567540234695097,0.0,0.013782119639858648,0.03171011796213985,5.517778592017029,0.2819181555731568,0.8125
gamma,bo-ei@gp-poisson-cat,11,15.0,30.0,0.11240749701028108,0.046620909986813786,4.483106801115813,0.0,0.027257968828325874,2.220446049250313e-16,0.012557070173999874,1.1102230246251565e-16,11.449903697206532,0.4228684581254037,0.25
gamma,bo-ei@gp-poisson-cat,11,30.0,60.0,0.20257080400187988,0.0668486609683896,4.489223507278708,0.0,0.027257968828325874,2.220446049250313e-16,0.012557070173999874,1.1102230246251565e-16,11.576906110000305,0.40532295759084,0.3125
gamma,bo-ei@gp-poisson-cat,11,60.0,120.0,0.3848959709830524,0.10096962495299522,4.535713827587549,0.0,0.027257968828325874,2.220446049250313e-16,0.012557070173999874,1.1102230246251565e-16,11.871901093365732,0.38052867554511066,0.4166666666666667
gamma,bo-ei@gp-poisson-cat,11,90.0,180.0,0.5651988989993697,0.13322947294727783,4.529271016354741,0.0,0.0,0.0,0.01255707017399954,-2.220446049250313e-16,11.830450559213542,0.3804943711607215,0.4166666666666667
gamma,bo-ei@gp-poisson-cat,11,120.0,240.0,0.7461002810050559,0.16264026793578523,4.220079977085182,0.0,0.0,0.0,0.01255707017399954,-2.220446049250313e-16,5.515679306620709,0.28339177691817036,0.7083333333333334
gamma,bo-ei@gp-poisson-cat,12,15.0,30.0,0.09908832998917205,0.0411177630230668,4.568646108781768,0.0,0.0,0.014973777011987544,0.0,0.0,8.92890126047711,0.4495879329125722,0.3541666666666667
gamma,bo-ei@gp-poisson-cat,12,30.0,60.0,0.18983373598894104,0.06208889700428699,4.475650577686106,0.0,0.0,0.014973777011987544,0.0,0.0,8.258998870877011,0.40032634637287684,0.4583333333333333
gamma,bo-ei@gp-poisson-cat,12,60.0,120.0,0.3692020239686826,0.09557336701982422,4.4948066742976245,0.0,0.0,0.014973777011987544,0.0,0.0,8.343822616755164,0.395651108107366,0.5625
gamma,bo-ei@gp-poisson-cat,12,90.0,180.0,0.5488328259816626,0.1309815620261361,4.159200937673122,0.0,0.0,0.014973777011987544,0.0,0.008729902321329086,5.8560383891127055,0.318772738235819,0.8125
gamma,bo-ei@gp-poisson-cat,12,120.0,240.0,0.732969130975107,0.15968675003750832,4.159034890983038,0.0,0.0,0.014973777011987544,0.0,0.008729902321329086,5.854141755094564,0.31877176963720955,0.8125
gamma,bo-ei@gp-poisson-cat,13,15.0,30.0,0.09641529199871002,0.038675493004120653,4.469690689532223,0.0,0.0,0.029832824821793724,0.056958683253832465,0.08647715520481791,12.401516496099232,0.41834503653755484,0.3125
gamma,bo-ei@gp-poisson-cat,13,30.0,60.0,0.1882413770108542,0.061909901996841654,4.1083660405319185,0.0,0.03511199799371867,-2.220446049250313e-16,-2.220446049250313e-16,0.006262076644404702,7.25942638259702,0.31919839902712777,0.5625
gamma,bo-ei@gp-poisson-cat,13,60.0,120.0,0.3729749420126609,0.0988131510130188,4.081741306502592,0.0,0.03511199799371867,-2.220446049250313e-16,-2.220446049250313e-16,0.006262076644404702,7.054857004953685,0.29586933295618706,0.6041666666666666
gamma,bo-ei@gp-poisson-cat,13,90.0,180.0,0.5543480430023919,0.1335347030144476,4.030005266444932,0.0,0.03511199799371867,-2.220446049250313e-16,-2.220446049250313e-16,0.006262076644404702,6.76023145886932,0.28844342594635214,0.6458333333333334
gamma,bo-ei@gp-poisson-cat,13,120.0,240.0,0.7342860860080691,0.16169236300629564,3.917508892529225,0.0,0.03511199799371867,-2.220446049250313e-16,-2.220446049250313e-16,0.006262076644404702,4.47744185548139,0.2219741057446347,0.8125
gamma,bo-ei@gp-poisson-cat,14,15.0,30.0,0.0696487149944005,0.02674953699533944,4.3356192956225525,0.0,0.35587726577722656,0.3480416820070762,0.3396017804900835,0.3297952071905842,21.234640844665932,0.43897878437362764,0.25
gamma,bo-ei@gp-poisson-cat,14,30.0,60.0,0.13804716800223105,0.04380973799561616,4.019035399833409,0.0,0.0,0.01125860097624376,0.02801356381720077,0.02710536051115975,6.573229247520354,0.30845354483193516,0.4375
gamma,bo-ei@gp-poisson-cat,14,60.0,120.0,0.27904605302319396,0.07319042598828673,3.9324348950423755,0.0,0.0,0.01125860097624376,0.02801356381720077,0.040678593122724815,4.3985066693708506,0.2501034064618139,0.6041666666666666
gamma,bo-ei@gp-poisson-cat,14,90.0,180.0,0.4146533670173085,0.0986488670023391,3.93835682646594,0.0,0.0,0.01125860097624376,0.02801356381720077,0.040678593122724815,4.600262157890086,0.250146705691444,0.6041666666666666
gamma,bo-ei@gp-poisson-cat,14,120.0,240.0,0.5616796430185786,0.12196206201406312,3.896920224073386,0.0,0.0,0.05127250721494103,0.04657811295808467,0.043378030901608966,4.855050458973177,0.2364181261883533,0.8125
gamma,bo-ei@gp-poisson-cat,15,15.0,30.0,0.0713872550004453,0.029004993000853574,4.497125108705447,0.0,0.0,0.038779133279635336,0.013037193985234063,0.06268193542259604,10.673592890438439,0.400631123759988,0.3125
gamma,bo-ei@gp-poisson-cat,15,30.0,60.0,0.14268052499028272,0.045822171014151536,4.458999191897544,0.0,0.0,0.038779133279635336,0.013037193985234063,0.06268193542259604,10.296265953003354,0.347813174106157,0.4583333333333333
gamma,bo-ei@gp-poisson-cat,15,60.0,120.0,0.27887656301027164,0.07151039201926324,4.384342095931965,0.0,0.0,0.038779133279635336,0.013037193985234063,0.06268193542259604,9.698738249269603,0.3234429110175124,0.6041666666666666
gamma,bo-ei@gp-poisson-cat,15,90.0,180.0,0.4220068749964412,0.09765118102222914,4.384473278566227,0.0,0.0,0.038779133279635336,0.013037193985234063,0.06268193542259604,9.698734826924866,0.3234429113018364,0.6041666666666666
gamma,bo-ei@gp-poisson-cat,15,120.0,240.0,0.5651644479912648,0.11993397204423673,4.215541822108871,0.0,0.0,0.038779133279635336,0.033165800257869416,0.0,5.974571420046297,0.280244528743652,0.8125
gamma,bo-ei@gp-poisson-cat,16,15.0,30.0,0.07109317798676784,0.02846179799962556,4.258945510369986,0.0,0.0,0.04633447629956766,0.061657430763832455,0.09524363079439846,8.772315350741883,0.4332922726117076,0.4375
gamma,bo-ei@gp-poisson-cat,16,30.0,60.0,0.14119274999393383,0.045434382980602095,4.105640153089854,0.0,0.0,0.04633447629956766,0.02337819973826094,0.020320533921395767,7.034031611716363,0.3563239865652082,0.6041666666666666
gamma,bo-ei@gp-poisson-cat,16,60.0,120.0,0.2764915970074071,0.07128440398810199,3.9319669375853628,0.0,0.0,0.018036712403124877,0.038279231025571514,0.0,4.851492600590826,0.2677747661303804,0.8125
gamma,bo-ei@gp-poisson-cat,16,90.0,180.0,0.4157469660094648,0.09674715897199349,3.934735008516,0.0,0.0,0.018036712403124877,0.0,0.0,4.709332478844385,0.2675366784822365,0.8125
gamma,bo-ei@gp-poisson-cat,16,120.0,240.0,0.5585701650124975,0.11845700896083144,3.9348087470011506,0.0,0.0,0.018036712403124877,0.0,0.0,4.709384803481979,0.2675366947999439,0.8125
gamma,bo-ei@gp-poisson-cat,17,15.0,30.0,0.07442480699683074,0.03192800599572365,4.008235170300513,0.0,0.0,0.0062857454968486826,0.08448608385142298,0.00969555545380918,5.0490906046613695,0.2927024210219647,0.4583333333333333
gamma,bo-ei@gp-poisson-cat,17,30.0,60.0,0.14160841200646246,0.047757999989698874,3.8900616530111614,0.0,0.07646861183441889,0.0062857454968486826,0.08448608385142298,0.00969555545380918,4.687322053969583,0.25804137581818853,0.6875
gamma,bo-ei@gp-poisson-cat,17,60.0,120.0,0.27819239400560036,0.07331788297960884,3.8255247160618686,0.0,0.07646861183441889,0.0062857454968486826,0.08448608385142298,0.00969555545380918,4.147761315803903,0.18702140310970192,0.8125
gamma,bo-ei@gp-poisson-cat,17,90.0,180.0,0.4166919690105715,0.09859603196309763,3.8200998900423677,0.0,0.07646861183441889,0.0062857454968486826,0.08448608385142298,0.00969555545380918,4.136045337032236,0.18701286741477602,0.8125
gamma,bo-ei@gp-poisson-cat,17,120.0,240.0,0.5549393450237403,0.11908883196520037,3.821063138887714,0.0,0.07646861183441889,0.0062857454968486826,0.08448608385142298,0.00969555545380918,4.137356216264684,0.18701378295234888,0.8125
gamma,bo-ei@gp-poisson-cat,18,15.0,30.0,0.0898600739928952,0.03682951101654908,4.070671410701315,0.0,0.0,0.0,0.018585216664570803,0.03133266737345586,6.831236486090435,0.42699821560368223,0.2916666666666667
gamma,bo-ei@gp-poisson-cat,18,30.0,60.0,0.1786564029935107,0.05867349001346156,3.89741187768468,0.0,0.0,0.0,0.018585216664570803,0.0,5.24026606462478,0.37429386717799074,0.5
gamma,bo-ei@gp-poisson-cat,18,60.0,120.0,0.3575891970140219,0.09364439799173851,3.8047554680065443,0.0,0.0,0.0,0.018585216664570803,0.0,4.408713247800858,0.3464307540813576,0.6041666666666666
gamma,bo-ei@gp-poisson-cat,18,90.0,180.0,0.5408603610339924,0.12981134199071676,3.8048707513263467,0.0,0.0,0.0,0.018585216664570803,0.0,4.410200270237283,0.34643093441752243,0.6041666666666666
gamma,bo-ei@gp-poisson-cat,18,120.0,240.0,0.7186391840332362,0.15850878999117413,3.705512013662659,0.0,0.0,0.0,0.018585216664570803,0.0,3.629973587330371,0.2592385475525577,0.7916666666666666
gamma,bo-ei@gp-poisson-cat,19,15.0,30.0,0.09095097799581708,0.03443920200152206,4.322763014185159,0.0,0.12741242128648345,0.13476127261015602,0.16084865508673474,0.17601884334536766,12.04447250717169,0.3564309626111937,0.3333333333333333
gamma,bo-ei@gp-poisson-cat,19,30.0,60.0,0.18596734800667036,0.058980368990887655,3.9916740130047885,0.0,0.0,0.0,0.016084865508673496,0.036477247504348886,6.473557926308811,0.24009673917340457,0.6041666666666666
gamma,bo-ei@gp-poisson-cat,19,60.0,120.0,0.3864225430043007,0.10109673798069707,3.8799341768048996,0.0,0.0,0.0,0.016084865508673496,0.036477247504348886,4.692523430471937,0.19907426344112014,0.8125
gamma,bo-ei@gp-poisson-cat,19,90.0,180.0,0.5764410080118978,0.13570893798168981,3.8823081986800685,0.0,0.0,0.0,0.016084865508673496,0.036477247504348886,4.698673189784143,0.19907700365391262,0.8125
gamma,bo-ei@gp-poisson-cat,19,120.0,240.0,0.7616246200086607,0.1635904899740126,3.88129807136538,0.0,0.0,0.0,0.016084865508673496,0.036477247504348886,4.6947868415430225,0.199075023840217,0.8125
gamma,bo-ei@gp-poisson-cat,20,15.0,30.0,0.08979130201259977,0.0362446379949688,4.553113406810294,0.0,0.19808165057067606,0.19230590462720043,0.16745032422324035,0.18454454164266598,14.027716116370424,0.4050836145736969,0.3958333333333333
gamma,bo-ei@gp-poisson-cat,20,30.0,60.0,0.17899725303141167,0.05896427399056847,4.320311252570708,0.0,0.0,0.0,0.0216343624014379,0.01719066485050824,6.294091924814632,0.354635993469583,0.6041666666666666
gamma,bo-ei@gp-poisson-cat,20,60.0,120.0,0.37128263303020503,0.09562092698615743,4.314924927884676,0.0,0.0,0.0,0.0216343624014379,0.01719066485050824,6.279170954191692,0.35463070728967655,0.6041666666666666
gamma,bo-ei@gp-poisson-cat,20,90.0,180.0,0.5554482560401084,0.1314276919911208,4.307630729128591,0.0,0.0,0.0,0.0216343624014379,0.01719066485050824,6.336364818247566,0.34361068757334645,0.625
gamma,bo-ei@gp-poisson-cat,20,120.0,240.0,0.734527919015818,0.15938188899235683,4.1652369358225245,0.0,0.0,0.0,0.0216343624014379,0.01719066485050824,5.627251237239802,0.2657000115851409,0.7916666666666666
gamma,bo-ei@gp-poisson-cat,21,15.0,30.0,0.08981158398819389,0.034311282994167414,5.307500527884156,0.7837377336613783,0.8036117047531562,0.7918124252926068,0.7803232181092878,0.7525038743542566,15.820757152311147,0.45030395096687686,0.4166666666666667
gamma,bo-ei@gp-poisson-cat,21,30.0,60.0,0.18258556598084397,0.057410879991948605,4.555067760866694,0.24777061357616204,0.3414489319150481,0.27776954153936206,0.35603436987637826,0.32759426888294285,12.492147014031762,0.40136593158963624,0.5416666666666666
gamma,bo-ei@gp-poisson-cat,21,60.0,120.0,0.37836032299674116,0.09695612898940453,3.8460977205039857,0.0,0.0,0.0,0.0,0.04743889592888417,3.3205270841183583,0.2660001919209475,0.8125
gamma,bo-ei@gp-poisson-cat,21,90.0,180.0,0.5606194449937902,0.13063736699405126,3.843331232627874,0.0,0.0,0.0,0.0,0.04743889592888417,3.3398065914483563,0.26263752859025014,0.8125
gamma,bo-ei@gp-poisson-cat,21,120.0,240.0,0.7419718080054736,0.15758451299916487,3.8423671265949353,0.0,0.0,0.0,0.0,0.0,3.341358115571146,0.26263741027703774,0.8125
gamma,bo-ei@gp-poisson-cat,22,15.0,30.0,0.06766902200251934,0.0258539979950001,4.669171071004913,0.0,0.0,0.032200297927310384,0.06058380723155021,0.09120739407546496,15.29375341592745,0.43702634135081003,0.2708333333333333
gamma,bo-ei@gp-poisson-cat,22,30.0,60.0,0.1458279609796591,0.04678253398378729,4.525636132970012,0.0,0.0,0.032200297927310384,0.06058380723155021,0.09120739407546496,14.992600047151825,0.3880426262138063,0.4375
gamma,bo-ei@gp-poisson-cat,22,60.0,120.0,0.28859616599584115,0.07339548898016801,4.387096799260407,0.0,0.0,0.032200297927310384,1.1102230246251565e-16,0.0,7.610379206099782,0.3450237501004727,0.6041666666666666
gamma,bo-ei@gp-poisson-cat,22,90.0,180.0,0.4312709149780858,0.09909357297510724,4.389322021217949,0.0,0.0,0.032200297927310384,1.1102230246251565e-16,0.0,7.624231650419994,0.3450252703607208,0.6041666666666666
gamma,bo-ei@gp-poisson-cat,22,120.0,240.0,0.5689069739710249,0.11966162295721006,4.255070018963212,0.0,0.0,0.032200297927310384,1.1102230246251565e-16,0.0,7.124033691050664,0.2883943045023413,0.8125
gamma,bo-ei@gp-poisson-cat,23,15.0,30.0,0.0908343420123856,0.03589744398777839,4.356287428125281,0.0,0.0,0.02207975213938429,0.09814693577685274,0.08834578582094166,7.448225836778475,0.39439909396951556,0.4166666666666667
gamma,bo-ei@gp-poisson-cat,23,30.0,60.0,0.18958271400697413,0.05994592298520729,4.242571466236568,0.0,0.0,0.02207975213938429,0.03455322909701464,0.11500488638969208,7.005664392861092,0.35584997371750693,0.6041666666666666
gamma,bo-ei@gp-poisson-cat,23,60.0,120.0,0.37946207201093785,0.09828667198962648,4.13189894059997,0.0,0.0,0.02207975213938429,0.03455322909701464,0.11500488638969208,6.616060562976593,0.30728017509363587,0.8125
gamma,bo-ei@gp-poisson-cat,23,90.0,180.0,0.5593427860221709,0.13179225497879088,4.127610662511386,0.0,0.0,0.02207975213938429,0.1277636176262047,0.1722479979084296,6.579272106304435,0.3072567857155895,0.8125
gamma,bo-ei@gp-poisson-cat,23,120.0,240.0,0.7437106980432873,0.16103818698684336,4.127974155679159,0.0,0.0,0.02207975213938429,0.09814693577685274,0.1722479979084296,6.580841721464991,0.307256810818698,0.8125
gamma,bo-ei@gp-poisson-cat,24,15.0,30.0,0.09506695700474666,0.037185597993811825,4.47976221125895,0.0,0.0,0.0,0.0,0.0,12.172400934166458,0.45472482295717453,0.20833333333333334
gamma,bo-ei@gp-poisson-cat,24,30.0,60.0,0.18674493599610287,0.05991046898634522,4.25877468968078,0.0,0.0,0.0,0.0,0.0,10.94707868763732,0.3767455115628069,0.4166666666666667
gamma,bo-ei@gp-poisson-cat,24,60.0,120.0,0.37899971699516755,0.10169996099648415,4.217408266159972,0.0,0.0,0.0,0.0,0.0,10.947162611088423,0.35722495364374374,0.5625
gamma,bo-ei@gp-poisson-cat,24,90.0,180.0,0.568645674000436,0.13599406497814925,4.1255753568807,0.0,0.0,0.0,0.0,0.0,9.516373546996519,0.3263044342113016,0.6041666666666666
gamma,bo-ei@gp-poisson-cat,24,120.0,240.0,0.7580398759819218,0.1650144759878458,4.129431628479133,0.0,0.0,0.0,0.0,0.0,9.53160153186625,0.3263046843374651,0.6041666666666666
gamma,bo-ei@gp-poisson-cat,25,15.0,30.0,0.09046416899582255,0.035567100003390806,4.005208786982823,0.0,0.0,0.0,0.036350178783752685,0.08338579415543534,4.756755438539955,0.387779660702772,0.4166666666666667
gamma,bo-ei@gp-poisson-cat,25,30.0,60.0,0.178877211001236,0.05739932699725614,3.9142120746540656,0.0,0.0,0.0,0.036350178783752685,0.08338579415543534,4.183158610857419,0.3284602490889989,0.6041666666666666
gamma,bo-ei@gp-poisson-cat,25,60.0,120.0,0.37062677297217306,0.09606438000264461,3.8303742996903196,0.0,0.0,0.0,0.036350178783752685,0.08338579415543534,3.55253613995374,0.2570598148064204,0.7916666666666666
gamma,bo-ei@gp-poisson-cat,25,90.0,180.0,0.5611086689823424,0.13131041298765922,3.810859436156908,0.0,0.0,0.0,0.036350178783752685,0.08338579415543534,3.5340183176084823,0.2570950773855476,0.8125
gamma,bo-ei@gp-poisson-cat,25,120.0,240.0,0.7440939689913648,0.1598543559848622,3.811015188526626,0.0,0.0,0.0,0.036350178783752685,0.08338579415543534,3.5340869079091073,0.2570958320384537,0.8125
gamma,bo-ei@gp-poisson-cat,26,15.0,30.0,0.09522568899410544,0.038063240001065424,3.841064960864968,0.0,0.0,0.0,0.002351964480984292,0.0,5.7658511747351975,0.36379208517200956,0.4166666666666667
gamma,bo-ei@gp-poisson-cat,26,30.0,60.0,0.19755988297401927,0.06415597999512102,3.728239366871533,0.0,0.0,0.0,0.002351964480984292,0.0,5.304556567041466,0.31299154509992183,0.6041666666666666
gamma,bo-ei@gp-poisson-cat,26,60.0,120.0,0.3886574769821891,0.10218353599339025,3.6561829611176306,0.0,0.0,0.0,0.002351964480984292,0.0,4.387865620424468,0.26584433329113477,0.8125
gamma,bo-ei@gp-poisson-cat,26,90.0,180.0,0.5687747529882472,0.13635467696440173,3.6554395574349354,0.0,0.0,0.0,0.002351964480984292,0.0,4.382874615365839,0.2658452529995551,0.8125
gamma,bo-ei@gp-poisson-cat,26,120.0,240.0,0.7763193159989896,0.16999537897572736,3.646370471417707,0.0,0.0,0.0,0.002351964480984292,0.0,4.236001956320141,0.26580512428102004,0.8125
gamma,bo-ei@gp-poisson-cat,27,15.0,30.0,0.06855408499905025,0.026739137996628415,4.2123456161587525,0.0,0.0,0.0,0.0221561365968288,0.04369470570585854,8.596002948457382,0.40957568996303056,0.3125
gamma,bo-ei@gp-poisson-cat,27,30.0,60.0,0.1502998670002853,0.045678844006033614,4.067502362910456,0.0,0.0,0.0,0.0221561365968288,0.04369470570585854,7.937858879970581,0.3453526664264186,0.5416666666666666
gamma,bo-ei@gp-poisson-cat,27,60.0,120.0,0.29147561001445865,0.07147346002238919,4.0486453610088615,0.0,0.0,0.0,0.04749291660462107,0.04369470570585854,7.553776356272116,0.3233686540290461,0.6041666666666666
gamma,bo-ei@gp-poisson-cat,27,90.0,180.0,0.43106299800638226,0.0970914220015402,4.043259362498187,0.0,0.0,0.0,0.04749291660462107,0.04369470570585854,7.413175218737066,0.32345428640158436,0.625
gamma,bo-ei@gp-poisson-cat,27,120.0,240.0,0.5882223900007375,0.12204771197866648,3.8588551160915627,0.0,0.0,0.0,0.0,0.02331048975557848,4.070229860161975,0.2528924154666626,0.8125
gamma,bo-ei@gp-poisson-cat,28,15.0,30.0,0.06883499100149493,0.027250743009062717,4.577174813016794,0.4893694691092976,0.32395046909369307,0.4124854461921762,0.4525241944707171,0.48028152598865526,21.438828342286886,0.3932326656385824,0.4375
gamma,bo-ei@gp-poisson-cat,28,30.0,60.0,0.13996098200732376,0.04473538701495272,4.229872574291659,0.0,0.0,0.0,0.019436058399549427,0.08918943949751146,9.316851366723002,0.30828551627080464,0.6041666666666666
gamma,bo-ei@gp-poisson-cat,28,60.0,120.0,0.27714472702427884,0.0708909160020994,4.233141316000341,0.0,0.0,0.0,0.019436058399549427,0.08918943949751146,9.357546676946685,0.30779178592528794,0.625
gamma,bo-ei@gp-poisson-cat,28,90.0,180.0,0.41446476902638096,0.09780012299597729,4.017160326954659,0.0,0.0,0.0,0.0,0.0,4.523837513556269,0.259647779404507,0.8125
gamma,bo-ei@gp-poisson-cat,28,120.0,240.0,0.5535009910199733,0.11846593400332495,4.015443979176426,0.0,0.0,0.0,0.0,0.0,4.513688773751263,0.2596486126190403,0.8125
gamma,bo-ei@gp-poisson-cat,29,15.0,30.0,0.08150054599536816,0.031380561998958,4.064691696229662,0.0,0.0,0.002130258798470952,0.04824114884450659,0.06999565841915112,9.23823076964356,0.4077110137550882,0.2916666666666667
gamma,bo-ei@gp-poisson-cat,29,30.0,60.0,0.15232545500111883,0.04763230399839813,4.0125852416548815,0.0,0.0,0.002130258798470952,0.04824114884450659,0.06999565841915112,8.748656795858256,0.3593250821473576,0.4375
gamma,bo-ei@gp-poisson-cat,29,60.0,120.0,0.29184532999352086,0.07426584101267508,3.9936987658180776,0.0,0.0,0.002130258798470952,0.04824114884450659,0.06999565841915112,8.508379004114085,0.313059453856398,0.6041666666666666
gamma,bo-ei@gp-poisson-cat,29,90.0,180.0,0.4308773149859917,0.09920309801964322,3.9956364944048453,0.0,0.0,0.002130258798470952,0.04824114884450659,0.06999565841915112,8.502320810582253,0.314095698317452,0.6041666666666666
gamma,bo-ei@gp-poisson-cat,29,120.0,240.0,0.5751665700045123,0.12209823000739561,3.8676564263892312,0.0,0.0,0.002130258798470952,0.0,0.0,4.439062252172238,0.26101374494057816,0.8125
gamma,bo-ei@gp-poisson-cat,30,15.0,30.0,0.06801917398843216,0.0256386440123606,4.081254461514089,0.0,0.023943279191712574,0.12379297588074412,0.17469530475580985,0.13943962086236672,7.477330491740678,0.33180579004749444,0.4375
gamma,bo-ei@gp-poisson-cat,30,30.0,60.0,0.13768977499057655,0.04267324701868347,3.9940663214650454,0.0,0.023943279191712574,0.12379297588074412,0.17469530475580985,0.19579330770993675,6.531956810892727,0.2803300930379214,0.625
gamma,bo-ei@gp-poisson-cat,30,60.0,120.0,0.2802495809773973,0.07092768601796706,3.8213923853697733,0.0,0.023943279191712574,0.0,0.05488804456010221,0.10568470276218345,3.671354021237541,0.23474544731411615,0.8125
gamma,bo-ei@gp-poisson-cat,30,90.0,180.0,0.41506672498508124,0.09463928500190377,3.822423950424122,0.0,0.023943279191712574,0.0,0.05488804456010221,0.10568470276218345,3.669920256179803,0.2347462956830564,0.8125
gamma,bo-ei@gp-poisson-cat,30,120.0,240.0,0.5514242239951272,0.11420262801038916,3.822368624927936,0.0,0.023943279191712574,0.0,0.05488804456010221,0.10568470276218345,3.6698059151335594,0.23474615847416005,0.8125
gamma,bo-ei@gp-poisson-cat,31,15.0,30.0,0.09385538800052018,0.035489495006913785,4.421773640426532,0.0,0.1585859675411565,0.2255998804254712,0.26558991274266985,0.3048327267496501,24.072387237133324,0.42087615709087717,0.2708333333333333
gamma,bo-ei@gp-poisson-cat,31,30.0,60.0,0.18873597100173356,0.061084548997314414,4.304601168440091,0.0,0.1585859675411565,0.2102834094802969,0.19688581395720106,0.22642988492126126,22.73406948607792,0.35042128359167807,0.4583333333333333
gamma,bo-ei@gp-poisson-cat,31,60.0,120.0,0.37208821900276234,0.09859639198475634,4.1877301289069955,0.0,0.1585859675411565,0.2102834094802969,0.19688581395720106,0.23695460558777093,22.59778511384017,0.307178464235753,0.625
gamma,bo-ei@gp-poisson-cat,31,90.0,180.0,0.5565649459967972,0.1347376599733252,4.188826632764656,0.0,0.1585859675411565,0.2102834094802969,0.19688581395720106,0.23695460558777093,22.59812667848351,0.3071791812357004,0.625
gamma,bo-ei@gp-poisson-cat,31,120.0,240.0,0.736427250001725,0.1643816059695382,3.9350686720627266,0.0,0.0,0.0,0.0,0.0,5.131420934257609,0.23618934847479608,0.8125
gamma,bo-ei@gp-poisson-cat,32,15.0,30.0,0.09395693900660262,0.03763056499155937,4.266154698133848,0.06478898824522139,0.03239449412261075,1.1102230246251565e-16,1.1102230246251565e-16,2.220446049250313e-16,7.1023118892747705,0.3975372937662467,0.4375
gamma,bo-ei@gp-poisson-cat,32,30.0,60.0,0.18884805301058805,0.06402165198232979,4.129229367041343,0.06478898824522139,0.03239449412261075,1.1102230246251565e-16,1.1102230246251565e-16,2.220446049250313e-16,6.055721721471847,0.3622252869995148,0.6041666666666666
gamma,bo-ei@gp-poisson-cat,32,60.0,120.0,0.3692607059929287,0.1012054009734129,3.9854828163462064,0.0,0.03239449412261075,1.1102230246251565e-16,1.1102230246251565e-16,2.220446049250313e-16,5.7097312383440295,0.29068161174244356,0.8125
gamma,bo-ei@gp-poisson-cat,32,90.0,180.0,0.5582735120078723,0.1379557229920465,3.963770065513961,0.0,0.0,0.0,0.0068333813239889185,0.0,5.61749546418017,0.2905163039619934,0.8125
gamma,bo-ei@gp-poisson-cat,32,120.0,240.0,0.7396382899969467,0.16554973398524453,3.9628202806738813,0.0,0.0,0.0,0.0068333813239889185,0.0,5.615465246793854,0.2905142496668438,0.8125
gamma,bo-ei@gp-poisson-cat,33,15.0,30.0,0.10287598400827846,0.040266070995130576,3.979888326246273,0.0,0.0,0.013839177814250925,0.040363904543309514,0.07171622940586386,5.543601551377473,0.36841318441288384,0.3958333333333333
gamma,bo-ei@gp-poisson-cat,33,30.0,60.0,0.2031343320159067,0.06538515298962011,3.892041977933675,0.0,0.0,0.013839177814250925,0.040363904543309514,0.0,5.023348286113722,0.3118463998074623,0.6041666666666666
gamma,bo-ei@gp-poisson-cat,33,60.0,120.0,0.38933167802679236,0.10168680097922334,3.810323100055492,0.0,0.0,0.013839177814250925,0.040363904543309514,0.05862094620252545,4.630231805831358,0.24969732802295885,0.8125
gamma,bo-ei@gp-poisson-cat,33,90.0,180.0,0.5685413360333769,0.13431153497003834,3.8110725802917638,0.0,0.0,0.013839177814250925,0.040363904543309514,0.05862094620252545,4.6363020280259954,0.24969955595248822,0.8125
gamma,bo-ei@gp-poisson-cat,33,120.0,240.0,0.7504134240407438,0.16209986496323836,3.8102807486961248,0.0,0.0,0.013839177814250925,0.040363904543309514,0.0,4.630250391648592,0.24969735076428115,0.8125
gamma,bo-ei@gp-poisson-cat,34,15.0,30.0,0.094083023013809,0.03827105700474931,4.642756737743084,0.2663597018980707,0.1764472438794077,0.25938359742573347,0.26031302975436754,0.23625993330198358,18.522033958767015,0.36736987864313947,0.4375
gamma,bo-ei@gp-poisson-cat,34,30.0,60.0,0.19105265800681082,0.06231037200632272,4.3519881686831985,0.0,0.0,0.0,0.0,0.049998407324364336,9.254878759428859,0.2917506323174563,0.6041666666666666
gamma,bo-ei@gp-poisson-cat,34,60.0,120.0,0.3720321980290464,0.0986382280025282,4.15000667492529,0.0,0.0,0.0,0.02199634950537932,0.0,5.537572979358569,0.20172928654346206,0.8125
gamma,bo-ei@gp-poisson-cat,34,90.0,180.0,0.5524023190446314,0.1329755650185689,4.149908233450944,0.0,0.0,0.0,0.02199634950537932,0.0,5.536659819529343,0.20172861583179444,0.8125
gamma,bo-ei@gp-poisson-cat,34,120.0,240.0,0.7398967020126292,0.16157614903204376,4.150201675902799,0.0,0.0,0.0,0.02199634950537932,0.0,5.537734586391096,0.2017293875611562,0.8125
gamma,bo-ei@gp-poisson-cat,35,15.0,30.0,0.0719626399986737,0.02911628801302868,4.2848226613301295,0.0,0.0029517491116642924,0.06157468593703308,0.05035990715234262,0.08419814097981027,8.230275611284881,0.3416139063686662,0.4166666666666667
gamma,bo-ei@gp-poisson-cat,35,30.0,60.0,0.14341668301494792,0.04667781501484569,4.168967902639129,0.0,0.0029517491116642924,0.06207149578649429,0.05035990715234251,0.08419814097981015,6.168492172679937,0.2936480241284907,0.6041666666666666
gamma,bo-ei@gp-poisson-cat,35,60.0,120.0,0.27800905602271087,0.07310758300081943,3.964130849374612,0.0,0.0029517491116642924,0.0,0.0004030722568258982,0.0,4.328868690690152,0.23996105305983612,0.8125
gamma,bo-ei@gp-poisson-cat,35,90.0,180.0,0.41653990602571866,0.09922622899830458,3.959847267786787,0.0,0.0029517491116642924,0.0,0.0,0.0,4.268110571584415,0.2399133433954931,0.8125
gamma,bo-ei@gp-poisson-cat,35,120.0,240.0,0.5536602720167139,0.12048056699859444,3.959612479542855,0.0,0.0029517491116642924,0.0,0.0004030722568258982,0.0,4.266255796392873,0.23991238854953406,0.8125
gamma,bo-ei@gp-poisson-cat,36,15.0,30.0,0.07286184498661896,0.028536626996356063,4.149892292168457,0.0,0.0,0.0,0.08732161695564289,0.10654076166007187,10.171615534068954,0.4000031482247455,0.3958333333333333
gamma,bo-ei@gp-poisson-cat,36,30.0,60.0,0.14220557997759897,0.045796655995218316,4.046339857495455,0.0,0.0,0.0,0.0,0.0,5.2823957668785875,0.33848415599808956,0.6041666666666666
gamma,bo-ei@gp-poisson-cat,36,60.0,120.0,0.2785402319714194,0.07072641299237148,4.044303920728126,0.0,0.0,0.0,0.0,0.0,5.258458476938382,0.33848150834127416,0.6041666666666666
gamma,bo-ei@gp-poisson-cat,36,90.0,180.0,0.4294437509706768,0.10054811798909213,3.942361265199336,0.0,0.0,0.0,0.0,0.0,4.738823686926795,0.2824455000114159,0.8125
gamma,bo-ei@gp-poisson-cat,36,120.0,240.0,0.565514991969394,0.1206491149678186,3.94190878564117,0.0,0.0,0.0,0.0,0.0,4.732204507158452,0.28244489628999225,0.8125
gamma,bo-ei@gp-poisson-cat,37,15.0,30.0,0.09969247700792039,0.040026894992479356,4.054660321291268,0.0,0.0,0.018495426729791875,0.0,0.05905965433934213,6.1315499145181755,0.36505737092774027,0.4583333333333333
gamma,bo-ei@gp-poisson-cat,37,30.0,60.0,0.19430934901174624,0.06264892000763211,3.9359070195168755,0.0,0.0,0.018495426729791875,0.0,0.015393163398048526,4.360706266312463,0.3033451343689342,0.5833333333333334
gamma,bo-ei@gp-poisson-cat,37,60.0,120.0,0.3819838419985899,0.10078322699700948,3.834131230893373,0.0,0.0,0.018495426729791875,0.0,0.015393163398048526,3.6104535436459972,0.2199406116581065,0.8125
gamma,bo-ei@gp-poisson-cat,37,90.0,180.0,0.5684527870071179,0.1360248109776876,3.8338420856605016,0.0,0.0,0.018495426729791875,0.0,0.05905965433934213,3.5999696583518457,0.21994015325989408,0.8125
gamma,bo-ei@gp-poisson-cat,37,120.0,240.0,0.7592570230008278,0.16519009198600543,3.8339154697951368,0.0,0.0,0.018495426729791875,0.0,0.05905965433934213,3.603411854931106,0.2199401040007241,0.8125
gamma,bo-ei@gp-poisson-cat,38,15.0,30.0,0.09342232400376815,0.03598180500193848,4.7925150637883185,0.0,0.18397431871830028,0.2395588988577736,0.21286943316667994,0.20836125430096375,24.59892541592824,0.5026082837753335,0.22916666666666666
gamma,bo-ei@gp-poisson-cat,38,30.0,60.0,0.18462354501025402,0.056251804999192245,4.81248426154913,0.0,0.18397431871830028,0.2395588988577736,0.21286943316667994,0.20836125430096375,25.086077801624203,0.4665592275506353,0.2708333333333333
gamma,bo-ei@gp-poisson-cat,38,60.0,120.0,0.36848222601474845,0.09083581798040541,4.815955036322083,0.0,0.18397431871830028,0.2395588988577736,0.21286943316667994,0.20836125430096375,25.064022513267787,0.4682944535660725,0.2916666666666667
gamma,bo-ei@gp-poisson-cat,38,90.0,180.0,0.5500417960247432,0.126274502974411,4.8399272986532855,0.0,0.18397431871830028,0.2395588988577736,0.21286943316667994,0.20836125430096375,25.05876605364101,0.4629998313417417,0.3958333333333333
gamma,bo-ei@gp-poisson-cat,38,120.0,240.0,0.7338035380344081,0.15518127996620024,4.814882510150373,0.0,0.18397431871830028,0.2395588988577736,0.21286943316667994,0.20836125430096375,24.817124784310092,0.45707345820570733,0.4583333333333333
gamma,bo-ei@gp-poisson-cat,39,15.0,30.0,0.07035255600931123,0.026512279990129173,4.408646120866458,0.0,0.01100584692120965,0.0,0.0,0.05806271087368153,14.205885099943119,0.4173234435797887,0.2916666666666667
gamma,bo-ei@gp-poisson-cat,39,30.0,60.0,0.13814973800253938,0.04385991498929798,4.312329449017322,0.0,0.01100584692120965,0.024908450604145815,0.01328045054050142,0.0,8.069716581893326,0.3305887731277194,0.5416666666666666
gamma,bo-ei@gp-poisson-cat,39,60.0,120.0,0.2763773609913187,0.07055272498109844,4.226161944346022,0.0,0.01100584692120965,0.024908450604145815,0.01328045054050142,0.0,7.650130008552626,0.3024272515324272,0.6041666666666666
gamma,bo-ei@gp-poisson-cat,39,90.0,180.0,0.4139605859927542,0.0979446319906856,4.085322022599318,0.0,0.01100584692120965,0.024908450604145815,0.01328045054050142,0.0,4.707510684127458,0.26569917766806955,0.8125
gamma,bo-ei@gp-poisson-cat,39,120.0,240.0,0.5549884319843841,0.11896986698775436,4.104963649626114,0.0,0.01100584692120965,0.007995510443630893,0.0,0.0,5.237386571439367,0.2659579741393982,0.8125
gamma,bo-ei@gp-poisson-cat,40,15.0,30.0,0.09440867599187186,0.03585280400511692,4.64243813161893,0.0,0.12037213411183356,0.08830428453895323,0.1873274583815685,0.18372854585799292,18.934423075285753,0.4305655683752957,0.22916666666666666
gamma,bo-ei@gp-poisson-cat,40,30.0,60.0,0.18551867901260266,0.05717166899557924,4.638157668351291,0.0,0.12037213411183356,0.08830428453895323,0.1873274583815685,0.18372854585799292,18.47116393133561,0.3833053257980123,0.3541666666666667
gamma,bo-ei@gp-poisson-cat,40,60.0,120.0,0.3708111500054656,0.0953990790003445,4.429707548660559,0.0,0.12037213411183356,0.08830428453895323,0.18604998527281735,0.21529535544889833,17.45624696846486,0.35045503111502685,0.6041666666666666
gamma,bo-ei@gp-poisson-cat,40,90.0,180.0,0.5527965519977442,0.1296858750138199,4.4576251074363915,0.0,0.12037213411183356,0.08830428453895323,0.18604998527281735,0.21529535544889833,17.47386372057963,0.35540151614213844,0.6041666666666666
gamma,bo-ei@gp-poisson-cat,40,120.0,240.0,0.741596916992421,0.15842535901174415,4.456672965029043,0.0,0.12037213411183356,0.08830428453895323,0.18604998527281735,0.21529535544889833,17.53825872636594,0.3511321859133799,0.625
gamma,bo-ei@gp-poisson-cat,41,15.0,30.0,0.09133828899939544,0.03385601500485791,4.256966403141814,0.0,0.0,0.033256327056849666,0.05808812150090259,0.0777802852767856,9.138963880069097,0.4459582767912547,0.22916666666666666
gamma,bo-ei@gp-poisson-cat,41,30.0,60.0,0.1892158160044346,0.05724644501970033,4.186765814401011,0.0,0.0,0.033256327056849666,0.05808812150090259,0.0777802852767856,8.625990918465291,0.39371311822435995,0.4166666666666667
gamma,bo-ei@gp-poisson-cat,41,60.0,120.0,0.3699241090180294,0.09285753600488533,4.073422117946673,0.0,0.0,0.033256327056849666,0.05808812150090259,0.05083448549621283,7.421640781078878,0.30442268549968715,0.6041666666666666
gamma,bo-ei@gp-poisson-cat,41,90.0,180.0,0.5508511850202922,0.12703330899967114,4.073958114332258,0.0,0.0,0.033256327056849666,0.05808812150090259,0.05083448549621283,7.427194394983427,0.3050295753158706,0.6041666666666666
gamma,bo-ei@gp-poisson-cat,41,120.0,240.0,0.7333072360197548,0.1563017110020155,3.953425615784242,0.0,0.0,0.0017835516751225633,0.03014533255624674,0.05225909203281387,5.7957811438575755,0.2733007946210426,0.8125
gamma,bo-ei@gp-poisson-cat,42,15.0,30.0,0.06870526600687299,0.026891245994193014,4.553047443826787,0.0,0.19395660298700657,0.1760933607751205,0.17830032306933996,0.1947159022366325,23.873072562853718,0.45018159852253126,0.2708333333333333
gamma,bo-ei@gp-poisson-cat,42,30.0,60.0,0.13620596801047213,0.04241555798580521,4.516117107197128,0.0,0.19395660298700657,0.21216642453325119,0.17830032306933996,0.1947159022366325,23.732328779602362,0.4112701700489372,0.4375
gamma,bo-ei@gp-poisson-cat,42,60.0,120.0,0.3062635910027893,0.07576595098726102,4.341245303531361,0.0,0.19395660298700657,0.1760933607751205,0.17830032306933996,0.1947159022366325,23.32676120780021,0.3498069163189765,0.6041666666666666
gamma,bo-ei@gp-poisson-cat,42,90.0,180.0,0.4491220279924164,0.10298089199568494,4.342089326441521,0.0,0.19395660298700657,0.21216642453325119,0.17830032306933996,0.1947159022366325,23.32951786843459,0.34980838718327106,0.6041666666666666
gamma,bo-ei@gp-poisson-cat,42,120.0,240.0,0.5722425299791212,0.12195217598127783,4.023541540796706,0.0,0.0,0.0,0.0,0.0,6.331612199348493,0.24264147669653746,0.8125
gamma,bo-ei@gp-poisson-cat,43,15.0,30.0,0.07400767899889615,0.03037700499771745,4.301530778779181,0.0,0.0,0.008781444816091777,0.08182672094347554,0.169913090947439,11.17762016326317,0.41747067473424226,0.4166666666666667
gamma,bo-ei@gp-poisson-cat,43,30.0,60.0,0.14518894899083534,0.04760301400528988,4.20522393628969,0.0,0.0,0.008781444816091777,0.08182672094347554,0.06693536607992301,9.082894062729812,0.3220500028857236,0.6041666666666666
gamma,bo-ei@gp-poisson-cat,43,60.0,120.0,0.2832365569884132,0.07569936798972776,4.044258469973129,0.0,0.0,0.008781444816091777,0.08182672094347554,0.06693536607992301,6.059447965748753,0.2653927428687935,0.8125
gamma,bo-ei@gp-poisson-cat,43,90.0,180.0,0.41064125099001103,0.1011527129849128,4.042734690845218,0.0,0.0,0.008781444816091777,0.08182672094347554,0.06693536607992301,6.056328434453193,0.2653925826195734,0.8125
gamma,bo-ei@gp-poisson-cat,43,120.0,240.0,0.531633394981327,0.11875647400302114,4.041933803456819,0.0,0.0,0.008781444816091777,0.08182672094347554,0.06693536607992301,6.055425341514193,0.26539277554629176,0.8125
gamma,bo-ei@gp-poisson-cat,44,15.0,30.0,0.07753968199540395,0.031353241989563685,4.2568416604663675,0.0,0.0,0.0,0.0343445904825862,0.062188700753549986,9.893342725581974,0.43576415104192096,0.2916666666666667
gamma,bo-ei@gp-poisson-cat,44,30.0,60.0,0.16119025799343945,0.05146893697747146,4.193617120057844,0.0,0.0,0.0,0.0343445904825862,0.062188700753549986,9.426849904640495,0.3706860807144431,0.4791666666666667
gamma,bo-ei@gp-poisson-cat,44,60.0,120.0,0.31244913499540417,0.0828566859709099,4.101864555864336,0.0,0.0,0.0,0.0343445904825862,0.062188700753549986,9.113005595258661,0.3410881712099028,0.6041666666666666
gamma,bo-ei@gp-poisson-cat,44,90.0,180.0,0.44831040999270044,0.11104740398513968,4.058033488835563,0.0,0.0,0.0,0.0343445904825862,0.062188700753549986,8.983806991632282,0.3377611697684851,0.6458333333333334
gamma,bo-ei@gp-poisson-cat,44,120.0,240.0,0.567542994987889,0.12987928698930773,3.9204077858736723,0.0,0.0,0.05725807537300376,1.1102230246251565e-16,2.220446049250313e-16,4.708602094124293,0.2692527348580576,0.8125
gamma,bo-ei@gp-poisson-cat,45,15.0,30.0,0.0924263070046436,0.0380789030023152,4.131323396660097,0.0,0.04916122588640026,0.07770641705469994,0.09015897291423514,0.10172012457704016,10.815251615124453,0.38058327643686407,0.4375
gamma,bo-ei@gp-poisson-cat,45,30.0,60.0,0.18587686202590703,0.062347119997866685,3.992044643418275,0.0,0.04916122588640026,0.11119466586454108,0.09550368253712727,0.07615844170590735,9.1392319575813,0.3293325700139791,0.6041666666666666
gamma,bo-ei@gp-poisson-cat,45,60.0,120.0,0.33057975603514933,0.0921692040101334,3.915969633255193,0.0,0.04916122588640026,0.0,0.00534470962289213,0.022936467545341954,4.599278696974429,0.2762469506846015,0.8125
gamma,bo-ei@gp-poisson-cat,45,90.0,180.0,0.45029353704012465,0.11422261099869502,3.9172141255925843,0.0,0.04916122588640026,0.0,0.00534470962289213,0.022936467545341954,4.59718576852054,0.2762448187804397,0.8125
gamma,bo-ei@gp-poisson-cat,45,120.0,240.0,0.5626130370656028,0.13040119197103195,3.919741430180378,0.0,0.04916122588640026,0.0,0.00534470962289213,0.022936467545341954,4.603754569971837,0.2762483151876099,0.8125
gamma,bo-ei@gp-poisson-cat,46,15.0,30.0,0.07480180899074185,0.030451438011368737,4.6386100732474915,0.0,0.01435492794788118,0.041840217858949647,0.1253948712967098,0.10654529889476949,14.905804781577464,0.36119289601060695,0.4166666666666667
gamma,bo-ei@gp-poisson-cat,46,30.0,60.0,0.1487493719869235,0.04932225801894674,4.341405462445625,0.0,0.0,0.0,0.0,0.00703778227980445,8.74838654209819,0.2894847490628553,0.6041666666666666
gamma,bo-ei@gp-poisson-cat,46,60.0,120.0,0.2778327389751212,0.07478538500799914,4.129197472840379,0.0,0.0,0.0,0.0,0.00703778227980445,5.36966706473798,0.213355215673918,0.8125
gamma,bo-ei@gp-poisson-cat,46,90.0,180.0,0.40144541299014236,0.09797735901156557,4.121685072645936,0.0,0.0,0.0,0.0,0.00703778227980445,5.3356411174305896,0.21335652166672595,0.8125
gamma,bo-ei@gp-poisson-cat,46,120.0,240.0,0.5191306200031249,0.11500460900788312,4.122317687986096,0.0,0.0,0.0,0.0,0.00703778227980445,5.336996369791051,0.21335662237449718,0.8125
gamma,bo-ei@gp-poisson-cat,47,15.0,30.0,0.09540477799237124,0.037763099007861456,4.031942390202076,0.0,0.027998849679309656,1.1102230246251565e-16,0.010212409139881973,1.1102230246251565e-16,5.829285838421402,0.4453992931227881,0.3125
gamma,bo-ei@gp-poisson-cat,47,30.0,60.0,0.1856395979921217,0.05995841300318716,3.8802955778772503,0.0,0.027998849679309656,1.1102230246251565e-16,0.010212409139881973,1.1102230246251565e-16,4.757736609723503,0.351532907801688,0.5
gamma,bo-ei@gp-poisson-cat,47,60.0,120.0,0.34563226000318537,0.09066031998008839,3.8492328470855077,0.0,0.027998849679309656,1.1102230246251565e-16,0.010212409139881973,1.1102230246251565e-16,4.353370644226165,0.3298305124623427,0.6041666666666666
gamma,bo-ei@gp-poisson-cat,47,90.0,180.0,0.4977624259990989,0.11909180196744273,3.8485968991539345,0.0,0.027998849679309656,1.1102230246251565e-16,0.010212409139881973,1.1102230246251565e-16,4.345498792822898,0.32983007842000783,0.6041666666666666
gamma,bo-ei@gp-poisson-cat,47,120.0,240.0,0.6046227169827034,0.13587082897356595,3.761043160561769,0.0,0.027998849679309656,1.1102230246251565e-16,0.010212409139881973,1.1102230246251565e-16,3.945163128784483,0.2586455164070495,0.8125
gamma,bo-ei@gp-poisson-cat,48,15.0,30.0,0.09837117300048703,0.04014680901309475,4.0790231659925,0.04589640525670624,0.0,0.0,0.0,0.0,6.322367940946148,0.34766115400424724,0.4166666666666667
gamma,bo-ei@gp-poisson-cat,48,30.0,60.0,0.18340081800852204,0.06166792801377596,4.058988600133567,0.04589640525670624,0.0,0.0,0.0,0.0,6.157632191310066,0.3092818772842759,0.6041666666666666
gamma,bo-ei@gp-poisson-cat,48,60.0,120.0,0.34333570600574603,0.09371050400295644,4.054161571159935,0.04589640525670624,0.0,0.0,0.0253042719640737,0.0,6.277931385746546,0.27434168598769,0.8125
gamma,bo-ei@gp-poisson-cat,48,90.0,180.0,0.47147432303609094,0.11946332298975904,4.0306824946622895,0.04589640525670624,0.0,0.0,0.0253042719640737,0.0,5.9447689242385255,0.2741802146591053,0.8125
gamma,bo-ei@gp-poisson-cat,48,120.0,240.0,0.5862510660335829,0.13761963999058935,3.9851536214600767,0.0,0.0,0.0,0.0253042719640737,0.0,5.52911387076725,0.27402377536054606,0.8125
gamma,bo-ei@gp-poisson-cat,49,15.0,30.0,0.0931456749967765,0.03577447599673178,4.207949856138897,0.0,0.0,0.0,0.0,0.02206580337301267,7.221206258907627,0.4162217143215872,0.3958333333333333
gamma,bo-ei@gp-poisson-cat,49,30.0,60.0,0.1784211509875604,0.05740704299751087,4.1153551394335635,0.0,0.0,0.0,0.0,0.032573551076133356,6.576029640319763,0.3588911919002605,0.6041666666666666
gamma,bo-ei@gp-poisson-cat,49,60.0,120.0,0.33933909299594234,0.08709809498031973,4.100325987554405,0.0,0.0,0.0,0.0,0.032573551076133356,6.015461930294397,0.36038464730286673,0.6041666666666666
gamma,bo-ei@gp-poisson-cat,49,90.0,180.0,0.4740322310026386,0.11391384897069656,3.944900567406664,0.0,0.0,0.0,0.0,0.004881392085044012,4.137733629845813,0.28781512722280633,0.8125
gamma,bo-ei@gp-poisson-cat,49,120.0,240.0,0.5794551110011525,0.12889681796514196,3.9445703169465554,0.0,0.0,0.0,0.0,0.004881392085044012,4.131911344491605,0.28781439526076347,0.8125
gamma,systematic,0,15.0,6.0,5.7110009947791696e-06,1.1520998668856919e-05,4.591577821615574,0.3711448960595719,0.5590926081388295,0.3818845788113234,0.43802925346494603,0.36327996003177365,23.452209136844974,0.44384525153673166,0.125
gamma,systematic,0,30.0,12.0,7.475995516870171e-06,1.5067009371705353e-05,4.408758251107641,0.3711448960595719,0.21989913783066684,0.33571973859343784,0.26931061465805295,0.3455420877503489,23.08677347873935,0.3992800097619687,0.25
gamma,systematic,0,60.0,24.0,9.849973139353096e-06,2.02369992621243e-05,4.1576611352924155,0.31220395077050367,0.21989913783066684,0.25431431160748974,0.2052433078972108,0.29255471398205046,20.767572015650188,0.36145204150597254,0.5
gamma,systematic,0,90.0,36.0,1.2412980140652508e-05,2.519399276934564e-05,3.8253069411449725,0.0,0.0,0.007299204900065637,0.005744585057252616,0.0010043947198602465,9.132648920211219,0.2633367171034614,0.75
gamma,systematic,0,120.0,48.0,1.4605982869397849e-05,3.129399556200951e-05,3.5891040396789777,0.0,0.0,0.007299204900065637,0.005744585057252616,0.0010043947198602465,2.8495418612663794,0.13476137638689592,1.0
gamma,systematic,1,15.0,6.0,4.980000085197389e-06,1.1979995178990066e-05,4.257635992884442,0.0,0.027876232737729767,0.28613482300417636,0.40912227087802777,0.371893428436491,13.95005652207276,0.4658474474406093,0.125
gamma,systematic,1,30.0,12.0,6.714013579767197e-06,1.5655990864615887e-05,4.14506790214454,0.0,0.027876232737729767,0.26771629604336955,0.30409981088658966,0.3391581758228901,12.804369447059493,0.41369462433311116,0.25
gamma,systematic,1,60.0,24.0,8.869021257851273e-06,2.072198549285531e-05,3.927576715250621,0.0,0.027876232737729767,0.23908509519107424,0.177094803234497,0.15656385861229105,11.675619949943556,0.3577489188613691,0.5
gamma,systematic,1,90.0,36.0,1.1301024642307311e-05,2.6131972845178097e-05,3.697752971173943,0.0,0.008221238031002831,0.01993952313716818,1.1102230246251565e-16,0.09596338319162523,8.102748944324414,0.28203284725824707,0.75
gamma,systematic,1,120.0,48.0,1.359402813250199e-05,3.194896999048069e-05,3.483629457345206,0.0,0.008221238031002831,0.01993952313716818,1.1102230246251565e-16,2.220446049250313e-16,2.8586687435012466,0.12631128906948172,1.0
gamma,systematic,2,15.0,6.0,5.679001333191991e-06,1.1801996151916683e-05,4.219182657117569,0.18611647227547767,0.28614256204286637,0.40865182645254106,0.41648475360293924,0.46081717831620006,15.2214237839011,0.48233400840856444,0.125
gamma,systematic,2,30.0,12.0,7.420989277306944e-06,1.5288991562556475e-05,4.053059446627753,0.18611647227547767,0.10217441172139496,0.1948637763716844,0.2619359217515883,0.2715943440426164,11.935625530735042,0.44806714940761366,0.25
gamma,systematic,2,60.0,24.0,9.665993275120854e-06,2.04259849851951e-05,3.827281906167445,0.18611647227547767,0.10217441172139496,0.1948637763716844,0.3049803030157413,0.3799620578709617,11.463068940298724,0.40886185927089785,0.5
gamma,systematic,2,90.0,36.0,1.2201002391520888e-05,2.5525005185045302e-05,3.656690363565757,0.18611647227547767,0.10217441172139496,0.1948637763716844,0.03187607354115218,0.0,9.03581450891044,0.3230414211748999,0.75
gamma,systematic,2,120.0,48.0,1.5219004126265645e-05,3.288801235612482e-05,3.4200332934697886,0.0,0.004212361697546463,-2.220446049250313e-16,0.0,0.0,2.293968831698444,0.13917335238675463,1.0
gamma,systematic,3,15.0,6.0,5.608002538792789e-06,1.1781012290157378e-05,4.429362488355534,0.840883190133694,0.8316048812229463,0.7157360269380144,0.6564414570298623,0.651064302404941,27.610911532008934,0.46189294025554994,0.125
gamma,systematic,3,30.0,12.0,9.114010026678443e-06,1.6810023225843906e-05,4.17159344771218,0.0,0.14652632093337858,0.12611057144406657,0.1326964923112416,0.17454526643264945,10.062015508753191,0.4035207295208342,0.25
gamma,systematic,3,60.0,24.0,1.3121993106324226e-05,2.375301846768707e-05,3.990445414786768,0.0,0.0233991953217898,0.05696067801037352,0.12237028210684164,0.18306490349853755,8.885194422541739,0.3585973908708846,0.5
gamma,systematic,3,90.0,36.0,1.8792001355905086e-05,3.3499032724648714e-05,3.7497899793196954,0.0,0.0233991953217898,0.08170280304251687,0.04265422413081166,0.04613214458328485,4.297895857843478,0.23302795614915825,0.75
gamma,systematic,3,120.0,48.0,2.336899342481047e-05,4.1543047700542957e-05,3.4968277339305103,0.0,0.0,0.0,0.020676605489554523,0.04119518636137709,2.3932377556207087,0.12224271522737401,1.0
gamma,systematic,4,15.0,6.0,7.272989023476839e-06,1.53279906953685e-05,4.541095328889091,0.5067186886533177,0.5362333727081301,0.15080634018816286,0.13245624533251632,0.17233538089443956,24.436681817370946,0.4625244185520728,0.125
gamma,systematic,4,30.0,12.0,1.1762975191231817e-05,2.17489869100973e-05,4.392507414922824,0.5067186886533177,0.00956388012218956,0.11518876920196619,0.1879138502192521,0.24002062561285797,24.138588106182237,0.4333990618966136,0.25
gamma,systematic,4,60.0,24.0,3.264097904320806e-05,3.441899025347084e-05,4.095988965434443,0.0,0.00956388012218956,0.11518876920196619,0.1879138502192521,0.24002062561285797,11.481761721895582,0.38940521061334515,0.5
gamma,systematic,4,90.0,36.0,3.7852980312891304e-05,4.359699960332364e-05,3.8290404363467005,0.0,0.0,0.0,0.0,0.020951592371508565,5.43348849907221,0.2695850599638652,0.75
gamma,systematic,4,120.0,48.0,4.271799843991175e-05,5.386600241763517e-05,3.565134517746463,0.0,0.0,0.0,0.0,0.000937328298248552,2.852189318201921,0.12301588409695328,1.0
gamma,systematic,5,15.0,6.0,8.334995072800666e-06,1.623999560251832e-05,4.617953192041656,0.36419771529873424,0.482386893053111,0.5318469524490106,0.6198224266706236,0.6450233877392983,19.458405458825176,0.4822681402007063,0.125
gamma,systematic,5,30.0,12.0,1.3994002074468881e-05,2.433498593745753e-05,4.368173616944038,0.3489079446652127,0.20607723366808162,0.15536217894521287,0.2613869248384755,0.3306491308547962,15.770009927984766,0.45407546087552747,0.25
gamma,systematic,5,60.0,24.0,1.9013001292478293e-05,3.364199073985219e-05,4.109976295117977,0.3489079446652127,0.20607723366808162,0.15536217894521287,0.31772564967400996,0.37223254026944563,14.409600225144617,0.3498005512667681,0.5
gamma,systematic,5,90.0,36.0,2.587502240203321e-05,4.5842971303500235e-05,3.9147066681060907,0.3489079446652127,0.20607723366808162,0.15536217894521287,0.0,0.0837837555883626,11.79439098842654,0.2585150364356641,0.75
gamma,systematic,5,120.0,48.0,3.0748000426683575e-05,5.739297193940729e-05,3.54026210276861,0.0,0.02480729230392753,0.0,0.0,0.0,2.7737812527783228,0.11286288660130896,1.0
gamma,systematic,6,15.0,6.0,8.253991836681962e-06,1.6007987142074853e-05,4.5324424640113135,0.5472048049633688,0.5418710160494608,0.3857126642882024,0.3940671649478914,0.4523857642772724,25.56106586648747,0.4869756977007429,0.125
gamma,systematic,6,30.0,12.0,1.2390992196742445e-05,2.2488980903290212e-05,4.41999752809994,0.5472048049633688,0.5418710160494608,0.3857126642882024,0.3940671649478914,0.4523857642772724,25.46409009718448,0.46007574475921936,0.25
gamma,systematic,6,60.0,24.0,1.7940990801434964e-05,3.1697985832579434e-05,4.113289338706971,0.48532440102963503,0.361268647448565,0.354953372817854,0.3344387306796849,0.29519727715336896,22.469283008657538,0.3780014250822697,0.5
gamma,systematic,6,90.0,36.0,2.372000744799152e-05,4.09059866797179e-05,3.908795200698901,0.48532440102963503,0.361268647448565,0.354953372817854,0.3344387306796849,0.29519727715336896,21.253199631981367,0.27075305774292285,0.75
gamma,systematic,6,120.0,48.0,2.830902667483315e-05,5.0101989472750574e-05,3.65502361245739,0.0,0.0,0.0,0.0,0.023540992894205637,2.9742046468847,0.1561276196875247,1.0
gamma,systematic,7,15.0,6.0,7.882998033892363e-06,1.5756995708215982e-05,4.188346094565642,0.8333297088708334,0.8706830838639942,0.5657973242379843,0.3873934642430814,0.4188028364290278,11.892978781218387,0.47513939355962514,0.125
gamma,systematic,7,30.0,12.0,1.1988995538558811e-05,2.2920001356396824e-05,4.127267212514345,0.9120322129888397,0.44747996804286017,0.30494087222475763,0.35998275880043995,0.4307539646444183,10.759361093509186,0.44598742018827797,0.25
gamma,systematic,7,60.0,24.0,1.641699782339856e-05,3.182499494869262e-05,3.8728088998336214,0.0,0.024722137368705543,0.24402277039848197,0.3519420784311682,0.29775784728642307,8.22668751354359,0.3602883518471844,0.5
gamma,systematic,7,90.0,36.0,2.156700793420896e-05,4.0592014556750655e-05,3.681856647893349,0.0,0.024722137368705543,0.11178392140849813,0.14345121118449522,0.044398173950961795,4.527741311937772,0.25806822309598537,0.75
gamma,systematic,7,120.0,48.0,2.7567009965423495e-05,5.433701880974695e-05,3.4547626436576575,0.0,0.024722137368705543,1.1102230246251565e-16,0.004190406438799643,1.1102230246251565e-16,1.9652820377595852,0.14909508028307134,1.0
gamma,systematic,8,15.0,6.0,9.324998245574534e-06,2.1808999008499086e-05,4.627246092694349,0.5076622768479593,0.3847866202128978,0.2732392429790268,0.3520173379332512,0.4137033946818024,30.549700509024436,0.5019480774723,0.125
gamma,systematic,8,30.0,12.0,1.4974015357438475e-05,3.0444003641605377e-05,4.42528850455087,0.5076622768479593,0.3847866202128978,0.2732392429790268,0.3520173379332512,0.4137033946818024,29.718412428669613,0.46684465151921944,0.25
gamma,systematic,8,60.0,24.0,2.1405998268164694e-05,4.32960077887401e-05,4.046515038586447,0.47171171360773645,0.3321770384345264,0.2732392429790268,0.2657616315527196,0.33799671494475647,27.180961190494312,0.4076850481606863,0.5
gamma,systematic,8,90.0,36.0,2.6946996513288468e-05,5.210901872487739e-05,3.8049270082667612,0.47171171360773645,0.3321770384345264,0.2732392429790268,0.2657616315527196,0.252409539381377,26.087506501736147,0.2925958691139202,0.75
gamma,systematic,8,120.0,48.0,3.1966992537491024e-05,6.239901995286345e-05,3.4616791918248544,0.0,0.0,0.0,0.0,0.0,2.487994447589914,0.11672958316770551,1.0
gamma,systematic,9,15.0,6.0,7.13299959897995e-06,1.3753997336607426e-05,4.38549607599849,0.7013549378404804,0.7312484341934831,0.7025003051096108,0.42034089840964484,0.4460397625134914,14.98439151224776,0.39399945124499447,0.125
gamma,systematic,9,30.0,12.0,1.106900890590623e-05,1.9794999388977885e-05,4.321556151005194,0.7651081283571854,0.7723176068612976,0.43038614923991003,0.4653101450422519,0.3762628272891029,14.842433673589026,0.38259695743408395,0.25
gamma,systematic,9,60.0,24.0,1.5899015124887228e-05,2.8819995350204408e-05,4.151149076611137,0.014757859359060599,0.4211190652601504,0.33133519740277284,0.10268402019269707,0.11129048282875786,14.196667593786845,0.32491724960350543,0.5
gamma,systematic,9,90.0,36.0,2.0967032469343394e-05,3.818899131147191e-05,3.889566967558705,0.014757859359060599,0.2327409476394301,0.2239483574198674,0.012204171546050246,0.032285057862806665,10.145648314368618,0.2442449851583029,0.75
gamma,systematic,9,120.0,48.0,2.5373017706442624e-05,4.778597940457985e-05,3.529528119957213,0.014757859359060599,0.0,0.0,0.012204171546050135,-2.220446049250313e-16,2.7813804354212905,0.1309539009970631,1.0
gamma,systematic,10,15.0,6.0,8.212991815526038e-06,1.894299202831462e-05,4.647038274341734,0.7811701104402544,0.819628864361563,0.23621580308947987,0.25138028810553337,0.280973929222716,23.766664481872763,0.5349361827856078,0.125
gamma,systematic,10,30.0,12.0,1.3531993317883462e-05,2.6936992071568966e-05,4.4785262465886015,0.7811701104402544,0.08306699098533599,0.1633476873166262,0.21682498818801288,0.28759558554347475,22.972403064766276,0.49528171284709716,0.25
gamma,systematic,10,60.0,24.0,2.0574989321175963e-05,3.9069003832992166e-05,4.0920850954589545,0.0,0.0,0.04626830347055122,0.11365459421813462,0.19423019441349443,10.02695109606401,0.4482870557514835,0.5
gamma,systematic,10,90.0,36.0,2.6643967430572957e-05,5.124899325892329e-05,3.885826085309294,0.0,0.0,0.04626830347055122,0.0,0.02664638287963339,5.78518398719499,0.313358207218882,0.75
gamma,systematic,10,120.0,48.0,3.215296601410955e-05,6.127599044702947e-05,3.550008499677773,0.0,0.026567540234695097,0.0,0.0,0.0,2.686153038638431,0.143484686787278,1.0
gamma,systematic,11,15.0,6.0,7.15300120646134e-06,1.3665005099028349e-05,4.653738880137435,0.0,0.027257968828325874,0.08316854952861696,0.22035934023799553,0.3118520768348306,15.55707832892031,0.4361727502028178,0.125
gamma,systematic,11,30.0,12.0,1.0871008271351457e-05,2.0286002836655825e-05,4.451225589968073,0.0,0.027257968828325874,0.08316854952861696,0.14924338295331974,0.24424492127414676,14.052708820428743,0.40275784357583055,0.25
gamma,systematic,11,60.0,24.0,1.5178025932982564e-05,2.8562011721078306e-05,4.2329634560899585,0.0,0.027257968828325874,0.08316854952861696,0.14924338295331974,0.16415205804857547,12.879159927333294,0.3265086814533365,0.5
gamma,systematic,11,90.0,36.0,1.9947030523326248e-05,3.668401768663898e-05,3.8642721491873124,0.0,0.027257968828325874,0.08316854952861696,0.06628498319716725,0.09446530216785765,11.265594834190525,0.25486213534613367,0.75
gamma,systematic,11,120.0,48.0,3.629601269494742e-05,5.2301023970358074e-05,3.5023896240279537,0.0,0.0,0.0,0.01255707017399954,-2.220446049250313e-16,2.4486981576007127,0.1037645179796299,1.0
gamma,systematic,12,15.0,6.0,3.3660107874311507e-06,4.739995347335935e-06,4.481969954818135,0.15809657096680407,0.30413747821369075,0.08316864843783667,0.25065345438093456,0.17152583319949977,12.480117851148435,0.4616153341379519,0.125
gamma,systematic,12,30.0,12.0,7.1620161179453135e-06,9.919996955431998e-06,4.386039101936055,0.15809657096680407,0.0,0.24384798084991177,0.19587482391627342,0.20322219007440723,12.413070579427453,0.45195130289175234,0.25
gamma,systematic,12,60.0,24.0,1.3043012586422265e-05,1.825498475227505e-05,4.10465420393602,0.0,0.0,0.014973777011987544,0.10300237918194399,0.14864517790066156,7.459561616167819,0.3619068583260178,0.5
gamma,systematic,12,90.0,36.0,1.6964026144705713e-05,2.4082990421447903e-05,3.91037530461652,0.0,0.0,0.014973777011987544,0.0,0.021382011651951194,5.830307487902375,0.2680045881160784,0.75
gamma,systematic,12,120.0,48.0,1.9736035028472543e-05,2.980400313390419e-05,3.5249406287808664,0.0,0.0,0.0,0.0,0.0,2.5420052888249214,0.1258067955708632,1.0
gamma,systematic,13,15.0,6.0,4.054003511555493e-06,6.634007149841636e-06,4.697629020071385,0.6044686004334172,0.6944016781014732,0.181159273264777,0.18639849370356476,0.2623763890045899,24.646188811903375,0.4904985770312749,0.125
gamma,systematic,13,30.0,12.0,7.720991561654955e-06,1.1864998668897897e-05,4.507624730639919,0.6044686004334172,0.0,0.06658967758716383,0.1889016474690498,0.14682639499846595,23.808826281026395,0.4537446216588291,0.25
gamma,systematic,13,60.0,24.0,1.1247990187257528e-05,1.8106999050360173e-05,4.209855349860434,0.0,0.0,0.06658967758716383,0.1889016474690498,0.14682639499846595,13.825368304421254,0.4261268742062201,0.5
gamma,systematic,13,90.0,36.0,1.4313991414383054e-05,2.3396016331389546e-05,3.8677613431797346,0.0,0.0,0.029832824821793724,0.05230044218153507,0.05295030771950282,10.826827982276287,0.2863364434755785,0.75
gamma,systematic,13,120.0,48.0,1.7487996956333518e-05,3.0048999178688973e-05,3.509064071103642,0.0,0.0,0.0,0.0,0.0,3.0179034735340897,0.12383662131026575,1.0
gamma,systematic,14,15.0,6.0,2.644999767653644e-06,4.697998519986868e-06,4.498788208264958,0.955032891118298,0.9366966693112767,0.878569114978034,0.8379998249228888,0.43394481920777506,30.73408275758358,0.5130350779018037,0.125
gamma,systematic,14,30.0,12.0,5.669004167430103e-06,9.01499151950702e-06,4.376742429403719,0.9304259344817724,0.8880986469932,0.8437399792486097,0.4122327897851087,0.3849273588395683,30.302726528951375,0.46455737689900534,0.25
gamma,systematic,14,60.0,24.0,8.905983122531325e-06,1.4111974451225251e-05,4.151189016425403,0.7946279673508899,0.8224214292445231,0.3515724954464625,0.33826050346194136,0.38078836553963624,29.705978555322,0.4222967755136882,0.5
gamma,systematic,14,90.0,36.0,1.1690004612319171e-05,1.9361963495612144e-05,3.8105388171117878,0.0,0.33382851375957145,0.2964250277746887,0.3576901640256751,0.3383683027864427,20.6782807396538,0.3651791766938811,0.75
gamma,systematic,14,120.0,48.0,1.4807992556598037e-05,2.5479967007413507e-05,3.479514000554039,0.0,0.0,0.01125860097624376,-2.220446049250313e-16,0.0010164281832172328,3.0283407280762997,0.1326957066126404,1.0
gamma,systematic,15,15.0,6.0,3.05499997921288e-06,5.9399972087703645e-06,4.631365506190509,0.0,0.0,0.10647972941677519,0.10410383572483406,0.1753002154572142,16.484854384262203,0.4666354574305539,0.125
gamma,systematic,15,30.0,12.0,6.950998795218766e-06,1.0285999451298267e-05,4.416510905600362,0.0,0.0,0.023535385828497235,0.0910666417396,0.0804678804409883,11.249589140365227,0.4123581337707586,0.25
gamma,systematic,15,60.0,24.0,1.0399999155197293e-05,1.6036006854847074e-05,4.231573985510299,0.0,0.0,0.023535385828497235,0.033165800257869416,0.11261828003461816,10.751444042205112,0.3680486260996082,0.5
gamma,systematic,15,90.0,36.0,1.3283985026646405e-05,2.0917017536703497e-05,3.9320847966268375,0.0,0.0,0.023535385828497235,0.033165800257869416,0.0,7.117588894492737,0.2570820912494341,0.75
gamma,systematic,15,120.0,48.0,1.5918994904495776e-05,2.6456007617525756e-05,3.5985179960511116,0.0,0.0,0.023535385828497235,0.033165800257869416,0.0,3.651726289598053,0.1307577768890282,1.0
gamma,systematic,16,15.0,6.0,5.179012077860534e-06,7.2830007411539555e-06,4.50204555586394,0.0,0.24393930895415206,0.40980794320572644,0.4964711568382094,0.43153703435147006,12.829353939027152,0.5377335080977138,0.125
gamma,systematic,16,30.0,12.0,1.1400006769690663e-05,1.3944998499937356e-05,4.297248108291242,0.0,0.055897752304028714,0.26472834338994033,0.37661363470845666,0.32735583684950786,11.451409709193909,0.5207065197944136,0.25
gamma,systematic,16,60.0,24.0,1.6638987290207297e-05,2.2310014173854142e-05,3.991050126739887,0.0,0.055897752304028714,0.08946123869900613,0.02337819973826094,0.020320533921395767,7.910915505726685,0.3855393128137021,0.5
gamma,systematic,16,90.0,36.0,2.1127983927726746e-05,2.9053007892798632e-05,3.736808060404204,0.0,0.0,0.0,0.0,0.0,5.994636434261322,0.30449018047103565,0.75
gamma,systematic,16,120.0,48.0,2.5413981347810477e-05,3.6896017263643444e-05,3.500021827212727,0.0,0.0,0.0,0.0,0.0,2.848633345514029,0.14730486468296924,1.0
gamma,systematic,17,15.0,6.0,3.906017809640616e-06,8.044000423979014e-06,4.225217081788606,0.2637201205453443,0.21983246409126667,0.26824586426325914,0.28199154413066474,0.18803157015581407,11.412119832498295,0.41952666772052927,0.125
gamma,systematic,17,30.0,12.0,8.74300894793123e-06,1.3773984392173588e-05,4.132775942095665,0.2637201205453443,0.21983246409126667,0.2544141834978205,0.20250879269673916,0.0,11.018473556301096,0.36333372653972357,0.25
gamma,systematic,17,60.0,24.0,1.3062992366030812e-05,2.0585997845046222e-05,3.978478683336036,0.2637201205453443,0.22835663614774315,0.16839074667088605,1.1102230246251565e-16,0.0902895246635923,10.726562913937308,0.31966656573983315,0.5
gamma,systematic,17,90.0,36.0,2.162996679544449e-05,3.3347983844578266e-05,3.7687331277188236,0.0,0.0,0.0062857454968486826,0.0,0.08367610908407708,6.49846785947477,0.22527747842857515,0.75
gamma,systematic,17,120.0,48.0,3.0084956961218268e-05,4.389497189549729e-05,3.472977006221111,0.0,0.0,0.0062857454968486826,0.0,0.00969555545380918,2.110875867271268,0.12188519271039062,1.0
gamma,systematic,18,15.0,6.0,4.267007170710713e-06,8.183989848475903e-06,4.2352757159954395,0.0,0.09511418573704233,0.2494393101529302,0.30411942168228145,0.19859858758020688,12.799033959652785,0.523167604424893,0.125
gamma,systematic,18,30.0,12.0,1.0387004294898361e-05,1.5515994164161384e-05,4.10197483074716,0.0,0.09511418573704233,0.23306081141316526,0.13867450103580448,0.1936862920683735,11.654162402681562,0.47979065485907935,0.25
gamma,systematic,18,60.0,24.0,1.6738013073336333e-05,2.4512984964530915e-05,3.8193375381076606,0.0,0.0,0.06373474007818047,0.14790925713886882,0.14992298976810847,9.991459097894934,0.3990790891190047,0.5
gamma,systematic,18,90.0,36.0,2.322801447007805e-05,3.440198634052649e-05,3.546722218262561,0.0,0.0,0.06373474007818047,0.1450229333095867,0.06387482161296365,6.304530869950053,0.26286542966404486,0.75
gamma,systematic,18,120.0,48.0,3.159401967423037e-05,4.723299207398668e-05,3.3756040157794107,0.0,0.01679767068316418,0.0,0.0,0.0,2.827163873374449,0.13475618658203728,1.0
gamma,systematic,19,15.0,6.0,5.4390038712881505e-06,7.603004632983357e-06,4.322777727339283,0.0,0.3732810084570707,0.32504744153429965,0.3850070633700442,0.3072989597582674,15.005635438822143,0.42752043017368946,0.125
gamma,systematic,19,30.0,12.0,1.1048010492231697e-05,1.3862998457625508e-05,4.253661363298406,0.0,0.3732810084570707,0.32504744153429965,0.3850070633700442,0.3072989597582674,13.035380788779424,0.38711114054157414,0.25
gamma,systematic,19,60.0,24.0,1.6189012967515737e-05,2.1845014998689294e-05,4.050492394012332,0.0,0.17412491874371527,0.1702203740593019,0.25705823976385944,0.19676162799355823,11.306063199853956,0.31138085980267693,0.5
gamma,systematic,19,90.0,36.0,2.027901791734621e-05,2.930701884906739e-05,3.7927744647197272,0.0,0.12741242128648345,0.13476127261015602,0.127451350577095,0.14716630039435452,9.3448627720164,0.2353776751774911,0.75
gamma,systematic,19,120.0,48.0,2.6022018573712558e-05,3.880402073264122e-05,3.5120797498118477,0.0,0.0,0.0,0.016657815222896333,0.014390991615803594,3.125166126076345,0.10120145461540242,1.0
gamma,systematic,20,15.0,6.0,4.2280080378986895e-06,9.984993084799498e-06,4.9907652425203795,0.8766429287403612,0.7931687152472929,0.6732592325437865,0.3328603391188899,0.32977793705352365,24.161233367514953,0.4680814241949497,0.125
gamma,systematic,20,30.0,12.0,8.836985216476023e-06,1.5915997209958732e-05,4.883408185662598,0.7529445292487503,0.6625658472344162,0.27962359685750215,0.2849529147709795,0.2675988892295236,23.935185292073506,0.4504490511775007,0.25
gamma,systematic,20,60.0,24.0,1.5030971553642303e-05,2.4722008674871176e-05,4.448274076810706,0.5638506541578496,0.5569794410301434,0.5328073087257681,0.21207529184139384,0.22363559685461043,22.199928058577814,0.3939994556001186,0.5
gamma,systematic,20,90.0,36.0,2.2204971173778176e-05,3.4280019463039935e-05,4.082327362714527,0.0,0.19808165057067606,0.19471549427034818,0.18908468662467826,0.2035561817898469,14.759926069873485,0.3103108434531867,0.75
gamma,systematic,20,120.0,48.0,2.7923968445975333e-05,4.3455002014525235e-05,3.666118004092098,0.0,0.0,0.0,0.0,0.0,3.2509586012380653,0.12973494311301004,1.0
gamma,systematic,21,15.0,6.0,4.287998308427632e-06,6.539994501508772e-06,4.31381395367634,0.9370799279809205,0.9554455319040196,0.8607490296586642,0.5882955503219178,0.6018114117497827,15.847155182440057,0.5003443790368889,0.125
gamma,systematic,21,30.0,12.0,6.431000656448305e-06,9.715993655845523e-06,4.199395842184806,0.9848504237248192,0.8647339639313704,0.540725396821055,0.5918627897583817,0.47983744893764424,14.984688721755884,0.4721535192090499,0.25
gamma,systematic,21,60.0,24.0,8.506998710799962e-06,1.4472992916125804e-05,3.9465296793506197,0.24777061357616204,0.5399957903344466,0.43928789665009993,0.49216474339704064,0.38810330366919277,13.526746267074017,0.39578298607287077,0.5
gamma,systematic,21,90.0,36.0,1.0680982086341828e-05,1.9218998204451054e-05,3.607332217179531,0.0,0.0,0.1446643672061554,0.12192555037724584,0.04743889592888406,5.611532378647341,0.2913185522467957,0.75
gamma,systematic,21,120.0,48.0,1.327498466707766e-05,2.5168003048747778e-05,3.3950573800574495,0.0,0.0,0.0,0.0,0.002018100541879342,1.8182013783098063,0.12569476727855836,1.0
gamma,systematic,22,15.0,6.0,4.519009962677956e-06,8.565992175135761e-06,4.819446694140175,0.0,0.149996656508822,0.032200297927310384,0.13245455159340747,0.1544077727005384,22.982702862621903,0.49031742115564886,0.125
gamma,systematic,22,30.0,12.0,7.5340140028856695e-06,1.7142992874141783e-05,4.658633312543944,0.0,0.149996656508822,0.032200297927310384,0.13245455159340747,0.1544077727005384,21.902322167275617,0.45451792797953466,0.25
gamma,systematic,22,60.0,24.0,1.1670003004837781e-05,2.4123990442603827e-05,4.22503589163169,0.0,0.0,0.0,0.0,0.03793231546622622,11.41187047783501,0.38748441072777484,0.5
gamma,systematic,22,90.0,36.0,1.544500992167741e-05,3.131797711830586e-05,3.844998188529427,0.0,0.0,0.0,0.0,0.0,8.872743938542133,0.3344640949391678,0.75
gamma,systematic,22,120.0,48.0,1.8430015188641846e-05,3.824997111223638e-05,3.5002656968874404,0.0,0.0,0.0,0.0,0.0,2.140603677933341,0.10272071915015298,1.0
gamma,systematic,23,15.0,6.0,3.445995389483869e-06,6.390997441485524e-06,4.398698063838588,0.2177314062544543,0.5367379396312446,0.5596891876938912,0.5883391928402961,0.6169943250770359,17.0396846805735,0.5059524051197566,0.125
gamma,systematic,23,30.0,12.0,5.609996151179075e-06,1.0648996976669878e-05,4.290027343743657,0.2177314062544543,0.5367379396312446,0.5596891876938912,0.5883391928402961,0.6169943250770359,15.783746137137337,0.48203019393263635,0.25
gamma,systematic,23,60.0,24.0,1.0980984370689839e-05,2.215999847976491e-05,4.075926153342144,0.2177314062544543,0.5241235099482515,0.5875263576319038,0.23094138085552696,0.2719781978938892,14.326524043240168,0.4173142554592878,0.5
gamma,systematic,23,90.0,36.0,1.5920006262604147e-05,3.180799831170589e-05,3.711355471434571,0.0,0.0,0.12103868955964481,0.12102347608164021,0.09520176105764144,7.578863775056677,0.32031794392470453,0.75
gamma,systematic,23,120.0,48.0,1.9476006855256855e-05,4.000400076620281e-05,3.440957846720099,0.0,0.0,0.0,0.0,0.0,2.5044239341679972,0.12356365494659045,1.0
gamma,systematic,24,15.0,6.0,4.740002623293549e-06,9.498005965724587e-06,4.672940467010375,0.0,0.3632677878113685,0.3294598583664151,0.40383184686616547,0.23172267958885273,34.85840411142018,0.4964291102354154,0.125
gamma,systematic,24,30.0,12.0,1.0160001693293452e-05,1.5697012713644654e-05,4.4406872941641184,0.0,0.13092199973825425,0.3294598583664151,0.40383184686616547,0.23172267958885273,31.740960094700995,0.43994996385134066,0.25
gamma,systematic,24,60.0,24.0,1.4409008144866675e-05,2.3246022465173155e-05,4.138566137212757,0.0,0.0,0.08728133315883613,0.19435667626524755,0.23172267958885273,23.73918385445151,0.3892020769450262,0.5
gamma,systematic,24,90.0,36.0,1.9508006516844034e-05,3.1932017009239644e-05,3.869711556289087,0.0,0.0,0.08728133315883613,0.143334529509072,0.17288796014136754,22.3059474985959,0.32821395217694294,0.75
gamma,systematic,24,120.0,48.0,2.4364002456422895e-05,4.0807994082570076e-05,3.4619140636949752,0.0,0.0,0.0,0.0,0.0,3.1373783034563085,0.11551443608808412,1.0
gamma,systematic,25,15.0,6.0,4.165995051153004e-06,7.091002771630883e-06,4.2883412883842995,0.8740187437130877,0.851235883466402,0.8209284630877489,0.7487938300723551,0.6767208124757685,16.320188627703892,0.48497455377362053,0.125
gamma,systematic,25,30.0,12.0,9.242998203262687e-06,1.3201999536249787e-05,4.175128351573663,0.8785612556893444,0.8601194414885813,0.7734480443593504,0.6968833147392476,0.699869686537812,15.756398549608605,0.459183681880426,0.25
gamma,systematic,25,60.0,24.0,1.3723023585043848e-05,2.029100141953677e-05,3.978998137500836,0.7789297558935134,0.7193053159426781,0.733502001641097,0.33537868276187977,0.3695234607136699,14.464813681237096,0.3728477578294585,0.5
gamma,systematic,25,90.0,36.0,1.828001404646784e-05,2.7442998543847352e-05,3.7338205888943663,0.0,0.35294666451888346,0.2931095805256483,0.2543754653017096,0.2298912793341804,12.879284655889425,0.25486945990328896,0.75
gamma,systematic,25,120.0,48.0,2.196600689785555e-05,3.561600169632584e-05,3.386489173871602,0.0,0.0,0.0,0.0,0.0,1.9546475467748363,0.13097090924191657,1.0
gamma,systematic,26,15.0,6.0,4.166002327110618e-06,6.6920038079842925e-06,4.008800385998648,0.21721324376040618,0.42319712219786465,0.45297663484989803,0.5054326319985663,0.4998460305582886,16.019859405954964,0.5135945204974237,0.125
gamma,systematic,26,30.0,12.0,9.045012120623142e-06,1.3766002666670829e-05,3.8969015869888057,0.21721324376040618,0.5153616906994616,0.5687769439239665,0.5571641474448763,0.5055306221659585,15.826369614536388,0.4812349716654216,0.25
gamma,systematic,26,60.0,24.0,1.3158998626749963e-05,2.1231011487543583e-05,3.6889495651003394,0.21721324376040618,0.4889206290499294,0.436732521877772,0.47103163138049453,0.11946286565668462,14.013266789159035,0.36638178326832277,0.5
gamma,systematic,26,90.0,36.0,1.9730010535568e-05,2.9986011213622987e-05,3.4836697074203324,0.21721324376040618,0.0,0.004369836853978959,0.0,0.0,12.468703702430432,0.27820282980187194,0.75
gamma,systematic,26,120.0,48.0,2.3915992642287165e-05,3.869001375278458e-05,3.268589199410661,0.0,0.0,0.0,0.0,0.0,2.292874377293613,0.1314478583864892,1.0
gamma,systematic,27,15.0,6.0,4.206980520393699e-06,5.3480034694075584e-06,4.381806693742691,0.0,0.0,0.1909392096951268,0.2179355242732507,0.26734818928304405,14.232635332902488,0.505000259040633,0.125
gamma,systematic,27,30.0,12.0,6.249982106965035e-06,8.834002073854208e-06,4.184158664104188,0.0,0.0,0.16685307912550607,0.24346071035899397,0.11084156997850447,12.72713076095699,0.45763387895645025,0.25
gamma,systematic,27,60.0,24.0,8.69297218741849e-06,1.422100467607379e-05,3.885548525550057,0.0,0.0,0.0,0.04749291660462107,0.04369470570585854,11.214694763958905,0.3956379262715605,0.5
gamma,systematic,27,90.0,36.0,1.1530959454830736e-05,1.9320010324008763e-05,3.6944098936755836,0.0,0.0,0.0,0.09771011013175424,0.13562746568595607,8.63327695113652,0.31081794373235955,0.75
gamma,systematic,27,120.0,48.0,1.3986966223455966e-05,2.5551009457558393e-05,3.4347881036347516,0.0,0.0,0.0,0.0221561365968288,0.0,3.747444414334924,0.14133369245030572,1.0
gamma,systematic,28,15.0,6.0,3.3239994081668556e-06,5.661000614054501e-06,4.751657157173914,0.9903824028844788,0.9757483066970516,0.9121902990405034,0.7216776587897349,0.5831072179667152,23.754690594105945,0.5199617617050676,0.125
gamma,systematic,28,30.0,12.0,6.801012204959989e-06,1.0258998372592032e-05,4.620980347530022,0.9729822487862898,0.8888750565754824,0.6643188373829867,0.5190331651686759,0.5235917196769537,23.009690090535226,0.44562804305176457,0.25
gamma,systematic,28,60.0,24.0,9.91502747638151e-06,1.528800930827856e-05,4.1701285386344935,0.0,0.03939931445866296,0.029445878339418807,0.0,0.07731324474987433,10.381229634848388,0.28254148111269134,0.5
gamma,systematic,28,90.0,36.0,1.2839023838751018e-05,2.0209998183418065e-05,3.7708090737405935,0.0,0.0,0.029445878339418807,0.0,0.0,4.307265145845469,0.16279306856687947,0.75
gamma,systematic,28,120.0,48.0,1.5584017091896385e-05,2.6529996830504388e-05,3.4785391674170625,0.0,0.0,0.029445878339418807,0.0,0.0,2.1076939803003665,0.11353227577330884,1.0
gamma,systematic,29,15.0,6.0,2.954999217763543e-06,5.7010038290172815e-06,4.283151266266188,0.0,0.22513399925854327,0.29169999529478197,0.34281686458529803,0.3933865335099729,15.948098329351614,0.49229290822174804,0.125
gamma,systematic,29,30.0,12.0,5.791000148747116e-06,9.62700869422406e-06,4.176575386485433,0.0,0.22513399925854327,0.29169999529478197,0.34281686458529803,0.3933865335099729,15.71756420047884,0.4510620376894304,0.25
gamma,systematic,29,60.0,24.0,1.009100378723815e-05,1.531701855128631e-05,3.8895935314224133,0.0,0.15698372606289912,0.18642533105799697,0.29519599622205506,0.3447268989393819,13.235545492633342,0.40730180043810055,0.5
gamma,systematic,29,90.0,36.0,1.5590987459290773e-05,2.3342028725892305e-05,3.6965732865513616,0.0,0.15698372606289912,0.13212281078252375,0.15936433206968548,0.0,10.580041464698308,0.30476451293641,0.75
gamma,systematic,29,120.0,48.0,2.0181978470645845e-05,3.0527029593940824e-05,3.4495659262198495,0.0,0.0,0.0,0.0,0.0,2.544346868136675,0.13515444409347388,1.0
gamma,systematic,30,15.0,6.0,3.85501334676519e-06,7.394992280751467e-06,4.414400767632553,0.5167242443236204,0.6515907564905998,0.6471311609628296,0.6857784491582397,0.6667431898854645,15.05557092828373,0.4809389115665941,0.125
gamma,systematic,30,30.0,12.0,6.942020263522863e-06,1.1571988579817116e-05,4.293316083213965,0.5167242443236204,0.5653072643560557,0.6454882981884784,0.6346121078632269,0.5379803293487028,14.022006078496593,0.4395349942491605,0.25
gamma,systematic,30,60.0,24.0,9.83002973953262e-06,1.64629818755202e-05,3.9920923823857826,0.5167242443236204,0.34002589845248754,0.4147244509943053,0.34514042125366684,0.40316547209388176,11.303099909324738,0.35133998177677556,0.5
gamma,systematic,30,90.0,36.0,1.4941004337742925e-05,2.287498500663787e-05,3.6989943140240076,0.5167242443236204,0.34002589845248754,0.0,0.14236444922688063,0.12336585242113107,8.79656950603701,0.24659220801188372,0.75
gamma,systematic,30,120.0,48.0,1.7878002836368978e-05,2.857700746972114e-05,3.4983083807443873,0.0,0.023943279191712574,0.0,0.01378169345346858,0.04756321147349696,2.6558588711848152,0.11916950045839446,1.0
gamma,systematic,31,15.0,6.0,3.005006874445826e-06,5.82099164603278e-06,4.61543264228601,0.9751008266806265,0.9460490235234783,0.9462266651199315,0.7481822135847931,0.671671012640816,34.51536137580098,0.5034492904762482,0.125
gamma,systematic,31,30.0,12.0,7.313014066312462e-06,1.0819996532518417e-05,4.461081133272992,0.9239840989399293,0.9430407353528522,0.7216431904982867,0.6431603710217975,0.6730058637879242,34.053569256277164,0.4527268643605395,0.25
gamma,systematic,31,60.0,24.0,1.143103145295754e-05,1.6460988263133913e-05,4.150283141581626,0.4261385944248135,0.5226343147172605,0.6262227611007996,0.3167615728202898,0.3507714300745607,33.45376875342161,0.4000749591376544,0.5
gamma,systematic,31,90.0,36.0,1.632304338272661e-05,2.3082990082912147e-05,3.8926459477664124,0.4261385944248135,0.5226343147172605,0.2255998804254712,0.2842196584235117,0.3048327267496501,31.438740536646623,0.3153279928233345,0.75
gamma,systematic,31,120.0,48.0,2.021704858634621e-05,3.011800436070189e-05,3.4703315687620986,0.0,0.0,0.0,0.0,0.0,2.6951886920421684,0.12299900676244116,1.0
gamma,systematic,32,15.0,6.0,5.409005098044872e-06,7.362999895121902e-06,4.424543201089237,0.06478898824522139,0.3353173673046047,0.3282994496965995,0.26752268981931115,0.27974251000966455,10.252371619629443,0.47348604560405155,0.125
gamma,systematic,32,30.0,12.0,8.206014172174037e-06,1.275997783523053e-05,4.2489447967363025,0.06478898824522139,0.21128570089186305,0.2354006893515843,0.26075112696700686,0.1369977909705924,9.542593823244465,0.43136828964895574,0.25
gamma,systematic,32,60.0,24.0,1.272401277674362e-05,2.1634950826410204e-05,3.970276453924502,0.06478898824522139,0.21128570089186305,0.2354006893515843,0.26075112696700686,0.1369977909705924,9.137807337814397,0.3776043771686115,0.5
gamma,systematic,32,90.0,36.0,1.9316008547320962e-05,3.388696495676413e-05,3.6754963068641735,0.06478898824522139,0.03239449412261075,0.12189325132185624,0.09932764278033468,0.1914703851995031,6.8106067837355395,0.33301489294057074,0.75
gamma,systematic,32,120.0,48.0,2.5574998289812356e-05,4.748196079162881e-05,3.4139235827389705,0.06478898824522139,0.03239449412261075,1.1102230246251565e-16,0.0068333813239891406,2.220446049250313e-16,1.912729711889467,0.12841570708479416,1.0
gamma,systematic,33,15.0,6.0,4.988010914530605e-06,8.06399475550279e-06,4.1895479937140765,0.9443804309109434,0.9085911983642978,0.5451794638537916,0.23837813682059739,0.2490475441089064,18.8920268229905,0.5101213812751046,0.125
gamma,systematic,33,30.0,12.0,7.772017852403224e-06,1.3161996321287006e-05,4.088686485333045,0.8845263044540718,0.47256968109117614,0.13329701268705707,0.1821971765217455,0.18563949582551198,18.153114213010134,0.46945335029682866,0.25
gamma,systematic,33,60.0,24.0,1.5799043467268348e-05,2.665699867065996e-05,3.8005667002537664,0.12826268834751187,0.0,0.09368017141996265,0.1337087923626742,0.08359485824552304,14.674778116834965,0.3935127951977631,0.5
gamma,systematic,33,90.0,36.0,2.1670035494025797e-05,3.8425016100518405e-05,3.4899357768127106,0.0,0.0,0.013839177814250925,0.0,0.09453326964728093,6.631811361837144,0.3287405264966075,0.75
gamma,systematic,33,120.0,48.0,2.764003147603944e-05,5.245803185971454e-05,3.2833801535786553,0.0,0.0,0.013839177814250925,0.0,0.0,2.402858731996806,0.10478399334771987,1.0
gamma,systematic,34,15.0,6.0,6.060996383894235e-06,7.883994840085506e-06,4.930971770616642,0.9420421728835927,0.5661950316559673,0.6758879368336652,0.6971379599490958,0.6062484174473026,22.45225553288144,0.46820513965934996,0.125
gamma,systematic,34,30.0,12.0,9.428003977518529e-06,1.4204990293364972e-05,4.771426861079938,0.3058960524783604,0.5795532845130085,0.6440416429674332,0.5541547403046285,0.5596501566490968,21.847475052172854,0.4335127757788874,0.25
gamma,systematic,34,60.0,24.0,1.3785996998194605e-05,2.3207998310681432e-05,4.3660336483344215,0.0,0.0,0.0,0.15821264083359,0.1497814255148795,12.879466001826215,0.3193869430839757,0.5
gamma,systematic,34,90.0,36.0,1.8402999558020383e-05,3.180299245286733e-05,4.067273407935866,0.0,0.0,0.059351141300459376,0.02199634950537932,0.034406922686125774,8.998907623894162,0.25988066467786347,0.75
gamma,systematic,34,120.0,48.0,2.2079999325796962e-05,4.064797394676134e-05,3.7331110959142464,0.0,0.0,0.059351141300459376,0.02199634950537932,0.0,3.1061417824215263,0.11809863155927983,1.0
gamma,systematic,35,15.0,6.0,4.358000296633691e-06,6.219008355401456e-06,4.4783102016381475,0.28923423527994174,0.2560422653252836,0.18126697490835775,0.14746877303468864,0.21321635355554247,13.1024000307493,0.3856447455319084,0.125
gamma,systematic,35,30.0,12.0,8.075010555330664e-06,1.2421005521900952e-05,4.275631580430269,0.28923423527994174,0.28317082989511844,0.2599578123348827,0.1626478209973179,0.13687714718268695,11.279779876310792,0.33783124456685665,0.25
gamma,systematic,35,60.0,24.0,1.2682998203672469e-05,2.1256986656226218e-05,3.9668824923385877,0.29428398660622,0.17201886586406834,0.18126697490835775,0.162647820997318,0.13687714718268695,9.839863106244799,0.28303103661045675,0.5
gamma,systematic,35,90.0,36.0,1.8635990272741765e-05,3.219598875148222e-05,3.719282233120334,0.29428398660622,0.17201886586406834,0.18126697490835775,0.14746877303468864,0.13687714718268695,8.508224957090997,0.22596707323888912,0.75
gamma,systematic,35,120.0,48.0,2.3213971871882677e-05,4.239599365973845e-05,3.5376970865601045,0.0,0.0029517491116642924,0.0,0.0,0.0,1.9836338376714662,0.13727271829708843,1.0
gamma,systematic,36,15.0,6.0,6.161004421301186e-06,8.784998499322683e-06,4.293395810638557,0.951737367252144,0.6369832182262,0.605651687464748,0.6603669152569038,0.6794856104273236,21.933461811706128,0.5042067740896593,0.125
gamma,systematic,36,30.0,12.0,9.796007361728698e-06,1.4736004231963307e-05,4.170107404976055,0.5058674388590073,0.5267779196002507,0.6117016185938712,0.6709164312574714,0.3054976946305874,21.176193495216,0.46379953998669365,0.25
gamma,systematic,36,60.0,24.0,1.4636985724791884e-05,2.3282023903448135e-05,3.974101336135295,0.5058674388590073,0.6447387540893325,0.7105142757851912,0.33339232259324236,0.22364407979590206,20.332062086947847,0.4124770516459118,0.5
gamma,systematic,36,90.0,36.0,1.963799149962142e-05,3.212004230590537e-05,3.66031995458331,0.0,0.0,0.0024422054141025606,0.0,0.02385355819802748,5.855344153845672,0.28373408449326876,0.75
gamma,systematic,36,120.0,48.0,2.3934997443575412e-05,4.216605157125741e-05,3.4329327801548755,0.0,0.0,0.0024422054141025606,0.0,0.0,2.403545388493906,0.15691137211508402,1.0
gamma,systematic,37,15.0,6.0,4.348999937064946e-06,6.4920022850856185e-06,4.3756200704137305,0.8945971755364246,0.555753588593297,0.6137743934302334,0.5153241021136781,0.5192264543803027,18.02899988754813,0.5168230190040533,0.125
gamma,systematic,37,30.0,12.0,7.434005965478718e-06,1.17510135169141e-05,4.210532487046211,0.5732884325556049,0.3561458859969666,0.45599265079701523,0.38285077686141367,0.40093230527669166,16.91933270692335,0.4867263153506206,0.25
gamma,systematic,37,60.0,24.0,1.1490010365378112e-05,2.0045001292601228e-05,3.8759665468910947,0.0,0.0,0.0,0.0,0.05905965433934213,9.647964089185407,0.41331792063430844,0.5
gamma,systematic,37,90.0,36.0,1.6307014448102564e-05,2.782000956358388e-05,3.617590453302961,0.0,0.0,0.0,0.0,0.09261312478903483,8.139328704758267,0.33949725328825175,0.75
gamma,systematic,37,120.0,48.0,1.9806022464763373e-05,3.687601565616205e-05,3.3755830848689174,0.0,0.0,0.0,0.0,0.0,1.7237625163959722,0.1244040767792035,1.0
gamma,systematic,38,15.0,6.0,4.807989171240479e-06,7.482994988095015e-06,4.879714896136811,0.5603725129226476,0.6944514837294009,0.7406926761262522,0.43881438653982285,0.37928581585018795,30.197734992199535,0.5145908473897881,0.125
gamma,systematic,38,30.0,12.0,7.452981662936509e-06,1.2782002158928663e-05,4.797826901585128,0.5603725129226476,0.6948689153795858,0.3788809560271854,0.3210212807463877,0.2854705865533139,29.935912871983348,0.47453801685535413,0.25
gamma,systematic,38,60.0,24.0,1.1660995369311422e-05,2.2159016225486994e-05,4.363979159262567,0.0,0.0,0.0,0.0025890635165088938,0.0,12.977864674751459,0.3673412909951466,0.5
gamma,systematic,38,90.0,36.0,1.5716977941337973e-05,2.9223017918411642e-05,4.146338506648369,0.0,0.0,0.0,0.0,0.0,11.372912544070084,0.2653887792811205,0.75
gamma,systematic,38,120.0,48.0,2.0583989680744708e-05,3.95410243072547e-05,3.751012888421043,0.0,0.0,0.0,0.0,0.0,4.341852148605887,0.12315511931045575,1.0
gamma,systematic,39,15.0,6.0,4.567998985294253e-06,6.90199522068724e-06,4.734266514696189,0.6229669948830856,0.7322937095651769,0.79320086803734,0.8229317185166543,0.6738696854496814,28.860350546231434,0.5164530527616055,0.125
gamma,systematic,39,30.0,12.0,7.293994713108987e-06,1.2270989827811718e-05,4.668889247415582,0.6229669948830856,0.7521173446453722,0.801217453513226,0.6291353639629329,0.5073483339768805,28.425299631630374,0.4719463559097638,0.25
gamma,systematic,39,60.0,24.0,1.1739997717086226e-05,2.1977983124088496e-05,4.319778996284028,0.0,0.156579950654116,0.11375195745322886,0.08304252545805502,0.19090567047406826,19.049288368002596,0.3877731129716119,0.5
gamma,systematic,39,90.0,36.0,1.7669997760094702e-05,3.3489988709334284e-05,3.8787054498531113,0.0,0.01100584692120965,0.0,0.01328045054050142,0.07991314681926309,9.784639903383042,0.30008355501325074,0.75
gamma,systematic,39,120.0,48.0,2.1934989490546286e-05,4.359698505140841e-05,3.484583165702761,0.0,0.01100584692120965,0.0,0.0,0.0,2.6532066404413897,0.11131229071144666,1.0
gamma,systematic,40,15.0,6.0,4.208995960652828e-06,5.317990144249052e-06,4.80767281658133,0.5229884924267885,0.6509424130743855,0.64321827732422,0.6417222130744701,0.6107416659175979,29.282287299392408,0.45220250325694744,0.125
gamma,systematic,40,30.0,12.0,6.772002961952239e-06,9.766998118720949e-06,4.631900002755076,0.5229884924267885,0.6509424130743855,0.64321827732422,0.6417222130744701,0.6107416659175979,28.4100932310898,0.4188297196491215,0.25
gamma,systematic,40,60.0,24.0,9.839983249548823e-06,1.6128986317198724e-05,4.407028119239856,0.5229884924267885,0.6120981545129542,0.6320460730333524,0.6749629935020235,0.37452666007486113,27.67358410590163,0.3271805555795237,0.5
gamma,systematic,40,90.0,36.0,1.207498280564323e-05,2.1109997760504484e-05,4.091044405174652,0.5229884924267885,0.12037213411183356,0.08830428453895323,0.1621896450518553,0.1477545397864325,26.939383437670216,0.2733546960928818,0.75
gamma,systematic,40,120.0,48.0,1.4559976989403367e-05,2.7850001060869545e-05,3.687558741781412,0.0,0.0,0.0,0.0,0.013073493288629834,4.733880494796188,0.12379620678508432,1.0
gamma,systematic,41,15.0,6.0,3.5960038076154888e-06,6.893984391354024e-06,4.447111268005695,0.5887105745321294,0.6012123277535192,0.5951270266406653,0.6254616496087777,0.16918942311783636,25.441462128413804,0.524172172820142,0.125
gamma,systematic,41,30.0,12.0,5.58202009415254e-06,1.0680989362299442e-05,4.3195529235779935,0.5887105745321294,0.6012123277535192,0.5951270266406653,0.6254616496087777,0.16918942311783636,24.805139169554195,0.4988395971180511,0.25
gamma,systematic,41,60.0,24.0,1.0461037163622677e-05,1.9856990547850728e-05,4.012767083603238,0.5887105745321294,0.6891119243268851,0.11043492362757557,0.19954263843651143,0.2534620362555632,23.826592951853108,0.46734683736821103,0.5
gamma,systematic,41,90.0,36.0,1.4788034604862332e-05,2.91529722744599e-05,3.7492147725292324,0.0,0.0,0.09435743589328627,0.169484114475992,0.15247671481962444,8.649448702809906,0.33627967650721685,0.75
gamma,systematic,41,120.0,48.0,1.7743055650498718e-05,3.649599238997325e-05,3.397011868433173,0.0,0.0,0.0010863144607266007,0.0015835085220596845,0.0,1.9247072447224234,0.1169198410990382,1.0
gamma,systematic,42,15.0,6.0,4.087996785528958e-06,6.661000952590257e-06,4.550057148181003,0.12950420974567045,0.26319183485462916,0.2666212207926568,0.3293023852714604,0.38704486420512696,24.420588754774634,0.4546125324910755,0.125
gamma,systematic,42,30.0,12.0,6.664005923084915e-06,1.128900476032868e-05,4.455470720064405,0.12950420974567045,0.26319183485462916,0.2666212207926568,0.3293023852714604,0.38704486420512696,23.97337087157308,0.4113207903852642,0.25
gamma,systematic,42,60.0,24.0,9.682000381872058e-06,1.7851001757662743e-05,4.1429489163649755,0.12950420974567045,0.26319183485462916,0.2666212207926568,0.3042245276031015,0.33255560270625695,22.944484433144336,0.3328316192429108,0.5
gamma,systematic,42,90.0,36.0,1.2406002497300506e-05,2.364101237617433e-05,3.732540990743974,0.0,0.0,0.0,0.030315064866295982,0.07098302045800109,7.922957163627837,0.19821964614927112,0.75
gamma,systematic,42,120.0,48.0,1.5520025044679642e-05,3.236400516470894e-05,3.4408834805599025,0.0,0.0,0.0,0.0,0.0,2.9323317843688885,0.09492656987029328,1.0
gamma,systematic,43,15.0,6.0,3.927001671399921e-06,6.26000837655738e-06,4.4900876959407015,0.0,0.0,0.1954679590024926,0.16214745703243316,0.2802545971116036,19.506760464265465,0.5351141014518294,0.125
gamma,systematic,43,30.0,12.0,6.621012289542705e-06,1.0818024748004973e-05,4.3387604589859405,0.0,0.0,0.1954679590024926,0.16214745703243316,0.2802545971116036,15.297706108630926,0.5016925094285207,0.25
gamma,systematic,43,60.0,24.0,1.1660005839075893e-05,1.988602161873132e-05,4.084968156594574,0.0,0.0,0.0,0.0027292789219097724,0.1453486654038133,12.013746508479551,0.4334818027428498,0.5
gamma,systematic,43,90.0,36.0,1.4624012692365795e-05,2.5928013201337308e-05,3.7087610645722435,0.0,0.0,0.008781444816091777,0.007161899786049419,1.1102230246251565e-16,6.18497186375243,0.2985873601743992,0.75
gamma,systematic,43,120.0,48.0,1.7469013982918113e-05,3.233900497434661e-05,3.405617165290836,0.0,0.0,0.008781444816091777,0.007161899786049419,1.1102230246251565e-16,2.334465352549094,0.1195559279977064,1.0
gamma,systematic,44,15.0,6.0,1.3393000699579716e-05,7.25199788575992e-06,4.477524122082178,0.1155566629196555,0.2744641336199076,0.41365650735604587,0.48591906797814244,0.1930382962609445,24.67600915449129,0.5499714084462287,0.125
gamma,systematic,44,30.0,12.0,2.1609004761558026e-05,1.4594988897442818e-05,4.330800155754823,0.1155566629196555,0.2744641336199076,0.41365650735604587,0.48591906797814244,0.1930382962609445,23.779766272227373,0.5283583499337532,0.25
gamma,systematic,44,60.0,24.0,2.831301389960572e-05,2.30699879466556e-05,3.9646809501687907,0.1155566629196555,0.2744641336199076,0.0,0.10862156079678154,0.17789780962057056,22.3071374104077,0.38657991981858564,0.5
gamma,systematic,44,90.0,36.0,3.711800673045218e-05,3.507198562147096e-05,3.6684488068598724,0.0,0.0,0.0,0.0343445904825862,0.0700823820022507,8.719791316460348,0.2851545431125355,0.75
gamma,systematic,44,120.0,48.0,4.361002356745303e-05,4.514897591434419e-05,3.3107387240844077,0.0,0.0,0.0,0.0,0.0,2.135492846068622,0.09831774780615891,1.0
gamma,systematic,45,15.0,6.0,4.8190049710683525e-06,7.441994966939092e-06,4.3460405225202745,0.454496792506046,0.4128670257547392,0.45531599332289985,0.5134201312029623,0.5693042227482625,16.1659069659422,0.5278627683724098,0.125
gamma,systematic,45,30.0,12.0,1.151100150309503e-05,1.4033990737516433e-05,4.205704207076795,0.5168223906481599,0.40222385257249416,0.341246878485412,0.3691797802551615,0.42917783029115,15.340752102073623,0.5029695695496991,0.25
gamma,systematic,45,60.0,24.0,1.8392012862022966e-05,2.2649968741461635e-05,3.940173087847762,0.4517879753482037,0.4113209330809716,0.34012658296962195,0.28203485330220956,0.3738501084320679,13.46096784013701,0.4300669043615805,0.5
gamma,systematic,45,90.0,36.0,2.584601315902546e-05,3.165598172927275e-05,3.6898853373881795,0.0,0.11633782227674994,0.15987068702358287,0.12962651426731597,0.11026448313481041,9.136885952764182,0.320385052904464,0.75
gamma,systematic,45,120.0,48.0,3.383100556675345e-05,4.348697984823957e-05,3.383156815655163,0.0,0.04916122588640026,0.0,0.00534470962289213,0.022936467545341954,2.3862615169953,0.12334891762282836,1.0
gamma,systematic,46,15.0,6.0,4.237008397467434e-06,7.094007742125541e-06,4.864541393061652,0.0,0.19485155419226352,0.24973130099174368,0.19735220620423533,0.2622431697559754,18.229967845232704,0.42549387849432596,0.125
gamma,systematic,46,30.0,12.0,9.266004781238735e-06,1.3466007658280432e-05,4.657645245500375,0.0,0.13354320856856017,0.2207196878363663,0.2384608534886603,0.17472366592187472,17.111861968622993,0.4073869331885132,0.25
gamma,systematic,46,60.0,24.0,1.6810998204164207e-05,2.257103187730536e-05,4.399541205763019,0.0,0.05953023599192131,0.11512925131473406,0.13209048118099298,0.1482055943530548,15.013337544712446,0.3670118707726519,0.5
gamma,systematic,46,90.0,36.0,2.561599831096828e-05,3.2169024052564055e-05,4.019893939996385,0.0,0.0,0.03175100348441939,0.05791725901253064,0.05624881945256466,9.953914098491303,0.2815022444841815,0.75
gamma,systematic,46,120.0,48.0,3.248800931032747e-05,4.2429004679434e-05,3.646711741558565,0.0,0.0,0.0,0.0,0.0,2.8371869649381667,0.10955028433078495,1.0
gamma,systematic,47,15.0,6.0,4.174995410721749e-06,6.643007509410381e-06,4.346850188371753,0.5024536334235363,0.4652499945826213,0.568457640411311,0.6162390370655656,0.6426597142763597,24.447732525036326,0.521618708516835,0.125
gamma,systematic,47,30.0,12.0,1.0276009561493993e-05,1.3856988516636193e-05,4.182990005694815,0.5024536334235363,0.4652499945826213,0.44652042967149486,0.510690317516807,0.5487709182623621,23.32234959452215,0.49726187453498977,0.25
gamma,systematic,47,60.0,24.0,1.9353996322024614e-05,2.423499245196581e-05,3.970911357515161,0.5024536334235363,0.4652499945826213,0.44652042967149486,0.4475729196628365,0.4268326185580512,22.105065738718707,0.37537529760182875,0.5
gamma,systematic,47,90.0,36.0,2.7750989829655737e-05,3.957199805881828e-05,3.7767943981575414,0.5024536334235363,0.4652499945826213,0.44652042967149486,0.3189893381044545,1.1102230246251565e-16,21.889776470061324,0.3312648833846223,0.75
gamma,systematic,47,120.0,48.0,3.572399145923555e-05,4.9630987632554024e-05,3.471811587910224,0.0,0.0,0.0,0.0,0.0,2.7580194514557492,0.15087995675338822,1.0
gamma,systematic,48,15.0,6.0,4.256995453033596e-06,6.573005521204323e-06,4.38406182792188,0.9877829090528997,0.5054915776779287,0.5476460198994608,0.541342400709372,0.3399883299009756,18.368185432323155,0.491025333549156,0.125
gamma,systematic,48,30.0,12.0,9.466995834372938e-06,1.369600067846477e-05,4.191879810270951,0.04589640525670624,0.3728112660714633,0.4476347339075646,0.24400308920066938,0.33306084878101394,17.40606987770616,0.39360778604207436,0.25
gamma,systematic,48,60.0,24.0,1.8801998521666974e-05,2.620898885652423e-05,3.9874860729245056,0.04589640525670624,0.3654436793682285,0.1814020049477787,0.3140745126642924,0.25088605525056284,14.721740265325035,0.34281264005356576,0.5
gamma,systematic,48,90.0,36.0,2.6426998374518007e-05,3.6116980481892824e-05,3.7682445546980268,0.04589640525670624,0.0,0.07183516478937213,0.0,0.05642502818741457,10.137137805132072,0.26616724384844137,0.75
gamma,systematic,48,120.0,48.0,3.5863973607774824e-05,4.977896605851129e-05,3.5866191654988335,0.04589640525670624,0.0,0.0,0.0,0.0,4.032427634528421,0.15122497289911155,1.0
gamma,systematic,49,15.0,6.0,4.0289960452355444e-06,6.561996997334063e-06,4.30111940961706,0.6166870852141327,0.6612754540509851,0.600118376221713,0.18489620127207929,0.1902372707479758,20.097874133535377,0.5007119438624742,0.125
gamma,systematic,49,30.0,12.0,9.616989700589329e-06,1.2342992704361677e-05,4.190460259387987,0.6166870852141327,0.5902556406849431,0.15182926018950416,0.17334345296965437,0.15766371967184278,19.808956568583984,0.47317011084184846,0.25
gamma,systematic,49,60.0,24.0,1.7048994777724147e-05,2.2309985070023686e-05,3.926004222765082,0.0,0.10135698191967568,0.15182926018950416,0.17334345296965437,0.15766371967184278,10.647898986521577,0.4044698595937078,0.5
gamma,systematic,49,90.0,36.0,2.525098534533754e-05,3.214699972886592e-05,3.65711627322287,0.0,0.10135698191967568,0.15182926018950416,-2.220446049250313e-16,0.06353124796631537,9.075878665937212,0.3028165042570434,0.75
gamma,systematic,49,120.0,48.0,3.409598139114678e-05,4.563899710774422e-05,3.403464804180859,0.0,0.0,0.0,0.0,0.0,2.4514285915199516,0.1434306953891326,1.0
gamma,random,0,15.0,4.0,3.964000643463805e-05,7.032991561572999e-06,4.598375810757884,0.3880546075085325,0.26483979092240484,0.36796315511878686,0.46340531172091115,0.36295574747702664,23.575797540255312,0.4483925472652786,0.08333333333333333
gamma,random,0,30.0,4.0,3.964000643463805e-05,7.032991561572999e-06,4.598375810757884,0.3880546075085325,0.26483979092240484,0.36796315511878686,0.46340531172091115,0.36295574747702664,23.575797540255312,0.4483925472652786,0.08333333333333333
gamma,random,0,60.0,6.0,6.753900379408151e-05,1.3693985238205642e-05,4.478964357236218,0.3880546075085325,0.3940098095944242,0.28705582153842635,0.36300557493282937,0.44077111942790814,22.7550724654716,0.43888892988407396,0.125
gamma,random,0,90.0,9.0,9.902399324346334e-05,1.9594983314163983e-05,4.37566398215468,0.3880546075085325,0.27274060249432974,0.2928119573029997,0.22979695439115677,0.3002266374446406,21.831908921991083,0.4345043374652865,0.1875
gamma,random,0,120.0,14.0,0.00012742399121634662,2.6215995603706688e-05,4.307026658722061,0.3880546075085325,0.27274060249432974,0.2928119573029997,0.22979695439115677,0.3002266374446406,21.794727035279127,0.41432297794549516,0.25
gamma,random,1,15.0,1.0,3.352999920025468e-05,4.807996447198093e-06,4.424771734680193,0.8958156177341899,0.34440192464414654,0.5125417201145553,0.5873037398619354,0.5294179735265455,16.928968250081773,0.4945779772942182,0.020833333333333332
gamma,random,1,30.0,2.0,9.023999882629141e-05,1.198099198518321e-05,4.3691642967015945,0.8958156177341899,0.34440192464414654,0.5125417201145553,0.5873037398619354,0.5294179735265455,16.895950241243607,0.4895312671850141,0.041666666666666664
gamma,random,1,60.0,4.0,0.00012403100117808208,1.802098995540291e-05,4.25442088885471,0.3157601833006184,0.5318812729945592,0.24046587076736314,0.3876762775444066,0.4329658644537443,15.32780591661374,0.47010673276544485,0.08333333333333333
gamma,random,1,90.0,8.0,0.00014827300037723035,2.3380998754873872e-05,4.1148939636174156,0.32960671973499645,0.1957005863814153,0.3804480701851527,0.17818146898390774,0.24775819608391492,14.311569729957611,0.44449839479083664,0.16666666666666666
gamma,random,1,120.0,12.0,0.00018507902132114395,3.0822993721812963e-05,4.115070475483926,0.32960671973499645,0.1957005863814153,0.3804480701851527,0.17818146898390774,0.24775819608391492,14.311152252845114,0.4438197578250256,0.20833333333333334
gamma,random,2,15.0,3.0,3.245698462706059e-05,5.8200021157972515e-06,4.327669510613774,0.18611647227547767,0.38762293144000004,0.3921593354992433,0.4231801043723097,0.4117029122081449,15.718550740667578,0.4833693897704025,0.0625
gamma,random,2,30.0,6.0,6.934297562111169e-05,9.837000106927007e-06,4.292305536620585,0.18611647227547767,0.38762293144000004,0.3921593354992433,0.4231801043723097,0.4117029122081449,15.64240325055197,0.4719168073363155,0.10416666666666667
gamma,random,2,60.0,8.0,8.692296978551894e-05,1.3764001778326929e-05,4.2467921446353225,0.18611647227547767,0.38762293144000004,0.3921593354992433,0.4231801043723097,0.4117029122081449,15.614971080008946,0.4667823042118984,0.125
gamma,random,2,90.0,9.0,9.477696585236117e-05,1.5898003766778857e-05,4.2516360634888155,0.18611647227547767,0.38762293144000004,0.3921593354992433,0.4231801043723097,0.4117029122081449,15.614071153009156,0.4663286806747913,0.14583333333333334
gamma,random,2,120.0,19.0,0.00012882796727353707,2.2682004782836884e-05,4.025044317242968,0.0,0.004212361697546463,0.19729555912755892,0.19312025616187356,0.22932872437444884,12.09723669825962,0.4275168230447903,0.3333333333333333
gamma,random,3,15.0,4.0,3.123399801552296e-05,7.572001777589321e-06,4.392938619934346,0.9178758398619391,0.8379429866712848,0.8271626577788239,0.7227105445641245,0.6648679875022623,27.673958171591448,0.4604620113374167,0.08333333333333333
gamma,random,3,30.0,5.0,3.593300061766058e-05,8.823997632134706e-06,4.3544358393889775,0.9178758398619391,0.8379429866712848,0.8271626577788239,0.7227105445641245,0.7113579258931502,27.62711181186394,0.459977005253755,0.10416666666666667
gamma,random,3,60.0,7.0,4.6301000111270696e-05,1.1498996173031628e-05,4.320730543242775,0.9178758398619391,0.8379429866712848,0.8271626577788239,0.7227105445641245,0.7113579258931502,27.586244783632694,0.4492509736308503,0.14583333333333334
gamma,random,3,90.0,8.0,5.609799700323492e-05,1.3562996173277497e-05,4.303548827477916,0.9178758398619391,0.8379429866712848,0.8271626577788239,0.7227105445641245,0.7113579258931502,27.57423338510722,0.44701028327596354,0.16666666666666666
gamma,random,3,120.0,20.0,9.807199967326596e-05,2.318999031558633e-05,4.064485239685172,0.0,0.0233991953217898,0.10188528470008873,0.17260154784516824,0.2287668308443307,9.372550846223536,0.403589819673633,0.3958333333333333
gamma,random,4,15.0,1.0,2.071699418593198e-05,4.218003596179187e-06,4.710155463372777,0.8881205557736771,0.5986201219437213,0.5946486710245945,0.2050272389560156,0.15933988380202313,25.782685249756934,0.49487215963408815,0.020833333333333332
gamma,random,4,30.0,2.0,3.895999543601647e-05,7.624010322615504e-06,4.647103704127732,0.8881205557736771,0.5986201219437213,0.5946486710245945,0.2050272389560156,0.15933988380202313,25.66104769020033,0.4896247546771517,0.041666666666666664
gamma,random,4,60.0,6.0,6.952399417059496e-05,1.456601603422314e-05,4.608939715783978,0.8881205557736771,0.5986201219437213,0.5946486710245945,0.2050272389560156,0.15933988380202313,25.605651410725194,0.4646429615963939,0.125
gamma,random,4,90.0,10.0,9.84840007731691e-05,2.1527019271161407e-05,4.587438648143098,0.8881205557736771,0.5986201219437213,0.5946486710245945,0.2050272389560156,0.15933988380202313,25.58618999979776,0.46007520562958404,0.1875
gamma,random,4,120.0,13.0,0.00011748800170607865,2.629501250339672e-05,4.533991225806475,0.8881205557736771,0.5986201219437213,0.5946486710245945,0.2050272389560156,0.15933988380202313,25.55823078873045,0.45263134966405927,0.25
gamma,random,5,15.0,2.0,2.315099845873192e-05,5.0289963837713e-06,4.71362798285428,0.36419771529873424,0.5424715762030702,0.5669270764736423,0.5851414183139958,0.619388827835061,20.158683999065474,0.49581779294755196,0.041666666666666664
gamma,random,5,30.0,6.0,3.9389997255057096e-05,9.036994015332311e-06,4.622376493958124,0.36419771529873424,0.5424715762030702,0.5669270764736423,0.5851414183139958,0.619388827835061,19.06271898108739,0.47020438544310766,0.125
gamma,random,5,60.0,9.0,8.33080048323609e-05,1.5758989320602268e-05,4.529257792120766,0.0,0.03383796553379326,0.2429615851632687,0.3237544934755202,0.33073032400059243,16.863275775697403,0.4612670890436797,0.1875
gamma,random,5,90.0,11.0,9.959701128536835e-05,1.9625993445515633e-05,4.483745009250284,0.0,0.03383796553379326,0.2429615851632687,0.3237544934755202,0.33073032400059243,16.863542904257567,0.46125748462222893,0.20833333333333334
gamma,random,5,120.0,27.0,0.00015407403407152742,2.993399539263919e-05,4.240880878513918,0.0,0.03383796553379326,0.2429615851632687,0.330296352146775,0.3921058443863612,16.263057520529344,0.42979827562392103,0.4583333333333333
gamma,random,6,15.0,2.0,3.139500040560961e-05,5.479007086250931e-06,4.647895211519441,0.5472048049633688,0.6443823256212549,0.6036703495403257,0.42953740320905387,0.4317694395211569,26.538974612804385,0.48905075580100105,0.041666666666666664
gamma,random,6,30.0,3.0,4.880600317846984e-05,8.545008313376456e-06,4.602041718216513,0.5472048049633688,0.6443823256212549,0.6036703495403257,0.42953740320905387,0.4317694395211569,26.527472192958296,0.48799543660708705,0.0625
gamma,random,6,60.0,5.0,5.6599994422867894e-05,1.039801281876862e-05,4.524248859178383,0.48532440102963503,0.361268647448565,0.46463194466575974,0.42953740320905387,0.4317694395211569,25.32231330326324,0.4840933404573933,0.10416666666666667
gamma,random,6,90.0,7.0,6.402399594662711e-05,1.2282005627639592e-05,4.487304553398393,0.48532440102963503,0.361268647448565,0.46463194466575974,0.42953740320905387,0.4317694395211569,25.287366948077064,0.4786934405913045,0.14583333333333334
gamma,random,6,120.0,17.0,9.097200381802395e-05,1.7859994841273874e-05,4.449043699618165,0.48532440102963503,0.361268647448565,0.46463194466575974,0.42953740320905387,0.4317694395211569,24.85373614791097,0.45948839685348347,0.2916666666666667
gamma,random,7,15.0,1.0,2.5305002054665238e-05,5.920999683439732e-06,4.323839144707919,0.3390229682959782,0.5157083441032027,0.6122924122691134,0.6596936461683616,0.4737982029481177,12.666929534139765,0.49760646470189446,0.020833333333333332
gamma,random,7,30.0,2.0,5.605000478681177e-05,1.106999843614176e-05,4.299421838953697,0.3390229682959782,0.5157083441032027,0.6122924122691134,0.6596936461683616,0.4737982029481177,12.628507815751966,0.48381168325326307,0.041666666666666664
gamma,random,7,60.0,8.0,9.239400969818234e-05,1.8723992980085313e-05,4.205232007693941,0.3390229682959782,0.5157083441032027,0.6122924122691134,0.6596936461683616,0.4737982029481177,11.396882936393318,0.43186526050931595,0.16666666666666666
gamma,random,7,90.0,10.0,0.00011256001016590744,2.3572996724396944e-05,4.135125332465908,0.3390229682959782,0.5157083441032027,0.6395296199329057,0.42498586039189523,0.294188330463938,9.648184524995633,0.41162054904175466,0.20833333333333334
gamma,random,7,120.0,13.0,0.00013824601046508178,3.0004994187038392e-05,4.134368798741066,0.3390229682959782,0.5157083441032027,0.6395296199329057,0.42498586039189523,0.294188330463938,9.65109388203404,0.41170581962861685,0.25
gamma,random,8,15.0,6.0,5.183200119063258e-05,1.0960015060845762e-05,4.676157240254002,0.5076622768479593,0.3847866202128978,0.2732392429790268,0.3520173379332512,0.4137033946818024,31.093770150861964,0.47187297812167384,0.10416666666666667
gamma,random,8,30.0,6.0,5.183200119063258e-05,1.0960015060845762e-05,4.676157240254002,0.5076622768479593,0.3847866202128978,0.2732392429790268,0.3520173379332512,0.4137033946818024,31.093770150861964,0.47187297812167384,0.10416666666666667
gamma,random,8,60.0,9.0,8.254500426119193e-05,1.7161015421152115e-05,4.646010252776662,0.5076622768479593,0.3847866202128978,0.2732392429790268,0.3520173379332512,0.4137033946818024,31.015020432320597,0.4442367804847225,0.16666666666666666
gamma,random,8,90.0,15.0,0.00011201699817320332,2.4735003535170108e-05,4.536764541305954,0.5076622768479593,0.3847866202128978,0.2732392429790268,0.3520173379332512,0.4137033946818024,30.968943059693753,0.440206032932288,0.25
gamma,random,8,120.0,27.0,0.0001596690053702332,3.4841999877244234e-05,4.228254850429116,0.0,0.023523417381604905,0.09122122516744258,0.0746700860544991,0.0,13.26009932340982,0.38013477438073046,0.4583333333333333
gamma,random,9,15.0,3.0,3.944899799535051e-05,7.984010153450072e-06,4.453863617242532,0.7828871901018849,0.7402040479096816,0.7025003051096108,0.6768391064950632,0.43054642755100214,15.333498953218257,0.4245168610752288,0.0625
gamma,random,9,30.0,4.0,5.0387992814648896e-05,1.2041011359542608e-05,4.409569192943131,0.4620471371065029,0.6196606664072537,0.5823902895039359,0.5697023322805408,0.5609662252517942,15.240261928240159,0.4241969515857038,0.08333333333333333
gamma,random,9,60.0,6.0,6.348099850583822e-05,1.587800943525508e-05,4.369153980012447,0.4620471371065029,0.6196606664072537,0.5823902895039359,0.5697023322805408,0.5609662252517942,15.206500741533365,0.41187831137839603,0.125
gamma,random,9,90.0,7.0,8.300499757751822e-05,2.130700886482373e-05,4.329816465287286,0.4620471371065029,0.5785914937394392,0.5753440399196608,0.5697023322805408,0.33699646584233833,14.97181098311895,0.4099139412290677,0.14583333333333334
gamma,random,9,120.0,25.0,0.00015225099923554808,3.568100510165095e-05,4.1388035064343764,0.0,0.22530716459758116,0.2721141558697009,0.30827609407145184,0.3326933959324172,12.249027714753236,0.32670527155451723,0.4583333333333333
gamma,random,10,15.0,2.0,4.004099901067093e-05,8.244991477113217e-06,4.787072234667139,0.8229288106523276,0.7021612526372687,0.7432019913519124,0.23082365568261964,0.23553325502971678,23.870328561612794,0.5584309250945798,0.041666666666666664
gamma,random,10,30.0,2.0,4.004099901067093e-05,8.244991477113217e-06,4.787072234667139,0.8229288106523276,0.7021612526372687,0.7432019913519124,0.23082365568261964,0.23553325502971678,23.870328561612794,0.5584309250945798,0.041666666666666664
gamma,random,10,60.0,6.0,6.76909985486418e-05,1.4825985999777913e-05,4.738061137381236,0.8229288106523276,0.7021612526372687,0.7432019913519124,0.23082365568261964,0.23553325502971678,23.791912402170265,0.5369972125120469,0.10416666666666667
gamma,random,10,90.0,8.0,8.918899402488023e-05,2.0475992641877383e-05,4.698368101718148,0.8229288106523276,0.7021612526372687,0.7432019913519124,0.23082365568261964,0.23553325502971678,23.765853850553594,0.5241715353767158,0.125
gamma,random,10,120.0,16.0,0.00012877797416877002,2.949198824353516e-05,4.6071632635176165,0.7060684196497897,0.645661801886628,0.5750110751636822,0.6141382093719546,0.15951773246694545,23.447202874526468,0.4973031743871969,0.2708333333333333
gamma,random,11,15.0,2.0,1.8492995877750218e-05,4.538000212050974e-06,4.8216838702407365,0.0,0.027257968828325874,0.08316854952861696,0.22035934023799553,0.3118520768348306,19.395647592798586,0.44045653818111685,0.041666666666666664
gamma,random,11,30.0,3.0,2.416298957541585e-05,5.881003744434565e-06,4.811944966651673,0.0,0.027257968828325874,0.08316854952861696,0.22035934023799553,0.3118520768348306,19.393609897037436,0.4402829098594086,0.0625
gamma,random,11,60.0,6.0,3.434099198784679e-05,8.33500234875828e-06,4.672886949594939,0.5980662694679628,0.24610302973629128,0.171501927374053,0.14924338295331951,0.24424492127414665,18.721303037980956,0.42025771751763286,0.125
gamma,random,11,90.0,9.0,4.447799437912181e-05,1.0699011909309775e-05,4.600547589854458,0.5980662694679628,0.24610302973629128,0.171501927374053,0.14924338295331951,0.24424492127414665,18.667158874879874,0.38329461383742375,0.1875
gamma,random,11,120.0,20.0,7.642400305485353e-05,1.7470010789111257e-05,4.379589470809113,0.0,0.027257968828325874,0.1410998050369896,0.19541434925882217,0.16415205804857547,14.444869542253507,0.361249186072724,0.3541666666666667
gamma,random,12,15.0,6.0,2.914098877226934e-05,6.983005732763559e-06,4.625465108797541,0.3532106491384581,0.19176393483552845,0.2986098062914738,0.2946417739819971,0.09968054931519943,14.06177574727817,0.4821104820594702,0.125
gamma,random,12,30.0,6.0,2.914098877226934e-05,6.983005732763559e-06,4.625465108797541,0.3532106491384581,0.19176393483552845,0.2986098062914738,0.2946417739819971,0.09968054931519943,14.06177574727817,0.4821104820594702,0.125
gamma,random,12,60.0,7.0,3.506099164951593e-05,8.977003744803369e-06,4.626161302545815,0.3532106491384581,0.19176393483552845,0.2986098062914738,0.2946417739819971,0.09968054931519943,14.06174397002438,0.48210696151123045,0.125
gamma,random,12,90.0,11.0,4.9506998038850725e-05,1.2353004422038794e-05,4.563457856446758,0.3532106491384581,0.19176393483552845,0.2986098062914738,0.2946417739819971,0.09968054931519943,13.77042543783533,0.46945978353995127,0.20833333333333334
gamma,random,12,120.0,32.0,0.0001265700120711699,2.950398629764095e-05,4.471827224283381,0.3532106491384581,0.19176393483552845,0.2986098062914738,0.2946417739819971,0.09968054931519943,13.216769510938331,0.36316356246963855,0.5416666666666666
gamma,random,13,15.0,1.0,1.4967001334298402e-05,4.2570027289912105e-06,4.837928394171063,0.6044686004334172,0.6944016781014732,0.7374304296010593,0.2843976663557948,0.26014184152191633,25.48309298357345,0.5096783432727603,0.020833333333333332
gamma,random,13,30.0,4.0,2.5927001843228936e-05,7.332011591643095e-06,4.83092453940094,0.6044686004334172,0.6944016781014732,0.7374304296010593,0.2843976663557948,0.26014184152191633,25.48267239122817,0.5092155758352953,0.0625
gamma,random,13,60.0,6.0,5.01000031363219e-05,1.219001569552347e-05,4.7287720293457625,0.6044686004334172,0.6944016781014732,0.7374304296010593,0.2843976663557948,0.26014184152191633,25.4117990274897,0.5065989701627929,0.10416666666666667
gamma,random,13,90.0,13.0,7.659700349904597e-05,1.7729013052303344e-05,4.542073910050719,0.8038167363919759,0.5759933002164059,0.6425758701101982,0.2032621059357933,0.18771270640775828,24.64304068461118,0.44496577456611586,0.22916666666666666
gamma,random,13,120.0,23.0,0.00010941500659100711,2.453200431773439e-05,4.3196020788194565,0.0,0.0,0.029832824821793724,0.07382229548606101,0.06800433387718441,13.965455164822439,0.3787320494539205,0.4166666666666667
gamma,random,14,15.0,4.0,2.9751005058642477e-05,6.299989763647318e-06,4.547329731268266,0.9502657140342772,0.8810594550887464,0.8723186223754404,0.8529917466099652,0.807913456312542,31.009720466315176,0.49910069132750257,0.08333333333333333
gamma,random,14,30.0,5.0,5.275200237520039e-05,1.0817988368216902e-05,4.519368051058405,0.9502657140342772,0.8810594550887464,0.8723186223754404,0.8529917466099652,0.807913456312542,30.96579535230181,0.4801294359663057,0.10416666666666667
gamma,random,14,60.0,10.0,8.718402386875823e-05,1.9130995497107506e-05,4.397541860833663,0.9502657140342772,0.8810594550887464,0.8723186223754404,0.8529917466099652,0.807913456312542,30.606349858070907,0.4602150860477042,0.1875
gamma,random,14,90.0,13.0,0.00011900102254003286,2.6353998691774905e-05,4.378438998665435,0.9502657140342772,0.8810594550887464,0.8723186223754404,0.8529917466099652,0.807913456312542,30.604451553737327,0.45645621402586456,0.22916666666666666
gamma,random,14,120.0,24.0,0.00017041303362930194,3.715398634085432e-05,4.139084659892672,0.19059798033133135,0.5251821893115198,0.4971755921757973,0.5231660856509595,0.5007479915781012,23.23458138217921,0.387656159111718,0.3958333333333333
gamma,random,15,15.0,2.0,5.034000059822574e-05,8.996998076327145e-06,4.7400168760157655,0.0,0.3141320700585686,0.15706129356223852,0.20526449018593362,0.18137484966550232,26.693614536362862,0.48031913546775723,0.041666666666666664
gamma,random,15,30.0,5.0,7.552500755991787e-05,1.557800715090707e-05,4.720762317160889,0.0,0.3141320700585686,0.15706129356223852,0.20526449018593362,0.18137484966550232,26.692770139462,0.47776374656061554,0.08333333333333333
gamma,random,15,60.0,7.0,9.395900997333229e-05,2.0668012439273298e-05,4.6738528263121095,0.0,0.3141320700585686,0.15706129356223852,0.20526449018593362,0.18137484966550232,26.664007955814526,0.4728256699517823,0.125
gamma,random,15,90.0,10.0,0.00011424501280998811,2.5466018996667117e-05,4.638966995490567,0.0,0.3141320700585686,0.15706129356223852,0.20526449018593362,0.18137484966550232,26.64455369504019,0.4643657538507673,0.1875
gamma,random,15,120.0,20.0,0.00018732402531895787,3.9871032640803605e-05,4.483569073951171,0.44142346115255426,0.4027821900650064,-2.220446049250313e-16,0.07093803546696453,0.06268193542259592,24.464480698461873,0.4301172909100164,0.375
gamma,random,16,15.0,3.0,2.6817993784788996e-05,6.230999133549631e-06,4.581231406486874,0.8648195763362123,0.2644309504667609,0.3490958670497687,0.4565807076665718,0.5137986346577782,15.514287085900772,0.5569968784286619,0.0625
gamma,random,16,30.0,3.0,2.6817993784788996e-05,6.230999133549631e-06,4.581231406486874,0.8648195763362123,0.2644309504667609,0.3490958670497687,0.4565807076665718,0.5137986346577782,15.514287085900772,0.5569968784286619,0.0625
gamma,random,16,60.0,4.0,5.519799015019089e-05,1.2270997103769332e-05,4.541255861965625,0.8648195763362123,0.2644309504667609,0.3490958670497687,0.4565807076665718,0.5137986346577782,15.348020561227623,0.5560602969522904,0.08333333333333333
gamma,random,16,90.0,6.0,7.92099890531972e-05,1.7831000150181353e-05,4.493135734777856,0.8648195763362123,0.2644309504667609,0.3490958670497687,0.4565807076665718,0.5137986346577782,15.335473064301963,0.5537883204442748,0.125
gamma,random,16,120.0,16.0,0.00014931699843145907,3.211701550753787e-05,4.3062307362353325,0.8648195763362123,0.2644309504667609,0.42561784822448434,0.3750024165623903,0.2617135221363608,13.50747360093412,0.5127175124177362,0.3125
gamma,random,17,15.0,2.0,3.0455004889518023e-05,6.631002179346979e-06,4.3564728389177185,0.7714186086903487,0.4442939285414296,0.43376430171803615,0.4137410341833875,0.3040545767726637,13.148899377272821,0.43830541174968773,0.041666666666666664
gamma,random,17,30.0,2.0,3.0455004889518023e-05,6.631002179346979e-06,4.3564728389177185,0.7714186086903487,0.4442939285414296,0.43376430171803615,0.4137410341833875,0.3040545767726637,13.148899377272821,0.43830541174968773,0.041666666666666664
gamma,random,17,60.0,4.0,6.031800148775801e-05,1.2951997632626444e-05,4.334958203343671,0.7714186086903487,0.4442939285414296,0.43376430171803615,0.4137410341833875,0.3040545767726637,13.111755891514742,0.4340482005141414,0.0625
gamma,random,17,90.0,9.0,9.163301001535729e-05,1.969399454537779e-05,4.227790964495489,0.7714186086903487,0.4442939285414296,0.43376430171803615,0.4137410341833875,0.3040545767726637,13.009868537486398,0.41624962624676126,0.16666666666666666
gamma,random,17,120.0,21.0,0.00013827400107402354,3.0132003303151578e-05,4.058797052616206,0.396491032683274,0.22835663614774315,0.2745316097601078,0.08448608385142298,0.16469079530078956,11.867674335190955,0.3799997989842443,0.3541666666666667
gamma,random,18,15.0,6.0,3.77670003217645e-05,7.962989911902696e-06,4.3366872759086705,0.8345230237828086,0.12074804033399489,0.25392189108218133,0.15725971770037528,0.21072896122673435,23.94623297165638,0.5050938013696181,0.10416666666666667
gamma,random,18,30.0,9.0,4.842600174015388e-05,1.0575982742011547e-05,4.244149919409717,0.8345230237828086,0.12074804033399489,0.25392189108218133,0.15725971770037528,0.21072896122673435,23.636918162821516,0.49331238734707605,0.16666666666666666
gamma,random,18,60.0,10.0,5.2843999583274126e-05,1.1757983884308487e-05,4.22193374242278,0.8345230237828086,0.12074804033399489,0.25392189108218133,0.15725971770037528,0.21072896122673435,23.616446036748762,0.47954578798339204,0.1875
gamma,random,18,90.0,17.0,7.32789994799532e-05,1.686798350419849e-05,4.047216602589052,0.0,0.12074804033399489,0.25392189108218133,0.15725971770037528,0.21072896122673435,11.368537499751076,0.44545609850684714,0.3125
gamma,random,18,120.0,22.0,8.730398985790089e-05,1.9893981516361237e-05,3.9388141253543583,0.0,0.0,0.06373474007818047,0.14790925713886882,0.14992298976810847,10.018839524001349,0.4227152598773007,0.3958333333333333
gamma,random,19,15.0,4.0,2.7469999622553587e-05,6.009009666740894e-06,4.415255368688069,0.5324082825649818,0.593302107818507,0.5350491251438394,0.24449767167354675,0.3217633476651116,15.155395100203524,0.40713544803402013,0.08333333333333333
gamma,random,19,30.0,5.0,3.302899858681485e-05,7.903006917331368e-06,4.373739560209943,0.5324082825649818,0.593302107818507,0.5350491251438394,0.24449767167354675,0.3217633476651116,15.155068510550839,0.4071175640499603,0.10416666666666667
gamma,random,19,60.0,9.0,4.5680993935093284e-05,1.1139010894112289e-05,4.309988061833998,0.5324082825649818,0.593302107818507,0.5350491251438394,0.24449767167354675,0.3217633476651116,15.048301981616488,0.3852105172952477,0.1875
gamma,random,19,90.0,14.0,6.085799395805225e-05,1.6007019439712167e-05,4.182733075933974,0.2773129309229836,0.30905687522820746,0.3605680766772402,0.3474550115451831,0.1155094518112576,12.935112571744309,0.3622722846188806,0.2708333333333333
gamma,random,19,120.0,17.0,6.988298991927877e-05,1.801102189347148e-05,4.120694975650498,0.2773129309229836,0.30905687522820746,0.3150619483881798,0.06270064526614672,0.16470556741006137,12.486894467459557,0.3581450505055292,0.3333333333333333
gamma,random,20,15.0,6.0,3.074400592595339e-05,6.102003681007773e-06,4.976080288588268,0.9464385903995702,0.9482432323675739,0.9029888501688861,0.8211721874342244,0.7216219196427679,25.04040403138206,0.46046915590578935,0.125
gamma,random,20,30.0,9.0,4.1393002902623266e-05,8.457005606032908e-06,4.916987024362713,0.9464385903995702,0.9482432323675739,0.9029888501688861,0.8211721874342244,0.7216219196427679,25.034827088378137,0.4512088324966572,0.1875
gamma,random,20,60.0,12.0,5.115000385558233e-05,1.055101165547967e-05,4.826229189286078,0.9464385903995702,0.9482432323675739,0.9029888501688861,0.8211721874342244,0.7216219196427679,25.006268763193688,0.4339762300591576,0.25
gamma,random,20,90.0,16.0,6.351200136123225e-05,1.3267010217532516e-05,4.649325248756827,0.9464385903995702,0.9482432323675739,0.9029888501688861,0.8211721874342244,0.7216219196427679,24.931706455835805,0.4186712316657277,0.3125
gamma,random,20,120.0,20.0,7.574300252599642e-05,1.5722012904006988e-05,4.607858362286846,0.9464385903995702,0.9482432323675739,0.9029888501688861,0.8211721874342244,0.7216219196427679,24.833131490841392,0.40000697952817565,0.3958333333333333
gamma,random,21,15.0,4.0,2.641698665684089e-05,8.19400156615302e-06,4.393118772431258,0.8844659370492916,0.8981559512969939,0.9101161674320898,0.8374293873877529,0.5795862151472508,16.48879600317473,0.5153645884868746,0.0625
gamma,random,21,30.0,6.0,3.496198769425973e-05,1.0158008080907166e-05,4.356551072030208,0.8844659370492916,0.8981559512969939,0.9101161674320898,0.8374293873877529,0.5795862151472508,16.463100320852508,0.5114583982667381,0.10416666666666667
gamma,random,21,60.0,14.0,5.671098915627226e-05,1.4614990504924208e-05,4.243847249885433,0.8844659370492916,0.8981559512969939,0.9101161674320898,0.6299030004481583,0.6400952499335006,16.104460540116584,0.47839787448043747,0.25
gamma,random,21,90.0,18.0,7.013299182290211e-05,1.8260994693264365e-05,4.057206067787837,0.0,0.36336299825023166,0.4528825223677696,0.24453883025124523,0.2855140514015341,11.077587677160773,0.3990335534539466,0.3333333333333333
gamma,random,21,120.0,27.0,9.896300616674125e-05,2.3239983420353383e-05,3.932548415828812,0.0,0.36336299825023166,0.4528825223677696,0.24453883025124523,0.1602578009958564,9.60052139742233,0.3557497681444466,0.4375
gamma,random,22,15.0,5.0,4.032200376968831e-05,7.611990440636873e-06,4.8524949796571475,0.0,0.3984511993580496,0.3355847841772668,0.18350273486299162,0.19929758898678906,23.00814967120117,0.4945876985119743,0.10416666666666667
gamma,random,22,30.0,7.0,6.211000436451286e-05,1.215999509440735e-05,4.7854135099440205,0.0,0.2720420451976321,0.42851128962181073,0.35520120375774356,0.19929758898678918,22.923279746130827,0.4748817230670305,0.14583333333333334
gamma,random,22,60.0,12.0,9.302300895797089e-05,1.8149999959859997e-05,4.60666858571604,0.0,0.10770626952360018,0.2071353687820282,0.3285097609366384,0.2590752492591504,19.054417109167748,0.41927285318625007,0.25
gamma,random,22,90.0,17.0,0.00011420200462453067,2.346000837860629e-05,4.439688044625476,0.0,0.10770626952360018,0.2071353687820282,0.3285097609366384,0.2590752492591504,18.84608083838035,0.40991092864517964,0.3125
gamma,random,22,120.0,27.0,0.0001644209842197597,3.474099503364414e-05,4.12798867018595,0.0,0.0,0.0,0.033892364410444964,0.06773596203004117,10.219582908305135,0.3481848246114501,0.5
gamma,random,23,15.0,3.0,3.3037998946383595e-05,7.194001227617264e-06,4.430210544360089,0.9566111728764598,0.8023752856410141,0.4694468774566203,0.5186726838250428,0.5425094931576564,17.453559002337883,0.5415881394905735,0.0625
gamma,random,23,30.0,8.0,7.109701255103573e-05,1.614000939298421e-05,4.229694024007205,0.9566111728764598,0.5367379396312446,0.5935833358885516,0.6179558746896481,0.6436534256457864,16.756845643702288,0.5133186601651553,0.16666666666666666
gamma,random,23,60.0,9.0,9.472901001572609e-05,2.104800660163164e-05,4.193856839696408,0.9566111728764598,0.5367379396312446,0.5935833358885516,0.6179558746896481,0.6436534256457864,16.668747093046825,0.48794664632264123,0.1875
gamma,random,23,90.0,12.0,0.00011841100786114112,2.631800452945754e-05,4.119669973406858,0.9566111728764598,0.5367379396312446,0.5935833358885516,0.6179558746896481,0.2882756706727141,15.870288984364109,0.4655849378126734,0.25
gamma,random,23,120.0,22.0,0.0001568580191815272,3.488402580842376e-05,4.081829456360964,0.2177314062544543,0.5367379396312446,0.5830693015188663,0.22704680849081016,0.26847254534066334,14.970936659134754,0.4390380184939075,0.3333333333333333
gamma,random,24,15.0,2.0,2.7238995244260877e-05,6.7020009737461805e-06,4.949561887759985,0.0,0.4695559590803996,0.4003186392124358,0.4606984791063108,0.2823078009082278,41.273434970792636,0.5371822642719349,0.041666666666666664
gamma,random,24,30.0,4.0,4.7214998630806804e-05,1.1580006685107946e-05,4.916153139542167,0.0,0.4695559590803996,0.4003186392124358,0.4606984791063108,0.2823078009082278,41.27254304051694,0.5371373764247652,0.08333333333333333
gamma,random,24,60.0,11.0,8.911800250643864e-05,2.1508007193915546e-05,4.798325634319323,0.0,0.0,0.3130373060535997,0.2512233085053929,0.2823078009082278,35.623161222077194,0.515936549177728,0.22916666666666666
gamma,random,24,90.0,13.0,0.00011472300684545189,2.774901076918468e-05,4.774467145773695,0.0,0.0,0.3130373060535997,0.2512233085053929,0.2823078009082278,35.582225765761216,0.5159147931542523,0.22916666666666666
gamma,random,24,120.0,19.0,0.00014133100194158033,3.4589014830999076e-05,4.666315566220928,0.0,0.39152543297125164,0.2610169553141678,0.39065217835272015,0.2823078009082278,35.565262341788234,0.5019286140629832,0.2916666666666667
gamma,random,25,15.0,3.0,3.7024008634034544e-05,8.435003110207617e-06,4.339002519364639,0.6604708835041382,0.7275223825540933,0.7108113484347416,0.6964029615307428,0.6820729864600374,16.205238793284085,0.48899730668088254,0.0625
gamma,random,25,30.0,3.0,3.7024008634034544e-05,8.435003110207617e-06,4.339002519364639,0.6604708835041382,0.7275223825540933,0.7108113484347416,0.6964029615307428,0.6820729864600374,16.205238793284085,0.48899730668088254,0.0625
gamma,random,25,60.0,8.0,8.651300595374778e-05,2.035599754890427e-05,4.233037727624759,0.6604708835041382,0.7275223825540933,0.7108113484347416,0.7008370575452786,0.633379982510459,15.54500945935026,0.4811608492904126,0.14583333333333334
gamma,random,25,90.0,11.0,0.00011189799988642335,2.6166992029175162e-05,4.167270171861934,0.886352545141275,0.8559204857183406,0.8248188576969938,0.7414655304493438,0.7401607680420372,15.510347232865747,0.47998145017953264,0.1875
gamma,random,25,120.0,23.0,0.0001894560264190659,3.988300886703655e-05,4.086256000605071,0.0,0.32299083978516574,0.3822398488201506,0.35737286069109564,0.2862570588083866,11.220699180158112,0.4435659003666318,0.3333333333333333
gamma,random,26,15.0,5.0,3.291798202553764e-05,7.1219910751096904e-06,4.161355517719123,0.21721324376040618,0.543252107845096,0.47749088868596146,0.4962284817741952,0.5386476903754166,18.573519641665,0.5407825549633801,0.10416666666666667
gamma,random,26,30.0,8.0,7.53949789213948e-05,1.63999866344966e-05,4.083489998118567,0.21721324376040618,0.543252107845096,0.47749088868596146,0.4962284817741952,0.5386476903754166,18.54452783132292,0.5361703992285206,0.14583333333333334
gamma,random,26,60.0,12.0,0.00012814898218493909,2.678899181773886e-05,4.063382209823935,0.21721324376040618,0.543252107845096,0.47749088868596146,0.4962284817741952,0.5386476903754166,18.187034063589632,0.5190747387866647,0.22916666666666666
gamma,random,26,90.0,20.0,0.0001714249956421554,3.6884994187857956e-05,3.9404629135920515,0.21721324376040618,0.543252107845096,0.47749088868596146,0.4962284817741952,0.5386476903754166,18.031278286600692,0.48281671314718233,0.3333333333333333
gamma,random,26,120.0,34.0,0.0002439760064589791,5.114099622005597e-05,3.6533179099781976,0.21721324376040618,0.543252107845096,0.47749088868596146,0.4962284817741952,0.4502419875331207,14.96954337856649,0.36401163160597894,0.5625
gamma,random,27,15.0,1.0,2.4663997464813292e-05,5.269001121632755e-06,4.500985610244763,0.4524411584058592,0.0,0.1909392096951268,0.2179355242732507,0.26734818928304405,25.086139100527163,0.5132697265026951,0.020833333333333332
gamma,random,27,30.0,2.0,3.61339989467524e-05,9.016002877615392e-06,4.4518285169428085,0.4524411584058592,0.0,0.1909392096951268,0.2179355242732507,0.26734818928304405,25.078578729347832,0.5128539458277557,0.041666666666666664
gamma,random,27,60.0,7.0,6.0017002397216856e-05,1.5128003724385053e-05,4.344137017310904,0.7521155161024904,0.4860012400741648,0.11317315981138187,0.17011113128300737,0.18012207586682694,24.06613178472135,0.4765272039867235,0.14583333333333334
gamma,random,27,90.0,9.0,8.265699580078945e-05,2.0709005184471607e-05,4.261392854668153,0.7521155161024904,0.4860012400741648,0.11317315981138187,0.17011113128300737,0.18012207586682694,23.80798391611687,0.45640995593921013,0.1875
gamma,random,27,120.0,19.0,0.00014280497998697683,3.329901664983481e-05,4.254250938944829,0.7521155161024904,0.4860012400741648,0.11317315981138187,0.14865237000516085,0.20360590406354195,23.492965050873362,0.4368599141018119,0.2916666666666667
gamma,random,28,15.0,3.0,3.5193013900425285e-05,7.411996193695813e-06,4.832665082995889,0.9903824028844788,0.9872667777873515,0.9771167879699871,0.9243221524107937,0.7573463256664832,24.411508768351123,0.5668363212269318,0.0625
gamma,random,28,30.0,7.0,6.553800631081685e-05,1.4885990822222084e-05,4.804990036768051,0.9903824028844788,0.9872667777873515,0.9771167879699871,0.9243221524107937,0.7573463256664832,24.372455160647192,0.5540263693297264,0.125
gamma,random,28,60.0,11.0,8.789800631348044e-05,2.021499676629901e-05,4.696744314104755,0.9903824028844788,0.9872667777873515,0.9771167879699871,0.9243221524107937,0.7573463256664832,24.137034967107354,0.5413434167404182,0.20833333333333334
gamma,random,28,90.0,16.0,0.00011359201016603038,2.598400169517845e-05,4.6140552155080625,0.9903824028844788,0.9872667777873515,0.9771167879699871,0.9243221524107937,0.7573463256664832,24.063653060286256,0.536963791788994,0.2916666666666667
gamma,random,28,120.0,28.0,0.0001622900163056329,3.614099114201963e-05,4.387117373231166,0.4893694691092976,0.6556086234405223,0.7292453263124703,0.7216776587897349,0.5831072179667152,22.70311020868431,0.47268292816960467,0.4791666666666667
gamma,random,29,15.0,4.0,3.220699727535248e-05,7.613001798745245e-06,4.352289903111686,0.0,0.26563001306211265,0.2763913961070632,0.3297304204275867,0.3814760928450971,26.1550146247377,0.5005330962288835,0.08333333333333333
gamma,random,29,30.0,9.0,5.7650999224279076e-05,1.4385004760697484e-05,4.343638748411742,0.0,0.26563001306211265,0.2763913961070632,0.3297304204275867,0.3814760928450971,26.094798998742853,0.49020671069568794,0.16666666666666666
gamma,random,29,60.0,14.0,8.446699939668179e-05,2.0997002138756216e-05,4.286623818120846,0.0,0.26563001306211265,0.2763913961070632,0.3297304204275867,0.3814760928450971,26.01226037430348,0.45843825651470027,0.2708333333333333
gamma,random,29,90.0,17.0,0.00011205599730601534,2.694800787139684e-05,4.1485352109272,0.0,0.26563001306211265,0.2763913961070632,0.3297304204275867,0.3761579130054342,14.7879846874177,0.4208586529697051,0.3125
gamma,random,29,120.0,27.0,0.00017445700359530747,4.47389975306578e-05,4.040396434601225,0.0,0.22513399925854327,0.29788477494712373,0.25464462325888704,0.08671799925668555,13.737011121254813,0.36012867267103044,0.4583333333333333
gamma,random,30,15.0,4.0,3.125501098111272e-05,5.5299969972111285e-06,4.384983841463014,0.5167242443236204,0.6515907564905998,0.6471311609628296,0.6857784491582397,0.6667431898854645,14.751824395237914,0.4785512623578188,0.08333333333333333
gamma,random,30,30.0,5.0,4.918700869893655e-05,8.003997209016234e-06,4.372323543199647,0.5167242443236204,0.6515907564905998,0.6471311609628296,0.6857784491582397,0.6667431898854645,14.74097119027308,0.4768157692447353,0.10416666666666667
gamma,random,30,60.0,9.0,6.834000669186935e-05,1.1620999430306256e-05,4.297748028065232,0.5167242443236204,0.6515907564905998,0.6471311609628296,0.6857784491582397,0.6667431898854645,13.824833142250666,0.4412889516984189,0.1875
gamma,random,30,90.0,13.0,8.519000402884558e-05,1.539900404168293e-05,4.197867082865184,0.5167242443236204,0.6515907564905998,0.6471311609628296,0.6857784491582397,0.6667431898854645,13.677112868402745,0.4159375253415553,0.2708333333333333
gamma,random,30,120.0,28.0,0.00012474101094994694,2.2740983695257455e-05,4.090677261776797,0.0,0.023943279191712574,0.23638938922547903,0.290838903682588,0.32450849613287314,10.91301326274148,0.36268605974553947,0.4583333333333333
gamma,random,31,15.0,2.0,2.0956998923793435e-05,4.737994458992034e-06,4.709755451507504,0.8359415216158443,0.9004166533049189,0.9136094330025699,0.8974647713471677,0.8981659517176517,34.94400799388796,0.5357336944477326,0.041666666666666664
gamma,random,31,30.0,4.0,2.9472997994162142e-05,6.691996532026678e-06,4.681432872454669,0.8359415216158443,0.9004166533049189,0.9136094330025699,0.8974647713471677,0.8981659517176517,34.926848736039915,0.5289095293919741,0.08333333333333333
gamma,random,31,60.0,8.0,4.09640051657334e-05,9.367002348881215e-06,4.61715041953982,0.8359415216158443,0.9004166533049189,0.9136094330025699,0.8974647713471677,0.8981659517176517,34.889335756497,0.5133316085080735,0.14583333333333334
gamma,random,31,90.0,10.0,4.7567002184223384e-05,1.0869000107049942e-05,4.581188173708626,0.8359415216158443,0.9004166533049189,0.9136094330025699,0.8974647713471677,0.8981659517176517,34.85856660173801,0.5039192371979412,0.1875
gamma,random,31,120.0,27.0,8.94129989319481e-05,1.8111975805368274e-05,4.187523203362415,0.12950420974567045,0.521306079255085,0.398919122108795,0.36151221248283316,0.4201598318729358,26.14121837485155,0.3828351281668055,0.4375
gamma,random,32,15.0,2.0,2.165899786632508e-05,4.917994374409318e-06,4.632479310978781,0.06478898824522139,0.4997262003820596,0.5248376190718609,0.43450991779770065,0.362962929725252,12.641524589132663,0.5306183905787595,0.041666666666666664
gamma,random,32,30.0,2.0,2.165899786632508e-05,4.917994374409318e-06,4.632479310978781,0.06478898824522139,0.4997262003820596,0.5248376190718609,0.43450991779770065,0.362962929725252,12.641524589132663,0.5306183905787595,0.041666666666666664
gamma,random,32,60.0,6.0,3.678499342640862e-05,7.912000000942498e-06,4.537885673746157,0.0,0.03239449412261075,0.3184314206971176,0.3351822750173662,0.2844643794008008,11.762072272540099,0.5009114302707728,0.125
gamma,random,32,90.0,8.0,4.3816988181788474e-05,9.524999768473208e-06,4.453035019972417,0.0,0.03239449412261075,0.3184314206971176,0.3351822750173662,0.2844643794008008,11.49861580189413,0.4826474704071488,0.16666666666666666
gamma,random,32,120.0,17.0,7.207599992398173e-05,1.4493001799564809e-05,4.325502266249411,0.0,0.0,0.091434412279362,0.0,0.1359202678448157,10.538305830241544,0.4443269916278467,0.3333333333333333
gamma,random,33,15.0,3.0,2.492500061634928e-05,5.570000212173909e-06,4.267668560262913,0.925097621789084,0.7928447322068704,0.8066328773863874,0.7916519250201977,0.5223547724297657,19.386121594475437,0.507146224498546,0.0625
gamma,random,33,30.0,8.0,4.031301068607718e-05,8.816998160909861e-06,4.181243862819298,0.6871621341771522,0.8031468237460059,0.7889380871471517,0.4945705548376894,0.2134791419419949,18.73705823764557,0.4663346892999315,0.16666666666666666
gamma,random,33,60.0,10.0,4.696601536124945e-05,1.0448995453771204e-05,4.0749093781465815,0.0,0.2407575744164845,0.2437586232933603,0.3328042502884504,0.3639391003506144,14.60791536501856,0.4606690375089864,0.20833333333333334
gamma,random,33,90.0,12.0,5.503102147486061e-05,1.2222997611388564e-05,3.973540473932669,0.0,0.2407575744164845,0.21037927497679687,0.20837265811651162,0.27248895289453934,13.742257411545472,0.4517070601945639,0.25
gamma,random,33,120.0,15.0,6.383602158166468e-05,1.4576995454262942e-05,3.963091140885551,0.0,0.2407575744164845,0.21037927497679687,0.20837265811651162,0.27248895289453934,13.742747992034117,0.45235123599613497,0.2708333333333333
gamma,random,34,15.0,1.0,2.6116998924408108e-05,4.80900052934885e-06,5.053064719095161,0.7261421418313084,0.8086017695548573,0.8394503403296535,0.6440154548441719,0.6888022755285659,23.05532760594628,0.5009793271858911,0.020833333333333332
gamma,random,34,30.0,2.0,6.566700176335871e-05,1.0019000910688192e-05,4.9565757862933015,0.2663597018980707,0.4188539817782979,0.5611333503075138,0.6310302878867894,0.49439610328960404,21.208415049261138,0.48856517701679153,0.041666666666666664
gamma,random,34,60.0,8.0,0.00010047001705970615,1.648000761633739e-05,4.660371435424265,0.0,0.0,0.059351141300459376,0.16002035914059431,0.27241861022584135,14.75785394496812,0.42619008631118105,0.14583333333333334
gamma,random,34,90.0,11.0,0.00011598801938816905,2.0076004147995263e-05,4.540283196265899,0.0,0.0,0.0,0.02199634950537932,0.15551297922665075,13.440115518873466,0.41936897140245216,0.20833333333333334
gamma,random,34,120.0,22.0,0.00016140903608174995,2.7948983188252896e-05,4.391823976154861,0.0,0.0,0.0,0.02199634950537932,0.15551297922665075,12.265994594106795,0.37619401427125365,0.3958333333333333
gamma,random,35,15.0,5.0,3.7425998016260564e-05,8.513998182024807e-06,4.360104592165989,0.4844389613519361,0.6740669972091496,0.7385369361654239,0.5492336802130121,0.46187134535802477,13.810641451615544,0.4242010495467359,0.10416666666666667
gamma,random,35,30.0,9.0,6.0477985243778676e-05,1.4504992577712983e-05,4.279528517685201,0.4844389613519361,0.6740669972091496,0.7385369361654239,0.5492336802130121,0.46187134535802477,13.792614316656307,0.4202818168879594,0.1875
gamma,random,35,60.0,12.0,8.017299114726484e-05,1.8981998437084258e-05,4.247456506467562,0.4844389613519361,0.6740669972091496,0.7385369361654239,0.5492336802130121,0.46187134535802477,13.676334900767383,0.3920142749126677,0.25
gamma,random,35,90.0,19.0,0.00011675698624458164,2.5924004148691893e-05,4.219917815670391,0.4844389613519361,0.6740669972091496,0.7385369361654239,0.5492336802130121,0.46187134535802477,13.165721369760275,0.3658955494384345,0.3541666666666667
gamma,random,35,120.0,25.0,0.00015772698679938912,3.4197997592855245e-05,4.123885695861182,0.4844389613519361,0.6740669972091496,0.7385369361654239,0.5492336802130121,0.46187134535802477,12.876153281289676,0.34459184223030886,0.3958333333333333
gamma,random,36,15.0,4.0,4.17829942307435e-05,9.926996426656842e-06,4.3656273542279935,0.9329673281402525,0.8578076486793775,0.8638810474940544,0.6762957292019312,0.6197106896542846,22.39264792712013,0.5024958567136116,0.08333333333333333
gamma,random,36,30.0,8.0,6.469400250352919e-05,1.562799297971651e-05,4.33599485194414,0.9329673281402525,0.8578076486793775,0.8638810474940544,0.6762957292019312,0.6197106896542846,22.31633822398892,0.49052721331577653,0.14583333333333334
gamma,random,36,60.0,11.0,8.14440063550137e-05,1.9614992197602987e-05,4.259348102705136,0.9329673281402525,0.8578076486793775,0.8638810474940544,0.6762957292019312,0.6197106896542846,22.304826784508194,0.48843973944006003,0.20833333333333334
gamma,random,36,90.0,14.0,9.92860077531077e-05,2.393198519712314e-05,4.224959427061408,0.854578449806406,0.8703701478846406,0.6408943534090144,0.6137327446581662,0.6316398886832235,21.836839843750496,0.4540830964436489,0.2708333333333333
gamma,random,36,120.0,20.0,0.0001293090172111988,3.2085976272355765e-05,4.171852112488035,0.854578449806406,0.8703701478846406,0.6408943534090144,0.6137327446581662,0.6316398886832235,21.227024624356964,0.4220773174490031,0.3333333333333333
gamma,random,37,15.0,4.0,3.0323993996717036e-05,7.460999768227339e-06,4.333829549009106,0.7228321278868649,0.647206240920523,0.6693718626900976,0.471029622752258,0.5013567010152882,17.321347328361533,0.4855678245317768,0.08333333333333333
gamma,random,37,30.0,6.0,5.196299753151834e-05,1.244900340680033e-05,4.252283450110862,0.7228321278868649,0.647206240920523,0.6693718626900976,0.471029622752258,0.5013567010152882,17.193558036600734,0.46593330239971975,0.125
gamma,random,37,60.0,12.0,0.00010053800360765308,2.1987012587487698e-05,4.20431635131495,0.7228321278868649,0.647206240920523,0.6693718626900976,0.471029622752258,0.5013567010152882,17.0872539088298,0.4522386840436278,0.22916666666666666
gamma,random,37,90.0,15.0,0.00013617300282930955,2.9140013793949038e-05,4.077871530214222,0.0,0.20658074094932133,0.23007133198739593,0.31011215243829415,0.15948405007793875,11.74943920473267,0.4289174134097832,0.2916666666666667
gamma,random,37,120.0,19.0,0.00016946199320955202,3.5392018617130816e-05,3.999727220409364,0.0,0.19815882605161939,0.31441820748851823,0.17301104195671735,0.23523630005802731,11.5922433645988,0.4261956517947816,0.3541666666666667
gamma,random,38,15.0,3.0,3.411000216146931e-05,5.829002475365996e-06,4.928283741644017,0.5603725129226476,0.6527194009671116,0.7105659909065466,0.7200999293952782,0.45972932498138985,30.47049455254611,0.5060239092378053,0.0625
gamma,random,38,30.0,5.0,6.209000275703147e-05,1.0948002454824746e-05,4.873292567710993,0.5603725129226476,0.6527194009671116,0.7105659909065466,0.7200999293952782,0.45972932498138985,30.433460898238028,0.49605653203990185,0.10416666666666667
gamma,random,38,60.0,11.0,9.900501027004793e-05,1.81010109372437e-05,4.815657005598585,0.5603725129226476,0.6527194009671116,0.7105659909065466,0.7200999293952782,0.45972932498138985,30.402401822402044,0.4957476191786952,0.14583333333333334
gamma,random,38,90.0,16.0,0.00014818200725130737,2.6986017473973334e-05,4.605795176710013,0.29224510118645963,0.3650975423249835,0.36901809713413647,0.40518452530628934,0.452463421992496,26.689134418647463,0.44631059740806,0.25
gamma,random,38,120.0,26.0,0.00020434201724128798,3.697403008118272e-05,4.4893677418441165,0.29224510118645963,0.36863684554659537,0.38016945930389145,0.32470207760434344,0.36051183826334154,25.41878038989449,0.39569956195757694,0.3958333333333333
gamma,random,39,15.0,5.0,4.3646003177855164e-05,9.488001524005085e-06,4.749306088772171,0.695215379283632,0.6762155003346331,0.597012425197998,0.6625849808752965,0.7111215822012633,28.616834705115892,0.5058592588491783,0.10416666666666667
gamma,random,39,30.0,10.0,8.136301039485261e-05,1.679900015005842e-05,4.65320083272847,0.695215379283632,0.6762155003346331,0.597012425197998,0.6625849808752965,0.7111215822012633,28.16892541214293,0.4678074851148327,0.1875
gamma,random,39,60.0,12.0,0.00010488500993233174,2.11770020541735e-05,4.65191720959927,0.695215379283632,0.6762155003346331,0.597012425197998,0.6625849808752965,0.7111215822012633,28.168886573244418,0.4677662752894167,0.1875
gamma,random,39,90.0,15.0,0.00013268501788843423,2.630699600558728e-05,4.584398611303872,0.695215379283632,0.5823929757033119,0.6698997741615267,0.7311262562828984,0.5974603467566606,28.112161144860146,0.4471950048187907,0.25
gamma,random,39,120.0,23.0,0.0001836440060287714,3.5302982723806053e-05,4.386099423231939,0.6600962224532648,0.6051342860662806,0.5453734559212828,0.6220368106025171,0.506665614068508,26.638354936768405,0.39936814340421617,0.375
gamma,random,40,15.0,2.0,3.4300996048841625e-05,7.153008482418954e-06,4.776067069455297,0.0,0.3505921570251357,0.4532596671096767,0.3750904475261895,0.3547803663433171,22.509174025140098,0.46770445013764395,0.041666666666666664
gamma,random,40,30.0,3.0,5.764199886471033e-05,1.2483003956731409e-05,4.754606559945227,0.0,0.3505921570251357,0.4532596671096767,0.3750904475261895,0.3547803663433171,22.480539827795024,0.4639953624233159,0.0625
gamma,random,40,60.0,9.0,0.00010214299254585057,2.236999716842547e-05,4.484973835712288,0.0,0.0,0.05800493639643067,0.18776298914462097,0.20702582655688462,14.615334993610087,0.3924542774641654,0.1875
gamma,random,40,90.0,13.0,0.00012911998783238232,2.746899554040283e-05,4.421263862832402,0.0,0.0,0.05800493639643067,0.18776298914462097,0.20702582655688462,14.561407338451817,0.3881041610847071,0.25
gamma,random,40,120.0,18.0,0.00016502499784110114,3.424099850235507e-05,4.3128008286223505,0.0,0.0,0.05800493639643067,0.18776298914462097,0.20702582655688462,13.990477177319473,0.3800545531620797,0.3333333333333333
gamma,random,41,15.0,1.0,2.3351996787823737e-05,5.1489987527020276e-06,4.542682778305558,0.8477102691619771,0.7841835585389781,0.5573861965912248,0.5238566484757758,0.5261904082238307,25.567412477976912,0.5355200296740363,0.020833333333333332
gamma,random,41,30.0,2.0,4.374799755169079e-05,9.868002962321043e-06,4.536541810410996,0.8477102691619771,0.7841835585389781,0.5573861965912248,0.5238566484757758,0.5261904082238307,25.56597236908843,0.5334303139402359,0.041666666666666664
gamma,random,41,60.0,3.0,6.570699770236388e-05,1.6309000784531236e-05,4.523302529687555,0.8477102691619771,0.7841835585389781,0.5573861965912248,0.5238566484757758,0.5261904082238307,25.561311869925234,0.5323543427849321,0.0625
gamma,random,41,90.0,7.0,9.495899575995281e-05,2.404300175840035e-05,4.445132102566795,0.8477102691619771,0.7841835585389781,0.5573861965912248,0.5238566484757758,0.5261904082238307,25.44586576105328,0.5005215082326331,0.14583333333333334
gamma,random,41,120.0,13.0,0.0001267849947907962,3.0336006602738053e-05,4.3566323760808,0.8477102691619771,0.7841835585389781,0.5573861965912248,0.5238566484757758,0.5261904082238307,24.907808757396367,0.4627219278982575,0.25
gamma,random,42,15.0,2.0,2.7940004656556994e-05,4.2470055632293224e-06,4.848871444443119,0.4922992191248964,0.724826059197887,0.6297051154352715,0.6344306630301615,0.6572359746996959,34.119174720477744,0.537637837864541,0.041666666666666664
gamma,random,42,30.0,3.0,3.464100154815242e-05,5.609006620943546e-06,4.834223820951979,0.4922992191248964,0.724826059197887,0.6297051154352715,0.6344306630301615,0.6572359746996959,34.099308785198986,0.5311812569790162,0.0625
gamma,random,42,60.0,4.0,3.9699996705166996e-05,6.842012226115912e-06,4.813458290997215,0.4922992191248964,0.724826059197887,0.6297051154352715,0.6344306630301615,0.6572359746996959,34.067076662985166,0.5217430214516098,0.08333333333333333
gamma,random,42,90.0,11.0,6.73509857733734e-05,1.1559015547391027e-05,4.587445733974591,0.4922992191248964,0.5329456968855952,0.5679429574028623,0.6153921748852222,0.6080945753203446,33.54029044281471,0.44868076363025244,0.1875
gamma,random,42,120.0,21.0,9.544098429614678e-05,1.63480217452161e-05,4.4196079616332336,0.4922992191248964,0.5329456968855952,0.5679429574028623,0.6087810655083495,0.34066785527385135,33.216091683208425,0.4198817504996325,0.375
gamma,random,43,15.0,6.0,3.135700535494834e-05,7.535003533121198e-06,4.528527432210665,0.9557674306872872,0.8715008028242399,0.4080475196524356,0.2927568982516423,0.3765876509178434,20.188209961422753,0.5404538260236934,0.125
gamma,random,43,30.0,6.0,3.135700535494834e-05,7.535003533121198e-06,4.528527432210665,0.9557674306872872,0.8715008028242399,0.4080475196524356,0.2927568982516423,0.3765876509178434,20.188209961422753,0.5404538260236934,0.125
gamma,random,43,60.0,8.0,4.0452003304380924e-05,9.389004844706506e-06,4.517177655001519,0.9557674306872872,0.8715008028242399,0.4080475196524356,0.2927568982516423,0.3765876509178434,20.18668862345802,0.5379471787669664,0.16666666666666666
gamma,random,43,90.0,10.0,4.782500764122233e-05,1.0972005838993937e-05,4.47734747223624,0.9557674306872872,0.8715008028242399,0.4080475196524356,0.2927568982516423,0.24774240046288343,19.700085077223218,0.5267002095346609,0.20833333333333334
gamma,random,43,120.0,24.0,8.494999201502651e-05,1.6984988178592175e-05,4.2421359311496545,0.5482915151464948,0.6816855055666025,0.26218745161196755,0.17379752289032335,0.2901133409991806,18.522754586548142,0.4716840573186886,0.4375
gamma,random,44,15.0,4.0,2.826999843819067e-05,6.412003131117672e-06,4.629431170589258,0.9735423740598672,0.5166206671770888,0.4112578281520971,0.47891665138641837,0.5209967236538141,29.71673366027348,0.5615842266975203,0.08333333333333333
gamma,random,44,30.0,6.0,3.966000076616183e-05,8.786999387666583e-06,4.602568160826368,0.9735423740598672,0.5166206671770888,0.4112578281520971,0.47891665138641837,0.5209967236538141,29.717003285096965,0.5616328815263176,0.10416666666666667
gamma,random,44,60.0,11.0,5.386500561144203e-05,1.1781987268477678e-05,4.346409465269711,0.0,0.4552992887913142,0.1927696207117271,0.11817645837073354,0.18663508413387653,21.916367813890297,0.5057067962077875,0.1875
gamma,random,44,90.0,15.0,6.53850074741058e-05,1.3926975952927023e-05,4.29659182122795,0.0,0.4552992887913142,0.1927696207117271,0.11817645837073354,0.18663508413387653,21.81203848633626,0.4820851821309121,0.2708333333333333
gamma,random,44,120.0,16.0,6.933201075298712e-05,1.4878976799082011e-05,4.270570257537813,0.0,0.4552992887913142,0.1927696207117271,0.11817645837073354,0.18663508413387653,21.768262101858536,0.4647044156651018,0.2916666666666667
gamma,random,45,15.0,4.0,2.5405002816114575e-05,6.620000931434333e-06,4.441532591923852,0.6665226444872511,0.7591995939194786,0.6256869813917774,0.5998097959512215,0.642278681463335,17.146928645938452,0.5390543205741413,0.08333333333333333
gamma,random,45,30.0,4.0,2.5405002816114575e-05,6.620000931434333e-06,4.441532591923852,0.6665226444872511,0.7591995939194786,0.6256869813917774,0.5998097959512215,0.642278681463335,17.146928645938452,0.5390543205741413,0.08333333333333333
gamma,random,45,60.0,12.0,4.944801185047254e-05,1.1086995073128492e-05,4.313552153804039,0.6665226444872511,0.7591995939194786,0.6256869813917774,0.5998097959512215,0.3786930561660774,15.610113286331881,0.4966355862618505,0.22916666666666666
gamma,random,45,90.0,15.0,6.01490173721686e-05,1.3228993338998407e-05,4.262872125195012,0.6665226444872511,0.7591995939194786,0.6256869813917774,0.3611648891214232,0.2717418789837609,15.41400601103328,0.48048484484268805,0.2916666666666667
gamma,random,45,120.0,25.0,8.708501991350204e-05,1.807900844141841e-05,4.141923028046416,0.6665226444872511,0.7591995939194786,0.6256869813917774,0.3611648891214232,0.2717418789837609,14.35432701958108,0.41963499128785575,0.4583333333333333
gamma,random,46,15.0,3.0,3.0254996090661734e-05,4.8579968279227614e-06,4.900012795031436,0.43408328104614224,0.11863051924500967,0.3664095114721081,0.3647189462875404,0.33641183949528397,19.927181568206418,0.4478043852005735,0.0625
gamma,random,46,30.0,7.0,4.350800008978695e-05,7.633003406226635e-06,4.732986141481747,0.4605784457258957,0.3778651136796163,0.3783605105438752,0.19612579340097136,0.3074784406244826,18.897649219194307,0.4352770830853178,0.14583333333333334
gamma,random,46,60.0,13.0,6.0380014474503696e-05,1.1029995221178979e-05,4.610770039183664,0.22331411156592673,0.2592345944346066,0.25548941830210603,0.2659379177945368,0.11065823356770577,16.239812404995657,0.39863906473999416,0.25
gamma,random,46,90.0,16.0,6.964601925574243e-05,1.3033000868745148e-05,4.538053167584239,0.24881830948041495,0.14004631381392763,0.18220038484632162,0.17681111499262425,0.17675063610673591,15.326229968416115,0.39598810107145943,0.2916666666666667
gamma,random,46,120.0,30.0,0.00010552203457336873,1.905299723148346e-05,4.431828470475511,0.24881830948041495,0.14004631381392763,0.18220038484632162,0.17681111499262425,0.17675063610673591,15.180144260388081,0.3486448586503366,0.4791666666666667
gamma,random,47,15.0,3.0,3.142599598504603e-05,4.957990313414484e-06,4.432418124483598,0.5024536334235363,0.4652499945826213,0.568457640411311,0.6085004606991903,0.5865148693423743,25.18975613463626,0.514193197422838,0.0625
gamma,random,47,30.0,9.0,6.897300045238808e-05,1.1068004823755473e-05,4.200973192835304,0.0,0.0,0.07800179381794592,0.18327939821472983,0.2575289482363059,14.337844967441807,0.4983310719128593,0.1875
gamma,random,47,60.0,11.0,9.079200390260667e-05,1.6048004908952862e-05,4.2258463354978195,0.0,0.0,0.07800179381794592,0.18327939821472983,0.2575289482363059,14.3537274511742,0.49914046383995736,0.22916666666666666
gamma,random,47,90.0,13.0,0.00010242200369248167,1.8582009943202138e-05,4.090700858466212,0.0,0.14511963959556606,0.08979987806543643,0.07773067866597116,0.1630325986531913,13.128575734698707,0.48920662257416253,0.2708333333333333
gamma,random,47,120.0,24.0,0.00013966899132356048,2.591401425888762e-05,4.025606758214642,0.0,0.14511963959556606,0.08979987806543643,0.07773067866597116,0.1630325986531913,13.024053970557173,0.4734916165653359,0.375
gamma,random,48,15.0,2.0,2.7689005946740508e-05,4.888999683316797e-06,4.426984887156219,0.8050410026891683,0.8248794032405516,0.8704778245885996,0.6061120693353927,0.5867855760955815,18.865534443944203,0.4817872110739304,0.041666666666666664
gamma,random,48,30.0,4.0,4.316600097808987e-05,8.476003131363541e-06,4.419044944040044,0.8050410026891683,0.8248794032405516,0.8704778245885996,0.6061120693353927,0.5867855760955815,18.865289985907307,0.4816992860146643,0.0625
gamma,random,48,60.0,7.0,5.909300671191886e-05,1.197301025968045e-05,4.463318933273132,0.8050410026891683,0.8939789636459123,0.5756134023410967,0.5687127186396075,0.5505275028895673,18.57690132381655,0.4749199646016589,0.10416666666666667
gamma,random,48,90.0,11.0,7.568201544927433e-05,1.5108009392861277e-05,4.371667732046384,0.49836179290553706,0.6435208418431853,0.7409656850284545,0.4994336751476667,0.49410247470215274,17.654161449580133,0.46177638640249274,0.1875
gamma,random,48,120.0,22.0,0.00011993300722679123,2.3061016690917313e-05,4.244061968327029,0.0,0.23154626441812054,0.3467542876351367,0.458247765335164,0.2797981043047407,14.717317405385879,0.39936215291764166,0.375
gamma,random,49,15.0,6.0,3.9590995584148914e-05,7.863993232604116e-06,4.390721863727881,0.8984820393215365,0.6850388104319581,0.6760048945194264,0.5989300114842173,0.21607676886277605,20.633519210849737,0.5164340599515854,0.10416666666666667
gamma,random,49,30.0,6.0,3.9590995584148914e-05,7.863993232604116e-06,4.390721863727881,0.8984820393215365,0.6850388104319581,0.6760048945194264,0.5989300114842173,0.21607676886277605,20.633519210849737,0.5164340599515854,0.10416666666666667
gamma,random,49,60.0,12.0,7.163899863371626e-05,1.4195989933796227e-05,4.328778561587511,0.8984820393215365,0.6850388104319581,0.6760048945194264,0.5989300114842173,0.21607676886277605,20.57617887162483,0.5018592387084749,0.22916666666666666
gamma,random,49,90.0,14.0,9.810600022319704e-05,2.025598951149732e-05,4.304458214364,0.8984820393215365,0.6850388104319581,0.6760048945194264,0.5989300114842173,0.21607676886277605,20.559179934990574,0.4996672884408138,0.25
gamma,random,49,120.0,23.0,0.00015505599731113762,2.968298940686509e-05,4.173005742168437,0.4606647056125892,0.4006190772488899,0.46731483951912134,0.4644116059428107,0.4091560494031917,19.469284828144612,0.48374597905001293,0.375
gamma,d-optimality,0,15.0,30.0,0.019713848014362156,2.176900306949392e-05,4.14050903321947,0.0,0.0,0.0,0.0038796653735284625,0.0,5.657468736425338,0.27385207654088756,0.625
gamma,d-optimality,0,30.0,60.0,0.028796092032280285,4.189300670986995e-05,3.9355243501461783,0.0,0.0,0.005756135764573456,0.0038796653735285735,0.004213102712073313,3.897020083089766,0.20783561228573152,1.0
gamma,d-optimality,0,60.0,120.0,0.044474318048742134,7.225503213703632e-05,3.7431737183502687,0.0,0.0,0.0,0.005094084206732852,0.0010043947198603576,3.363751944029831,0.15914247001607212,1.0
gamma,d-optimality,0,90.0,180.0,0.06429754004057031,0.00010763003956526518,3.725716683519209,0.0,0.0,0.007299204900065637,0.005744585057252616,0.0010043947198602465,3.2163930525881805,0.1641685728276697,1.0
gamma,d-optimality,0,120.0,240.0,0.08153072003187845,0.00015675502072554082,3.6022045766441457,0.0,0.0,0.0008265416819995819,0.005744585057252616,0.0010043947198602465,2.926243488302725,0.13754843819633047,1.0
gamma,d-optimality,1,15.0,30.0,0.026396142020530533,4.068198177265003e-05,3.9998051903590626,0.0,0.008221238031002831,0.01993952313716818,0.0975610543385329,0.09645210907280144,8.235004052155146,0.3247770740872604,0.625
gamma,d-optimality,1,30.0,60.0,0.03779888401913922,7.893095607869327e-05,3.8562402885746834,0.0,0.008221238031002831,0.01993952313716818,1.1102230246251565e-16,2.220446049250313e-16,4.505454562639009,0.21477139258498784,1.0
gamma,d-optimality,1,60.0,120.0,0.0578816080087563,0.00013849597598891705,3.600476105923333,0.0,0.008221238031002831,0.01993952313716818,1.1102230246251565e-16,2.220446049250313e-16,3.4280029072909057,0.1562315648094791,1.0
gamma,d-optimality,1,90.0,180.0,0.08093313402787317,0.00019054493895964697,3.549394388306253,0.0,0.008221238031002831,0.01993952313716818,1.1102230246251565e-16,2.220446049250313e-16,2.943090254201469,0.14258507835473117,1.0
gamma,d-optimality,1,120.0,240.0,0.10221366704354296,0.0002639989252202213,3.464908044685165,0.0,0.027876232737729767,0.01993952313716818,1.1102230246251565e-16,2.220446049250313e-16,2.4417838175096898,0.13759374327673232,1.0
gamma,d-optimality,2,15.0,30.0,0.018778245961584616,2.0677012798842043e-05,3.9492265703039884,0.0,0.004212361697546463,-2.220446049250313e-16,0.0,0.0,4.671662456910938,0.32539130059968663,0.625
gamma,d-optimality,2,30.0,60.0,0.027372814969567116,3.989000106230378e-05,3.7814267375427044,0.0,0.004212361697546463,-2.220446049250313e-16,0.0,0.0,3.546307825219591,0.22467066386824788,1.0
gamma,d-optimality,2,60.0,120.0,0.04238354200060712,6.971201219130307e-05,3.6323255569985875,0.0,0.004212361697546463,-2.220446049250313e-16,0.0,0.0,3.018944260399481,0.17518056749152908,1.0
gamma,d-optimality,2,90.0,180.0,0.06009224798617652,0.00010308099444955587,3.493513333952808,0.0,0.004212361697546463,-2.220446049250313e-16,0.0,0.0,2.3593492823225612,0.16152576466375795,1.0
gamma,d-optimality,2,120.0,240.0,0.07576855601655552,0.00014131196803646162,3.445683341168632,0.0,0.004212361697546463,-2.220446049250313e-16,0.0,0.0,2.4392390763517264,0.13865258676525993,1.0
gamma,d-optimality,3,15.0,30.0,0.018791166025039274,2.1670020942110568e-05,4.045730006917747,0.0,0.0,0.0,0.04265422413081188,0.03880810534165291,6.409157451565263,0.28110004725392806,0.625
gamma,d-optimality,3,30.0,60.0,0.026535258039075416,4.1757040889933705e-05,3.829884843126454,0.0,0.0,0.0,0.020676605489554523,0.04613214458328496,4.4821554454207,0.20289387090536626,1.0
gamma,d-optimality,3,60.0,120.0,0.04025342302338686,7.209004979813471e-05,3.563619526732545,0.0,0.0,0.0,0.020676605489554523,0.04613214458328496,2.9503919136002876,0.14171192588097645,1.0
gamma,d-optimality,3,90.0,180.0,0.057397372991545126,0.00010582307004369795,3.5472291297725094,0.0,0.0,0.0,0.020676605489554523,0.04119518636137709,2.44810548865336,0.13812366865867826,1.0
gamma,d-optimality,3,120.0,240.0,0.08236932498402894,0.00017945603758562356,3.468705171780192,0.0,0.0,0.0,0.020676605489554523,0.04119518636137709,2.19180874132151,0.11823550829972101,1.0
gamma,d-optimality,4,15.0,30.0,0.025967639980081003,3.868599742418155e-05,4.158820606694586,0.0,0.0,0.0,0.03128362981827926,0.0,7.531996367935734,0.2812114577842466,0.625
gamma,d-optimality,4,30.0,60.0,0.03677306298777694,7.258900586748496e-05,3.895742427945604,0.0,0.0,0.0,0.0,0.0,4.20832093719449,0.20458910504298722,1.0
gamma,d-optimality,4,60.0,120.0,0.05580345798807684,0.00011887201253557578,3.6458648929819533,0.0,0.0,0.0,0.0,0.0,2.883040391950939,0.15403575790319374,1.0
gamma,d-optimality,4,90.0,180.0,0.07990208798582898,0.00016849703388288617,3.6776773734584842,0.0,0.0,0.0,0.0,0.000937328298248552,3.0291301042685292,0.15547994124035525,1.0
gamma,d-optimality,4,120.0,240.0,0.10163408498192439,0.00022507902758661658,3.5414170289054123,0.0,0.0,0.0,0.0,0.000937328298248552,2.5080220266673594,0.1293519128098536,1.0
gamma,d-optimality,5,15.0,30.0,0.025444981001783162,2.8299000405240804e-05,4.285596580949527,0.3069068889619251,0.0,0.0,0.0,0.03615628547915428,7.850846550807061,0.2854461422395012,0.625
gamma,d-optimality,5,30.0,60.0,0.036403634992893785,7.00410091667436e-05,4.033563044577606,0.0,0.0,0.0,0.0,0.0,5.188438462106218,0.2188787595478339,1.0
gamma,d-optimality,5,60.0,120.0,0.05522233099327423,0.00012002704170299694,3.7221601658511787,0.0,0.0,0.0,0.0,0.0,3.482057801226443,0.15236957236059434,1.0
gamma,d-optimality,5,90.0,180.0,0.07719091601029504,0.0001821260229917243,3.6637247398238983,0.0,0.02480729230392753,0.0,0.0,0.0,2.825914149829031,0.15642718382629586,1.0
gamma,d-optimality,5,120.0,240.0,0.10004867199313594,0.0002653850315255113,3.5691118398686275,0.0,0.02480729230392753,0.0,0.0,0.0,2.9515309471930813,0.12290715190705606,1.0
gamma,d-optimality,6,15.0,30.0,0.0268093269696692,3.803000436164439e-05,4.060923758743851,0.0,0.0,0.0,0.0,0.0,6.55360780478946,0.2680416436738069,0.625
gamma,d-optimality,6,30.0,60.0,0.03775259398389608,6.978699821047485e-05,3.8753716937995004,0.0,0.0,0.0,0.026670367214759905,0.023540992894205637,4.774894799982527,0.19227695246270812,1.0
gamma,d-optimality,6,60.0,120.0,0.058687621967692394,0.00012208399130031466,3.770399098076769,0.0,0.0,0.0,0.026670367214759905,0.023540992894205637,3.7643634440106952,0.17729321606235604,1.0
gamma,d-optimality,6,90.0,180.0,0.08331779199215816,0.0001884500015876256,3.7066076983502527,0.0,0.0,0.0,0.0,0.023540992894205637,3.0254797218036655,0.17048616897679045,1.0
gamma,d-optimality,6,120.0,240.0,0.10573825200845022,0.00024794600903987885,3.5617724294769353,0.0,0.0,0.0,0.0,0.023540992894205637,2.567245436844787,0.1468893376986845,1.0
gamma,d-optimality,7,15.0,30.0,0.02463835601520259,2.9430004360619932e-05,3.885391413558097,0.0,0.024722137368705543,1.1102230246251565e-16,2.220446049250313e-16,1.1102230246251565e-16,4.135067363556253,0.3008536674981355,0.625
gamma,d-optimality,7,30.0,60.0,0.034727750018646475,5.616901034954935e-05,3.72118080170957,0.0,0.024722137368705543,1.1102230246251565e-16,2.220446049250313e-16,1.1102230246251565e-16,3.3868715307910633,0.2078994720657673,1.0
gamma,d-optimality,7,60.0,120.0,0.053318161008064635,9.870695066638291e-05,3.602870685450115,0.0,0.024722137368705543,1.1102230246251565e-16,0.004190406438799643,1.1102230246251565e-16,2.2604755181393204,0.17944765609104904,1.0
gamma,d-optimality,7,90.0,180.0,0.07435056499525672,0.0001729939685901627,3.455906421712802,0.0,0.024722137368705543,1.1102230246251565e-16,0.004190406438799643,1.1102230246251565e-16,2.0158376515021548,0.14847846975666854,1.0
gamma,d-optimality,7,120.0,240.0,0.09514125200075796,0.00023712391703156754,3.3974942008482674,0.0,0.024722137368705543,1.1102230246251565e-16,0.004190406438799643,1.1102230246251565e-16,1.5271124260246889,0.14218395887120663,1.0
gamma,d-optimality,8,15.0,30.0,0.020293997986300383,2.2957014152780175e-05,4.205943970427956,0.0,0.052609581778371495,0.03979093964152902,0.0,0.0,6.7924094180906955,0.31127358528967936,0.625
gamma,d-optimality,8,30.0,60.0,0.029213640016678255,4.497000918490812e-05,4.025405038571278,0.0,0.0,0.0,0.0,0.0,4.441101868769322,0.25364949819606153,1.0
gamma,d-optimality,8,60.0,120.0,0.04591519102541497,8.274904394056648e-05,3.7417040394298784,0.0,0.0,0.0,0.0,0.0,4.006129141385421,0.16879044460732065,1.0
gamma,d-optimality,8,90.0,180.0,0.06446707103896188,0.00012535903078969568,3.5705806226189067,0.0,0.0,0.0,0.0,0.0,2.66990212040791,0.14661567728830358,1.0
gamma,d-optimality,8,120.0,240.0,0.08229295105411438,0.00015783205890329555,3.428334515548071,0.0,0.0,0.0,0.0,0.0,1.7797697504741385,0.11422571596393906,1.0
gamma,d-optimality,9,15.0,30.0,0.02042594601516612,2.4141001631505787e-05,4.008523393404679,0.014757859359060599,0.0,0.0,0.012204171546050135,0.07416855963482205,6.1485115654226865,0.26094414963425827,0.625
gamma,d-optimality,9,30.0,60.0,0.028908732019772287,4.2555991967674345e-05,3.782932504131822,0.014757859359060599,0.0,0.0,0.012204171546050135,-2.220446049250313e-16,4.148783612893116,0.1666204047825591,1.0
gamma,d-optimality,9,60.0,120.0,0.044161240075482056,7.817996811354533e-05,3.59324006410101,0.014757859359060599,0.0,0.0,0.012204171546050135,-2.220446049250313e-16,3.1130156893129874,0.14154894915329574,1.0
gamma,d-optimality,9,90.0,180.0,0.06389947811112506,0.0001158599479822442,3.5472188025959395,0.014757859359060599,0.0,0.0,0.012204171546050135,-2.220446049250313e-16,2.7691624139655993,0.13982405047661206,1.0
gamma,d-optimality,9,120.0,240.0,0.08200630007922882,0.00014640792505815625,3.544885594314978,0.014757859359060599,0.0,0.0,0.012204171546050135,-2.220446049250313e-16,3.1604584364464654,0.12855939237942618,1.0
gamma,d-optimality,10,15.0,30.0,0.02012711498537101,2.0997977117076516e-05,4.232717890950014,0.0,0.026567540234695097,0.0,0.013782119639858648,0.03171011796213985,6.671101801369537,0.31665296406239085,0.625
gamma,d-optimality,10,30.0,60.0,0.03176805299153784,6.0245969507377595e-05,4.101391433029444,0.0,0.0,0.04626830347055122,0.0,0.011470549888380366,5.246402197312919,0.2683341466329327,1.0
gamma,d-optimality,10,60.0,120.0,0.04919592500664294,0.0001048789854394272,3.7666597284278374,0.0,0.026567540234695097,0.0,0.0,0.011470549888380366,3.636061069804996,0.19059298754034265,1.0
gamma,d-optimality,10,90.0,180.0,0.06691135602886789,0.0001390690085827373,3.625010240703611,0.0,0.026567540234695097,0.0,0.0,0.0,2.760070725935729,0.16523626342606962,1.0
gamma,d-optimality,10,120.0,240.0,0.08588131699798396,0.0001755290213623084,3.5107743994863854,0.0,0.026567540234695097,0.0,0.0,0.0,2.5759490137718615,0.14097249640273246,1.0
gamma,d-optimality,11,15.0,30.0,0.022555495976121165,3.2606978493276983e-05,4.318707577383813,0.0,0.0,0.0,0.01255707017399954,-2.220446049250313e-16,8.124552560165956,0.31804751249758023,0.625
gamma,d-optimality,11,30.0,60.0,0.03652420199068729,6.880398723296821e-05,3.994748000577015,0.0,0.027257968828325874,2.220446049250313e-16,0.012557070173999874,1.1102230246251565e-16,4.363771791147442,0.21318524223339858,1.0
gamma,d-optimality,11,60.0,120.0,0.0562284989937325,0.00011652399552986026,3.717053732832101,0.0,0.027257968828325874,2.220446049250313e-16,0.012557070173999874,1.1102230246251565e-16,3.036585955497049,0.1490661171884759,1.0
gamma,d-optimality,11,90.0,180.0,0.07616757603682345,0.0001487249683123082,3.5562588124708427,0.0,0.0,0.0,0.01255707017399954,-2.220446049250313e-16,2.428831358196227,0.1202231440493785,1.0
gamma,d-optimality,11,120.0,240.0,0.09373793003032915,0.00018942896713269874,3.5251278325332347,0.0,0.027257968828325874,2.220446049250313e-16,1.1102230246251565e-16,0.0,2.670175336128286,0.1087201916678497,1.0
gamma,d-optimality,12,15.0,30.0,0.024433392980427016,2.915901131927967e-05,4.23776981446819,0.0,0.12616253667061994,0.014973777011987544,0.0,0.008729902321329086,7.279557569204832,0.35109761805944756,0.625
gamma,d-optimality,12,30.0,60.0,0.03524037898750976,5.828199937241152e-05,3.918909259014411,0.0,0.0,0.014973777011987544,0.0,0.0,4.512690470598,0.23158271838052039,1.0
gamma,d-optimality,12,60.0,120.0,0.05354901703685755,0.00010300996655132622,3.686478833357075,0.0,0.0,0.0,0.0,0.0,3.2285409520366537,0.16506161255696952,1.0
gamma,d-optimality,12,90.0,180.0,0.07639579004171537,0.0001543639591545798,3.581164722535567,0.0,0.0,0.0,0.0,0.0,2.66062327151788,0.14638527867591195,1.0
gamma,d-optimality,12,120.0,240.0,0.10151183304697042,0.0002354769458179362,3.5083435428106333,0.0,0.0,0.0,0.0,0.0,2.5452304381109863,0.12629136372542596,1.0
gamma,d-optimality,13,15.0,30.0,0.025694031995953992,3.138700412819162e-05,4.165954744003838,0.0,0.03511199799371867,-2.220446049250313e-16,-2.220446049250313e-16,0.006262076644404702,10.83974437912572,0.29445629268359513,0.625
gamma,d-optimality,13,30.0,60.0,0.035862731994711794,6.286503776209429e-05,3.919066005086613,0.0,0.03511199799371867,-2.220446049250313e-16,-2.220446049250313e-16,0.006262076644404702,5.613738819720514,0.2100338024499853,1.0
gamma,d-optimality,13,60.0,120.0,0.05696077899483498,0.00010670106712495908,3.7502167979218,0.0,0.03511199799371867,-2.220446049250313e-16,-2.220446049250313e-16,0.006262076644404702,5.425133878291572,0.17054427191978463,1.0
gamma,d-optimality,13,90.0,180.0,0.08169849700061604,0.000154612040205393,3.568083384473965,0.0,0.0,0.0,0.0,0.0,3.083269312372963,0.14744462215923432,1.0
gamma,d-optimality,13,120.0,240.0,0.10484166199603351,0.00020179808780085295,3.512603929712462,0.0,0.0,0.0,0.0,0.0,2.1217968469305597,0.13914751156299907,1.0
gamma,d-optimality,14,15.0,30.0,0.02596246301982319,3.0806004360783845e-05,3.931967712143315,0.0,0.0,0.01125860097624376,0.043679532382277064,0.040678593122724815,4.546915404104611,0.23773730561664327,0.625
gamma,d-optimality,14,30.0,60.0,0.036017055019328836,5.773602606495842e-05,3.7889992136737614,0.0,0.0,0.01125860097624376,0.02910497589256822,0.0443944590848262,3.7412842481929456,0.20108047104443405,1.0
gamma,d-optimality,14,60.0,120.0,0.0549663820056594,9.854800737230107e-05,3.601029376860184,0.0,0.0,0.01125860097624376,-2.220446049250313e-16,0.0010164281832172328,2.7560765114328567,0.15941417314766096,1.0
gamma,d-optimality,14,90.0,180.0,0.07854682901961496,0.00014408701099455357,3.503854497066525,0.0,0.0,0.01125860097624376,-2.220446049250313e-16,0.0010164281832172328,3.0500786173364514,0.1406629142544088,1.0
gamma,d-optimality,14,120.0,240.0,0.10318407401791774,0.0002426660284982063,3.4634750722364704,0.0,0.0,0.0,0.0,0.0,3.2752686491888983,0.13238162147280913,1.0
gamma,d-optimality,15,15.0,30.0,0.02522568599670194,2.699500328162685e-05,4.3851025853107295,0.0,0.0,0.038779133279635336,0.013037193985234063,0.06268193542259604,11.256289131555436,0.30984424169317454,0.625
gamma,d-optimality,15,30.0,60.0,0.04036973400070565,8.207296923501417e-05,4.01258221973743,0.0,0.0,0.023535385828497235,0.033165800257869416,0.0,5.324348553546192,0.22073698061623526,1.0
gamma,d-optimality,15,60.0,120.0,0.06138421199284494,0.00016610493912594393,3.754391627565863,0.0,0.0,0.023535385828497235,0.033165800257869416,0.0,4.415323125500889,0.1596713558576464,1.0
gamma,d-optimality,15,90.0,180.0,0.08355561898497399,0.0002189919032389298,3.627808114959693,0.0,0.0,0.023535385828497235,0.033165800257869416,0.0,3.651752587584223,0.1323180841399855,1.0
gamma,d-optimality,15,120.0,240.0,0.10505410999030573,0.00028015190036967397,3.604804263586986,0.0,0.0,0.0,0.013037193985234063,0.0,3.556943763505776,0.12713774179998827,1.0
gamma,d-optimality,16,15.0,30.0,0.02567369197640801,2.5115019525401294e-05,4.131871195475761,0.0,0.055897752304028714,0.0,0.02337819973826083,0.020320533921395767,7.503605219115735,0.3326628260326279,0.625
gamma,d-optimality,16,30.0,60.0,0.0358823679634952,5.377601337386295e-05,3.8577935671742605,0.0,0.0,0.018036712403124877,0.0,0.0,4.349285679962791,0.23692456092453937,1.0
gamma,d-optimality,16,60.0,120.0,0.055458172944781836,0.00010686701716622338,3.6528003061929355,0.0,0.0,0.018036712403124877,0.0,0.0,3.6352273511764226,0.18400023458882248,1.0
gamma,d-optimality,16,90.0,180.0,0.07830455894873012,0.00015713500761194155,3.538253476043122,0.0,0.0,0.0,0.0,0.0,2.884863284798995,0.16305578701602505,1.0
gamma,d-optimality,16,120.0,240.0,0.0993617339481716,0.0002144439786206931,3.48122184374292,0.0,0.0,0.0,0.0,0.0,2.724845156365461,0.14838139221643074,1.0
gamma,d-optimality,17,15.0,30.0,0.025468585969065316,4.144199192523956e-05,3.9837727978534283,0.0,0.0,0.0062857454968486826,0.08448608385142298,0.00969555545380918,6.465882530553981,0.299780144871815,0.625
gamma,d-optimality,17,30.0,60.0,0.037048025951662567,7.953699241625145e-05,3.763250932392195,0.0,0.0,0.0062857454968486826,0.08448608385142298,0.00969555545380918,3.598264690855747,0.1664687733490826,1.0
gamma,d-optimality,17,60.0,120.0,0.057022443987079896,0.00014722494961461052,3.5714356549250166,0.0,0.07646861183441889,0.0062857454968486826,0.0,0.00969555545380918,2.813483271685687,0.14254746078626615,1.0
gamma,d-optimality,17,90.0,180.0,0.080289453981095,0.00022682594862999395,3.4607226798222324,0.0,0.0,0.0062857454968486826,0.0,0.00969555545380918,2.0556229648820534,0.1193438853803962,1.0
gamma,d-optimality,17,120.0,240.0,0.09997726699657505,0.0003024889956577681,3.4306154874505235,0.0,0.0,0.0062857454968486826,0.0,0.00969555545380918,1.8696758972378338,0.11584013996060602,1.0
gamma,d-optimality,18,15.0,30.0,0.025440956000238657,2.4886001483537257e-05,3.7945917910319054,0.0,0.0,0.0,0.0,0.0,5.639169978416548,0.3419729140218466,0.625
gamma,d-optimality,18,30.0,60.0,0.03571068798919441,5.312800931278616e-05,3.567758577989784,0.0,0.01679767068316418,0.0,0.018585216664570803,0.0,3.476684114885879,0.19497614661072868,1.0
gamma,d-optimality,18,60.0,120.0,0.054768008943938185,9.474201215198264e-05,3.4116853079673786,0.0,0.01679767068316418,0.0,0.0,0.0,3.9180241124276862,0.15525198330110485,1.0
gamma,d-optimality,18,90.0,180.0,0.07721027493244037,0.00014637700223829597,3.396632359076055,0.0,0.01679767068316418,0.0,0.0,0.0,2.8231575052107907,0.14886171242557591,1.0
gamma,d-optimality,18,120.0,240.0,0.09739298297063215,0.0002065360313281417,3.3410754875957864,0.0,0.01679767068316418,0.0,0.0,0.0,2.7297631807861067,0.1300583225187367,1.0
gamma,d-optimality,19,15.0,30.0,0.028912716988998,3.798600664595142e-05,3.9186681319697367,0.0,0.0,0.0,0.016084865508673496,0.036477247504348886,5.219653496109515,0.21237245025815957,0.625
gamma,d-optimality,19,30.0,60.0,0.038873600962688215,6.490401574410498e-05,3.752592630805873,0.0,0.0,0.0,0.042223028474287494,0.036477247504348886,4.148837487696304,0.14712253511305157,1.0
gamma,d-optimality,19,60.0,120.0,0.059523876931052655,0.00013468300312524661,3.648040521891063,0.0,0.0,0.0,0.016657815222896333,0.0004949817502073461,3.2078818174737087,0.13248164380786967,1.0
gamma,d-optimality,19,90.0,180.0,0.08547937094408553,0.00022946199896978214,3.5495058463057227,0.0,0.0,0.0,0.016657815222896333,0.014390991615803594,3.132745444296781,0.11358102664136047,1.0
gamma,d-optimality,19,120.0,240.0,0.11086044395779027,0.0003383409566595219,3.522502607090034,0.0,0.0,0.0,0.016657815222896333,0.0004949817502073461,2.5935878791049234,0.1117480128330832,1.0
gamma,d-optimality,20,15.0,30.0,0.019590939024055842,1.9004015484824777e-05,4.463634872544139,0.0,0.0,0.05817404232711476,0.05210036753396052,0.043963292374913254,8.28552834973415,0.3608728969280031,0.625
gamma,d-optimality,20,30.0,60.0,0.02885196206625551,3.527398803271353e-05,4.060812314730132,0.0,0.0,0.0,0.0,0.0,4.9044440399938924,0.20581318295523215,1.0
gamma,d-optimality,20,60.0,120.0,0.04424010204820661,6.454197136918083e-05,3.8638083504486658,0.0,0.0,0.0,0.0,0.01719066485050813,4.5545506147024,0.176438374432446,1.0
gamma,d-optimality,20,90.0,180.0,0.06290704904677114,9.392396896146238e-05,3.75991382312858,0.0,0.0,0.0,0.0,0.0,3.3432441355643787,0.15822165342010652,1.0
gamma,d-optimality,20,120.0,240.0,0.08103064102033386,0.00012699197395704687,3.6871090006636797,0.0,0.0,0.0,0.0,0.01719066485050813,3.114644822635893,0.14404738333992587,1.0
gamma,d-optimality,21,15.0,30.0,0.019014752004295588,1.73439912032336e-05,3.9757499867509725,0.0,0.0,0.0,0.0,0.0,4.370126221131047,0.30302208384897183,0.625
gamma,d-optimality,21,30.0,60.0,0.026921293989289552,3.359200491104275e-05,3.7861034985222966,0.0,0.0,0.0,0.0,0.0,3.3074795765320206,0.21875129000394508,1.0
gamma,d-optimality,21,60.0,120.0,0.04137965997506399,6.986697553656995e-05,3.5505177630191533,0.0,0.0,0.0,0.0,0.0,2.786792530904759,0.16927263555940655,1.0
gamma,d-optimality,21,90.0,180.0,0.059097234974615276,0.00012966000940650702,3.428145986881765,0.0,0.0,0.0,0.0,0.002018100541879342,1.8949646411766534,0.14137604323179942,1.0
gamma,d-optimality,21,120.0,240.0,0.07404264695651364,0.0001674060185905546,3.408201738285291,0.0,0.0,0.0,0.0,0.002018100541879342,1.6928480288083032,0.13385750262591609,1.0
gamma,d-optimality,22,15.0,30.0,0.019895570010703523,1.8432016076985747e-05,4.398322752712905,0.0,0.0,0.0,0.0,0.0,8.303653097004768,0.346153177191339,0.625
gamma,d-optimality,22,30.0,60.0,0.028690521023236215,3.548201493686065e-05,4.006069601165817,0.0,0.0,0.0,0.0,0.0,4.621915700453245,0.21729166804764444,1.0
gamma,d-optimality,22,60.0,120.0,0.04589355304779019,7.699498382862657e-05,3.687848251449614,0.0,0.0,0.0,0.0,0.0,3.2863244835536385,0.1344928835174616,1.0
gamma,d-optimality,22,90.0,180.0,0.06421109006623738,0.00011725099466275424,3.5697466985009005,0.0,0.0,0.0,0.0,0.0,2.280119886084253,0.12072318236922265,1.0
gamma,d-optimality,22,120.0,240.0,0.08234645304037258,0.00015224000526359305,3.5337644510065602,0.0,0.0,0.0,0.0,0.0,2.4561914030141545,0.1125968183693464,1.0
gamma,d-optimality,23,15.0,30.0,0.0193981540214736,2.1873005607631058e-05,4.165611534596535,0.0,0.0,0.02207975213938429,0.1277636176262047,0.1722479979084296,7.741021385029658,0.34750992592860575,0.625
gamma,d-optimality,23,30.0,60.0,0.027177631010999903,3.8212012441363186e-05,3.7814239813451542,0.0,0.0,0.0,0.0,0.028703869405468208,4.692875247674039,0.21318133230378047,1.0
gamma,d-optimality,23,60.0,120.0,0.04100496602768544,8.139105193549767e-05,3.509637996947982,0.0,0.0,0.0,0.0,0.0,3.175405793577242,0.14772778217372068,1.0
gamma,d-optimality,23,90.0,180.0,0.05660006302787224,0.00011530608753673732,3.4903400938348583,0.0,0.0,0.0,0.0,0.0,2.5446327380369747,0.14378165132695406,1.0
gamma,d-optimality,23,120.0,240.0,0.07080367600428872,0.00014592813386116177,3.4389624481283807,0.0,0.0,0.0,0.0,0.0,2.501679429965343,0.1304614377834733,1.0
gamma,d-optimality,24,15.0,30.0,0.026152985999942757,2.3359025362879038e-05,4.140892392268723,0.0,0.0,0.0,0.0,0.0,8.70129108534691,0.3147659972986912,0.625
gamma,d-optimality,24,30.0,60.0,0.03755659299349645,5.137103289598599e-05,3.945056714169772,0.0,0.0,0.0,0.0,0.0,5.530077591460352,0.21874394677351677,1.0
gamma,d-optimality,24,60.0,120.0,0.058070967003004625,0.00010158501390833408,3.713580574225791,0.0,0.0,0.0,0.0,0.0,4.329203383861495,0.16147210753246954,1.0
gamma,d-optimality,24,90.0,180.0,0.08318405301542953,0.0001429070471203886,3.5394421840531636,0.0,0.0,0.0,0.0,0.0,3.2506022235679546,0.13694129024725601,1.0
gamma,d-optimality,24,120.0,240.0,0.10652846399898408,0.00021318003564374521,3.4668177152794963,0.0,0.0,0.0,0.0,0.0,2.690986167818556,0.12828148255648614,1.0
gamma,d-optimality,25,15.0,30.0,0.02524859302502591,2.3944012355059385e-05,3.8989057342175504,0.0,0.0,0.05914961334758928,0.036350178783752685,0.08338579415543534,4.645914955369458,0.3327084715047847,0.625
gamma,d-optimality,25,30.0,60.0,0.03571192103117937,4.6014982217457145e-05,3.761347518025291,0.0,0.0,0.0,0.036350178783752685,0.009674243647559977,3.563896552443374,0.22118884215402132,1.0
gamma,d-optimality,25,60.0,120.0,0.053135299029236194,9.164701623376459e-05,3.6255519839986348,0.0,0.0,0.0,0.036350178783752685,0.0328513958479113,2.657716251026769,0.1868828509835039,1.0
gamma,d-optimality,25,90.0,180.0,0.07383661901985761,0.00014292801643023267,3.490749492158075,0.0,0.0,0.0,0.0,0.0,2.202802119736268,0.15692347681381572,1.0
gamma,d-optimality,25,120.0,240.0,0.09282418700604467,0.0001857839961303398,3.3326402715157024,0.0,0.0,0.0,0.0,0.0,1.6534079588065225,0.12734008556575815,1.0
gamma,d-optimality,26,15.0,30.0,0.02565709099144442,2.5325003662146628e-05,3.668558317057931,0.0,0.0,0.0,0.002351964480984292,0.0,5.200782168013525,0.2921978311923334,0.625
gamma,d-optimality,26,30.0,60.0,0.038527896991581656,6.312903860816732e-05,3.5143955204966986,0.0,0.0,0.0,0.002351964480984292,0.0,2.5500126429534697,0.22062141975668897,1.0
gamma,d-optimality,26,60.0,120.0,0.05811101496510673,0.0001201090490212664,3.3776225734379657,0.0,0.0,0.0,0.002351964480984292,0.0,2.1130437721737527,0.16576164208623234,1.0
gamma,d-optimality,26,90.0,180.0,0.07984936998400372,0.00017071704496629536,3.2939731453984193,0.0,0.0,0.0,0.0,0.0,2.3033770803369915,0.14234991538947608,1.0
gamma,d-optimality,26,120.0,240.0,0.100113895990944,0.00023282507027033716,3.2713619476248526,0.0,0.0,0.0,0.002351964480984292,0.04338686315468121,1.9850712264894579,0.13082708059553613,1.0
gamma,d-optimality,27,15.0,30.0,0.02668567198998062,2.8185007977299392e-05,4.004835699187804,0.0,0.0,0.0,0.04749291660462107,0.04369470570585854,7.507620690476446,0.31570617757868064,0.625
gamma,d-optimality,27,30.0,60.0,0.03744213098252658,6.341801781672984e-05,3.663648840203514,0.0,0.0,0.0,0.0,0.00712871640174817,3.486046830528114,0.2029225639673068,1.0
gamma,d-optimality,27,60.0,120.0,0.05705819396098377,0.00012010597856715322,3.5532593398097627,0.0,0.0,0.0,0.0,0.0,2.7298320566507077,0.17263419263815757,1.0
gamma,d-optimality,27,90.0,180.0,0.08082332897174638,0.00017929299792740494,3.4707694177169324,0.0,0.0,0.0,0.0221561365968288,0.0,3.758238976973691,0.1511134814090418,1.0
gamma,d-optimality,27,120.0,240.0,0.10258734497620026,0.00024078699061647058,3.412101800189857,0.0,0.0,0.0,0.0,0.0,3.0460815970986754,0.1346532954619956,1.0
gamma,d-optimality,28,15.0,30.0,0.019431260996498168,1.900602364912629e-05,4.219012095969682,0.0,0.0,0.0,0.019436058399549427,0.0990645457695658,9.22810135260274,0.28941354857887575,0.625
gamma,d-optimality,28,30.0,60.0,0.027855065993207972,4.139601514907554e-05,3.9076375260528287,0.0,0.0,0.0,0.0,0.0,4.402358060291753,0.21810449851597555,1.0
gamma,d-optimality,28,60.0,120.0,0.04952386698278133,0.00011724497744580731,3.652067263766796,0.0,0.0,0.0,0.0,0.0,2.786439571383803,0.1543072245681443,1.0
gamma,d-optimality,28,90.0,180.0,0.067846711994207,0.00015295497723855078,3.5216256375932606,0.0,0.0,0.029445878339418807,0.0,0.0,2.150862818249094,0.13434180667195245,1.0
gamma,d-optimality,28,120.0,240.0,0.08497288796206703,0.00018461195577401668,3.450311723089495,0.0,0.0,0.0,0.0,0.0,2.0311759429143907,0.1137117685636687,1.0
gamma,d-optimality,29,15.0,30.0,0.025929192008334212,3.2925992854870856e-05,3.929100589302413,0.0,0.0,0.002130258798470952,0.04824114884450659,0.06999565841915112,8.345554039110937,0.30025259728346587,0.625
gamma,d-optimality,29,30.0,60.0,0.037372280028648674,5.91320131206885e-05,3.7377685568974717,0.0,0.0,0.002130258798470952,0.0,0.0,3.990639107796514,0.21696445012317597,1.0
gamma,d-optimality,29,60.0,120.0,0.057519191039318684,0.0001142180262831971,3.5645725177572296,0.0,0.0,0.002130258798470952,0.0,0.0,2.1460617714120263,0.17809532117933155,1.0
gamma,d-optimality,29,90.0,180.0,0.08063223104545614,0.00016373000835301355,3.4915070124171805,0.0,0.0,0.0,0.0,0.0,2.5870845806094103,0.15274963897967792,1.0
gamma,d-optimality,29,120.0,240.0,0.1013953750152723,0.00021589202515315264,3.460602502946647,0.0,0.0,0.002130258798470952,0.0,0.0,2.5955749175136895,0.14287602353452858,1.0
gamma,d-optimality,30,15.0,30.0,0.026106112003617454,3.409998316783458e-05,3.9558604756121376,0.0,0.023943279191712574,0.12379297588074412,0.17469530475580985,0.13943962086236672,6.295496438503295,0.2657450521255512,0.625
gamma,d-optimality,30,30.0,60.0,0.035927938981330954,5.922400305280462e-05,3.7575771060458245,0.0,0.023943279191712574,0.0,0.01378169345346858,0.04756321147349696,3.529707167738258,0.2029030126247612,1.0
gamma,d-optimality,30,60.0,120.0,0.054232865979429334,0.00010713604569900781,3.60077835911082,0.0,0.023943279191712574,0.0,0.01378169345346858,0.04756321147349696,3.007355051321831,0.15306513965273444,1.0
gamma,d-optimality,30,90.0,180.0,0.08108245599578368,0.0001895640598377213,3.5326049451840884,0.0,0.023943279191712574,0.0,0.01378169345346858,0.04756321147349696,2.669851346450811,0.13805451112805772,1.0
gamma,d-optimality,30,120.0,240.0,0.10092315098881954,0.00024563405895605683,3.4684737634059704,0.0,0.023943279191712574,0.0,0.01378169345346858,0.0,2.502759909757233,0.11703099816364532,1.0
gamma,d-optimality,31,15.0,30.0,0.026690025020798203,3.0426985176745802e-05,4.1941413554434535,0.0,0.1585859675411565,0.2102834094802969,0.19688581395720106,0.23695460558777093,22.703591462539016,0.29538637551050295,0.625
gamma,d-optimality,31,30.0,60.0,0.03834575901419157,6.311797187663615e-05,3.871329525068198,0.0,0.0,0.0,0.0,0.0,5.864693656958413,0.20527174471712725,1.0
gamma,d-optimality,31,60.0,120.0,0.05740879604854854,0.00011418798385420814,3.6123705065358465,0.0,0.0,0.0,0.0,0.0,5.0327802622470275,0.15225185091556065,1.0
gamma,d-optimality,31,90.0,180.0,0.07813634805643233,0.00016872198466444388,3.525302162436039,0.0,0.0,0.0,0.0,0.0,2.74862072771893,0.1446492163780782,1.0
gamma,d-optimality,31,120.0,240.0,0.0992689950435306,0.0002490310071152635,3.4746554356138666,0.0,0.0,0.0,0.0,0.0,2.398563178346222,0.1292102726455885,1.0
gamma,d-optimality,32,15.0,30.0,0.02596658800757723,2.719901385717094e-05,4.141187196547235,0.0,0.03239449412261075,1.1102230246251565e-16,1.1102230246251565e-16,2.220446049250313e-16,6.887761394929431,0.36235993808325395,0.625
gamma,d-optimality,32,30.0,60.0,0.037372016966401134,5.553699884330854e-05,3.82746562562871,0.0,0.03239449412261075,1.1102230246251565e-16,0.0068333813239891406,2.220446049250313e-16,4.281348114969958,0.21992182297457014,1.0
gamma,d-optimality,32,60.0,120.0,0.05686243699892657,0.00010526096593821421,3.612853677252603,0.06478898824522139,0.03239449412261075,1.1102230246251565e-16,0.0068333813239891406,2.220446049250313e-16,2.270575565047972,0.17923338010750792,1.0
gamma,d-optimality,32,90.0,180.0,0.08336667300318368,0.0001822069680201821,3.466048401299594,0.06478898824522139,0.03239449412261075,1.1102230246251565e-16,0.0068333813239891406,2.220446049250313e-16,1.9965782560302492,0.149926473717555,1.0
gamma,d-optimality,32,120.0,240.0,0.10584061500412645,0.00025084599474212155,3.40063837948826,0.06478898824522139,0.03239449412261075,1.1102230246251565e-16,0.0068333813239891406,2.220446049250313e-16,1.8325085610902319,0.13000999503055258,1.0
gamma,d-optimality,33,15.0,30.0,0.020037957998283673,2.0379004126880318e-05,3.8553860591867153,0.0,0.0,0.013839177814250925,0.040363904543309514,0.07171622940586386,5.572914497236065,0.3152507938560682,0.625
gamma,d-optimality,33,30.0,60.0,0.028037059979396872,4.3571024434641004e-05,3.5859716078277533,0.0,0.0,0.013839177814250925,0.0,0.0,2.478605287523882,0.1876558384945034,1.0
gamma,d-optimality,33,60.0,120.0,0.04370694700628519,7.975702465046197e-05,3.400317282501985,0.0,0.0,0.0,0.0,0.0,2.520990502388869,0.12651504667999025,1.0
gamma,d-optimality,33,90.0,180.0,0.05963372300902847,0.00011022503895219415,3.3436961712836513,0.0,0.0,0.013839177814250925,0.0,0.0,2.4255571227364716,0.11701386187060117,1.0
gamma,d-optimality,33,120.0,240.0,0.07463817396637751,0.00013812103861710057,3.3077290338524414,0.0,0.0,0.013839177814250925,0.0,0.0,1.8855760330975309,0.11190878668392432,1.0
gamma,d-optimality,34,15.0,30.0,0.019595648991526105,2.1415995433926582e-05,4.412930321651834,0.0,0.022805394304444726,0.04804985452700994,-2.220446049250313e-16,0.049998407324364,9.923515071313682,0.28260107210437047,0.625
gamma,d-optimality,34,30.0,60.0,0.028453029015508946,4.099098441656679e-05,4.189041133468564,0.0,0.0,0.0,0.02199634950537932,0.0,5.024763132247944,0.21072237399835708,1.0
gamma,d-optimality,34,60.0,120.0,0.04423010001482908,7.27659571566619e-05,3.965353613149984,0.0,0.10591917051346422,0.059351141300459265,0.02199634950537921,-2.220446049250313e-16,3.987017355375663,0.1739791966027851,1.0
gamma,d-optimality,34,90.0,180.0,0.06386224499874515,0.00010786695929709822,3.8669915005988087,0.0,0.0,0.059351141300459376,0.02199634950537932,0.0,3.258331452253408,0.15408189334801953,1.0
gamma,d-optimality,34,120.0,240.0,0.08421654899575515,0.0001468989794375375,3.689000580972151,0.0,0.0,0.0,0.02199634950537932,0.0,2.8246015208298814,0.11293006964081624,1.0
gamma,d-optimality,35,15.0,30.0,0.02696634700987488,2.384300751145929e-05,4.1610288172747865,0.0,0.08697514857287958,0.06157468593703308,0.05035990715234262,0.08419814097981027,7.013714526092916,0.3028450615780815,0.625
gamma,d-optimality,35,30.0,60.0,0.03623901498212945,4.283000453142449e-05,4.010466370078944,0.0,0.0029517491116642924,0.06207149578649429,0.05035990715234251,-2.220446049250313e-16,5.363061974854105,0.22073898325238586,1.0
gamma,d-optimality,35,60.0,120.0,0.05169264797586948,7.360601739492267e-05,3.813701468543588,0.0,0.0029517491116642924,0.0,0.0,0.0,3.337406862762886,0.18327869558540458,1.0
gamma,d-optimality,35,90.0,180.0,0.06965395197767066,0.00010358803410781547,3.5879483064157776,0.0,0.0029517491116642924,0.0,0.0,0.0,2.1501411278068168,0.14291688500518682,1.0
gamma,d-optimality,35,120.0,240.0,0.08623516098305117,0.00013607206346932799,3.5131305728723086,0.0,0.0029517491116642924,0.0,0.0,0.0,1.8789537232560045,0.13494777208705394,1.0
gamma,d-optimality,36,15.0,30.0,0.024913429995649494,2.3794018488842994e-05,4.037890276038024,0.0,0.0,0.0,0.0,0.0,6.136112638143436,0.34501250671874933,0.625
gamma,d-optimality,36,30.0,60.0,0.038274484999419656,7.751603698125109e-05,3.9728729651379546,0.0,0.0,0.0024422054141025606,0.0,0.0,5.358185612648082,0.2666274440773534,1.0
gamma,d-optimality,36,60.0,120.0,0.057095692012808286,0.00012858702393714339,3.799279476024655,0.0,0.0,0.0024422054141025606,0.0,0.0,4.45915681530228,0.22688597574679192,1.0
gamma,d-optimality,36,90.0,180.0,0.08321384000737453,0.00023070799215929583,3.5367747313111484,0.0,0.0,0.0024422054141025606,0.0,0.0,2.5605405095722626,0.18255093732125677,1.0
gamma,d-optimality,36,120.0,240.0,0.10398586198425619,0.0002959549965453334,3.496766367659866,0.0,0.0,0.0024422054141025606,0.0,0.0,2.75610523779809,0.17447634118072503,1.0
gamma,d-optimality,37,15.0,30.0,0.02686426400759956,3.711401222972199e-05,4.000849800326019,0.0,0.13707754433344643,0.018495426729791875,0.0,0.05905965433934213,6.675306806225386,0.2941002925013222,0.625
gamma,d-optimality,37,30.0,60.0,0.039063219002855476,8.62110173329711e-05,3.8224419622555423,0.0,0.0,0.018495426729791875,0.0,0.0,5.0285855275275715,0.2108581344116786,1.0
gamma,d-optimality,37,60.0,120.0,0.06877833404723788,0.00017882203246699646,3.6089291072697836,0.0,0.0,0.0,0.0,0.0,3.2892115205031347,0.16392163863942424,1.0
gamma,d-optimality,37,90.0,180.0,0.09171278905705549,0.00025886100775096565,3.463581071066603,0.0,0.0,0.0,0.0,0.0,1.8919479147736202,0.1463655375041395,1.0
gamma,d-optimality,37,120.0,240.0,0.11477898507291684,0.00033491400245111436,3.364206431265641,0.0,0.0,0.0,0.0,0.0,1.4457125065767757,0.12228496188074864,1.0
gamma,d-optimality,38,15.0,30.0,0.025341916996694636,2.5305984308943152e-05,4.338551186295514,0.0,0.03706275881685839,0.13149704013898944,0.11400492532812412,0.10547560892347985,17.107507523571265,0.35817601706738594,0.625
gamma,d-optimality,38,30.0,60.0,0.03885513801651541,5.931496707489714e-05,4.0682817016266775,0.0,0.0,0.0,0.0,0.0,6.293213465418265,0.2270843807644088,1.0
gamma,d-optimality,38,60.0,120.0,0.06946522904036101,0.0001615749642951414,3.9451400758923114,0.0,0.0,0.0,0.0,0.0,5.411813984599598,0.1781645004467966,1.0
gamma,d-optimality,38,90.0,180.0,0.0947964030856383,0.00022174396872287616,3.7825736725184846,0.0,0.0,0.0,0.0,0.0,4.336235433759569,0.1419639635858017,1.0
gamma,d-optimality,38,120.0,240.0,0.11749463407613803,0.00027583292830968276,3.6719926870121067,0.0,0.0,0.0,0.0,0.0,3.368198043647244,0.12127073897034765,1.0
gamma,d-optimality,39,15.0,30.0,0.019336176985234488,1.8833008653018624e-05,4.19404902554851,0.0,0.01100584692120965,0.024908450604145815,0.01955871913158891,0.0,8.316933110697908,0.2873331748244311,0.625
gamma,d-optimality,39,30.0,60.0,0.028148821962531656,3.606603422667831e-05,3.9042425354888857,0.0,0.01100584692120965,0.007995510443630893,0.0,0.0,4.313481120225081,0.20447518438277884,1.0
gamma,d-optimality,39,60.0,120.0,0.04303407094266731,6.636102625634521e-05,3.7057184743885148,0.0,0.01100584692120965,0.0,0.0,0.0,3.7489057790254545,0.15983992420232312,1.0
gamma,d-optimality,39,90.0,180.0,0.06174815296253655,9.829601185629144e-05,3.560436098121407,0.0,0.01100584692120965,0.0,0.0,0.0,2.7589061635044483,0.1281880144566687,1.0
gamma,d-optimality,39,120.0,240.0,0.07933039392810315,0.00012948608491569757,3.4881252059984753,0.0,0.01100584692120965,0.0,0.0,0.0,2.3394222870613213,0.11774855904320068,1.0
gamma,d-optimality,40,15.0,30.0,0.019227032011258416,1.8154983990825713e-05,4.346734899536192,0.0,0.12037213411183356,0.08830428453895323,0.18604998527281735,0.21529535544889833,17.79041003661153,0.3333235761356885,0.625
gamma,d-optimality,40,30.0,60.0,0.027743820035539102,3.507697692839429e-05,4.064739118216026,0.0,0.0,0.0,0.0,0.0,6.142647347721485,0.21928817038055715,1.0
gamma,d-optimality,40,60.0,120.0,0.04281660404376453,6.763501733075827e-05,3.817111224170668,0.0,0.0,0.0,0.0,0.013073493288629834,5.53514876771785,0.15366927552198853,1.0
gamma,d-optimality,40,90.0,180.0,0.0644270330449217,0.00010850704711629078,3.7752463239027017,0.0,0.0,0.0,0.0,0.013073493288629834,4.910685802386222,0.14280087280911768,1.0
gamma,d-optimality,40,120.0,240.0,0.08307672103546793,0.0001397120431647636,3.6327088546946,0.0,0.0,0.0,0.0,0.0,3.6516779629527765,0.12363569948058789,1.0
gamma,d-optimality,41,15.0,30.0,0.026319415999751072,2.545499592088163e-05,4.07669071259238,0.0,0.0,0.033256327056849666,0.05808812150090259,0.05083448549621283,8.28384757674326,0.29500095855110253,0.625
gamma,d-optimality,41,30.0,60.0,0.03714354398834985,6.0136990214232355e-05,3.7916749522220514,0.0,0.0,0.0010863144607266007,0.0015835085220596845,0.02656339122065343,3.9546007224571715,0.20221849239299375,1.0
gamma,d-optimality,41,60.0,120.0,0.05549859700840898,0.00010756099072750658,3.5059824524440724,0.0,0.0,0.0017835516751225633,0.0015835085220596845,0.026945799780572766,2.45186732093002,0.14090057958616337,1.0
gamma,d-optimality,41,90.0,180.0,0.07808036702044774,0.00015539203741354868,3.4637870782489855,0.0,0.0,0.0010863144607266007,0.0015835085220596845,0.0,2.2272099102645613,0.1252701721226292,1.0
gamma,d-optimality,41,120.0,240.0,0.09894802901544608,0.00020353707077447325,3.371135423074548,0.0,0.0,0.0017835516751225633,0.0015835085220596845,0.0,1.6366623887062204,0.11981296812923886,1.0
gamma,d-optimality,42,15.0,30.0,0.019367752014659345,1.851000706665218e-05,4.175758158366464,0.0,0.0,0.0,0.030315064866295982,0.0,8.989958757846182,0.27935149384750585,0.625
gamma,d-optimality,42,30.0,60.0,0.028451296006096527,3.6685014492832124e-05,3.823130411946167,0.0,0.0,0.0,0.0,0.0,5.132675696389497,0.18667945512686754,1.0
gamma,d-optimality,42,60.0,120.0,0.044192546971316915,7.253900548676029e-05,3.6110410231844434,0.0,0.0,0.0,0.0,0.0,3.3208594743963378,0.13009120726718884,1.0
gamma,d-optimality,42,90.0,180.0,0.06443664695689222,0.00010783100151456892,3.5160528769992716,0.0,0.0,0.0,0.0,0.0,3.0091008879010426,0.11362383717970283,1.0
gamma,d-optimality,42,120.0,240.0,0.08148225792683661,0.0001419289837940596,3.3854705780914753,0.0,0.0,0.0,0.0,0.0,2.0142994075701934,0.09190011867784517,1.0
gamma,d-optimality,43,15.0,30.0,0.026228912989608943,3.738696250366047e-05,4.167553685064148,0.0,0.0,0.008781444816091777,0.08182672094347554,0.06693536607992301,8.939038168664647,0.3038567568124557,0.625
gamma,d-optimality,43,30.0,60.0,0.036657941025623586,7.095495675457641e-05,3.89337203560533,0.0,0.0,0.008781444816091777,0.0027292789219099944,1.1102230246251565e-16,4.709216253152634,0.2284790710834408,1.0
gamma,d-optimality,43,60.0,120.0,0.055992999048612546,0.00012091494136257097,3.521132418443568,0.0,0.0,0.008781444816091777,0.0027292789219099944,1.1102230246251565e-16,2.7065545637026838,0.14180043489052555,1.0
gamma,d-optimality,43,90.0,180.0,0.0822430030311807,0.0001965549963642843,3.4319770323191983,0.0,0.0,0.008781444816091777,0.007161899786049419,1.1102230246251565e-16,2.324662947662256,0.12480635887216612,1.0
gamma,d-optimality,43,120.0,240.0,0.10264189903682563,0.00026185701426584274,3.4570202360054125,0.0,0.0,0.008781444816091777,0.007161899786049419,1.1102230246251565e-16,2.354564525533728,0.1386549962020228,1.0
gamma,d-optimality,44,15.0,30.0,0.020012756001960952,1.9733990484382957e-05,4.0323605529526,0.0,0.0,0.0,0.0343445904825862,0.062188700753549986,9.544087714955982,0.3344481648626888,0.625
gamma,d-optimality,44,30.0,60.0,0.03051556000718847,4.9556008889339864e-05,3.859686360714491,0.0,0.0,0.05725807537300376,1.1102230246251565e-16,0.030783014531283626,5.392923686281813,0.2273013123798921,1.0
gamma,d-optimality,44,60.0,120.0,0.04586709299474023,8.081399573711678e-05,3.5055475400396894,0.0,0.0,0.0,0.0,0.0,3.2957248980999667,0.14622002065610598,1.0
gamma,d-optimality,44,90.0,180.0,0.06359689099917887,0.00011470494791865349,3.370587505212781,0.0,0.0,0.0,0.0,0.0,2.1849153451897214,0.12318516581053851,1.0
gamma,d-optimality,44,120.0,240.0,0.07950027997867437,0.00014605798060074449,3.304787732727499,0.0,0.0,0.0,0.0,0.0,2.1412175609562154,0.1035255668595001,1.0
gamma,d-optimality,45,15.0,30.0,0.025670390969025902,3.281799581600353e-05,3.979353849421173,0.0,0.04916122588640026,0.07770641705469994,0.06835070632269491,0.07615844170590735,9.53398015571487,0.3311259537584178,0.625
gamma,d-optimality,45,30.0,60.0,0.03613227698224364,6.652600859524682e-05,3.7688950058340858,0.0,0.04916122588640026,0.0,0.00534470962289213,0.022936467545341954,4.300261023333646,0.22327872341448599,1.0
gamma,d-optimality,45,60.0,120.0,0.05598901699704584,0.00012005602911813185,3.52821518015905,0.0,0.04916122588640026,0.0,0.00534470962289213,0.022936467545341954,2.8169830107080687,0.16450003452414316,1.0
gamma,d-optimality,45,90.0,180.0,0.08216701097262558,0.00021479202405316755,3.4267627615826015,0.0,0.04916122588640026,0.0,0.00534470962289213,0.022936467545341954,2.418935471422725,0.1394186498584573,1.0
gamma,d-optimality,45,120.0,240.0,0.10418933500477578,0.0002831800447893329,3.3431614892035437,0.0,0.04916122588640026,0.0,0.00534470962289213,0.005282047463974648,1.9070602556549265,0.1251916572285157,1.0
gamma,d-optimality,46,15.0,30.0,0.025192272994900122,3.0806018912699074e-05,4.362694938042406,0.0,0.01435492794788118,1.1102230246251565e-16,2.220446049250313e-16,0.007037782279804561,9.051036174262963,0.29846905670152335,0.625
gamma,d-optimality,46,30.0,60.0,0.03714572803437477,6.253299943637103e-05,4.0544159889522495,0.0,0.0,0.0,0.0,0.00703778227980445,5.1426803161850865,0.1908086129765022,1.0
gamma,d-optimality,46,60.0,120.0,0.05810761304019252,0.00012232000153744593,3.7888913602913696,0.0,0.0,0.0,0.0,0.024135283725561618,3.4002441871426115,0.1293947137719789,1.0
gamma,d-optimality,46,90.0,180.0,0.08449705901875859,0.0002008159935940057,3.6961536431180946,0.0,0.0,0.0,0.0,0.0,2.979924712809926,0.1121904001668725,1.0
gamma,d-optimality,46,120.0,240.0,0.11013544000888942,0.00027535799745237455,3.6049397426102847,0.0,0.0,0.0,0.0,0.0,2.464105731188027,0.10350003294906063,1.0
gamma,d-optimality,47,15.0,30.0,0.025327767005364876,2.4362001568078995e-05,3.8453121802195764,0.0,0.027998849679309656,1.1102230246251565e-16,0.010212409139881973,1.1102230246251565e-16,5.6604875635068295,0.32944197713297296,0.625
gamma,d-optimality,47,30.0,60.0,0.03604273999371799,4.7247995098587126e-05,3.672622481754672,0.0,0.027998849679309656,1.1102230246251565e-16,0.010212409139881973,1.1102230246251565e-16,4.573617377039308,0.2145351356183544,1.0
gamma,d-optimality,47,60.0,120.0,0.05584361896762857,0.00011834701581392437,3.562109626394182,0.0,0.027998849679309656,1.1102230246251565e-16,1.1102230246251565e-16,1.1102230246251565e-16,3.2709119511896496,0.1840265507172173,1.0
gamma,d-optimality,47,90.0,180.0,0.08027577196480706,0.0001791059985407628,3.4938341249891063,0.0,0.0,0.0,0.0,0.0,2.7840401821243526,0.17017012662845135,1.0
gamma,d-optimality,47,120.0,240.0,0.10217729992291424,0.00024152992409653962,3.4207552953882874,0.0,0.027998849679309656,1.1102230246251565e-16,1.1102230246251565e-16,1.1102230246251565e-16,2.86923019130814,0.15207139377246806,1.0
gamma,d-optimality,48,15.0,30.0,0.02826266799820587,3.859100252157077e-05,4.000493528668164,0.04589640525670624,0.11142265273968599,0.0,0.0,0.0,6.281063716089323,0.2940035464436745,0.625
gamma,d-optimality,48,30.0,60.0,0.03723629902378889,5.920400872128084e-05,3.8675478207175327,0.04589640525670624,0.0,0.0,0.0253042719640737,0.0,4.814953271513662,0.24081524238218888,1.0
gamma,d-optimality,48,60.0,120.0,0.051966491046187,9.135201980825514e-05,3.6555978405316147,0.04589640525670624,0.0,0.0,0.0,0.0,4.702583699858375,0.17350555992988376,1.0
gamma,d-optimality,48,90.0,180.0,0.06924163905205205,0.00012349802273092791,3.566427918513098,0.04589640525670624,0.0,0.0,0.0,0.0,4.028691449280645,0.15197019629662095,1.0
gamma,d-optimality,48,120.0,240.0,0.08475268603797304,0.00015851002535782754,3.5045017974493633,0.04589640525670624,0.0,0.0,0.0,0.0,3.3269086969989385,0.1434513059358941,1.0
gamma,d-optimality,49,15.0,30.0,0.024617993978608865,2.0843006495852023e-05,4.0898513122367,0.0,0.0,0.0,0.0,0.032573551076133356,7.806668884386775,0.3337736812559197,0.625
gamma,d-optimality,49,30.0,60.0,0.03282517995830858,3.716199717018753e-05,3.837572610349415,0.0,0.0,0.0,0.0,0.004881392085044012,4.187105931782798,0.2544411699415778,1.0
gamma,d-optimality,49,60.0,120.0,0.0471784179462702,6.863298767711967e-05,3.5883030379824703,0.0,0.0,0.0,0.0,0.0,2.5061153563224314,0.19835489943558102,1.0
gamma,d-optimality,49,90.0,180.0,0.06394977992749773,9.777500235941261e-05,3.5042770300421133,0.0,0.0,0.0,0.0,0.0,2.563026441795174,0.17122077202831032,1.0
gamma,d-optimality,49,120.0,240.0,0.07955564696021611,0.00012577603047247976,3.4522410080484236,0.0,0.0,0.0,0.0,0.0,2.585015143060056,0.16169146330964757,1.0
gamma,thompson,0,15.0,1.0,0.008677330995851662,6.260997906792909e-06,4.6908443752995685,0.3711448960595719,0.4950435549143828,0.33522164518785025,0.40130481636652116,0.33290672330077453,24.266030587167133,0.4686192430737303,0.020833333333333332
gamma,thompson,0,30.0,2.0,0.018429923999065068,1.0428004316054285e-05,4.62474518026063,0.3711448960595719,0.4950435549143828,0.33522164518785025,0.40130481636652116,0.33290672330077453,23.333201248871724,0.4660509625689569,0.041666666666666664
gamma,thompson,0,60.0,3.0,0.027026142000977416,1.4475997886620462e-05,4.624553768715319,0.3711448960595719,0.4950435549143828,0.33522164518785025,0.40130481636652116,0.33290672330077453,23.334102204381878,0.46605215679062406,0.041666666666666664
gamma,thompson,0,90.0,4.0,0.037785595006425865,1.9564999092835933e-05,4.558028709144515,0.31220395077050367,0.21989913783066684,0.33522164518785025,0.40130481636652116,0.33290672330077453,21.9869667788857,0.4628420208522613,0.0625
gamma,thompson,0,120.0,44.0,0.34556132000579964,0.0001496639961260371,4.277991950621012,0.0,0.0,0.005756135764573456,0.0038796653735285735,0.004213102712073313,13.582351862982334,0.3940122850181211,0.3125
gamma,thompson,1,15.0,1.0,0.006485896999947727,4.9390000640414655e-06,4.396634567571531,0.8958156177341899,0.34440192464414654,0.5125417201145553,0.5873037398619354,0.5294179735265455,16.91972872972524,0.49420717839391176,0.020833333333333332
gamma,thompson,1,30.0,2.0,0.012432905998139177,7.11299799149856e-06,4.352938542352849,0.8958156177341899,0.34440192464414654,0.5125417201145553,0.5873037398619354,0.5294179735265455,16.220054978435524,0.4790111324741195,0.041666666666666664
gamma,thompson,1,60.0,3.0,0.018499968995456584,9.056995622813702e-06,4.31578086844904,0.8958156177341899,0.34440192464414654,0.5125417201145553,0.5873037398619354,0.5294179735265455,15.774247347488139,0.47390122792674944,0.0625
gamma,thompson,1,90.0,4.0,0.024204877990996465,1.0990996088366956e-05,4.2957786784563075,0.8958156177341899,0.34440192464414654,0.5125417201145553,0.5873037398619354,0.5294179735265455,15.699370986049578,0.46125227352208614,0.08333333333333333
gamma,thompson,1,120.0,44.0,0.2563624649992562,7.464700320269912e-05,3.997833662924253,0.0,0.008221238031002831,0.12396628963474965,0.1909690377730533,0.25326694756247026,10.198035785793543,0.34239366661720866,0.4791666666666667
gamma,thompson,2,15.0,1.0,0.006416684002033435,3.1050003599375486e-06,4.367013894407408,0.6984040472694397,0.38762293144000004,0.3921593354992433,0.4231801043723097,0.4117029122081449,16.553591730667858,0.5057389745642791,0.020833333333333332
gamma,thompson,2,30.0,2.0,0.012616844003787264,5.298999894876033e-06,4.3282041970996685,0.6984040472694397,0.38762293144000004,0.3921593354992433,0.4030058986560582,0.4491051088546897,16.415138381682304,0.504850950303869,0.041666666666666664
gamma,thompson,2,60.0,3.0,0.018359841000346933,6.851005309727043e-06,4.2758792649353445,0.41076172705724445,0.5109489136741592,0.353156329934163,0.32050093671281243,0.3224827559992248,16.2504775340186,0.5043857060659186,0.0625
gamma,thompson,2,90.0,4.0,0.02428558300016448,8.443006663583219e-06,4.250968056057294,0.41076172705724445,0.5109489136741592,0.353156329934163,0.32050093671281243,0.3224827559992248,16.22495378603813,0.5026260675726647,0.08333333333333333
gamma,thompson,2,120.0,44.0,0.26060129297547974,6.586801464436576e-05,4.091533443007499,0.0,0.12753834393170582,0.21239475250720574,0.256089296088408,0.13429083263910035,12.170910309515225,0.4073009287139507,0.3958333333333333
gamma,thompson,3,15.0,1.0,0.007751185999950394,5.39900065632537e-06,4.450804959399819,0.9178758398619391,0.8379429866712848,0.7489502932833159,0.7473681847556651,0.6575439482606301,27.86991002397179,0.46728881902295333,0.020833333333333332
gamma,thompson,3,30.0,2.0,0.015341225996962748,9.085997589863837e-06,4.4122898843014235,0.9178758398619391,0.8379429866712848,0.7489502932833159,0.7473681847556651,0.6575439482606301,27.75035637586261,0.4657046453740144,0.041666666666666664
gamma,thompson,3,60.0,3.0,0.023405369000101928,1.3152995961718261e-05,4.373787103756055,0.9178758398619391,0.8379429866712848,0.7489502932833159,0.7473681847556651,0.6575439482606301,27.703639204436975,0.46522510486886903,0.0625
gamma,thompson,3,90.0,4.0,0.030592112001613714,1.7209997167810798e-05,4.354864263338647,0.9178758398619391,0.8379429866712848,0.7489502932833159,0.7473681847556651,0.6575439482606301,27.700683299441636,0.4644634175647524,0.08333333333333333
gamma,thompson,3,120.0,44.0,0.34625526300806087,0.00015710699517512694,3.9008467346151483,0.0,0.0,0.0,0.020676605489554523,0.01881220208074985,5.934938394084657,0.33567185391531607,0.5416666666666666
gamma,thompson,4,15.0,1.0,0.007844190993637312,5.400004738476127e-06,4.714381123911438,0.8881205557736771,0.5986201219437213,0.5946486710245945,0.2050272389560156,0.15933988380202313,25.73190995657832,0.4950450481461425,0.020833333333333332
gamma,thompson,4,30.0,2.0,0.015319897996960208,9.497009159531444e-06,4.645782160352064,0.4922992191248964,0.5890562418215316,0.44384233083643165,0.4211192865212645,0.06655469947213266,24.517303470127835,0.4920245546827839,0.041666666666666664
gamma,thompson,4,60.0,3.0,0.023243290997925214,1.375400461256504e-05,4.594680885481587,0.4922992191248964,0.4793987591513851,0.5518249038488005,0.38983565670298526,0.3575174278306601,24.457426764226863,0.4917422129143679,0.0625
gamma,thompson,4,90.0,4.0,0.031069149998074863,1.7872000171337277e-05,4.574936461092661,0.4922992191248964,0.4793987591513851,0.5518249038488005,0.38983565670298526,0.3575174278306601,24.439091824355174,0.48972104225912605,0.08333333333333333
gamma,thompson,4,120.0,44.0,0.3429505920066731,0.00018009099585469812,4.359977045415177,0.0,0.0,0.0,0.0,0.0378645510120621,9.126040857942904,0.4324155350446624,0.22916666666666666
gamma,thompson,5,15.0,1.0,0.009111934996326454,8.775998139753938e-06,4.703301453405554,0.36419771529873424,0.5424715762030702,0.5669270764736423,0.5851414183139958,0.6140932105659584,19.513346931654898,0.4760104051548879,0.020833333333333332
gamma,thompson,5,30.0,2.0,0.01746211499994388,1.3443997886497527e-05,4.649185121805731,0.36419771529873424,0.5424715762030702,0.5669270764736423,0.5851414183139958,0.6140932105659584,19.181024058281444,0.47500448592888345,0.041666666666666664
gamma,thompson,5,60.0,3.0,0.025236361994757317,1.8522994650993496e-05,4.6143011611652485,0.36419771529873424,0.5424715762030702,0.5669270764736423,0.6414801431495303,0.6609722372497102,19.027933768237546,0.4736953836113479,0.0625
gamma,thompson,5,90.0,4.0,0.03315753999049775,2.310099807800725e-05,4.579704917479532,0.36419771529873424,0.5424715762030702,0.5669270764736423,0.6414801431495303,0.6609722372497102,18.557619733032503,0.4657920383501956,0.08333333333333333
gamma,thompson,5,120.0,44.0,0.3558439759945031,0.00019688798784045503,4.247860803307561,0.0,0.0,0.006522424445326247,0.20064195372104554,0.178942062848383,10.69128637377151,0.3487096967260087,0.375
gamma,thompson,6,15.0,1.0,0.011483167996630073,8.925999281927943e-06,4.60505686397025,0.5472048049633688,0.6443823256212549,0.6036703495403257,0.42953740320905387,0.4317694395211569,26.46055103535066,0.5015884238667874,0.020833333333333332
gamma,thompson,6,30.0,2.0,0.01950940199458273,1.397400046698749e-05,4.573278489471637,0.5472048049633688,0.6443823256212549,0.6036703495403257,0.42953740320905387,0.48369409311046885,26.433475729090457,0.5013711557974425,0.041666666666666664
gamma,thompson,6,60.0,3.0,0.02688254599343054,1.8151004042010754e-05,4.535083606423017,0.5472048049633688,0.6443823256212549,0.6036703495403257,0.42953740320905387,0.48369409311046885,26.030560438268125,0.48991424125700794,0.0625
gamma,thompson,6,90.0,4.0,0.034730413994111586,2.256800507893786e-05,4.517209613125717,0.5472048049633688,0.6443823256212549,0.6036703495403257,0.42953740320905387,0.48369409311046885,26.00057270904812,0.4849323870734852,0.08333333333333333
gamma,thompson,6,120.0,44.0,0.3592157859893632,0.0001817130032577552,4.225429225616242,0.0,0.0,0.07682736117377831,0.0,0.1045565703566077,11.86981810536665,0.4454783155441675,0.2708333333333333
gamma,thompson,7,15.0,1.0,0.008876106003299356,7.613998604938388e-06,4.3040996966931315,0.3390229682959782,0.5157083441032027,0.6395296199329057,0.42498586039189523,0.294188330463938,11.872913761610482,0.49521445646579226,0.020833333333333332
gamma,thompson,7,30.0,2.0,0.017370192006637808,1.2182004866190255e-05,4.265126477834097,0.3390229682959782,0.5157083441032027,0.6395296199329057,0.42498586039189523,0.294188330463938,10.816363693509574,0.4783390865251614,0.041666666666666664
gamma,thompson,7,60.0,3.0,0.025616889011871535,1.6470003174617887e-05,4.220860098544886,0.3390229682959782,0.5157083441032027,0.323895307408386,0.19052502906113,0.25224383410760154,9.55241970466199,0.4556478155809728,0.0625
gamma,thompson,7,90.0,4.0,0.03371098401112249,2.084700099658221e-05,4.178715944712933,0.3390229682959782,0.5157083441032027,0.323895307408386,0.19052502906113,0.25224383410760154,9.420549865680783,0.4551782048589143,0.08333333333333333
gamma,thompson,7,120.0,44.0,0.37207217500690604,0.0002032009870163165,3.765904510460967,0.0,0.024722137368705543,1.1102230246251565e-16,2.220446049250313e-16,1.1102230246251565e-16,3.9345668447928213,0.3137069910223227,0.625
gamma,thompson,8,15.0,1.0,0.009226928996213246,6.271002348512411e-06,4.748579069909279,0.5521143211916174,0.3847866202128978,0.471769769051422,0.3536007799341727,0.3860622738718379,30.915983615662036,0.5041129243098981,0.020833333333333332
gamma,thompson,8,30.0,2.0,0.01744420299655758,1.0218005627393723e-05,4.745569410985172,0.5521143211916174,0.3847866202128978,0.471769769051422,0.3536007799341727,0.3860622738718379,30.913688452067635,0.5041090984158098,0.020833333333333332
gamma,thompson,8,60.0,3.0,0.027105753993964754,1.4877005014568567e-05,4.712455049287484,0.5521143211916174,0.3847866202128978,0.471769769051422,0.3536007799341727,0.3860622738718379,30.61779240625993,0.49618056393404736,0.041666666666666664
gamma,thompson,8,90.0,4.0,0.03698902899486711,2.0417006453499198e-05,4.711892072132791,0.5521143211916174,0.3847866202128978,0.471769769051422,0.3536007799341727,0.3860622738718379,30.617418353860284,0.4961799475608161,0.041666666666666664
gamma,thompson,8,120.0,44.0,0.37403619201359106,0.00019994901231257245,4.4121736542173755,0.0,0.023523417381604905,0.03979093964152902,0.1058889804458022,0.02740084034556678,13.679116172719821,0.4371776576573486,0.1875
gamma,thompson,9,15.0,1.0,0.008755701004702132,5.7199940783903e-06,4.449168843279666,0.0,0.3869197187678235,0.39780673371668807,0.3928907882657334,0.4013934837463923,13.188414320957067,0.43467692127962515,0.020833333333333332
gamma,thompson,9,30.0,2.0,0.016654769009619486,1.0497991752345115e-05,4.4498580335963505,0.0,0.3869197187678235,0.39780673371668807,0.3928907882657334,0.4013934837463923,13.186785969447927,0.4346758936422159,0.020833333333333332
gamma,thompson,9,60.0,3.0,0.0245879480135045,1.5886987966950983e-05,4.451503856635086,0.0,0.3869197187678235,0.39780673371668807,0.3928907882657334,0.4013934837463923,13.187514851152516,0.4346763656045352,0.020833333333333332
gamma,thompson,9,90.0,4.0,0.03211310201731976,2.0504987332969904e-05,4.386927299008911,0.014757859359060599,0.0,0.12715626518995016,0.16361830346573458,0.182607710967984,10.630521584779656,0.43123641391628714,0.041666666666666664
gamma,thompson,9,120.0,44.0,0.34618075400794623,0.00018706997070694342,4.067161136531395,0.014757859359060599,0.0,0.0,0.012204171546050135,0.07416855963482205,7.13744829628441,0.38136943579109955,0.375
gamma,thompson,10,15.0,1.0,0.006251239996345248,4.036999598611146e-06,4.775335743697954,0.8229288106523276,0.8510441840595631,0.2619423106236254,0.27405049553723937,0.3014896285664346,23.910382211062473,0.5683286445467568,0.020833333333333332
gamma,thompson,10,30.0,2.0,0.011797416991612408,5.789996066596359e-06,4.725192452359145,0.8229288106523276,0.11448231068333592,0.1890741948507717,0.23949519561971877,0.3081112848871932,23.3597829156324,0.5484678426679048,0.041666666666666664
gamma,thompson,10,60.0,3.0,0.017833133992098738,7.382994226645678e-06,4.676132752527599,0.7060684196497897,0.645661801886628,0.09375139443539515,0.12584060140158437,0.1673651554220511,23.29808455737255,0.548218659767904,0.0625
gamma,thompson,10,90.0,4.0,0.02344876399001805,8.94599361345172e-06,4.64269656410855,0.7060684196497897,0.645661801886628,0.09375139443539515,0.12584060140158437,0.20525808025570336,23.03118158552366,0.5447537510681244,0.08333333333333333
gamma,thompson,10,120.0,44.0,0.2601635289756814,7.560899393865839e-05,4.3790196628023015,0.0,0.0,0.06190846934990857,0.013782119639858648,0.10384929837037005,10.24282792884822,0.49829828006987315,0.25
gamma,thompson,11,15.0,1.0,0.006476901995483786,3.7869976949878037e-06,4.823430507379386,0.0,0.027257968828325874,0.08316854952861696,0.22035934023799553,0.3118520768348306,19.443494530238553,0.466541532978148,0.020833333333333332
gamma,thompson,11,30.0,2.0,0.012537342998257373,5.6100034271366894e-06,4.766910461161172,0.3203074964128586,0.09673684151358564,0.0674130456071006,0.06628498319716714,0.17455816539342883,18.871344030954866,0.46499168925949896,0.041666666666666664
gamma,thompson,11,60.0,3.0,0.01839128699793946,7.423004717566073e-06,4.764865153738028,0.3203074964128586,0.09673684151358564,0.0674130456071006,0.06628498319716714,0.17455816539342883,18.869193875365948,0.46498829250014617,0.041666666666666664
gamma,thompson,11,90.0,4.0,0.024321636999957263,9.126000804826617e-06,4.7629350678213775,0.3203074964128586,0.09673684151358564,0.0674130456071006,0.06628498319716714,0.17455816539342883,18.867264721818206,0.46498530288636797,0.041666666666666664
gamma,thompson,11,120.0,44.0,0.2575423360176501,7.191300392150879e-05,4.42255593396866,0.0,0.0,0.0,0.01255707017399954,-2.220446049250313e-16,10.911425622781842,0.3987853818619966,0.4166666666666667
gamma,thompson,12,15.0,1.0,0.006072271993616596,3.5969933378510177e-06,4.665448553101203,0.0,0.0,0.15668363043243605,0.18063728393616885,0.2712063825146992,12.349078013657357,0.5019124238873892,0.020833333333333332
gamma,thompson,12,30.0,2.0,0.011706905992468819,6.1119935708120465e-06,4.620397315074411,0.0,0.0,0.15668363043243605,0.18063728393616885,0.11021329832207138,11.245950835239697,0.4792950171785699,0.041666666666666664
gamma,thompson,12,60.0,3.0,0.01710534099402139,7.925991667434573e-06,4.59933164733176,0.0,0.0,0.15668363043243605,0.18063728393616885,0.11021329832207138,11.169044914917245,0.47313728952415324,0.0625
gamma,thompson,12,90.0,4.0,0.022809588997915853,9.749986929818988e-06,4.550947524660462,0.0,0.0,0.15668363043243605,0.1258586534715077,0.14190965519697896,11.169161426612684,0.4731376282090016,0.08333333333333333
gamma,thompson,12,120.0,44.0,0.2535328089797986,6.768398452550173e-05,4.255529648643619,0.0,0.0,0.014973777011987544,0.0,0.0,7.846842464819721,0.4003845306482555,0.4166666666666667
gamma,thompson,13,15.0,1.0,0.0059289479977451265,4.086999979335815e-06,4.818683651871363,0.6044686004334172,0.6944016781014732,0.7374304296010593,0.2843976663557948,0.26014184152191633,25.12228767050683,0.5036508771793677,0.020833333333333332
gamma,thompson,13,30.0,2.0,0.011659372001304291,6.071000825613737e-06,4.761075109010012,0.6044686004334172,0.6944016781014732,0.7374304296010593,0.2843976663557948,0.26014184152191633,25.055703322057195,0.5018188030413743,0.041666666666666664
gamma,thompson,13,60.0,3.0,0.01766763000341598,7.684000593144447e-06,4.7030630123510315,0.6044686004334172,0.6944016781014732,0.7374304296010593,0.2843976663557948,0.26014184152191633,25.014919220413855,0.5005466522956953,0.0625
gamma,thompson,13,90.0,4.0,0.02344637000351213,9.536997822578996e-06,4.6584987248482195,0.6044686004334172,0.6944016781014732,0.7374304296010593,0.2843976663557948,0.26014184152191633,24.514281645047724,0.4817555856214906,0.08333333333333333
gamma,thompson,13,120.0,44.0,0.2522357119669323,6.074900011299178e-05,4.447170234153536,0.0,0.0,0.06658967758716383,0.12129805971584506,0.20202714921094156,14.19303054118186,0.4514366348674841,0.25
gamma,thompson,14,15.0,1.0,0.008365207999304403,6.793001375626773e-06,4.518227993925414,0.0,0.419844636761295,0.4036404816222793,0.4381948372849511,0.44790674254292007,23.31329607396113,0.5356380427568435,0.020833333333333332
gamma,thompson,14,30.0,2.0,0.01599542899930384,1.0839998139999807e-05,4.517808592165966,0.0,0.419844636761295,0.4036404816222793,0.4381948372849511,0.44790674254292007,23.313339811909156,0.5356380536395527,0.020833333333333332
gamma,thompson,14,60.0,3.0,0.025299484994320665,1.5978999726939946e-05,4.517958189208493,0.0,0.419844636761295,0.4036404816222793,0.4381948372849511,0.44790674254292007,23.31382073414327,0.5356381738434105,0.020833333333333332
gamma,thompson,14,90.0,4.0,0.03320439499657368,2.1829000615980476e-05,4.518154726100607,0.0,0.419844636761295,0.4036404816222793,0.4381948372849511,0.44790674254292007,23.314288982558203,0.5356382913936668,0.020833333333333332
gamma,thompson,14,120.0,44.0,0.3336978539809934,0.0001240569690708071,4.3800046921557865,0.0,0.419844636761295,0.4279510269347,0.4076459901579199,0.3848919859513227,21.789818153391323,0.48228417444192,0.125
gamma,thompson,15,15.0,1.0,0.007938999995531049,3.996996383648366e-06,4.740581218735772,0.0,0.3141320700585686,0.15706129356223852,0.20526449018593362,0.18137484966550232,26.74167494944259,0.49497265285225533,0.020833333333333332
gamma,thompson,15,30.0,2.0,0.016194441996049136,7.652997737750411e-06,4.680938551741687,0.6277668717009117,0.11955999972010156,0.25357179572051025,0.11419784844633352,0.1520690402176127,26.405105755457146,0.49372263438622105,0.041666666666666664
gamma,thompson,15,60.0,3.0,0.025226083998859394,1.1408999853301793e-05,4.646932758124203,0.6277668717009117,0.11955999972010156,0.25357179572051025,0.11419784844633352,0.1520690402176127,26.187219699337835,0.49033664214033806,0.0625
gamma,thompson,15,90.0,4.0,0.03339697599585634,1.5306002751458436e-05,4.618049506207136,0.6277668717009117,0.11955999972010156,0.25357179572051025,0.11419784844633352,0.1520690402176127,26.13381677905801,0.4690298551388951,0.08333333333333333
gamma,thompson,15,120.0,44.0,0.3540070180024486,0.00013461701018968597,4.4926792283716885,0.0,0.11955999972010156,-2.220446049250313e-16,0.07093803546696453,0.06268193542259592,14.941180301119264,0.44560830928136247,0.1875
gamma,thompson,16,15.0,1.0,0.009076421003555879,6.030997610650957e-06,4.615837766728355,0.8648195763362123,0.2644309504667609,0.3490958670497687,0.4565807076665718,0.3968639100473197,14.799536683392818,0.5582234821292085,0.020833333333333332
gamma,thompson,16,30.0,2.0,0.017467705001763534,1.1369993444532156e-05,4.557077506668441,0.0,0.2644309504667609,0.3490958670497687,0.4565807076665718,0.3968639100473197,12.53695064956836,0.5555204974732197,0.041666666666666664
gamma,thompson,16,60.0,3.0,0.025338523999380413,1.6738995327614248e-05,4.551258552453369,0.0,0.2644309504667609,0.3490958670497687,0.4565807076665718,0.3968639100473197,12.52906348660756,0.5555164730476713,0.041666666666666664
gamma,thompson,16,90.0,4.0,0.03284974399866769,2.106699685100466e-05,4.510741525689306,0.0,0.2644309504667609,0.3490958670497687,0.4565807076665718,0.3968639100473197,12.509476026831166,0.555453931821358,0.0625
gamma,thompson,16,120.0,44.0,0.3377199539972935,0.0001330270170001313,4.242720827706319,0.0,0.0,0.04633447629956766,0.061657430763832455,0.09524363079439846,8.583906824645553,0.44223359951657115,0.3541666666666667
gamma,thompson,17,15.0,1.0,0.006055412995920051,3.967004886362702e-06,4.385639077737796,0.7714186086903487,0.4442939285414296,0.43376430171803615,0.4137410341833875,0.3040545767726637,13.183877948809572,0.4405617621121796,0.020833333333333332
gamma,thompson,17,30.0,2.0,0.01205360299354652,6.0100064729340374e-06,4.350913398946034,0.7714186086903487,0.4442939285414296,0.43376430171803615,0.4137410341833875,0.3040545767726637,12.44630915000023,0.4306344443654949,0.041666666666666664
gamma,thompson,17,60.0,3.0,0.017834987993410323,8.05401214165613e-06,4.32575285072562,0.7714186086903487,0.4442939285414296,0.43376430171803615,0.4137410341833875,0.3040545767726637,12.410317370109405,0.4283511155933214,0.0625
gamma,thompson,17,90.0,4.0,0.02339086298889015,9.587012755218893e-06,4.289563231647772,0.7714186086903487,0.4442939285414296,0.43376430171803615,0.4137410341833875,0.3040545767726637,12.410095361017815,0.4283436506491146,0.08333333333333333
gamma,thompson,17,120.0,44.0,0.2564703099997132,5.902499833609909e-05,3.947200598070113,0.0,0.07646861183441889,0.0062857454968486826,0.08448608385142298,0.10378238759170988,7.094430094519727,0.3305360619211922,0.4791666666666667
gamma,thompson,18,15.0,1.0,0.007339213996601757,4.909001290798187e-06,4.430044320288168,0.8345230237828086,0.12074804033399489,0.27030038982194615,0.32270463834685215,0.2156412567385675,24.06367394305891,0.5361373375233176,0.020833333333333332
gamma,thompson,18,30.0,2.0,0.015836555998248514,9.9280005088076e-06,4.327414606075118,0.0,0.12074804033399489,0.27030038982194615,0.32270463834685215,0.2156412567385675,12.406373931284273,0.5273697009335484,0.041666666666666664
gamma,thompson,18,60.0,3.0,0.023847242999181617,1.4316006854642183e-05,4.307497086649112,0.0,0.12074804033399489,0.27030038982194615,0.32270463834685215,0.2156412567385675,12.338955973612196,0.5166649736549316,0.0625
gamma,thompson,18,90.0,4.0,0.0325315980007872,2.081800630548969e-05,4.306969660401339,0.0,0.12074804033399489,0.27030038982194615,0.32270463834685215,0.2156412567385675,12.339363014384718,0.5166650293397033,0.0625
gamma,thompson,18,120.0,44.0,0.34635882699512877,0.0001569079831824638,4.193751944969266,0.0,0.0,0.08459581974719665,0.1718513856556555,0.22410954074424738,10.190385027475566,0.4785782138875077,0.20833333333333334
gamma,thompson,19,15.0,1.0,0.008888026997738052,4.497996997088194e-06,4.499875252581887,0.5772756768468681,0.6193471133724904,0.5552062521014081,0.2611554868964431,0.3361543392809151,16.05136111333569,0.4441704561837631,0.020833333333333332
gamma,thompson,19,30.0,2.0,0.01623502399888821,8.384995453525335e-06,4.48012859006385,0.5772756768468681,0.6193471133724904,0.5552062521014081,0.2611554868964431,0.3361543392809151,15.995273296945182,0.42845666617507566,0.041666666666666664
gamma,thompson,19,60.0,3.0,0.02545698399626417,1.3282995496410877e-05,4.447057452800827,0.5772756768468681,0.6193471133724904,0.5552062521014081,0.2611554868964431,0.3361543392809151,15.833461478258714,0.4272303139990482,0.0625
gamma,thompson,19,90.0,4.0,0.03332230299565708,1.712999801384285e-05,4.384053173199356,0.0,0.17412491874371527,0.25613958761995714,0.26115548689644297,0.336154339280915,13.98108367437194,0.42395524367958376,0.08333333333333333
gamma,thompson,19,120.0,44.0,0.3730127480230294,0.00014843601820757613,3.9794496286410577,0.0,0.12741242128648345,0.0,0.016084865508673496,0.014390991615803594,7.092334384566719,0.2892779130786045,0.5208333333333334
gamma,thompson,20,15.0,1.0,0.007649065002624411,3.645996912382543e-06,5.039811772195509,0.0,0.41171144278606964,0.5093532144826016,0.5304219101646617,0.5035132751566815,19.27155652012842,0.49421657006237135,0.020833333333333332
gamma,thompson,20,30.0,2.0,0.015733303007436916,8.243994670920074e-06,5.0398202556456635,0.0,0.41171144278606964,0.5093532144826016,0.5304219101646617,0.5035132751566815,19.273313310321708,0.49421713544219537,0.020833333333333332
gamma,thompson,20,60.0,3.0,0.030393498011108022,1.503599196439609e-05,4.999190679863854,0.0,0.41171144278606964,0.5093532144826016,0.48265565042986913,0.4241435624821732,19.053720942674126,0.49212580226900976,0.041666666666666664
gamma,thompson,20,90.0,4.0,0.03850539500854211,1.9664992578327656e-05,4.9992633746851345,0.0,0.41171144278606964,0.5093532144826016,0.48265565042986913,0.4241435624821732,19.050974771114326,0.49212492734842456,0.041666666666666664
gamma,thompson,20,120.0,44.0,0.36002342201391,0.00014994900993769988,4.854003660473336,0.0,0.24213601112086625,0.27945944705639403,0.2849529147709795,0.2675988892295236,17.79593143918219,0.46927254150734454,0.22916666666666666
gamma,thompson,21,15.0,1.0,0.008879280998371542,5.009002052247524e-06,4.481914979864075,0.8844659370492916,0.9040724815642203,0.8927510100029268,0.9036808466689659,0.8314946289338006,17.223636438671384,0.5322054378531741,0.020833333333333332
gamma,thompson,21,30.0,2.0,0.018214942996564787,9.147006494458765e-06,4.429730094376559,0.24777061357616204,0.5047660676747449,0.5727273771653176,0.6152673550723969,0.6405454938067604,16.84612031722175,0.5313058609297371,0.041666666666666664
gamma,thompson,21,60.0,3.0,0.02631777299393434,1.3124008546583354e-05,4.385543115837396,0.24777061357616204,0.5047660676747449,0.5727273771653176,0.6152673550723969,0.6405454938067604,16.831514214035746,0.5312402502407225,0.0625
gamma,thompson,21,90.0,4.0,0.03397664499061648,1.7101010598707944e-05,4.336551330106324,0.24777061357616204,0.5047660676747449,0.5679142653168961,0.6299030004481584,0.5795862151472508,16.07805723306411,0.5135755557152143,0.08333333333333333
gamma,thompson,21,120.0,44.0,0.3541460049673333,0.0001344770353171043,3.9053773010748523,0.0,0.0,0.0,0.0,0.0,4.534000617424626,0.3457390493046328,0.5
gamma,thompson,22,15.0,1.0,0.006043761997716501,3.927001671399921e-06,5.0184768060775555,0.0,0.149996656508822,0.032200297927310384,0.13245455159340747,0.1544077727005384,30.94546635798873,0.5295009848038665,0.020833333333333332
gamma,thompson,22,30.0,2.0,0.011935732996789739,5.680005415342748e-06,4.975794534585967,0.0,0.149996656508822,0.032200297927310384,0.13245455159340747,0.1544077727005384,30.572837753848052,0.5158398126166879,0.041666666666666664
gamma,thompson,22,60.0,3.0,0.017551493991049938,7.152004400268197e-06,4.938075900153726,0.0,0.149996656508822,0.032200297927310384,0.13245455159340747,0.1544077727005384,30.211048237850182,0.5034166210307386,0.0625
gamma,thompson,22,90.0,4.0,0.02345185098965885,8.64500179886818e-06,4.8796345862984625,0.624548434646778,0.20369630910416725,0.18729658120652803,0.06058380723155021,0.11647545723431219,29.913558083004983,0.5021876654132131,0.08333333333333333
gamma,thompson,22,120.0,44.0,0.2537560829950962,5.676300497725606e-05,4.67710200102669,0.0,0.20369630910416725,0.280223086651072,0.23228227612630215,0.09120739407546496,21.536370784276126,0.4519184860768692,0.2708333333333333
gamma,thompson,23,15.0,1.0,0.009451657999306917,4.979003279004246e-06,4.503576077368609,0.9566111728764598,0.8023752856410141,0.4694468774566203,0.5186726838250428,0.524120100328276,17.875490328616763,0.5538582320772513,0.020833333333333332
gamma,thompson,23,30.0,2.0,0.018284056000993587,9.06600325834006e-06,4.463961937425776,0.6911685053735853,0.3878026621795836,0.4694468774566203,0.48905600197569077,0.5158503925889057,17.172377979699192,0.537317119307207,0.041666666666666664
gamma,thompson,23,60.0,3.0,0.02727812100056326,1.3894001313019544e-05,4.418404482794433,0.6911685053735853,0.3878026621795836,0.4694468774566203,0.48905600197569077,0.5158503925889057,16.39483132745629,0.5160011725354384,0.0625
gamma,thompson,23,90.0,4.0,0.03589666799962288,1.8350998288951814e-05,4.401271154230897,0.6911685053735853,0.3878026621795836,0.4694468774566203,0.48905600197569077,0.5158503925889057,16.364712275803996,0.5122922470876645,0.08333333333333333
gamma,thompson,23,120.0,44.0,0.3580783220095327,0.00015041001461213455,4.172179659505467,0.0,0.0,0.12103868955964481,0.10576351822038732,0.15244487257637873,10.302745590259113,0.3993815522723812,0.3333333333333333
gamma,thompson,24,15.0,1.0,0.00633885599381756,2.954999217763543e-06,4.843375458439441,0.26184399947650827,0.13092199973825425,0.4003186392124358,0.4606984791063108,0.2823078009082278,38.83357365566598,0.5248203096261076,0.020833333333333332
gamma,thompson,24,30.0,2.0,0.012367550996714272,5.37899904884398e-06,4.84401165978825,0.26184399947650827,0.13092199973825425,0.4003186392124358,0.4606984791063108,0.2823078009082278,38.834552152822006,0.5248210857345778,0.020833333333333332
gamma,thompson,24,60.0,3.0,0.01829774099314818,7.262999133672565e-06,4.841521597278476,0.26184399947650827,0.13092199973825425,0.4003186392124358,0.4606984791063108,0.2823078009082278,38.830939199570324,0.5248182475193992,0.020833333333333332
gamma,thompson,24,90.0,4.0,0.02466850299242651,9.12699761101976e-06,4.841548738335443,0.26184399947650827,0.13092199973825425,0.4003186392124358,0.4606984791063108,0.2823078009082278,38.83060138425055,0.5248179877494787,0.020833333333333332
gamma,thompson,24,120.0,44.0,0.2573653799845488,6.745995779056102e-05,4.613838962933435,0.0,0.13092199973825425,0.2658836103476857,0.3528097001099898,0.18633645955147093,32.00922057501073,0.505162103441272,0.14583333333333334
gamma,thompson,25,15.0,1.0,0.005870783999853302,2.934997610282153e-06,4.361525359644182,0.6604708835041382,0.7275223825540933,0.7108113484347416,0.6964029615307428,0.6820729864600374,16.86445247903325,0.5033304073579407,0.020833333333333332
gamma,thompson,25,30.0,2.0,0.011636281000392046,4.627996531780809e-06,4.328954890724439,0.6604708835041382,0.7275223825540933,0.7108113484347416,0.6964029615307428,0.63904692142734,16.382435477411484,0.49728598700578985,0.041666666666666664
gamma,thompson,25,60.0,3.0,0.017483311996329576,6.08999835094437e-06,4.306943433261874,0.6604708835041382,0.7275223825540933,0.7108113484347416,0.6964029615307428,0.63904692142734,16.312025270616118,0.48601564653959134,0.0625
gamma,thompson,25,90.0,4.0,0.023076141995261423,7.522998203057796e-06,4.268108071241083,0.6604708835041382,0.7275223825540933,0.7108113484347416,0.6964029615307428,0.63904692142734,16.1816272630827,0.4851761006310951,0.08333333333333333
gamma,thompson,25,120.0,44.0,0.2612328749964945,6.146099622128531e-05,3.98677744679015,0.0,0.26581749393241305,0.2207519208294998,0.21722538837182692,0.24500998120771433,9.116040515923448,0.35607001105684455,0.4375
gamma,thompson,26,15.0,1.0,0.005694070001482032,3.7569989217445254e-06,4.157830615124662,0.21721324376040618,0.543252107845096,0.47749088868596146,0.5273854098474569,0.519764400207726,18.17449147332457,0.5430645312297546,0.020833333333333332
gamma,thompson,26,30.0,2.0,0.011585209998884238,5.1489987527020276e-06,4.110788870524037,0.21721324376040618,0.42319712219786465,0.48776899000410023,0.48462065383954267,0.43970988042480963,17.451695985699196,0.5231096900703548,0.041666666666666664
gamma,thompson,26,60.0,3.0,0.01734121999470517,6.472000677604228e-06,4.076743472596028,0.21721324376040618,0.42319712219786465,0.48776899000410023,0.48462065383954267,0.43970988042480963,17.451243738061198,0.5230612078144161,0.0625
gamma,thompson,26,90.0,4.0,0.022927928999706637,7.743998139631003e-06,4.054017155326666,0.21721324376040618,0.42319712219786465,0.48776899000410023,0.48462065383954267,0.43970988042480963,17.379759645425423,0.5096421611464013,0.08333333333333333
gamma,thompson,26,120.0,44.0,0.278026008985762,7.161602115957066e-05,3.658708083651979,0.0,0.0,0.0,0.002351964480984292,0.0,5.627801008544941,0.39237700021352606,0.4583333333333333
gamma,thompson,27,15.0,1.0,0.008711832997505553,3.1860035960562527e-06,4.513347385863175,0.4524411584058592,0.0,0.1909392096951268,0.2179355242732507,0.26734818928304405,25.09854451282134,0.5255245568506332,0.020833333333333332
gamma,thompson,27,30.0,2.0,0.017836509992775973,6.54099858365953e-06,4.499506876528664,0.4524411584058592,0.0,0.1909392096951268,0.2179355242732507,0.26734818928304405,25.08130159932069,0.5160883160080574,0.041666666666666664
gamma,thompson,27,60.0,3.0,0.02732716698665172,9.786999726202339e-06,4.45621704123974,0.4524411584058592,0.0,0.1909392096951268,0.2179355242732507,0.26734818928304405,25.071457201270306,0.5160204860830783,0.0625
gamma,thompson,27,90.0,4.0,0.035185091983294114,1.3533004675991833e-05,4.434776995149342,0.4524411584058592,0.0,0.1909392096951268,0.2179355242732507,0.26734818928304405,25.02151702706994,0.5021655364489804,0.08333333333333333
gamma,thompson,27,120.0,44.0,0.3465425519825658,0.00011721201735781506,4.044323688343663,0.0,0.0,0.0,0.0221561365968288,0.04369470570585854,8.26700621743496,0.43061680565051097,0.4166666666666667
gamma,thompson,28,15.0,1.0,0.005996328000037465,3.2059979275800288e-06,4.789970506408589,0.9600556548799006,0.9671912216639778,0.9621129131227419,0.9120559052178243,0.746799481153035,24.294355329299858,0.5410777568868659,0.020833333333333332
gamma,thompson,28,30.0,2.0,0.011837349004053976,4.617992090061307e-06,4.7506295382799975,0.9600556548799006,0.9671912216639778,0.9621129131227419,0.7624913239986517,0.6181998892793481,24.119985556921943,0.5391547445691458,0.041666666666666664
gamma,thompson,28,60.0,3.0,0.01911661600752268,7.4229901656508446e-06,4.716162576080116,0.9600556548799006,0.9671912216639778,0.9621129131227419,0.7624913239986517,0.6181998892793481,23.998848065329256,0.5380095113539324,0.0625
gamma,thompson,28,90.0,4.0,0.028415392007445917,1.07489904621616e-05,4.63236308843216,0.9600556548799006,0.9556727505736778,0.7142414514652252,0.559846830377593,0.5586843909895867,23.37469282548082,0.4937744804536796,0.08333333333333333
gamma,thompson,28,120.0,44.0,0.2640385720078484,6.451500667026266e-05,4.248578628178463,0.4893694691092976,0.32395046909369307,0.2715568447862764,0.3372227839813331,0.391841063833994,19.772588718371175,0.3360932526446845,0.4791666666666667
gamma,thompson,29,15.0,1.0,0.007853007002267987,3.7669960875064135e-06,4.389384273382534,0.0,0.26563001306211265,0.2763913961070632,0.3244434067331494,0.37666419267243834,26.15399030873121,0.505708531303907,0.020833333333333332
gamma,thompson,29,30.0,2.0,0.016935548999754246,7.463000656571239e-06,4.345696197440401,0.0,0.22513399925854327,0.29169999529478197,0.38518927371681944,0.4266329980234087,26.11117689863784,0.5053372421292395,0.041666666666666664
gamma,thompson,29,60.0,3.0,0.029010730002482887,1.1629999789875e-05,4.243970796398078,0.0,0.22513399925854327,0.29169999529478197,0.38518927371681944,0.4266329980234087,15.724020026768835,0.4959201357627011,0.0625
gamma,thompson,29,90.0,4.0,0.036770421007531695,1.575799979036674e-05,4.246745543814412,0.0,0.22513399925854327,0.29169999529478197,0.38518927371681944,0.4266329980234087,15.728252370394754,0.49592089921836097,0.0625
gamma,thompson,29,120.0,44.0,0.34287458704056917,0.0001106690033338964,4.183913919245346,0.0,0.15955630394184772,0.18855558985646792,0.24935760956444986,0.3083259243716706,15.10899914801141,0.4564759452188945,0.1875
gamma,thompson,30,15.0,1.0,0.007810350994986948,4.879002517554909e-06,4.419249191862487,0.0,0.2527057488169844,0.1917320136576729,0.3081551023457043,0.3366417051396663,14.237902595395516,0.4920878655423714,0.020833333333333332
gamma,thompson,30,30.0,2.0,0.015358174998254981,8.596005500294268e-06,4.390884333302826,0.0,0.2527057488169844,0.1917320136576729,0.3081551023457043,0.3366417051396663,13.456370170935315,0.4796734077655291,0.041666666666666664
gamma,thompson,30,60.0,3.0,0.023345260000496637,1.1602001904975623e-05,4.353315695965747,0.0,0.2527057488169844,0.1917320136576729,0.3081551023457043,0.3826672503949351,12.988793662016398,0.4757097596607428,0.0625
gamma,thompson,30,90.0,4.0,0.032851145006134175,1.5078003343660384e-05,4.331072847170595,0.0,0.2527057488169844,0.1917320136576729,0.3081551023457043,0.3826672503949351,12.923098825391156,0.4631528753954642,0.08333333333333333
gamma,thompson,30,120.0,44.0,0.35162091899837833,0.0001271370201720856,4.048645512118938,0.0,0.023943279191712574,0.12379297588074412,0.17469530475580985,0.13943962086236672,7.307577510265298,0.3174919810422929,0.5208333333333334
gamma,thompson,31,15.0,1.0,0.008147399996232707,4.3869949877262115e-06,4.647713790182393,0.0,0.3776738314787227,0.5146903108937749,0.5675700338492558,0.5874266327378308,28.0753550235929,0.5404216967661761,0.020833333333333332
gamma,thompson,31,30.0,2.0,0.01586909399338765,7.994000043254346e-06,4.646243997981731,0.0,0.3776738314787227,0.5146903108937749,0.5675700338492558,0.5874266327378308,28.07466116954956,0.5404214965249133,0.020833333333333332
gamma,thompson,31,60.0,3.0,0.023233262996654958,1.1339005141053349e-05,4.646201045736131,0.0,0.3776738314787227,0.5146903108937749,0.5675700338492558,0.5874266327378308,28.074700224473645,0.5404215078355394,0.020833333333333332
gamma,thompson,31,90.0,4.0,0.030963561999669764,1.4645011106040329e-05,4.644186530120393,0.0,0.3776738314787227,0.5146903108937749,0.5675700338492558,0.5874266327378308,28.075651434698965,0.5404217885988053,0.020833333333333332
gamma,thompson,31,120.0,44.0,0.34482455703255255,0.00013764097820967436,4.588963525594294,0.0,0.3776738314787227,0.5135908721801827,0.5646014973418619,0.4251903952660431,27.420578723832232,0.5193385877148542,0.10416666666666667
gamma,thompson,32,15.0,1.0,0.006146444000478368,3.234999894630164e-06,4.6349725839507885,0.06478898824522139,0.4997262003820596,0.5248376190718609,0.43450991779770065,0.362962929725252,12.747810186098603,0.5437971719451016,0.020833333333333332
gamma,thompson,32,30.0,2.0,0.012079067004378885,5.508998583536595e-06,4.623238826443591,0.06478898824522139,0.4997262003820596,0.5248376190718609,0.43450991779770065,0.362962929725252,12.686551990237927,0.5350983176489462,0.041666666666666664
gamma,thompson,32,60.0,3.0,0.017729960010910872,7.463000656571239e-06,4.5796418062345765,0.06478898824522139,0.4997262003820596,0.5248376190718609,0.43450991779770065,0.362962929725252,12.598057632277788,0.5347473378747127,0.0625
gamma,thompson,32,90.0,4.0,0.023472707005566917,8.795999747235328e-06,4.537739027473686,0.06478898824522139,0.4997262003820596,0.5248376190718609,0.43450991779770065,0.362962929725252,12.578496469675262,0.5346820648459999,0.08333333333333333
gamma,thompson,32,120.0,44.0,0.2548132140218513,5.683698691427708e-05,4.107087591176094,0.06478898824522139,0.03239449412261075,1.1102230246251565e-16,1.1102230246251565e-16,2.220446049250313e-16,7.2541718452659945,0.39449299463564136,0.5
gamma,thompson,33,15.0,1.0,0.0061520439994637854,3.335997462272644e-06,4.312782418863537,0.925097621789084,0.7928447322068704,0.8066328773863874,0.7916519250201977,0.5223547724297657,19.440017984957205,0.5280888888629411,0.020833333333333332
gamma,thompson,33,30.0,2.0,0.011966787998971995,5.219000740908086e-06,4.229674339731931,0.6106286395904607,0.7519557174342134,0.6610702403485047,0.6895355516628824,0.6834092209622992,18.806373886537614,0.5218294577153976,0.041666666666666664
gamma,thompson,33,60.0,3.0,0.017680952994851395,7.07200524630025e-06,4.1900714150023655,0.6106286395904607,0.7519557174342134,0.6610702403485047,0.667220332848259,0.41092026806775983,18.221596098668044,0.5100877992894197,0.0625
gamma,thompson,33,90.0,4.0,0.023889716998382937,8.565009920857847e-06,4.1538488254931805,0.6106286395904607,0.6248355889147541,0.643375450109269,0.37013896266575075,0.10204463757998883,17.703056207459113,0.5018414301325125,0.08333333333333333
gamma,thompson,33,120.0,44.0,0.2564141410184675,5.872397741768509e-05,3.8502862880028115,0.0,0.0,0.013839177814250925,0.11394654464865861,0.10204463757998883,6.975324444350924,0.4209552994724486,0.3958333333333333
gamma,thompson,34,15.0,1.0,0.008238222006184515,4.178000381216407e-06,5.057105327718637,0.7261421418313084,0.8086017695548573,0.8394503403296535,0.6440154548441719,0.6888022755285659,23.068101167727924,0.5063026335053518,0.020833333333333332
gamma,thompson,34,30.0,2.0,0.017054731004463974,7.94499646872282e-06,5.02785018846454,0.7261421418313084,0.8086017695548573,0.5774185708992465,0.6516215124852716,0.6672945947828265,22.57219808241681,0.4926251680321819,0.041666666666666664
gamma,thompson,34,60.0,3.0,0.024950523998995777,1.1520991392899305e-05,4.9868412225986605,0.7261421418313084,0.8086017695548573,0.5774185708992465,0.6516215124852716,0.6672945947828265,22.572251123839816,0.4926255673145996,0.0625
gamma,thompson,34,90.0,4.0,0.03565000999515178,1.722099113976583e-05,4.925228123374874,0.3058960524783604,0.44165937608274264,0.5774185708992465,0.6516215124852716,0.6672945947828265,22.077306560819213,0.49115110638748427,0.08333333333333333
gamma,thompson,34,120.0,44.0,0.3531502419937169,0.0001287099948967807,4.545456305536288,0.2663597018980707,0.1764472438794077,0.15776474825118636,0.20682184190305053,0.2018530106158578,16.426807027577954,0.36637559955342613,0.3958333333333333
gamma,thompson,35,15.0,1.0,0.008067918999586254,3.9669976104050875e-06,4.54183106557607,0.95796601588107,0.9320423092655069,0.6577563865912577,0.5336515599935567,0.4081434817007483,14.837350544580575,0.44056546197526053,0.020833333333333332
gamma,thompson,35,30.0,2.0,0.01578169799904572,8.093993528746068e-06,4.503689144379057,0.95796601588107,0.9320423092655069,0.6577563865912577,0.5336515599935567,0.4081434817007483,14.491021301203265,0.4374350183336636,0.041666666666666664
gamma,thompson,35,60.0,3.0,0.023639644001377746,1.154999335994944e-05,4.460295866440714,0.95796601588107,0.9320423092655069,0.6577563865912577,0.5336515599935567,0.4081434817007483,14.487104865630776,0.43726767942927364,0.0625
gamma,thompson,35,90.0,4.0,0.031556535002891906,1.5005993191152811e-05,4.415016582880296,0.95796601588107,0.9320423092655069,0.6577563865912577,0.5336515599935567,0.4081434817007483,14.487128224773638,0.43726856281506293,0.08333333333333333
gamma,thompson,35,120.0,44.0,0.3473308259708574,0.0001256439572898671,3.984530909877089,0.0,0.0029517491116642924,0.0,0.0004030722568258982,0.04215669830418034,6.0018718868519665,0.3636377091644527,0.5
gamma,thompson,36,15.0,1.0,0.008116004995827097,3.7670033634640276e-06,4.383585523483262,0.9329673281402525,0.8578076486793775,0.8638810474940544,0.6762957292019312,0.6197106896542846,22.361481198227658,0.5177674639951196,0.020833333333333332
gamma,thompson,36,30.0,2.0,0.015811641998880077,7.303002348635346e-06,4.298627724897066,0.0,0.28585140327514913,0.3669837771203661,0.4593631238928978,0.3104269116802809,15.199952433593475,0.5106444564284692,0.041666666666666664
gamma,thompson,36,60.0,3.0,0.02329749600176001,1.0939002095256e-05,4.247556151993213,0.0,0.04879399498997872,0.22298669408504013,0.2994233586793298,0.3390750204020687,14.758925390469866,0.509685446362771,0.0625
gamma,thompson,36,90.0,4.0,0.03139154100063024,1.4865996490698308e-05,4.247822527885248,0.0,0.04879399498997872,0.22298669408504013,0.2994233586793298,0.3390750204020687,14.759278997278443,0.5096855320833019,0.0625
gamma,thompson,36,120.0,44.0,0.34544541799550643,0.00012785500439349562,4.128997901652181,0.0,0.0,0.0,0.08732161695564289,0.1373438952118854,11.77637333693219,0.46619814114544716,0.22916666666666666
gamma,thompson,37,15.0,1.0,0.008132223003485706,4.307999915909022e-06,4.426031905441177,0.7228321278868649,0.647206240920523,0.4217313423171539,0.485044302888883,0.39692918014631984,17.755666883986766,0.518829542998937,0.020833333333333332
gamma,thompson,37,30.0,2.0,0.015798999003891367,8.2949991337955e-06,4.405650217125809,0.7228321278868649,0.647206240920523,0.4217313423171539,0.485044302888883,0.39692918014631984,17.730516934377796,0.5169341138344096,0.041666666666666664
gamma,thompson,37,60.0,3.0,0.02376312300475547,1.1299998732283711e-05,4.3654106496523895,0.7092753620202465,0.4406254999712017,0.5227703379125896,0.4389172273722284,0.45099772821226614,17.64496331873236,0.5164131368579916,0.0625
gamma,thompson,37,90.0,4.0,0.03177388100448297,1.4374993043020368e-05,4.313036714023627,0.7092753620202465,0.4406254999712017,0.5227703379125896,0.4389172273722284,0.45099772821226614,16.891251779717628,0.4944268304113897,0.08333333333333333
gamma,thompson,37,120.0,44.0,0.34351631199388066,0.00012782902922481298,3.9433649749080595,0.3902988772401885,0.37954421825302864,0.3734490819313714,0.4202237952086114,0.3906386416302259,13.810722278809763,0.31334665389433863,0.5208333333333334
gamma,thompson,38,15.0,1.0,0.0059766420017695054,3.215995093341917e-06,4.948197304870668,0.5603725129226476,0.6527194009671116,0.7108643533456199,0.4135412071170276,0.3573114875143918,30.358557431436466,0.5359848887900472,0.020833333333333332
gamma,thompson,38,30.0,2.0,0.01203704300132813,4.707988409791142e-06,4.928895297865974,0.5603725129226476,0.6527194009671116,0.7108643533456199,0.4135412071170276,0.3573114875143918,30.32104506473962,0.5257468993346656,0.041666666666666664
gamma,thompson,38,60.0,3.0,0.0180309360002866,6.2409890233539045e-06,4.895058291547987,0.5603725129226476,0.6527194009671116,0.34875427080747967,0.29549530241460986,0.26327645657974263,30.13134836733624,0.5225624690994516,0.0625
gamma,thompson,38,90.0,4.0,0.024231556002632715,7.702990842517465e-06,4.876636862755709,0.5603725129226476,0.6527194009671116,0.34875427080747967,0.29549530241460986,0.26327645657974263,30.089445910608976,0.5085474576432302,0.08333333333333333
gamma,thompson,38,120.0,44.0,0.2624126119626453,6.142499478301033e-05,4.4829370237381285,0.0,0.18397431871830028,0.2395588988577736,0.21501285471266385,0.2102248998686832,22.92388995049417,0.43259433523228097,0.4166666666666667
gamma,thompson,39,15.0,1.0,0.005808322996017523,2.9660004656761885e-06,4.786346672517582,0.695215379283632,0.6762155003346331,0.597012425197998,0.6625849808752965,0.7111215822012633,28.636704183866605,0.5218768538695411,0.020833333333333332
gamma,thompson,39,30.0,2.0,0.011415319000661839,4.990004526916891e-06,4.738684251142786,0.695215379283632,0.6762155003346331,0.597012425197998,0.6625849808752965,0.706948827525534,28.190527792859328,0.5023167460977391,0.041666666666666664
gamma,thompson,39,60.0,3.0,0.017043531996023376,6.4630075939930975e-06,4.688991513361553,0.6229669948830856,0.5823929757033119,0.597012425197998,0.6625849808752965,0.706948827525534,28.09258893612748,0.5018389094429192,0.0625
gamma,thompson,39,90.0,4.0,0.02296846199169522,7.735005056019872e-06,4.653674699058487,0.6229669948830856,0.5823929757033119,0.597012425197998,0.6625849808752965,0.706948827525534,27.809772493631282,0.49590159860022137,0.08333333333333333
gamma,thompson,39,120.0,44.0,0.25609752601303626,5.8539015299174935e-05,4.176020054409417,0.367322419967518,0.23598745042936242,0.17143979359167827,0.14789913173133762,0.1811585983502797,21.20724808081976,0.4184639207566947,0.4583333333333333
gamma,thompson,40,15.0,1.0,0.00582218800263945,3.3249962143599987e-06,4.842729862058815,0.8390011704581011,0.6200356812566428,0.673594835769888,0.6465409137054137,0.6205820446009888,29.3894660490012,0.475573595458795,0.020833333333333332
gamma,thompson,40,30.0,2.0,0.012327340002229903,6.9409943534992635e-06,4.841359551992969,0.8390011704581011,0.6200356812566428,0.673594835769888,0.6465409137054137,0.6205820446009888,29.37756101332044,0.4693374983025772,0.041666666666666664
gamma,thompson,40,60.0,3.0,0.01828278400353156,9.535993740428239e-06,4.803169702272374,0.8390011704581011,0.6200356812566428,0.673594835769888,0.6465409137054137,0.6205820446009888,29.36531482246537,0.4692264016220054,0.0625
gamma,thompson,40,90.0,4.0,0.02508815900364425,1.2450989743229002e-05,4.763723239234725,0.8390011704581011,0.6200356812566428,0.6205452819441808,0.6229594053486278,0.6378042149768344,29.221378859004826,0.46701270568868797,0.08333333333333333
gamma,thompson,40,120.0,44.0,0.260851723011001,7.655897206859663e-05,4.55817239908555,0.0,0.12037213411183356,0.2843716220492374,0.3872485223587123,0.2409441206113394,20.952975656344247,0.43302108610193996,0.22916666666666666
gamma,thompson,41,15.0,1.0,0.005933865999395493,2.944994776044041e-06,4.513167871025057,0.8477102691619771,0.7841835585389781,0.5573861965912248,0.5565143415283642,0.5874541715657153,25.544361206830505,0.5387779266723306,0.020833333333333332
gamma,thompson,41,30.0,2.0,0.012218204996315762,4.426990926731378e-06,4.4110002377163235,0.0,0.1835199002812511,0.19339296936741557,0.05808812150090259,0.10716084265611281,14.765420744026816,0.5299556598644001,0.041666666666666664
gamma,thompson,41,60.0,3.0,0.01817808699706802,7.4029958341270685e-06,4.410244266547509,0.0,0.1835199002812511,0.19339296936741557,0.05808812150090259,0.10716084265611281,14.764068220007813,0.5299554463311406,0.041666666666666664
gamma,thompson,41,90.0,4.0,0.027169817993126344,1.106999843614176e-05,4.410444720060426,0.0,0.1835199002812511,0.19339296936741557,0.05808812150090259,0.10716084265611281,14.764646352878305,0.5299555352353823,0.041666666666666664
gamma,thompson,41,120.0,44.0,0.2686145480402047,6.920198211446404e-05,4.36200254038085,0.0,0.1835199002812511,0.19339296936741557,0.05808812150090259,0.10716084265611281,13.474725285674683,0.514931609872613,0.10416666666666667
gamma,thompson,42,15.0,1.0,0.007949097998789512,3.645996912382543e-06,4.8463370494455615,0.4922992191248964,0.724826059197887,0.6297051154352715,0.6344306630301615,0.6572359746996959,34.124466856529565,0.5466786906287602,0.020833333333333332
gamma,thompson,42,30.0,2.0,0.01604069899622118,7.212001946754754e-06,4.78201674913515,0.5482888365397199,0.48708147362099474,0.5936320516771407,0.5291912976689138,0.5349444028392116,33.534183362943445,0.544633941212761,0.041666666666666664
gamma,thompson,42,60.0,3.0,0.02404006599681452,1.0849005775526166e-05,4.78092881863454,0.5482888365397199,0.48708147362099474,0.5936320516771407,0.5291912976689138,0.5349444028392116,33.53352395007008,0.5446328770644401,0.041666666666666664
gamma,thompson,42,90.0,4.0,0.03187130500009516,1.465600507799536e-05,4.691731312736068,0.5482888365397199,0.48708147362099474,0.4427145815677771,0.47728764347450414,0.5180858203053215,33.08970319333601,0.500931535964641,0.0625
gamma,thompson,42,120.0,44.0,0.3596466000235523,0.00012281299132155254,4.354540660319163,0.0,0.2238896387663658,0.2357093133316458,0.26999374518026253,0.1947159022366325,24.37189721455293,0.42226389754253135,0.3125
gamma,thompson,43,15.0,1.0,0.00771313800214557,3.787004970945418e-06,4.622555509683546,0.9557674306872872,0.8715008028242399,0.4080475196524356,0.2927568982516423,0.3765876509178434,20.330029698418468,0.557836821426141,0.020833333333333332
gamma,thompson,43,30.0,2.0,0.015847105001739692,8.736002200748771e-06,4.581808928621155,0.9557674306872872,0.8715008028242399,0.4080475196524356,0.2927568982516423,0.3765876509178434,19.78180223906133,0.5463712968662174,0.041666666666666664
gamma,thompson,43,60.0,3.0,0.026533137002843432,1.3213997590355575e-05,4.557867853307044,0.9557674306872872,0.8715008028242399,0.4080475196524356,0.2927568982516423,0.3765876509178434,19.747499547261597,0.5429120679285507,0.0625
gamma,thompson,43,90.0,4.0,0.034808445001544897,1.705100294202566e-05,4.508520114743396,0.9557674306872872,0.8715008028242399,0.4080475196524356,0.2927568982516423,0.3765876509178434,19.739040327507887,0.5426441338936714,0.08333333333333333
gamma,thompson,43,120.0,44.0,0.34835082199424505,0.00011828399874502793,4.162075988162449,0.0,0.0,0.008781444816091777,0.08182672094347554,0.19809023969213302,11.749760070031115,0.4094539728922896,0.3958333333333333
gamma,thompson,44,15.0,1.0,0.008929901006922591,3.806999302469194e-06,4.655885926711933,0.9735423740598672,0.5166206671770888,0.4112578281520971,0.47891665138641837,0.5209967236538141,29.976381628015773,0.5737187774680185,0.020833333333333332
gamma,thompson,44,30.0,2.0,0.019256545005191583,7.0929963840171695e-06,4.616087594167375,0.1155566629196555,0.2744641336199076,0.41365650735604587,0.48591906797814244,0.1930382962609445,29.562524203691776,0.5577859299995144,0.041666666666666664
gamma,thompson,44,60.0,3.0,0.027358875006029848,1.0218995157629251e-05,4.599024821045524,0.1155566629196555,0.2744641336199076,0.41365650735604587,0.48591906797814244,0.1930382962609445,29.530428296587885,0.5434286362969065,0.0625
gamma,thompson,44,90.0,4.0,0.03526560700265691,1.4195997209753841e-05,4.503813088758423,0.0,0.0,0.0,0.12026829056393618,0.1930382962609445,22.36557760923584,0.5353608636727581,0.08333333333333333
gamma,thompson,44,120.0,44.0,0.34998611599439755,0.00012308999430388212,4.374216554357722,0.0,0.0,0.09664061056220741,0.0343445904825862,0.10997680108762609,14.349768356654204,0.5044128261769121,0.1875
gamma,thompson,45,15.0,1.0,0.007688403995416593,4.318004357628524e-06,4.4406532210792635,0.5168223906481599,0.5338835422990269,0.6256869813917774,0.5998097959512215,0.623993964928456,17.654650372469757,0.5597951702474246,0.020833333333333332
gamma,thompson,45,30.0,2.0,0.01530049298889935,7.433001883327961e-06,4.395534549644481,0.5168223906481599,0.6737562242731755,0.6443557605873387,0.6666975489998793,0.6987796250382037,17.581346060976276,0.5593981728414044,0.041666666666666664
gamma,thompson,45,60.0,3.0,0.022769827985030133,1.1310003174003214e-05,4.357522231828786,0.5168223906481599,0.5596478717421252,0.6254981641945214,0.6730534873425364,0.711545337999023,16.979756253361828,0.5495754582146295,0.0625
gamma,thompson,45,90.0,4.0,0.03065379998588469,1.5066005289554596e-05,4.280140524785305,0.454496792506046,0.4128670257547392,0.45531599332289985,0.5134201312029623,0.5693042227482625,16.239215906687633,0.5423288433110112,0.08333333333333333
gamma,thompson,45,120.0,44.0,0.35131877700041514,0.00013011298869969323,4.008311145719471,0.0,0.04916122588640026,0.07770641705469994,0.06925906548074212,0.07692574434645494,10.921839487677715,0.4611293016421144,0.4166666666666667
gamma,thompson,46,15.0,1.0,0.007548515997768845,4.047004040330648e-06,5.0164010180209795,0.0,0.4170516341287178,0.4199806867662981,0.39592849007692243,0.3085204969489628,20.904493256100807,0.4573904635457087,0.020833333333333332
gamma,thompson,46,30.0,2.0,0.015157738998823334,7.223003194667399e-06,4.9683160570623,0.0,0.4170516341287178,0.4199806867662981,0.39592849007692243,0.3085204969489628,20.900889747628664,0.45723617733242183,0.041666666666666664
gamma,thompson,46,60.0,3.0,0.022444139001891017,1.0258001566398889e-05,4.909441513449376,0.24881830948041495,0.01435492794788118,0.2931204780163238,0.3068016872750099,0.2872008023225239,20.228566907211295,0.4553589081386944,0.0625
gamma,thompson,46,90.0,4.0,0.03034367800137261,1.3584001862909645e-05,4.885197727731099,0.24881830948041495,0.01435492794788118,0.2931204780163238,0.3068016872750099,0.2872008023225239,20.204559698128755,0.44025461758910356,0.08333333333333333
gamma,thompson,46,120.0,44.0,0.3582742739963578,0.00013318599667400122,4.671237254671681,0.0,0.01435492794788118,0.041840217858949647,0.1253948712967098,0.24155627500974852,16.289483586574896,0.36219931107280773,0.3958333333333333
gamma,thompson,47,15.0,1.0,0.008292619000712875,3.897002898156643e-06,4.493180783209976,0.5024536334235363,0.4652499945826213,0.5781868358543939,0.6169220418968132,0.5940061219369988,25.323024734994274,0.5302993547016971,0.020833333333333332
gamma,thompson,47,30.0,2.0,0.016381055007514078,7.413997082039714e-06,4.471388014869523,0.5024536334235363,0.4652499945826213,0.5781868358543939,0.6169220418968132,0.5940061219369988,25.30253912721249,0.5148334057965981,0.041666666666666664
gamma,thompson,47,60.0,3.0,0.0249992020035279,1.1151001672260463e-05,4.4313467616005395,0.5024536334235363,0.4652499945826213,0.5781868358543939,0.6169220418968132,0.5940061219369988,25.299796340477474,0.5145384703081941,0.0625
gamma,thompson,47,90.0,4.0,0.03336632200080203,1.4467004803009331e-05,4.411346365526895,0.5024536334235363,0.4652499945826213,0.5781868358543939,0.6169220418968132,0.5940061219369988,25.255331171495058,0.5042519496378904,0.08333333333333333
gamma,thompson,47,120.0,44.0,0.353787777996331,0.00014247000217437744,4.088466828436096,0.0,0.027998849679309656,1.1102230246251565e-16,1.1102230246251565e-16,0.0944963495831147,9.462350341014691,0.45440268808845213,0.25
gamma,thompson,48,15.0,1.0,0.008395951997954398,3.797002136707306e-06,4.439142710421031,0.8527552096696029,0.9183964034934158,0.5930504334515411,0.5830754994922842,0.5630060097530816,18.76307335091253,0.5127714160947383,0.020833333333333332
gamma,thompson,48,30.0,2.0,0.016472154995426536,6.813002983108163e-06,4.395492900796902,0.8527552096696029,0.9183964034934158,0.5930504334515411,0.5787417514051573,0.37248120569816945,18.70403156141753,0.5124113328258116,0.041666666666666664
gamma,thompson,48,60.0,3.0,0.025040393993549515,9.648007107898593e-06,4.373620120130561,0.8527552096696029,0.9183964034934158,0.5930504334515411,0.5787417514051573,0.37248120569816945,18.66464457328599,0.504336727214352,0.0625
gamma,thompson,48,90.0,4.0,0.033918672997970134,1.3796008715871722e-05,4.303610853898143,0.0,0.41290482581548693,0.5762777131871779,0.36378115301554614,0.37248120569816945,16.02694245207026,0.5004754587215321,0.08333333333333333
gamma,thompson,48,120.0,44.0,0.36161773402272956,0.00013567601854447275,4.100083765740598,0.0,0.0,0.0,0.0,0.05642502818741457,8.828276476115104,0.42296899470315225,0.3333333333333333
gamma,thompson,49,15.0,1.0,0.008074270997894928,3.7759964470751584e-06,4.364186466309271,0.0,0.28441973318306824,0.22771577848721725,0.2521304974199756,0.21607676886277583,12.5562766302815,0.5196015971514321,0.020833333333333332
gamma,thompson,49,30.0,2.0,0.016166073000931647,8.613998943474144e-06,4.358520983796901,0.0,0.28441973318306824,0.22771577848721725,0.2521304974199756,0.21607676886277583,12.532960436485375,0.519596788862566,0.020833333333333332
gamma,thompson,49,60.0,3.0,0.024078716000076383,1.2019998393952847e-05,4.3180373823022675,0.0,0.28441973318306824,0.22771577848721725,0.2521304974199756,0.21607676886277583,11.765561954709359,0.5114664159276116,0.041666666666666664
gamma,thompson,49,90.0,4.0,0.031366187999083195,1.5236000763252378e-05,4.283225685884327,0.0,0.28441973318306824,0.22771577848721725,0.2521304974199756,0.21607676886277583,11.757138305497369,0.511049090811603,0.0625
gamma,thompson,49,120.0,44.0,0.34129562298039673,0.00013232501805759966,4.154639227331343,0.0,0.0,0.0,0.0503777957306728,0.1093521343493542,9.679226952819592,0.48618981528256394,0.25
gamma,lucb,0,15.0,30.0,0.07443187502940418,5.399901419878006e-05,4.205707034995785,0.0,0.0,0.007299204900065637,0.005094084206732741,0.004213102712073313,11.938663959865607,0.38843493176473226,0.3125
gamma,lucb,0,30.0,60.0,0.15000448405044153,9.775799844646826e-05,4.077870383706533,0.0,0.0,0.0008265416819995819,0.0,0.0,5.30007778402889,0.3370986961407999,0.3958333333333333
gamma,lucb,0,60.0,120.0,0.29905449406214757,0.00018389199976809323,4.031337958897002,0.0,0.0,0.0008265416819995819,0.005744585057252616,0.0010043947198602465,4.80336356943298,0.27613554032217896,0.6041666666666666
gamma,lucb,0,90.0,180.0,0.45203569406294264,0.00027713997405953705,3.9237478595008324,0.0,0.0,0.0008265416819995819,0.0,0.0,3.9531390394391828,0.22777786152633306,0.8125
gamma,lucb,0,120.0,240.0,0.6067830960819265,0.0003734869751497172,3.926367043526362,0.0,0.0,0.0008265416819995819,0.0,0.0010043947198603576,3.960026175251066,0.22778117290211103,0.8125
gamma,lucb,1,15.0,30.0,0.071998377025011,4.5534987293649465e-05,4.077129766354761,0.0,0.008221238031002831,0.01993952313716818,0.0975610543385329,0.09645210907280144,8.826928368348547,0.3569984275266219,0.3958333333333333
gamma,lucb,1,30.0,60.0,0.14199486900906777,8.575098036089912e-05,3.962521144542988,0.0,0.008221238031002831,0.01993952313716818,0.0975610543385329,0.09645210907280144,8.112058718841359,0.2992224913096586,0.7083333333333334
gamma,lucb,1,60.0,120.0,0.2806664640083909,0.00015308201545849442,3.845891763418815,0.0,0.008221238031002831,0.01993952313716818,1.1102230246251565e-16,2.220446049250313e-16,3.95415154747116,0.2522835985968743,0.8125
gamma,lucb,1,90.0,180.0,0.4310189360039658,0.00024111004313454032,3.8392741507388592,0.0,0.008221238031002831,0.01993952313716818,1.1102230246251565e-16,2.220446049250313e-16,3.9211265546261957,0.25180992741075925,0.8125
gamma,lucb,1,120.0,240.0,0.5795553310017567,0.00032374804140999913,3.8373065798181614,0.0,0.008221238031002831,0.01993952313716818,1.1102230246251565e-16,2.220446049250313e-16,4.1291703892231215,0.2518392748253602,0.8125
gamma,lucb,2,15.0,30.0,0.07252963598148199,5.064298602519557e-05,4.04646820555089,0.0,0.004212361697546463,-2.220446049250313e-16,0.0,0.0,6.264784343877953,0.38416749553821666,0.4166666666666667
gamma,lucb,2,30.0,60.0,0.14697041497129248,0.00011612999514909461,3.8649148731247362,0.0,0.004212361697546463,-2.220446049250313e-16,0.0,0.0,3.9329681424035496,0.30000235057190666,0.7083333333333334
gamma,lucb,2,60.0,120.0,0.29377858699444914,0.00022381695453077555,3.813453961522287,0.0,0.004212361697546463,-2.220446049250313e-16,0.0,0.0,3.4452897082923655,0.2488628839609273,0.8125
gamma,lucb,2,90.0,180.0,0.44030681102594826,0.0003272009053034708,3.832265900876257,0.0,0.004212361697546463,-2.220446049250313e-16,0.0,0.0,3.629695989569678,0.24996765659635078,0.8125
gamma,lucb,2,120.0,240.0,0.5855406730479444,0.00041960491944337264,3.832068926086976,0.0,0.004212361697546463,-2.220446049250313e-16,0.0,0.0,3.6292431039058237,0.24996684985207573,0.8125
gamma,lucb,3,15.0,30.0,0.07179239099787083,4.345802153693512e-05,4.133589703648977,0.0,0.0,0.0,0.020676605489554523,0.01881220208074985,6.931135504232939,0.35111409665615934,0.3958333333333333
gamma,lucb,3,30.0,60.0,0.14630350800143788,9.212503209710121e-05,3.973458617324777,0.0,0.0,0.0,0.020676605489554523,0.01881220208074985,5.8747297621672505,0.2550333992935098,0.7083333333333334
gamma,lucb,3,60.0,120.0,0.2967467080015922,0.00017679704615147784,3.8229804472969846,0.0,0.0,0.0,0.020676605489554523,0.007324039241632052,3.901036260465197,0.22259109258252632,0.8125
gamma,lucb,3,90.0,180.0,0.44349020600202493,0.00026273106050211936,3.7963990063815154,0.0,0.0,0.0,0.0,0.007324039241632052,3.822276988980657,0.22225122434737837,0.8125
gamma,lucb,3,120.0,240.0,0.5907953669884591,0.00034691606560954824,3.7847953289715623,0.0,0.0,0.0,0.0,0.0,3.78664363823487,0.22214644031312525,0.8125
gamma,lucb,4,15.0,30.0,0.09639718198013725,9.738701191963628e-05,4.354709982504914,0.0,0.0,0.0,0.0,0.0,8.845114436255761,0.4280407632223518,0.375
gamma,lucb,4,30.0,60.0,0.19168974596686894,0.0001812659902498126,4.023169606631353,0.0,0.0,0.0,0.0,0.0,6.43570547459254,0.26735025254927647,0.6875
gamma,lucb,4,60.0,120.0,0.3815986789559247,0.0003650789731182158,3.947060658681113,0.0,0.0,0.0,0.0,0.000937328298248552,6.16667303595612,0.22839547383023853,0.8125
gamma,lucb,4,90.0,180.0,0.5729095439455705,0.0005476139704114757,3.9371611984364594,0.0,0.0,0.0,0.0,0.0,6.155794908498179,0.2283552326035602,0.8125
gamma,lucb,4,120.0,240.0,0.7647969809186179,0.0007263619554578327,3.9365713916839447,0.0,0.0,0.0,0.0,0.0,6.155472726163562,0.22835405706955925,0.8125
gamma,lucb,5,15.0,30.0,0.09393077001004713,8.632201206637546e-05,4.415250506427513,0.0,0.02480729230392753,0.024439548188701643,0.15839760223199895,0.1774228210564467,11.911086431744431,0.3511309087322271,0.4166666666666667
gamma,lucb,5,30.0,60.0,0.19112574400060112,0.0001804990170057863,4.199342301017746,0.3069068889619251,0.0,0.0,0.0,0.026139781571361542,7.698083285084355,0.2563309585915943,0.7291666666666666
gamma,lucb,5,60.0,120.0,0.3820481370203197,0.00033295602042926475,4.049682983825401,0.3069068889619251,0.0,0.0,0.0,0.0,6.234968555173798,0.22265206541106736,0.8125
gamma,lucb,5,90.0,180.0,0.5693069380213274,0.0004881089917034842,4.050784778945335,0.3069068889619251,0.0,0.0,0.0,0.0,6.232655739542687,0.222623936993098,0.8125
gamma,lucb,5,120.0,240.0,0.7772052750224248,0.0007007470339885913,4.047081415719184,0.3069068889619251,0.0,0.0,0.0,0.0,6.19740119577962,0.2226074461296878,0.8125
gamma,lucb,6,15.0,30.0,0.09980092200567015,8.661398169351742e-05,4.171504300837932,0.0,0.0,0.0,0.026670367214759905,0.023540992894205637,7.544411916962308,0.3823039069440373,0.375
gamma,lucb,6,30.0,60.0,0.1967930150203756,0.00016914297884795815,3.99590548865272,0.0,0.0,0.0,0.0,0.023540992894205637,5.2154506891487875,0.26543073929942973,0.625
gamma,lucb,6,60.0,120.0,0.4083696130255703,0.0003930400052922778,3.838118547807799,0.0,0.0,0.0,0.0,0.0,3.9766889470882902,0.22599625794686132,0.8125
gamma,lucb,6,90.0,180.0,0.6274308079882758,0.0006399399644578807,3.8280153979306193,0.0,0.0,0.0,0.0,0.0,3.9672437038700075,0.22582509337030698,0.8125
gamma,lucb,6,120.0,240.0,0.8351846680088784,0.0008703779458301142,3.823761143091803,0.0,0.0,0.0,0.0,0.0,3.9491246206469865,0.22580264788444215,0.8125
gamma,lucb,7,15.0,30.0,0.09847596303006867,9.657001646701247e-05,3.987590196082216,0.0,0.024722137368705543,1.1102230246251565e-16,0.004190406438799643,1.1102230246251565e-16,5.259150119795189,0.37949755305513433,0.3958333333333333
gamma,lucb,7,30.0,60.0,0.19127171501895646,0.00017740001931088045,3.79635612246066,0.0,0.024722137368705543,1.1102230246251565e-16,0.004190406438799643,1.1102230246251565e-16,3.8980909417325753,0.2668647899705511,0.7083333333333334
gamma,lucb,7,60.0,120.0,0.38545316201634705,0.00038909401337150484,3.709770977961895,0.0,0.024722137368705543,1.1102230246251565e-16,2.220446049250313e-16,1.1102230246251565e-16,3.4259050299560276,0.22044225098488707,0.8125
gamma,lucb,7,90.0,180.0,0.5865008860491798,0.0006167940300656483,3.6837577485689486,0.0,0.024722137368705543,1.1102230246251565e-16,2.220446049250313e-16,1.1102230246251565e-16,3.338505912023445,0.22006013686178033,0.8125
gamma,lucb,7,120.0,240.0,0.7880065550489235,0.0008274180290754884,3.6168577073525428,0.0,0.024722137368705543,1.1102230246251565e-16,2.220446049250313e-16,1.1102230246251565e-16,3.18196171527298,0.19211421268124934,1.0
gamma,lucb,8,15.0,30.0,0.09973904099751962,8.589299977757037e-05,4.431043698068951,0.5521143211916174,0.3847866202128978,0.2732392429790268,0.2657616315527196,0.252409539381377,26.55700839750896,0.428383531715468,0.3333333333333333
gamma,lucb,8,30.0,60.0,0.19841679200180806,0.00018975800776388496,4.07376692025464,0.0,0.052609581778371495,0.03979093964152902,0.0,0.0,5.17669038267251,0.30001532238499823,0.6041666666666666
gamma,lucb,8,60.0,120.0,0.3986403520175372,0.00040693098708288744,4.045119515298761,0.0,0.052609581778371495,0.03979093964152902,0.0,0.0,4.736141251143336,0.26653030599934097,0.8125
gamma,lucb,8,90.0,180.0,0.5964111660578055,0.0006018719577696174,4.0413847785709445,0.0,0.052609581778371495,0.03979093964152902,0.0,0.0,4.7239942402001205,0.2665173289203634,0.8125
gamma,lucb,8,120.0,240.0,0.7898451750224922,0.0007623449491802603,4.039001866206346,0.0,0.052609581778371495,0.03979093964152902,0.0,0.0,4.713370466286038,0.26650852533691516,0.8125
gamma,lucb,9,15.0,30.0,0.10255428600066807,8.740599878365174e-05,4.1984915461834955,0.014757859359060599,0.0,0.0,0.08494049684550942,0.11283077574359546,8.944769728107163,0.37752575764564805,0.3541666666666667
gamma,lucb,9,30.0,60.0,0.19869633599591907,0.00019715998496394604,3.917213512755238,0.014757859359060599,0.0,0.0,0.012204171546050135,0.03228505786280644,5.04609995817924,0.23984171858497158,0.6666666666666666
gamma,lucb,9,60.0,120.0,0.39168367197271436,0.00037547798274317756,3.7661919809276263,0.014757859359060599,0.0,0.0,0.0,0.0,3.794296691951641,0.18394961222954614,0.8125
gamma,lucb,9,90.0,180.0,0.6077260199817829,0.0006038349529262632,3.7637635569772363,0.014757859359060599,0.0,0.0,0.0,0.0,3.6569924473322715,0.18383090177037748,0.8125
gamma,lucb,9,120.0,240.0,0.8070433329703519,0.0007725529576418921,3.7654214532890187,0.014757859359060599,0.0,0.0,0.0,0.0,3.6601823900983756,0.18386698395575252,0.8125
gamma,lucb,10,15.0,30.0,0.09477614497882314,7.56530134822242e-05,4.3019057302502235,0.0,0.026567540234695097,0.0,0.0,0.0,6.882952978022615,0.4395802671982756,0.3958333333333333
gamma,lucb,10,30.0,60.0,0.1894582659660955,0.0001581419855938293,4.121821562428743,0.0,0.026567540234695097,0.0,0.026457278354588665,0.011470549888380366,5.28878011641871,0.303899181470843,0.6666666666666666
gamma,lucb,10,60.0,120.0,0.3835051009809831,0.00031632796162739396,4.007862707168829,0.0,0.026567540234695097,0.0,0.0,0.0,4.310511835522975,0.2632102518336112,0.8125
gamma,lucb,10,90.0,180.0,0.5924016759599908,0.0005252779883448966,4.015763168096249,0.0,0.026567540234695097,0.0,0.0,0.0,4.396231931772682,0.26340061082945926,0.8125
gamma,lucb,10,120.0,240.0,0.7976255259345635,0.0007181000109994784,3.9959735713607483,0.0,0.026567540234695097,0.0,0.0,0.0,4.314059669143903,0.2629614022700457,0.8125
gamma,lucb,11,15.0,30.0,0.09724211599677801,7.624498539371416e-05,4.524013356723507,0.0,0.027257968828325874,2.220446049250313e-16,0.012557070173999874,1.1102230246251565e-16,11.383532885947428,0.41474037717272033,0.3125
gamma,lucb,11,30.0,60.0,0.19486459701147396,0.0001575479982420802,4.308113011346655,0.0,0.027257968828325874,2.220446049250313e-16,1.1102230246251565e-16,0.0,8.242963379289366,0.3504386758427309,0.5833333333333334
gamma,lucb,11,60.0,120.0,0.3920792510107276,0.00032384997757617384,4.062850429200658,0.0,0.027257968828325874,2.220446049250313e-16,1.1102230246251565e-16,0.0,4.856989603596638,0.2406140897917694,0.8125
gamma,lucb,11,90.0,180.0,0.5941417370049749,0.0005109919729875401,4.051384921280018,0.0,0.027257968828325874,2.220446049250313e-16,1.1102230246251565e-16,0.0,4.77835154944276,0.24056570041144945,0.8125
gamma,lucb,11,120.0,240.0,0.7974036939776852,0.0006941379615454935,4.048798802290044,0.0,0.027257968828325874,2.220446049250313e-16,1.1102230246251565e-16,0.0,4.7656424791857175,0.24055086914992,0.8125
gamma,lucb,12,15.0,30.0,0.07103768298838986,4.1002022044267505e-05,4.362450522728021,0.0,0.12616253667061994,0.014973777011987544,0.0,0.0,8.692996420378734,0.4248730805260236,0.375
gamma,lucb,12,30.0,60.0,0.1395452600045246,7.814698619768023e-05,4.198432559902634,0.0,0.12616253667061994,0.014973777011987544,0.0,0.0,7.323245768881684,0.34382127744720725,0.6875
gamma,lucb,12,60.0,120.0,0.274624955978652,0.00014347001706482843,4.070263518344778,0.0,0.12616253667061994,0.014973777011987544,0.0,0.0,6.5670767349997705,0.2908037083976096,0.8125
gamma,lucb,12,90.0,180.0,0.414755986937962,0.00021753399050794542,4.0157826124186835,0.0,0.12616253667061994,0.014973777011987544,0.0,0.0,6.370767955217813,0.2891683954466197,0.8125
gamma,lucb,12,120.0,240.0,0.5554713369347155,0.00029291697865119204,3.993521035301678,0.0,0.12616253667061994,0.014973777011987544,0.0,0.0,6.221172131919276,0.2888381954843989,0.8125
gamma,lucb,13,15.0,30.0,0.07163923199550482,4.329597868490964e-05,4.403787949060083,0.0,0.03511199799371867,-2.220446049250313e-16,-2.220446049250313e-16,0.006262076644404702,12.392999368069662,0.3805759630152433,0.4166666666666667
gamma,lucb,13,30.0,60.0,0.1439291109854821,7.91069760452956e-05,4.040282926000639,0.0,0.03511199799371867,-2.220446049250313e-16,-2.220446049250313e-16,-2.220446049250313e-16,10.35267627153216,0.2872735140337665,0.6458333333333334
gamma,lucb,13,60.0,120.0,0.2888863069601939,0.00014705597277497873,3.948043688794615,0.0,0.03511199799371867,0.05796033709774884,-2.220446049250313e-16,-2.220446049250313e-16,9.278254258757558,0.1998764785544255,0.8125
gamma,lucb,13,90.0,180.0,0.4432146919280058,0.0002402069658273831,3.928398512087796,0.0,0.03511199799371867,0.05796033709774884,-2.220446049250313e-16,0.006262076644404702,9.167582139406274,0.19896889460984785,0.8125
gamma,lucb,13,120.0,240.0,0.5948055199187365,0.0003379529880476184,3.930688985802831,0.0,0.03511199799371867,0.05796033709774884,-2.220446049250313e-16,-2.220446049250313e-16,9.18338046116933,0.19922033590314517,0.8125
gamma,lucb,14,15.0,30.0,0.07149758699233644,3.861697769025341e-05,4.0374472753240145,0.0,0.0,0.01125860097624376,0.02910497589256822,0.02710536051115975,6.935430946582646,0.3285104591336554,0.4166666666666667
gamma,lucb,14,30.0,60.0,0.14781126597517869,7.755495607852936e-05,3.8474580800159655,0.0,0.0,0.01125860097624376,0.02910497589256822,0.02710536051115975,4.691483777201881,0.23473848562599997,0.7291666666666666
gamma,lucb,14,60.0,120.0,0.2963153549862909,0.0001498549900134094,3.742540137451124,0.0,0.0,0.01125860097624376,-2.220446049250313e-16,-2.220446049250313e-16,3.616611141127918,0.21435626309597286,0.8125
gamma,lucb,14,90.0,180.0,0.4448027740145335,0.00022146998526295647,3.6980999725140706,0.0,0.0,0.01125860097624376,-2.220446049250313e-16,0.0010164281832172328,3.3169991481603502,0.20595462127497052,0.8125
gamma,lucb,14,120.0,240.0,0.5920879520053859,0.00029126196750439703,3.6603371500036577,0.0,0.0,0.01125860097624376,-2.220446049250313e-16,0.0010164281832172328,3.188814151266045,0.20330471048843857,0.8125
gamma,lucb,15,15.0,30.0,0.07221564702194883,4.1365019569639117e-05,4.454263395870299,0.0,0.0,0.038779133279635336,0.013037193985234063,0.06268193542259604,11.807742451505442,0.364431652829466,0.4166666666666667
gamma,lucb,15,30.0,60.0,0.14318279799772426,8.463303674943745e-05,4.2505611638951395,0.0,0.0,0.023535385828497235,0.033165800257869416,0.0,8.31147169897627,0.27224828088556324,0.7291666666666666
gamma,lucb,15,60.0,120.0,0.29034108301857486,0.00016934607265284285,4.051733144225629,0.0,0.0,0.023535385828497235,0.0,0.0,7.151976541434553,0.2542901971619285,0.8125
gamma,lucb,15,90.0,180.0,0.4417613149853423,0.00025919410109054297,4.052363726010978,0.0,0.0,0.023535385828497235,0.0,0.0,7.13653387743729,0.2542818883571068,0.8125
gamma,lucb,15,120.0,240.0,0.5866134129973943,0.00033585011260583997,4.027846123015075,0.0,0.0,0.023535385828497235,0.0,0.0,6.899868113981042,0.2539883746304197,0.8125
gamma,lucb,16,15.0,30.0,0.09357848498621024,5.732802674174309e-05,4.290345838763752,0.0,0.0,0.04633447629956766,0.061657430763832455,0.09524363079439846,9.040200372782149,0.4516756400681521,0.3958333333333333
gamma,lucb,16,30.0,60.0,0.1890546430076938,0.00014234901027521119,4.036141852398053,0.0,0.055897752304028714,0.0,0.02337819973826083,0.020320533921395767,7.373014581764658,0.32119312515123366,0.7083333333333334
gamma,lucb,16,60.0,120.0,0.37715288101753686,0.0002956269745482132,3.935179443666364,0.0,0.07927561853360665,0.06116347480256312,-2.220446049250313e-16,0.0,6.607373285831925,0.24491585512650355,0.8125
gamma,lucb,16,90.0,180.0,0.5814712570572738,0.0005066769444965757,3.9221287174889548,0.0,0.07927561853360665,0.06116347480256312,-2.220446049250313e-16,0.0,6.572486649965138,0.24455345597882502,0.8125
gamma,lucb,16,120.0,240.0,0.7781906620439258,0.0006552209888468497,3.9140111905261894,0.0,0.07927561853360665,0.06116347480256312,-2.220446049250313e-16,0.0,6.535363616696695,0.24350501627563542,0.8125
gamma,lucb,17,15.0,30.0,0.09477297899138648,6.55859912512824e-05,4.032068671277014,0.0,0.0,0.0062857454968486826,0.08448608385142298,0.00969555545380918,6.446788872503306,0.31110097853127255,0.4375
gamma,lucb,17,30.0,60.0,0.18561961000523297,0.000121021963423118,3.8426946691353714,0.0,0.0,0.0062857454968486826,0.0,0.00969555545380918,5.27752002554646,0.22245245907580036,0.75
gamma,lucb,17,60.0,120.0,0.3728853370339493,0.0002634969350765459,3.7644067492454134,0.0,0.0,0.0062857454968486826,0.0,0.0,4.978076740204756,0.18356671067138092,0.8125
gamma,lucb,17,90.0,180.0,0.5635126929773833,0.00043215691403020173,3.76070862800632,0.0,0.0,0.0062857454968486826,0.0,0.0,4.973173985668507,0.18351326912681581,0.8125
gamma,lucb,17,120.0,240.0,0.760741482998128,0.0006469179497798905,3.7453772480846,0.0,0.0,0.0062857454968486826,0.0,0.0,4.939049140841156,0.18326643366188514,0.8125
gamma,lucb,18,15.0,30.0,0.07102376998955151,3.961799666285515e-05,3.9387433993662406,0.0,0.0,0.0,0.018585216664570803,0.0,6.855515046080311,0.4293728187038964,0.4375
gamma,lucb,18,30.0,60.0,0.14201167698774952,7.385502976831049e-05,3.667067271771922,0.0,0.01679767068316418,0.0,0.0,0.0,4.788931633902959,0.2696144196304676,0.75
gamma,lucb,18,60.0,120.0,0.28290336402278626,0.0001430750562576577,3.5985260804435093,0.0,0.01679767068316418,0.0,0.0,0.0,4.435615201021104,0.2207087830759279,0.8125
gamma,lucb,18,90.0,180.0,0.42593489002319984,0.000209833073313348,3.5944058659251836,0.0,0.01679767068316418,0.0,0.0,0.0,4.432165996944017,0.22068862456592844,0.8125
gamma,lucb,18,120.0,240.0,0.5692204090300947,0.0002839430817402899,3.591273232316979,0.0,0.01679767068316418,0.0,0.0,0.0,4.41751197420504,0.22047962421585424,0.8125
gamma,lucb,19,15.0,30.0,0.09483644198917318,8.10770143289119e-05,4.06010734327026,0.0,0.0,0.0,0.016657815222896333,0.03697222925455623,8.150166358226139,0.329447104322192,0.4166666666666667
gamma,lucb,19,30.0,60.0,0.19111786998837488,0.00015495702245971188,3.8205951645695237,0.0,0.0,0.0,0.016657815222896333,0.014390991615803594,4.9412757407349375,0.18271581172289572,0.7291666666666666
gamma,lucb,19,60.0,120.0,0.39608392896479927,0.00038078604120528325,3.7213283882849275,0.0,0.0,0.0,0.0,0.0004949817502073461,3.9115554832883697,0.16729281672673113,0.8125
gamma,lucb,19,90.0,180.0,0.5993144599851803,0.000591119060118217,3.717790634814681,0.0,0.0,0.0,0.016657815222896333,0.0004949817502073461,3.887087440439331,0.16721363765910136,0.8125
gamma,lucb,19,120.0,240.0,0.7985927579502459,0.0007702580696786754,3.7049105794835975,0.0,0.0,0.0,0.0,0.0004949817502073461,3.8409262864204137,0.1670958216188239,0.8125
gamma,lucb,20,15.0,30.0,0.07263302899809787,3.749101597350091e-05,4.70803393310135,0.0,0.0,0.05817404232711476,0.05210036753396052,0.08317839888896272,13.606742513219848,0.45193326349290885,0.3541666666666667
gamma,lucb,20,30.0,60.0,0.1444479949932429,7.260500569827855e-05,4.401934422578961,0.0,0.0,0.0,0.0,0.0,7.429970879673909,0.3668625425820891,0.6041666666666666
gamma,lucb,20,60.0,120.0,0.28944857302849414,0.0001425760201527737,4.156944052463029,0.0,0.0,0.0,0.0,0.0,6.12763255075103,0.25299068643638234,0.8125
gamma,lucb,20,90.0,180.0,0.4369178660417674,0.0002304100344190374,4.145745614115519,0.0,0.0,0.0,0.0,0.0,5.9338626257166585,0.25201129220596075,0.8125
gamma,lucb,20,120.0,240.0,0.5906178210498183,0.00032411402935395017,4.144953982769719,0.0,0.0,0.0,0.0,0.0,5.933161040461205,0.2520006418530236,0.8125
gamma,lucb,21,15.0,30.0,0.09614456698182039,6.959599704714492e-05,4.034009263272787,0.0,0.0,0.0,0.0,0.0,5.0686226027535515,0.356917724443909,0.4791666666666667
gamma,lucb,21,30.0,60.0,0.2029325859839446,0.00018449802155373618,3.823382395765737,0.0,0.0,0.0,0.0,0.0,3.8357803462665285,0.2487604601292184,0.7916666666666666
gamma,lucb,21,60.0,120.0,0.39459669899224536,0.00038715101982234046,3.8018153170323963,0.0,0.0,0.0,0.0,0.0,3.756779074812005,0.23582373671066267,0.8125
gamma,lucb,21,90.0,180.0,0.5790442619618261,0.0005629670558846556,3.737117735539543,0.0,0.0,0.0,0.0,0.0,3.6325932655877975,0.21223853888293973,1.0
gamma,lucb,21,120.0,240.0,0.759250966955733,0.0007049550622468814,3.7319978033024426,0.0,0.0,0.0,0.0,0.0,3.7076018782726363,0.21213693377910425,1.0
gamma,lucb,22,15.0,30.0,0.0978188860026421,7.45029974495992e-05,4.617691423115709,0.0,0.0,0.032200297927310384,0.06058380723155021,0.11647545723431219,15.43585183500971,0.42686600476741204,0.3125
gamma,lucb,22,30.0,60.0,0.1946507739921799,0.00014882599498378113,4.39317177633227,0.0,0.0,0.0,0.0,0.0,8.24096454559363,0.34609628762093647,0.625
gamma,lucb,22,60.0,120.0,0.3940965340225375,0.0003204030290362425,4.202029331443657,0.0,0.0,0.0,0.0,0.0,7.569473924821403,0.28031479149855065,0.8125
gamma,lucb,22,90.0,180.0,0.59184982701845,0.0004679119956563227,4.202121458201361,0.0,0.0,0.0,0.0,0.0,7.586947749933322,0.2803297701513478,0.8125
gamma,lucb,22,120.0,240.0,0.7872350850011571,0.0006178070107125677,4.199866302069084,0.0,0.0,0.0,0.0,0.0,7.582379730235242,0.2803207394246369,0.8125
gamma,lucb,23,15.0,30.0,0.09566196799278259,0.00011180000728927553,4.2023561117394985,0.0,0.0,0.02207975213938429,0.03455322909701464,0.08834578582094144,7.825778855592926,0.39046645563917903,0.4375
gamma,lucb,23,30.0,60.0,0.190665889014781,0.0001918930356623605,4.008919990224819,0.0,0.0,0.02207975213938429,0.03455322909701464,0.06749788885595576,7.166393225709056,0.30750928029276975,0.75
gamma,lucb,23,60.0,120.0,0.3899951330386102,0.00039697200554655865,3.861540854828352,0.0,0.0,0.02207975213938429,0.03455322909701464,0.059806543707672244,6.8407176922034045,0.26465643865810295,0.8958333333333334
gamma,lucb,23,90.0,180.0,0.5829589980421588,0.0005703369606635533,3.6297308619065656,0.0,0.0,0.0,0.0,0.0,4.47854162339285,0.1981598438994637,1.0
gamma,lucb,23,120.0,240.0,0.7769284820315079,0.0007280869685928337,3.6262419384196,0.0,0.0,0.0,0.0,0.0,4.472922719851928,0.19808886136213918,1.0
gamma,lucb,24,15.0,30.0,0.11033626600692514,9.101303294301033e-05,4.33610100479039,0.0,0.0,0.0,0.0,0.0,10.658831613345216,0.4270703395914315,0.3125
gamma,lucb,24,30.0,60.0,0.21197955197567353,0.00017745304648997262,4.135864595525344,0.0,0.0,0.0,0.0,0.0,8.977602161016527,0.33354798582412626,0.6041666666666666
gamma,lucb,24,60.0,120.0,0.4096234579847078,0.0003282100515207276,3.99240081621936,0.0,0.0,0.0,0.0,0.0,6.338270345332694,0.24046818515799376,0.8125
gamma,lucb,24,90.0,180.0,0.6056872579647461,0.0004816730579477735,3.9873268897088554,0.0,0.0,0.0,0.0,0.0,6.372074547299371,0.2406180181743427,0.8125
gamma,lucb,24,120.0,240.0,0.8010315999563318,0.0006229910213733092,3.983969155027809,0.0,0.0,0.0,0.0,0.0,6.3322498805364384,0.2403141410583211,0.8125
gamma,lucb,25,15.0,30.0,0.09610338499624049,8.247702498920262e-05,3.9586848771532384,0.0,0.0,0.05914961334758928,0.036350178783752685,0.0328513958479113,5.29741011494201,0.4068078786622286,0.4375
gamma,lucb,25,30.0,60.0,0.19225501598702976,0.0001723140594549477,3.804076991513273,0.0,0.0,0.0,0.02564559600698313,0.0328513958479113,3.451983151534652,0.2533879869570892,0.75
gamma,lucb,25,60.0,120.0,0.38764783298393013,0.00034057802986353636,3.6926394051461515,0.0,0.0,0.0,0.0,0.009674243647559977,2.8554170501515244,0.23369231737708462,0.8125
gamma,lucb,25,90.0,180.0,0.5749368070173659,0.0004844990180572495,3.69095686496127,0.0,0.0,0.0,0.0,0.0,2.851455809385846,0.23367555092102066,0.8125
gamma,lucb,25,120.0,240.0,0.7595175350070349,0.0006143899809103459,3.6702771767442637,0.0,0.0,0.0,0.0,0.0,2.892992534210831,0.21677282483660218,1.0
gamma,lucb,26,15.0,30.0,0.0719849199813325,3.9669001125730574e-05,3.801325613621415,0.0,0.0,0.0,0.002351964480984292,0.0,5.935386772831018,0.37632939026699697,0.4166666666666667
gamma,lucb,26,30.0,60.0,0.14271891697717365,7.556499622296542e-05,3.634638151799597,0.0,0.0,0.0,0.0,0.0,4.931584949976614,0.275763758304724,0.7291666666666666
gamma,lucb,26,60.0,120.0,0.283124578956631,0.0001462010040995665,3.543413530321056,0.0,0.0,0.0,0.002351964480984292,0.0,4.612861350295644,0.23605560756172358,0.8125
gamma,lucb,26,90.0,180.0,0.42540127495885827,0.00022375394473783672,3.5247472714456936,0.0,0.0,0.0,0.002351964480984292,0.0,4.552633627147013,0.22101131030691637,1.0
gamma,lucb,26,120.0,240.0,0.5674204919487238,0.0002978039483423345,3.5011075138422054,0.0,0.0,0.0,0.002351964480984292,0.0,3.873918618722486,0.2177813769306115,1.0
gamma,lucb,27,15.0,30.0,0.07352830998570425,4.756600537803024e-05,4.109515459377056,0.0,0.0,0.0,0.0221561365968288,0.04369470570585854,8.361648977375285,0.4041262694318033,0.3958333333333333
gamma,lucb,27,30.0,60.0,0.1489229999788222,9.523402695776895e-05,3.8509667747778518,0.0,0.0,0.0,0.0,0.0,5.4970606444958054,0.2909647622813374,0.7083333333333334
gamma,lucb,27,60.0,120.0,0.2953667170004337,0.00017559899424668401,3.7260146459330463,0.0,0.0,0.0,0.0,0.0,3.987914584748931,0.22535777708495783,0.8125
gamma,lucb,27,90.0,180.0,0.44479400999262,0.0002951190690509975,3.715160338141033,0.0,0.0,0.0,0.0,0.0,3.9478555291772675,0.22523928425498174,0.8125
gamma,lucb,27,120.0,240.0,0.5891294749890221,0.00037361006980063394,3.627384443207168,0.0,0.0,0.0,0.0,0.0,3.2687763393575224,0.2202297164703458,0.8125
gamma,lucb,28,15.0,30.0,0.07128299598116428,4.2214982386212796e-05,4.467343441552198,0.4893694691092976,0.32395046909369307,0.41259166215773113,0.4525241944707171,0.45584675803895414,21.021391929960718,0.37463237053698273,0.4375
gamma,lucb,28,30.0,60.0,0.14077339898358332,7.617399387527257e-05,3.9137031077094186,0.0,0.0,0.0,0.0,0.0,3.728294685616615,0.24024549527513975,0.75
gamma,lucb,28,60.0,120.0,0.28360333797172643,0.00015072900714585558,3.8318516852339215,0.0,0.0,0.029445878339418807,0.0,0.0,3.6287619237771556,0.22898690164252689,0.8125
gamma,lucb,28,90.0,180.0,0.4289114260027418,0.0002173620305256918,3.7893324617417243,0.0,0.0,0.029445878339418807,0.0,0.0,3.4105692771216156,0.22816971686630513,0.8125
gamma,lucb,28,120.0,240.0,0.5760275469729095,0.0002871269971365109,3.7630806090705433,0.0,0.0,0.029445878339418807,0.0,0.0,3.129093641225013,0.22564844867682401,0.8125
gamma,lucb,29,15.0,30.0,0.07261764397844672,4.313300451030955e-05,3.9832675468092127,0.0,0.0,0.002130258798470952,0.04824114884450659,0.06999565841915112,8.934468842750782,0.389866357696232,0.375
gamma,lucb,29,30.0,60.0,0.1434616949845804,8.226599311456084e-05,3.7697186885472775,0.0,0.0,0.002130258798470952,0.0,0.0,3.3283826800093523,0.27093711389998437,0.6875
gamma,lucb,29,60.0,120.0,0.28618646298127715,0.00015796996740391478,3.708622970291034,0.0,0.0,0.002130258798470952,0.0,0.0,2.7992195302426253,0.23245418177021585,0.8125
gamma,lucb,29,90.0,180.0,0.43134188398107653,0.00024728794960537925,3.7046717706921437,0.0,0.0,0.002130258798470952,0.0,0.0,2.7984110483100713,0.2324829770662589,0.8125
gamma,lucb,29,120.0,240.0,0.5787331989777158,0.0003380440321052447,3.7038553171936965,0.0,0.0,0.002130258798470952,0.0,0.0,2.799408040722494,0.23248365139173008,0.8125
gamma,lucb,30,15.0,30.0,0.09486305699101649,7.463598740287125e-05,4.065807649644782,0.0,0.023943279191712574,0.12379297588074412,0.10302252433221426,0.13943962086236672,7.337533566473163,0.33728619002112276,0.4583333333333333
gamma,lucb,30,30.0,60.0,0.1876916989858728,0.0001533279864815995,3.7053032209454932,0.0,0.0,0.0,0.01378169345346858,0.0,3.067967339893399,0.21128386251251538,0.7708333333333334
gamma,lucb,30,60.0,120.0,0.37529276600980666,0.00030791595054324716,3.6493078177109326,0.0,0.0,0.0,0.01378169345346858,0.0,2.2316425407199048,0.20664918313220393,0.8125
gamma,lucb,30,90.0,180.0,0.571870568972372,0.0004746709673781879,3.624946243572611,0.0,0.023943279191712574,0.0,0.0,0.0,2.337424849065255,0.2067241112090135,0.8125
gamma,lucb,30,120.0,240.0,0.7729199299792526,0.0006549299578182399,3.6313916219284175,0.0,0.023943279191712574,0.0,0.0,0.0,2.3366704486717236,0.19894914604478767,1.0
gamma,lucb,31,15.0,30.0,0.07229358705080813,4.101102240383625e-05,4.2921470404027495,0.0,0.1585859675411565,0.2102834094802969,0.19688581395720106,0.22642988492126126,22.858972957473423,0.36541763476572325,0.4166666666666667
gamma,lucb,31,30.0,60.0,0.14433146706869593,7.560000813100487e-05,4.027051535864591,0.0,0.1585859675411565,0.2102834094802969,0.19688581395720106,0.22642988492126126,22.412082495653827,0.28256456905459854,0.7291666666666666
gamma,lucb,31,60.0,120.0,0.2892423780649551,0.0001458789993193932,3.9078275636893274,0.0,0.0,0.0,0.0,0.0,6.672941913509621,0.2304154631030587,0.8125
gamma,lucb,31,90.0,180.0,0.4377420200762572,0.00022413399710785598,3.890441286826853,0.0,0.0,0.0,0.0,0.0,6.326770903601245,0.23006677363608372,0.8125
gamma,lucb,31,120.0,240.0,0.5879470680883969,0.0002996409893967211,3.8984682995396986,0.0,0.0,0.0,0.0,0.0,6.370745405876015,0.23054396679480374,0.8125
gamma,lucb,32,15.0,30.0,0.10026445802213857,8.851999155012891e-05,4.25461271989711,0.0,0.03239449412261075,1.1102230246251565e-16,1.1102230246251565e-16,2.220446049250313e-16,7.696687215630984,0.46338923296175855,0.3333333333333333
gamma,lucb,32,30.0,60.0,0.20380854301765794,0.0002087239918182604,4.05776150485021,0.0,0.03239449412261075,1.1102230246251565e-16,1.1102230246251565e-16,2.220446049250313e-16,6.196460870109364,0.3615196678644785,0.625
gamma,lucb,32,60.0,120.0,0.4097308610143955,0.0004441059791133739,3.886429714016589,0.0,0.0,0.0,0.0,0.0,5.470698013913441,0.26549118992148335,0.8125
gamma,lucb,32,90.0,180.0,0.6151255710428813,0.0006264079638640396,3.8253467123094436,0.0,0.0,0.0,0.0,0.0,4.914394502942336,0.2612500971179843,0.8125
gamma,lucb,32,120.0,240.0,0.8099472840622184,0.000746704958146438,3.8121576977533906,0.0,0.03239449412261075,1.1102230246251565e-16,1.1102230246251565e-16,2.220446049250313e-16,4.870565892909066,0.26119264402302755,0.8125
gamma,lucb,33,15.0,30.0,0.07383894898521248,4.3748012103606015e-05,3.9083652344848487,0.0,0.0,0.013839177814250925,0.0,0.0,5.882631686271164,0.41024894711171217,0.375
gamma,lucb,33,30.0,60.0,0.15006523697229568,8.8970031356439e-05,3.7626476493873664,0.0,0.0,0.013839177814250925,0.0,0.02247311896357307,4.735717781645833,0.3080014476982087,0.6875
gamma,lucb,33,60.0,120.0,0.2974612629332114,0.00016997501370497048,3.655506522827594,0.0,0.0,0.0,0.0,0.0,3.586681860965619,0.2170404173685762,0.8125
gamma,lucb,33,90.0,180.0,0.4438830919243628,0.0002487070159986615,3.666324833714197,0.0,0.0,0.013839177814250925,0.0,0.0,3.660179160668526,0.21713927062821065,0.8125
gamma,lucb,33,120.0,240.0,0.5902118299272843,0.0003283589976490475,3.6689900388551124,0.0,0.0,0.013839177814250925,0.0,0.0,3.6645200632687263,0.217149749658021,0.8125
gamma,lucb,34,15.0,30.0,0.09598001099948306,7.84870280767791e-05,4.593156725014271,0.3058960524783604,0.1764472438794077,0.20871087228234897,0.21990867707974437,0.23625993330198358,18.252868539464014,0.3870024377328466,0.3958333333333333
gamma,lucb,34,30.0,60.0,0.1943349209977896,0.00016973001038422808,4.278071187085604,0.0,0.022805394304444726,-2.220446049250313e-16,-2.220446049250313e-16,0.015776127033968135,8.92791957341663,0.294015484689578,0.6041666666666666
gamma,lucb,34,60.0,120.0,0.3994253190321615,0.00038877703627804294,4.060628149899055,0.0,0.0,0.0,0.02199634950537932,0.0,4.9467960421518935,0.19875185342451093,0.8125
gamma,lucb,34,90.0,180.0,0.6039740790292853,0.000576855025428813,4.0367409485801184,0.0,0.0,0.0,0.0,0.0,4.2674956200694245,0.19838010867224465,0.8125
gamma,lucb,34,120.0,240.0,0.8053055979835335,0.0007472180514014326,4.01059296933772,0.0,0.0,0.0,0.0,0.0,4.018203212504746,0.19684380367556006,0.8125
gamma,lucb,35,15.0,30.0,0.10067531001550378,9.516900172457099e-05,4.247799385357294,0.0,0.08697514857287958,0.06157468593703308,-2.220446049250313e-16,-2.220446049250313e-16,8.222966528823886,0.3635971070823054,0.3333333333333333
gamma,lucb,35,30.0,60.0,0.2009457360036322,0.0002070269692922011,4.069639188879418,0.0,0.08697514857287958,0.06157468593703308,-2.220446049250313e-16,-2.220446049250313e-16,5.829250686324204,0.29946146412789876,0.6041666666666666
gamma,lucb,35,60.0,120.0,0.4000634250114672,0.00037299295217962936,3.9046919720204163,0.0,0.0029517491116642924,0.0,0.0,0.0,4.21598523033781,0.23335464035665698,0.8125
gamma,lucb,35,90.0,180.0,0.6029319750377908,0.0005321319840732031,3.9010798469832344,0.0,0.0029517491116642924,0.0,0.0,0.0,4.174177547835173,0.2330980122929781,0.8125
gamma,lucb,35,120.0,240.0,0.8069428300805157,0.0006888339557917789,3.8982743131104534,0.0,0.0029517491116642924,0.0,0.0,0.0,4.166739783625912,0.23308842107801064,0.8125
gamma,lucb,36,15.0,30.0,0.10646320200612536,0.00010004101932281628,4.1313301494324906,0.0,0.0,0.0,0.08732161695564289,0.10654076166007187,10.531638305170505,0.42044265044267337,0.3958333333333333
gamma,lucb,36,30.0,60.0,0.2124641260234057,0.00020836302428506315,3.9902481934573735,0.0,0.0,0.0,0.0,0.0,5.692375903760695,0.3228696758139624,0.7083333333333334
gamma,lucb,36,60.0,120.0,0.41152640202926705,0.0003831930225715041,3.852472201449412,0.0,0.0,0.0,0.0,0.0,4.96639452712162,0.2675605269933257,0.8125
gamma,lucb,36,90.0,180.0,0.5969501809740905,0.0004943990061292425,3.8513237362215587,0.0,0.0,0.0,0.0,0.0,4.964091201149914,0.26755151526926446,0.8125
gamma,lucb,36,120.0,240.0,0.7874701899927459,0.000619930011453107,3.8507855988565787,0.0,0.0,0.0,0.0,0.0,4.962650846984389,0.2675475517865482,0.8125
gamma,lucb,37,15.0,30.0,0.09655087903229287,9.044301987159997e-05,4.136650776433187,0.6109527542588951,0.37954421825302864,0.3667919019148498,0.3657339176393538,0.33157898729088364,14.169447137116768,0.37337972634030264,0.4166666666666667
gamma,lucb,37,30.0,60.0,0.19283004503085976,0.0001872820357675664,3.846492405660731,0.0,0.13707754433344643,0.018495426729791875,0.0,0.0,5.978081795409922,0.2616505169718222,0.7291666666666666
gamma,lucb,37,60.0,120.0,0.3847529770209803,0.00034495701402192935,3.8161262754054994,0.0,0.13707754433344643,0.018495426729791875,0.0,0.0,5.831803507792061,0.21379447775198393,0.8125
gamma,lucb,37,90.0,180.0,0.572381119003694,0.0004644980072043836,3.761295186638813,0.0,0.0,0.018495426729791875,0.0,0.0,5.367523938697914,0.2103284968739774,0.8125
gamma,lucb,37,120.0,240.0,0.7656255279871402,0.0005976669635856524,3.7725138116924595,0.0,0.0,0.018495426729791875,0.0,0.0,5.382271442542125,0.21073738816023418,0.8125
gamma,lucb,38,15.0,30.0,0.09802553801273461,7.552600436611101e-05,4.6553516576415355,0.0,0.18397431871830028,0.2395588988577736,0.23233606773757953,0.20836125430096375,24.331401492135694,0.47913210122945693,0.3541666666666667
gamma,lucb,38,30.0,60.0,0.1976566610246664,0.00016284500452456996,4.2955996036774655,0.0,0.03706275881685839,0.13149704013898944,0.11400492532812412,0.10733925449119919,17.09013068984732,0.3549710714314028,0.5833333333333334
gamma,lucb,38,60.0,120.0,0.39247084601811366,0.0003161970162182115,4.06786083849422,0.0,0.03706275881685839,0.0,0.0,0.0,6.064934822451882,0.2581001135619248,0.8125
gamma,lucb,38,90.0,180.0,0.5836312910032575,0.000433755005360581,4.056409939170888,0.0,0.03706275881685839,0.0,0.0,0.0,6.016759260135547,0.25804062166730135,0.8125
gamma,lucb,38,120.0,240.0,0.7804716460013879,0.0005600410004262812,4.0500725289566155,0.0,0.0,0.0,0.0,0.0,5.572688701060286,0.257889704394489,0.8125
gamma,lucb,39,15.0,30.0,0.09895012999913888,8.691300899954513e-05,4.286424648946608,0.0,0.01100584692120965,0.024908450604145815,0.01955871913158891,0.0,9.1477113986868,0.39470483743393253,0.3541666666666667
gamma,lucb,39,30.0,60.0,0.20497526602412108,0.0001987000141525641,4.146673411185712,0.0,0.01100584692120965,0.007995510443630893,0.0,0.0,8.172089309695814,0.2886287073655834,0.6041666666666666
gamma,lucb,39,60.0,120.0,0.4079043570236536,0.0004075789838680066,3.923709891119852,0.0,0.01100584692120965,0.0,0.0,0.0,4.436273051709798,0.2376244213180758,0.8125
gamma,lucb,39,90.0,180.0,0.6005662190000294,0.0005620219963020645,3.925064881899376,0.0,0.01100584692120965,0.0,0.0,0.0,4.482110674269629,0.23764293931170277,0.8125
gamma,lucb,39,120.0,240.0,0.8080020800116472,0.0007321529847104102,3.9072584079476655,0.0,0.01100584692120965,0.0,0.0,0.0,4.160008167627516,0.2374009662177096,0.8125
gamma,lucb,40,15.0,30.0,0.0723814020093414,3.8933008909225464e-05,4.530972647536907,0.0,0.12037213411183356,0.08830428453895323,0.1621896450518553,0.17933871632315435,18.619753265020886,0.38315495997923166,0.375
gamma,lucb,40,30.0,60.0,0.14594716100691585,8.956697274697945e-05,4.236336929782201,0.0,0.12037213411183356,0.08830428453895323,0.14783891688380357,0.1477545397864325,17.44157920280555,0.3180882829321832,0.6875
gamma,lucb,40,60.0,120.0,0.28942374001053395,0.00018737695791060105,4.041470328963775,0.0,0.0,0.05800493639643067,0.0,0.0,7.4776577290988495,0.23040772486100997,0.8125
gamma,lucb,40,90.0,180.0,0.45078511600149795,0.000279759980912786,3.991569395816628,0.0,0.0,0.05800493639643067,0.0,0.0,7.261864982130729,0.22897377039701355,0.8125
gamma,lucb,40,120.0,240.0,0.614344631008862,0.00038985195715213194,3.9921209869748977,0.0,0.0,0.05800493639643067,0.0,0.0,7.260269121065104,0.2289682475437714,0.8125
gamma,lucb,41,15.0,30.0,0.07173021001653979,3.951599501306191e-05,4.156265699221163,0.0,0.0,0.03373508761992605,0.05851318427998098,0.0777802852767856,9.554349997751244,0.4133664891367922,0.3958333333333333
gamma,lucb,41,30.0,60.0,0.1430328209826257,7.809398812241852e-05,4.017829768809916,0.0,0.0,0.0017835516751225633,0.03014533255624674,0.05225909203281387,7.455074784957453,0.2783282199011359,0.7083333333333334
gamma,lucb,41,60.0,120.0,0.28642338297504466,0.00016473900177516043,3.892494906994417,0.0,0.0,0.0017835516751225633,0.03057039533532513,0.052641500592733204,6.8758293369861345,0.258683053470248,0.8125
gamma,lucb,41,90.0,180.0,0.4486764969478827,0.0003003000165335834,3.8420094265508724,0.0,0.0,0.0017835516751225633,0.0006190350895312058,0.025695700812160438,6.716777658372779,0.2568645070465567,0.8125
gamma,lucb,41,120.0,240.0,0.600764899943897,0.00040708303276915103,3.8223176729800143,0.0,0.0,0.0017835516751225633,0.0006190350895312058,0.025695700812160438,6.674985895078797,0.2560092513783924,0.8125
gamma,lucb,42,15.0,30.0,0.07772630798717728,5.313700239639729e-05,4.482430665805172,0.0,0.19395660298700657,0.21216642453325119,0.17830032306933996,0.1947159022366325,23.905219414205405,0.43759756727980126,0.3541666666666667
gamma,lucb,42,30.0,60.0,0.15447717099596048,9.559500176692382e-05,4.117282962145658,0.0,0.0,0.0,0.0,0.0,8.387048847952295,0.2692730962792796,0.6458333333333334
gamma,lucb,42,60.0,120.0,0.31646326500049327,0.0002017979568336159,3.8621816662254242,0.0,0.0,0.0,0.0,0.0,5.518393273564503,0.22384682857335453,0.8125
gamma,lucb,42,90.0,180.0,0.4671392600357649,0.0003025679470738396,3.8583029993697586,0.0,0.0,0.0,0.0,0.0,5.470013031456847,0.22382175701501747,0.8125
gamma,lucb,42,120.0,240.0,0.6173267140547978,0.00040795593668008223,3.8548300757057117,0.0,0.0,0.0,0.0,0.0,5.45820311241225,0.22378648450201583,0.8125
gamma,lucb,43,15.0,30.0,0.07386828503513243,6.373599171638489e-05,4.259097123189901,0.0,0.0,0.008781444816091777,0.08182672094347554,0.169913090947439,11.021068257217797,0.42238448833129494,0.4166666666666667
gamma,lucb,43,30.0,60.0,0.14786356804688694,0.00011230098607484251,3.9989950462276376,0.0,0.0,0.008781444816091777,0.007161899786049419,1.1102230246251565e-16,4.566644927401616,0.2687146466831863,0.7083333333333334
gamma,lucb,43,60.0,120.0,0.3088065240663127,0.00022482299391413108,3.8813519288764575,0.0,0.0,0.008781444816091777,0.0027292789219099944,1.1102230246251565e-16,3.9116779146027665,0.24332153969330383,0.8125
gamma,lucb,43,90.0,180.0,0.4562269770394778,0.000315557983412873,3.8666496756147732,0.0,0.0,0.008781444816091777,0.0027292789219099944,1.1102230246251565e-16,3.875668937252092,0.24328215766982547,0.8125
gamma,lucb,43,120.0,240.0,0.6039212500763824,0.00040982801147038117,3.863353540696392,0.0,0.0,0.008781444816091777,0.007161899786049419,1.1102230246251565e-16,3.8343382955417558,0.24219908196035156,0.8125
gamma,lucb,44,15.0,30.0,0.10945429998537293,0.0001050349892466329,4.189616559480051,0.0,0.0,0.0,0.0343445904825862,0.062188700753549986,10.042712623276058,0.3872733030224675,0.4166666666666667
gamma,lucb,44,30.0,60.0,0.21441387498634867,0.0002069779802695848,3.957256716373884,0.0,0.0,0.0,0.0343445904825862,0.062188700753549986,9.3736796229789,0.2961382749850759,0.7291666666666666
gamma,lucb,44,60.0,120.0,0.41355596899666125,0.0004184990029898472,3.8413354792605383,0.0,0.0,0.05725807537300376,1.1102230246251565e-16,2.220446049250313e-16,5.748620414898664,0.2532986900417834,0.8125
gamma,lucb,44,90.0,180.0,0.6342027889477322,0.0006382320061675273,3.828209206387784,0.0,0.0,0.05725807537300376,1.1102230246251565e-16,2.220446049250313e-16,5.479420692408866,0.25135816342683137,0.8125
gamma,lucb,44,120.0,240.0,0.860183853917988,0.0008655970013933256,3.8203084457049736,0.0,0.0,0.05725807537300376,1.1102230246251565e-16,2.220446049250313e-16,5.416859461053062,0.2512983976975998,0.8125
gamma,lucb,45,15.0,30.0,0.09577153098507551,7.913199078757316e-05,4.0960017537209295,0.0,0.04916122588640026,0.07770641705469994,0.09015897291423514,0.10172012457704016,12.002506549449349,0.41553217356012245,0.3958333333333333
gamma,lucb,45,30.0,60.0,0.20618618698063074,0.00020176898397039622,3.9217347238338838,0.0,0.04916122588640026,0.08429814255301304,0.09550368253712727,0.07615844170590735,9.220555053148558,0.32266876888439455,0.6666666666666666
gamma,lucb,45,60.0,120.0,0.4207736759854015,0.0004454829904716462,3.7428102895828164,0.0,0.04916122588640026,0.0,0.0,0.0,4.056354493737289,0.2514844379752039,0.8125
gamma,lucb,45,90.0,180.0,0.654221255943412,0.0006880019718664698,3.741397304888121,0.0,0.04916122588640026,0.0,0.0,0.0007673026405478067,4.06161956378336,0.2514904538005093,0.8125
gamma,lucb,45,120.0,240.0,0.86611657794856,0.0008593519960413687,3.7326631929719496,0.0,0.04916122588640026,0.0,0.0,0.0,3.9983938372083836,0.25142498641672106,0.8125
gamma,lucb,46,15.0,30.0,0.10412632500811014,0.00011090699263149872,4.683935387528247,0.0,0.01435492794788118,0.041840217858949647,0.10822540340232256,0.14251648004537532,14.81652827765976,0.3944416130596082,0.3333333333333333
gamma,lucb,46,30.0,60.0,0.20370539397845278,0.0002194309709011577,4.258298974027347,0.0,0.01435492794788118,1.1102230246251565e-16,2.220446049250313e-16,0.007037782279804561,8.071270091649,0.2930534505455935,0.6041666666666666
gamma,lucb,46,60.0,120.0,0.40762477995303925,0.00042065295565407723,4.021843622544665,0.0,0.01435492794788118,1.1102230246251565e-16,2.220446049250313e-16,0.007037782279804561,4.324206910205944,0.20131413718988186,0.8125
gamma,lucb,46,90.0,180.0,0.6163507839519298,0.0006429169661714695,4.013545275963364,0.22331411156592673,0.0,0.0,0.0,0.00703778227980445,4.413893928730432,0.20135004119314542,0.8125
gamma,lucb,46,120.0,240.0,0.819777507953404,0.0008203199686249718,3.9778003645964604,0.0,0.0,0.0,0.0,0.0,3.5507673561562174,0.20093724207486258,0.8125
gamma,lucb,47,15.0,30.0,0.10089683402475202,0.00010585401469143108,3.973067599284739,0.0,0.027998849679309656,1.1102230246251565e-16,1.1102230246251565e-16,1.1102230246251565e-16,6.600870275273877,0.4455496946693325,0.3541666666666667
gamma,lucb,47,30.0,60.0,0.20941683304408798,0.0002208270234405063,3.770564608653751,0.0,0.027998849679309656,1.1102230246251565e-16,0.010212409139881973,1.1102230246251565e-16,5.247898558730914,0.3052043488657276,0.6666666666666666
gamma,lucb,47,60.0,120.0,0.4167379200589494,0.0004628849928849377,3.7210643277276563,0.0,0.027998849679309656,1.1102230246251565e-16,0.010212409139881973,1.1102230246251565e-16,5.013867189083103,0.2376367651050326,0.8125
gamma,lucb,47,90.0,180.0,0.628810342073848,0.0006824130032327957,3.6535332827988314,0.0,0.027998849679309656,1.1102230246251565e-16,1.1102230246251565e-16,1.1102230246251565e-16,4.653119240198349,0.2358580133622775,0.8125
gamma,lucb,47,120.0,240.0,0.8256196980801178,0.0008596310071879998,3.6535520581941534,0.0,0.027998849679309656,1.1102230246251565e-16,1.1102230246251565e-16,1.1102230246251565e-16,4.65230453327549,0.23584389016323443,0.8125
gamma,lucb,48,15.0,30.0,0.10446598396811169,0.0001149749950855039,3.9888842787262266,0.04589640525670624,0.11142265273968599,0.0,0.0,0.0,6.148510990101878,0.3636388001116075,0.3958333333333333
gamma,lucb,48,30.0,60.0,0.20482988998264773,0.00022860299941385165,3.8887052068005032,0.04589640525670624,0.11142265273968599,0.0,0.0,0.0,5.104095056290535,0.2894613674823643,0.7083333333333334
gamma,lucb,48,60.0,120.0,0.4243981840045308,0.000473275977128651,3.8735147895850726,0.04589640525670624,0.11142265273968599,0.0,0.0,0.0,4.890441796157677,0.2544416997940434,0.8125
gamma,lucb,48,90.0,180.0,0.6223013430280844,0.000654779993055854,3.860097444357823,0.04589640525670624,0.11142265273968599,0.0,0.0,0.0,4.8258482242450285,0.25377841868259304,0.8125
gamma,lucb,48,120.0,240.0,0.8178584890192724,0.000821871028165333,3.8603512583620243,0.04589640525670624,0.11142265273968599,0.0,0.0,0.0,4.830968338075972,0.25382236691693183,0.8125
gamma,lucb,49,15.0,30.0,0.10173063401452964,0.00011292402632534504,4.158388437462005,0.0,0.0,0.0,0.0,0.032573551076133356,8.244236648032766,0.4135141501499877,0.4375
gamma,lucb,49,30.0,60.0,0.1994949919899227,0.0002447570295771584,3.9468375987898043,0.0,0.0,0.0,0.0,0.032573551076133356,7.133135550491474,0.30147291333649284,0.75
gamma,lucb,49,60.0,120.0,0.4060428419688833,0.0004656700402847491,3.785639030590678,0.0,0.0,0.0,0.0,0.004881392085044012,5.779304534924475,0.25570768686015555,0.8125
gamma,lucb,49,90.0,180.0,0.6118754709314089,0.0006472570385085419,3.7814710390227657,0.0,0.0,0.0,0.0,0.004881392085044012,5.783116183357464,0.25587759418639416,0.8125
gamma,lucb,49,120.0,240.0,0.8034361039390205,0.00078906501585152,3.76813339319113,0.0,0.0,0.0,0.0,0.0,5.734407809876303,0.2542794425458557,0.8125
gamma,lucb@gamma-poisson,0,15.0,30.0,0.0390991210078937,8.386700937990099e-05,4.346815515500265,0.0,0.0,0.007299204900065637,0.005094084206732741,0.004213102712073313,11.840779973571783,0.39095644484068304,0.3125
gamma,lucb@gamma-poisson,0,30.0,60.0,0.07187570199312177,0.0001281540098716505,4.339681223816707,0.0,0.0,0.007299204900065637,0.005094084206732741,0.004213102712073313,11.877079496086566,0.39098110347008064,0.3125
gamma,lucb@gamma-poisson,0,60.0,120.0,0.1382132869621273,0.00023913401673780754,4.201456176452923,0.0,0.0,0.0008265416819995819,0.005744585057252616,0.0010043947198602465,5.489880998440669,0.35327697284565235,0.3541666666666667
gamma,lucb@gamma-poisson,0,90.0,180.0,0.20195437197980937,0.0003373829895281233,4.1924531524012565,0.0,0.0,0.0008265416819995819,0.0,0.0010043947198603576,5.413507412825047,0.35324652856526745,0.3541666666666667
gamma,lucb@gamma-poisson,0,120.0,240.0,0.26563499197072815,0.00043084997014375404,4.194196159130023,0.0,0.0,0.0008265416819995819,0.0,0.0010043947198603576,5.415078945672079,0.3532472378849797,0.3541666666666667
gamma,lucb@gamma-poisson,1,15.0,30.0,0.034361818034085445,4.916900070384145e-05,4.26700189449717,0.0,0.008221238031002831,0.01993952313716818,0.0975610543385329,0.09645210907280144,8.89603539029776,0.372676768598334,0.4166666666666667
gamma,lucb@gamma-poisson,1,30.0,60.0,0.06447011901764199,8.300297486130148e-05,4.177185878955746,0.0,0.008221238031002831,0.01993952313716818,0.0975610543385329,0.10285787461850071,8.317932549865672,0.3457402282381932,0.6041666666666666
gamma,lucb@gamma-poisson,1,60.0,120.0,0.12472099599835929,0.00015072600217536092,3.9889431417317227,0.0,0.008221238031002831,0.01993952313716818,1.1102230246251565e-16,2.220446049250313e-16,4.255963738728824,0.28452815380077817,0.8125
gamma,lucb@gamma-poisson,1,90.0,180.0,0.1853306349585182,0.0002256100342492573,3.9870494049358207,0.0,0.008221238031002831,0.01993952313716818,1.1102230246251565e-16,2.220446049250313e-16,4.2480860128820455,0.2845038766349499,0.8125
gamma,lucb@gamma-poisson,1,120.0,240.0,0.25508541996532585,0.00033410701871616766,3.983885463646201,0.0,0.008221238031002831,0.01993952313716818,1.1102230246251565e-16,2.220446049250313e-16,4.370578793395221,0.2842193694496836,0.8125
gamma,lucb@gamma-poisson,2,15.0,30.0,0.02322778300731443,2.920201950473711e-05,4.201672892673717,0.0,0.004212361697546463,-2.220446049250313e-16,0.0,0.0,6.252238883920941,0.4245547855033733,0.3958333333333333
gamma,lucb@gamma-poisson,2,30.0,60.0,0.04602022501057945,5.5750031606294215e-05,4.070984976598158,0.0,0.004212361697546463,-2.220446049250313e-16,0.0,0.0,5.464493186263668,0.3564019386700111,0.6041666666666666
gamma,lucb@gamma-poisson,2,60.0,120.0,0.09226348500669701,0.00010802703764056787,3.934048772604935,0.0,0.004212361697546463,-2.220446049250313e-16,0.0,0.0,3.732765740376209,0.2760336457406381,0.8125
gamma,lucb@gamma-poisson,2,90.0,180.0,0.13843913505843375,0.00015607102977810428,3.9299149912564815,0.0,0.004212361697546463,-2.220446049250313e-16,0.0,0.0,3.771010868693426,0.2760444728217415,0.8125
gamma,lucb@gamma-poisson,2,120.0,240.0,0.18418832706811372,0.00020060702809132636,3.9297018467600666,0.0,0.004212361697546463,-2.220446049250313e-16,0.0,0.0,3.770408485788457,0.2760433538378136,0.8125
gamma,lucb@gamma-poisson,3,15.0,30.0,0.024478614010149613,3.577301686163992e-05,4.240659835806199,0.0,0.0,0.0,0.020676605489554523,0.01881220208074985,7.698992451765158,0.3532551450961646,0.3958333333333333
gamma,lucb@gamma-poisson,3,30.0,60.0,0.04723282302438747,6.446000770665705e-05,4.03583170045937,0.0,0.0,0.0,0.020676605489554523,0.04119518636137709,6.6558206638283695,0.2571357075371238,0.6666666666666666
gamma,lucb@gamma-poisson,3,60.0,120.0,0.09347096800047439,0.00011527499736985192,3.9132631284330386,0.0,0.0,0.0,0.0,0.007324039241632052,5.267978322889345,0.23163471314892922,0.8125
gamma,lucb@gamma-poisson,3,90.0,180.0,0.13881974301330047,0.00016868899547262117,3.8833696644886175,0.0,0.0,0.0,0.0,0.007324039241632052,5.111721364482008,0.2313632923695304,0.8125
gamma,lucb@gamma-poisson,3,120.0,240.0,0.18382403197756503,0.0002154709873138927,3.8575810780429536,0.0,0.0,0.0,0.0,0.0,5.043432675744014,0.23047613973879022,0.8125
gamma,lucb@gamma-poisson,4,15.0,30.0,0.03241973998956382,5.709199467673898e-05,4.443020397195295,0.0,0.0,0.0,0.0,0.0,9.110216545312444,0.43268176026319694,0.375
gamma,lucb@gamma-poisson,4,30.0,60.0,0.06364408499212004,0.00010558199574006721,4.217917251061511,0.0,0.0,0.0,0.0,0.000937328298248552,7.649160886343639,0.2898429496985856,0.6041666666666666
gamma,lucb@gamma-poisson,4,60.0,120.0,0.1275786379701458,0.00021835899678990245,4.07517963140099,0.0,0.0,0.0,0.0,0.000937328298248552,6.6821615004776795,0.27045284870205,0.7083333333333334
gamma,lucb@gamma-poisson,4,90.0,180.0,0.19442513896501623,0.0003413680024095811,4.04486962023135,0.0,0.0,0.0,0.0,0.0,6.552853257381373,0.228472414705305,0.8125
gamma,lucb@gamma-poisson,4,120.0,240.0,0.26038265293027507,0.00045199697342468426,4.040337729507206,0.0,0.0,0.0,0.0,0.0,6.549784489131159,0.22846035910950643,0.8125
gamma,lucb@gamma-poisson,5,15.0,30.0,0.03017363799881423,3.757302329177037e-05,4.488492854427033,0.0,0.02480729230392753,0.024439548188701643,0.15839760223199895,0.1774228210564467,11.975035740563799,0.3547505040375648,0.4375
gamma,lucb@gamma-poisson,5,30.0,60.0,0.059996039992256556,6.951302930247039e-05,4.214287463081984,0.3069068889619251,0.0,0.0,0.0,0.026139781571361542,7.640856618676832,0.2669231362658921,0.75
gamma,lucb@gamma-poisson,5,60.0,120.0,0.12016969198157312,0.00013994405890116468,4.105600810560124,0.3069068889619251,0.0,0.0,0.0,0.0,6.174398686854509,0.23693236561851955,0.8125
gamma,lucb@gamma-poisson,5,90.0,180.0,0.18272502497711685,0.00022301911667454988,4.092136584760058,0.3069068889619251,0.0,0.0,0.0,0.0,6.0518514780694,0.23657358990167354,0.8125
gamma,lucb@gamma-poisson,5,120.0,240.0,0.24576038694794988,0.0003052801112062298,4.095071196906997,0.3069068889619251,0.0,0.0,0.0,0.0,6.054027702575515,0.23658706840057625,0.8125
gamma,lucb@gamma-poisson,6,15.0,30.0,0.022748937000869773,2.57660067290999e-05,4.3423718141335526,0.0,0.0,0.0,0.026670367214759905,0.023540992894205637,7.926007739726169,0.4146183470243413,0.3125
gamma,lucb@gamma-poisson,6,30.0,60.0,0.04542268199293176,4.95959902764298e-05,4.168078545034194,0.0,0.0,0.0,0.0,0.0,6.3075585480530485,0.3664181974632715,0.4166666666666667
gamma,lucb@gamma-poisson,6,60.0,120.0,0.0914346070276224,0.00010007897799368948,4.007279086171174,0.0,0.0,0.0,0.0,0.0,4.933051052401657,0.27057756463228894,0.6041666666666666
gamma,lucb@gamma-poisson,6,90.0,180.0,0.138745975040365,0.0001538969954708591,4.004123726299246,0.0,0.0,0.0,0.0,0.0,4.955339311480918,0.2706145371679695,0.6041666666666666
gamma,lucb@gamma-poisson,6,120.0,240.0,0.1852523320412729,0.00020238498836988583,3.99636266209286,0.0,0.0,0.0,0.0,0.0,4.92039767400145,0.2705693862080046,0.6041666666666666
gamma,lucb@gamma-poisson,7,15.0,30.0,0.022947698998905253,2.7392008632887155e-05,4.100640606135473,0.0,0.024722137368705543,1.1102230246251565e-16,0.004190406438799643,1.1102230246251565e-16,5.362355803341281,0.38194358348905255,0.3958333333333333
gamma,lucb@gamma-poisson,7,30.0,60.0,0.04562118000467308,5.302600038703531e-05,3.932062494527558,0.0,0.024722137368705543,1.1102230246251565e-16,0.004190406438799643,1.1102230246251565e-16,4.151941401870056,0.29993289973075976,0.6666666666666666
gamma,lucb@gamma-poisson,7,60.0,120.0,0.10332367008231813,0.00012912999955005944,3.817605157706749,0.0,0.024722137368705543,1.1102230246251565e-16,2.220446049250313e-16,1.1102230246251565e-16,3.6299606890002307,0.23411157309247593,0.8125
gamma,lucb@gamma-poisson,7,90.0,180.0,0.15013377909053816,0.00018015698151430115,3.7683509932724237,0.0,0.024722137368705543,1.1102230246251565e-16,2.220446049250313e-16,1.1102230246251565e-16,3.3909557989236023,0.22353669631387763,0.8125
gamma,lucb@gamma-poisson,7,120.0,240.0,0.19653174311679322,0.00022958200861467049,3.767527689001465,0.0,0.024722137368705543,1.1102230246251565e-16,2.220446049250313e-16,1.1102230246251565e-16,3.394613340217767,0.22356158666048376,0.8125
gamma,lucb@gamma-poisson,8,15.0,30.0,0.023678884033870418,3.581200144253671e-05,4.578512378952309,0.5521143211916174,0.3847866202128978,0.2732392429790268,0.2657616315527196,0.252409539381377,26.495037757292113,0.4437806900884226,0.2916666666666667
gamma,lucb@gamma-poisson,8,30.0,60.0,0.048515265036257915,7.468400872312486e-05,4.3116583039355945,0.0,0.052609581778371495,0.03979093964152902,0.0,0.0,6.810201137570404,0.3750912050239093,0.3958333333333333
gamma,lucb@gamma-poisson,8,60.0,120.0,0.09687489002681104,0.00015023801097413525,4.270944503772056,0.0,0.052609581778371495,0.03979093964152902,0.0,0.0,6.0630052043233915,0.36131892355344686,0.4166666666666667
gamma,lucb@gamma-poisson,8,90.0,180.0,0.1465362200178788,0.00023052303731674328,4.119769887455409,0.0,0.052609581778371495,0.03979093964152902,0.0,0.0,5.3137901184939675,0.3139108811756817,0.6041666666666666
gamma,lucb@gamma-poisson,8,120.0,240.0,0.1932256430227426,0.00029290303791640326,4.118635755000198,0.0,0.052609581778371495,0.03979093964152902,0.0,0.0,5.308592427101956,0.3139073453058363,0.6041666666666666
gamma,lucb@gamma-poisson,9,15.0,30.0,0.025131043970759492,4.0624974644742906e-05,4.283343983862853,0.014757859359060599,0.0,0.0,0.08494049684550942,0.11283077574359546,8.863136458034106,0.379305715534136,0.375
gamma,lucb@gamma-poisson,9,30.0,60.0,0.04832773999078199,6.858097185613587e-05,4.007766850758325,0.014757859359060599,0.0,0.0,0.012204171546050135,-2.220446049250313e-16,4.5403122302576495,0.28302470515681094,0.6041666666666666
gamma,lucb@gamma-poisson,9,60.0,120.0,0.09507395197579172,0.00011981797433691099,3.855652128170463,0.014757859359060599,0.0,0.0,0.0,0.0,3.643023953432939,0.18822641136435642,0.8125
gamma,lucb@gamma-poisson,9,90.0,180.0,0.14187219899031334,0.00017006898269755766,3.8527041027718933,0.014757859359060599,0.0,0.0,0.0,0.0,3.5034891439313824,0.18813450728132675,0.8125
gamma,lucb@gamma-poisson,9,120.0,240.0,0.1883086629823083,0.00022090199490776286,3.8490889453719546,0.014757859359060599,0.0,0.0,0.0,0.0,3.5303548776171483,0.18841948297839897,0.8125
gamma,lucb@gamma-poisson,10,15.0,30.0,0.023460354990675114,2.771099389065057e-05,4.306151300842357,0.0,0.026567540234695097,0.0,0.0,0.0,6.8290588179454454,0.44263683095196593,0.3958333333333333
gamma,lucb@gamma-poisson,10,30.0,60.0,0.04669571497652214,5.3743999160360545e-05,4.1515279038907575,0.0,0.026567540234695097,0.0,0.0,0.0,5.818357052074167,0.3345067464530188,0.6041666666666666
gamma,lucb@gamma-poisson,10,60.0,120.0,0.0928219619236188,0.00010677999671315774,4.017049320468673,0.0,0.026567540234695097,0.0,0.0,0.0,4.1437682244871334,0.2572731125228706,0.8125
gamma,lucb@gamma-poisson,10,90.0,180.0,0.13899261794722406,0.00016345898620784283,4.021841184934043,0.0,0.026567540234695097,0.0,0.0,0.0,4.2279021962788095,0.2576007319085384,0.8125
gamma,lucb@gamma-poisson,10,120.0,240.0,0.18718684295163257,0.0002223119663540274,3.9998115958226705,0.0,0.026567540234695097,0.0,0.0,0.0,4.112875490219102,0.2569035862482372,0.8125
gamma,lucb@gamma-poisson,11,15.0,30.0,0.03352521599299507,6.546000804519281e-05,4.568482129371655,0.0,0.027257968828325874,2.220446049250313e-16,0.012557070173999874,1.1102230246251565e-16,11.564691975019732,0.4485515361881888,0.20833333333333334
gamma,lucb@gamma-poisson,11,30.0,60.0,0.07105605996912345,0.0001309650033363141,4.473070751658274,0.0,0.027257968828325874,2.220446049250313e-16,1.1102230246251565e-16,0.0,11.051120553205608,0.3996581574430924,0.3541666666666667
gamma,lucb@gamma-poisson,11,60.0,120.0,0.14823269496991998,0.00028620999364648014,4.314388489564195,0.0,0.027257968828325874,2.220446049250313e-16,1.1102230246251565e-16,0.0,7.709680273751057,0.3664120331844946,0.4166666666666667
gamma,lucb@gamma-poisson,11,90.0,180.0,0.21226380293956026,0.00037351799983298406,4.304584533636432,0.0,0.027257968828325874,2.220446049250313e-16,1.1102230246251565e-16,0.0,7.631903710330502,0.3663715298259664,0.4166666666666667
gamma,lucb@gamma-poisson,11,120.0,240.0,0.27519505093368934,0.00044603700371226296,4.220536143279449,0.0,0.027257968828325874,2.220446049250313e-16,1.1102230246251565e-16,0.0,7.300910616188745,0.34172890238066245,0.6041666666666666
gamma,lucb@gamma-poisson,12,15.0,30.0,0.03132556599302916,4.5641965698450804e-05,4.543658389179169,0.0,0.12616253667061994,0.014973777011987544,0.0,0.0,8.856593732796899,0.43527913839055804,0.3541666666666667
gamma,lucb@gamma-poisson,12,30.0,60.0,0.0637783319762093,9.553599375067279e-05,4.391217415767884,0.0,0.12616253667061994,0.014973777011987544,0.0,0.0,7.384530665483102,0.3582981569337196,0.6041666666666666
gamma,lucb@gamma-poisson,12,60.0,120.0,0.1333962370044901,0.00021807598386658356,4.371961206787636,0.0,0.12616253667061994,0.014973777011987544,0.0,0.0,7.339233717959246,0.357891818757002,0.6041666666666666
gamma,lucb@gamma-poisson,12,90.0,180.0,0.2008985269931145,0.00033563495526323095,4.201114336033682,0.0,0.12616253667061994,0.014973777011987544,0.0,0.0,6.491791123148729,0.3033467098949713,0.8125
gamma,lucb@gamma-poisson,12,120.0,240.0,0.2640476030064747,0.0004135579220019281,4.1903401934602975,0.0,0.12616253667061994,0.014973777011987544,0.0,0.0,6.364569295390305,0.3032164624841294,0.8125
gamma,lucb@gamma-poisson,13,15.0,30.0,0.023177199997007847,2.7631984266918153e-05,4.487341982028622,0.0,0.03511199799371867,-2.220446049250313e-16,-2.220446049250313e-16,0.006262076644404702,12.40309028297017,0.39023223375642796,0.4166666666666667
gamma,lucb@gamma-poisson,13,30.0,60.0,0.0472743409773102,6.0316946473903954e-05,4.3753357645125535,0.0,0.03511199799371867,-2.220446049250313e-16,-2.220446049250313e-16,-2.220446049250313e-16,11.794586054299154,0.382136157338874,0.4583333333333333
gamma,lucb@gamma-poisson,13,60.0,120.0,0.09819056898413692,0.0001342239702353254,4.215045986579703,0.0,0.03511199799371867,0.05796033709774884,-2.220446049250313e-16,-2.220446049250313e-16,10.673912754758046,0.310514425365101,0.6041666666666666
gamma,lucb@gamma-poisson,13,90.0,180.0,0.15012296899658395,0.00021446195751195773,4.219686549223141,0.0,0.03511199799371867,0.05796033709774884,-2.220446049250313e-16,-2.220446049250313e-16,10.68321776543599,0.3105566160326995,0.6041666666666666
gamma,lucb@gamma-poisson,13,120.0,240.0,0.20321056997636333,0.0002989439817611128,4.033856955058881,0.0,0.03511199799371867,0.05796033709774884,-2.220446049250313e-16,-2.220446049250313e-16,9.214062306735208,0.22694710658332262,0.8125
gamma,lucb@gamma-poisson,14,15.0,30.0,0.02432987100473838,3.969298995798454e-05,4.133614293901041,0.0,0.0,0.01125860097624376,0.02910497589256822,0.02710536051115975,7.445758771273332,0.3199560017408437,0.4166666666666667
gamma,lucb@gamma-poisson,14,30.0,60.0,0.0485831340047298,7.66200028010644e-05,3.952538962452112,0.0,0.0,0.01125860097624376,-2.220446049250313e-16,-2.220446049250313e-16,4.889277573016761,0.23615888377310276,0.6041666666666666
gamma,lucb@gamma-poisson,14,60.0,120.0,0.09981093899114057,0.00016275097004836425,3.870282392887114,0.0,0.0,0.01125860097624376,-2.220446049250313e-16,-2.220446049250313e-16,4.580226139317064,0.2166597049545475,0.8125
gamma,lucb@gamma-poisson,14,90.0,180.0,0.14983176897658268,0.00024502597807440907,3.8026312760696563,0.0,0.0,0.01125860097624376,-2.220446049250313e-16,0.0010164281832172328,4.248930832955784,0.20564107557909544,0.8125
gamma,lucb@gamma-poisson,14,120.0,240.0,0.2073265999861178,0.0003209529968444258,3.7716474498928867,0.0,0.0,0.01125860097624376,-2.220446049250313e-16,0.0010164281832172328,4.125916996816982,0.2048208473556308,0.8125
gamma,lucb@gamma-poisson,15,15.0,30.0,0.02344933598942589,2.84720299532637e-05,4.577949402652976,0.0,0.0,0.038779133279635336,0.013037193985234063,0.06268193542259604,12.00827676730724,0.3791289385320844,0.4166666666666667
gamma,lucb@gamma-poisson,15,30.0,60.0,0.046574415973736905,5.573903035838157e-05,4.437782597037638,0.0,0.0,0.038779133279635336,0.013037193985234063,0.05958443116200696,11.161239432696938,0.3328398943553881,0.6041666666666666
gamma,lucb@gamma-poisson,15,60.0,120.0,0.09586551797838183,0.00011711401748470962,4.097827926210251,0.0,0.0,0.0,0.0,0.0,7.3190738649259535,0.28392538845975357,0.8125
gamma,lucb@gamma-poisson,15,90.0,180.0,0.14273307794792345,0.00016899302136152983,4.088066414216758,0.0,0.0,0.023535385828497235,0.0,0.0,7.292635962134052,0.28388781410131125,0.8125
gamma,lucb@gamma-poisson,15,120.0,240.0,0.19174148793536006,0.00023135505034588277,4.079906418005023,0.0,0.0,0.0,0.0,0.0,7.266820988449758,0.2838450620103438,0.8125
gamma,lucb@gamma-poisson,16,15.0,30.0,0.024029814987443388,2.8710979677271098e-05,4.286357600636939,0.0,0.0,0.04633447629956766,0.061657430763832455,0.09524363079439846,9.017534097040972,0.4474196921738668,0.3958333333333333
gamma,lucb@gamma-poisson,16,30.0,60.0,0.04719878197647631,5.468798917718232e-05,4.007066516785559,0.0,0.055897752304028714,0.0,0.02337819973826083,0.020320533921395767,6.856336725768956,0.3107118361232537,0.6875
gamma,lucb@gamma-poisson,16,60.0,120.0,0.09608458495495142,0.00011211497621843591,3.8849725915486064,0.0,0.07927561853360665,0.018036712403124655,-2.220446049250313e-16,0.0,4.8223407916828,0.22761697900375918,0.8125
gamma,lucb@gamma-poisson,16,90.0,180.0,0.14316263595537748,0.00016587097343290225,3.876862724130308,0.0,0.07927561853360665,0.018036712403124655,-2.220446049250313e-16,0.0,4.7995520394947695,0.2275454218654756,0.8125
gamma,lucb@gamma-poisson,16,120.0,240.0,0.19605591498839203,0.00023051795869832858,3.8579449363379132,0.0,0.07927561853360665,0.018036712403124655,-2.220446049250313e-16,0.0,4.690674270739695,0.22548489805886066,0.8125
gamma,lucb@gamma-poisson,17,15.0,30.0,0.025380120991030708,4.086196713615209e-05,4.146747788155966,0.0,0.0,0.0062857454968486826,0.08448608385142298,0.07440127063719748,6.49235499097227,0.3154690364100675,0.4375
gamma,lucb@gamma-poisson,17,30.0,60.0,0.05473308603541227,8.176594565156847e-05,3.9611253748503863,0.0,0.0,0.0062857454968486826,0.0,0.00969555545380918,5.493500048949451,0.27849456439579295,0.6458333333333334
gamma,lucb@gamma-poisson,17,60.0,120.0,0.12546433407987934,0.00018490094953449443,3.830823208884827,0.0,0.0,0.0062857454968486826,0.0,0.0,4.857332202180868,0.1802817396838811,0.8125
gamma,lucb@gamma-poisson,17,90.0,180.0,0.19622995109239127,0.00028770294738933444,3.8275339079223953,0.0,0.0,0.0062857454968486826,0.0,0.0,4.853368053171578,0.1802469258688401,0.8125
gamma,lucb@gamma-poisson,17,120.0,240.0,0.24699139210861176,0.0003638999260147102,3.8163429976911734,0.0,0.0,0.0062857454968486826,0.0,0.0,4.841615507305691,0.1802157697643943,0.8125
gamma,lucb@gamma-poisson,18,15.0,30.0,0.02349220099131344,2.805002441164106e-05,4.076160029903203,0.0,0.0,0.0,0.018585216664570803,0.0,7.139924503379825,0.4316991937617675,0.4375
gamma,lucb@gamma-poisson,18,30.0,60.0,0.04703196901391493,6.295300408964977e-05,3.8510679364420404,0.0,0.01679767068316418,0.0,0.0,0.0,5.634680877434216,0.34073990012090116,0.6458333333333334
gamma,lucb@gamma-poisson,18,60.0,120.0,0.11019350803690031,0.00015915100084384903,3.71015701779779,0.0,0.01679767068316418,0.0,0.0,0.0,4.789112614561236,0.22782943556086402,0.8125
gamma,lucb@gamma-poisson,18,90.0,180.0,0.17356059501616983,0.0002581600201665424,3.7115472972024848,0.0,0.01679767068316418,0.0,0.0,0.0,4.826630668188402,0.22788272724257794,0.8125
gamma,lucb@gamma-poisson,18,120.0,240.0,0.22304911903484026,0.00032874406315386295,3.702719406836959,0.0,0.01679767068316418,0.0,0.0,0.0,4.817738194744206,0.22776960807394636,0.8125
gamma,lucb@gamma-poisson,19,15.0,30.0,0.023733674017421436,3.267797001171857e-05,4.216312626505098,0.0,0.12741242128648345,0.0,0.042223028474287494,0.03697222925455623,8.398941871732223,0.33449445531562355,0.4375
gamma,lucb@gamma-poisson,19,30.0,60.0,0.04680037202342646,5.773696466349065e-05,4.062148943439434,0.0,0.12741242128648345,0.0,0.016657815222896333,0.014390991615803594,6.750743622295725,0.24650933824442647,0.6041666666666666
gamma,lucb@gamma-poisson,19,60.0,120.0,0.09737753102672286,0.00013020499318372458,3.9517274967493514,0.0,0.0,0.0,0.016657815222896333,0.0004949817502073461,4.355064370484271,0.2234733646977653,0.625
gamma,lucb@gamma-poisson,19,90.0,180.0,0.14472504905279493,0.00018925096082966775,3.8884303545001546,0.0,0.0,0.0,0.016657815222896333,0.0004949817502073461,4.188483705584082,0.19922729019799254,0.7916666666666666
gamma,lucb@gamma-poisson,19,120.0,240.0,0.19351941406785045,0.0002524239753256552,3.861795040686726,0.0,0.0,0.0,0.0,0.0004949817502073461,4.144240144457336,0.19894479804545465,0.8125
gamma,lucb@gamma-poisson,20,15.0,30.0,0.03603453299001558,5.484800203703344e-05,4.717027995300037,0.0,0.0,0.05817404232711476,0.05210036753396052,0.08317839888896272,13.668454341169989,0.4515426884305901,0.3541666666666667
gamma,lucb@gamma-poisson,20,30.0,60.0,0.07892993797577219,0.0001379720270051621,4.401244514921054,0.0,0.0,0.0,0.0,0.0,7.465130076317844,0.370911271913124,0.5833333333333334
gamma,lucb@gamma-poisson,20,60.0,120.0,0.15365224898414453,0.0002615340272313915,4.374459217514151,0.0,0.0,0.0,0.0,0.0,7.21223199814878,0.3697098225691595,0.6041666666666666
gamma,lucb@gamma-poisson,20,90.0,180.0,0.21521949899033643,0.00033751701266737655,4.38492487041592,0.0,0.0,0.0,0.0,0.0,7.254264423390282,0.36975112825112644,0.6041666666666666
gamma,lucb@gamma-poisson,20,120.0,240.0,0.2756406790140318,0.00040208399877883494,4.364082967713826,0.0,0.0,0.0,0.0,0.0,7.062121576987194,0.3690500599436774,0.6041666666666666
gamma,lucb@gamma-poisson,21,15.0,30.0,0.0348023819969967,5.742401845054701e-05,4.107118123226449,0.0,0.0,0.0,0.0,0.0,4.642640245414681,0.36145826281498417,0.4583333333333333
gamma,lucb@gamma-poisson,21,30.0,60.0,0.07371323498955462,0.00013937001494923607,3.886391049948271,0.0,0.0,0.0,0.0,0.0,3.417767953877546,0.265404218512689,0.7708333333333334
gamma,lucb@gamma-poisson,21,60.0,120.0,0.15318331700837007,0.00027113100804854184,3.8410948800897775,0.0,0.0,0.0,0.0,0.0,3.1856725250425346,0.24790947602417096,0.8125
gamma,lucb@gamma-poisson,21,90.0,180.0,0.21735915204044431,0.0003971129917772487,3.79897699112108,0.0,0.0,0.0,0.0,0.0,3.056754233504609,0.2433146900065249,0.8125
gamma,lucb@gamma-poisson,21,120.0,240.0,0.2800451119983336,0.0004851999692618847,3.7525790113876845,0.0,0.0,0.0,0.0,0.0,2.932983270257209,0.23618911193673348,0.8125
gamma,lucb@gamma-poisson,22,15.0,30.0,0.036757860994839575,5.077300011180341e-05,4.890770933423728,0.0,0.0,0.032200297927310384,0.06058380723155021,0.09120739407546496,15.667062809324948,0.44703306564941564,0.2708333333333333
gamma,lucb@gamma-poisson,22,30.0,60.0,0.062347192979359534,8.385999535676092e-05,4.582768427563116,0.0,0.0,0.0,0.0,0.0,8.30544273486621,0.3509605808990627,0.5833333333333334
gamma,lucb@gamma-poisson,22,60.0,120.0,0.11429286299244268,0.0001681199501035735,4.5373554891146695,0.0,0.0,0.0,0.0,0.0,8.23530892896892,0.3489862450107627,0.6041666666666666
gamma,lucb@gamma-poisson,22,90.0,180.0,0.16260149005393032,0.00023333994613494724,4.531341442645114,0.0,0.0,0.0,0.0,0.0,8.242180187907582,0.3489799334464811,0.6041666666666666
gamma,lucb@gamma-poisson,22,120.0,240.0,0.2101744780447916,0.0002966749234474264,4.532370337204276,0.0,0.0,0.0,0.0,0.0,8.24240962895396,0.3489816328651104,0.6041666666666666
gamma,lucb@gamma-poisson,23,15.0,30.0,0.02475472700461978,3.310199099360034e-05,4.4361464069467145,0.0,0.0,0.02207975213938429,0.03455322909701464,0.08834578582094144,7.725280026528527,0.3964213101862326,0.4375
gamma,lucb@gamma-poisson,23,30.0,60.0,0.048206572006165516,6.070398376323283e-05,4.235222151942062,0.0,0.0,0.02207975213938429,0.03455322909701464,0.06749788885595576,7.061402500768867,0.31401386533888914,0.75
gamma,lucb@gamma-poisson,23,60.0,120.0,0.09587122501397971,0.00011431802704464644,4.089813688966511,0.0,0.0,0.02207975213938429,0.03455322909701464,0.059806543707672244,6.698103167462582,0.2689523764193435,0.8125
gamma,lucb@gamma-poisson,23,90.0,180.0,0.14242236004793085,0.0001661990099819377,4.04177387447872,0.0,0.0,0.02207975213938429,0.03455322909701464,0.059806543707672244,6.619677315750929,0.2562643385451023,0.8125
gamma,lucb@gamma-poisson,23,120.0,240.0,0.1886015140626114,0.00021539897716138512,4.026461948318688,0.0,0.0,0.02207975213938429,0.03455322909701464,0.059806543707672244,6.598321124060925,0.25608164515046833,0.8125
gamma,lucb@gamma-poisson,24,15.0,30.0,0.023547862001578324,3.1537994800601155e-05,4.5339693121824185,0.0,0.0,0.0,0.0,0.0,11.554863130478111,0.4729092500566072,0.20833333333333334
gamma,lucb@gamma-poisson,24,30.0,60.0,0.04823984998802189,6.566999218193814e-05,4.347530766867561,0.0,0.0,0.0,0.0,0.0,10.368932151043687,0.3844469654877182,0.4166666666666667
gamma,lucb@gamma-poisson,24,60.0,120.0,0.09472361698863097,0.00012262399104656652,4.201283284259618,0.0,0.0,0.0,0.0,0.0,8.82266429788237,0.3264728702140478,0.6041666666666666
gamma,lucb@gamma-poisson,24,90.0,180.0,0.14258461697318126,0.00018678701599128544,4.195875985187874,0.0,0.0,0.0,0.0,0.0,8.812682525914234,0.32644932170690666,0.6041666666666666
gamma,lucb@gamma-poisson,24,120.0,240.0,0.19288564491580473,0.00025996501062763855,4.195709823355862,0.0,0.0,0.0,0.0,0.0,8.812577332619643,0.32644921388350867,0.6041666666666666
gamma,lucb@gamma-poisson,25,15.0,30.0,0.024289808025059756,3.5896984627470374e-05,4.051387473168063,0.0,0.0,0.05914961334758928,0.036350178783752685,0.0328513958479113,5.472457207323516,0.4103702983372831,0.4375
gamma,lucb@gamma-poisson,25,30.0,60.0,0.05088951201469172,8.0589008575771e-05,3.877071926484217,0.0,0.0,0.0,0.02564559600698313,0.0328513958479113,3.8715206116357392,0.2957212523002912,0.7083333333333334
gamma,lucb@gamma-poisson,25,60.0,120.0,0.10019714797817869,0.00015333600458689034,3.746456715229057,0.0,0.0,0.0,0.0,0.009674243647559977,3.0372407329715956,0.23892296710368896,0.8125
gamma,lucb@gamma-poisson,25,90.0,180.0,0.14696046996687073,0.00021573802223429084,3.767439782054506,0.0,0.0,0.0,0.0,0.009674243647559977,3.077993563507543,0.24010785133531015,0.8125
gamma,lucb@gamma-poisson,25,120.0,240.0,0.19454380897514056,0.0002800859947456047,3.769908965190267,0.0,0.0,0.0,0.0,0.0,3.100224491712709,0.24043710571025323,0.8125
gamma,lucb@gamma-poisson,26,15.0,30.0,0.03177847699407721,4.693699156632647e-05,3.9392890998203,0.0,0.0,0.0,0.002351964480984292,0.0,6.060111456362756,0.3786863643199738,0.4166666666666667
gamma,lucb@gamma-poisson,26,30.0,60.0,0.06466998399264412,0.00010442899656482041,3.7587807216002473,0.0,0.0,0.0,0.0,0.0,5.040093092541537,0.2784831549598454,0.6875
gamma,lucb@gamma-poisson,26,60.0,120.0,0.12779461604804965,0.00018234999879496172,3.648715685796276,0.0,0.0,0.0,0.002351964480984292,0.0,4.739460706217439,0.24003102625949033,0.8125
gamma,lucb@gamma-poisson,26,90.0,180.0,0.1919781010146835,0.000277293031103909,3.6448664387053147,0.0,0.0,0.0,0.002351964480984292,0.0,4.741599773500221,0.23756307867090326,0.8125
gamma,lucb@gamma-poisson,26,120.0,240.0,0.2518534470073064,0.00034011602838290855,3.582069745519457,0.0,0.0,0.0,0.002351964480984292,0.0,4.005772296442749,0.23373146047417204,0.8125
gamma,lucb@gamma-poisson,27,15.0,30.0,0.03137462001905078,4.090301808901131e-05,4.194350031622792,0.0,0.0,0.0,0.0221561365968288,0.04369470570585854,8.131586563129849,0.39122045507049774,0.4166666666666667
gamma,lucb@gamma-poisson,27,30.0,60.0,0.06171992002782645,7.615402864757925e-05,3.931885767299226,0.0,0.0,0.0,0.0,0.0,5.161394385299761,0.27990672935933864,0.7291666666666666
gamma,lucb@gamma-poisson,27,60.0,120.0,0.12287362501956522,0.00015778505621710792,3.826357111515455,0.0,0.0,0.0,0.0,0.0,3.775008513129682,0.23977552867341823,0.8125
gamma,lucb@gamma-poisson,27,90.0,180.0,0.18639409104798688,0.0002427400613669306,3.8006821500819927,0.0,0.0,0.0,0.0,0.0,3.6292023233270476,0.23880320292018223,0.8125
gamma,lucb@gamma-poisson,27,120.0,240.0,0.2468741120173945,0.00030847510060993955,3.740656317910563,0.0,0.0,0.0,0.0,0.0,3.172849814129176,0.23604899889037076,0.8125
gamma,lucb@gamma-poisson,28,15.0,30.0,0.023258074987097643,2.8121023206040263e-05,4.585826700180209,0.4893694691092976,0.32395046909369307,0.4124854461921762,0.4525241944707171,0.45584675803895414,21.030625556828454,0.36649872373447767,0.4375
gamma,lucb@gamma-poisson,28,30.0,60.0,0.04602983599761501,5.357902409741655e-05,4.214363428074614,0.0,0.0,0.0,0.019436058399549427,0.08918943949751146,9.593073707150355,0.27262171157044257,0.625
gamma,lucb@gamma-poisson,28,60.0,120.0,0.09467178700288059,0.00012900405272375792,3.8844008377131884,0.0,0.0,0.029445878339418807,0.0,0.0,4.7896956906119845,0.21601266060096241,0.8125
gamma,lucb@gamma-poisson,28,90.0,180.0,0.14204077599424636,0.00019106607214780524,3.8135673734277957,0.0,0.0,0.0,0.0,0.0,4.4090208215324935,0.2129415245944987,0.8125
gamma,lucb@gamma-poisson,28,120.0,240.0,0.1880825140106026,0.0002445950376568362,3.814739553303808,0.0,0.0,0.0,0.0,0.0,4.414513508886502,0.21298200305388876,0.8125
gamma,lucb@gamma-poisson,29,15.0,30.0,0.030532841985404957,3.5549994208849967e-05,4.16898823658265,0.0,0.0,0.002130258798470952,0.04824114884450659,0.06999565841915112,9.060136746626693,0.41454802252136774,0.3541666666666667
gamma,lucb@gamma-poisson,29,30.0,60.0,0.06159898497571703,7.552500755991787e-05,4.042749060680215,0.0,0.0,0.002130258798470952,0.04824114884450659,0.07983441724042872,8.213479571563505,0.31721527446417486,0.6041666666666666
gamma,lucb@gamma-poisson,29,60.0,120.0,0.1265503169488511,0.0001746829875628464,3.8383194411329753,0.0,0.0,0.002130258798470952,0.0,0.0,3.059847991160315,0.2617979118312292,0.8125
gamma,lucb@gamma-poisson,29,90.0,180.0,0.1888195679639466,0.0002624239496071823,3.827240036741394,0.0,0.0,0.002130258798470952,0.0,0.0,2.855337239748619,0.26175227982217053,0.8125
gamma,lucb@gamma-poisson,29,120.0,240.0,0.25064836800447665,0.00033588093356229365,3.821071295976934,0.0,0.0,0.002130258798470952,0.0,0.0,2.780810574117637,0.2600238666077288,0.8125
gamma,lucb@gamma-poisson,30,15.0,30.0,0.024967295030364767,2.992401277879253e-05,4.16969033897774,0.0,0.023943279191712574,0.12379297588074412,0.10302252433221426,0.13943962086236672,7.328121953296001,0.34708677233558777,0.4583333333333333
gamma,lucb@gamma-poisson,30,30.0,60.0,0.04880830704496475,6.137898162705824e-05,3.90787211662903,0.0,0.023943279191712574,0.0,0.01378169345346858,0.04756321147349696,3.51671877315441,0.25224072773889766,0.6875
gamma,lucb@gamma-poisson,30,60.0,120.0,0.09589156704896595,0.00011692898988258094,3.780084176737528,0.0,0.023943279191712574,0.0,0.01378169345346858,0.0,2.6749192762416567,0.23885082890707188,0.8125
gamma,lucb@gamma-poisson,30,90.0,180.0,0.14233600006991765,0.00016870305262273178,3.759654950685188,0.0,0.023943279191712574,0.0,0.0,0.0,2.5918879165397057,0.23966898242435547,0.8125
gamma,lucb@gamma-poisson,30,120.0,240.0,0.1886354360540281,0.00021947608911432326,3.7509987976351717,0.0,0.023943279191712574,0.0,0.0,0.0,2.528743595575158,0.2374600747523932,0.8125
gamma,lucb@gamma-poisson,31,15.0,30.0,0.026734412997029722,4.175802314421162e-05,4.550878698979538,0.0,0.1585859675411565,0.2102834094802969,0.19688581395720106,0.22642988492126126,22.659134890484726,0.353421347705228,0.4375
gamma,lucb@gamma-poisson,31,30.0,60.0,0.04949927098641638,6.59010183881037e-05,4.296545102178435,0.0,0.1585859675411565,0.2102834094802969,0.19688581395720106,0.22642988492126126,22.248719800188766,0.28401871448895877,0.7291666666666666
gamma,lucb@gamma-poisson,31,60.0,120.0,0.09726052900805371,0.00012944796617375687,3.930900265207898,0.0,0.0,0.0,0.0,0.0,3.686313396748097,0.23479002532854748,0.8125
gamma,lucb@gamma-poisson,31,90.0,180.0,0.14573391802696278,0.00019907399837393314,3.9250270740454596,0.0,0.0,0.0,0.0,0.0,3.684853469265166,0.23476918633656677,0.8125
gamma,lucb@gamma-poisson,31,120.0,240.0,0.19407554501958657,0.0002701210032682866,3.9356759210796866,0.0,0.0,0.0,0.0,0.0,3.7247988445716294,0.23511886095983878,0.8125
gamma,lucb@gamma-poisson,32,15.0,30.0,0.031841303018154576,4.762599564855918e-05,4.442381092284364,0.0,0.03239449412261075,1.1102230246251565e-16,1.1102230246251565e-16,2.220446049250313e-16,7.92637272517933,0.48237297059965106,0.2708333333333333
gamma,lucb@gamma-poisson,32,30.0,60.0,0.06287559301563306,9.365098958369344e-05,4.269153396105889,0.0,0.03239449412261075,1.1102230246251565e-16,1.1102230246251565e-16,2.220446049250313e-16,6.710247986279224,0.3903738730107662,0.5208333333333334
gamma,lucb@gamma-poisson,32,60.0,120.0,0.1241590400095447,0.0001737679704092443,4.12454461233733,0.0,0.0,0.0,0.0,0.0,5.753371417869984,0.34277329852970345,0.6458333333333334
gamma,lucb@gamma-poisson,32,90.0,180.0,0.18617265400098404,0.00027482895529828966,3.9750774522539296,0.0,0.0,0.0,0.0,0.0,4.936748764337336,0.26214717715646546,0.8125
gamma,lucb@gamma-poisson,32,120.0,240.0,0.24727502395398915,0.0003589329498936422,3.964001292425763,0.0,0.03239449412261075,1.1102230246251565e-16,1.1102230246251565e-16,2.220446049250313e-16,4.907368740264257,0.26216262404560375,0.8125
gamma,lucb@gamma-poisson,33,15.0,30.0,0.025997463999374304,4.030000854982063e-05,4.078535770396687,0.0,0.0,0.013839177814250925,0.0,0.0,5.655859438665408,0.4120639551448548,0.375
gamma,lucb@gamma-poisson,33,30.0,60.0,0.05115331200067885,7.978900976013392e-05,3.9354585584167237,0.0,0.0,0.013839177814250925,0.0,0.02247311896357307,4.315725224715726,0.3204344084075376,0.6041666666666666
gamma,lucb@gamma-poisson,33,60.0,120.0,0.09705440398829523,0.00013573302567237988,3.803933983602961,0.0,0.0,0.013839177814250925,0.0,0.0,3.4984572053159764,0.23821498364550442,0.8125
gamma,lucb@gamma-poisson,33,90.0,180.0,0.14292805200238945,0.00018911403458332643,3.81422349185202,0.0,0.0,0.013839177814250925,0.0,0.0,3.5739241864919373,0.23829892929891455,0.8125
gamma,lucb@gamma-poisson,33,120.0,240.0,0.18894522502523614,0.00024324103287653998,3.816585291848844,0.0,0.0,0.013839177814250925,0.0,0.0,3.578260433501484,0.23830814586387639,0.8125
gamma,lucb@gamma-poisson,34,15.0,30.0,0.030960477015469223,4.25449907197617e-05,4.745203937201198,0.3058960524783604,0.1764472438794077,0.22485020019273805,0.21990867707974437,0.23625993330198358,18.24472020406492,0.38211821829900094,0.4166666666666667
gamma,lucb@gamma-poisson,34,30.0,60.0,0.061638840998057276,8.13650040072389e-05,4.426333195090911,0.0,0.022805394304444726,-2.220446049250313e-16,-2.220446049250313e-16,0.015776127033968135,9.381256241239381,0.30926198364475066,0.6041666666666666
gamma,lucb@gamma-poisson,34,60.0,120.0,0.12268012196727796,0.00015108700608834624,4.425917407305737,0.0,0.0,0.0,0.0,0.015776127033968246,9.444065853963936,0.30934301212600845,0.6041666666666666
gamma,lucb@gamma-poisson,34,90.0,180.0,0.18684459994983627,0.0002455120120430365,4.427223452705096,0.0,0.0,0.0,0.0,0.015776127033968246,9.446141898748994,0.3093477375802656,0.6041666666666666
gamma,lucb@gamma-poisson,34,120.0,240.0,0.25070239494380075,0.00032443402596982196,4.429243026993103,0.0,0.0,0.0,0.0,0.015776127033968246,9.448408430746715,0.30935336495978477,0.6041666666666666
gamma,lucb@gamma-poisson,35,15.0,30.0,0.030908060994988773,4.610598989529535e-05,4.401359760015056,0.0,0.08697514857287958,0.06157468593703308,-2.220446049250313e-16,-2.220446049250313e-16,8.458287337380254,0.38771439063467905,0.3125
gamma,lucb@gamma-poisson,35,30.0,60.0,0.061671036019106396,9.293897892348468e-05,4.219827894527649,0.0,0.08697514857287958,0.06157468593703308,-2.220446049250313e-16,-2.220446049250313e-16,5.907125192284214,0.3381465561211795,0.4583333333333333
gamma,lucb@gamma-poisson,35,60.0,120.0,0.1227169460253208,0.00018174499564338475,4.129812570078774,0.0,0.0029517491116642924,0.0,0.0,0.0,4.578119727315893,0.3194533566244165,0.6041666666666666
gamma,lucb@gamma-poisson,35,90.0,180.0,0.18413895004050573,0.0002558849810156971,4.133648494023137,0.0,0.0029517491116642924,0.0,0.0,0.0,4.587372580849938,0.3194644119448601,0.6041666666666666
gamma,lucb@gamma-poisson,35,120.0,240.0,0.24922908603184624,0.0003539659737725742,4.132167771142576,0.0,0.0029517491116642924,0.0,0.0,0.0,4.579915291415911,0.3194557579978595,0.6041666666666666
gamma,lucb@gamma-poisson,36,15.0,30.0,0.023593267011165153,3.591401036828756e-05,4.26231506656078,0.0,0.0,0.0,0.08732161695564289,0.10654076166007187,10.623868237134678,0.42502581259750116,0.3958333333333333
gamma,lucb@gamma-poisson,36,30.0,60.0,0.04636746099276934,6.0645019402727485e-05,4.1305915301940095,0.0,0.0,0.0,0.0,0.0,5.9426973102224885,0.3647237786825282,0.6041666666666666
gamma,lucb@gamma-poisson,36,60.0,120.0,0.09313376698992215,0.00012358297681203112,3.96342744306395,0.0,0.0,0.0,0.0,0.0,5.2232772849814495,0.2964548088282186,0.8125
gamma,lucb@gamma-poisson,36,90.0,180.0,0.1423400989442598,0.00018818895478034392,3.9622192375366354,0.0,0.0,0.0,0.0,0.0,5.220883675482771,0.2964459601269576,0.8125
gamma,lucb@gamma-poisson,36,120.0,240.0,0.18863162097841268,0.00024113495601341128,3.9616587789703797,0.0,0.0,0.0,0.0,0.0,5.21944497805895,0.29644216755247277,0.8125
gamma,lucb@gamma-poisson,37,15.0,30.0,0.030669405008666217,3.6288001865614206e-05,4.260600852094736,0.6109527542588951,0.37954421825302864,0.3667919019148498,0.3657339176393538,0.33157898729088364,14.17435406882368,0.38031806174872557,0.4166666666666667
gamma,lucb@gamma-poisson,37,30.0,60.0,0.06144527300057234,7.435500447172672e-05,4.024182969374595,0.0,0.13707754433344643,0.018495426729791875,0.0,0.0,6.743264550156665,0.2955664390304017,0.6875
gamma,lucb@gamma-poisson,37,60.0,120.0,0.12774100601382088,0.0001708970157778822,3.9470293470091034,0.0,0.13707754433344643,0.018495426729791875,0.0,0.0,6.504182520877832,0.22382237914223285,0.8125
gamma,lucb@gamma-poisson,37,90.0,180.0,0.18997915303043555,0.0002502190400264226,3.8948307291146445,0.0,0.0,0.018495426729791875,0.0,0.0,6.131430882459232,0.2211795463121656,0.8125
gamma,lucb@gamma-poisson,37,120.0,240.0,0.25446466006542323,0.0003433570673223585,3.885923927421626,0.0,0.0,0.018495426729791875,0.0,0.0,6.082092677485789,0.22055281843954966,0.8125
gamma,lucb@gamma-poisson,38,15.0,30.0,0.031894392981485,5.338000482879579e-05,5.002213702401943,0.0,0.18397431871830028,0.2395588988577736,0.23233606773757953,0.20836125430096375,24.402066615786275,0.4991030875528143,0.2916666666666667
gamma,lucb@gamma-poisson,38,30.0,60.0,0.0654632559599122,0.00010312499216524884,4.871993005198726,0.0,0.18397431871830028,0.2395588988577736,0.23233606773757953,0.20836125430096375,23.106571943022157,0.4601996592335328,0.4166666666666667
gamma,lucb@gamma-poisson,38,60.0,120.0,0.13869028493354563,0.00021339997329050675,4.843382419517887,0.0,0.18397431871830028,0.2395588988577736,0.21286943316667994,0.19329920118638422,23.05602569453939,0.4600606916831675,0.4166666666666667
gamma,lucb@gamma-poisson,38,90.0,180.0,0.2016642079106532,0.00029947699658805504,4.650967031136503,0.0,0.03706275881685839,0.13149704013898944,0.11400492532812412,0.10547560892347985,18.070618988789345,0.39752785472108,0.5
gamma,lucb@gamma-poisson,38,120.0,240.0,0.2629439869124326,0.0003822019716608338,4.508238376164606,0.0,0.03706275881685839,0.13149704013898944,0.11400492532812412,0.10547560892347985,16.834111412482155,0.3603083587002507,0.5833333333333334
gamma,lucb@gamma-poisson,39,15.0,30.0,0.03169875600724481,5.069701001048088e-05,4.490779608854305,0.0,0.01100584692120965,0.007995510443630893,0.0,0.05806271087368153,14.169000002661742,0.4229812513345952,0.3125
gamma,lucb@gamma-poisson,39,30.0,60.0,0.06617750301666092,0.00011986102617811412,4.389749195733945,0.0,0.01100584692120965,0.007995510443630893,0.0,0.0,9.546942860492662,0.39920525894234715,0.3541666666666667
gamma,lucb@gamma-poisson,39,60.0,120.0,0.12974639802996535,0.00020575704547809437,4.3691836742539545,0.0,0.01100584692120965,0.0,0.0,0.0,8.687808956310457,0.3596032178758652,0.4791666666666667
gamma,lucb@gamma-poisson,39,90.0,180.0,0.19693382403056603,0.0003177540420438163,4.2489141912607,0.0,0.01100584692120965,0.0,0.0,0.0,8.152523721938271,0.29966878927713836,0.6041666666666666
gamma,lucb@gamma-poisson,39,120.0,240.0,0.26047704405209515,0.0004055020253872499,4.2373622412419865,0.0,0.01100584692120965,0.0,0.0,0.0,8.026373673470935,0.29959741521127226,0.6041666666666666
gamma,lucb@gamma-poisson,40,15.0,30.0,0.030724795018613804,3.567599196685478e-05,4.753351807272198,0.0,0.12037213411183356,0.08830428453895323,0.1621896450518553,0.17933871632315435,18.542560697448522,0.3935205157244077,0.3333333333333333
gamma,lucb@gamma-poisson,40,30.0,60.0,0.06212015500932466,8.519399125361815e-05,4.491001409036723,0.0,0.12037213411183356,0.08830428453895323,0.14783891688380357,0.1477545397864325,17.386877804908824,0.3479322429421084,0.6041666666666666
gamma,lucb@gamma-poisson,40,60.0,120.0,0.12409355102136033,0.0001581919932505116,4.385803351350497,0.0,0.12037213411183356,0.08830428453895323,0.14783891688380357,0.14298378251698185,17.095505196293328,0.34520636632927065,0.6041666666666666
gamma,lucb@gamma-poisson,40,90.0,180.0,0.18612398502591532,0.00023353900178335607,4.3683844188134575,0.0,0.12037213411183356,0.08830428453895323,0.14783891688380357,0.14298378251698185,17.054917146782696,0.3342476853893639,0.6666666666666666
gamma,lucb@gamma-poisson,40,120.0,240.0,0.24654552503488958,0.00031813599343877286,4.136889739880098,0.0,0.0,0.05800493639643067,0.0,0.0,8.43429297230891,0.2588337085400798,0.7708333333333334
gamma,lucb@gamma-poisson,41,15.0,30.0,0.03202304301521508,4.370798706077039e-05,4.411277026675346,0.0,0.0,0.03373508761992605,0.05851318427998098,0.0777802852767856,9.612951654703389,0.4101863674293811,0.4166666666666667
gamma,lucb@gamma-poisson,41,30.0,60.0,0.06520456801081309,0.00010606297291815281,4.259913107547554,0.0,0.0,0.0017835516751225633,0.03057039533532513,0.052641500592733204,7.653331465059558,0.28292761185651777,0.7083333333333334
gamma,lucb@gamma-poisson,41,60.0,120.0,0.12983128300402313,0.00019746397447306663,4.205683875518196,0.0,0.0,0.0017835516751225633,0.03057039533532513,0.052641500592733204,7.458935715470979,0.2706011901697169,0.8125
gamma,lucb@gamma-poisson,41,90.0,180.0,0.19276568296481855,0.0002821329690050334,4.081847384242476,0.0,0.0,0.0017835516751225633,0.0006190350895312058,0.025695700812160438,6.8937223100104585,0.26531365230056364,0.8125
gamma,lucb@gamma-poisson,41,120.0,240.0,0.25312787801522063,0.0003559149772627279,4.071566357408879,0.0,0.0,0.0017835516751225633,0.0006190350895312058,0.025695700812160438,6.877713782217892,0.26525387215251295,0.8125
gamma,lucb@gamma-poisson,42,15.0,30.0,0.02357790603855392,2.8860005841124803e-05,4.799509552099489,0.0,0.19395660298700657,0.21216642453325119,0.17830032306933996,0.1947159022366325,24.009776708294403,0.4495716119196304,0.3333333333333333
gamma,lucb@gamma-poisson,42,30.0,60.0,0.04853335603547748,5.8772006013896316e-05,4.537614164201497,0.0,0.19395660298700657,0.1760933607751205,0.17830032306933996,0.1947159022366325,23.245861483807932,0.3413459580898552,0.6041666666666666
gamma,lucb@gamma-poisson,42,60.0,120.0,0.09562263201951282,0.00011151305079692975,4.2234848164767245,0.0,0.0,0.0,0.0,0.0,10.249593071308196,0.28619286739877603,0.625
gamma,lucb@gamma-poisson,42,90.0,180.0,0.14261857303790748,0.0001639600668568164,4.211646068529995,0.0,0.0,0.0,0.0,0.0,10.184309988276704,0.28611891183488547,0.625
gamma,lucb@gamma-poisson,42,120.0,240.0,0.18993482500081882,0.0002167390557588078,4.20447524285104,0.0,0.0,0.0,0.0,0.0,10.152484803364603,0.2860830853783901,0.625
gamma,lucb@gamma-poisson,43,15.0,30.0,0.025562983035342768,3.94589951611124e-05,4.358873745838628,0.0,0.0,0.008781444816091777,0.08182672094347554,0.169913090947439,11.011122688402072,0.4253516005207622,0.4166666666666667
gamma,lucb@gamma-poisson,43,30.0,60.0,0.05007886403473094,7.539499347331002e-05,4.118076058339034,0.0,0.0,0.008781444816091777,0.007161899786049419,1.1102230246251565e-16,4.936232660233264,0.2882500461406537,0.6666666666666666
gamma,lucb@gamma-poisson,43,60.0,120.0,0.09845677800331032,0.00014135101810097694,3.9485149031574935,0.0,0.0,0.008781444816091777,0.0027292789219099944,1.1102230246251565e-16,3.7576999596723675,0.256801883976178,0.8125
gamma,lucb@gamma-poisson,43,90.0,180.0,0.1464483440067852,0.00020561602286761627,3.919963679166504,0.0,0.0,0.008781444816091777,0.0027292789219099944,1.1102230246251565e-16,3.6081041532337967,0.2553726865314648,0.8125
gamma,lucb@gamma-poisson,43,120.0,240.0,0.19380880299286218,0.00027143197075929493,3.9256748172177027,0.0,0.0,0.008781444816091777,0.007161899786049419,1.1102230246251565e-16,3.6574581457064776,0.255630994751342,0.8125
gamma,lucb@gamma-poisson,44,15.0,30.0,0.023755829010042362,3.0795010388828814e-05,4.301149078206795,0.0,0.0,0.0,0.0343445904825862,0.062188700753549986,9.885466930316909,0.3871815901026905,0.4166666666666667
gamma,lucb@gamma-poisson,44,30.0,60.0,0.047405884994077496,6.079601007513702e-05,4.101371720799935,0.0,0.0,0.0,0.0343445904825862,0.062188700753549986,9.292837440476381,0.301999991175668,0.6875
gamma,lucb@gamma-poisson,44,60.0,120.0,0.09446808406210039,0.00011805706162704155,3.919645447709381,0.0,0.0,0.0,0.0,0.0,5.312753450984562,0.2537365713161469,0.8125
gamma,lucb@gamma-poisson,44,90.0,180.0,0.14087871205992997,0.00017039309750543907,3.9112233589904015,0.0,0.0,0.0,0.0,0.0,5.063784175512276,0.25337235741144076,0.8125
gamma,lucb@gamma-poisson,44,120.0,240.0,0.18758840809459798,0.00024195912556024268,3.9100777243098874,0.0,0.0,0.0,0.0,0.0,5.061008315141701,0.2533796278559856,0.8125
gamma,lucb@gamma-poisson,45,15.0,30.0,0.03472082999360282,5.755004531238228e-05,4.348748445570544,0.0,0.04916122588640026,0.07770641705469994,0.09015897291423514,0.10172012457704016,12.012551083584075,0.4227891496524928,0.3958333333333333
gamma,lucb@gamma-poisson,45,30.0,60.0,0.06638186297641369,0.00010747002670541406,4.13459603868089,0.0,0.04916122588640026,0.08429814255301304,0.07460377510363436,0.05850402162453994,9.430480123729442,0.3659401198767521,0.5
gamma,lucb@gamma-poisson,45,60.0,120.0,0.1277684799861163,0.0002019889943767339,4.0809542373535095,0.0,0.04916122588640026,0.07770641705469994,0.06835070632269491,0.058504021624539826,9.05427029723169,0.34425369291631724,0.6041666666666666
gamma,lucb@gamma-poisson,45,90.0,180.0,0.18013969893945614,0.0002693290007300675,4.077524380452274,0.0,0.04916122588640026,0.07770641705469994,0.06835070632269491,0.058504021624539826,9.05091434531508,0.3442435204516369,0.6041666666666666
gamma,lucb@gamma-poisson,45,120.0,240.0,0.21693247593793785,0.0003120550172752701,3.950185616535791,0.0,0.04916122588640026,0.0,0.0,0.0007673026405478067,4.439235007543104,0.30388054277237186,0.7708333333333334
gamma,lucb@gamma-poisson,46,15.0,30.0,0.023511225001129787,2.768702688626945e-05,4.779467277332254,0.0,0.01435492794788118,0.041840217858949647,0.10822540340232256,0.11847484646931006,15.727907229277866,0.4016143671470572,0.25
gamma,lucb@gamma-poisson,46,30.0,60.0,0.0470383200008655,5.634101398754865e-05,4.550440462360716,0.0,0.01435492794788118,0.041840217858949647,0.06589034331463361,0.09195677490049015,14.189830255986866,0.35647023720412246,0.4375
gamma,lucb@gamma-poisson,46,60.0,120.0,0.09392075602227123,0.00011787801486207172,4.2742628709808805,0.0,0.01435492794788118,1.1102230246251565e-16,2.220446049250313e-16,1.1102230246251565e-16,8.014657833542902,0.3051061175418232,0.5625
gamma,lucb@gamma-poisson,46,90.0,180.0,0.13854732402978698,0.00016699498519301414,4.2685690945686465,0.0,0.01435492794788118,1.1102230246251565e-16,2.220446049250313e-16,0.007037782279804561,7.882039586268605,0.2931730471756005,0.6041666666666666
gamma,lucb@gamma-poisson,46,120.0,240.0,0.1761986870187684,0.0002069530019070953,4.235979499079813,0.0,0.0,0.0,0.0,0.0,7.429114324698902,0.29286499778960995,0.6041666666666666
gamma,lucb@gamma-poisson,47,15.0,30.0,0.03225258001475595,4.82070172438398e-05,4.065489652545163,0.0,0.027998849679309656,1.1102230246251565e-16,1.1102230246251565e-16,1.1102230246251565e-16,6.259672202412074,0.4464754226528795,0.3541666666666667
gamma,lucb@gamma-poisson,47,30.0,60.0,0.06385271400358761,8.910903852665797e-05,3.897658627402602,0.0,0.027998849679309656,1.1102230246251565e-16,0.010212409139881973,1.1102230246251565e-16,5.081216083972586,0.3326846184972403,0.6041666666666666
gamma,lucb@gamma-poisson,47,60.0,120.0,0.10968062004394596,0.00014569005725206807,3.8707504314617514,0.0,0.027998849679309656,1.1102230246251565e-16,0.010212409139881973,1.1102230246251565e-16,4.918061572255817,0.3319176368439974,0.6041666666666666
gamma,lucb@gamma-poisson,47,90.0,180.0,0.14700626603735145,0.0001850590851972811,3.7451268351813773,0.0,0.027998849679309656,1.1102230246251565e-16,1.1102230246251565e-16,1.1102230246251565e-16,4.409932742611058,0.26676674539341033,0.75
gamma,lucb@gamma-poisson,47,120.0,240.0,0.18263794203085126,0.0002213340558228083,3.718358317473314,0.0,0.027998849679309656,1.1102230246251565e-16,1.1102230246251565e-16,1.1102230246251565e-16,4.226233191972222,0.22816773024348536,0.8125
gamma,lucb@gamma-poisson,48,15.0,30.0,0.04459295498236315,7.973000901984051e-05,4.1047708002258645,0.04589640525670624,0.11142265273968599,0.0,0.0,0.0,6.065540420360969,0.35654722772153147,0.3958333333333333
gamma,lucb@gamma-poisson,48,30.0,60.0,0.07344715798535617,0.0001116250132326968,4.017523034539113,0.04589640525670624,0.11142265273968599,0.0,0.0,0.0,5.302304635233441,0.31053575209750167,0.6041666666666666
gamma,lucb@gamma-poisson,48,60.0,120.0,0.12313725298008649,0.00016213300841627643,3.9554964582178123,0.04589640525670624,0.11142265273968599,0.0,0.0,0.0,4.990601408181716,0.25666139469650456,0.8125
gamma,lucb@gamma-poisson,48,90.0,180.0,0.16500923698185943,0.0002217180299339816,3.944819273493773,0.04589640525670624,0.11142265273968599,0.0,0.0,0.0,4.951648302812201,0.2562913078529895,0.8125
gamma,lucb@gamma-poisson,48,120.0,240.0,0.19943428794795182,0.00026033102767542005,3.945024436933254,0.04589640525670624,0.11142265273968599,0.0,0.0,0.0,4.956663553560509,0.256333827790209,0.8125
gamma,lucb@gamma-poisson,49,15.0,30.0,0.032642827987729106,4.732703382615e-05,4.246505647079145,0.0,0.0,0.0,0.0,0.032573551076133356,8.375015073317257,0.4200169358603535,0.4375
gamma,lucb@gamma-poisson,49,30.0,60.0,0.06004184400080703,8.399005309911445e-05,4.0601294420670735,0.0,0.0,0.0,0.0,0.0,7.144458876532841,0.3213271081910769,0.7083333333333334
gamma,lucb@gamma-poisson,49,60.0,120.0,0.09787760396284284,0.00012652505392907187,3.9167866348418596,0.0,0.0,0.0,0.0,0.004881392085044012,6.077672238893175,0.2774821402547268,0.8125
gamma,lucb@gamma-poisson,49,90.0,180.0,0.13507283695798833,0.00017412108718417585,3.897207162699603,0.0,0.0,0.0,0.0,0.004881392085044012,6.052653827845622,0.27737150613646583,0.8125
gamma,lucb@gamma-poisson,49,120.0,240.0,0.16940598894871073,0.0002101040881825611,3.90928366750339,0.0,0.0,0.0,0.0,0.0,6.0877287123774595,0.2766718030290273,0.8125
gamma,dad,0,15.0,30.0,0.001080178000847809,0.00139117099752184,4.14050903321947,0.0,0.0,0.0,0.0038796653735284625,0.0,5.657468736425338,0.27385207654088756,0.625
gamma,dad,0,30.0,60.0,0.0018850859778467566,0.0029406339599518105,3.9355243501461783,0.0,0.0,0.005756135764573456,0.0038796653735285735,0.004213102712073313,3.897020083089766,0.20783561228573152,1.0
gamma,dad,0,60.0,120.0,0.0035315690183779225,0.005742297973483801,3.7431737183502687,0.0,0.0,0.0,0.005094084206732852,0.0010043947198603576,3.363751944029831,0.15914247001607212,1.0
gamma,dad,0,90.0,180.0,0.005311983026331291,0.009132367966230959,3.725716683519209,0.0,0.0,0.007299204900065637,0.005744585057252616,0.0010043947198602465,3.2163930525881805,0.1641685728276697,1.0
gamma,dad,0,120.0,240.0,0.00687343705794774,0.011960713003645651,3.6022045766441457,0.0,0.0,0.0008265416819995819,0.005744585057252616,0.0010043947198602465,2.926243488302725,0.13754843819633047,1.0
gamma,dad,1,15.0,30.0,0.0009742489928612486,0.001202156039653346,3.9998051903590626,0.0,0.008221238031002831,0.01993952313716818,0.0975610543385329,0.09645210907280144,8.235004052155146,0.3247770740872604,0.625
gamma,dad,1,30.0,60.0,0.0017180640279548243,0.002596733087557368,3.8562402885746834,0.0,0.008221238031002831,0.01993952313716818,1.1102230246251565e-16,2.220446049250313e-16,4.505454562639009,0.21477139258498784,1.0
gamma,dad,1,60.0,120.0,0.003163345070788637,0.004965848987922072,3.600476105923333,0.0,0.008221238031002831,0.01993952313716818,1.1102230246251565e-16,2.220446049250313e-16,3.4280029072909057,0.1562315648094791,1.0
gamma,dad,1,90.0,180.0,0.004630825016647577,0.007805182976881042,3.549394388306253,0.0,0.008221238031002831,0.01993952313716818,1.1102230246251565e-16,2.220446049250313e-16,2.943090254201469,0.14258507835473117,1.0
gamma,dad,1,120.0,240.0,0.006103032035753131,0.010305793985025957,3.464908044685165,0.0,0.027876232737729767,0.01993952313716818,1.1102230246251565e-16,2.220446049250313e-16,2.4417838175096898,0.13759374327673232,1.0
gamma,dad,2,15.0,30.0,0.0009176450839731842,0.0011658410367090255,3.9492265703039884,0.0,0.004212361697546463,-2.220446049250313e-16,0.0,0.0,4.671662456910938,0.32539130059968663,0.625
gamma,dad,2,30.0,60.0,0.0016836140857776627,0.0026475110644241795,3.7814267375427044,0.0,0.004212361697546463,-2.220446049250313e-16,0.0,0.0,3.546307825219591,0.22467066386824788,1.0
gamma,dad,2,60.0,120.0,0.0031711529882159084,0.005165573020349257,3.6323255569985875,0.0,0.004212361697546463,-2.220446049250313e-16,0.0,0.0,3.018944260399481,0.17518056749152908,1.0
gamma,dad,2,90.0,180.0,0.004682069047703408,0.008038909116294235,3.493513333952808,0.0,0.004212361697546463,-2.220446049250313e-16,0.0,0.0,2.3593492823225612,0.16152576466375795,1.0
gamma,dad,2,120.0,240.0,0.006171515065943822,0.010631836092215963,3.445683341168632,0.0,0.004212361697546463,-2.220446049250313e-16,0.0,0.0,2.4392390763517264,0.13865258676525993,1.0
gamma,dad,3,15.0,30.0,0.0012273850297788158,0.0015829289623070508,4.045730006917747,0.0,0.0,0.0,0.04265422413081188,0.03880810534165291,6.409157451565263,0.28110004725392806,0.625
gamma,dad,3,30.0,60.0,0.0022154100297484547,0.0032690169609850273,3.829884843126454,0.0,0.0,0.0,0.020676605489554523,0.04613214458328496,4.4821554454207,0.20289387090536626,1.0
gamma,dad,3,60.0,120.0,0.004111942995223217,0.006274938030401245,3.563619526732545,0.0,0.0,0.0,0.020676605489554523,0.04613214458328496,2.9503919136002876,0.14171192588097645,1.0
gamma,dad,3,90.0,180.0,0.006028849005815573,0.009988396981498227,3.5472291297725094,0.0,0.0,0.0,0.020676605489554523,0.04119518636137709,2.44810548865336,0.13812366865867826,1.0
gamma,dad,3,120.0,240.0,0.007934081033454277,0.01354348793393001,3.468705171780192,0.0,0.0,0.0,0.020676605489554523,0.04119518636137709,2.19180874132151,0.11823550829972101,1.0
gamma,dad,4,15.0,30.0,0.001204358966788277,0.0016435719735454768,4.158820606694586,0.0,0.0,0.0,0.03128362981827926,0.0,7.531996367935734,0.2812114577842466,0.625
gamma,dad,4,30.0,60.0,0.0022056069574318826,0.0034319279657211155,3.895742427945604,0.0,0.0,0.0,0.0,0.0,4.20832093719449,0.20458910504298722,1.0
gamma,dad,4,60.0,120.0,0.004126553991227411,0.006642495980486274,3.6458648929819533,0.0,0.0,0.0,0.0,0.0,2.883040391950939,0.15403575790319374,1.0
gamma,dad,4,90.0,180.0,0.006067158959922381,0.010623828042298555,3.6776773734584842,0.0,0.0,0.0,0.0,0.000937328298248552,3.0291301042685292,0.15547994124035525,1.0
gamma,dad,4,120.0,240.0,0.008020990018849261,0.01420763903297484,3.5414170289054123,0.0,0.0,0.0,0.0,0.000937328298248552,2.5080220266673594,0.1293519128098536,1.0
gamma,dad,5,15.0,30.0,0.0009233060118276626,0.0012072259560227394,4.285596580949527,0.3069068889619251,0.0,0.0,0.0,0.03615628547915428,7.850846550807061,0.2854461422395012,0.625
gamma,dad,5,30.0,60.0,0.0017232860409421846,0.002640062913997099,4.033563044577606,0.0,0.0,0.0,0.0,0.0,5.188438462106218,0.2188787595478339,1.0
gamma,dad,5,60.0,120.0,0.00321724807145074,0.005106368917040527,3.7221601658511787,0.0,0.0,0.0,0.0,0.0,3.482057801226443,0.15236957236059434,1.0
gamma,dad,5,90.0,180.0,0.004810566984815523,0.00819817092269659,3.6637247398238983,0.0,0.02480729230392753,0.0,0.0,0.0,2.825914149829031,0.15642718382629586,1.0
gamma,dad,5,120.0,240.0,0.006346456953906454,0.010865417949389666,3.5691118398686275,0.0,0.02480729230392753,0.0,0.0,0.0,2.9515309471930813,0.12290715190705606,1.0
gamma,dad,6,15.0,30.0,0.0011990119819529355,0.0016807500796858221,4.060923758743851,0.0,0.0,0.0,0.0,0.0,6.55360780478946,0.2680416436738069,0.625
gamma,dad,6,30.0,60.0,0.0022213899937923998,0.0034789701021509245,3.8753716937995004,0.0,0.0,0.0,0.026670367214759905,0.023540992894205637,4.774894799982527,0.19227695246270812,1.0
gamma,dad,6,60.0,120.0,0.004211343941278756,0.007052559041767381,3.770399098076769,0.0,0.0,0.0,0.026670367214759905,0.023540992894205637,3.7643634440106952,0.17729321606235604,1.0
gamma,dad,6,90.0,180.0,0.006183833975228481,0.010981500992784277,3.7066076983502527,0.0,0.0,0.0,0.0,0.023540992894205637,3.0254797218036655,0.17048616897679045,1.0
gamma,dad,6,120.0,240.0,0.008167196996510029,0.014612501952797174,3.5617724294769353,0.0,0.0,0.0,0.0,0.023540992894205637,2.567245436844787,0.1468893376986845,1.0
gamma,dad,7,15.0,30.0,0.0011879489902639762,0.0015439830167451873,3.885391413558097,0.0,0.024722137368705543,1.1102230246251565e-16,2.220446049250313e-16,1.1102230246251565e-16,4.135067363556253,0.3008536674981355,0.625
gamma,dad,7,30.0,60.0,0.0021780889510409907,0.0032523840200155973,3.72118080170957,0.0,0.024722137368705543,1.1102230246251565e-16,2.220446049250313e-16,1.1102230246251565e-16,3.3868715307910633,0.2078994720657673,1.0
gamma,dad,7,60.0,120.0,0.004081217935890891,0.006373108990374021,3.602870685450115,0.0,0.024722137368705543,1.1102230246251565e-16,0.004190406438799643,1.1102230246251565e-16,2.2604755181393204,0.17944765609104904,1.0
gamma,dad,7,90.0,180.0,0.0060026789287803695,0.009735846950206906,3.455906421712802,0.0,0.024722137368705543,1.1102230246251565e-16,0.004190406438799643,1.1102230246251565e-16,2.0158376515021548,0.14847846975666854,1.0
gamma,dad,7,120.0,240.0,0.007923567987745628,0.013134063934558071,3.3974942008482674,0.0,0.024722137368705543,1.1102230246251565e-16,0.004190406438799643,1.1102230246251565e-16,1.5271124260246889,0.14218395887120663,1.0
gamma,dad,8,15.0,30.0,0.0012257909984327853,0.0017306450172327459,4.205943970427956,0.0,0.052609581778371495,0.03979093964152902,0.0,0.0,6.7924094180906955,0.31127358528967936,0.625
gamma,dad,8,30.0,60.0,0.002262686946778558,0.003698897984577343,4.025405038571278,0.0,0.0,0.0,0.0,0.0,4.441101868769322,0.25364949819606153,1.0
gamma,dad,8,60.0,120.0,0.004232035935274325,0.007109359008609317,3.7417040394298784,0.0,0.0,0.0,0.0,0.0,4.006129141385421,0.16879044460732065,1.0
gamma,dad,8,90.0,180.0,0.006240592905669473,0.011075931077357382,3.5705806226189067,0.0,0.0,0.0,0.0,0.0,2.66990212040791,0.14661567728830358,1.0
gamma,dad,8,120.0,240.0,0.008280252935946919,0.015031471033580601,3.428334515548071,0.0,0.0,0.0,0.0,0.0,1.7797697504741385,0.11422571596393906,1.0
gamma,dad,9,15.0,30.0,0.001193513977341354,0.0015852599899517372,4.008523393404679,0.014757859359060599,0.0,0.0,0.012204171546050135,0.07416855963482205,6.1485115654226865,0.26094414963425827,0.625
gamma,dad,9,30.0,60.0,0.0022080699127400294,0.0034838129358831793,3.782932504131822,0.014757859359060599,0.0,0.0,0.012204171546050135,-2.220446049250313e-16,4.148783612893116,0.1666204047825591,1.0
gamma,dad,9,60.0,120.0,0.004156070892349817,0.006731517903972417,3.59324006410101,0.014757859359060599,0.0,0.0,0.012204171546050135,-2.220446049250313e-16,3.1130156893129874,0.14154894915329574,1.0
gamma,dad,9,90.0,180.0,0.00613030992099084,0.010794340923894197,3.5472188025959395,0.014757859359060599,0.0,0.0,0.012204171546050135,-2.220446049250313e-16,2.7691624139655993,0.13982405047661206,1.0
gamma,dad,9,120.0,240.0,0.00812148091790732,0.014778450873563997,3.544885594314978,0.014757859359060599,0.0,0.0,0.012204171546050135,-2.220446049250313e-16,3.1604584364464654,0.12855939237942618,1.0
gamma,dad,10,15.0,30.0,0.0012298589863348752,0.001700009946944192,4.232717890950014,0.0,0.026567540234695097,0.0,0.013782119639858648,0.03171011796213985,6.671101801369537,0.31665296406239085,0.625
gamma,dad,10,30.0,60.0,0.002248773947940208,0.0033600199385546148,4.101391433029444,0.0,0.0,0.04626830347055122,0.0,0.011470549888380366,5.246402197312919,0.2683341466329327,1.0
gamma,dad,10,60.0,120.0,0.004216048968373798,0.006689395973808132,3.7666597284278374,0.0,0.026567540234695097,0.0,0.0,0.011470549888380366,3.636061069804996,0.19059298754034265,1.0
gamma,dad,10,90.0,180.0,0.0062800549931125715,0.010718645004089922,3.625010240703611,0.0,0.026567540234695097,0.0,0.0,0.0,2.760070725935729,0.16523626342606962,1.0
gamma,dad,10,120.0,240.0,0.008237305024522357,0.014480130048468709,3.5107743994863854,0.0,0.026567540234695097,0.0,0.0,0.0,2.5759490137718615,0.14097249640273246,1.0
gamma,dad,11,15.0,30.0,0.0012219529889989644,0.0016681880370015278,4.318707577383813,0.0,0.0,0.0,0.01255707017399954,-2.220446049250313e-16,8.124552560165956,0.31804751249758023,0.625
gamma,dad,11,30.0,60.0,0.0022567930427612737,0.003637157045886852,3.994748000577015,0.0,0.027257968828325874,2.220446049250313e-16,0.012557070173999874,1.1102230246251565e-16,4.363771791147442,0.21318524223339858,1.0
gamma,dad,11,60.0,120.0,0.004231589045957662,0.007247824061778374,3.717053732832101,0.0,0.027257968828325874,2.220446049250313e-16,0.012557070173999874,1.1102230246251565e-16,3.036585955497049,0.1490661171884759,1.0
gamma,dad,11,90.0,180.0,0.006188328072312288,0.011592957001994364,3.5562588124708427,0.0,0.0,0.0,0.01255707017399954,-2.220446049250313e-16,2.428831358196227,0.1202231440493785,1.0
gamma,dad,11,120.0,240.0,0.008068818075116724,0.015219473076285794,3.5251278325332347,0.0,0.027257968828325874,2.220446049250313e-16,1.1102230246251565e-16,0.0,2.670175336128286,0.1087201916678497,1.0
gamma,dad,12,15.0,30.0,0.0009807189635466784,0.0012362810084596276,4.23776981446819,0.0,0.12616253667061994,0.014973777011987544,0.0,0.008729902321329086,7.279557569204832,0.35109761805944756,0.625
gamma,dad,12,30.0,60.0,0.0017770999402273446,0.002727363011217676,3.918909259014411,0.0,0.0,0.014973777011987544,0.0,0.0,4.512690470598,0.23158271838052039,1.0
gamma,dad,12,60.0,120.0,0.003304741985630244,0.005130421996000223,3.686478833357075,0.0,0.0,0.0,0.0,0.0,3.2285409520366537,0.16506161255696952,1.0
gamma,dad,12,90.0,180.0,0.004869037904427387,0.008233211963670328,3.581164722535567,0.0,0.0,0.0,0.0,0.0,2.66062327151788,0.14638527867591195,1.0
gamma,dad,12,120.0,240.0,0.006377266923664138,0.011245636967942119,3.5083435428106333,0.0,0.0,0.0,0.0,0.0,2.5452304381109863,0.12629136372542596,1.0
gamma,dad,13,15.0,30.0,0.0008364539680769667,0.0012104010238545015,4.165954744003838,0.0,0.03511199799371867,-2.220446049250313e-16,-2.220446049250313e-16,0.006262076644404702,10.83974437912572,0.29445629268359513,0.625
gamma,dad,13,30.0,60.0,0.0016312479856424034,0.0025608460418879986,3.919066005086613,0.0,0.03511199799371867,-2.220446049250313e-16,-2.220446049250313e-16,0.006262076644404702,5.613738819720514,0.2100338024499853,1.0
gamma,dad,13,60.0,120.0,0.003165761037962511,0.005223864049185067,3.7502167979218,0.0,0.03511199799371867,-2.220446049250313e-16,-2.220446049250313e-16,0.006262076644404702,5.425133878291572,0.17054427191978463,1.0
gamma,dad,13,90.0,180.0,0.004697438009316102,0.00846173606987577,3.568083384473965,0.0,0.0,0.0,0.0,0.0,3.083269312372963,0.14744462215923432,1.0
gamma,dad,13,120.0,240.0,0.0061950820236233994,0.011366679100319743,3.512603929712462,0.0,0.0,0.0,0.0,0.0,2.1217968469305597,0.13914751156299907,1.0
gamma,dad,14,15.0,30.0,0.0008195799746317789,0.001294517976930365,3.931967712143315,0.0,0.0,0.01125860097624376,0.043679532382277064,0.040678593122724815,4.546915404104611,0.23773730561664327,0.625
gamma,dad,14,30.0,60.0,0.0015746910066809505,0.00258908694377169,3.7889992136737614,0.0,0.0,0.01125860097624376,0.02910497589256822,0.0443944590848262,3.7412842481929456,0.20108047104443405,1.0
gamma,dad,14,60.0,120.0,0.0030252200085669756,0.004961457962053828,3.601029376860184,0.0,0.0,0.01125860097624376,-2.220446049250313e-16,0.0010164281832172328,2.7560765114328567,0.15941417314766096,1.0
gamma,dad,14,90.0,180.0,0.004502847965341061,0.007988224999280646,3.503854497066525,0.0,0.0,0.01125860097624376,-2.220446049250313e-16,0.0010164281832172328,3.0500786173364514,0.1406629142544088,1.0
gamma,dad,14,120.0,240.0,0.0059815499116666615,0.010709925962146372,3.4634750722364704,0.0,0.0,0.0,0.0,0.0,3.2752686491888983,0.13238162147280913,1.0
gamma,dad,15,15.0,30.0,0.0008415220363531262,0.0012588660174515098,4.3851025853107295,0.0,0.0,0.038779133279635336,0.013037193985234063,0.06268193542259604,11.256289131555436,0.30984424169317454,0.625
gamma,dad,15,30.0,60.0,0.0016817140276543796,0.0028358399431454018,4.01258221973743,0.0,0.0,0.023535385828497235,0.033165800257869416,0.0,5.324348553546192,0.22073698061623526,1.0
gamma,dad,15,60.0,120.0,0.0032412249565823004,0.0052996799640823156,3.754391627565863,0.0,0.0,0.023535385828497235,0.033165800257869416,0.0,4.415323125500889,0.1596713558576464,1.0
gamma,dad,15,90.0,180.0,0.004740834920085035,0.008286108000902459,3.627808114959693,0.0,0.0,0.023535385828497235,0.033165800257869416,0.0,3.651752587584223,0.1323180841399855,1.0
gamma,dad,15,120.0,240.0,0.006234773885807954,0.011036270021577366,3.604804263586986,0.0,0.0,0.0,0.013037193985234063,0.0,3.556943763505776,0.12713774179998827,1.0
gamma,dad,16,15.0,30.0,0.0010673950746422634,0.001586153986863792,4.131871195475761,0.0,0.055897752304028714,0.0,0.02337819973826083,0.020320533921395767,7.503605219115735,0.3326628260326279,0.625
gamma,dad,16,30.0,60.0,0.0020354461012175307,0.0032516370265511796,3.8577935671742605,0.0,0.0,0.018036712403124877,0.0,0.0,4.349285679962791,0.23692456092453937,1.0
gamma,dad,16,60.0,120.0,0.003947407007217407,0.006429148968891241,3.6528003061929355,0.0,0.0,0.018036712403124877,0.0,0.0,3.6352273511764226,0.18400023458882248,1.0
gamma,dad,16,90.0,180.0,0.005831115035107359,0.010154086878173985,3.538253476043122,0.0,0.0,0.0,0.0,0.0,2.884863284798995,0.16305578701602505,1.0
gamma,dad,16,120.0,240.0,0.007725976000074297,0.013552135875215754,3.48122184374292,0.0,0.0,0.0,0.0,0.0,2.724845156365461,0.14838139221643074,1.0
gamma,dad,17,15.0,30.0,0.0010802019678521901,0.0014672599936602637,3.9837727978534283,0.0,0.0,0.0062857454968486826,0.08448608385142298,0.00969555545380918,6.465882530553981,0.299780144871815,0.625
gamma,dad,17,30.0,60.0,0.0020603819575626403,0.0033143260225187987,3.763250932392195,0.0,0.0,0.0062857454968486826,0.08448608385142298,0.00969555545380918,3.598264690855747,0.1664687733490826,1.0
gamma,dad,17,60.0,120.0,0.003992674974142574,0.0064479390130145475,3.5714356549250166,0.0,0.07646861183441889,0.0062857454968486826,0.0,0.00969555545380918,2.813483271685687,0.14254746078626615,1.0
gamma,dad,17,90.0,180.0,0.006685257860226557,0.011499783882754855,3.4607226798222324,0.0,0.0,0.0062857454968486826,0.0,0.00969555545380918,2.0556229648820534,0.1193438853803962,1.0
gamma,dad,17,120.0,240.0,0.00865480383799877,0.014716506862896495,3.4306154874505235,0.0,0.0,0.0062857454968486826,0.0,0.00969555545380918,1.8696758972378338,0.11584013996060602,1.0
gamma,dad,18,15.0,30.0,0.001066484022885561,0.0016019809409044683,3.7945917910319054,0.0,0.0,0.0,0.0,0.0,5.639169978416548,0.3419729140218466,0.625
gamma,dad,18,30.0,60.0,0.002043751985183917,0.003286876977654174,3.567758577989784,0.0,0.01679767068316418,0.0,0.018585216664570803,0.0,3.476684114885879,0.19497614661072868,1.0
gamma,dad,18,60.0,120.0,0.0039596789283677936,0.006425093044526875,3.4116853079673786,0.0,0.01679767068316418,0.0,0.0,0.0,3.9180241124276862,0.15525198330110485,1.0
gamma,dad,18,90.0,180.0,0.0061319887900026515,0.010497110008145683,3.396632359076055,0.0,0.01679767068316418,0.0,0.0,0.0,2.8231575052107907,0.14886171242557591,1.0
gamma,dad,18,120.0,240.0,0.008046835791901685,0.013842002983437851,3.3410754875957864,0.0,0.01679767068316418,0.0,0.0,0.0,2.7297631807861067,0.1300583225187367,1.0
gamma,dad,19,15.0,30.0,0.0010742459999164566,0.0015224659582599998,3.9186681319697367,0.0,0.0,0.0,0.016084865508673496,0.036477247504348886,5.219653496109515,0.21237245025815957,0.625
gamma,dad,19,30.0,60.0,0.0020741119660669938,0.0031974269804777578,3.752592630805873,0.0,0.0,0.0,0.042223028474287494,0.036477247504348886,4.148837487696304,0.14712253511305157,1.0
gamma,dad,19,60.0,120.0,0.004141387980780564,0.0068385499907890335,3.648040521891063,0.0,0.0,0.0,0.016657815222896333,0.0004949817502073461,3.2078818174737087,0.13248164380786967,1.0
gamma,dad,19,90.0,180.0,0.006114266041549854,0.010940578053123318,3.5495058463057227,0.0,0.0,0.0,0.016657815222896333,0.014390991615803594,3.132745444296781,0.11358102664136047,1.0
gamma,dad,19,120.0,240.0,0.00810505602566991,0.014454362084507011,3.522502607090034,0.0,0.0,0.0,0.016657815222896333,0.0004949817502073461,2.5935878791049234,0.1117480128330832,1.0
gamma,dad,20,15.0,30.0,0.0010846559598576277,0.0016614429478067905,4.463634872544139,0.0,0.0,0.05817404232711476,0.05210036753396052,0.043963292374913254,8.28552834973415,0.3608728969280031,0.625
gamma,dad,20,30.0,60.0,0.002122494945069775,0.0036982469318900257,4.060812314730132,0.0,0.0,0.0,0.0,0.0,4.9044440399938924,0.20581318295523215,1.0
gamma,dad,20,60.0,120.0,0.004180592004559003,0.007128272976842709,3.8638083504486658,0.0,0.0,0.0,0.0,0.01719066485050813,4.5545506147024,0.176438374432446,1.0
gamma,dad,20,90.0,180.0,0.006169648026116192,0.011401982948882505,3.75991382312858,0.0,0.0,0.0,0.0,0.0,3.3432441355643787,0.15822165342010652,1.0
gamma,dad,20,120.0,240.0,0.00814182213798631,0.01527703802275937,3.6871090006636797,0.0,0.0,0.0,0.0,0.01719066485050813,3.114644822635893,0.14404738333992587,1.0
gamma,dad,21,15.0,30.0,0.0010728960478445515,0.001503567982581444,3.9757499867509725,0.0,0.0,0.0,0.0,0.0,4.370126221131047,0.30302208384897183,0.625
gamma,dad,21,30.0,60.0,0.0020888660073978826,0.003272879956057295,3.7861034985222966,0.0,0.0,0.0,0.0,0.0,3.3074795765320206,0.21875129000394508,1.0
gamma,dad,21,60.0,120.0,0.004089111025677994,0.006332863893476315,3.5505177630191533,0.0,0.0,0.0,0.0,0.0,2.786792530904759,0.16927263555940655,1.0
gamma,dad,21,90.0,180.0,0.006065415014745668,0.00980769080342725,3.428145986881765,0.0,0.0,0.0,0.0,0.002018100541879342,1.8949646411766534,0.14137604323179942,1.0
gamma,dad,21,120.0,240.0,0.008018275126232766,0.012968888797331601,3.408201738285291,0.0,0.0,0.0,0.0,0.002018100541879342,1.6928480288083032,0.13385750262591609,1.0
gamma,dad,22,15.0,30.0,0.0010845949727809057,0.0017164680466521531,4.398322752712905,0.0,0.0,0.0,0.0,0.0,8.303653097004768,0.346153177191339,0.625
gamma,dad,22,30.0,60.0,0.0020965059811715037,0.0036171169922454283,4.006069601165817,0.0,0.0,0.0,0.0,0.0,4.621915700453245,0.21729166804764444,1.0
gamma,dad,22,60.0,120.0,0.004160952943493612,0.007021419980446808,3.687848251449614,0.0,0.0,0.0,0.0,0.0,3.2863244835536385,0.1344928835174616,1.0
gamma,dad,22,90.0,180.0,0.006172968045575544,0.010992177049047314,3.5697466985009005,0.0,0.0,0.0,0.0,0.0,2.280119886084253,0.12072318236922265,1.0
gamma,dad,22,120.0,240.0,0.008141415033605881,0.01470220705959946,3.5337644510065602,0.0,0.0,0.0,0.0,0.0,2.4561914030141545,0.1125968183693464,1.0
gamma,dad,23,15.0,30.0,0.001068851022864692,0.0016276500246021897,4.165611534596535,0.0,0.0,0.02207975213938429,0.1277636176262047,0.1722479979084296,7.741021385029658,0.34750992592860575,0.625
gamma,dad,23,30.0,60.0,0.0021230009879218414,0.003394840081455186,3.7814239813451542,0.0,0.0,0.0,0.0,0.028703869405468208,4.692875247674039,0.21318133230378047,1.0
gamma,dad,23,60.0,120.0,0.004053826967719942,0.006426315099815838,3.509637996947982,0.0,0.0,0.0,0.0,0.0,3.175405793577242,0.14772778217372068,1.0
gamma,dad,23,90.0,180.0,0.00597941609157715,0.009764267088030465,3.4903400938348583,0.0,0.0,0.0,0.0,0.0,2.5446327380369747,0.14378165132695406,1.0
gamma,dad,23,120.0,240.0,0.008007554133655503,0.013012033101404086,3.4389624481283807,0.0,0.0,0.0,0.0,0.0,2.501679429965343,0.1304614377834733,1.0
gamma,dad,24,15.0,30.0,0.0008544830052414909,0.0013400329771684483,4.140892392268723,0.0,0.0,0.0,0.0,0.0,8.70129108534691,0.3147659972986912,0.625
gamma,dad,24,30.0,60.0,0.0016344900359399617,0.002797564971842803,3.945056714169772,0.0,0.0,0.0,0.0,0.0,5.530077591460352,0.21874394677351677,1.0
gamma,dad,24,60.0,120.0,0.003109117111307569,0.0053454469598364085,3.713580574225791,0.0,0.0,0.0,0.0,0.0,4.329203383861495,0.16147210753246954,1.0
gamma,dad,24,90.0,180.0,0.004583572110277601,0.008474242014926858,3.5394421840531636,0.0,0.0,0.0,0.0,0.0,3.2506022235679546,0.13694129024725601,1.0
gamma,dad,24,120.0,240.0,0.006053108110791072,0.011177499065524898,3.4668177152794963,0.0,0.0,0.0,0.0,0.0,2.690986167818556,0.12828148255648614,1.0
gamma,dad,25,15.0,30.0,0.0008296909945784137,0.0012131390540162101,3.8989057342175504,0.0,0.0,0.05914961334758928,0.036350178783752685,0.08338579415543534,4.645914955369458,0.3327084715047847,0.625
gamma,dad,25,30.0,60.0,0.0015961519529810175,0.002601301035610959,3.761347518025291,0.0,0.0,0.0,0.036350178783752685,0.009674243647559977,3.563896552443374,0.22118884215402132,1.0
gamma,dad,25,60.0,120.0,0.003064056989387609,0.004829212935874239,3.6255519839986348,0.0,0.0,0.0,0.036350178783752685,0.0328513958479113,2.657716251026769,0.1868828509835039,1.0
gamma,dad,25,90.0,180.0,0.004566007031826302,0.007592060923343524,3.490749492158075,0.0,0.0,0.0,0.0,0.0,2.202802119736268,0.15692347681381572,1.0
gamma,dad,25,120.0,240.0,0.006063176071620546,0.010102490879944526,3.3326402715157024,0.0,0.0,0.0,0.0,0.0,1.6534079588065225,0.12734008556575815,1.0
gamma,dad,26,15.0,30.0,0.0008512399945175275,0.0012308220466366038,3.668558317057931,0.0,0.0,0.0,0.002351964480984292,0.0,5.200782168013525,0.2921978311923334,0.625
gamma,dad,26,30.0,60.0,0.0016174990014405921,0.002563170055509545,3.5143955204966986,0.0,0.0,0.0,0.002351964480984292,0.0,2.5500126429534697,0.22062141975668897,1.0
gamma,dad,26,60.0,120.0,0.0031035410502227023,0.004928927999571897,3.3776225734379657,0.0,0.0,0.0,0.002351964480984292,0.0,2.1130437721737527,0.16576164208623234,1.0
gamma,dad,26,90.0,180.0,0.0046468570799333975,0.007613269015564583,3.2939731453984193,0.0,0.0,0.0,0.0,0.0,2.3033770803369915,0.14234991538947608,1.0
gamma,dad,26,120.0,240.0,0.006175745133077726,0.010101342020789161,3.2713619476248526,0.0,0.0,0.0,0.002351964480984292,0.04338686315468121,1.9850712264894579,0.13082708059553613,1.0
gamma,dad,27,15.0,30.0,0.000833769008750096,0.001335120978183113,4.004835699187804,0.0,0.0,0.0,0.04749291660462107,0.04369470570585854,7.507620690476446,0.31570617757868064,0.625
gamma,dad,27,30.0,60.0,0.0016941969806794077,0.00285149498085957,3.663648840203514,0.0,0.0,0.0,0.0,0.00712871640174817,3.486046830528114,0.2029225639673068,1.0
gamma,dad,27,60.0,120.0,0.0033377419458702207,0.0053905880195088685,3.5532593398097627,0.0,0.0,0.0,0.0,0.0,2.7298320566507077,0.17263419263815757,1.0
gamma,dad,27,90.0,180.0,0.00504021295637358,0.00852447199577,3.4707694177169324,0.0,0.0,0.0,0.0221561365968288,0.0,3.758238976973691,0.1511134814090418,1.0
gamma,dad,27,120.0,240.0,0.006722160032950342,0.011492848003399558,3.412101800189857,0.0,0.0,0.0,0.0,0.0,3.0460815970986754,0.1346532954619956,1.0
gamma,dad,28,15.0,30.0,0.0010749570064945146,0.0015683779929531738,4.219012095969682,0.0,0.0,0.0,0.019436058399549427,0.0990645457695658,9.22810135260274,0.28941354857887575,0.625
gamma,dad,28,30.0,60.0,0.0020546469604596496,0.0033435659715905786,3.9076375260528287,0.0,0.0,0.0,0.0,0.0,4.402358060291753,0.21810449851597555,1.0
gamma,dad,28,60.0,120.0,0.003928109930711798,0.00638662397977896,3.652067263766796,0.0,0.0,0.0,0.0,0.0,2.786439571383803,0.1543072245681443,1.0
gamma,dad,28,90.0,180.0,0.0057926118752220646,0.01024968498677481,3.5216256375932606,0.0,0.0,0.029445878339418807,0.0,0.0,2.150862818249094,0.13434180667195245,1.0
gamma,dad,28,120.0,240.0,0.0076629749237326905,0.013884195010177791,3.450311723089495,0.0,0.0,0.0,0.0,0.0,2.0311759429143907,0.1137117685636687,1.0
gamma,dad,29,15.0,30.0,0.000829218071885407,0.0012560649920487776,3.929100589302413,0.0,0.0,0.002130258798470952,0.04824114884450659,0.06999565841915112,8.345554039110937,0.30025259728346587,0.625
gamma,dad,29,30.0,60.0,0.001580843105330132,0.0026506089488975704,3.7377685568974717,0.0,0.0,0.002130258798470952,0.0,0.0,3.990639107796514,0.21696445012317597,1.0
gamma,dad,29,60.0,120.0,0.0030396091897273436,0.005068400991149247,3.5645725177572296,0.0,0.0,0.002130258798470952,0.0,0.0,2.1460617714120263,0.17809532117933155,1.0
gamma,dad,29,90.0,180.0,0.004515829263255,0.007988252909854054,3.4915070124171805,0.0,0.0,0.0,0.0,0.0,2.5870845806094103,0.15274963897967792,1.0
gamma,dad,29,120.0,240.0,0.005973303224891424,0.010570144891971722,3.460602502946647,0.0,0.0,0.002130258798470952,0.0,0.0,2.5955749175136895,0.14287602353452858,1.0
gamma,dad,30,15.0,30.0,0.0008115100208669901,0.0011560800339793786,3.9558604756121376,0.0,0.023943279191712574,0.12379297588074412,0.17469530475580985,0.13943962086236672,6.295496438503295,0.2657450521255512,0.625
gamma,dad,30,30.0,60.0,0.0015735600318294019,0.0024388361198361963,3.7575771060458245,0.0,0.023943279191712574,0.0,0.01378169345346858,0.04756321147349696,3.529707167738258,0.2029030126247612,1.0
gamma,dad,30,60.0,120.0,0.0030679070041514933,0.004791783037944697,3.60077835911082,0.0,0.023943279191712574,0.0,0.01378169345346858,0.04756321147349696,3.007355051321831,0.15306513965273444,1.0
gamma,dad,30,90.0,180.0,0.004546620155451819,0.0075522540719248354,3.5326049451840884,0.0,0.023943279191712574,0.0,0.01378169345346858,0.04756321147349696,2.669851346450811,0.13805451112805772,1.0
gamma,dad,30,120.0,240.0,0.00603371812030673,0.010097288104589097,3.4684737634059704,0.0,0.023943279191712574,0.0,0.01378169345346858,0.0,2.502759909757233,0.11703099816364532,1.0
gamma,dad,31,15.0,30.0,0.000865309004439041,0.001357803019345738,4.1941413554434535,0.0,0.1585859675411565,0.2102834094802969,0.19688581395720106,0.23695460558777093,22.703591462539016,0.29538637551050295,0.625
gamma,dad,31,30.0,60.0,0.0017582680302439258,0.0029755629948340356,3.871329525068198,0.0,0.0,0.0,0.0,0.0,5.864693656958413,0.20527174471712725,1.0
gamma,dad,31,60.0,120.0,0.003362821094924584,0.005446501963888295,3.6123705065358465,0.0,0.0,0.0,0.0,0.0,5.0327802622470275,0.15225185091556065,1.0
gamma,dad,31,90.0,180.0,0.004973680086550303,0.008306500953040086,3.525302162436039,0.0,0.0,0.0,0.0,0.0,2.74862072771893,0.1446492163780782,1.0
gamma,dad,31,120.0,240.0,0.0064627960382495075,0.01087271686992608,3.4746554356138666,0.0,0.0,0.0,0.0,0.0,2.398563178346222,0.1292102726455885,1.0
gamma,dad,32,15.0,30.0,0.0010642020497471094,0.0014817750343354419,4.141187196547235,0.0,0.03239449412261075,1.1102230246251565e-16,1.1102230246251565e-16,2.220446049250313e-16,6.887761394929431,0.36235993808325395,0.625
gamma,dad,32,30.0,60.0,0.0020823540398851037,0.0033782290847739205,3.82746562562871,0.0,0.03239449412261075,1.1102230246251565e-16,0.0068333813239891406,2.220446049250313e-16,4.281348114969958,0.21992182297457014,1.0
gamma,dad,32,60.0,120.0,0.003998080035671592,0.006534388041472994,3.612853677252603,0.06478898824522139,0.03239449412261075,1.1102230246251565e-16,0.0068333813239891406,2.220446049250313e-16,2.270575565047972,0.17923338010750792,1.0
gamma,dad,32,90.0,180.0,0.005899599054828286,0.010772227047709748,3.466048401299594,0.06478898824522139,0.03239449412261075,1.1102230246251565e-16,0.0068333813239891406,2.220446049250313e-16,1.9965782560302492,0.149926473717555,1.0
gamma,dad,32,120.0,240.0,0.007787757058395073,0.014319846028229222,3.40063837948826,0.06478898824522139,0.03239449412261075,1.1102230246251565e-16,0.0068333813239891406,2.220446049250313e-16,1.8325085610902319,0.13000999503055258,1.0
gamma,dad,33,15.0,30.0,0.0010542930103838444,0.0016952700243564323,3.8553860591867153,0.0,0.0,0.013839177814250925,0.040363904543309514,0.07171622940586386,5.572914497236065,0.3152507938560682,0.625
gamma,dad,33,30.0,60.0,0.0020328210230218247,0.0034292620402993634,3.5859716078277533,0.0,0.0,0.013839177814250925,0.0,0.0,2.478605287523882,0.1876558384945034,1.0
gamma,dad,33,60.0,120.0,0.003928450096282177,0.006800729941460304,3.400317282501985,0.0,0.0,0.0,0.0,0.0,2.520990502388869,0.12651504667999025,1.0
gamma,dad,33,90.0,180.0,0.005825512111186981,0.010154076953767799,3.3436961712836513,0.0,0.0,0.013839177814250925,0.0,0.0,2.4255571227364716,0.11701386187060117,1.0
gamma,dad,33,120.0,240.0,0.007741072098724544,0.013362956931814551,3.3077290338524414,0.0,0.0,0.013839177814250925,0.0,0.0,1.8855760330975309,0.11190878668392432,1.0
gamma,dad,34,15.0,30.0,0.000821084002382122,0.0011647859937511384,4.412930321651834,0.0,0.022805394304444726,0.04804985452700994,-2.220446049250313e-16,0.049998407324364,9.923515071313682,0.28260107210437047,0.625
gamma,dad,34,30.0,60.0,0.0016073410515673459,0.00259631201333832,4.189041133468564,0.0,0.0,0.0,0.02199634950537932,0.0,5.024763132247944,0.21072237399835708,1.0
gamma,dad,34,60.0,120.0,0.0033622740156715736,0.005590083004790358,3.965353613149984,0.0,0.10591917051346422,0.059351141300459265,0.02199634950537921,-2.220446049250313e-16,3.987017355375663,0.1739791966027851,1.0
gamma,dad,34,90.0,180.0,0.004974337003659457,0.008923178989789449,3.8669915005988087,0.0,0.0,0.059351141300459376,0.02199634950537932,0.0,3.258331452253408,0.15408189334801953,1.0
gamma,dad,34,120.0,240.0,0.006543761075590737,0.012123096908908337,3.689000580972151,0.0,0.0,0.0,0.02199634950537932,0.0,2.8246015208298814,0.11293006964081624,1.0
gamma,dad,35,15.0,30.0,0.001086110991309397,0.0015625989908585325,4.1610288172747865,0.0,0.08697514857287958,0.06157468593703308,0.05035990715234262,0.08419814097981027,7.013714526092916,0.3028450615780815,0.625
gamma,dad,35,30.0,60.0,0.002097527016303502,0.0035324199125170708,4.010466370078944,0.0,0.0029517491116642924,0.06207149578649429,0.05035990715234251,-2.220446049250313e-16,5.363061974854105,0.22073898325238586,1.0
gamma,dad,35,60.0,120.0,0.004041281994432211,0.006862476002424955,3.813701468543588,0.0,0.0029517491116642924,0.0,0.0,0.0,3.337406862762886,0.18327869558540458,1.0
gamma,dad,35,90.0,180.0,0.00596522593696136,0.010729381057899445,3.5879483064157776,0.0,0.0029517491116642924,0.0,0.0,0.0,2.1501411278068168,0.14291688500518682,1.0
gamma,dad,35,120.0,240.0,0.00788811780512333,0.01415777302463539,3.5131305728723086,0.0,0.0029517491116642924,0.0,0.0,0.0,1.8789537232560045,0.13494777208705394,1.0
gamma,dad,36,15.0,30.0,0.001069711011950858,0.0016365680057788268,4.037890276038024,0.0,0.0,0.0,0.0,0.0,6.136112638143436,0.34501250671874933,0.625
gamma,dad,36,30.0,60.0,0.0020843379461439326,0.003485694047412835,3.9728729651379546,0.0,0.0,0.0024422054141025606,0.0,0.0,5.358185612648082,0.2666274440773534,1.0
gamma,dad,36,60.0,120.0,0.004011970886494964,0.006619462088565342,3.799279476024655,0.0,0.0,0.0024422054141025606,0.0,0.0,4.45915681530228,0.22688597574679192,1.0
gamma,dad,36,90.0,180.0,0.005929636929067783,0.010279308044118807,3.5367747313111484,0.0,0.0,0.0024422054141025606,0.0,0.0,2.5605405095722626,0.18255093732125677,1.0
gamma,dad,36,120.0,240.0,0.00789972695929464,0.013531657081330195,3.496766367659866,0.0,0.0,0.0024422054141025606,0.0,0.0,2.75610523779809,0.17447634118072503,1.0
gamma,dad,37,15.0,30.0,0.0010751889931270853,0.0015230489807436243,4.000849800326019,0.0,0.13707754433344643,0.018495426729791875,0.0,0.05905965433934213,6.675306806225386,0.2941002925013222,0.625
gamma,dad,37,30.0,60.0,0.002072390023386106,0.0033000249677570537,3.8224419622555423,0.0,0.0,0.018495426729791875,0.0,0.0,5.0285855275275715,0.2108581344116786,1.0
gamma,dad,37,60.0,120.0,0.004017242041300051,0.006415466981707141,3.6089291072697836,0.0,0.0,0.0,0.0,0.0,3.2892115205031347,0.16392163863942424,1.0
gamma,dad,37,90.0,180.0,0.005947425990598276,0.00991377494938206,3.463581071066603,0.0,0.0,0.0,0.0,0.0,1.8919479147736202,0.1463655375041395,1.0
gamma,dad,37,120.0,240.0,0.007860540921683423,0.013284632004797459,3.364206431265641,0.0,0.0,0.0,0.0,0.0,1.4457125065767757,0.12228496188074864,1.0
gamma,dad,38,15.0,30.0,0.0010792429966386408,0.0015885470056673512,4.338551186295514,0.0,0.03706275881685839,0.13149704013898944,0.11400492532812412,0.10547560892347985,17.107507523571265,0.35817601706738594,0.625
gamma,dad,38,30.0,60.0,0.0021237219916656613,0.003812643015407957,4.0682817016266775,0.0,0.0,0.0,0.0,0.0,6.293213465418265,0.2270843807644088,1.0
gamma,dad,38,60.0,120.0,0.004065816072397865,0.007298719036043622,3.9451400758923114,0.0,0.0,0.0,0.0,0.0,5.411813984599598,0.1781645004467966,1.0
gamma,dad,38,90.0,180.0,0.006034206075128168,0.011483081078040414,3.7825736725184846,0.0,0.0,0.0,0.0,0.0,4.336235433759569,0.1419639635858017,1.0
gamma,dad,38,120.0,240.0,0.008019794084248133,0.015221223031403497,3.6719926870121067,0.0,0.0,0.0,0.0,0.0,3.368198043647244,0.12127073897034765,1.0
gamma,dad,39,15.0,30.0,0.001074336003512144,0.0016426739457529038,4.19404902554851,0.0,0.01100584692120965,0.024908450604145815,0.01955871913158891,0.0,8.316933110697908,0.2873331748244311,0.625
gamma,dad,39,30.0,60.0,0.00213066405558493,0.0037165419780649245,3.9042425354888857,0.0,0.01100584692120965,0.007995510443630893,0.0,0.0,4.313481120225081,0.20447518438277884,1.0
gamma,dad,39,60.0,120.0,0.004038268074509688,0.006998122873483226,3.7057184743885148,0.0,0.01100584692120965,0.0,0.0,0.0,3.7489057790254545,0.15983992420232312,1.0
gamma,dad,39,90.0,180.0,0.006001562098390423,0.011179445893503726,3.560436098121407,0.0,0.01100584692120965,0.0,0.0,0.0,2.7589061635044483,0.1281880144566687,1.0
gamma,dad,39,120.0,240.0,0.007998017128556967,0.015011024865088984,3.4881252059984753,0.0,0.01100584692120965,0.0,0.0,0.0,2.3394222870613213,0.11774855904320068,1.0
gamma,dad,40,15.0,30.0,0.0007860349724069238,0.001140741995186545,4.346734899536192,0.0,0.12037213411183356,0.08830428453895323,0.18604998527281735,0.21529535544889833,17.79041003661153,0.3333235761356885,0.625
gamma,dad,40,30.0,60.0,0.0015139640163397416,0.002469775965437293,4.064739118216026,0.0,0.0,0.0,0.0,0.0,6.142647347721485,0.21928817038055715,1.0
gamma,dad,40,60.0,120.0,0.0028983570664422587,0.004779778930242173,3.817111224170668,0.0,0.0,0.0,0.0,0.013073493288629834,5.53514876771785,0.15366927552198853,1.0
gamma,dad,40,90.0,180.0,0.004359476952231489,0.007884338934672996,3.7752463239027017,0.0,0.0,0.0,0.0,0.013073493288629834,4.910685802386222,0.14280087280911768,1.0
gamma,dad,40,120.0,240.0,0.005747081988374703,0.010698930913349614,3.6327088546946,0.0,0.0,0.0,0.0,0.0,3.6516779629527765,0.12363569948058789,1.0
gamma,dad,41,15.0,30.0,0.0007810800307197496,0.0011813169985543936,4.07669071259238,0.0,0.0,0.033256327056849666,0.05808812150090259,0.05083448549621283,8.28384757674326,0.29500095855110253,0.625
gamma,dad,41,30.0,60.0,0.0015089729859028012,0.0024334190238732845,3.7916749522220514,0.0,0.0,0.0010863144607266007,0.0015835085220596845,0.02656339122065343,3.9546007224571715,0.20221849239299375,1.0
gamma,dad,41,60.0,120.0,0.002918326004873961,0.004685665015131235,3.5059824524440724,0.0,0.0,0.0017835516751225633,0.0015835085220596845,0.026945799780572766,2.45186732093002,0.14090057958616337,1.0
gamma,dad,41,90.0,180.0,0.004322062057326548,0.007481310080038384,3.4637870782489855,0.0,0.0,0.0010863144607266007,0.0015835085220596845,0.0,2.2272099102645613,0.1252701721226292,1.0
gamma,dad,41,120.0,240.0,0.005747549977968447,0.010090798066812567,3.371135423074548,0.0,0.0,0.0017835516751225633,0.0015835085220596845,0.0,1.6366623887062204,0.11981296812923886,1.0
gamma,dad,42,15.0,30.0,0.0007858479948481545,0.0012442119768820703,4.175758158366464,0.0,0.0,0.0,0.030315064866295982,0.0,8.989958757846182,0.27935149384750585,0.625
gamma,dad,42,30.0,60.0,0.0015449170168722048,0.002615639954456128,3.823130411946167,0.0,0.0,0.0,0.0,0.0,5.132675696389497,0.18667945512686754,1.0
gamma,dad,42,60.0,120.0,0.002957255012006499,0.004986618951079436,3.6110410231844434,0.0,0.0,0.0,0.0,0.0,3.3208594743963378,0.13009120726718884,1.0
gamma,dad,42,90.0,180.0,0.004316164966439828,0.007895555885625072,3.5160528769992716,0.0,0.0,0.0,0.0,0.0,3.0091008879010426,0.11362383717970283,1.0
gamma,dad,42,120.0,240.0,0.005623953969916329,0.010348995972890407,3.3854705780914753,0.0,0.0,0.0,0.0,0.0,2.0142994075701934,0.09190011867784517,1.0
gamma,dad,43,15.0,30.0,0.0007606990257045254,0.0011524829897098243,4.167553685064148,0.0,0.0,0.008781444816091777,0.08182672094347554,0.06693536607992301,8.939038168664647,0.3038567568124557,0.625
gamma,dad,43,30.0,60.0,0.001559488067869097,0.0024334980407729745,3.89337203560533,0.0,0.0,0.008781444816091777,0.0027292789219099944,1.1102230246251565e-16,4.709216253152634,0.2284790710834408,1.0
gamma,dad,43,60.0,120.0,0.0028692840569419786,0.004599946900270879,3.521132418443568,0.0,0.0,0.008781444816091777,0.0027292789219099944,1.1102230246251565e-16,2.7065545637026838,0.14180043489052555,1.0
gamma,dad,43,90.0,180.0,0.004246867043548264,0.007094627813785337,3.4319770323191983,0.0,0.0,0.008781444816091777,0.007161899786049419,1.1102230246251565e-16,2.324662947662256,0.12480635887216612,1.0
gamma,dad,43,120.0,240.0,0.005543019069591537,0.009239684834028594,3.4570202360054125,0.0,0.0,0.008781444816091777,0.007161899786049419,1.1102230246251565e-16,2.354564525533728,0.1386549962020228,1.0
gamma,dad,44,15.0,30.0,0.0006727479922119528,0.0010407440713606775,4.0323605529526,0.0,0.0,0.0,0.0343445904825862,0.062188700753549986,9.544087714955982,0.3344481648626888,0.625
gamma,dad,44,30.0,60.0,0.0013444619835354388,0.002300665102666244,3.859686360714491,0.0,0.0,0.05725807537300376,1.1102230246251565e-16,0.030783014531283626,5.392923686281813,0.2273013123798921,1.0
gamma,dad,44,60.0,120.0,0.002519833986298181,0.004320947075029835,3.5055475400396894,0.0,0.0,0.0,0.0,0.0,3.2957248980999667,0.14622002065610598,1.0
gamma,dad,44,90.0,180.0,0.0037984719092492014,0.0066640730074141175,3.370587505212781,0.0,0.0,0.0,0.0,0.0,2.1849153451897214,0.12318516581053851,1.0
gamma,dad,44,120.0,240.0,0.004986655883840285,0.008760071053984575,3.304787732727499,0.0,0.0,0.0,0.0,0.0,2.1412175609562154,0.1035255668595001,1.0
gamma,dad,45,15.0,30.0,0.0008533269865438342,0.001233938048244454,3.979353849421173,0.0,0.04916122588640026,0.07770641705469994,0.06835070632269491,0.07615844170590735,9.53398015571487,0.3311259537584178,0.625
gamma,dad,45,30.0,60.0,0.0016584219702053815,0.0026403360534459352,3.7688950058340858,0.0,0.04916122588640026,0.0,0.00534470962289213,0.022936467545341954,4.300261023333646,0.22327872341448599,1.0
gamma,dad,45,60.0,120.0,0.003209026894182898,0.005308401014190167,3.52821518015905,0.0,0.04916122588640026,0.0,0.00534470962289213,0.022936467545341954,2.8169830107080687,0.16450003452414316,1.0
gamma,dad,45,90.0,180.0,0.004754452907945961,0.008545508986571804,3.4267627615826015,0.0,0.04916122588640026,0.0,0.00534470962289213,0.022936467545341954,2.418935471422725,0.1394186498584573,1.0
gamma,dad,45,120.0,240.0,0.00596410091384314,0.01070213496859651,3.3431614892035437,0.0,0.04916122588640026,0.0,0.00534470962289213,0.005282047463974648,1.9070602556549265,0.1251916572285157,1.0
gamma,dad,46,15.0,30.0,0.0008898479281924665,0.0012611680140253156,4.362694938042406,0.0,0.01435492794788118,1.1102230246251565e-16,2.220446049250313e-16,0.007037782279804561,9.051036174262963,0.29846905670152335,0.625
gamma,dad,46,30.0,60.0,0.001723807887174189,0.0027888399636140093,4.0544159889522495,0.0,0.0,0.0,0.0,0.00703778227980445,5.1426803161850865,0.1908086129765022,1.0
gamma,dad,46,60.0,120.0,0.0029819358460372314,0.00497086597897578,3.7888913602913696,0.0,0.0,0.0,0.0,0.024135283725561618,3.4002441871426115,0.1293947137719789,1.0
gamma,dad,46,90.0,180.0,0.004222798816044815,0.0075974969659000635,3.6961536431180946,0.0,0.0,0.0,0.0,0.0,2.979924712809926,0.1121904001668725,1.0
gamma,dad,46,120.0,240.0,0.005548538742004894,0.010272963903844357,3.6049397426102847,0.0,0.0,0.0,0.0,0.0,2.464105731188027,0.10350003294906063,1.0
gamma,dad,47,15.0,30.0,0.0006855919782537967,0.0010171380417887121,3.8453121802195764,0.0,0.027998849679309656,1.1102230246251565e-16,0.010212409139881973,1.1102230246251565e-16,5.6604875635068295,0.32944197713297296,0.625
gamma,dad,47,30.0,60.0,0.0013150949234841391,0.0021438650583149865,3.672622481754672,0.0,0.027998849679309656,1.1102230246251565e-16,0.010212409139881973,1.1102230246251565e-16,4.573617377039308,0.2145351356183544,1.0
gamma,dad,47,60.0,120.0,0.002548834847402759,0.004194204055238515,3.562109626394182,0.0,0.027998849679309656,1.1102230246251565e-16,1.1102230246251565e-16,1.1102230246251565e-16,3.2709119511896496,0.1840265507172173,1.0
gamma,dad,47,90.0,180.0,0.003794076750637032,0.006723521029925905,3.4938341249891063,0.0,0.0,0.0,0.0,0.0,2.7840401821243526,0.17017012662845135,1.0
gamma,dad,47,120.0,240.0,0.0050184287974843755,0.008978886136901565,3.4207552953882874,0.0,0.027998849679309656,1.1102230246251565e-16,1.1102230246251565e-16,1.1102230246251565e-16,2.86923019130814,0.15207139377246806,1.0
gamma,dad,48,15.0,30.0,0.0007496710604755208,0.0011419059737818316,4.000493528668164,0.04589640525670624,0.11142265273968599,0.0,0.0,0.0,6.281063716089323,0.2940035464436745,0.625
gamma,dad,48,30.0,60.0,0.0014371570287039503,0.002415103997918777,3.8675478207175327,0.04589640525670624,0.0,0.0,0.0253042719640737,0.0,4.814953271513662,0.24081524238218888,1.0
gamma,dad,48,60.0,120.0,0.0026752070407383144,0.004464954006834887,3.6555978405316147,0.04589640525670624,0.0,0.0,0.0,0.0,4.702583699858375,0.17350555992988376,1.0
gamma,dad,48,90.0,180.0,0.003994013968622312,0.007052627915982157,3.566427918513098,0.04589640525670624,0.0,0.0,0.0,0.0,4.028691449280645,0.15197019629662095,1.0
gamma,dad,48,120.0,240.0,0.005249776819255203,0.009208807940012775,3.5045017974493633,0.04589640525670624,0.0,0.0,0.0,0.0,3.3269086969989385,0.1434513059358941,1.0
gamma,dad,49,15.0,30.0,0.0006710489687975496,0.0010335310507798567,4.0898513122367,0.0,0.0,0.0,0.0,0.032573551076133356,7.806668884386775,0.3337736812559197,0.625
gamma,dad,49,30.0,60.0,0.001291955981287174,0.0021777600195491686,3.837572610349415,0.0,0.0,0.0,0.0,0.004881392085044012,4.187105931782798,0.2544411699415778,1.0
gamma,dad,49,60.0,120.0,0.002559517975896597,0.004125201987335458,3.5883030379824703,0.0,0.0,0.0,0.0,0.0,2.5061153563224314,0.19835489943558102,1.0
gamma,dad,49,90.0,180.0,0.0037631869199685752,0.006368048954755068,3.5042770300421133,0.0,0.0,0.0,0.0,0.0,2.563026441795174,0.17122077202831032,1.0
gamma,dad,49,120.0,240.0,0.0049197278276551515,0.00843368390633259,3.4522410080484236,0.0,0.0,0.0,0.0,0.0,2.585015143060056,0.16169146330964757,1.0
