setting,agent,episode,spent,rounds,act_seconds,observe_seconds,nlpd,regret_top1,regret_top2,regret_top3,regret_top4,regret_top5,rate_rmse,rate_dex,touched
bulk,eig,0,30.0,30.0,0.7643118240011972,0.0004497320005611982,1.625753620786683,0.11699761815798104,0.0,0.0,0.0968156002288294,0.17416363986753602,0.3096672469909612,0.3516901894478033,0.6666666666666666
bulk,eig,0,60.0,60.0,1.2184498829992663,0.0009109920083574252,1.5882620012580804,0.11699761815798104,0.0,0.0,0.0968156002288294,0.146149641249247,0.2755499143817299,0.32161630746448416,0.75
bulk,eig,0,120.0,120.0,1.9843061849969672,0.0017340609992970712,1.6506211735906573,0.11699761815798104,0.0,0.0,0.0968156002288294,0.17416363986753602,0.31726803246598684,0.3464355247358749,0.9166666666666666
bulk,eig,0,180.0,180.0,2.7008994510015327,0.002516542985176784,1.6271569866084288,0.11699761815798104,0.0,0.0,0.06560699616924415,0.14128803546374524,0.27269870544476055,0.3213809358148547,1.0
bulk,eig,0,240.0,240.0,3.344043730996418,0.003201276986146695,1.4507416043487436,0.11699761815798104,0.0,0.0,0.0,0.05489967823244424,0.17117051072164408,0.21876335195723265,1.0
bulk,eig,1,30.0,30.0,0.6886404280030547,0.0004306370083213551,1.2526283606751931,0.17547599762442456,0.20699468824656553,0.0,0.011172001678627974,0.04588483826249723,0.34819785364394745,0.37832571555921857,0.5
bulk,eig,1,60.0,60.0,1.1045398770056636,0.0008512920085195219,1.2063842219637813,0.17547599762442456,0.20699468824656553,0.0,0.011172001678627974,0.04588483826249723,0.27214287110552404,0.3219286779055882,0.6666666666666666
bulk,eig,1,120.0,120.0,1.7989666760040564,0.0016043940122472122,1.120554389455927,0.17547599762442456,0.20699468824656553,0.0,0.011172001678627974,0.04588483826249723,0.18423327205559398,0.2512474832817414,0.8333333333333334
bulk,eig,1,180.0,180.0,2.4807150150154484,0.00233486501929292,1.116821714993885,0.17547599762442456,0.20699468824656553,0.0,0.011172001678627974,0.04409128590016276,0.1758190850603964,0.25432878980063,0.9166666666666666
bulk,eig,1,240.0,240.0,3.1068793840149738,0.0031127330221352167,1.0978142352885203,0.17547599762442456,0.0,0.0,0.011172001678627974,0.04409128590016276,0.1272185489869136,0.24770996123482317,1.0
bulk,eig,2,30.0,30.0,0.7322665880001296,0.00038786499317211565,1.236776207004944,0.0,0.0,0.0,0.0,0.06057372558805352,0.1347688745290636,0.4557876066344434,0.6666666666666666
bulk,eig,2,60.0,60.0,1.1468774889963242,0.0007319869982893579,1.259594715027475,0.0,0.0,0.02910839710805624,0.0,0.01944364833435641,0.2897345529388498,0.44012567080846454,0.8333333333333334
bulk,eig,2,120.0,120.0,1.9025024499969732,0.001517380007499014,1.2205424454635796,0.0,0.0,0.02910839710805624,0.06632239671445872,0.01944364833435641,0.2316791084036187,0.40353164874977554,0.9166666666666666
bulk,eig,2,180.0,180.0,2.573442655002509,0.0022281440014921827,1.1872809749083295,0.0,0.0,0.07367704239226003,0.04011968012814093,0.01944364833435641,0.15194501905065638,0.37851542504918195,1.0
bulk,eig,2,240.0,240.0,3.162489883001399,0.0028440090027288534,1.1339278777440183,0.0,0.0,0.0,0.04011968012814093,0.01944364833435641,0.11156372683079155,0.31340291161445544,1.0
bulk,eig,3,30.0,30.0,0.6824336149929877,0.0003598690018407069,1.871407625310914,0.0,0.0,0.0,0.0,0.022390626343557596,0.425657158915029,0.21402852733125757,0.75
bulk,eig,3,60.0,60.0,1.0821716249974997,0.0007278730063262628,1.830393075742774,0.0,0.0,0.0,0.0,0.022390626343557596,0.4228327528195774,0.22615976968925774,0.8333333333333334
bulk,eig,3,120.0,120.0,1.8090635039934568,0.0013664690104633337,1.7525651252644678,0.0,0.0,0.0,0.019376008584405358,0.0,0.21126075601428665,0.17177225709082342,0.9166666666666666
bulk,eig,3,180.0,180.0,2.5452402109858667,0.0020278390020394,1.759667825716208,0.0,0.0,0.0,0.019376008584405358,0.0,0.26213443299331446,0.16709831423116375,0.9166666666666666
bulk,eig,3,240.0,240.0,3.196080276982684,0.002554931994382059,1.7381855505621848,0.0,0.0,0.0,0.019376008584405358,0.0,0.22893381924310202,0.168498603315843,0.9166666666666666
bulk,eig,4,30.0,30.0,0.6598974649969023,0.0003405540010135155,1.7797297724816812,0.09546082567376357,0.0,0.07558332348017405,0.0,0.0006204992361537043,0.47007563846794037,0.16722107983517862,0.5833333333333334
bulk,eig,4,60.0,60.0,1.0557453989949863,0.0006508590013254434,1.7794543030397352,0.09546082567376357,0.0,0.07558332348017405,0.0,0.0006204992361537043,0.41348278405866623,0.1827095940118269,0.75
bulk,eig,4,120.0,120.0,1.7593908209964866,0.0012542309923446737,1.6783549281341628,0.09546082567376357,0.0,0.0,0.0,0.0006204992361537043,0.1652481512408522,0.17910574534938797,0.8333333333333334
bulk,eig,4,180.0,180.0,2.444812990994251,0.0018779199908749433,1.6347950885786717,0.0,0.0,0.0,0.0,0.002268388988543535,0.07618624999959651,0.18188374073710967,0.8333333333333334
bulk,eig,4,240.0,240.0,3.151168799993684,0.0024275840005429927,1.6429643364171704,0.0,0.0,0.0,0.0,0.002268388988543535,0.12259168058643129,0.1909623812292501,0.8333333333333334
bulk,eig,5,30.0,30.0,0.7275944470038667,0.0003339300110383192,1.9229649187635651,0.0,0.1736659975358592,0.23626885902160322,0.2046995308691234,0.2418626928998987,0.40631352419312444,0.3362298582740919,0.8333333333333334
bulk,eig,5,60.0,60.0,1.1273544790019514,0.0006784180040995125,1.9533093192969833,0.0,0.14789855749189662,0.23626885902160322,0.23037370246295918,0.1887601111423176,0.43141148907851695,0.34704346777224565,0.9166666666666666
bulk,eig,5,120.0,120.0,1.836907891994997,0.0012877730041509494,1.888436158330009,0.0,0.14789855749189662,0.22284647515286382,0.23037370246295918,0.11877267533910418,0.36563142743289073,0.3031011873060403,0.9166666666666666
bulk,eig,5,180.0,180.0,2.4510990979870257,0.0018518720025895163,1.6962068764521059,0.0,0.0,0.1032703049563739,0.11514589911992557,0.02305905005392761,0.23749705210440517,0.19016533111162642,0.9166666666666666
bulk,eig,5,240.0,240.0,3.01083422398915,0.0023901359945739387,1.6660971078641333,0.0,0.0,0.07994767490751864,0.0,0.015355315148664617,0.19877158821313276,0.18437238765491748,0.9166666666666666
bulk,eig,6,30.0,30.0,0.6030096179983957,0.0003883860008500051,1.2024712648006792,0.0,0.0780754520573207,0.0,0.019249937604791545,0.0,0.24215277080520922,0.37297748949998943,0.5833333333333334
bulk,eig,6,60.0,60.0,0.9233942119990388,0.0007112479997886112,1.1843219682668888,0.0,0.0,0.0,0.019249937604791545,0.0,0.20809096872921415,0.3635737554106199,0.5833333333333334
bulk,eig,6,120.0,120.0,1.548440214999573,0.0013297380046424223,1.1491498354210503,0.0,0.0,0.0,0.0,0.028754561958456826,0.15166660043767208,0.32637837897716765,0.8333333333333334
bulk,eig,6,180.0,180.0,2.0954842739938613,0.0018872750024456764,1.1334176409229648,0.0,0.0780754520573207,0.0,0.0,0.0,0.14376269407837722,0.299426933777591,0.9166666666666666
bulk,eig,6,240.0,240.0,2.60875382699669,0.002463494001858635,1.1256738490550255,0.0,0.0780754520573207,0.0,0.0,0.0,0.12632654388632203,0.2922031183937855,0.9166666666666666
bulk,eig,7,30.0,30.0,0.5845854330054863,0.0003198590020474512,1.931067076649905,0.0,0.11078645016984656,0.0,0.016397710014314115,0.08489528386908263,0.5958410503209369,0.24594505912529668,0.75
bulk,eig,7,60.0,60.0,0.9422648500021751,0.0006533190044137882,1.834298696537904,0.0,0.0,0.0,0.016397710014314115,0.08489528386908263,0.4382228446032644,0.20600649910385108,0.8333333333333334
bulk,eig,7,120.0,120.0,1.5706678259975888,0.0012181299935036805,1.7969221481769582,0.0,0.0,0.0,0.038969745336649764,0.03494991865666364,0.20216514129368487,0.18639284269961667,0.8333333333333334
bulk,eig,7,180.0,180.0,2.1406983499909984,0.0017664970000623725,1.7359181571233526,0.0,0.0,0.0,0.016397710014314115,0.03494991865666375,0.1644211540504388,0.15648199439064678,0.9166666666666666
bulk,eig,7,240.0,240.0,2.690201689991227,0.0023647570014873054,1.6935487351133325,0.0,0.0,0.0,0.0,0.0,0.10266424932936907,0.1337895071161139,0.9166666666666666
bulk,eig,8,30.0,30.0,0.610686595999141,0.0003106640069745481,1.5592556458964506,0.0,0.06706677782912995,-2.220446049250313e-16,-2.220446049250313e-16,-2.220446049250313e-16,0.32544456219650064,0.2652095896785672,0.5833333333333334
bulk,eig,8,60.0,60.0,0.9853354709939595,0.0006698299948766362,1.571143072650546,0.0,0.0,0.0,0.0,0.0,0.43716066209354815,0.28069393430186157,0.5833333333333334
bulk,eig,8,120.0,120.0,1.6740475489896198,0.001235279994943994,1.4966114212266477,0.0,0.0,0.0,0.0,0.0,0.23571499699948528,0.24620306737821504,0.75
bulk,eig,8,180.0,180.0,2.2735027149847156,0.0017755750031938078,1.4769193574557509,0.0,0.0,0.0,0.0,0.0,0.26087716840928726,0.21464011290339202,0.8333333333333334
bulk,eig,8,240.0,240.0,2.8755666709821526,0.002378262992351665,1.4555659865722743,0.0,0.0,0.0,0.0,0.0,0.20290060902630783,0.20190106647197661,0.9166666666666666
bulk,eig,9,30.0,30.0,0.6513180790007027,0.00043582699981925543,1.9097178600487232,0.1338463177732382,0.0,0.08611361017936259,0.07582669895769878,0.12008842220200233,0.38266841396885415,0.416890216229272,0.6666666666666666
bulk,eig,9,60.0,60.0,1.0134087870046642,0.0007918299961602315,1.8645296073346238,0.0,0.0,0.08611361017936259,0.07582669895769878,0.06501373690925805,0.31308905320725927,0.4102620547234563,0.8333333333333334
bulk,eig,9,120.0,120.0,1.60318074099996,0.0013836749931215309,1.8963492835005915,0.0,0.0,0.08611361017936259,0.07582669895769878,0.06501373690925805,0.3331728881428214,0.4129610632830869,0.9166666666666666
bulk,eig,9,180.0,180.0,2.125564955002119,0.0019126669885736192,1.7682568138738226,0.0,0.0,0.08611361017936259,0.07582669895769878,0.06501373690925805,0.25096103422717236,0.3519132206341249,1.0
bulk,eig,9,240.0,240.0,2.6529545200082794,0.002520189989809296,1.683639412263216,0.0,0.1764281658861907,0.08611361017936259,0.07582669895769878,0.06501373690925805,0.2067988189764215,0.2951101941096568,1.0
bulk,eig,10,30.0,30.0,0.4216793589948793,0.00022828100009064656,1.7684204457904784,0.0,0.0,0.04921843374333046,0.0355049437738173,0.07664997905049176,0.5723355491429918,0.3716092752188235,0.6666666666666666
bulk,eig,10,60.0,60.0,0.6721033209978486,0.00045182500798546243,1.6349435184268242,0.0,0.0,0.04921843374333046,0.044174302062765514,0.0,0.4424659818439294,0.3130525506001623,0.8333333333333334
bulk,eig,10,120.0,120.0,1.1402881869944395,0.0008853519993863301,1.6507770201366991,0.0,0.0,0.04921843374333046,0.044174302062765514,0.0,0.44367568632828563,0.27753723032826705,0.9166666666666666
bulk,eig,10,180.0,180.0,1.5793417059903732,0.0013954889927845215,1.5960528204661981,0.0,0.0,0.04921843374333046,0.044174302062765514,0.0,0.3912861304108787,0.2450471762860162,0.9166666666666666
bulk,eig,10,240.0,240.0,2.025344027993924,0.0019274570022389526,1.518171870832311,0.0,0.0,0.0,0.0,0.0,0.29063882532890073,0.21337162441725901,1.0
bulk,eig,11,30.0,30.0,0.5547866509987216,0.00036048999572813045,1.4323083572478204,0.0,0.056863950006552644,-2.220446049250313e-16,-2.220446049250313e-16,0.024038360265557612,0.6305586390561557,0.42453947747748383,0.5
bulk,eig,11,60.0,60.0,0.8788185889970919,0.0007688579989917343,1.3650988587615789,0.0,0.056863950006552644,-2.220446049250313e-16,-2.220446049250313e-16,0.024038360265557612,0.39325658023877924,0.39120471634659176,0.75
bulk,eig,11,120.0,120.0,1.440737367993279,0.001312512007643818,1.3007239140821583,0.0,0.0,0.0,0.0,0.0,0.3145915988145827,0.3837607517651755,0.9166666666666666
bulk,eig,11,180.0,180.0,1.9741533459909988,0.0018882370095525403,1.2654991997269573,0.0,0.0,0.0,0.0,0.0,0.14821208260546895,0.3592106317269858,0.9166666666666666
bulk,eig,11,240.0,240.0,2.483325655992303,0.002419139012999949,1.2937848867175086,0.0,0.0,0.0,0.0,0.0,0.21409665477346804,0.3301419882803285,0.9166666666666666
bulk,eig,12,30.0,30.0,0.5422404099990672,0.00031896200380288064,1.3602269323111156,0.0,0.02299292658626495,0.021748017796422436,0.030681313338116856,0.0002735985802798657,0.30402440012462434,0.33911476650824757,0.6666666666666666
bulk,eig,12,60.0,60.0,0.8657068440006697,0.0006258420053200098,1.3098905077912832,0.0,0.02299292658626495,0.033539840975024715,0.030681313338116856,0.0002735985802798657,0.21391621079385714,0.31304202076965143,0.8333333333333334
bulk,eig,12,120.0,120.0,1.4032525819966395,0.0012313000061112689,1.2787898328204623,0.0,0.021686973699409418,0.021748017796422436,0.030681313338116856,0.029486863712947953,0.1732499483017244,0.24928357272952933,0.8333333333333334
bulk,eig,12,180.0,180.0,1.9399268269971799,0.0018697920131671708,1.2865343409402328,0.0,0.02299292658626495,0.021748017796422436,0.030681313338116856,0.029486863712947953,0.198389171990942,0.2310771175931028,0.8333333333333334
bulk,eig,12,240.0,240.0,2.3767850619933597,0.0023377910220006015,1.2416149638703184,0.0,0.0,0.0,0.0,0.0002735985802798657,0.20149610667338755,0.19425412568161365,0.8333333333333334
bulk,eig,13,30.0,30.0,0.4588240230023075,0.00026044600235763937,1.6999231981334957,0.0,0.053706787649347,0.0,0.0,0.0014159229476433666,0.3422118749165796,0.29067697030968304,0.75
bulk,eig,13,60.0,60.0,0.7062834539974574,0.0005441570028779097,1.6323660503089297,0.0,0.0,0.0,0.0,0.0014159229476433666,0.2737848995973429,0.26350653859443524,0.9166666666666666
bulk,eig,13,120.0,120.0,1.1766210040022997,0.0010608949996822048,1.6253239701309476,0.0,0.0,0.037574981968373056,0.02221847505840857,0.0014159229476432555,0.3225823357400286,0.1959532285052872,1.0
bulk,eig,13,180.0,180.0,1.5992486700033623,0.0015354399984062184,1.560931617705876,0.0,0.0,0.0,0.022218475058408682,0.0014159229476433666,0.25223480310998136,0.13456021815094757,1.0
bulk,eig,13,240.0,240.0,2.007319724996705,0.0019637770055851433,1.5262447070818916,0.0,0.0,0.0,0.0,0.0014159229476433666,0.19237687005421095,0.11851407667972562,1.0
bulk,eig,14,30.0,30.0,0.5392190459970152,0.0003602370088628959,2.046537916692898,0.0,0.0,0.029198045901863146,0.06284765763582012,0.06499952064910353,0.4492442566997456,0.30221634849341095,0.75
bulk,eig,14,60.0,60.0,0.8567999870028871,0.0006350470066536218,2.076168114948033,0.0,0.0,0.029198045901863146,0.055609104367644324,0.06499952064910353,0.4513222419250504,0.31244391025182916,0.8333333333333334
bulk,eig,14,120.0,120.0,1.4387300729904382,0.00117920200136723,1.964368356538327,0.0,0.0,0.0,0.0,0.0,0.28636854130395095,0.24143565377994505,0.8333333333333334
bulk,eig,14,180.0,180.0,1.943853610988299,0.0016257890110864537,1.9635451196495712,0.0,0.0,0.0,0.0,0.0,0.20837005719836066,0.2610046478712563,1.0
bulk,eig,14,240.0,240.0,2.4252932709750894,0.002049248018010985,1.9000647495778926,0.0,0.0,0.0,0.0,0.0,0.1722500252734058,0.1515015725931774,1.0
bulk,eig,15,30.0,30.0,0.5140804239908903,0.00026243700267514214,1.8019646328366223,0.0,0.0,0.0,0.009728346372479213,0.05310447448795241,0.39134715797870345,0.3379305056874729,0.6666666666666666
bulk,eig,15,60.0,60.0,0.8456066199960333,0.0005406279960880056,1.85864070135631,0.0,0.0,0.0,0.009728346372479213,0.05310447448795241,0.5350894447641182,0.3019747066966263,0.75
bulk,eig,15,120.0,120.0,1.4085695219910122,0.0009801450069062412,1.6901811841731196,0.0,0.0,0.04772609541437256,0.009728346372479213,0.0,0.3252827610952363,0.2250324705817143,0.8333333333333334
bulk,eig,15,180.0,180.0,1.9473376109945093,0.001454606004699599,1.6288592964318644,0.0,0.0,0.0,0.009728346372479213,0.0,0.21776064110854496,0.18105400012498446,0.9166666666666666
bulk,eig,15,240.0,240.0,2.4727795719900314,0.001906591018268955,1.612747425970085,0.0,0.0,0.0,0.009728346372479213,0.0,0.18990241136955233,0.1626053063695244,0.9166666666666666
bulk,eig,16,30.0,30.0,0.49737002400070196,0.0002902610049204668,1.3329821696167656,0.0,0.09623127030169532,0.0,0.0,0.0,0.27658056734956077,0.43582488163009875,0.5
bulk,eig,16,60.0,60.0,0.8241223859986349,0.0005478090079122921,1.2915137669231418,0.0,0.0,0.0,0.0,0.0,0.21015137206073764,0.40290220877995897,0.6666666666666666
bulk,eig,16,120.0,120.0,1.3753897929982486,0.0010365980142523767,1.2743798429303292,0.0,0.0,0.0,0.0,0.0,0.13313484847171922,0.3546004478221474,0.9166666666666666
bulk,eig,16,180.0,180.0,1.9023883149911853,0.0015219720226014033,1.2612954788077029,0.0,0.09623127030169532,0.0,0.0,0.0,0.18113176136116133,0.3195610134774375,0.9166666666666666
bulk,eig,16,240.0,240.0,2.4512344999966444,0.0019783440220635384,1.246527559188618,0.0,0.0,0.0,0.0,0.0,0.1314004695822328,0.29571508649922,0.9166666666666666
bulk,eig,17,30.0,30.0,0.4561715119962173,0.0002275569931953214,1.638883030396463,0.0,0.024605312603953156,0.16623504742303774,0.07952195499347292,0.15055308420527735,0.3074048038918858,0.4310321097410069,0.5833333333333334
bulk,eig,17,60.0,60.0,0.7226874139942083,0.0004786529898410663,1.4458123034161925,0.0,0.0,0.0,0.0795219549934727,0.0,0.15998760058915037,0.3828662775904212,0.5833333333333334
bulk,eig,17,120.0,120.0,1.2208094819961843,0.0009591049929440487,1.3726626389229768,0.0,0.0,0.04945307377923669,0.0,0.0,0.12553402358400292,0.3338735193415416,0.6666666666666666
bulk,eig,17,180.0,180.0,1.6616130899856216,0.001368682995234849,1.3577118234915295,0.0,0.0,0.04945307377923669,0.0,0.0,0.1013494728839946,0.3006994430117623,0.9166666666666666
bulk,eig,17,240.0,240.0,2.096423713979675,0.0017970020035136258,1.3588886979296688,0.0,0.0,0.0,0.0,0.0,0.08633058220150559,0.30845458685410165,0.9166666666666666
bulk,eig,18,30.0,30.0,0.492573256000469,0.0002627180019771913,0.8390039473947057,0.40356190241806267,0.0,0.0,0.05484691524211083,0.06184028198062608,0.1306085685634537,0.40804494712350997,0.5833333333333334
bulk,eig,18,60.0,60.0,0.7350574290030636,0.000489654004923068,0.7988296970857446,0.0,0.0,0.0,0.05484691524211083,0.07134126391782347,0.07460107573795145,0.3795789781039157,0.6666666666666666
bulk,eig,18,120.0,120.0,1.1920171159999882,0.0009414840042154538,0.7829916709745676,0.0,0.0,0.187039397363017,0.054846915242110716,-2.220446049250313e-16,0.06124281707687177,0.33475019046228516,0.75
bulk,eig,18,180.0,180.0,1.6022353719945386,0.0013400640036707046,0.767135173010071,0.0,0.0,0.0,0.05484691524211083,0.07134126391782347,0.05153757852941479,0.31540030829746096,0.8333333333333334
bulk,eig,18,240.0,240.0,2.008959741988292,0.0017421809934603516,0.7677142822943024,0.0,0.0,0.0,0.05484691524211083,0.07134126391782347,0.054045328758345224,0.30445667547971866,1.0
bulk,eig,19,30.0,30.0,0.4842238340061158,0.0002467769954819232,2.037818778732869,0.38317503566299904,0.4829506906952411,0.22655612141004122,0.2139297597707296,0.2322015956419915,0.8292261029498426,0.3553897527545636,0.6666666666666666
bulk,eig,19,60.0,60.0,0.778373333014315,0.0004982969985576347,1.9310142877965804,0.013624656549291458,0.2969081180605402,0.22655612141004133,0.0,0.0,0.6516506075121238,0.316041587322172,0.6666666666666666
bulk,eig,19,120.0,120.0,1.2974358810060949,0.0009922850076691248,1.7700354699120744,0.0,0.0,0.0,0.0,0.0,0.38760523729662305,0.26210850504793837,0.9166666666666666
bulk,eig,19,180.0,180.0,1.8265444059979927,0.0014816960156167625,1.743441778131774,0.0,0.0,0.0,0.0,0.0,0.29262966950414787,0.25801762219930985,1.0
bulk,eig,19,240.0,240.0,2.359800598998845,0.0019591230084188282,1.7151306091479546,0.013624656549291458,0.0,0.0,0.0,0.0,0.26300881160369194,0.23281062492673837,1.0
bulk,eig,20,30.0,30.0,0.43815319400709996,0.0002318720053153811,1.768818112959618,0.0,0.0,0.020082755897507965,0.029454721013035257,0.002555020552324039,0.49315218425962276,0.35379011223293444,0.75
bulk,eig,20,60.0,60.0,0.6914987870022742,0.00046418100282608066,1.7394327202129904,0.0,0.0,0.0,0.0,0.002555020552324039,0.4617524573077212,0.321276853889662,0.75
bulk,eig,20,120.0,120.0,1.1715979509936005,0.0008811690040602116,1.6436598599799872,0.0,0.0,0.0,0.0,0.002555020552324039,0.23344822239602298,0.30380637286379303,0.9166666666666666
bulk,eig,20,180.0,180.0,1.6305214229869307,0.001308222006628057,1.6724933286594654,0.0,0.0,0.0,0.0,0.002555020552324039,0.210796460799694,0.3060835928533942,0.9166666666666666
bulk,eig,20,240.0,240.0,2.0511550749961316,0.0017347450157103594,1.544819871039324,0.0,0.0,0.0,0.0,0.002555020552324039,0.1667770744049745,0.14786852587805907,0.9166666666666666
bulk,eig,21,30.0,30.0,0.4439268119967892,0.00024557800315960776,1.3215144684813793,0.5066210951058145,0.16532876797195262,-2.220446049250313e-16,0.0,0.0,0.4141107875853737,0.41572185038236437,0.5833333333333334
bulk,eig,21,60.0,60.0,0.7092662259892677,0.0004492980042414274,1.2836265464855836,0.5066210951058145,0.16532876797195262,-2.220446049250313e-16,0.0,0.01923023052352013,0.28751482385613136,0.3784930152842852,0.6666666666666666
bulk,eig,21,120.0,120.0,1.1834305429874803,0.0008700580092408927,1.2869349393617528,0.5066210951058145,0.16532876797195262,-2.220446049250313e-16,0.0,0.0,0.24542124475558355,0.33978597876249955,0.8333333333333334
bulk,eig,21,180.0,180.0,1.6300452019877412,0.0013248950126580894,1.2374094178563486,0.0,0.16532876797195262,-2.220446049250313e-16,0.0,0.0,0.16039241315530028,0.3039922253577735,0.9166666666666666
bulk,eig,21,240.0,240.0,2.05428902399035,0.0017811350171541562,1.2151232950691457,0.0,0.0,0.0,0.0,0.0,0.1317381705292174,0.2742176018851148,0.9166666666666666
bulk,eig,22,30.0,30.0,0.40629354400334705,0.00021468999875651207,1.1310230830013903,0.0,0.0,0.01234057117962728,0.01133212296564401,0.03387844389850869,0.20023214359103977,0.2820858792313489,0.4166666666666667
bulk,eig,22,60.0,60.0,0.6739295210009004,0.0004390159992908593,1.1049397716763931,0.0,0.0,0.0,0.01133212296564401,0.03387844389850869,0.17859549068179176,0.24548761240703335,0.5833333333333334
bulk,eig,22,120.0,120.0,1.1938281770017056,0.0008999929978017462,1.1015359382741003,0.0,0.0,0.0,0.01133212296564401,0.03387844389850869,0.20160763996519143,0.23599379326265155,0.75
bulk,eig,22,180.0,180.0,1.683561297997585,0.0013289379894558806,1.0643709741752303,0.0,0.0,0.0,0.01133212296564401,0.0,0.16981987753603608,0.1896284070015608,0.8333333333333334
bulk,eig,22,240.0,240.0,2.179856620001374,0.0017583949829713674,1.0600410121842514,0.0,0.0,0.0,0.0,0.0,0.1430842293542634,0.17601233945831737,0.9166666666666666
bulk,eig,23,30.0,30.0,0.4289753359989845,0.00023580200650030747,1.5728810904936406,0.13119808897110796,0.0,0.057648555700188675,0.047122060983008085,0.14580058448623634,0.21040447955043662,0.3462425604263368,0.6666666666666666
bulk,eig,23,60.0,60.0,0.6861988390010083,0.0004697270087490324,1.5576058609362136,0.0,0.0,0.057648555700188675,0.047122060983008085,0.083938844297204,0.23720170536959284,0.3212109787812358,0.6666666666666666
bulk,eig,23,120.0,120.0,1.160384074997637,0.0009157940148725174,1.5521253837504079,0.0,0.0,0.057648555700188675,0.047122060983008085,0.083938844297204,0.1945366396604911,0.31989753566870077,0.9166666666666666
bulk,eig,23,180.0,180.0,1.591081687991391,0.001324718014075188,1.538520884039828,0.0,0.0,0.057648555700188675,0.05957974378947861,0.04575479888921663,0.17738315774320915,0.303694957106531,0.9166666666666666
bulk,eig,23,240.0,240.0,2.0021887049897487,0.001722509014143725,1.5054249961831394,0.0,0.0,0.057648555700188675,0.05957974378947861,0.04575479888921663,0.18361039396686718,0.2606124999352645,1.0
bulk,eig,24,30.0,30.0,0.503413009995711,0.0002342749994568294,1.3847225588923244,0.0,0.2725634238699337,0.16317524349024215,0.13534423083561586,0.1361816154411729,0.30084860036231736,0.37573493515141887,0.9166666666666666
bulk,eig,24,60.0,60.0,0.7755909959887504,0.0004526920001808321,1.3434690817227146,0.0,0.0,0.16317524349024204,0.13534423083561564,0.0038006275140880508,0.2608554773621146,0.30633872400910667,0.9166666666666666
bulk,eig,24,120.0,120.0,1.2308470799980569,0.0008824260112305637,1.3330882037018281,0.0,0.0,0.16317524349024204,0.13534423083561564,0.0038006275140880508,0.2091796195716915,0.30081335941254184,0.9166666666666666
bulk,eig,24,180.0,180.0,1.6158491200094431,0.001260161014215555,1.290300756635386,0.0,0.0,0.0,0.115446150839149,0.0038006275140880508,0.1479502559618661,0.23057354616137793,0.9166666666666666
bulk,eig,24,240.0,240.0,1.985329642009674,0.0016285970068565803,1.3116485601092054,0.0,0.0,0.16317524349024204,0.115446150839149,0.0038006275140880508,0.16466428938033778,0.22551160554165403,0.9166666666666666
bulk,eig,25,30.0,30.0,0.4957114710032329,0.000256003000686178,2.0145902920550984,0.0,0.0,0.04411445270867598,0.00881038569320014,0.03920251163013988,0.46953760733749167,0.1624477215829645,0.6666666666666666
bulk,eig,25,60.0,60.0,0.7818167950026691,0.0004775240013259463,1.9216541782329555,0.0,0.0,0.0,0.00881038569320014,0.0,0.2449464955785078,0.12548273356337072,0.6666666666666666
bulk,eig,25,120.0,120.0,1.3263341300025786,0.0009051940014614956,1.921814360281153,0.0,0.0,0.0,0.00881038569320014,0.0,0.30505232806794774,0.11999584006333237,0.8333333333333334
bulk,eig,25,180.0,180.0,1.8580521820094873,0.0013208580039645312,1.872592667781846,0.0,0.0,0.0,0.00881038569320014,0.0,0.18912741664970611,0.07386442575815208,0.8333333333333334
bulk,eig,25,240.0,240.0,2.3726539270082867,0.0017290900050284108,1.8683599783291662,0.0,0.0,0.0,0.00881038569320014,0.0,0.1927046469870263,0.09686262910923883,0.9166666666666666
bulk,eig,26,30.0,30.0,0.4026002820010035,0.00022930400700715836,1.4734947279384365,0.0,0.0,0.0,0.0,0.048876935265202204,0.2043568312021275,0.5330577892533421,0.5833333333333334
bulk,eig,26,60.0,60.0,0.6320850249976502,0.00043673900108842645,1.4726517683675466,0.27417859988238935,0.0,0.0,0.0,0.048876935265202204,0.21489742959689725,0.5011052390260198,0.75
bulk,eig,26,120.0,120.0,1.0525861219957733,0.0008129399993777042,1.343275412221284,0.0,0.0,0.0,0.0,7.472949635367598e-05,0.19265932459330784,0.40465478255947696,0.9166666666666666
bulk,eig,26,180.0,180.0,1.4479695079935482,0.0011926250062970212,1.3447393709492534,0.27417859988238935,0.0,0.0,0.0,0.0,0.2141216590228411,0.36340312112326906,0.9166666666666666
bulk,eig,26,240.0,240.0,1.8504412739894178,0.001592272006746498,1.3000442308408486,0.0,0.0,0.0,0.0,0.0,0.1344382406379183,0.3287050823371344,0.9166666666666666
bulk,eig,27,30.0,30.0,0.48121027999877697,0.0002612089956528507,1.9897115602081745,0.0,0.0,0.0,0.0,0.0,0.7738453823888221,0.2983466386785054,0.5
bulk,eig,27,60.0,60.0,0.7902044039983593,0.0005090219965495635,2.026334958397229,0.0,0.0,0.0,0.0,0.02257782182154644,0.7503704088190035,0.30309177651371455,0.75
bulk,eig,27,120.0,120.0,1.3783084599908761,0.0009916599847201724,1.9850077123655083,0.0,0.0,0.0,0.028809510472102784,0.02257782182154644,0.4359350668581991,0.29540813230221913,0.75
bulk,eig,27,180.0,180.0,1.9384563600051479,0.0014669279826193815,1.9262602321233724,0.0,0.0,0.0,0.028809510472102784,0.02257782182154644,0.38839778469471414,0.26617036776332614,0.8333333333333334
bulk,eig,27,240.0,240.0,2.4881277730073634,0.00196534198585141,1.8678177561163407,0.0,0.0,0.0,0.004946188892691605,0.0,0.2459280729225507,0.23603107066088536,0.9166666666666666
bulk,eig,28,30.0,30.0,0.5193647670021164,0.00033446000634285156,2.088197387828361,0.0,0.062279563575025176,0.013892072926463883,0.10747216362649081,0.13428982801080502,0.860722216496968,0.3206421416840465,0.75
bulk,eig,28,60.0,60.0,0.8126825410072342,0.0006394110059773084,1.932011191090113,0.0,0.062279563575025176,0.013892072926463883,0.0,0.0377828291767035,0.6011216281556626,0.2622384859037412,0.75
bulk,eig,28,120.0,120.0,1.347765127005914,0.0010968660044454737,1.8458779809102401,0.0,0.062279563575025176,0.013892072926463883,0.0,0.0,0.5213725947299767,0.19600196338934034,0.9166666666666666
bulk,eig,28,180.0,180.0,1.861814306002998,0.001564316000440158,1.793566939048911,0.0,0.062279563575025176,0.013892072926463883,0.0,0.0,0.3820548054729486,0.166746501532239,0.9166666666666666
bulk,eig,28,240.0,240.0,2.356284294010038,0.002019396000832785,1.7916259613616299,0.0,0.062279563575025176,0.013892072926463883,0.10747216362649081,-2.220446049250313e-16,0.3798620495032006,0.15809554816248342,1.0
bulk,eig,29,30.0,30.0,0.5301627260032546,0.00022348600941768382,1.8623490406679393,0.0,0.0,0.03194717220836074,0.11316824372198753,0.1145473598540796,0.5778043817617303,0.4327871686163957,0.6666666666666666
bulk,eig,29,60.0,60.0,0.8209654760012199,0.00043858601202373393,1.723092787704337,0.0,0.0,0.03194717220836074,0.02762468593994405,0.0777595927101864,0.35403127375000293,0.3989502593556305,0.6666666666666666
bulk,eig,29,120.0,120.0,1.4045100350049324,0.0009028420099639334,1.6392329414210562,0.0,0.0,0.0,0.0,0.0,0.24254241044011518,0.34479981044676133,0.9166666666666666
bulk,eig,29,180.0,180.0,1.9455809990049602,0.0013377710201893933,1.609075921322144,0.0,0.0,0.0,0.0,0.0,0.207129262205592,0.2990211748613674,1.0
bulk,eig,29,240.0,240.0,2.483796152007926,0.001812697026252863,1.5982825518941848,0.0,0.0,0.03194717220836074,0.02762468593994405,0.0,0.1973200752769494,0.25865400138954575,1.0
bulk,eig,30,30.0,30.0,0.46357509199151536,0.00023485700330638792,2.000478251028349,0.0,0.0,0.004243958624088107,0.018905881100813926,0.025950969699469528,0.565974118845698,0.36268087957032313,0.5833333333333334
bulk,eig,30,60.0,60.0,0.7544844719923276,0.0004944300126226153,2.0082266833879783,0.0,0.0,0.004243958624088107,0.02510016703458673,0.024400912098579086,0.5734236134933419,0.37039215494467403,0.75
bulk,eig,30,120.0,120.0,1.2847747199939477,0.00095139901713992,1.980350015211056,0.0,0.0,0.004243958624088107,0.02510016703458673,0.03197269164160588,0.38910216161372163,0.36083522922112576,0.9166666666666666
bulk,eig,30,180.0,180.0,1.795200885992017,0.0013730840073549189,1.7493787984311666,0.0,0.0,0.004243958624088107,0.0,0.00757177954302668,0.41358184630855466,0.22819213520211515,1.0
bulk,eig,30,240.0,240.0,2.2872021319835767,0.0018198340039816685,1.7356160987528904,0.0,0.0,0.004243958624088107,0.0,0.006021721942136127,0.3169955393530003,0.24132313680138653,1.0
bulk,eig,31,30.0,30.0,0.5125377889980882,0.00022934900334803388,2.0052065573503968,0.5462694334544587,0.5326075203668963,0.28477841936924686,0.33933030424996935,0.20178291234674928,0.45736153321374623,0.4769735007648783,0.75
bulk,eig,31,60.0,60.0,0.7762960730051418,0.0004613109977071872,1.8632065122018122,0.0,0.2167265226866103,0.15405314973446804,0.028609626661081577,0.05570763240927734,0.34687040434239136,0.4349748608507045,0.75
bulk,eig,31,120.0,120.0,1.2704686970027979,0.0009177880037896102,1.752586902727307,0.0,0.16809201236302407,0.2502081258571053,0.14016784834731866,0.12005111716186823,0.30291742212972095,0.34547217882461956,1.0
bulk,eig,31,180.0,180.0,1.735490684008255,0.0013631299934786512,1.613846014033492,0.0,0.0,0.08083703563858746,0.0,0.031204027033697512,0.17300325193664132,0.2947698193231934,1.0
bulk,eig,31,240.0,240.0,2.2072923930099932,0.0018227229829790303,1.5925326603121326,0.0,0.0,0.0,0.0,0.0,0.11604052410456013,0.2713133821811914,1.0
bulk,eig,32,30.0,30.0,0.415943864001747,0.0001992699926631758,2.0523455860597983,0.0,0.15753619413744824,0.11652665134227669,0.001668986130187733,0.016648314999386682,0.6381114400229818,0.4304201317906919,0.75
bulk,eig,32,60.0,60.0,0.662261652005327,0.00041684099596750457,1.8852021190791044,0.0,0.03314572155992468,0.11652665134227669,0.09957312980862609,0.0,0.40469089597226826,0.37687397265499645,0.75
bulk,eig,32,120.0,120.0,1.1489795870002126,0.0008253569940279704,1.8218377811864368,0.0,0.0,0.0,0.001668986130187733,-2.220446049250313e-16,0.28589231307477586,0.3385170557450119,0.8333333333333334
bulk,eig,32,180.0,180.0,1.6160619550082629,0.0012425589939084603,1.8071867466257503,0.0,0.0,0.0,0.0,0.0,0.24273306729643807,0.3307771630224265,0.9166666666666666
bulk,eig,32,240.0,240.0,2.0554723180139263,0.0016276930018648272,1.7379332342869873,0.0,0.0,0.0,0.0,0.0,0.24445945205151567,0.2528793316705079,0.9166666666666666
bulk,eig,33,30.0,30.0,0.46630446199924336,0.0002305409980181139,1.8583345327751006,0.13018507767653065,0.0,0.038614398775764225,0.0,0.05157533141990789,0.41675304705877747,0.43230184571108005,0.5833333333333334
bulk,eig,33,60.0,60.0,0.7639152329975332,0.0004604580008162884,1.6236513964235277,0.13018507767653065,0.0,0.038614398775764225,0.0,0.0,0.2838669986940998,0.2839043556715122,0.8333333333333334
bulk,eig,33,120.0,120.0,1.281101212993235,0.0009141729951807065,1.6005032738490845,0.13018507767653065,0.0,0.038614398775764225,0.04593475858188267,0.0,0.2534523267997518,0.2626085521567248,0.9166666666666666
bulk,eig,33,180.0,180.0,1.7618101079933695,0.0013502479923772626,1.6067303801269326,0.13018507767653065,0.0,0.038614398775764225,0.04593475858188267,0.0,0.2569041355111061,0.25062863249317974,1.0
bulk,eig,33,240.0,240.0,2.2701747409882955,0.0018013469871220877,1.635112311003957,0.13018507767653065,0.0,0.038614398775764225,0.04593475858188267,0.0,0.34573331136332147,0.23057950034608016,1.0
bulk,eig,34,30.0,30.0,0.4122322210096172,0.00020514000425464474,1.7550471632241942,0.0,0.0,0.07416692577238249,0.06486804845476124,0.09630104352808033,0.3411893071951862,0.30557040180056466,0.5833333333333334
bulk,eig,34,60.0,60.0,0.6530029060231755,0.00041152600715577137,1.670790448345534,0.0,0.0,0.038726929914689845,0.06486804845476124,0.0,0.2353380910908883,0.2559314211020444,0.8333333333333334
bulk,eig,34,120.0,120.0,1.0934011670178734,0.0007742940142634325,1.6725205510905379,0.0,0.0,0.038726929914689845,0.06486804845476124,0.0,0.2323447451258496,0.24039114705427272,0.9166666666666666
bulk,eig,34,180.0,180.0,1.508216940021157,0.0011571990144148003,1.5676583319419246,0.0,0.0,0.0,0.0,0.0,0.15708125466800166,0.1627993672192762,0.9166666666666666
bulk,eig,34,240.0,240.0,1.9217109320161399,0.0015580420076730661,1.5531474619807542,0.0,0.0,0.0,0.030996611287202547,0.0,0.125336761928477,0.16044501910792627,1.0
bulk,eig,35,30.0,30.0,0.48534809699776815,0.0002485020049789455,1.8600263257280991,0.0,0.0,0.0,0.07245010318039291,0.006847707704469741,0.6425817673138325,0.23880503399693895,0.5833333333333334
bulk,eig,35,60.0,60.0,0.7754422849957336,0.00048186900858127046,1.7659698058093696,0.0,0.0,0.0,0.0,0.006847707704469963,0.5230105204482685,0.21632677663083735,0.75
bulk,eig,35,120.0,120.0,1.3463850739935879,0.0009767410101630958,1.7941924174788648,0.2999774708406655,0.0,0.0,0.0,0.006847707704469963,0.5911999860352358,0.18959369380550578,0.9166666666666666
bulk,eig,35,180.0,180.0,1.889317671999379,0.001440010009901016,1.7016977853719462,0.0,0.0,0.0,0.0,0.0,0.26323690001348166,0.17022334560578772,0.9166666666666666
bulk,eig,35,240.0,240.0,2.4139874349966703,0.0018847060073312605,1.6881756183517096,0.0,0.0,0.0,0.0,0.006847707704469963,0.30590337762531955,0.1632088656197969,0.9166666666666666
bulk,eig,36,30.0,30.0,0.4653504020025139,0.0002285129958181642,2.0354851988038978,0.4834803781595589,0.027733828510177028,0.0761885409816343,0.09523031563431628,0.12552908804421492,0.3770759367164139,0.4003686078812546,0.6666666666666666
bulk,eig,36,60.0,60.0,0.7354314600015641,0.0004471789998206077,1.981363691258238,0.0,0.0,0.0,0.029790611246678256,0.028767929082627153,0.3053328381641496,0.3804259822450665,0.75
bulk,eig,36,120.0,120.0,1.2294182010045915,0.0009024560022226069,1.9574506594328644,0.0,0.0,0.0,0.033291419004691014,0.028767929082627153,0.27332890718729713,0.36212007220151426,0.8333333333333334
bulk,eig,36,180.0,180.0,1.6853619830071693,0.001335101000222494,1.8364145628500177,0.0,0.0,0.0,0.07004699958261973,0.06355445844648167,0.2530125221527875,0.26493288710950175,0.9166666666666666
bulk,eig,36,240.0,240.0,2.1283082290065067,0.0017598639951756923,1.6848019146484103,0.0,0.0,0.0,0.07004699958261973,0.06355445844648167,0.14367665057000328,0.13897332762719192,1.0
bulk,eig,37,30.0,30.0,0.4852388619983685,0.0002376689990342129,2.0305404988917877,0.1272886183430063,0.09793574789343917,0.0,0.0,0.021157747497572155,0.6331425656591333,0.21391098593313354,0.6666666666666666
bulk,eig,37,60.0,60.0,0.7870891609964019,0.0004711119945568498,1.99117262521529,0.18340538975113352,0.09793574789343917,0.0,0.0,0.021157747497572155,0.5334455327767553,0.21464178508835963,0.9166666666666666
bulk,eig,37,120.0,120.0,1.3471739779870404,0.000911932000235538,1.8587957293580029,0.0,0.0,0.0,0.0,0.0,0.25938651474882524,0.13569328501242925,0.9166666666666666
bulk,eig,37,180.0,180.0,1.9069559319905238,0.0013563769971369766,1.866637773574361,0.0,0.0,0.0,0.0,0.0,0.23294092929558174,0.1315767137453456,1.0
bulk,eig,37,240.0,240.0,2.426438190992485,0.0017963579939532792,1.8091572869800137,0.0,0.0,0.0,0.0,0.0,0.12839666786481996,0.09256883312385347,1.0
bulk,eig,38,30.0,30.0,0.4829477140028757,0.00022145100047055166,1.8316095613494383,0.0,0.0,0.018690190473064305,0.0,0.0003266813186881823,0.5941421614050887,0.3277951415102358,0.75
bulk,eig,38,60.0,60.0,0.7846612060002371,0.00045698599933530204,1.7598204633112908,0.0,0.0,0.018690190473064305,0.0,0.0003266813186881823,0.3309987292127436,0.2737910129916558,0.8333333333333334
bulk,eig,38,120.0,120.0,1.3240712069946312,0.0008965110009739874,1.7428990545602623,0.0,0.0,0.018690190473064305,0.0,0.0003266813186881823,0.22235829805910504,0.2561739596446954,0.9166666666666666
bulk,eig,38,180.0,180.0,1.842770928000391,0.0013725130083912518,1.7398379081266315,0.0,0.0,0.018690190473064305,0.0,0.0003266813186881823,0.2748873450054371,0.2495444260719599,1.0
bulk,eig,38,240.0,240.0,2.3252342879986827,0.0018207920056738658,1.7441434875811375,0.0,0.0,0.018690190473064305,0.0,0.0003266813186881823,0.3006161607756987,0.23543840110178807,1.0
bulk,eig,39,30.0,30.0,0.5018617619971337,0.0002331220002815826,1.8405130038609492,0.0,0.0,0.03937405229126123,0.03527349595602003,0.0,0.4231589506189175,0.4347691723518407,0.75
bulk,eig,39,60.0,60.0,0.8159352599959675,0.0004701830002886709,1.7864856367229454,0.0,0.0,0.03937405229126123,0.01788332443649754,0.0,0.37846430176853374,0.3700417080299268,0.9166666666666666
bulk,eig,39,120.0,120.0,1.3499487009903532,0.0009066589991562068,1.7923146295239045,0.0,0.0,0.03937405229126123,0.01788332443649754,0.0,0.36785453987835304,0.33319305329638993,1.0
bulk,eig,39,180.0,180.0,1.865327609992164,0.001359876003334648,1.6943092039700758,0.0,0.0,0.03937405229126123,0.01788332443649754,0.0,0.3403118898644805,0.279166815779914,1.0
bulk,eig,39,240.0,240.0,2.4004153799978667,0.0017956030096684117,1.6008262695490794,0.0,0.0,0.03937405229126123,0.01788332443649754,0.0,0.24220877568318375,0.2420058419239726,1.0
bulk,eig,40,30.0,30.0,0.39487348700095026,0.00020528899767668918,1.3497824022383804,0.02590319911044281,0.0,0.08953253272237638,0.02163201037000595,0.015356502559888296,0.21308549861601245,0.2952977908178475,0.6666666666666666
bulk,eig,40,60.0,60.0,0.6234370969941665,0.0004064719960297225,1.367586270377151,0.0,0.0,0.08953253272237638,0.02163201037000595,0.015356502559888296,0.22129489071821581,0.31654903034065307,0.6666666666666666
bulk,eig,40,120.0,120.0,1.042281510992325,0.0008100879967969377,1.3231736628279183,0.0,0.0,0.0674955332887105,0.05533839318533085,0.06239082467116719,0.19546185576093716,0.2822643143083037,0.75
bulk,eig,40,180.0,180.0,1.4353637929943943,0.0012072689969500061,1.2851775171751523,0.0,0.19317342178481456,0.06749553328871027,0.055338393185330736,-2.220446049250313e-16,0.15854388167391814,0.26726543275908266,0.9166666666666666
bulk,eig,40,240.0,240.0,1.8079670169918245,0.0015834089917916572,1.2821540889136125,0.0,0.0,0.0674955332887105,0.05533839318533085,0.0,0.14867961842764477,0.25482677605320936,1.0
bulk,eig,41,30.0,30.0,0.3962421220021497,0.00021590300639218185,1.2500811385094643,0.0,0.11672176412096102,0.0,0.03753040946664843,0.03524629515005373,0.18970384062229076,0.5010759945112944,0.5
bulk,eig,41,60.0,60.0,0.6273313500078075,0.0004238030087435618,1.244898724516401,0.0,0.11672176412096102,0.0,0.03753040946664843,0.03359593004584582,0.1892817131350238,0.4601465885656045,0.75
bulk,eig,41,120.0,120.0,1.0624680540040572,0.0008324160080519505,1.2372973204464783,0.0,0.0,0.0,0.007362309966399527,0.04051016716048483,0.12199053454438974,0.41007626625307536,0.9166666666666666
bulk,eig,41,180.0,180.0,1.4809121810030774,0.001230894024047302,1.2328448339901932,0.0,0.0,0.0,0.007362309966399527,0.04051016716048483,0.09880586455119277,0.3803764150049004,0.9166666666666666
bulk,eig,41,240.0,240.0,1.8770983570120734,0.0015987060251063667,1.229789134427793,0.0,0.0,0.0,0.007362309966399527,0.00691423711463901,0.12444560216576496,0.36483925662607203,1.0
bulk,eig,42,30.0,30.0,0.4636505920025229,0.00021813600142195355,1.4531810240453356,0.0,0.006554568656070292,0.0,0.0061085278771148,-2.220446049250313e-16,0.2617750265074733,0.42881593517304845,0.5833333333333334
bulk,eig,42,60.0,60.0,0.7617006209984538,0.00047105399971769657,1.418266243578505,0.0,0.006554568656070292,0.0,0.0,0.0,0.15575363630540778,0.3816961381155112,0.8333333333333334
bulk,eig,42,120.0,120.0,1.3266599280013907,0.0009702730149001582,1.40629075026876,0.0,0.006554568656070292,0.0,0.0,0.0,0.2109169311613197,0.31557886522539036,0.9166666666666666
bulk,eig,42,180.0,180.0,1.8126193050029542,0.0014041300128155854,1.396932166885166,0.0,0.006554568656070292,0.0,0.0,0.0,0.23945446413371452,0.2668945720611108,1.0
bulk,eig,42,240.0,240.0,2.301681097007531,0.0018546590144978836,1.334471183602471,0.0,0.006554568656070292,0.0,0.0,0.0,0.12935617415999323,0.24132841687918985,1.0
bulk,eig,43,30.0,30.0,0.4807898989984096,0.0002455689991620602,1.4447154255682,0.0,0.0,0.0,0.0,0.0036570929906859506,0.48180243617139806,0.4118337722504664,0.5833333333333334
bulk,eig,43,60.0,60.0,0.7638320200021553,0.0004998819968022872,1.3762513278998671,0.0,0.0,0.0,0.0,0.0036570929906859506,0.13086871422994056,0.37550677536031263,0.75
bulk,eig,43,120.0,120.0,1.283276949005085,0.0009422709936188767,1.3739143484664955,0.0,0.0,0.0,0.0,0.0036570929906859506,0.28837079009305217,0.3147630544161081,0.9166666666666666
bulk,eig,43,180.0,180.0,1.7633279059991764,0.0013700670006073778,1.4101864211534625,0.0,0.0,0.040257238286312225,0.0,0.0036570929906859506,0.3555787882607917,0.31112483049112133,1.0
bulk,eig,43,240.0,240.0,2.248300294002547,0.0018105849994753953,1.374164974504442,0.0,0.0,0.040257238286312225,0.0,0.0036570929906859506,0.1667761940217134,0.28568743976705446,1.0
bulk,eig,44,30.0,30.0,0.47718432399960875,0.00023624999630555976,1.5554138263208408,0.0,0.08667654201849351,0.07004749072360328,0.0,0.007038657094168843,0.3581971549306702,0.29465183002203765,0.6666666666666666
bulk,eig,44,60.0,60.0,0.7549373859983461,0.00047960199299268425,1.4648642820220885,0.0,0.0,0.050716923998323726,0.0,0.007038657094168843,0.1356831795596106,0.229264431490091,0.8333333333333334
bulk,eig,44,120.0,120.0,1.2626545859875478,0.0009536059969832422,1.4511336379841335,0.0,0.0,0.050716923998323726,0.0,0.007038657094168843,0.15099831623983873,0.2115771247118441,0.8333333333333334
bulk,eig,44,180.0,180.0,1.7452735289843986,0.0013888659923395608,1.4624936386746654,0.0,0.08667654201849351,0.07004749072360328,0.0,0.007038657094168843,0.15103477422160222,0.20129271682922883,0.9166666666666666
bulk,eig,44,240.0,240.0,2.2846618269777537,0.0018318779930268647,1.4631666357452078,0.0,0.0,0.050716923998323726,0.0,0.007038657094168843,0.14072909245136087,0.22450001466483482,0.9166666666666666
bulk,eig,45,30.0,30.0,0.3980912920051196,0.000215904003198375,1.3271815671255542,0.0,0.0,0.0,0.012785133383092617,0.0508326217950722,0.08548383564728557,0.30419900640044145,0.5
bulk,eig,45,60.0,60.0,0.6277137350007251,0.000444370007244288,1.3451943273488436,0.0,0.0,0.0,0.012785133383092617,0.03677217530224508,0.13867451597725278,0.30149086508958506,0.75
bulk,eig,45,120.0,120.0,1.0444923099985317,0.0008560180012864294,1.3480687476823225,0.17077981014696364,0.0,0.0,0.012785133383092617,0.0508326217950722,0.15382625200703287,0.29903474959823134,0.75
bulk,eig,45,180.0,180.0,1.4370856729947263,0.0012466499974834733,1.3054782557326774,0.0,0.0,0.0,0.0,0.0,0.12027528118354366,0.2583538803696486,1.0
bulk,eig,45,240.0,240.0,1.8224926610037073,0.0016325429915013956,1.2826168796306283,0.0,0.0,0.0,0.012785133383092617,0.0,0.06665476989386976,0.23414807260661927,1.0
bulk,eig,46,30.0,30.0,0.4404713169988099,0.00021831599951838143,1.2849461694161703,0.0,0.002321576897565847,0.082600186713495,0.10991152515698244,0.10217817050568123,0.29447730410019374,0.2857832263998713,0.5833333333333334
bulk,eig,46,60.0,60.0,0.6992426669967244,0.00043908700354222674,1.2724437334614496,0.0,0.002321576897565847,0.082600186713495,0.07357813028199134,0.0709974626406581,0.3096857303445884,0.2761467304588436,0.75
bulk,eig,46,120.0,120.0,1.165156096998544,0.0008498849983880064,1.2326858459369987,0.0,0.0,0.0,0.05688396899602044,0.02170091555721365,0.17836559094217347,0.27112046978469573,0.75
bulk,eig,46,180.0,180.0,1.6410797520093183,0.0012900620076834457,1.2133822079405903,0.0,0.0,0.016743140423742142,0.0,0.02170091555721365,0.11874851905990608,0.2331856196772358,0.8333333333333334
bulk,eig,46,240.0,240.0,2.1588599380120286,0.0016914770039875293,1.1834017883755485,0.0,0.0,0.016743140423742142,0.0,0.02170091555721365,0.06401631473243496,0.19253907764401665,0.8333333333333334
bulk,eig,47,30.0,30.0,0.4806999519969395,0.00023407399930874817,1.6951751843084188,0.0,0.0,0.0,0.0,0.0,0.42156937643337167,0.41875069848019697,0.5833333333333334
bulk,eig,47,60.0,60.0,0.7758787299990217,0.00047717899906274397,1.6692082133128343,0.36134131335136177,0.0,0.0,0.0,0.0,0.424240873280549,0.3668215313361734,0.75
bulk,eig,47,120.0,120.0,1.320025180992161,0.0009749879936862271,1.5499050220793802,0.0,0.0,0.0,0.0,0.0,0.2665433837985764,0.27221303387692497,0.9166666666666666
bulk,eig,47,180.0,180.0,1.937424158988506,0.0014627799919253448,1.510945918942003,0.0,0.0,0.0,0.0,0.0,0.19675799496371985,0.23400891654452166,1.0
bulk,eig,47,240.0,240.0,2.5234031729942217,0.0017983449924940942,1.4864331648278881,0.0,0.0,0.0,0.0,0.0,0.10794168324020724,0.2040627442486256,1.0
bulk,eig,48,30.0,30.0,0.4823405749957601,0.00024081400442810263,1.1873967043772817,0.0,0.0,0.1082155810492208,0.0,0.0,0.1958603965446932,0.2788353705997426,0.6666666666666666
bulk,eig,48,60.0,60.0,0.7796982969903183,0.0004991330060875043,1.1758993206917634,0.0,0.0,0.0,0.0,0.0,0.17436648191245518,0.2380343724780285,0.8333333333333334
bulk,eig,48,120.0,120.0,1.2637313550021645,0.0009392519968969282,1.1191618940694126,0.0,0.0,0.0,0.0,0.0,0.04707180768939402,0.17514970303963454,0.9166666666666666
bulk,eig,48,180.0,180.0,1.7858263840062136,0.0013911430050939089,1.1202903397907844,0.0,0.0,0.0,0.0,0.0,0.09099044152710765,0.1588599707445025,0.9166666666666666
bulk,eig,48,240.0,240.0,2.2577152170088084,0.0017524900122225517,1.1325750143103155,0.0,0.0,0.0,0.0,0.021776742367799917,0.11040629373115597,0.14754452238183546,1.0
bulk,eig,49,30.0,30.0,0.41859288198975264,0.00020949199642927852,1.4941785166847457,0.0,0.06462219251272905,0.0,0.0,0.0,0.2989918065880145,0.2539571138932831,0.6666666666666666
bulk,eig,49,60.0,60.0,0.6622712909902475,0.0004177790015091887,1.466012536466792,0.0,0.06462219251272905,0.0,0.0,0.0,0.16444768615932623,0.21992788587386333,0.75
bulk,eig,49,120.0,120.0,1.104267621989493,0.0008005919935385464,1.4256601587937057,0.0,0.06462219251272905,0.0,0.0,0.0,0.13310286590399845,0.14961554533025648,1.0
bulk,eig,49,180.0,180.0,1.5225378879968048,0.0011220209853490815,1.4257316466428882,0.0,0.0,0.0,0.0,0.0,0.10016054846686454,0.14358765583185035,1.0
bulk,eig,49,240.0,240.0,1.938850538999759,0.0012990989798709052,1.4273800410667412,0.0,0.0,0.0,0.0,0.0,0.10021484328726488,0.13272138990143942,1.0
bulk,eig@logskewnormal-poisson-m8k,0,30.0,24.0,114.44399336099013,1.2712944090017118,1.650840463133127,0.0,0.0,0.1645577111201113,0.0968156002288294,0.146149641249247,0.31684641566923927,0.35311444822167704,0.6666666666666666
bulk,eig@logskewnormal-poisson-m8k,0,60.0,41.0,174.29311923595378,2.216070923990628,1.6035547463607092,0.11699761815798104,0.0,0.0,0.0968156002288294,0.17416363986753602,0.2794676520237898,0.33584425815900787,0.8333333333333334
bulk,eig@logskewnormal-poisson-m8k,0,120.0,69.0,253.9756223979566,3.7224806980011635,1.6615331897150796,0.11699761815798104,0.0,0.0,0.07105540724319326,0.146149641249247,0.3320261643405465,0.33975963650065044,0.9166666666666666
bulk,eig@logskewnormal-poisson-m8k,0,180.0,97.0,298.6037182359578,4.779785475991957,1.6053243123647614,0.11699761815798104,0.0,0.0,0.06560699616924415,0.14128803546374524,0.2778794015471652,0.3081605239200645,0.9166666666666666
bulk,eig@logskewnormal-poisson-m8k,0,240.0,120.0,362.13249034195906,6.043650516003254,1.5635005997072018,0.0,0.0,0.0,0.06560699616924415,0.05854098521875983,0.23014110087644885,0.2767092442616953,1.0
bulk,eig@logskewnormal-poisson-m8k,1,30.0,26.0,105.23339418500836,1.2071607649922953,1.209588330788489,0.17547599762442456,0.20699468824656553,0.0,0.011172001678627974,0.04588483826249723,0.29054620236929546,0.3504783370872054,0.5833333333333334
bulk,eig@logskewnormal-poisson-m8k,1,60.0,41.0,127.38034522499947,1.718839366993052,1.1837114667746567,0.17547599762442456,0.20699468824656553,0.0,0.011172001678627974,0.04588483826249723,0.24350456936444592,0.3254266944477507,0.6666666666666666
bulk,eig@logskewnormal-poisson-m8k,1,120.0,75.0,193.03518058401096,3.1721221649786457,1.1194111473471604,0.17547599762442456,0.20699468824656553,0.0,0.011172001678627974,0.04588483826249723,0.18391069417368872,0.2546265843684109,0.9166666666666666
bulk,eig@logskewnormal-poisson-m8k,1,180.0,96.0,230.1924006080153,4.058798352991289,1.120157629138015,0.17547599762442456,0.20699468824656553,0.0,0.011172001678627974,0.04409128590016276,0.17852902924431488,0.2724527011450529,0.9166666666666666
bulk,eig@logskewnormal-poisson-m8k,1,240.0,121.0,294.62952754502476,5.429961757989076,1.109572499060753,0.17547599762442456,0.0,0.0,0.011172001678627974,0.04409128590016276,0.16204430052379537,0.24464819537260013,0.9166666666666666
bulk,eig@logskewnormal-poisson-m8k,2,30.0,27.0,73.02387775498937,1.01565542400931,1.3288012728088932,0.11725033819348041,0.0,0.02910839710805624,0.0,0.06057372558805352,0.31721894215910024,0.46750764340492557,0.6666666666666666
bulk,eig@logskewnormal-poisson-m8k,2,60.0,50.0,107.53724940096436,1.762684232016909,1.2655216062016417,0.0,0.0,0.02910839710805624,0.06632239671445872,0.01944364833435641,0.2387882940897667,0.4556305139016271,0.75
bulk,eig@logskewnormal-poisson-m8k,2,120.0,78.0,149.0524638609786,2.719616697031597,1.2111380993939551,0.11725033819348041,0.0,0.02910839710805624,0.06632239671445872,0.01944364833435641,0.2113446032139469,0.4055575969813936,0.8333333333333334
bulk,eig@logskewnormal-poisson-m8k,2,180.0,106.0,192.53901812896947,3.633668367030623,1.1943975968722411,0.11725033819348041,0.0,0.07367704239226003,0.06632239671445872,0.01944364833435641,0.18487070645387788,0.37657040748226195,1.0
bulk,eig@logskewnormal-poisson-m8k,2,240.0,127.0,224.82663643397245,4.313510293017316,1.1703885935617542,0.0,0.0,0.07367704239226003,0.06632239671445872,0.01944364833435641,0.13061891728690816,0.3643110539575561,1.0
bulk,eig@logskewnormal-poisson-m8k,3,30.0,29.0,58.71911593199911,0.9160912300358177,1.8742687221862717,0.0,0.0,0.0,0.0,0.022390626343557596,0.5191450289303713,0.21261658267207917,0.75
bulk,eig@logskewnormal-poisson-m8k,3,60.0,49.0,88.5744443119911,1.5609554320253665,1.8012585368030958,0.0,0.0,0.0,0.0,0.0,0.33289492796288,0.22904839878806313,0.8333333333333334
bulk,eig@logskewnormal-poisson-m8k,3,120.0,83.0,142.33662888497201,2.7555553700003657,1.7555448010731853,0.0,0.0,0.0,0.019376008584405358,0.0,0.20865083577826216,0.18028509258000808,0.9166666666666666
bulk,eig@logskewnormal-poisson-m8k,3,180.0,106.0,201.96703782295663,3.8328077099722577,1.7761766333777562,0.0,0.0,0.0,0.019376008584405358,0.0,0.25083400543553747,0.20685229355579185,0.9166666666666666
bulk,eig@logskewnormal-poisson-m8k,3,240.0,129.0,276.3343682309569,5.194259780953871,1.7318200252409015,0.0,0.0,0.0,0.019376008584405358,0.0,0.23612020805256206,0.13479048832063667,0.9166666666666666
bulk,eig@logskewnormal-poisson-m8k,4,30.0,27.0,61.364319547989,0.8931758430189802,1.7732844408211232,0.09546082567376357,0.0,0.07558332348017405,0.0,0.0006204992361537043,0.46891808152478853,0.17098513308440927,0.5833333333333334
bulk,eig@logskewnormal-poisson-m8k,4,60.0,49.0,104.55329250099749,1.7464617130317492,1.7619054054241179,0.09546082567376357,0.0,0.07558332348017405,0.0,0.0006204992361537043,0.4118566607136402,0.1705024601867045,0.75
bulk,eig@logskewnormal-poisson-m8k,4,120.0,91.0,200.24453820601047,3.490789787036192,1.6833401832750938,0.09546082567376357,0.0,0.0,0.0,0.0006204992361537043,0.2192696889390926,0.18190954028891942,0.75
bulk,eig@logskewnormal-poisson-m8k,4,180.0,121.0,248.61984486703295,4.5430609230243135,1.671714525983633,0.0,0.0,0.0,0.0,0.0006204992361537043,0.10634869077614997,0.1993710574352948,0.8333333333333334
bulk,eig@logskewnormal-poisson-m8k,4,240.0,145.0,288.65738854403753,5.543194076046348,1.6368941832549895,0.09546082567376357,0.0,0.0,0.0,0.002268388988543535,0.09941844485276319,0.18519302860250136,1.0
bulk,eig@logskewnormal-poisson-m8k,5,30.0,28.0,131.44988080402254,1.4926247889961815,1.962026018948609,0.0,0.1736659975358592,0.3108232864891165,0.28949863575081625,0.2418626928998987,0.47399113803167653,0.35319873667145746,0.8333333333333334
bulk,eig@logskewnormal-poisson-m8k,5,60.0,46.0,192.98640521403286,2.437689116006368,1.9506130567211475,0.0,0.14789855749189662,0.23626885902160322,0.12677483613876916,0.17187525709668527,0.3787533451515223,0.33501712867538974,0.9166666666666666
bulk,eig@logskewnormal-poisson-m8k,5,120.0,75.0,281.4360710370238,4.143881649026298,1.85580573991636,0.0,0.14789855749189662,0.22284647515286382,0.11514589911992557,0.11877267533910407,0.34401060512810633,0.28681437928440656,0.9166666666666666
bulk,eig@logskewnormal-poisson-m8k,5,180.0,103.0,354.0733069270209,5.618661540029279,1.6848424153647954,0.0,0.0,0.07994767490751864,0.0,0.004910879198261164,0.22479002081685773,0.18317010690145893,0.9166666666666666
bulk,eig@logskewnormal-poisson-m8k,5,240.0,128.0,399.67147224403016,6.758115712043946,1.6610966239920641,0.0,0.0,0.07994767490751864,0.0,0.0,0.19660598748542307,0.1796737366267495,0.9166666666666666
bulk,eig@logskewnormal-poisson-m8k,6,30.0,23.0,117.13230701698922,1.20012525900529,1.2220070771516762,0.0,0.0780754520573207,0.0,0.05121198430496765,0.030435358687608494,0.26565931563331485,0.3789629262907171,0.5833333333333334
bulk,eig@logskewnormal-poisson-m8k,6,60.0,40.0,176.11495606999233,2.150890855016769,1.174553262209344,0.0,0.0780754520573207,0.0,0.0,0.0,0.18809658229814494,0.35898820144453103,0.6666666666666666
bulk,eig@logskewnormal-poisson-m8k,6,120.0,74.0,286.78076852298545,4.2161042950247065,1.1422731165412514,0.0,0.0,0.0,0.0,0.0,0.14801613692308202,0.3305518097867181,0.8333333333333334
bulk,eig@logskewnormal-poisson-m8k,6,180.0,101.0,364.22538729098596,5.767581773012353,1.1190485461436084,0.0,0.0780754520573207,0.0,0.019249937604791545,0.0,0.1302484104299547,0.31860826229716455,0.8333333333333334
bulk,eig@logskewnormal-poisson-m8k,6,240.0,121.0,435.5413597359802,6.912526040017838,1.1266571048732128,0.0,0.0780754520573207,0.0,0.019249937604791545,0.0,0.1375757824756046,0.30680935798740827,0.9166666666666666
bulk,eig@logskewnormal-poisson-m8k,7,30.0,26.0,57.30903593004041,0.8551961230041343,1.88788831062496,0.0,0.11078645016984656,0.0,0.016397710014314115,0.08489528386908263,0.5545424372492577,0.2375525811509469,0.75
bulk,eig@logskewnormal-poisson-m8k,7,60.0,44.0,84.03327695603366,1.4406238739975379,1.8322030697189395,0.0,0.0,0.02595155685613293,0.016397710014314115,0.08489528386908263,0.4403461083904539,0.20610497527507668,0.75
bulk,eig@logskewnormal-poisson-m8k,7,120.0,74.0,133.13419424404856,2.477281689978554,1.7743444672037487,0.0,0.0,0.0,0.038969745336649764,0.03494991865666364,0.1902015704249867,0.18072210720640877,0.8333333333333334
bulk,eig@logskewnormal-poisson-m8k,7,180.0,102.0,226.97748344406136,4.16377968397137,1.7309956206998416,0.0,0.0,0.0,0.016397710014314115,0.03494991865666375,0.16828129644775192,0.1433072093690816,0.9166666666666666
bulk,eig@logskewnormal-poisson-m8k,7,240.0,123.0,305.2713499390811,5.582708076981362,1.699281320470029,0.0,0.0,0.0,0.0,0.0,0.12043525201248344,0.12477905846943026,0.9166666666666666
bulk,eig@logskewnormal-poisson-m8k,8,30.0,28.0,133.73742160199618,1.578937333993963,1.579738627314607,0.0,0.06706677782912995,-2.220446049250313e-16,-2.220446049250313e-16,-2.220446049250313e-16,0.37545738243212073,0.27410623778922516,0.5833333333333334
bulk,eig@logskewnormal-poisson-m8k,8,60.0,48.0,187.2747915449945,2.5948498620127793,1.6101828236892761,0.0,0.0,0.0,0.0,0.0,0.543815294969254,0.28993045684534363,0.5833333333333334
bulk,eig@logskewnormal-poisson-m8k,8,120.0,81.0,278.4547531960052,4.483899508020841,1.4963153267690528,0.0,0.0,0.0,0.0,0.0,0.26346890103474757,0.23910630669294633,0.6666666666666666
bulk,eig@logskewnormal-poisson-m8k,8,180.0,109.0,365.389035848988,6.25409910401504,1.4797827362527893,0.0,0.0,0.0,0.0,0.0,0.31837481945737905,0.21827116282251977,0.75
bulk,eig@logskewnormal-poisson-m8k,8,240.0,133.0,445.60319827098283,7.591734614034067,1.460039950618997,0.0,0.0,0.0,0.0,0.0,0.223053041862172,0.22160103687436267,0.8333333333333334
bulk,eig@logskewnormal-poisson-m8k,9,30.0,24.0,80.39313695800956,0.8642886590096168,1.9304829206574048,0.1338463177732382,0.24815126085312178,0.08611361017936259,0.07582669895769878,0.12008842220200233,0.4457482645342896,0.4161146356458996,0.6666666666666666
bulk,eig@logskewnormal-poisson-m8k,9,60.0,39.0,129.22875876202306,1.6544935520214494,1.8764178467960775,0.0,0.0,0.08611361017936259,0.07582669895769878,0.06501373690925805,0.34869644852200626,0.4072022859788815,0.75
bulk,eig@logskewnormal-poisson-m8k,9,120.0,71.0,178.4445468430058,2.6906990940406104,1.8468555370825104,0.0,0.0,0.08611361017936259,0.07582669895769878,0.06501373690925805,0.3240131966988757,0.3711707395972834,1.0
bulk,eig@logskewnormal-poisson-m8k,9,180.0,95.0,217.83713696898485,3.5201752970388043,1.7786009492894752,0.0,0.0,0.08611361017936259,0.07582669895769878,0.06501373690925805,0.28043227441330826,0.3524042289844411,1.0
bulk,eig@logskewnormal-poisson-m8k,9,240.0,121.0,264.6328250619772,4.5712312800533255,1.7276504287829733,0.0,0.1764281658861907,0.08611361017936259,0.07582669895769878,0.06501373690925805,0.25376865791095915,0.3206637103561764,1.0
bulk,eig@logskewnormal-poisson-m8k,10,30.0,27.0,134.79960650602152,1.4986459650026518,1.7601979695262333,0.0,0.0,0.04921843374333046,0.1259582706490847,0.07664997905049176,0.5010048083271772,0.38225551508944267,0.6666666666666666
bulk,eig@logskewnormal-poisson-m8k,10,60.0,44.0,193.47351889503625,2.4322960949721164,1.7067339444462366,0.0,0.0,0.04921843374333046,0.0355049437738173,0.07664997905049176,0.49092357230282274,0.3407321494576977,0.75
bulk,eig@logskewnormal-poisson-m8k,10,120.0,76.0,291.4320627800407,4.216523928975221,1.6204760331849173,0.0,0.0,0.04921843374333046,0.044174302062765514,0.0,0.4356077497402283,0.2788468757703836,0.9166666666666666
bulk,eig@logskewnormal-poisson-m8k,10,180.0,103.0,381.07031253502646,5.947846101968025,1.5694112259479673,0.0,0.0,0.0,0.0355049437738173,0.0,0.3791498028268557,0.26350110165166846,0.9166666666666666
bulk,eig@logskewnormal-poisson-m8k,10,240.0,130.0,471.3307618040053,7.340931496008125,1.5217271839810553,0.0,0.0,0.0,0.0,0.0,0.2977474622113999,0.22860348506007525,1.0
bulk,eig@logskewnormal-poisson-m8k,11,30.0,26.0,126.24915366900677,1.367994128020655,1.4345672332386012,0.0,0.056863950006552644,-2.220446049250313e-16,-2.220446049250313e-16,0.024038360265557612,0.5659157406213469,0.41892691123122333,0.5
bulk,eig@logskewnormal-poisson-m8k,11,60.0,43.0,178.10489170798974,2.2209694390257937,1.3645981297108667,0.0,0.056863950006552644,-2.220446049250313e-16,-2.220446049250313e-16,-2.220446049250313e-16,0.3737745597981947,0.3935413212211521,0.75
bulk,eig@logskewnormal-poisson-m8k,11,120.0,75.0,284.1742111900239,4.1201242490060395,1.33068927335393,0.0,0.0,0.0,0.0,0.0,0.2790175921932789,0.417000759075611,0.8333333333333334
bulk,eig@logskewnormal-poisson-m8k,11,180.0,101.0,340.1244982060307,5.3244593310009805,1.2514050010024507,0.0,0.0,0.0,0.0,0.0,0.12441345783665844,0.3535674473702089,0.9166666666666666
bulk,eig@logskewnormal-poisson-m8k,11,240.0,136.0,410.9768134790356,6.8458889230387285,1.26908762679799,0.0,0.0,0.0,0.0,0.0,0.17268653481361623,0.3110742744574187,0.9166666666666666
bulk,eig@logskewnormal-poisson-m8k,12,30.0,24.0,102.49477795699931,1.5044008639888489,1.3689444923847993,0.0,0.02299292658626495,0.021748017796422436,0.030681313338116856,0.0002735985802798657,0.31062579471410484,0.3555525179274719,0.5833333333333334
bulk,eig@logskewnormal-poisson-m8k,12,60.0,43.0,149.71207240999502,2.5008901359833544,1.3296929283582613,0.0,0.02299292658626495,0.033539840975024715,0.030681313338116856,0.059393605474773015,0.23657226843488732,0.32631709652911467,0.75
bulk,eig@logskewnormal-poisson-m8k,12,120.0,76.0,205.80912710198754,3.7097829040067154,1.3073466817537844,0.0,0.021686973699409418,0.021748017796422436,0.030681313338116856,0.029486863712947953,0.2119997795610714,0.26699963467773263,0.8333333333333334
bulk,eig@logskewnormal-poisson-m8k,12,180.0,97.0,240.47396542698698,4.3273817370063625,1.2951043394574373,0.0,0.02299292658626495,0.021748017796422436,0.030681313338116856,0.029486863712947953,0.16899525900092918,0.24636754281950538,0.8333333333333334
bulk,eig@logskewnormal-poisson-m8k,12,240.0,117.0,300.3090379770001,5.2347643750181305,1.2568391196760267,0.0,0.021686973699409418,0.021748017796422436,0.030681313338116856,0.029486863712947953,0.1722745574621255,0.20219340275735898,0.9166666666666666
bulk,eig@logskewnormal-poisson-m8k,13,30.0,27.0,69.21301655201387,1.1539824940045946,1.6655848036525402,0.0,0.053706787649347,0.0,0.0,0.0014159229476433666,0.2982941142206039,0.2729486681250268,0.75
bulk,eig@logskewnormal-poisson-m8k,13,60.0,44.0,125.71949967402907,2.219840579004085,1.6552239383953447,0.0,0.0,0.0,0.0,0.0014159229476433666,0.27946648375174615,0.2867210041300196,0.9166666666666666
bulk,eig@logskewnormal-poisson-m8k,13,120.0,76.0,183.69808179201937,3.4008184790000087,1.6487714323712168,0.0,0.0,0.037574981968373056,0.02221847505840857,0.0014159229476432555,0.2955409686874406,0.24199315376383906,1.0
bulk,eig@logskewnormal-poisson-m8k,13,180.0,108.0,293.58606939399033,4.889829522988293,1.57371162614106,0.0,0.0,0.037574981968373056,0.02221847505840857,0.0014159229476432555,0.2539247622520151,0.16503782886373464,1.0
bulk,eig@logskewnormal-poisson-m8k,13,240.0,134.0,385.33672278797894,6.063980966959207,1.5253773013416685,0.0,0.0,0.0,0.0,0.0014159229476433666,0.18979602168041493,0.1192956627340018,1.0
bulk,eig@logskewnormal-poisson-m8k,14,30.0,29.0,78.9893631360028,1.1286757830093848,2.0548112884855882,0.0,0.0,0.029198045901863146,0.06284765763582012,0.06499952064910353,0.45047194513218397,0.31359440354091783,0.8333333333333334
bulk,eig@logskewnormal-poisson-m8k,14,60.0,45.0,121.58022512300522,1.9909400469841785,2.0154631846345024,0.0,0.0,0.029198045901863146,0.05157395560782607,0.061077993589002344,0.36190001117983284,0.28798851238331497,0.8333333333333334
bulk,eig@logskewnormal-poisson-m8k,14,120.0,77.0,219.05913612900622,3.513431364975986,1.9361720960727407,0.0,0.0,0.0,0.0,0.0,0.24550557731004857,0.24628070885750714,1.0
bulk,eig@logskewnormal-poisson-m8k,14,180.0,98.0,272.24127111500275,4.328697352975723,1.9833758646313526,0.0,0.0,0.0,0.0,0.0,0.25456189726759165,0.26364602580504404,1.0
bulk,eig@logskewnormal-poisson-m8k,14,240.0,128.0,317.7491441600214,5.1168333390014595,1.9489306820476069,0.0,0.0,0.0,0.0,0.0,0.1684846338713307,0.2420822243459479,1.0
bulk,eig@logskewnormal-poisson-m8k,15,30.0,26.0,99.62398698298784,1.3958218379557366,1.8407881113111582,0.0,0.0,0.0,0.009728346372479213,0.05310447448795241,0.5130555887045404,0.3397168871854241,0.5833333333333334
bulk,eig@logskewnormal-poisson-m8k,15,60.0,47.0,142.7510339699802,2.3081198779691476,1.8388244306185415,0.0,0.0,0.04772609541437256,0.009728346372479213,0.05310447448795241,0.48515811760496913,0.3207798719534085,0.75
bulk,eig@logskewnormal-poisson-m8k,15,120.0,83.0,269.5719846539796,4.060601956975006,1.6924529383596905,0.0,0.0,0.0,0.009728346372479213,0.0,0.3610512170738464,0.22198827082671357,0.8333333333333334
bulk,eig@logskewnormal-poisson-m8k,15,180.0,114.0,379.77688944396505,5.578065825968224,1.6239202532520414,0.0,0.0,0.0,0.009728346372479213,0.0,0.24831968014346184,0.18529276917375498,0.8333333333333334
bulk,eig@logskewnormal-poisson-m8k,15,240.0,138.0,454.81118422898,6.70939532097691,1.609155192628647,0.0,0.0,0.0,0.009728346372479213,0.0,0.19562517568787968,0.13597597654381036,0.9166666666666666
bulk,eig@logskewnormal-poisson-m8k,16,30.0,24.0,73.15466755101079,1.2669838659930974,1.3309038230833439,0.0,0.09623127030169532,0.0,0.0,0.0,0.19127384647833937,0.45981502176088357,0.5
bulk,eig@logskewnormal-poisson-m8k,16,60.0,41.0,103.91670673702174,1.9682959940182627,1.2956959460824862,0.0,0.0,0.0,0.0,0.0,0.21051538202923084,0.414630079877064,0.5
bulk,eig@logskewnormal-poisson-m8k,16,120.0,76.0,178.96511299503618,3.3670199690241134,1.28368647112195,0.0,0.0,0.0,0.0,0.0,0.14154449831395846,0.378539909702685,0.9166666666666666
bulk,eig@logskewnormal-poisson-m8k,16,180.0,96.0,211.11235574305465,3.9803525400348008,1.2672106760413189,0.0,0.09623127030169532,0.0,0.0,0.0,0.18080232705863797,0.3421659106255082,0.9166666666666666
bulk,eig@logskewnormal-poisson-m8k,16,240.0,117.0,260.2195914840413,4.721719155029859,1.2520994336553997,0.0,0.0,0.0,0.0,0.0,0.12005621085715877,0.2915904655851361,0.9166666666666666
bulk,eig@logskewnormal-poisson-m8k,17,30.0,27.0,112.82375769497594,1.5233824920360348,1.6065586632933788,0.20249151316651715,0.024605312603953156,0.16623504742303774,0.07952195499347292,0.15055308420527735,0.2791769502322767,0.4235250759230308,0.5833333333333334
bulk,eig@logskewnormal-poisson-m8k,17,60.0,46.0,170.001065944969,2.324134042042715,1.4481745173110774,0.0,0.0,0.0,0.0795219549934727,0.0,0.1541719468363089,0.3834688992257931,0.5833333333333334
bulk,eig@logskewnormal-poisson-m8k,17,120.0,77.0,271.9044512819746,3.8216188700462226,1.3862248827129795,0.0,0.0,0.0,0.0,0.0,0.13028112318266402,0.35886944420318356,0.5833333333333334
bulk,eig@logskewnormal-poisson-m8k,17,180.0,107.0,378.22183161099383,5.244473843042215,1.3652371419874898,0.0,0.0,0.04945307377923669,0.0,0.0,0.11239208845384213,0.31308799609330157,0.9166666666666666
bulk,eig@logskewnormal-poisson-m8k,17,240.0,135.0,422.76461644197843,5.9837102660530945,1.3565726446809332,0.0,0.0,0.0,0.0,0.0,0.08734645612178782,0.31263302766733714,0.9166666666666666
bulk,eig@logskewnormal-poisson-m8k,18,30.0,20.0,53.06464311500895,0.7695158600035938,0.8356700513466375,0.40356190241806267,0.0,0.0,0.05484691524211083,0.06184028198062608,0.11830618459011193,0.4229062833867533,0.5833333333333334
bulk,eig@logskewnormal-poisson-m8k,18,60.0,37.0,94.77498482001101,1.4340507080123643,0.8117369933752266,0.0,0.0,0.0,0.05484691524211083,0.07134126391782347,0.09431884257348991,0.38521435716590924,0.6666666666666666
bulk,eig@logskewnormal-poisson-m8k,18,120.0,60.0,140.32178225801908,2.2252130880297045,0.7751585813749494,0.0,0.0,0.0,0.05484691524211083,0.06184028198062608,0.05527205791811438,0.3375854553488818,0.75
bulk,eig@logskewnormal-poisson-m8k,18,180.0,83.0,182.57423048002238,2.9864372670199373,0.7784160851313903,0.0,0.0,0.0,0.05484691524211083,0.0,0.06342876618229121,0.3388403470985602,0.8333333333333334
bulk,eig@logskewnormal-poisson-m8k,18,240.0,109.0,221.2389484929954,3.6540756250033155,0.765608935048522,0.0,0.0,0.0,0.05484691524211083,0.07134126391782347,0.061824408728769084,0.30351395561194494,0.8333333333333334
bulk,eig@logskewnormal-poisson-m8k,19,30.0,29.0,89.32437756399304,0.9786873499979265,2.0394531083668097,0.013624656549291458,0.2969081180605402,0.22655612141004133,0.2139297597707297,0.2322015956419916,0.8216519002061731,0.3478404464715687,0.6666666666666666
bulk,eig@logskewnormal-poisson-m8k,19,60.0,49.0,138.5875922070045,1.764343190996442,1.94583447206339,0.013624656549291458,0.2969081180605402,0.22655612141004133,0.0,0.0,0.690239641975278,0.31152664276637054,0.6666666666666666
bulk,eig@logskewnormal-poisson-m8k,19,120.0,82.0,186.47760157701123,2.6196301380114164,1.8185461839348471,0.013624656549291458,0.0,0.07936228676093804,0.0,0.0,0.4552102330920194,0.28149825042893367,0.9166666666666666
bulk,eig@logskewnormal-poisson-m8k,19,180.0,109.0,238.3015641730235,3.447541733017715,1.7522362677048244,0.013624656549291458,0.0,0.0,0.0,0.0,0.3336747140087371,0.26200949070309965,0.9166666666666666
bulk,eig@logskewnormal-poisson-m8k,19,240.0,131.0,272.0530623210143,4.031573044012475,1.7169821448640052,0.0,0.0,0.0,0.0,0.0,0.22817970754798197,0.23854139873380445,1.0
bulk,eig@logskewnormal-poisson-m8k,20,30.0,27.0,107.46661523399962,1.0869743849834776,1.7665768425290198,0.0,0.0,0.020082755897507965,0.029454721013035257,0.002555020552324039,0.4970980634421159,0.329436310193927,0.6666666666666666
bulk,eig@logskewnormal-poisson-m8k,20,60.0,47.0,172.19142084599298,2.00264860696916,1.6947923945391945,0.0,0.0,0.0,0.01070172465259267,0.002555020552324039,0.37799656898019957,0.31983597937276675,0.8333333333333334
bulk,eig@logskewnormal-poisson-m8k,20,120.0,83.0,275.8462857089835,3.434681823993742,1.624583145216099,0.0,0.0,0.0,0.0,0.002555020552324039,0.20440312545162762,0.2839232633231613,0.8333333333333334
bulk,eig@logskewnormal-poisson-m8k,20,180.0,112.0,322.490357842973,4.305837695996161,1.6337538143426071,0.0,0.0,0.0,0.0,0.002555020552324039,0.2064822338527069,0.2410379373156642,0.9166666666666666
bulk,eig@logskewnormal-poisson-m8k,20,240.0,138.0,405.0049453619795,5.5271230670041405,1.6009592595620814,0.0,0.0,0.0,0.0,0.002555020552324039,0.19653645319586258,0.22083757838591084,0.9166666666666666
bulk,eig@logskewnormal-poisson-m8k,21,30.0,27.0,83.10493296298955,0.8166785369903664,1.324053981404257,0.5066210951058145,0.16532876797195262,-2.220446049250313e-16,0.0,0.05297016328520043,0.38629632481029674,0.43317775425886595,0.5833333333333334
bulk,eig@logskewnormal-poisson-m8k,21,60.0,50.0,155.28622117998748,1.7419770189881092,1.2632492748664783,0.5066210951058145,0.16532876797195262,-2.220446049250313e-16,0.0,0.0,0.27823730520004963,0.3563756572516854,0.6666666666666666
bulk,eig@logskewnormal-poisson-m8k,21,120.0,82.0,244.7248942569786,2.964508064018446,1.2974294024893565,0.5066210951058145,0.16532876797195262,-2.220446049250313e-16,0.0,0.01923023052352013,0.26687355198305396,0.3358142730680839,0.8333333333333334
bulk,eig@logskewnormal-poisson-m8k,21,180.0,107.0,285.23942629998055,3.6516494690440595,1.2247792976927252,0.0,0.16532876797195262,-2.220446049250313e-16,0.0,0.0,0.16856531951343548,0.29451678749771015,0.9166666666666666
bulk,eig@logskewnormal-poisson-m8k,21,240.0,130.0,321.11707377295534,4.282335181058443,1.2190893741909796,0.0,0.0,0.0,0.0,0.0,0.1320153071859292,0.26745561750699987,0.9166666666666666
bulk,eig@logskewnormal-poisson-m8k,22,30.0,23.0,85.26621036200959,0.9457268539845245,1.1591415559343041,0.0,0.0,0.0,0.01133212296564401,0.03387844389850869,0.27705047601137955,0.2865944515846394,0.4166666666666667
bulk,eig@logskewnormal-poisson-m8k,22,60.0,40.0,114.30290766599501,1.4528716149870888,1.1016698180416709,0.0,0.0,0.0,0.01133212296564401,0.03387844389850869,0.15527592270633167,0.2569078246773048,0.4166666666666667
bulk,eig@logskewnormal-poisson-m8k,22,120.0,69.0,157.13283685298666,2.2450655119828298,1.109937541931443,0.0,0.0,0.0,0.01133212296564401,0.03387844389850869,0.2072721889805236,0.23904100164179196,0.6666666666666666
bulk,eig@logskewnormal-poisson-m8k,22,180.0,93.0,211.58925378300046,3.0936851749720518,1.0650321821101596,0.0,0.0,0.0,0.01133212296564401,0.0,0.1839971256949188,0.1805883991155482,0.8333333333333334
bulk,eig@logskewnormal-poisson-m8k,22,240.0,113.0,285.31857669897727,4.002143816942407,1.0518278454243222,0.0,0.0,0.0,0.01133212296564401,0.0,0.12598906190332157,0.1750878355601124,0.8333333333333334
bulk,eig@logskewnormal-poisson-m8k,23,30.0,25.0,131.44230348896235,1.1339178700218326,1.5746043467291628,0.13119808897110796,0.23705579967849544,0.057648555700188675,0.047122060983008085,0.1403359656704336,0.2024202604747721,0.34377844399641017,0.6666666666666666
bulk,eig@logskewnormal-poisson-m8k,23,60.0,44.0,199.5159750939565,1.9878376420019777,1.5715982500300039,0.0,0.0,0.057648555700188675,0.047122060983008085,0.14580058448623634,0.2536127031444559,0.3315917811875077,0.75
bulk,eig@logskewnormal-poisson-m8k,23,120.0,78.0,317.90422805894923,3.534157441012212,1.5457435970105875,0.0,0.0,0.06587604654427082,0.059579743789478834,0.04575479888921685,0.21185321757218395,0.30653079785135773,0.9166666666666666
bulk,eig@logskewnormal-poisson-m8k,23,180.0,105.0,414.7098047929685,4.966272692036,1.5440468021562197,0.0,0.0,0.057648555700188675,0.05957974378947861,0.04575479888921663,0.19463933413799797,0.2928372044738036,0.9166666666666666
bulk,eig@logskewnormal-poisson-m8k,23,240.0,128.0,455.31486879296426,5.721029724016262,1.5344083599315264,0.0,0.0,0.057648555700188675,0.05957974378947861,0.04575479888921663,0.17284030640738132,0.28651814331188646,0.9166666666666666
bulk,eig@logskewnormal-poisson-m8k,24,30.0,27.0,114.76265898001293,1.0898972619979759,1.4217641161012056,0.0,0.0,0.16317524349024204,0.13534423083561564,0.1361816154411727,0.3373516414498796,0.4004096233995707,0.9166666666666666
bulk,eig@logskewnormal-poisson-m8k,24,60.0,44.0,140.38240970301558,1.5685335109956213,1.3828616193514975,0.0,0.0,0.16317524349024204,0.13534423083561564,0.0038006275140880508,0.3301747271822124,0.33177851962436106,0.9166666666666666
bulk,eig@logskewnormal-poisson-m8k,24,120.0,70.0,206.24548448402493,2.5195643629704136,1.3212453533904498,0.0,0.0,0.16317524349024204,0.115446150839149,0.0038006275140880508,0.21426240890635842,0.25585171044379257,0.9166666666666666
bulk,eig@logskewnormal-poisson-m8k,24,180.0,95.0,292.4660289950407,3.7115957309652003,1.3152736859688148,0.0,0.0,0.0,0.115446150839149,0.0038006275140880508,0.1553768925408132,0.27506030473646964,0.9166666666666666
bulk,eig@logskewnormal-poisson-m8k,24,240.0,116.0,355.3593521200455,4.617807250957412,1.2988524895229276,0.0,0.0,0.0,0.0,0.0038006275140880508,0.14254947550921082,0.23230299205289087,0.9166666666666666
bulk,eig@logskewnormal-poisson-m8k,25,30.0,30.0,103.86036696599331,0.9868021529982798,1.9941296922580511,0.0,0.0,0.04411445270867598,0.00881038569320014,0.0,0.43830084077936493,0.1464958925619439,0.6666666666666666
bulk,eig@logskewnormal-poisson-m8k,25,60.0,53.0,170.67524793400662,1.9674996530084172,1.9387314631914814,0.0,0.0,0.0,0.00881038569320014,0.0,0.3260552020831645,0.13214844578363308,0.75
bulk,eig@logskewnormal-poisson-m8k,25,120.0,84.0,282.1497383130263,3.6094111090133083,1.9302329962781821,0.0,0.0,0.0,0.00881038569320014,0.0,0.3136891863752914,0.11841982738386367,0.8333333333333334
bulk,eig@logskewnormal-poisson-m8k,25,180.0,114.0,376.5601874230124,5.068411007006944,1.88544138780056,0.0,0.0,0.0,0.00881038569320014,0.0,0.22698267532871774,0.11856025343561595,0.8333333333333334
bulk,eig@logskewnormal-poisson-m8k,25,240.0,139.0,459.1864907340132,6.20904860101291,1.867673790252186,0.0,0.0,0.0,0.00881038569320014,0.0,0.19711498254154478,0.10341897710754043,0.8333333333333334
bulk,eig@logskewnormal-poisson-m8k,26,30.0,24.0,58.64640062000399,0.7092352199979359,1.4602283211953873,0.0,0.0,0.0,0.0,0.048876935265202204,0.16325596324972894,0.5663383867648674,0.4166666666666667
bulk,eig@logskewnormal-poisson-m8k,26,60.0,40.0,82.4018413159938,1.130103348994453,1.4636636680882624,0.0,0.0,0.0,0.0,0.048876935265202204,0.191117681949824,0.5077377174569752,0.75
bulk,eig@logskewnormal-poisson-m8k,26,120.0,72.0,186.2866058739819,2.5190177109689103,1.3871339916295173,0.0,0.0,0.0,0.0,0.0,0.2098843430109548,0.42669629416520855,0.8333333333333334
bulk,eig@logskewnormal-poisson-m8k,26,180.0,99.0,233.292169051987,3.327704919000098,1.3419565047758262,0.0,0.0,0.0,0.0,0.0,0.20649329179589881,0.3672795147183356,0.9166666666666666
bulk,eig@logskewnormal-poisson-m8k,26,240.0,122.0,280.31938870596787,4.071725069989043,1.3105576943721655,0.0,0.0,0.0,0.0,0.0,0.12233546127841087,0.3450416220184616,1.0
bulk,eig@logskewnormal-poisson-m8k,27,30.0,27.0,88.95970789298735,1.0529178919969127,2.0042815429395273,0.0,0.0,0.0,0.0,0.0,0.778161638728212,0.29295024119409724,0.5
bulk,eig@logskewnormal-poisson-m8k,27,60.0,48.0,161.7847008600147,2.0286665769890533,2.0302657954824057,0.0,0.0,0.0,0.0,0.02257782182154644,0.7586117300714336,0.2918765061241728,0.6666666666666666
bulk,eig@logskewnormal-poisson-m8k,27,120.0,80.0,255.05815890899976,3.317402098007733,1.982363229904239,0.0,0.0,0.0,0.028809510472102784,0.02257782182154644,0.44042409488640366,0.2871594529227837,0.75
bulk,eig@logskewnormal-poisson-m8k,27,180.0,107.0,317.3845236590205,4.3465077400323935,1.9222580398908777,0.0,0.0,0.0,0.028809510472102784,0.02257782182154644,0.45077654208991347,0.2814912133296597,0.75
bulk,eig@logskewnormal-poisson-m8k,27,240.0,137.0,410.60656577701593,5.76162835402647,1.8651707805898543,0.0,0.0,0.0,0.0,0.02257782182154644,0.2888622223889282,0.24647695725130211,0.9166666666666666
bulk,eig@logskewnormal-poisson-m8k,28,30.0,30.0,143.83849424601794,1.4481119720076094,1.9630099816411806,0.0,0.062279563575025176,0.013892072926463883,0.10747216362649081,-2.220446049250313e-16,0.6990470510771913,0.2701855564573721,0.75
bulk,eig@logskewnormal-poisson-m8k,28,60.0,50.0,205.89274720800313,2.4383875820276444,1.9212359737896223,0.0,0.062279563575025176,0.013892072926463883,0.0,0.0377828291767035,0.5788958274314029,0.26764330518727836,0.8333333333333334
bulk,eig@logskewnormal-poisson-m8k,28,120.0,83.0,301.09228517402516,3.801188715020544,1.8405502058996606,0.0,0.062279563575025176,0.013892072926463883,0.0,0.0,0.4714001935659429,0.211798847685855,0.9166666666666666
bulk,eig@logskewnormal-poisson-m8k,28,180.0,105.0,339.82676796702435,4.435046397018596,1.8018820674566085,0.0,0.062279563575025176,0.013892072926463883,0.10747216362649081,-2.220446049250313e-16,0.3893322830628748,0.17233919713875306,0.9166666666666666
bulk,eig@logskewnormal-poisson-m8k,28,240.0,133.0,441.82740297403507,5.658199133045855,1.801474331605282,0.0,0.062279563575025176,0.013892072926463883,0.10747216362649081,-2.220446049250313e-16,0.39574907999018516,0.17970607329179467,1.0
bulk,eig@logskewnormal-poisson-m8k,29,30.0,29.0,62.399756211998465,0.7602587450310239,1.8304900304165292,0.0,0.0,0.03194717220836074,0.11316824372198753,0.1145473598540796,0.5409384677084665,0.4235828430880606,0.6666666666666666
bulk,eig@logskewnormal-poisson-m8k,29,60.0,50.0,95.4502326990114,1.3136605160252657,1.7289676824991138,0.0,0.0,0.0007384767981392093,0.02762468593994405,0.0777595927101864,0.3705714207107368,0.4016201884509378,0.75
bulk,eig@logskewnormal-poisson-m8k,29,120.0,83.0,160.7924291850286,2.4610907190362923,1.6559919574082083,0.0,0.0,0.0,0.0,0.0,0.262075727598955,0.37126696688881544,0.8333333333333334
bulk,eig@logskewnormal-poisson-m8k,29,180.0,111.0,224.75206933104346,3.4633569480356527,1.613672231334415,0.0,0.0,0.0,0.02698612583548532,0.0,0.19659577509311998,0.30141622600378726,1.0
bulk,eig@logskewnormal-poisson-m8k,29,240.0,137.0,290.84910114104423,4.500301603045955,1.6021486654483443,0.0,0.0,0.03194717220836074,0.02698612583548532,0.0,0.17392353853888506,0.2814631463711601,1.0
bulk,eig@logskewnormal-poisson-m8k,30,30.0,27.0,85.86184111102921,1.1625181949930266,1.9888020389150782,0.0,0.0,0.004243958624088107,0.018905881100813926,0.030435130012275935,0.5779707910741012,0.35839550110884305,0.5833333333333334
bulk,eig@logskewnormal-poisson-m8k,30,60.0,49.0,135.08855702503206,2.0539751019823598,1.9673250857753095,0.0,0.0,0.004243958624088107,0.02510016703458673,0.024400912098579086,0.48391576482741044,0.3488408855784022,0.5833333333333334
bulk,eig@logskewnormal-poisson-m8k,30,120.0,79.0,232.60933759006002,3.4531341749534477,1.9883155756034225,0.0,0.0,0.004243958624088107,0.026694644508969634,0.031972691641605766,0.5995368416245777,0.3552902574696394,0.9166666666666666
bulk,eig@logskewnormal-poisson-m8k,30,180.0,106.0,356.47925164903427,4.723295018942736,2.019247569096223,0.0,0.0,0.004243958624088107,0.02510016703458673,0.03197269164160588,0.3679003351558064,0.3683093812748704,1.0
bulk,eig@logskewnormal-poisson-m8k,30,240.0,138.0,582.1339707180232,6.356124476951663,1.9967641075538038,0.0,0.0,0.004243958624088107,0.02510016703458673,0.024400912098579086,0.3565970059617865,0.3668112810861449,1.0
bulk,eig@logskewnormal-poisson-m8k,31,30.0,27.0,105.84070157302631,1.207490200009488,1.9527756408539956,0.0,0.2167265226866103,0.3601397735151193,0.33933030424996946,0.2017829123467495,0.3881262169508698,0.4657177657775319,0.75
bulk,eig@logskewnormal-poisson-m8k,31,60.0,47.0,163.25990194504266,2.156277931018849,1.7913507518410288,0.0,0.054368082223056224,0.12534767583596418,0.13234465012108498,0.14455472253744817,0.3186121040237513,0.41415200349417847,0.8333333333333334
bulk,eig@logskewnormal-poisson-m8k,31,120.0,81.0,278.4486428470118,3.703206375030277,1.7548683978172368,0.0,0.16809201236302407,0.11948285622232624,0.14016784834731866,0.14039770763212,0.2966735638061922,0.3721749955932074,0.9166666666666666
bulk,eig@logskewnormal-poisson-m8k,31,180.0,113.0,425.264879082024,4.949145590013359,1.686540489108892,0.0,0.2382762539420289,0.13072526963477893,0.1081854036936859,0.11300534729052192,0.2346845807693882,0.3238494434821331,1.0
bulk,eig@logskewnormal-poisson-m8k,31,240.0,134.0,562.2515936330092,5.896261052017508,1.6164692796525726,0.0,0.0,0.0,0.04128642265968707,0.031204027033697512,0.14346965607135173,0.2808785425970184,1.0
bulk,eig@logskewnormal-poisson-m8k,32,30.0,27.0,81.02973832501448,1.034568888011563,1.9973300446285134,0.0,0.15753619413744824,0.11652665134227669,0.09957312980862609,0.0,0.5742783332134453,0.42204941698212856,0.75
bulk,eig@logskewnormal-poisson-m8k,32,60.0,43.0,116.7919015669977,1.642468566991738,1.9516741296142908,0.0,0.03314572155992468,0.11652665134227669,0.09957312980862609,0.0,0.5234293971324252,0.4098582142454816,0.75
bulk,eig@logskewnormal-poisson-m8k,32,120.0,74.0,223.55320414999005,3.1556812479830114,1.8228131064505766,0.0,0.0,0.0,0.0,0.0,0.30118575500373823,0.33973294484569083,0.8333333333333334
bulk,eig@logskewnormal-poisson-m8k,32,180.0,98.0,326.5432854559913,4.3250679549746565,1.7960279416402212,0.0,0.0,0.0,0.0,0.0,0.23687470651036327,0.33176460776218614,0.8333333333333334
bulk,eig@logskewnormal-poisson-m8k,32,240.0,130.0,510.2681229430018,5.5286865279849735,1.7414981303562154,0.0,0.0,0.0,0.0,0.0,0.20014936347621617,0.27784056447082217,1.0
bulk,eig@logskewnormal-poisson-m8k,33,30.0,28.0,96.53231793899613,1.2285906730103306,1.8592092051298488,0.13018507767653065,0.0,0.038614398775764225,0.0,0.05157533141990789,0.398567986730986,0.42741219641745254,0.5
bulk,eig@logskewnormal-poisson-m8k,33,60.0,50.0,164.69847917701554,2.292069555987837,1.625310758346323,0.13018507767653065,0.0,0.038614398775764225,0.0,0.0,0.26968583413277847,0.3171039531954992,0.6666666666666666
bulk,eig@logskewnormal-poisson-m8k,33,120.0,77.0,249.7503749380412,3.556416253966745,1.5959568785506173,0.13018507767653065,0.0,0.038614398775764225,0.0,0.0,0.21155160668702103,0.27312709658794804,0.9166666666666666
bulk,eig@logskewnormal-poisson-m8k,33,180.0,104.0,403.5180461150376,4.879772772947035,1.6099244089797482,0.13018507767653065,0.0,0.038614398775764225,0.04593475858188267,0.0,0.25834173748889444,0.24960641863390504,1.0
bulk,eig@logskewnormal-poisson-m8k,33,240.0,129.0,581.8374089550271,6.196180368962814,1.635776031582802,0.13018507767653065,0.0,0.038614398775764225,0.04593475858188267,0.0,0.3608323326728735,0.22424280935130714,1.0
bulk,eig@logskewnormal-poisson-m8k,34,30.0,27.0,96.69896398000128,0.9619502489658771,1.7828446504932849,0.0,0.0,0.07416692577238249,0.06486804845476124,0.09630104352808033,0.41503581508217346,0.3043287437830236,0.5833333333333334
bulk,eig@logskewnormal-poisson-m8k,34,60.0,48.0,130.3287852259964,1.5873526079958538,1.6457838783147831,0.0,0.0,0.038726929914689845,0.06486804845476124,0.0,0.207269076364729,0.253264520009157,0.75
bulk,eig@logskewnormal-poisson-m8k,34,120.0,79.0,191.2618518580275,2.690171554015251,1.6493133452404625,0.0,0.0,0.0,0.0,0.0,0.15576400713304925,0.24578203607290594,0.8333333333333334
bulk,eig@logskewnormal-poisson-m8k,34,180.0,108.0,352.11746839302214,4.097246597026242,1.5778526890206976,0.0,0.0,0.0,0.030996611287202547,0.0,0.16792644457266384,0.17968021031012563,0.9166666666666666
bulk,eig@logskewnormal-poisson-m8k,34,240.0,133.0,482.7645808910311,5.1757779770414345,1.5441317285971667,0.0,0.0,0.0,0.030996611287202547,0.0,0.12468756019360704,0.15005981362389617,1.0
bulk,eig@logskewnormal-poisson-m8k,35,30.0,26.0,96.85030786799325,1.0277688539936207,2.256575364582026,0.0,0.0,0.21254784540360372,0.18976618891990638,0.006847707704469741,1.121498057574328,0.33417535243635943,0.6666666666666666
bulk,eig@logskewnormal-poisson-m8k,35,60.0,46.0,136.0660414699887,1.7422716959699756,1.7697781078227768,0.0,0.0,0.0,0.0,0.006847707704469963,0.5387842142070934,0.22180461642708799,0.75
bulk,eig@logskewnormal-poisson-m8k,35,120.0,75.0,243.00675855397276,3.0263737599525484,1.7888695495850395,0.2999774708406655,0.0,0.0,0.0,0.006847707704469963,0.5744204967263795,0.2041000088665341,0.9166666666666666
bulk,eig@logskewnormal-poisson-m8k,35,180.0,100.0,414.5662705229697,4.183692497936136,1.6955000271704896,0.0,0.0,0.0,0.0,0.006847707704469963,0.25733764596777803,0.17783744648110292,0.9166666666666666
bulk,eig@logskewnormal-poisson-m8k,35,240.0,129.0,589.6287319609546,5.501548542924866,1.6741641951181325,0.0,0.0,0.0,0.0,0.006847707704469963,0.23139863954044326,0.17427914840336914,0.9166666666666666
bulk,eig@logskewnormal-poisson-m8k,36,30.0,30.0,140.39692682600435,1.4095499719915097,2.0318670228910927,0.4834803781595589,0.027733828510177028,0.0761885409816343,0.09523031563431628,0.12552908804421492,0.37263189188345497,0.3924872083208879,0.75
bulk,eig@logskewnormal-poisson-m8k,36,60.0,49.0,211.08096338999894,1.93401812799857,1.975411382536457,0.0,0.0,0.0,0.029790611246678256,0.028767929082627153,0.28449769784966505,0.3879719845636142,0.75
bulk,eig@logskewnormal-poisson-m8k,36,120.0,84.0,358.52443217297696,3.1885714039817685,1.967796884331184,0.0,0.0,0.0,0.033291419004691014,0.028767929082627153,0.29141615521849096,0.3650909991908548,0.75
bulk,eig@logskewnormal-poisson-m8k,36,180.0,106.0,499.0931033529632,4.070294124983775,1.837581553810236,0.0,0.0,0.0,0.0,0.0030251335727152773,0.2064683020627867,0.3003315693063979,0.8333333333333334
bulk,eig@logskewnormal-poisson-m8k,36,240.0,133.0,675.554474607954,5.35335052395385,1.69249095204543,0.0,0.0,0.0,0.07004699958261973,0.03478652936385451,0.1597275883280367,0.1389955001061286,1.0
bulk,eig@logskewnormal-poisson-m8k,37,30.0,29.0,69.3259533590026,0.8398109639965696,2.0465100851271036,0.1272886183430063,0.09793574789343917,0.0,0.0,0.021157747497572155,0.6380542927993745,0.22637350823791472,0.6666666666666666
bulk,eig@logskewnormal-poisson-m8k,37,60.0,47.0,107.21469865400286,1.470806318022369,1.994545260531883,0.18340538975113352,0.09793574789343917,0.0,0.0,0.021157747497572155,0.5285122601706056,0.21981838339610993,0.9166666666666666
bulk,eig@logskewnormal-poisson-m8k,37,120.0,85.0,332.56689435101725,2.9852368860156275,1.8650600129887314,0.0,0.02996552055900603,0.0,0.0,0.0,0.3065599558248799,0.13973464761672008,0.9166666666666666
bulk,eig@logskewnormal-poisson-m8k,37,180.0,115.0,481.1165192960034,4.085778264008695,1.8637777796587243,0.0,0.0,0.0,0.0,0.0,0.27150989214236626,0.12963276666670942,0.9166666666666666
bulk,eig@logskewnormal-poisson-m8k,37,240.0,142.0,666.1321775030083,5.362243986026442,1.8434515978326786,0.0,0.0,0.0,0.0,0.0,0.1197943629033421,0.11983495815608713,1.0
bulk,eig@logskewnormal-poisson-m8k,38,30.0,29.0,161.58628053300345,1.221042851000675,1.8159068154697653,0.0,0.0,0.018690190473064305,0.0,0.0003266813186881823,0.4100645166721726,0.31871969387620414,0.75
bulk,eig@logskewnormal-poisson-m8k,38,60.0,50.0,271.7121687940089,2.0182889029965736,1.7812562235791098,0.0,0.0,0.018690190473064305,0.0,0.0003266813186881823,0.23944360778381338,0.3128710229649579,0.8333333333333334
bulk,eig@logskewnormal-poisson-m8k,38,120.0,87.0,464.8001030170053,3.4829515930105117,1.7510675507678313,0.0,0.0,0.018690190473064305,0.0,0.0003266813186881823,0.2741122340208201,0.263372114778826,0.9166666666666666
bulk,eig@logskewnormal-poisson-m8k,38,180.0,115.0,654.7892557369923,5.04497409403848,1.735880496539261,0.0,0.0,0.018690190473064305,0.0,0.0003266813186881823,0.2421968109070058,0.24845322059898592,1.0
bulk,eig@logskewnormal-poisson-m8k,38,240.0,143.0,854.297071419016,6.721438204061997,1.686711717290151,0.0,0.0,0.018690190473064305,0.0,0.0003266813186881823,0.22984820163266823,0.1641907066386367,1.0
bulk,eig@logskewnormal-poisson-m8k,39,30.0,27.0,214.45347010895784,1.3245270380284637,1.918844750501347,0.0,0.0,0.019411785086950628,0.0,0.0,0.5317328611178594,0.44053044754838694,0.75
bulk,eig@logskewnormal-poisson-m8k,39,60.0,48.0,325.95172398797877,2.100380619005591,1.8356552492473577,0.0,0.0,0.03937405229126123,0.03527349595602003,0.0,0.3992655525999375,0.38798581781648,0.8333333333333334
bulk,eig@logskewnormal-poisson-m8k,39,120.0,80.0,479.9118009929807,3.339495803018508,1.8053130000137763,0.0,0.0,0.03937405229126123,0.01788332443649754,0.0,0.38426133670199664,0.34162869989696576,0.9166666666666666
bulk,eig@logskewnormal-poisson-m8k,39,180.0,104.0,582.8233423419879,4.1103963060159,1.6666376074884548,0.0,0.0,0.03937405229126123,0.03527349595602003,0.0,0.31387222754952615,0.2884355356360461,1.0
bulk,eig@logskewnormal-poisson-m8k,39,240.0,132.0,712.5399137379936,5.124938740998914,1.6342597441616806,0.0,0.0,0.03937405229126123,0.03527349595602003,0.0,0.30834247069685955,0.23757201001673917,1.0
bulk,eig@logskewnormal-poisson-m8k,40,30.0,26.0,207.6467180640102,1.0859007649778505,1.364368970247865,0.0,0.0,0.08953253272237638,0.02163201037000595,0.015356502559888296,0.2472009710171104,0.30736531497528663,0.5833333333333334
bulk,eig@logskewnormal-poisson-m8k,40,60.0,44.0,283.79027273000975,1.663944764972257,1.3467206662565534,0.0,0.0,0.08953253272237638,0.02163201037000595,0.015356502559888296,0.20614110769337526,0.3014417112787976,0.6666666666666666
bulk,eig@logskewnormal-poisson-m8k,40,120.0,78.0,473.6036180639712,3.1092976029758574,1.3249053307276741,0.0,0.0,0.0674955332887105,0.07697040355533669,0.06239082467116719,0.20190380408901853,0.2800134581940147,0.9166666666666666
bulk,eig@logskewnormal-poisson-m8k,40,180.0,105.0,599.8559538499612,4.337798802960606,1.2726052891222503,0.0,0.0,0.0674955332887105,0.05533839318533085,0.0,0.13642255971456646,0.2604656622268244,1.0
bulk,eig@logskewnormal-poisson-m8k,40,240.0,124.0,705.4719445089504,5.217130358942086,1.2812687725617198,0.0,0.0,0.0674955332887105,0.05533839318533085,0.0,0.14595040073587512,0.24882396843545945,1.0
bulk,eig@logskewnormal-poisson-m8k,41,30.0,24.0,183.979915920012,0.8358763850410469,1.2549164743425052,0.0,0.11672176412096102,0.0,0.03753040946664843,0.03359593004584582,0.2217009180615628,0.4930183868748195,0.5833333333333334
bulk,eig@logskewnormal-poisson-m8k,41,60.0,42.0,287.5184709009991,1.660767213033978,1.2573977585450116,0.0,0.11672176412096102,0.0,0.03753040946664843,0.04051016716048483,0.22179022245639304,0.45720069250589673,0.75
bulk,eig@logskewnormal-poisson-m8k,41,120.0,65.0,387.5703312009937,2.4693770020094234,1.2348917099444592,0.0,0.11672176412096102,0.0,0.0017573159921262516,0.00691423711463901,0.1581030173372961,0.42602617933598164,0.9166666666666666
bulk,eig@logskewnormal-poisson-m8k,41,180.0,87.0,522.8258666429829,3.481215986015741,1.2283404576965191,0.0,0.0,0.0,0.007362309966399527,0.00691423711463901,0.11896804211602377,0.39092189627880436,0.9166666666666666
bulk,eig@logskewnormal-poisson-m8k,41,240.0,112.0,630.5236219539656,4.357669701988925,1.236867538750718,0.0,0.0,0.0,0.03753040946664843,0.04051016716048483,0.12398889435423457,0.38534604800952005,1.0
bulk,eig@logskewnormal-poisson-m8k,42,30.0,26.0,207.96074906998547,1.0497234289869084,1.4761244888771259,0.0,0.006554568656070292,0.0,0.0061085278771148,-2.220446049250313e-16,0.2922344367421991,0.45260089965727884,0.5
bulk,eig@logskewnormal-poisson-m8k,42,60.0,44.0,288.3938606389929,1.6984689799937769,1.4196812710566504,0.0,0.006554568656070292,0.0,0.0,0.0,0.1343881209129543,0.38772957689728604,0.8333333333333334
bulk,eig@logskewnormal-poisson-m8k,42,120.0,75.0,410.38795671796106,2.593862785019155,1.4228448829288896,0.0,0.006554568656070292,0.0,0.0,0.0,0.25294266952043964,0.3154898057522332,0.9166666666666666
bulk,eig@logskewnormal-poisson-m8k,42,180.0,101.0,511.87674135092675,3.3524802070096484,1.4016833608054737,0.0,0.006554568656070292,0.0,0.0,0.0,0.2533926326232401,0.2907131979097603,0.9166666666666666
bulk,eig@logskewnormal-poisson-m8k,42,240.0,118.0,605.6461009649356,4.057696732023032,1.3327286639588938,0.0,0.006554568656070292,0.0,0.0,0.0,0.09985141866408129,0.23702339301778835,1.0
bulk,eig@logskewnormal-poisson-m8k,43,30.0,29.0,237.34725599995727,1.325062979994982,1.4502078807728107,0.0,0.0,0.0,0.0,0.0036570929906859506,0.49217803016720285,0.43331256580608335,0.5833333333333334
bulk,eig@logskewnormal-poisson-m8k,43,60.0,47.0,315.82675063495844,1.8345184470090317,1.3767818934851002,0.0,0.0,0.0,0.0,0.0036570929906859506,0.1528547493094412,0.36579905167424465,0.75
bulk,eig@logskewnormal-poisson-m8k,43,120.0,78.0,490.15701971094677,3.0221246070213965,1.4003957109864558,0.0,0.0,0.0,0.0,0.0036570929906859506,0.373518761545855,0.35992318552732355,0.9166666666666666
bulk,eig@logskewnormal-poisson-m8k,43,180.0,106.0,661.6895627149352,4.356852692035318,1.397824718279785,0.0,0.0,0.040257238286312225,0.0,0.0036570929906859506,0.3572849173004683,0.31316774617570103,1.0
bulk,eig@logskewnormal-poisson-m8k,43,240.0,129.0,761.0497450509502,5.1634351780230645,1.3709240803626885,0.0,0.0,0.0,0.0,0.0036570929906859506,0.24728392760013704,0.28707725216816427,1.0
bulk,eig@logskewnormal-poisson-m8k,44,30.0,25.0,191.51787492697622,0.8836126640235307,1.5635585814731832,0.0,0.08667654201849351,0.050716923998323504,-2.220446049250313e-16,-2.220446049250313e-16,0.35910356796641546,0.310590324894394,0.5833333333333334
bulk,eig@logskewnormal-poisson-m8k,44,60.0,47.0,327.83125125899824,1.9291389280260773,1.457933750979319,0.0,0.0,0.050716923998323726,0.0,0.0,0.11482893332317806,0.21738604619650947,0.8333333333333334
bulk,eig@logskewnormal-poisson-m8k,44,120.0,79.0,550.2942496260148,3.3778697600137093,1.4501984640923304,0.0,0.0,0.050716923998323726,0.0,0.0,0.14379465776622719,0.199725654576145,0.8333333333333334
bulk,eig@logskewnormal-poisson-m8k,44,180.0,107.0,679.6075355320354,4.357850209999015,1.46634538822965,0.0,0.08667654201849351,0.050716923998323504,-2.220446049250313e-16,-2.220446049250313e-16,0.15893203077398133,0.21829900444422085,0.9166666666666666
bulk,eig@logskewnormal-poisson-m8k,44,240.0,126.0,779.2109111910249,5.227830830008315,1.469285382136526,0.0,0.08667654201849351,0.07004749072360328,0.0,0.0,0.13785824515445755,0.22868493481952512,0.9166666666666666
bulk,eig@logskewnormal-poisson-m8k,45,30.0,24.0,236.2357408449825,0.9898873550118878,1.3369546899547187,0.0,0.0,0.0,0.012785133383092617,0.0508326217950722,0.11220078150282113,0.30813142382649805,0.5
bulk,eig@logskewnormal-poisson-m8k,45,60.0,45.0,386.413601282984,1.938181245001033,1.3317696049354166,0.17077981014696364,0.0,0.0,0.05489582190262998,0.0508326217950722,0.16231832337911398,0.29911502671160045,0.75
bulk,eig@logskewnormal-poisson-m8k,45,120.0,70.0,543.1841666840264,3.0458627070111106,1.3319371787587315,0.0,0.0,0.0,0.012785133383092617,0.0508326217950722,0.12459310436205154,0.2998730990457294,0.8333333333333334
bulk,eig@logskewnormal-poisson-m8k,45,180.0,93.0,697.622227568012,4.111241576982138,1.2939633859282325,0.0,0.0,0.0,0.012785133383092617,0.0508326217950722,0.08920343970382266,0.2571451995588591,0.9166666666666666
bulk,eig@logskewnormal-poisson-m8k,45,240.0,114.0,841.7882237680315,5.076051691983594,1.2975846002254314,0.0,0.0,0.0,0.012785133383092617,0.0,0.07881478574623002,0.2395425012547801,1.0
bulk,eig@logskewnormal-poisson-m8k,46,30.0,26.0,265.57405609598936,1.4078020239976468,1.292843934899023,0.0,0.002321576897565847,0.082600186713495,0.10991152515698244,0.10217817050568123,0.2995375819082369,0.3162654658998504,0.5833333333333334
bulk,eig@logskewnormal-poisson-m8k,46,60.0,47.0,412.4043428229852,2.3320284860092215,1.2595631735581354,0.0,0.002321576897565847,0.082600186713495,0.07357813028199134,0.0709974626406581,0.2421591506546842,0.28215334813160203,0.75
bulk,eig@logskewnormal-poisson-m8k,46,120.0,80.0,630.4590252610142,3.910003984994546,1.2413327843330475,0.0,0.0,0.0,0.05688396899602044,0.02170091555721365,0.16689542546478808,0.2813398084427964,0.75
bulk,eig@logskewnormal-poisson-m8k,46,180.0,106.0,784.7746013510114,5.168073871995148,1.2200416965640521,0.0,0.0,0.0806021491002098,0.07179832956158205,0.02170091555721365,0.12355526362333631,0.2479332848388592,0.75
bulk,eig@logskewnormal-poisson-m8k,46,240.0,127.0,901.3553104309685,6.074699458986288,1.184808389679796,0.0,0.0,0.016743140423742142,0.0,0.02170091555721365,0.09411496202002465,0.1941879572068618,0.8333333333333334
bulk,eig@logskewnormal-poisson-m8k,47,30.0,27.0,259.47786043497763,1.4496774630169966,1.74458358764506,0.36134131335136177,0.0,0.0,0.0,0.025141566228391588,0.53672723909556,0.4277181550410208,0.5833333333333334
bulk,eig@logskewnormal-poisson-m8k,47,60.0,48.0,373.27050257398514,2.368989041009627,1.698433076593169,0.36134131335136177,0.0,0.0,0.0,0.0,0.4967083415590234,0.37583575952947634,0.75
bulk,eig@logskewnormal-poisson-m8k,47,120.0,86.0,630.8328092239681,4.157761230977485,1.6086000927383208,0.0,0.0,0.0,0.0,0.0,0.22990224697755604,0.3383029224588952,0.9166666666666666
bulk,eig@logskewnormal-poisson-m8k,47,180.0,116.0,774.6907972919726,5.321722766966559,1.5219363768530263,0.0,0.0,0.0,0.0,0.0,0.1919293274975532,0.2597073565643205,0.9166666666666666
bulk,eig@logskewnormal-poisson-m8k,47,240.0,140.0,863.983144380989,6.0623832819692325,1.5172058159688566,0.0,0.0,0.0,0.0,0.0,0.21902565584488765,0.23728068745177136,1.0
bulk,eig@logskewnormal-poisson-m8k,48,30.0,26.0,209.92136176399072,1.044972132978728,1.2015105665038235,0.0,0.0,0.1082155810492208,0.0,0.0,0.21678832179540647,0.28946891965632043,0.75
bulk,eig@logskewnormal-poisson-m8k,48,60.0,46.0,284.506192085988,1.6159385119826766,1.1661019005393192,0.0,0.0,0.0,0.0,0.0,0.10639848728491136,0.2686011324709578,0.75
bulk,eig@logskewnormal-poisson-m8k,48,120.0,75.0,396.5721565859785,2.529826703015715,1.148231638200083,0.0,0.0,0.0,0.0,0.0,0.10775476896969217,0.19485398716541757,0.8333333333333334
bulk,eig@logskewnormal-poisson-m8k,48,180.0,105.0,554.0973156459804,3.630512430012459,1.1201933901085115,0.0,0.0,0.0,0.0,0.0,0.05443009764280387,0.16885772755224923,0.8333333333333334
bulk,eig@logskewnormal-poisson-m8k,48,240.0,123.0,628.8740820669846,4.198091898011626,1.1190641965232964,0.0,0.0,0.0,0.0,0.021776742367799917,0.05974222951748404,0.13316892827374735,1.0
bulk,eig@logskewnormal-poisson-m8k,49,30.0,29.0,227.32086078200518,1.173563372962235,1.5112334772732217,0.0,0.06462219251272905,0.0,0.0570228375700369,0.0,0.3297717297103281,0.2707006305206284,0.6666666666666666
bulk,eig@logskewnormal-poisson-m8k,49,60.0,49.0,315.3023330139913,1.9652379109611502,1.4654126522791178,0.0,0.06462219251272905,0.0,0.0,0.0,0.23417689548116657,0.22698847282194826,0.9166666666666666
bulk,eig@logskewnormal-poisson-m8k,49,120.0,76.0,497.41464305401314,3.419852780942165,1.4625490807772519,0.0,0.06462219251272905,0.0,0.0,0.0,0.17871966310226875,0.19399482039257393,1.0
bulk,eig@logskewnormal-poisson-m8k,49,180.0,102.0,636.1992127070334,4.52321269994718,1.4311055287538315,0.0,0.0,0.0,0.0,0.0,0.10531750976746866,0.16121620535711625,1.0
bulk,eig@logskewnormal-poisson-m8k,49,240.0,123.0,766.9481953940267,5.586965391994454,1.426650454074247,0.0,0.0,0.0,0.0,0.0,0.08787812696441825,0.13462775029841303,1.0
bulk,eig@logskewnormal-quad,0,30.0,30.0,30.002020768020884,0.0003818529949057847,1.6323232181874758,0.11699761815798104,0.0,0.0,0.0968156002288294,0.17416363986753602,0.3121183146275951,0.35562014905810413,0.6666666666666666
bulk,eig@logskewnormal-quad,0,60.0,60.0,43.19638144701457,0.0007440290064550936,1.598280295664713,0.11699761815798104,0.0,0.0,0.0968156002288294,0.146149641249247,0.27073473254708447,0.3283305960782457,0.75
bulk,eig@logskewnormal-quad,0,120.0,120.0,63.991177745010646,0.001398917993356008,1.6463033657128803,0.11699761815798104,0.0,0.0,0.0968156002288294,0.146149641249247,0.32271358537474104,0.3393570802407913,0.9166666666666666
bulk,eig@logskewnormal-quad,0,180.0,180.0,81.17637836599897,0.002056076002190821,1.6096358871094705,0.11699761815798104,0.0,0.0,0.06560699616924415,0.14128803546374524,0.27110496480841,0.31301775129084847,0.9166666666666666
bulk,eig@logskewnormal-quad,0,240.0,240.0,96.43141256499803,0.002711211986024864,1.4463993784030855,0.11699761815798104,0.0,0.0,0.0,0.05489967823244424,0.16125803359251545,0.2205547551948869,1.0
bulk,eig@logskewnormal-quad,1,30.0,30.0,24.456576848984696,0.00038224800664465874,1.2367038192172297,0.17547599762442456,0.20699468824656553,0.0,0.011172001678627974,0.04588483826249723,0.30682802658572633,0.37804351685017773,0.5
bulk,eig@logskewnormal-quad,1,60.0,60.0,32.49889643598726,0.0007375550121651031,1.2044879840279348,0.17547599762442456,0.20699468824656553,0.0,0.011172001678627974,0.04588483826249723,0.26897065390071034,0.32363420234129736,0.6666666666666666
bulk,eig@logskewnormal-quad,1,120.0,120.0,45.695444794982905,0.0014049960009288043,1.1233467845385978,0.17547599762442456,0.20699468824656553,0.0,0.011172001678627974,0.04588483826249723,0.19146147404001873,0.24960355318423058,0.8333333333333334
bulk,eig@logskewnormal-quad,1,180.0,180.0,54.96981047496956,0.0020373050356283784,1.1149001101178426,0.17547599762442456,0.20699468824656553,0.0,0.011172001678627974,0.04409128590016276,0.1764495793708777,0.25752192285801484,0.9166666666666666
bulk,eig@logskewnormal-quad,1,240.0,240.0,63.60622567199607,0.0027135100463056006,1.0937268954831396,0.17547599762442456,0.0,0.0,0.011172001678627974,0.04409128590016276,0.12204560608067158,0.24573021007908194,1.0
bulk,eig@logskewnormal-quad,2,30.0,30.0,18.8158211589689,0.00047174102655844763,1.5176739092975007,0.11725033819348041,0.4021933683259111,0.3458860008356204,0.3959283244040902,0.06057372558805352,0.4823181824837203,0.5269374453090695,0.6666666666666666
bulk,eig@logskewnormal-quad,2,60.0,60.0,29.100777301944618,0.0008568740377086215,1.2674224583090117,0.0,0.0,0.02910839710805624,0.06632239671445872,0.01944364833435641,0.31724046556197255,0.45220585699845783,0.75
bulk,eig@logskewnormal-quad,2,120.0,120.0,41.52894369192654,0.0015251039949362166,1.2173032343241397,0.11725033819348041,0.0,0.02910839710805624,0.06632239671445872,0.01944364833435641,0.2280893019440775,0.4053500966224795,0.8333333333333334
bulk,eig@logskewnormal-quad,2,180.0,180.0,52.17523591290956,0.002131475994247012,1.1868234576092591,0.0,0.0,0.07367704239226003,0.06632239671445872,0.01944364833435641,0.16656943385916706,0.3789792623323241,1.0
bulk,eig@logskewnormal-quad,2,240.0,240.0,60.64383166890184,0.002713579022383783,1.1839432989024636,0.0,0.0,0.0,0.0,0.01944364833435641,0.1276658085860214,0.37961506129486183,1.0
bulk,eig@logskewnormal-quad,3,30.0,30.0,19.763404042983893,0.0002869759773602709,1.8746472542562174,0.0,0.0,0.0,0.0,0.03431632298416809,0.4160860255167891,0.21484760991792032,0.75
bulk,eig@logskewnormal-quad,3,60.0,60.0,29.299159409965796,0.0005978869739919901,1.806282127432132,0.0,0.0,0.0,0.0,0.022390626343557596,0.37789701893420835,0.18829909055405947,0.75
bulk,eig@logskewnormal-quad,3,120.0,120.0,45.14501319595729,0.0012293589825276285,1.760555166683563,0.0,0.0,0.0,0.019376008584405358,0.0,0.21335358061451914,0.19113742991409463,0.9166666666666666
bulk,eig@logskewnormal-quad,3,180.0,180.0,60.91828666897345,0.001972455982468091,1.737050798848642,0.0,0.0,0.0,0.019376008584405358,0.0,0.22613778310897703,0.1563932039132339,0.9166666666666666
bulk,eig@logskewnormal-quad,3,240.0,240.0,80.40611246396293,0.002617441008624155,1.730703920335231,0.0,0.0,0.0,0.019376008584405358,0.0,0.22072175339406394,0.15134707269738326,0.9166666666666666
bulk,eig@logskewnormal-quad,4,30.0,30.0,20.366671043040697,0.00030276901816250756,1.8024058079479992,0.09546082567376357,0.0,0.07558332348017405,0.0,0.0006204992361537043,0.48931647778987786,0.17526539067159883,0.5833333333333334
bulk,eig@logskewnormal-quad,4,60.0,60.0,28.066255939054827,0.0005971520076855086,1.7639317052664414,0.09546082567376357,0.0,0.07558332348017405,0.0,0.0006204992361537043,0.39871536711180716,0.1796747061646581,0.75
bulk,eig@logskewnormal-quad,4,120.0,120.0,41.83622976105107,0.0012629260163521394,1.7074881044054162,0.09546082567376357,0.0,0.0,0.0,0.0006204992361537043,0.1910359037194646,0.20455441938829888,0.75
bulk,eig@logskewnormal-quad,4,180.0,180.0,60.065180385048734,0.0022381370145012625,1.6487120323652487,0.0,0.0,0.0,0.0,0.0006204992361537043,0.08294043110606608,0.197879399120015,0.8333333333333334
bulk,eig@logskewnormal-quad,4,240.0,240.0,76.85157304007589,0.002948536020994652,1.6271005511383247,0.0,0.0,0.0,0.0,0.002268388988543535,0.08323843262523706,0.18682955480139846,0.8333333333333334
bulk,eig@logskewnormal-quad,5,30.0,30.0,33.0009935449707,0.0004266550240572542,1.9430912322284275,0.0,0.1736659975358592,0.23626885902160322,0.28949863575081625,0.17187525709668527,0.4177339149600564,0.35957156540587965,0.8333333333333334
bulk,eig@logskewnormal-quad,5,60.0,60.0,46.77763718197821,0.0008089340190053917,1.8874740396198912,0.0,0.14789855749189662,0.23626885902160322,0.23037370246295918,0.11877267533910418,0.38007414388629146,0.3242583827638004,0.8333333333333334
bulk,eig@logskewnormal-quad,5,120.0,120.0,62.2036621799416,0.0015601340055582114,1.8683821577936142,0.0,0.14789855749189662,0.22284647515286382,0.11514589911992557,0.11877267533910407,0.35701867029660284,0.29237277554872,0.9166666666666666
bulk,eig@logskewnormal-quad,5,180.0,180.0,72.04011064394581,0.0022115530373412184,1.6963217061184575,0.0,0.0,0.1032703049563739,0.11514589911992557,0.02305905005392761,0.23431384903941593,0.19459749205506827,0.9166666666666666
bulk,eig@logskewnormal-quad,5,240.0,240.0,80.31678067191388,0.002796024054987356,1.6766302104286248,0.0,0.0,0.07994767490751864,0.10656848541864206,0.10062450448343785,0.21146834964002215,0.18379785400932508,0.9166666666666666
bulk,eig@logskewnormal-quad,6,30.0,30.0,26.973491915035993,0.00044004301889799535,1.2105174570995438,0.0,0.0780754520573207,0.0,0.019249937604791545,0.0,0.24990024106748399,0.3747206128477951,0.5833333333333334
bulk,eig@logskewnormal-quad,6,60.0,60.0,39.70680503103358,0.0008138669945765287,1.1718115677339218,0.0,0.0,0.0,0.019249937604791545,0.0,0.19265594300267175,0.3593982481483219,0.5833333333333334
bulk,eig@logskewnormal-quad,6,120.0,120.0,59.71220472497953,0.0015999069801182486,1.1516414632662444,0.0,0.0,0.0,0.0,0.028754561958456826,0.15182132430651418,0.3358083910765318,0.8333333333333334
bulk,eig@logskewnormal-quad,6,180.0,180.0,75.09835673999623,0.00229439495888073,1.1314497245560144,0.0,0.0780754520573207,0.0,0.0,0.0,0.1376652595119799,0.3113326325625454,0.9166666666666666
bulk,eig@logskewnormal-quad,6,240.0,240.0,88.74976876501023,0.002957459968456533,1.1315493182373595,0.0,0.0780754520573207,0.0,0.0,0.0,0.13587375513499436,0.30262645351382816,0.9166666666666666
bulk,eig@logskewnormal-quad,7,30.0,30.0,19.92262874199514,0.00033722101215971634,1.923370391067022,0.0,0.11078645016984656,0.0,0.016397710014314115,0.08489528386908263,0.586757282015799,0.24550346655584174,0.75
bulk,eig@logskewnormal-quad,7,60.0,60.0,28.672949633990356,0.0006570100231328979,1.8284631812578922,0.0,0.0,0.0,0.016397710014314115,0.08489528386908263,0.4376824525702405,0.2034163674775215,0.8333333333333334
bulk,eig@logskewnormal-quad,7,120.0,120.0,40.385691321018385,0.0012328390293987468,1.7771014425752911,0.0,0.0,0.0,0.016397710014314115,0.03494991865666375,0.18550140583050295,0.17673196766557472,0.8333333333333334
bulk,eig@logskewnormal-quad,7,180.0,180.0,51.65762130903022,0.0018931130471173674,1.7290711879962706,0.0,0.0,0.0,0.016397710014314115,0.03494991865666375,0.15358152409660594,0.15359033254746088,0.9166666666666666
bulk,eig@logskewnormal-quad,7,240.0,240.0,61.82944236702315,0.0024923180462792516,1.6933883025653873,0.0,0.0,0.0,0.0,0.0,0.10234561438518457,0.13496472955808234,0.9166666666666666
bulk,eig@logskewnormal-quad,8,30.0,30.0,33.13888288501039,0.00037330598570406437,1.5681321545225835,0.0,0.06706677782912995,-2.220446049250313e-16,-2.220446049250313e-16,-2.220446049250313e-16,0.34563572590659036,0.2714656717363626,0.5833333333333334
bulk,eig@logskewnormal-quad,8,60.0,60.0,49.17655885301065,0.0007330169755732641,1.570494276260735,0.0,0.0,0.03274912267043728,0.0,0.0,0.4360709623719562,0.28478726814855015,0.5833333333333334
bulk,eig@logskewnormal-quad,8,120.0,120.0,76.34689482900285,0.001429975985956844,1.4919037251143203,0.0,0.0,0.0,0.0,0.0,0.2343762571405374,0.24932210001785216,0.75
bulk,eig@logskewnormal-quad,8,180.0,180.0,95.51699977601675,0.002100238016282674,1.482790941068175,0.0,0.0,0.0,0.0,0.0,0.3024161340002428,0.21615339433397712,0.8333333333333334
bulk,eig@logskewnormal-quad,8,240.0,240.0,111.89008003699564,0.0031135320459725335,1.4546231144494126,0.0,0.0,0.0,0.0,0.0,0.20837138851957027,0.19924523485017603,0.9166666666666666
bulk,eig@logskewnormal-quad,9,30.0,30.0,30.227633865019016,0.0003281729805166833,1.9030001722524323,0.1338463177732382,0.0,0.08611361017936259,0.07582669895769878,0.12008842220200233,0.387583007125368,0.40898108093184216,0.6666666666666666
bulk,eig@logskewnormal-quad,9,60.0,60.0,37.91217648401653,0.0006021949666319415,1.8481986996479574,0.1338463177732382,0.0,0.08611361017936259,0.07582669895769878,0.06501373690925805,0.3071191870852529,0.4058588368396093,0.8333333333333334
bulk,eig@logskewnormal-quad,9,120.0,120.0,60.78578658003971,0.0013820869571645744,1.8876405818512894,0.0,0.0,0.08611361017936259,0.07582669895769878,0.06501373690925805,0.3377165590636348,0.40706031222935174,0.9166666666666666
bulk,eig@logskewnormal-quad,9,180.0,180.0,79.31585467403784,0.0020684889459516853,1.7862307111294136,0.0,0.0,0.08611361017936259,0.07582669895769878,0.06501373690925805,0.27460578848737216,0.3559404563788313,1.0
bulk,eig@logskewnormal-quad,9,240.0,240.0,94.26671845802775,0.002740052943408955,1.6926563707707254,0.0,0.1764281658861907,0.08611361017936259,0.07582669895769878,0.06501373690925805,0.2073229016988313,0.29789348805016963,1.0
bulk,eig@logskewnormal-quad,10,30.0,30.0,20.49058497500664,0.0003471610107226297,1.7894448551340663,0.0,0.0,0.04921843374333046,0.1259582706490847,0.07664997905049176,0.5904504572880576,0.3831565505197676,0.6666666666666666
bulk,eig@logskewnormal-quad,10,60.0,60.0,29.779693496027903,0.0006739219970768318,1.714825576630945,0.0,0.0,0.04921843374333046,0.0355049437738173,0.07664997905049176,0.49165289937590523,0.3447688058813595,0.75
bulk,eig@logskewnormal-quad,10,120.0,120.0,43.58074415699957,0.0013564930050051771,1.634640738135676,0.0,0.0,0.04921843374333046,0.044174302062765514,0.0,0.4708856239055946,0.2791134151743704,0.9166666666666666
bulk,eig@logskewnormal-quad,10,180.0,180.0,56.33975436502078,0.002081803046166897,1.606292525062636,0.0,0.0,0.04921843374333046,0.044174302062765514,0.0,0.4039893615679262,0.2593703957787828,0.9166666666666666
bulk,eig@logskewnormal-quad,10,240.0,240.0,71.4794236480302,0.0028568480483954772,1.533530958900154,0.0,0.0,0.0,0.0355049437738173,0.0,0.3099492659715074,0.2285250245819725,0.9166666666666666
bulk,eig@logskewnormal-quad,11,30.0,30.0,29.346846286971413,0.00048783301463117823,1.4404355326966887,0.0,0.056863950006552644,-2.220446049250313e-16,-2.220446049250313e-16,0.024038360265557612,0.6133410027842435,0.42760015804635454,0.5
bulk,eig@logskewnormal-quad,11,60.0,60.0,42.85031159297796,0.0008116470125969499,1.3620019442855371,0.0,0.056863950006552644,-2.220446049250313e-16,-2.220446049250313e-16,0.015374859974364052,0.37153788170654817,0.3947005015450762,0.75
bulk,eig@logskewnormal-quad,11,120.0,120.0,67.54658706399641,0.0019968880005762912,1.2581660007038913,0.0,0.0,0.0,0.0,0.0,0.21918647613980258,0.33174134158820584,0.8333333333333334
bulk,eig@logskewnormal-quad,11,180.0,180.0,78.63707150399568,0.0026344309881096706,1.2657599096377754,0.0,0.0,0.0,0.0,0.0,0.13663575654824894,0.3665210013449397,0.9166666666666666
bulk,eig@logskewnormal-quad,11,240.0,240.0,89.46977136397618,0.0032774779756437056,1.28979157659189,0.0,0.0,0.0,0.0,0.0,0.20104996438240114,0.33829985662929274,0.9166666666666666
bulk,eig@logskewnormal-quad,12,30.0,30.0,19.702905247984745,0.0003100619724136777,1.3679485311371342,0.0,0.02299292658626495,0.033539840975024715,0.030681313338116856,0.0002735985802798657,0.31452330060104944,0.35255307996275703,0.6666666666666666
bulk,eig@logskewnormal-quad,12,60.0,60.0,27.803029431983305,0.0006150499611976556,1.315299110306699,0.0,0.02299292658626495,0.033539840975024715,0.030681313338116856,0.0002735985802798657,0.2210239342901933,0.32115705271638606,0.75
bulk,eig@logskewnormal-quad,12,120.0,120.0,45.17009308195702,0.0016481529964949004,1.3020555589418674,0.0,0.021686973699409418,0.021748017796422436,0.030681313338116856,0.029486863712947953,0.18981655487705523,0.2733633938120846,0.8333333333333334
bulk,eig@logskewnormal-quad,12,180.0,180.0,63.836985699985235,0.0024511440060450695,1.2407521691742731,0.0,0.02299292658626495,0.021748017796422436,0.0,0.0002735985802798657,0.1559086252578484,0.21103033705022395,0.8333333333333334
bulk,eig@logskewnormal-quad,12,240.0,240.0,78.18398451497342,0.0030925720056984574,1.2648473086439558,0.0,0.021686973699409418,1.1102230246251565e-16,0.010026118047935517,0.0002735985802798657,0.21755186839387866,0.22382668603454403,0.8333333333333334
bulk,eig@logskewnormal-quad,13,30.0,30.0,34.39243696298945,0.00045694496657233685,1.7366753019527026,0.0,0.053706787649347,0.055647096366595816,0.0,0.0014159229476433666,0.4205100705849896,0.30966914021003794,0.75
bulk,eig@logskewnormal-quad,13,60.0,60.0,47.560089344020525,0.0007705309690209106,1.6319767832641254,0.0,0.0,0.0,0.0,0.0014159229476433666,0.2774347129972218,0.25794378036303944,0.9166666666666666
bulk,eig@logskewnormal-quad,13,120.0,120.0,71.87563033198967,0.0016276129099423997,1.6104560812928106,0.0,0.0,0.037574981968373056,0.02221847505840857,0.0014159229476432555,0.30161800390274496,0.19138880501438427,1.0
bulk,eig@logskewnormal-quad,13,180.0,180.0,90.46531101396249,0.0024003108846955,1.5776618257880826,0.0,0.0,0.0,0.022218475058408682,0.0014159229476433666,0.2623235103211921,0.1633535961504193,1.0
bulk,eig@logskewnormal-quad,13,240.0,240.0,102.46182418394892,0.0030773138933000155,1.532522066522436,0.0,0.0,0.0,0.0,0.0014159229476433666,0.21111325380918014,0.11931569282036746,1.0
bulk,eig@logskewnormal-quad,14,30.0,30.0,33.89298623598006,0.0003747129740077071,2.0651507621809917,0.0,0.0,0.029198045901863146,0.06284765763582012,0.06499952064910353,0.4574225270296504,0.31712445224445107,0.75
bulk,eig@logskewnormal-quad,14,60.0,60.0,46.197119536984246,0.000891418989340309,1.9977875579447357,0.0,0.0,0.0,0.0,0.003921527060101182,0.35504603725038125,0.2793373433920752,0.8333333333333334
bulk,eig@logskewnormal-quad,14,120.0,120.0,61.27511944097205,0.0015049539651954547,1.9509130263084338,0.0,0.0,0.0,0.0,0.0,0.2863125692260368,0.23393722635534966,0.8333333333333334
bulk,eig@logskewnormal-quad,14,180.0,180.0,71.32089287298732,0.0020699209489976056,1.9562594248377188,0.0,0.0,0.0,0.0,0.0,0.21054336780871555,0.24603142825087793,0.9166666666666666
bulk,eig@logskewnormal-quad,14,240.0,240.0,82.33508576199529,0.0026907319988822564,1.9342705427491478,0.0,0.0,0.0,0.0,0.0,0.1610544398550195,0.20484141753698104,1.0
bulk,eig@logskewnormal-quad,15,30.0,30.0,19.759302627011493,0.0003555759976734407,1.792320258718485,0.0,0.0,0.0,0.009728346372479213,0.05310447448795241,0.39102080080825397,0.34874906553880264,0.5833333333333334
bulk,eig@logskewnormal-quad,15,60.0,60.0,33.22901858799014,0.0009184070004266687,1.8747572770577048,0.0,0.0,0.0,0.009728346372479213,0.05310447448795241,0.5412074651031797,0.3276485207112261,0.75
bulk,eig@logskewnormal-quad,15,120.0,120.0,50.386103780976555,0.0016705250236555003,1.6848152358426367,0.0,0.0,0.0,0.009728346372479213,0.0,0.3274291650800146,0.23549522808290674,0.8333333333333334
bulk,eig@logskewnormal-quad,15,180.0,180.0,60.789664352960244,0.002247435004392173,1.6265496339790741,0.0,0.0,0.0,0.009728346372479213,0.0,0.21411578584277163,0.18717000837786932,0.9166666666666666
bulk,eig@logskewnormal-quad,15,240.0,240.0,70.80234621999261,0.0028001089667668566,1.6179388160028398,0.0,0.0,0.0,0.009728346372479213,0.0,0.21002650513854032,0.1621564962549426,0.9166666666666666
bulk,eig@logskewnormal-quad,16,30.0,30.0,19.2782421219963,0.0003234269825043157,1.3346119966477286,0.0,0.09623127030169532,0.0,0.0,0.0,0.26307945638207797,0.4432395920295926,0.5
bulk,eig@logskewnormal-quad,16,60.0,60.0,28.091138857998885,0.0006590539778699167,1.2944453990681992,0.0,0.0,0.0,0.0,0.0,0.20325594670348418,0.41213877826089695,0.6666666666666666
bulk,eig@logskewnormal-quad,16,120.0,120.0,39.20060759797343,0.0012569929749588482,1.2856375567294738,0.0,0.0,0.0,0.0,0.0,0.13628512272863133,0.3710901059920844,0.9166666666666666
bulk,eig@logskewnormal-quad,16,180.0,180.0,53.16261532900535,0.001912377956614364,1.2597119595083344,0.0,0.0,0.0,0.0,0.0,0.1649502410242651,0.32786228883904894,0.9166666666666666
bulk,eig@logskewnormal-quad,16,240.0,240.0,68.30505903401354,0.0027576279535423964,1.2507360728715244,0.0,0.0,0.0,0.0,0.0,0.112586378548627,0.30193338916613766,0.9166666666666666
bulk,eig@logskewnormal-quad,17,30.0,30.0,28.450299935007934,0.0003271790119470097,1.6565253184094422,0.0,0.024605312603953156,0.16623504742303774,0.07952195499347292,0.15055308420527735,0.30709184368518244,0.444530069545764,0.5833333333333334
bulk,eig@logskewnormal-quad,17,60.0,60.0,41.132966956007294,0.0006294570121099241,1.4333843967571955,0.0,0.0,0.0,0.0795219549934727,0.0,0.13403770708634175,0.3815242405331074,0.5833333333333334
bulk,eig@logskewnormal-quad,17,120.0,120.0,62.405886980974174,0.0013234540238045156,1.3926371491205511,0.0,0.0,0.0,0.0,0.0,0.13416224352159112,0.35305165833574553,0.6666666666666666
bulk,eig@logskewnormal-quad,17,180.0,180.0,82.09747870896535,0.002167811995605007,1.3553035482898597,0.0,0.0,0.04945307377923669,0.0,0.0,0.09667466301314016,0.31614530656278567,0.9166666666666666
bulk,eig@logskewnormal-quad,17,240.0,240.0,98.73316002992942,0.0029068379444652237,1.3541332913101354,0.0,0.0,0.0,0.0,0.0,0.08859157859594488,0.31351108959914403,0.9166666666666666
bulk,eig@logskewnormal-quad,18,30.0,30.0,18.113380212977063,0.0005067139936727472,0.8338669853828472,0.40356190241806267,0.0,0.0,0.05484691524211083,0.06184028198062608,0.11636279780155645,0.4189544899629527,0.5833333333333334
bulk,eig@logskewnormal-quad,18,60.0,60.0,23.779569993981568,0.0008097410172922537,0.8075189983527366,0.0,0.0,0.0,0.05484691524211083,0.07134126391782347,0.08287920694379285,0.3908140209460818,0.6666666666666666
bulk,eig@logskewnormal-quad,18,120.0,120.0,31.793511242962268,0.001457237005524803,0.7821378315469043,0.0,0.0,0.0,0.05484691524211083,0.07134126391782347,0.061293541773180506,0.3469257710516822,0.75
bulk,eig@logskewnormal-quad,18,180.0,180.0,40.974642176995985,0.0023378330151899718,0.7716362765449919,0.0,0.0,0.0,0.05484691524211083,0.07134126391782347,0.054806013282712826,0.3280366022880816,0.8333333333333334
bulk,eig@logskewnormal-quad,18,240.0,240.0,46.10041364602512,0.002930424983787816,0.7737438746475642,0.0,0.0,0.0,0.05484691524211083,0.07134126391782347,0.05964567563435373,0.3149878617226021,1.0
bulk,eig@logskewnormal-quad,19,30.0,30.0,19.522110760008218,0.0002988780033774674,2.090828869646274,0.38317503566299904,0.19290162703960656,0.22655612141004122,0.2139297597707296,0.2322015956419915,0.8888659628549603,0.3624559434414775,0.6666666666666666
bulk,eig@logskewnormal-quad,19,60.0,60.0,27.136313964983856,0.0005769380077254027,1.904794702944912,0.013624656549291458,0.2969081180605402,0.22655612141004133,0.0,0.0,0.6229438733012498,0.30921259571845244,0.6666666666666666
bulk,eig@logskewnormal-quad,19,120.0,120.0,41.0390376570067,0.0012795500006177463,1.8004416720870158,0.013624656549291458,0.0,0.0,0.0,0.0,0.43677111107385697,0.2891850915630695,0.8333333333333334
bulk,eig@logskewnormal-quad,19,180.0,180.0,54.14700030200038,0.0019948420085711405,1.7487845830104278,0.0,0.0,0.0,0.0,0.0,0.30812211716817617,0.2604145567962503,1.0
bulk,eig@logskewnormal-quad,19,240.0,240.0,66.80851075801911,0.00278187905496452,1.7279819617050396,0.013624656549291458,0.0,0.0,0.0,0.0,0.2701315568862436,0.24009003432722517,1.0
bulk,eig@logskewnormal-quad,20,30.0,30.0,30.825701259018388,0.0004277400075807236,1.7585440573875435,0.0,0.0,0.03154333103704754,0.029454721013035257,0.002555020552324039,0.4827907020418816,0.34511443900511046,0.6666666666666666
bulk,eig@logskewnormal-quad,20,60.0,60.0,47.9056339180097,0.0009783120185602456,1.7451081888276232,0.0,0.0,0.0,0.01070172465259267,0.002555020552324039,0.486501403952748,0.32145470284257777,0.75
bulk,eig@logskewnormal-quad,20,120.0,120.0,73.22654342198803,0.0017363890365231782,1.6279208119310506,0.0,0.0,0.0,0.01070172465259267,0.002555020552324039,0.20703586644493588,0.28928421623990475,0.9166666666666666
bulk,eig@logskewnormal-quad,20,180.0,180.0,94.34296427698428,0.0024924500539782457,1.6087867523940516,0.0,0.0,0.0,0.0,0.002555020552324039,0.18461398579222196,0.22468743833773508,0.9166666666666666
bulk,eig@logskewnormal-quad,20,240.0,240.0,112.08484121296351,0.0031888450612314045,1.5887369035408894,0.0,0.0,0.0,0.0,0.002555020552324039,0.20117642091194657,0.2101146729126815,0.9166666666666666
bulk,eig@logskewnormal-quad,21,30.0,30.0,17.8446591870088,0.00039920300332596526,1.32932610369258,0.5066210951058145,0.16532876797195262,-2.220446049250313e-16,0.0,0.0,0.42035165652826145,0.4265513996040108,0.5
bulk,eig@logskewnormal-quad,21,60.0,60.0,28.174828858973342,0.0007286520194611512,1.2912037720467238,0.5066210951058145,0.16532876797195262,-2.220446049250313e-16,0.0,0.01923023052352013,0.30152870520530556,0.3846644553556677,0.6666666666666666
bulk,eig@logskewnormal-quad,21,120.0,120.0,49.61677243093436,0.0015521310560870916,1.298342009687303,0.5066210951058145,0.16532876797195262,0.1923246071046184,0.0,0.01923023052352013,0.2701216053273073,0.3396998438939701,0.75
bulk,eig@logskewnormal-quad,21,180.0,180.0,64.48399458389031,0.0022015940412529744,1.2362954692535133,0.0,0.16532876797195262,-2.220446049250313e-16,0.0,0.0,0.16957227710540326,0.29501870983934825,0.9166666666666666
bulk,eig@logskewnormal-quad,21,240.0,240.0,73.61035580093449,0.002951915048470255,1.2091394112403087,0.0,0.0,0.0,0.0,0.0,0.13480356465669593,0.26312767763108796,0.9166666666666666
bulk,eig@logskewnormal-quad,22,30.0,30.0,26.045508021990827,0.0004217289897496812,1.1342943813188926,0.0,0.0,0.0,0.01133212296564401,0.03387844389850869,0.20588944898099698,0.28313159354846684,0.4166666666666667
bulk,eig@logskewnormal-quad,22,60.0,60.0,40.21517162799137,0.000923501982470043,1.1097671977568235,0.0,0.0,0.0,0.01133212296564401,0.03387844389850869,0.18199940754501412,0.24916128944803126,0.5
bulk,eig@logskewnormal-quad,22,120.0,120.0,59.59845915097685,0.0018321729949093424,1.1040810758407478,0.0,0.0,0.0,0.01133212296564401,0.03387844389850869,0.2001011994697862,0.23607887266843014,0.75
bulk,eig@logskewnormal-quad,22,180.0,180.0,76.68712295995647,0.0026296650103176944,1.0628360241796957,0.0,0.0,0.0,0.01133212296564401,0.0,0.16720245981436777,0.18640693096991037,0.8333333333333334
bulk,eig@logskewnormal-quad,22,240.0,240.0,91.71680019795167,0.0033047590259229764,1.060411428258519,0.0,0.0,0.0,0.0,0.0,0.14592989849225724,0.17512963177076526,0.9166666666666666
bulk,eig@logskewnormal-quad,23,30.0,30.0,26.178482133007492,0.000406520972319413,1.5678449922970623,0.13119808897110796,0.0,0.057648555700188675,0.047122060983008085,0.14580058448623634,0.19953390126700027,0.34668124003214845,0.6666666666666666
bulk,eig@logskewnormal-quad,23,60.0,60.0,37.04390812600468,0.0007573639886686578,1.559446795787328,0.0,0.0,0.057648555700188675,0.047122060983008085,0.083938844297204,0.2348295390717318,0.32570693778031756,0.6666666666666666
bulk,eig@logskewnormal-quad,23,120.0,120.0,53.404082239030686,0.0014007329737069085,1.548344020653742,0.0,0.0,0.057648555700188675,0.047122060983008085,0.083938844297204,0.19351690733668336,0.31947890139765245,0.9166666666666666
bulk,eig@logskewnormal-quad,23,180.0,180.0,70.0178235810381,0.0021509539292310365,1.5346419552859638,0.0,0.0,0.057648555700188675,0.05957974378947861,0.04575479888921663,0.17738090057812778,0.3015271353274441,0.9166666666666666
bulk,eig@logskewnormal-quad,23,240.0,240.0,79.34975068204221,0.0029323749331524596,1.5495967717654544,0.0,0.0,0.057648555700188675,0.05957974378947861,0.04575479888921663,0.18495712031911576,0.3030913567278885,0.9166666666666666
bulk,eig@logskewnormal-quad,24,30.0,30.0,16.948554623988457,0.00025340495631098747,1.4135083436205182,0.0,0.0,0.16317524349024204,0.13534423083561564,0.1361816154411727,0.3211694821730095,0.3926907863015988,0.9166666666666666
bulk,eig@logskewnormal-quad,24,60.0,60.0,25.69487522500276,0.0005637859285343438,1.3500040606573804,0.0,0.0,0.16317524349024204,0.13534423083561564,0.0038006275140880508,0.2667621209569296,0.3156567390225483,0.9166666666666666
bulk,eig@logskewnormal-quad,24,120.0,120.0,39.04919142701692,0.0012327999211265706,1.324347398559641,0.0,0.0,0.16317524349024204,0.115446150839149,0.0038006275140880508,0.21618352041631728,0.2702874985614507,0.9166666666666666
bulk,eig@logskewnormal-quad,24,180.0,180.0,48.74404630404024,0.001897603906400036,1.3177752393840776,0.0,0.0,0.0,0.115446150839149,0.0038006275140880508,0.17305904192895297,0.2608297708532381,0.9166666666666666
bulk,eig@logskewnormal-quad,24,240.0,240.0,55.4437481670393,0.002459481875121128,1.3093158986484676,0.0,0.0,0.0,0.115446150839149,0.0038006275140880508,0.16584782286486116,0.23113442398360082,0.9166666666666666
bulk,eig@logskewnormal-quad,25,30.0,30.0,32.51247691800381,0.00037034997512819245,1.9794338271554892,0.0,0.0,0.04411445270867598,0.00881038569320014,0.03920251163013988,0.4277857488805916,0.14592059327134171,0.6666666666666666
bulk,eig@logskewnormal-quad,25,60.0,60.0,49.793937975002336,0.0007338259747484699,1.9288186359641297,0.0,0.0,0.0,0.00881038569320014,0.0,0.2549276308582503,0.13722306684702976,0.6666666666666666
bulk,eig@logskewnormal-quad,25,120.0,120.0,77.67866654095997,0.0014534379952237941,1.9189269706129999,0.0,0.0,0.0,0.00881038569320014,0.0,0.28003628356881993,0.12274761185064066,0.8333333333333334
bulk,eig@logskewnormal-quad,25,180.0,180.0,101.12850340394652,0.0021598110179184005,1.8717749449682266,0.0,0.0,0.0,0.00881038569320014,0.0,0.1867681630608932,0.07371774473485038,0.8333333333333334
bulk,eig@logskewnormal-quad,25,240.0,240.0,114.93397222893691,0.002946714033896569,1.868441687332713,0.0,0.0,0.0,0.00881038569320014,0.0,0.19700398487879925,0.11732514140139119,0.9166666666666666
bulk,eig@logskewnormal-quad,26,30.0,30.0,25.347106699991855,0.0003749700263142586,1.469197580903548,0.0,0.0,0.06578189306697269,1.1102230246251565e-16,0.048876935265202315,0.18872849522269702,0.5378699943305821,0.5833333333333334
bulk,eig@logskewnormal-quad,26,60.0,60.0,38.84040262801136,0.0007190320247900672,1.4720479587657653,0.27417859988238935,0.0,0.0,0.0,0.048876935265202204,0.20781791610620118,0.5136838281775831,0.75
bulk,eig@logskewnormal-quad,26,120.0,120.0,51.99039827797242,0.0013299420606927015,1.3468612952383616,0.0,0.0,0.0,0.0,0.0,0.18821774087846038,0.4163403813486626,0.9166666666666666
bulk,eig@logskewnormal-quad,26,180.0,180.0,61.22907960793236,0.0019773070598603226,1.343367055566086,0.27417859988238935,0.0,0.0,0.0,0.0,0.2047041657882446,0.3790432864035499,0.9166666666666666
bulk,eig@logskewnormal-quad,26,240.0,240.0,68.86105536593095,0.0026134840372833423,1.3103084470013233,0.0,0.0,0.0,0.0,0.0,0.138616996507398,0.34335702556023506,0.9166666666666666
bulk,eig@logskewnormal-quad,27,30.0,30.0,36.463153343007434,0.00037922101182630286,1.9896514284688358,0.0,0.0,0.0,0.0,0.0,0.7667011651135757,0.29804383093236886,0.5
bulk,eig@logskewnormal-quad,27,60.0,60.0,54.42517178301932,0.000719546020263806,2.0372457221338434,0.0,0.0,0.0,0.0,0.02257782182154644,0.7479650642999951,0.31020655892710813,0.6666666666666666
bulk,eig@logskewnormal-quad,27,120.0,120.0,71.77897832205781,0.001301873016927857,1.9696838739404756,0.0,0.0,0.0,0.028809510472102784,0.02257782182154644,0.4229069170817714,0.2927673771768098,0.75
bulk,eig@logskewnormal-quad,27,180.0,180.0,85.76628234206146,0.0018558390220277943,1.9132212980138046,0.0,0.0,0.0,0.028809510472102784,0.02257782182154644,0.36842345527648424,0.27691263202501837,0.8333333333333334
bulk,eig@logskewnormal-quad,27,240.0,240.0,104.23380155507766,0.0024346710415557027,1.863675808798244,0.0,0.0,0.0,0.0,0.0,0.24070222581244438,0.2470836659846884,0.9166666666666666
bulk,eig@logskewnormal-quad,28,30.0,30.0,19.979611959002796,0.00030103899189271033,2.0835803674471998,0.0,0.062279563575025176,0.013892072926463883,0.10747216362649081,0.17340619735334417,0.8398979508787189,0.3227038085524418,0.75
bulk,eig@logskewnormal-quad,28,60.0,60.0,35.34790558699024,0.0006635910031036474,1.9491400786485018,0.0,0.062279563575025176,0.013892072926463883,0.14954789335186258,0.03778282917670339,0.619003985441318,0.28220968515461575,0.75
bulk,eig@logskewnormal-quad,28,120.0,120.0,60.49960878398997,0.0015541860266239382,1.8345564335828133,0.0,0.062279563575025176,0.013892072926463883,0.0,0.0,0.4722305142818569,0.20030900215616024,0.9166666666666666
bulk,eig@logskewnormal-quad,28,180.0,180.0,79.96160966400203,0.0022923490178072825,1.7946951265819895,0.0,0.062279563575025176,0.013892072926463883,0.0,0.0,0.3850187499941179,0.16987850542924007,0.9166666666666666
bulk,eig@logskewnormal-quad,28,240.0,240.0,97.08721159398556,0.002990340071846731,1.7991729362080104,0.0,0.062279563575025176,0.013892072926463883,0.0,0.0,0.3773335013418252,0.18259137415895704,1.0
bulk,eig@logskewnormal-quad,29,30.0,30.0,27.841562917965348,0.0003835990064544603,1.8405738189212524,0.0,0.0,0.03194717220836074,0.11316824372198753,0.1145473598540796,0.5324900996686461,0.425921698922925,0.6666666666666666
bulk,eig@logskewnormal-quad,29,60.0,60.0,43.99902358192776,0.0007074699606164359,1.7040066072296265,0.0,0.0,0.0007384767981392093,0.02762468593994405,0.0,0.3191554820980011,0.40333022809321606,0.6666666666666666
bulk,eig@logskewnormal-quad,29,120.0,120.0,69.98238048794883,0.0013583289619418792,1.6400255604820104,0.0,0.0,0.0,0.0,0.0,0.2365608577714877,0.3528203314663574,0.9166666666666666
bulk,eig@logskewnormal-quad,29,180.0,180.0,92.60922889496578,0.0020021369491587393,1.6077169131667512,0.0,0.0,0.0,0.0,0.0,0.1880328075506377,0.306947309179044,1.0
bulk,eig@logskewnormal-quad,29,240.0,240.0,112.72722814494045,0.0026352200002293102,1.6006629814039532,0.0,0.0,0.03194717220836074,0.02762468593994405,0.0,0.193365654561967,0.27174152737507684,1.0
bulk,eig@logskewnormal-quad,30,30.0,30.0,29.66123157898255,0.0003866020342684351,1.9864121467111155,0.0,0.0,0.004243958624088107,0.018905881100813926,0.025950969699469528,0.573145098360084,0.3582699076402621,0.5833333333333334
bulk,eig@logskewnormal-quad,30,60.0,60.0,40.87179229895992,0.0008814460306894034,2.0152995527448883,0.0,0.0,0.004243958624088107,0.02510016703458673,0.024400912098579086,0.5093750059930603,0.370235285112034,0.75
bulk,eig@logskewnormal-quad,30,120.0,120.0,55.408178258941916,0.0014754150251974352,1.9698221342600117,0.0,0.0,0.004243958624088107,0.026694644508969634,0.031972691641605766,0.3899361548075484,0.356506908575582,0.9166666666666666
bulk,eig@logskewnormal-quad,30,180.0,180.0,72.84031230295659,0.0022256430092966184,1.9196063474761595,0.0,0.0,0.004243958624088107,0.02510016703458673,0.03197269164160588,0.4103353842870447,0.3034353696208929,1.0
bulk,eig@logskewnormal-quad,30,240.0,240.0,90.2779845969635,0.002850437980669085,1.6926914865908638,0.0,0.0,0.004243958624088107,0.0,0.0,0.31121802439401913,0.20456121541991712,1.0
bulk,eig@logskewnormal-quad,31,30.0,30.0,17.09636357902491,0.00032664900209056213,1.9487556312870244,0.0,0.2382762539420289,0.28477841936924686,0.33933030424996935,0.386520920560971,0.39480936600787625,0.47208216015782883,0.75
bulk,eig@logskewnormal-quad,31,60.0,60.0,25.394377955009986,0.0006998500030022115,1.8672591168020105,0.0,0.2167265226866103,0.15405314973446804,0.028609626661081577,0.10912415552647936,0.34363643181823467,0.439031425584268,0.75
bulk,eig@logskewnormal-quad,31,120.0,120.0,45.385603416005324,0.0014243939804146066,1.7558221142203847,0.0,0.2382762539420289,0.2502081258571053,0.14016784834731866,0.14039770763212,0.30694146627405094,0.3516580514511746,1.0
bulk,eig@logskewnormal-quad,31,180.0,180.0,61.617741576978005,0.0021606929731206037,1.6437537800138775,0.0,0.0,0.13072526963477893,0.13679503035476748,0.05570763240927734,0.21092071002935683,0.30785284786098,1.0
bulk,eig@logskewnormal-quad,31,240.0,240.0,77.54805635401863,0.002832187950843945,1.605794823721489,0.0,0.0,0.0,0.04128642265968707,0.031204027033697512,0.1328568664226589,0.28314878648996344,1.0
bulk,eig@logskewnormal-quad,32,30.0,30.0,30.081502187007573,0.00037946699740132317,2.0879135761618786,0.0,0.03314572155992468,0.11652665134227669,0.001668986130187733,0.016648314999386682,0.6694214914823994,0.46039232769922195,0.6666666666666666
bulk,eig@logskewnormal-quad,32,60.0,60.0,44.936305497998546,0.0007514289682148956,1.883004639344714,0.0,0.03314572155992468,0.11652665134227669,0.09957312980862609,0.0,0.39374339667782426,0.38280869399455536,0.75
bulk,eig@logskewnormal-quad,32,120.0,120.0,72.89990156799468,0.0015097829600563273,1.820911698668623,0.0,0.0,0.0,0.0,0.0,0.2790724697789709,0.3465700279519357,0.8333333333333334
bulk,eig@logskewnormal-quad,32,180.0,180.0,95.77751364199503,0.00219706696952926,1.8139058839282143,0.0,0.0,0.0,0.0,0.0,0.24172367853849988,0.3344053350529721,0.9166666666666666
bulk,eig@logskewnormal-quad,32,240.0,240.0,116.02217994996317,0.0029650239666807465,1.8202124269038213,0.0,0.0,0.0,0.0,0.0,0.2536985763811764,0.36178379435236646,0.9166666666666666
bulk,eig@logskewnormal-quad,33,30.0,30.0,17.6991119119848,0.0003137150051770732,1.8662164936762355,0.13018507767653065,0.0,0.038614398775764225,0.0,0.07275720756512793,0.4116748966246373,0.43312456970989655,0.5833333333333334
bulk,eig@logskewnormal-quad,33,60.0,60.0,27.73710901896993,0.0007404549905913882,1.8452482156377437,0.13018507767653065,0.0,0.038614398775764225,0.0,0.05157533141990789,0.3501919334446627,0.407397385346682,0.75
bulk,eig@logskewnormal-quad,33,120.0,120.0,42.129558825959975,0.0013821359898429364,1.58961187535448,0.13018507767653065,0.0,0.038614398775764225,0.0,0.0,0.2049048872968587,0.261794119191873,0.9166666666666666
bulk,eig@logskewnormal-quad,33,180.0,180.0,52.761888819957676,0.0020643509851652198,1.605648834117994,0.13018507767653065,0.0,0.038614398775764225,0.04593475858188267,0.0,0.25087978704457004,0.2542281954812545,1.0
bulk,eig@logskewnormal-quad,33,240.0,240.0,61.99934074898192,0.0026952089901897125,1.6302192621256564,0.13018507767653065,0.0,0.038614398775764225,0.04593475858188267,0.0,0.3217592985559656,0.2297005463639447,1.0
bulk,eig@logskewnormal-quad,34,30.0,30.0,30.150546869983373,0.00036340998485684395,1.7558216461971685,0.0,0.0,0.07416692577238249,0.06486804845476124,0.09630104352808033,0.3376122351331705,0.3070884979298174,0.5833333333333334
bulk,eig@logskewnormal-quad,34,60.0,60.0,40.58670384198922,0.0007615919603267685,1.6705837372788739,0.0,0.0,0.07416692577238249,0.06486804845476124,0.0,0.23552064285069133,0.2580936851088269,0.8333333333333334
bulk,eig@logskewnormal-quad,34,120.0,120.0,51.961483243976545,0.0012976639627595432,1.6658986645147031,0.0,0.0,0.0,0.0,0.0,0.23927389481333428,0.24152926605023345,0.9166666666666666
bulk,eig@logskewnormal-quad,34,180.0,180.0,66.22708979296294,0.001990242933970876,1.5799695325685803,0.0,0.0,0.0,0.030996611287202547,0.0,0.17493833239798393,0.1841697794752488,0.9166666666666666
bulk,eig@logskewnormal-quad,34,240.0,240.0,82.0357032269385,0.002756861904344987,1.5501384815485573,0.0,0.0,0.0,0.030996611287202547,0.0,0.1279109717721223,0.1615325764330674,1.0
bulk,eig@logskewnormal-quad,35,30.0,30.0,16.47633882096852,0.00031123000371735543,1.865055002002508,0.0,0.0,0.0,0.07245010318039291,0.006847707704469741,0.653581473438603,0.24151932015714628,0.5833333333333334
bulk,eig@logskewnormal-quad,35,60.0,60.0,25.900900880973495,0.0006277020074776374,1.7676548623387942,0.0,0.0,0.0,0.0,0.006847707704469963,0.529541465605336,0.21707312569221482,0.75
bulk,eig@logskewnormal-quad,35,120.0,120.0,41.12490248596441,0.001263330974325072,1.7899013039022578,0.2999774708406655,0.0,0.0,0.0,0.006847707704469963,0.5692564952122253,0.19076257843650243,0.9166666666666666
bulk,eig@logskewnormal-quad,35,180.0,180.0,54.91184158098622,0.0019557679697754793,1.6808489790576804,0.0,0.0,0.0,0.0,0.006847707704469963,0.25788743745043813,0.15108484842520387,0.9166666666666666
bulk,eig@logskewnormal-quad,35,240.0,240.0,69.28342081798473,0.002615545949083753,1.6889043833329274,0.0,0.0,0.0,0.0,0.006847707704469963,0.30335572620089996,0.16716621717445054,0.9166666666666666
bulk,eig@logskewnormal-quad,36,30.0,30.0,25.642384342019795,0.0003567649982869625,2.0298476992148466,0.4834803781595589,0.027733828510177028,0.0761885409816343,0.09523031563431628,0.12552908804421492,0.3652801702691673,0.40107861866841105,0.6666666666666666
bulk,eig@logskewnormal-quad,36,60.0,60.0,35.231114991998766,0.0007807420042809099,1.997267105706176,0.4834803781595589,0.30996738155828774,0.0,0.029790611246678256,0.028767929082627153,0.3162467020810621,0.38326109826389715,0.75
bulk,eig@logskewnormal-quad,36,120.0,120.0,48.29201579099754,0.0014538889954565093,1.9624722613299648,0.0,0.0,0.0,0.033291419004691014,0.028767929082627153,0.2734985078247599,0.364634638441734,0.8333333333333334
bulk,eig@logskewnormal-quad,36,180.0,180.0,59.50508762400568,0.002197131994762458,1.9918618303711169,0.0,0.0,0.0,0.033291419004691014,0.028767929082627153,0.2687567463662714,0.3788466437892323,0.9166666666666666
bulk,eig@logskewnormal-quad,36,240.0,240.0,70.49887433201366,0.0028475289800553583,1.688400813940351,0.0,0.0,0.0,0.07004699958261973,0.03478652936385451,0.15477015902022495,0.14066980157434547,0.9166666666666666
bulk,eig@logskewnormal-quad,37,30.0,30.0,31.669959226019273,0.0003036979978787713,2.029155844392137,0.1272886183430063,0.09793574789343917,0.0,0.0,0.021157747497572155,0.6451603255621231,0.21942079599948372,0.5833333333333334
bulk,eig@logskewnormal-quad,37,60.0,60.0,47.691089887026465,0.0006615170059376396,2.0609964964968195,0.18340538975113352,0.09793574789343917,0.0,0.0,0.021157747497572155,0.6964854536395333,0.23377226218854555,0.9166666666666666
bulk,eig@logskewnormal-quad,37,120.0,120.0,73.37955106802838,0.0013194010098231956,1.8637758579289858,0.0,0.0,0.0,0.0,0.0,0.31339621118903616,0.1433839077671487,0.9166666666666666
bulk,eig@logskewnormal-quad,37,180.0,180.0,98.47330545603472,0.0021017010367359035,1.8578006420771178,0.0,0.0,0.0,0.0,0.0,0.2341907828421872,0.13062460479209068,0.9166666666666666
bulk,eig@logskewnormal-quad,37,240.0,240.0,115.1929974200466,0.0029609590346808545,1.8167355293696195,0.0,0.0,0.0,0.0,0.0,0.13619067858034958,0.1012019650850766,1.0
bulk,eig@logskewnormal-quad,38,30.0,30.0,22.07900014297047,0.00036516199907055125,1.8343800308878413,0.0,0.0,0.018690190473064305,0.0,0.0003266813186881823,0.5958908187691941,0.3288194084716963,0.75
bulk,eig@logskewnormal-quad,38,60.0,60.0,33.08262140595616,0.0006654489989159629,1.759120255926715,0.0,0.0,0.018690190473064305,0.0,0.0003266813186881823,0.2868793605539792,0.2864680784538265,0.8333333333333334
bulk,eig@logskewnormal-quad,38,120.0,120.0,48.3428495499611,0.0012120300161768682,1.7418641064387588,0.0,0.0,0.018690190473064305,0.0,0.0003266813186881823,0.2144746121998706,0.2603385504602327,0.8333333333333334
bulk,eig@logskewnormal-quad,38,180.0,180.0,61.562630436928885,0.001804584033379797,1.7431524319641507,0.0,0.0,0.0,0.0,0.0003266813186881823,0.25680843938959125,0.25363447470462724,1.0
bulk,eig@logskewnormal-quad,38,240.0,240.0,72.44361996593943,0.0023521470720879734,1.7500447982056555,0.0,0.0,0.018690190473064305,0.0,0.0003266813186881823,0.2965918469800912,0.2377701837682907,1.0
bulk,eig@logskewnormal-quad,39,30.0,30.0,25.909630029018444,0.0003548940148903057,1.8363278363521163,0.0,0.0,0.03937405229126123,0.03527349595602003,0.0,0.4407020553033791,0.43170225549811003,0.75
bulk,eig@logskewnormal-quad,39,60.0,60.0,38.51788777900947,0.0007227960231830366,1.8359134857429356,0.0,0.0,0.03937405229126123,0.01788332443649754,0.0,0.4161798193529066,0.38679381548711617,0.9166666666666666
bulk,eig@logskewnormal-quad,39,120.0,120.0,54.61403626500396,0.0014229750668164343,1.8730812118310711,0.0,0.0,0.03937405229126123,0.01788332443649754,0.0,0.4107405338957287,0.357962848852517,0.9166666666666666
bulk,eig@logskewnormal-quad,39,180.0,180.0,73.72792915200262,0.002140886092092842,1.6880217506724087,0.0,0.0,0.03937405229126123,0.01788332443649754,0.0,0.34196273694097057,0.27844990212376924,1.0
bulk,eig@logskewnormal-quad,39,240.0,240.0,94.77508043198759,0.002865500071493443,1.630134611311866,0.0,0.0,0.03937405229126123,0.01788332443649754,0.0,0.29342720958647767,0.2460046339518927,1.0
bulk,eig@logskewnormal-quad,40,30.0,30.0,21.115671765968727,0.00037095602601766586,1.3438590928070921,0.02590319911044281,0.0,0.08953253272237638,0.02163201037000595,0.015356502559888296,0.20724389661828668,0.2952985182043314,0.5833333333333334
bulk,eig@logskewnormal-quad,40,60.0,60.0,32.032801141969685,0.0006986470252741128,1.3592881578567704,0.0,0.0,0.08953253272237638,0.02163201037000595,0.015356502559888296,0.21628145931403708,0.30989728957705703,0.6666666666666666
bulk,eig@logskewnormal-quad,40,120.0,120.0,51.89455459193414,0.0015607630193699151,1.271781333125083,0.0,0.0,0.0674955332887105,0.05533839318533085,0.06239082467116719,0.12376804536809842,0.2600476759620975,0.75
bulk,eig@logskewnormal-quad,40,180.0,180.0,68.038684420957,0.0024155460196197964,1.2841515052405825,0.0,0.0,0.0674955332887105,0.05533839318533085,0.0,0.15252991704866636,0.27186732561391785,0.75
bulk,eig@logskewnormal-quad,40,240.0,240.0,78.00468330395233,0.0031024690251797438,1.2808522155508335,0.0,0.0,0.0674955332887105,0.05533839318533085,0.0,0.14521107519069096,0.2617042062812195,1.0
bulk,eig@logskewnormal-quad,41,30.0,30.0,27.076431331013737,0.0003477489881333895,1.2647884123993895,0.0,0.11672176412096102,0.0,0.0017573159921262516,0.03524629515005373,0.24859873712162486,0.504395321411359,0.5
bulk,eig@logskewnormal-quad,41,60.0,60.0,38.86815603097784,0.0007561740058008581,1.2501251095269519,0.0,0.11672176412096102,0.0,0.03753040946664843,0.03359593004584582,0.1988296234124913,0.46786242045405785,0.75
bulk,eig@logskewnormal-quad,41,120.0,120.0,57.147374323991244,0.0015976330178091303,1.234071137927906,0.0,0.0,0.0,0.007362309966399527,0.00691423711463901,0.1276431519420302,0.4227015654966288,0.9166666666666666
bulk,eig@logskewnormal-quad,41,180.0,180.0,71.22132427996257,0.002382831007707864,1.244685741962876,0.0,0.0,0.0,0.007362309966399527,0.04051016716048483,0.11921119051037249,0.40314064700107005,0.9166666666666666
bulk,eig@logskewnormal-quad,41,240.0,240.0,84.46409164097713,0.003286600003775675,1.188809518407948,0.0,0.0,0.0,0.0,0.005263872010431103,0.0944034207558746,0.3623067518068783,1.0
bulk,eig@logskewnormal-quad,42,30.0,30.0,28.700136419000046,0.00039536599797429517,1.451037628553152,0.0,0.006554568656070292,0.0,0.0061085278771148,-2.220446049250313e-16,0.20549304194222637,0.4470306894068205,0.5
bulk,eig@logskewnormal-quad,42,60.0,60.0,41.45056706399191,0.0007442979913321324,1.4223700848127374,0.0,0.0,0.0,0.0,0.0,0.1511948598727635,0.3904541994223897,0.8333333333333334
bulk,eig@logskewnormal-quad,42,120.0,120.0,65.76262808297179,0.0014186130138114095,1.4099426693496782,0.0,0.006554568656070292,0.0,0.0,0.0,0.20501960003723835,0.32980650147624246,0.9166666666666666
bulk,eig@logskewnormal-quad,42,180.0,180.0,84.52870217199234,0.0021900940118939616,1.4079370113474052,0.0,0.006554568656070292,0.0,0.0,0.0,0.23792093779712606,0.2807967357645614,1.0
bulk,eig@logskewnormal-quad,42,240.0,240.0,95.15737928995077,0.002787210018141195,1.344568207870771,0.0,0.006554568656070292,0.0,0.0,0.0,0.14414877899910475,0.253764093084212,1.0
bulk,eig@logskewnormal-quad,43,30.0,30.0,29.545842496976547,0.0003515759963192977,1.4514229216119547,0.0,0.0,0.0,0.0,0.0036570929906859506,0.49854231003122745,0.4213917323105949,0.5833333333333334
bulk,eig@logskewnormal-quad,43,60.0,60.0,42.87475722297677,0.0007317339841392823,1.3796923656879179,0.0,0.0,0.0,0.0,0.0036570929906859506,0.13998265264377302,0.3804541255999781,0.75
bulk,eig@logskewnormal-quad,43,120.0,120.0,56.780111482970824,0.0014021859897184186,1.3769213611346756,0.0,0.0,0.0,0.0,0.006731570726074332,0.27115362355378597,0.32961802409592134,0.9166666666666666
bulk,eig@logskewnormal-quad,43,180.0,180.0,67.3477671909859,0.002068074005364906,1.4074195626306854,0.0,0.0,0.040257238286312225,0.0,0.0036570929906859506,0.348812232378098,0.3198581850993904,1.0
bulk,eig@logskewnormal-quad,43,240.0,240.0,76.81549926996377,0.0026701250026235357,1.3713072527653234,0.0,0.0,0.0,0.0,0.0036570929906859506,0.17640898519540543,0.29515553040362325,1.0
bulk,eig@logskewnormal-quad,44,30.0,30.0,26.175959774991497,0.00030390097526833415,1.5616629738006953,0.0,0.08667654201849351,0.050716923998323504,-2.220446049250313e-16,-2.220446049250313e-16,0.360499653935939,0.29673795162982897,0.6666666666666666
bulk,eig@logskewnormal-quad,44,60.0,60.0,40.06100399299612,0.0006489369698101655,1.4517491617141858,0.0,0.0,0.0,0.0,0.0,0.09393294849365551,0.2198219052860928,0.8333333333333334
bulk,eig@logskewnormal-quad,44,120.0,120.0,61.406880722002825,0.0013059849370620213,1.4466660517631134,0.0,0.0,0.0,0.0,0.0,0.13849063639351994,0.2120030841552143,0.8333333333333334
bulk,eig@logskewnormal-quad,44,180.0,180.0,74.48758602403541,0.0019092499424004927,1.4595141754925771,0.0,0.08667654201849351,0.07004749072360328,0.0,0.0,0.14938284375335645,0.19726408047047672,0.9166666666666666
bulk,eig@logskewnormal-quad,44,240.0,240.0,79.81712620605686,0.0024230059279943816,1.448662002389194,0.0,0.0,0.050716923998323726,0.0,0.0,0.12112197542685745,0.20198128934367718,0.9166666666666666
bulk,eig@logskewnormal-quad,45,30.0,30.0,21.988039613046567,0.00042422301339684054,1.3288005575295727,0.0,0.0,0.0,0.012785133383092617,0.03677217530224508,0.09199242185568254,0.30394605045925055,0.5
bulk,eig@logskewnormal-quad,45,60.0,60.0,31.24264303404925,0.0007767690185573883,1.3451581086723265,0.0,0.0,0.0,0.012785133383092617,0.03677217530224508,0.13606415850146522,0.3019943333459227,0.75
bulk,eig@logskewnormal-quad,45,120.0,120.0,44.911976977062295,0.001573464040120598,1.3507989186536806,0.17077981014696364,0.0,0.0,0.012785133383092617,0.0508326217950722,0.15142491889624723,0.3046888088468687,0.75
bulk,eig@logskewnormal-quad,45,180.0,180.0,53.91460642909806,0.002210717044363264,1.2985714833924857,0.0,0.0,0.0,0.012785133383092617,0.0,0.11106322835961709,0.26479294944054865,0.9166666666666666
bulk,eig@logskewnormal-quad,45,240.0,240.0,61.690325014074915,0.002765017037745565,1.2738968746593875,0.0,0.0,0.0,0.012785133383092617,0.0,0.06478231860398788,0.23026257607276615,1.0
bulk,eig@logskewnormal-quad,46,30.0,30.0,19.48949326400907,0.0003720250169862993,1.2814707857309238,0.0,0.002321576897565847,0.082600186713495,0.10711874996580584,0.10217817050568123,0.28770330245578035,0.30276622904766504,0.5
bulk,eig@logskewnormal-quad,46,60.0,60.0,32.34298524400947,0.0007650789921171963,1.272271258156698,0.0,0.002321576897565847,0.082600186713495,0.07357813028199134,0.0709974626406581,0.3057291861823781,0.28261201736437735,0.75
bulk,eig@logskewnormal-quad,46,120.0,120.0,48.01060783198773,0.0014832409942755476,1.2338296009554044,0.0,0.0,0.0806021491002098,0.05688396899602044,0.02170091555721365,0.16299333207860017,0.2793841912570585,0.75
bulk,eig@logskewnormal-quad,46,180.0,180.0,54.48525709198293,0.002082168975903187,1.2149584239624298,0.0,0.0,0.0,0.0,0.02170091555721365,0.11961665350862029,0.24788075673565693,0.8333333333333334
bulk,eig@logskewnormal-quad,46,240.0,240.0,57.38641310098319,0.002425391983706504,1.1830021111522575,0.0,0.0,0.016743140423742142,0.0,0.02170091555721365,0.06187007714226967,0.2021387892028658,0.8333333333333334
bulk,eig@logskewnormal-quad,47,30.0,30.0,31.01644839499204,0.0004990649904357269,1.7137158383448687,0.0,0.0,0.0,0.0,0.0,0.461181343702669,0.4212338275884242,0.5833333333333334
bulk,eig@logskewnormal-quad,47,60.0,60.0,42.6843834239844,0.0008325399903696962,1.6710141099719233,0.0,0.0,0.0,0.0,0.0,0.39429531341204344,0.38531928555027517,0.75
bulk,eig@logskewnormal-quad,47,120.0,120.0,50.839113190973876,0.0012463779930840246,1.5531719869808693,0.0,0.0,0.0,0.0,0.0,0.2612736347332307,0.2937351854371802,0.9166666666666666
bulk,eig@logskewnormal-quad,47,180.0,180.0,53.20422817097278,0.0015156439767451957,1.5144446967406153,0.0,0.0,0.0,0.0,0.0,0.19760779415772778,0.2538767260216202,0.9166666666666666
bulk,eig@logskewnormal-quad,47,240.0,240.0,54.95862222298456,0.0017382859950885177,1.495165451070867,0.0,0.0,0.0,0.0,0.0,0.10945888303652032,0.22485180119548967,1.0
bulk,eig@logskewnormal-quad,48,30.0,30.0,16.01017844700982,0.0003019019713974558,1.2067346884990624,0.0,0.0,0.0,0.0,0.0,0.24001666556298648,0.28973474552826206,0.6666666666666666
bulk,eig@logskewnormal-quad,48,60.0,60.0,22.951530075042683,0.0006135749936220236,1.1810830721840966,0.0,0.0,0.0,0.0,0.0,0.16820975851389525,0.253964262528531,0.75
bulk,eig@logskewnormal-quad,48,120.0,120.0,30.265424791046826,0.0011455729909357615,1.1448043923092388,0.0,0.0,0.0,0.0,0.0,0.09986567928562398,0.19197240880974326,0.9166666666666666
bulk,eig@logskewnormal-quad,48,180.0,180.0,36.87182732205838,0.0016787940039648674,1.127122868686677,0.0,0.0,0.0,0.0,0.0,0.08681067738729216,0.16632069584106826,0.9166666666666666
bulk,eig@logskewnormal-quad,48,240.0,240.0,42.23117371205444,0.002206181023211684,1.129931424090896,0.0,0.0,0.0,0.0,0.021776742367799917,0.10688193630217585,0.14331367096199568,1.0
bulk,eig@logskewnormal-quad,49,30.0,30.0,22.985090340021998,0.00041882800724124536,1.4968862018889422,0.0,0.06462219251272905,0.0,0.0,0.0,0.3028889316491789,0.2561436308817613,0.6666666666666666
bulk,eig@logskewnormal-quad,49,60.0,60.0,30.765137218018936,0.0007055630048853345,1.4705557065600698,0.0,0.06462219251272905,0.0,0.0,0.0,0.17386086186291222,0.23420302939470303,0.75
bulk,eig@logskewnormal-quad,49,120.0,120.0,40.20710437699745,0.0012119060411350802,1.4482998836102376,0.0,0.06462219251272905,0.0,0.0,0.0,0.14730966509426127,0.18037218872153968,0.9166666666666666
bulk,eig@logskewnormal-quad,49,180.0,180.0,42.5523785049736,0.001475622077123262,1.427445257820693,0.0,0.0,0.0,0.0,0.0,0.10922864131733775,0.1524701397522827,1.0
bulk,eig@logskewnormal-quad,49,240.0,240.0,44.42591428201558,0.00173281707247952,1.4269692342526508,0.0,0.0,0.0,0.0,0.0,0.08580580550628243,0.13558301255843538,1.0
bulk,eig@logskewnormal-poisson,0,30.0,23.0,5.917298882999603,0.11759617801362765,1.6027411030650252,0.11699761815798104,0.0,0.0,0.0968156002288294,0.146149641249247,0.2959410869126999,0.33646676015745386,0.5833333333333334
bulk,eig@logskewnormal-poisson,0,60.0,39.0,8.716330991010182,0.19743202002064209,1.5846372030690283,0.11699761815798104,0.0,0.0,0.0968156002288294,0.146149641249247,0.2594551527914142,0.32114997235101717,0.75
bulk,eig@logskewnormal-poisson,0,120.0,64.0,13.342015114998503,0.3356993010165752,1.646262388583371,0.11699761815798104,0.0,0.0,0.0968156002288294,0.146149641249247,0.31624476170835897,0.344715789125483,0.8333333333333334
bulk,eig@logskewnormal-poisson,0,180.0,84.0,17.021792647992697,0.4484862910103402,1.625135502200037,0.11699761815798104,0.0,0.0,0.06560699616924415,0.14128803546374524,0.29107031797455635,0.32617588880243464,0.9166666666666666
bulk,eig@logskewnormal-poisson,0,240.0,107.0,21.758689600985235,0.5916489150113193,1.434539406647972,0.11699761815798104,0.0,0.0,0.0,0.05489967823244424,0.1617244659097589,0.20423007633129575,1.0
bulk,eig@logskewnormal-poisson,1,30.0,26.0,6.372561538999435,0.13433258499935619,1.1917916660341827,0.17547599762442456,0.20699468824656553,0.0,0.011172001678627974,0.04588483826249723,0.23234746477372878,0.36801086738792116,0.5
bulk,eig@logskewnormal-poisson,1,60.0,46.0,9.871173206993262,0.23662371499813162,1.1963356213411867,0.17547599762442456,0.20699468824656553,0.0,0.011172001678627974,0.036922425209787946,0.268429843687842,0.3121373383806308,0.6666666666666666
bulk,eig@logskewnormal-poisson,1,120.0,73.0,15.006060146006348,0.3931732689961791,1.1240172607529535,0.17547599762442456,0.20699468824656553,0.0,0.011172001678627974,0.04588483826249723,0.18366330541658407,0.25698833842869745,0.8333333333333334
bulk,eig@logskewnormal-poisson,1,180.0,103.0,20.36587810500714,0.5519364959873201,1.1254413908594088,0.17547599762442456,0.20699468824656553,0.0,0.011172001678627974,0.04409128590016276,0.18874590042193928,0.2537098883903425,0.9166666666666666
bulk,eig@logskewnormal-poisson,1,240.0,130.0,25.204666417015687,0.6930806179880165,1.0900856552327693,0.17547599762442456,0.0,0.0,0.011172001678627974,0.04409128590016276,0.12409799684881304,0.2418189770988909,0.9166666666666666
bulk,eig@logskewnormal-poisson,2,30.0,27.0,14.128400861991395,0.2029957109989482,1.2634188207080537,0.0,0.0,0.02910839710805624,0.0,0.06057372558805352,0.16740667862710734,0.47936367412599207,0.6666666666666666
bulk,eig@logskewnormal-poisson,2,60.0,47.0,21.23386210899116,0.35649860699049896,1.249061543592322,0.0,0.0,0.02910839710805624,0.0,0.06057372558805352,0.27032203894810586,0.4375215773963288,0.75
bulk,eig@logskewnormal-poisson,2,120.0,75.0,30.952067170968803,0.5629222159805067,1.2389385395341919,0.0,0.0,0.07367704239226003,0.06632239671445872,0.01944364833435641,0.28527755444534164,0.40398996137229454,0.9166666666666666
bulk,eig@logskewnormal-poisson,2,180.0,98.0,39.4156354939696,0.7294065369860618,1.196336727805139,0.0,0.0,0.07367704239226003,0.06632239671445872,0.01944364833435641,0.1563125014842745,0.39424156250428377,1.0
bulk,eig@logskewnormal-poisson,2,240.0,127.0,49.95688442197206,0.9388355239789234,1.1804521702609418,0.0,0.0,0.07367704239226003,0.04011968012814093,0.01944364833435641,0.1370857477694029,0.37177640336798407,1.0
bulk,eig@logskewnormal-poisson,3,30.0,27.0,6.803423762012244,0.14809800699003972,1.9045554685743564,0.0,0.0,0.0,0.0,0.03431632298416809,0.4214900845933674,0.21664244559703022,0.6666666666666666
bulk,eig@logskewnormal-poisson,3,60.0,44.0,9.88613869200708,0.238902627981588,1.7812916585424476,0.0,0.0,0.0,0.0,0.0,0.31640991777096744,0.1866787055591516,0.75
bulk,eig@logskewnormal-poisson,3,120.0,79.0,16.480806139021297,0.43626413497986505,1.754583194983563,0.0,0.0,0.0,0.019376008584405358,0.0,0.1985687426026626,0.18873522409998472,0.9166666666666666
bulk,eig@logskewnormal-poisson,3,180.0,106.0,21.539807541023038,0.5775511849824397,1.7488321217121003,0.0,0.0,0.0,0.019376008584405358,0.0,0.23831994539570767,0.1858625676940199,0.9166666666666666
bulk,eig@logskewnormal-poisson,3,240.0,130.0,25.746810565022315,0.7039869869768154,1.726517845406179,0.0,0.0,0.0,0.019376008584405358,0.0,0.19189042677920906,0.14869916506847058,0.9166666666666666
bulk,eig@logskewnormal-poisson,4,30.0,28.0,14.665733156005444,0.2032615130119666,1.7652689061922169,0.09546082567376357,0.0,0.07558332348017405,0.0,0.0006204992361537043,0.41872237326535816,0.17167034466732214,0.6666666666666666
bulk,eig@logskewnormal-poisson,4,60.0,45.0,20.97558734400809,0.3255324520068825,1.8239647820101297,0.09546082567376357,0.0,0.0,0.0,0.0006204992361537043,0.4951591265760366,0.19984006714641916,0.75
bulk,eig@logskewnormal-poisson,4,120.0,74.0,31.481821328023216,0.5351204330036126,1.7002230778385137,0.09546082567376357,0.0,0.07558332348017405,0.0,0.0006204992361537043,0.19554785719167275,0.19019323089556783,0.8333333333333334
bulk,eig@logskewnormal-poisson,4,180.0,103.0,41.9263119390198,0.7478715860015654,1.6550392048441998,0.0,0.0,0.0,0.0,0.0006204992361537043,0.09558004233776214,0.18703939074684378,0.8333333333333334
bulk,eig@logskewnormal-poisson,4,240.0,125.0,50.24265924702195,0.9067664379981579,1.6220947588535617,0.0,0.0,0.0,0.0,0.002268388988543535,0.08788680630466848,0.1773136599859954,0.8333333333333334
bulk,eig@logskewnormal-poisson,5,30.0,26.0,13.809352685002523,0.19551848600167432,1.9565757545644533,0.0,0.1736659975358592,0.23626885902160322,0.28949863575081625,0.2418626928998987,0.46811394132697703,0.36397222898106935,0.8333333333333334
bulk,eig@logskewnormal-poisson,5,60.0,48.0,21.96892158799892,0.3608712220011512,1.8875783884063753,0.0,0.1736659975358592,0.23626885902160322,0.12677483613876916,0.11877267533910407,0.38245912866042925,0.3197499063060774,0.9166666666666666
bulk,eig@logskewnormal-poisson,5,120.0,76.0,32.03462539099928,0.5623524750044453,1.7494276095264976,0.0,0.14789855749189662,0.22284647515286382,0.11514589911992557,0.11877267533910407,0.2902718144486554,0.2275992238301541,0.9166666666666666
bulk,eig@logskewnormal-poisson,5,180.0,103.0,41.75623449399427,0.7592771600066044,1.6845702170429346,0.0,0.14789855749189662,0.10327030495637379,0.020206350720126998,0.0230590500539275,0.22312604996856186,0.17845487920409156,0.9166666666666666
bulk,eig@logskewnormal-poisson,5,240.0,124.0,49.623046384997,0.9124562900142337,1.6824331043088716,0.0,0.0,0.07994767490751864,0.10656848541864206,0.015355315148664728,0.2157161481335397,0.17910295826787337,0.9166666666666666
bulk,eig@logskewnormal-poisson,6,30.0,24.0,13.033763170991733,0.17716020399166155,1.2166245530781974,0.0,0.0780754520573207,0.0,0.0,0.030435358687608494,0.2512798659582133,0.38515765376704786,0.5
bulk,eig@logskewnormal-poisson,6,60.0,38.0,18.238830512989807,0.28199747399048647,1.1826531440014316,0.0,0.0,0.0,0.019249937604791545,0.0,0.2106096902312022,0.36705849256823386,0.5833333333333334
bulk,eig@logskewnormal-poisson,6,120.0,64.0,27.63853983897934,0.48327746798531734,1.1520238322749559,0.0,0.0780754520573207,0.0,0.0,0.0,0.15699344153911693,0.33703600778941845,0.8333333333333334
bulk,eig@logskewnormal-poisson,6,180.0,84.0,34.94065450297421,0.6238565039784589,1.1275512766093494,0.0,0.0,0.0,0.0,0.0,0.13656327459190457,0.3183846869557266,0.9166666666666666
bulk,eig@logskewnormal-poisson,6,240.0,111.0,45.0693783489769,0.8251438359729946,1.1257116825819564,0.0,0.0,0.0,0.019249937604791545,0.0,0.13620245762339392,0.2992811906809331,0.9166666666666666
bulk,eig@logskewnormal-poisson,7,30.0,30.0,15.548058519991173,0.22653219199128216,1.9098257253101332,0.0,0.11078645016984656,0.11919275369141469,0.016397710014314115,0.0,0.592191406036785,0.23964292213812594,0.75
bulk,eig@logskewnormal-poisson,7,60.0,53.0,23.908211115995073,0.40269774198532104,1.816455754402903,0.0,0.0,0.0,0.016397710014314115,0.0,0.42563721731344784,0.1925893421975833,0.8333333333333334
bulk,eig@logskewnormal-poisson,7,120.0,82.0,34.1641518969991,0.6207362459681462,1.7778525289256804,0.0,0.0,0.0,0.038969745336649764,0.03494991865666364,0.18721923624317707,0.18450896219549476,0.8333333333333334
bulk,eig@logskewnormal-poisson,7,180.0,110.0,44.05034641100792,0.8321208769666555,1.7319014602646685,0.0,0.0,0.0,0.016397710014314115,0.03494991865666375,0.1647901174563039,0.15399588063300168,0.9166666666666666
bulk,eig@logskewnormal-poisson,7,240.0,133.0,52.58031762500468,1.0051626899585244,1.699154525895764,0.0,0.0,0.0,0.016397710014314115,0.0,0.10183935701171787,0.13164439175211873,0.9166666666666666
bulk,eig@logskewnormal-poisson,8,30.0,27.0,6.726246260990592,0.13714359101140872,1.5833559648564393,0.0,0.06706677782912995,0.08647917797905791,-2.220446049250313e-16,-2.220446049250313e-16,0.37353197771457364,0.2807483639186731,0.5833333333333334
bulk,eig@logskewnormal-poisson,8,60.0,46.0,10.045680381994316,0.23427213601826224,1.570504137549243,0.0,0.0,0.03274912267043728,0.0,0.0,0.4516062238609971,0.2809559692386328,0.6666666666666666
bulk,eig@logskewnormal-poisson,8,120.0,78.0,15.906015927979752,0.4125369420253264,1.5185658145866698,0.0,0.0,0.0,0.0,0.0,0.33911157438881295,0.2591008420245766,0.8333333333333334
bulk,eig@logskewnormal-poisson,8,180.0,110.0,21.78875050998613,0.5800980350250029,1.4780194585320814,0.0,0.0,0.0,0.0,0.0,0.32472883687714643,0.21601499447085304,0.8333333333333334
bulk,eig@logskewnormal-poisson,8,240.0,134.0,26.085970464991988,0.704837181023322,1.4448314405129699,0.0,0.0,0.0,0.0,0.0,0.16602474532604952,0.19898804266608147,0.8333333333333334
bulk,eig@logskewnormal-poisson,9,30.0,26.0,14.341183378008282,0.19467178600098123,1.9187349109103555,0.1338463177732382,0.24815126085312178,0.08611361017936259,0.07582669895769878,0.12008842220200233,0.42741979887972564,0.4127780016001796,0.6666666666666666
bulk,eig@logskewnormal-poisson,9,60.0,47.0,22.112620217994845,0.3600479230044584,1.8625843392411576,0.1338463177732382,0.0,0.08611361017936259,0.07582669895769878,0.06501373690925805,0.32496219538605525,0.4095389825840214,0.8333333333333334
bulk,eig@logskewnormal-poisson,9,120.0,83.0,35.18318032199022,0.6225451820064336,1.8408157183338199,0.0,0.0,0.08611361017936259,0.07582669895769878,0.11335338198109368,0.3194913899077608,0.38696994316136085,0.9166666666666666
bulk,eig@logskewnormal-poisson,9,180.0,116.0,47.089465448978444,0.8668334780013538,1.843326067755531,0.0,0.1764281658861907,0.08611361017936259,0.07582669895769878,0.06501373690925805,0.29975360591554157,0.3861953073233879,1.0
bulk,eig@logskewnormal-poisson,9,240.0,131.0,52.799962813969614,0.9784365310042631,1.7792258276402866,0.0,0.1764281658861907,0.08611361017936259,0.07582669895769878,0.06501373690925805,0.28751463463990984,0.32843516128084865,1.0
bulk,eig@logskewnormal-poisson,10,30.0,25.0,13.840694413993333,0.18197643600797164,1.772664932791839,0.0,0.0,0.04921843374333046,0.0355049437738173,0.07664997905049176,0.5586544441412612,0.3719495041447487,0.6666666666666666
bulk,eig@logskewnormal-poisson,10,60.0,47.0,22.195026564993896,0.3470295490187709,1.7198948492038724,0.0,0.0,0.04921843374333046,0.0355049437738173,0.07664997905049176,0.5208270359045192,0.3368588640546062,0.8333333333333334
bulk,eig@logskewnormal-poisson,10,120.0,85.0,36.03722422899591,0.6232721510059491,1.65325395859988,0.0,0.0,0.04921843374333046,0.044174302062765514,0.08477511827661932,0.44940451809909054,0.3120855253000139,0.8333333333333334
bulk,eig@logskewnormal-poisson,10,180.0,109.0,44.733786956992844,0.7996308450019569,1.5946897799427415,0.0,0.0,0.04921843374333046,0.044174302062765514,0.0,0.3916068480592974,0.2592318599277289,0.9166666666666666
bulk,eig@logskewnormal-poisson,10,240.0,136.0,54.74629358499078,1.0020480430066527,1.5623599892911828,0.0,0.0,0.0,0.0355049437738173,0.0,0.3409168817030774,0.22537670797619175,1.0
bulk,eig@logskewnormal-poisson,11,30.0,26.0,14.32411671400041,0.2016464190055558,1.4295022825615502,0.0,0.056863950006552644,-2.220446049250313e-16,-2.220446049250313e-16,0.015333400442710143,0.6056977742623291,0.4211335601253896,0.5
bulk,eig@logskewnormal-poisson,11,60.0,45.0,21.470052111995756,0.3433699630004412,1.3522920111232188,0.0,0.056863950006552644,-2.220446049250313e-16,-2.220446049250313e-16,-2.220446049250313e-16,0.39470446263223596,0.37757289959200124,0.5833333333333334
bulk,eig@logskewnormal-poisson,11,120.0,70.0,30.643532046986365,0.5255030180051108,1.313368678369502,0.0,0.0,0.0,0.0,0.0,0.1841339760970127,0.4105703170091383,0.9166666666666666
bulk,eig@logskewnormal-poisson,11,180.0,98.0,40.787814108975,0.7303416570066474,1.25779578226652,0.0,0.0,0.0,0.0,0.0,0.14351947470889187,0.3583805513944641,0.9166666666666666
bulk,eig@logskewnormal-poisson,11,240.0,123.0,50.27377347397851,0.9121128109909478,1.2881016726109664,0.0,0.0,0.0,0.0,0.0,0.169325603925122,0.33266167743843217,0.9166666666666666
bulk,eig@logskewnormal-poisson,12,30.0,24.0,6.348834650998469,0.1359325550001813,1.375488584764435,0.0,0.02299292658626495,0.033539840975024715,0.030681313338116856,0.0002735985802798657,0.3608624650191968,0.34215522589031655,0.6666666666666666
bulk,eig@logskewnormal-poisson,12,60.0,41.0,9.28726093700243,0.226026758995431,1.323824990588349,0.0,0.02299292658626495,0.021748017796422436,0.030681313338116856,0.0002735985802798657,0.23040898476536265,0.32420310815437464,0.6666666666666666
bulk,eig@logskewnormal-poisson,12,120.0,77.0,15.605503547001717,0.42056192900417955,1.292261749975985,0.0,0.021686973699409418,0.021748017796422436,0.030681313338116856,0.029486863712947953,0.20438492545936116,0.2522544587412323,0.8333333333333334
bulk,eig@logskewnormal-poisson,12,180.0,101.0,19.84193534199221,0.5511803880035586,1.27667541973248,0.0,0.021686973699409418,0.021748017796422436,0.030681313338116856,0.029486863712947953,0.20260196889417803,0.22975992161010447,0.8333333333333334
bulk,eig@logskewnormal-poisson,12,240.0,122.0,23.510960181985865,0.6667137359945627,1.2512189925869386,0.0,0.0,0.0,0.0,0.0002735985802798657,0.17195809739891318,0.2108922649211894,0.8333333333333334
bulk,eig@logskewnormal-poisson,13,30.0,27.0,6.723755634982808,0.14204806201087194,1.7509598446157153,0.0,0.0678706774202662,0.055647096366595816,0.0,0.0014159229476433666,0.41177828068195477,0.32558049072163037,0.75
bulk,eig@logskewnormal-poisson,13,60.0,48.0,10.376662239970756,0.25467294900954585,1.633967319045044,0.0,0.0,0.0,0.0,0.0014159229476433666,0.25390257651175724,0.26845664778377454,0.9166666666666666
bulk,eig@logskewnormal-poisson,13,120.0,79.0,15.810815935961728,0.42407761399590527,1.6388214732372488,0.0,0.0,0.037574981968373056,0.02221847505840857,0.0014159229476432555,0.2852556472599977,0.23388663867826434,1.0
bulk,eig@logskewnormal-poisson,13,180.0,105.0,20.352424274969962,0.5682751199965423,1.56520286352336,0.0,0.0,0.0,0.022218475058408682,0.0014159229476433666,0.2565228660068752,0.14387087796295056,1.0
bulk,eig@logskewnormal-poisson,13,240.0,133.0,25.448034166965954,0.722218757000519,1.5556968044102863,0.0,0.0,0.0,0.022218475058408682,0.0014159229476433666,0.2511899124330237,0.14138236410033578,1.0
bulk,eig@logskewnormal-poisson,14,30.0,29.0,7.085803378995479,0.15672257600090234,2.0613272088710923,0.0,0.0,0.029198045901863146,0.06284765763582012,0.06499952064910353,0.3658561341976817,0.3202045077835793,0.75
bulk,eig@logskewnormal-poisson,14,60.0,50.0,10.728069411983597,0.27042651899319026,1.9792793213727047,0.0,0.0,0.029198045901863146,0.055609104367644324,0.003921527060101182,0.3263031259327087,0.26941812406528387,0.8333333333333334
bulk,eig@logskewnormal-poisson,14,120.0,80.0,15.93059322597037,0.43418192300305236,1.959495636930747,0.0,0.0,0.0,0.0,0.0,0.34813591694987644,0.2315497703868815,0.8333333333333334
bulk,eig@logskewnormal-poisson,14,180.0,110.0,21.12096265596847,0.6000914390060643,1.9767574365129705,0.0,0.0,0.0,0.0,0.0,0.2956693767606613,0.21664466038185046,1.0
bulk,eig@logskewnormal-poisson,14,240.0,134.0,25.415369707978243,0.732001651005703,1.925417517889484,0.0,0.0,0.0,0.0,0.0,0.13365109812824247,0.17318593779283498,1.0
bulk,eig@logskewnormal-poisson,15,30.0,23.0,5.888115600002493,0.12186583100265125,1.830858813741374,0.0,0.0,0.0,0.009728346372479213,0.05310447448795241,0.5074071645081738,0.3499112994571474,0.4166666666666667
bulk,eig@logskewnormal-poisson,15,60.0,45.0,9.683250114001567,0.24100983101379825,1.865539513296268,0.0,0.0,0.0,0.009728346372479213,0.05310447448795241,0.5366875105250808,0.311649897137603,0.75
bulk,eig@logskewnormal-poisson,15,120.0,86.0,16.751408911022736,0.4647729020289262,1.6931624516657717,0.0,0.0,0.0,0.009728346372479213,0.0,0.3242974782365298,0.23773899823323993,0.8333333333333334
bulk,eig@logskewnormal-poisson,15,180.0,110.0,20.862021934026416,0.5959306720324093,1.6615548999260634,0.0,0.0,0.0,0.009728346372479213,0.0,0.3048258335538596,0.1979310228290343,0.9166666666666666
bulk,eig@logskewnormal-poisson,15,240.0,134.0,24.968866231036372,0.726816091035289,1.6219360156056066,0.0,0.0,0.0,0.009728346372479213,0.0,0.21198179919776042,0.17059554356549303,0.9166666666666666
bulk,eig@logskewnormal-poisson,16,30.0,29.0,14.4175464880027,0.2179179810154892,1.3391202607658947,0.0,0.0,0.0,0.0,0.0,0.3000873737227062,0.44472072746832364,0.4166666666666667
bulk,eig@logskewnormal-poisson,16,60.0,47.0,20.92398985400723,0.34951407900371123,1.307358175648915,0.0,0.0,0.0,0.0,0.0,0.21014062131111838,0.4178938253159465,0.5833333333333334
bulk,eig@logskewnormal-poisson,16,120.0,79.0,32.42070517200409,0.5853771679976489,1.2853967052597552,0.0,0.0,0.0,0.0,0.0,0.1781747064664904,0.3817444903425745,0.9166666666666666
bulk,eig@logskewnormal-poisson,16,180.0,98.0,40.04435898999873,0.722908326999459,1.2656103626564466,0.0,0.09623127030169532,0.0,0.0,0.0,0.1914128182809753,0.3199187852370122,0.9166666666666666
bulk,eig@logskewnormal-poisson,16,240.0,132.0,56.004102208986296,0.9625544810114661,1.25210651242208,0.0,0.0,0.0,0.0,0.0,0.13550002509878875,0.2977183044606308,0.9166666666666666
bulk,eig@logskewnormal-poisson,17,30.0,29.0,7.083653793986741,0.15953803498632624,1.6228948441504698,0.20249151316651715,0.024605312603953156,0.16623504742303774,0.07952195499347292,0.15055308420527735,0.3022093706793074,0.4290036904422319,0.5833333333333334
bulk,eig@logskewnormal-poisson,17,60.0,50.0,10.82573347500147,0.27523667298373766,1.4551785199748988,0.0,0.0,0.0,0.0795219549934727,0.0,0.1659623161629531,0.38857416751030344,0.5833333333333334
bulk,eig@logskewnormal-poisson,17,120.0,81.0,16.26592630199957,0.4467531369846256,1.403127207808079,0.0,0.0,0.04945307377923669,0.0,0.0,0.1594807054697308,0.3714547482871366,0.6666666666666666
bulk,eig@logskewnormal-poisson,17,180.0,106.0,20.677605816999858,0.584393288987485,1.3618708092867295,0.0,0.0,0.0,0.0,0.0,0.08605823287324359,0.34986453597309475,0.8333333333333334
bulk,eig@logskewnormal-poisson,17,240.0,127.0,24.637437406017852,0.7008410329835897,1.3488820078429304,0.0,0.0,0.0,0.0,0.0,0.08128467964093142,0.31080982655988976,0.9166666666666666
bulk,eig@logskewnormal-poisson,18,30.0,21.0,11.535992628010717,0.1582595159925404,0.8386885575403836,0.40356190241806267,0.0,0.0,0.05484691524211083,0.06184028198062608,0.13162110911666103,0.41855166602152655,0.5833333333333334
bulk,eig@logskewnormal-poisson,18,60.0,38.0,17.720771603017056,0.28674625898565864,0.8046756309394881,0.0,0.0,0.0,0.05484691524211083,0.07134126391782347,0.09092754570991075,0.3871414089445019,0.6666666666666666
bulk,eig@logskewnormal-poisson,18,120.0,57.0,24.505157681011042,0.4279456259901053,0.7925742275466785,0.0,0.0,0.187039397363017,0.054846915242110716,-2.220446049250313e-16,0.07268865653097693,0.3669440872836971,0.6666666666666666
bulk,eig@logskewnormal-poisson,18,180.0,80.0,33.19762914000239,0.5952706209900498,0.7686755943384886,0.0,0.0,0.0,0.05484691524211083,0.07134126391782347,0.05437100791217117,0.33327213774514175,0.8333333333333334
bulk,eig@logskewnormal-poisson,18,240.0,107.0,45.225452835991746,0.7872221709876612,0.7730837104107988,0.0,0.0,0.0,0.05484691524211083,0.07134126391782347,0.05882807671366854,0.3112922228071937,0.8333333333333334
bulk,eig@logskewnormal-poisson,19,30.0,29.0,14.530466421005258,0.21809090400711284,2.130923941303432,0.013624656549291458,0.2969081180605402,0.3270044729819186,0.08677395418388911,0.11845819303476857,0.8478057690997027,0.3657889655087765,0.6666666666666666
bulk,eig@logskewnormal-poisson,19,60.0,49.0,21.82186255799752,0.36771638001300744,1.9690848569230621,0.013624656549291458,0.2969081180605402,0.22655612141004133,0.0,0.0,0.7211957859257428,0.3177190166969366,0.6666666666666666
bulk,eig@logskewnormal-poisson,19,120.0,81.0,33.993752684000356,0.6090630780126958,1.8045154257300295,0.013624656549291458,0.0,0.0,0.0,0.0,0.451365237654105,0.28551357901043256,0.8333333333333334
bulk,eig@logskewnormal-poisson,19,180.0,111.0,47.753871746004734,0.8303430620180734,1.7487134047615074,0.013624656549291458,0.0,0.0,0.0,0.0,0.3352682885689685,0.2467704296723707,1.0
bulk,eig@logskewnormal-poisson,19,240.0,140.0,62.96642069299196,1.0534304920329305,1.7135818940752603,0.0,0.0,0.0,0.0,0.0,0.2201560190515769,0.24040872001132424,1.0
bulk,eig@logskewnormal-poisson,20,30.0,26.0,13.294348827996146,0.19904991400107974,1.7955290951877763,0.0,0.0,0.020082755897507965,0.029454721013035257,0.002555020552324039,0.5190776276467239,0.36181479020424157,0.75
bulk,eig@logskewnormal-poisson,20,60.0,46.0,20.367962855998485,0.34598725600153557,1.7470053914699122,0.0,0.0,0.0,0.01070172465259267,0.002555020552324039,0.46079273585166225,0.3309193675750878,0.75
bulk,eig@logskewnormal-poisson,20,120.0,77.0,31.943625164993136,0.5756996859890933,1.6592247758224679,0.0,0.0,0.0,0.01070172465259267,0.002555020552324039,0.26765438072436354,0.29413889674003785,0.9166666666666666
bulk,eig@logskewnormal-poisson,20,180.0,96.0,40.21836816398354,0.7130468899922562,1.6331781610830616,0.0,0.0,0.0,0.01070172465259267,0.002555020552324039,0.21020355339427935,0.23977846838585562,0.9166666666666666
bulk,eig@logskewnormal-poisson,20,240.0,112.0,48.4538549329809,0.8240235819976078,1.5732492955084194,0.0,0.0,0.0,0.0,0.002555020552324039,0.1843848734762416,0.1581436419602165,0.9166666666666666
bulk,eig@logskewnormal-poisson,21,30.0,25.0,13.184027959010564,0.18372725500375964,1.3379827459190323,0.5066210951058145,0.16532876797195262,-2.220446049250313e-16,0.0,0.0,0.5045164584416061,0.43254842808524574,0.5833333333333334
bulk,eig@logskewnormal-poisson,21,60.0,41.0,19.002913658008765,0.30052970200631535,1.2889034421016035,0.5066210951058145,0.2831579127290075,-2.220446049250313e-16,-2.220446049250313e-16,0.01923023052351991,0.2939022439887168,0.3888722175319716,0.6666666666666666
bulk,eig@logskewnormal-poisson,21,120.0,67.0,28.50664706900716,0.49151099199298187,1.2566099303346456,0.5066210951058145,0.16532876797195262,-2.220446049250313e-16,0.0,0.01923023052352013,0.22783038682886586,0.3259301879051237,0.75
bulk,eig@logskewnormal-poisson,21,180.0,96.0,40.879487534017244,0.7016540119911951,1.2386143675335264,0.0,0.16532876797195262,-2.220446049250313e-16,0.0,0.0,0.1807227722144473,0.3109966093062457,0.9166666666666666
bulk,eig@logskewnormal-poisson,21,240.0,120.0,53.16666827402514,0.8749885029938014,1.2266480676199387,0.0,0.16532876797195262,-2.220446049250313e-16,0.0,0.0,0.18373498830153995,0.2593176916685898,1.0
bulk,eig@logskewnormal-poisson,22,30.0,21.0,5.60195297300379,0.12092122900867253,1.1019189308039468,0.0,0.0,0.01234057117962728,0.01133212296564401,0.03387844389850869,0.13977267840758717,0.2634950471260159,0.4166666666666667
bulk,eig@logskewnormal-poisson,22,60.0,35.0,7.998380850007379,0.20052945500719943,1.095088418200319,0.0,0.0,0.0,0.01133212296564401,0.03387844389850869,0.1594114781433634,0.2462654825129347,0.5833333333333334
bulk,eig@logskewnormal-poisson,22,120.0,65.0,13.238124585008336,0.37228418000086094,1.0977422357636033,0.0,0.0,0.0,0.01133212296564401,0.03387844389850869,0.20261275907762372,0.2222655839197325,0.6666666666666666
bulk,eig@logskewnormal-poisson,22,180.0,88.0,17.213177748006274,0.504473646000406,1.0614711487535442,0.0,0.0,0.0,0.01133212296564401,0.0,0.14883222136054122,0.19073668259248716,0.8333333333333334
bulk,eig@logskewnormal-poisson,22,240.0,101.0,19.469615017009346,0.5789106599950173,1.0532801093972008,0.0,0.0,0.0,0.01133212296564401,0.0,0.1125068315642597,0.179989255229074,0.8333333333333334
bulk,eig@logskewnormal-poisson,23,30.0,26.0,6.462465093998617,0.14189973199972883,1.5734202345075747,0.13119808897110796,0.0,0.057648555700188675,0.047122060983008085,0.14580058448623634,0.21900284048393906,0.3408131316821787,0.5833333333333334
bulk,eig@logskewnormal-poisson,23,60.0,43.0,9.431936828001199,0.23386474000653834,1.5635008507230743,0.0,0.0,0.057648555700188675,0.047122060983008085,0.083938844297204,0.24426601089074684,0.3267220698165092,0.6666666666666666
bulk,eig@logskewnormal-poisson,23,120.0,69.0,13.946362952003255,0.375279967993265,1.5594791240416912,0.0,0.0,0.057648555700188675,0.047122060983008085,0.14580058448623634,0.21006661593500617,0.3156007085658177,0.8333333333333334
bulk,eig@logskewnormal-poisson,23,180.0,98.0,18.91827759500302,0.5342026229773182,1.5320735783340125,0.0,0.0,0.057648555700188675,0.05957974378947861,0.04575479888921663,0.1713883805521699,0.29559130622911817,0.9166666666666666
bulk,eig@logskewnormal-poisson,23,240.0,116.0,22.068655400013085,0.6319418709827005,1.5409957748002654,0.0,0.0,0.057648555700188675,0.05957974378947861,0.04575479888921663,0.16511883244440656,0.296023755967661,0.9166666666666666
bulk,eig@logskewnormal-poisson,24,30.0,28.0,6.702624651996302,0.1548684730005334,1.4873117526233905,0.0,0.0,0.16317524349024204,0.13534423083561564,0.1361816154411727,0.4302497857594147,0.4234594693095635,0.8333333333333334
bulk,eig@logskewnormal-poisson,24,60.0,47.0,10.011943516983592,0.26123933700000634,1.3659394999602188,0.0,0.0,0.16317524349024204,0.13534423083561564,0.0038006275140880508,0.2843871089935292,0.31415412624495415,0.9166666666666666
bulk,eig@logskewnormal-poisson,24,120.0,75.0,14.852287530979083,0.4160158329978003,1.3199628304448652,0.0,0.0,0.0,0.115446150839149,0.0038006275140880508,0.18861039204963084,0.27695990585816915,0.9166666666666666
bulk,eig@logskewnormal-poisson,24,180.0,104.0,19.845409100973484,0.5768267050043505,1.2969354020402826,0.0,0.0,0.0,0.115446150839149,0.0038006275140880508,0.1587796957199881,0.2362827899176433,0.9166666666666666
bulk,eig@logskewnormal-poisson,24,240.0,133.0,24.919530633982504,0.7371744419906463,1.3065581190557722,0.0,0.0,0.0,0.115446150839149,0.0038006275140880508,0.14783346846307746,0.2318170156380848,0.9166666666666666
bulk,eig@logskewnormal-poisson,25,30.0,26.0,13.155538115981471,0.19191744501586072,1.9897657027530942,0.0,0.0,0.0,0.00881038569320014,0.03920251163013988,0.4624042589381347,0.14950275016965028,0.6666666666666666
bulk,eig@logskewnormal-poisson,25,60.0,48.0,21.026407514986204,0.35335721201772685,1.9119580343427254,0.0,0.0,0.0,0.00881038569320014,0.0,0.20916964262728308,0.11827825772822828,0.6666666666666666
bulk,eig@logskewnormal-poisson,25,120.0,79.0,32.86519798998415,0.5789828360320826,1.9051895184187115,0.0,0.0,0.0,0.00881038569320014,0.0,0.2835119063359225,0.1113865194212541,0.8333333333333334
bulk,eig@logskewnormal-poisson,25,180.0,104.0,44.38660336499015,0.7607056560300407,1.8842633112530545,0.0,0.0,0.0,0.00881038569320014,0.0,0.24032341799776816,0.10250599358084515,0.8333333333333334
bulk,eig@logskewnormal-poisson,25,240.0,136.0,61.11569872198379,0.9866371340322075,1.8656089790320836,0.0,0.0,0.0,0.00881038569320014,0.0,0.19520905396103005,0.11047914162445244,0.9166666666666666
bulk,eig@logskewnormal-poisson,26,30.0,27.0,13.636108309998235,0.19838313998479862,1.482253519844548,0.0,0.0,0.06578189306697269,1.1102230246251565e-16,0.048876935265202315,0.21095654695587146,0.543163181584958,0.5833333333333334
bulk,eig@logskewnormal-poisson,26,60.0,46.0,20.538467701997433,0.3402798189817986,1.4170627360536219,0.0,0.0,0.0,0.0,0.048876935265202204,0.1929757999846574,0.5145712446235644,0.75
bulk,eig@logskewnormal-poisson,26,120.0,84.0,35.39203024199378,0.6182201379742764,1.343268655505417,0.0,0.0,0.0,0.0,7.472949635367598e-05,0.18436067653332905,0.4204976776039138,0.9166666666666666
bulk,eig@logskewnormal-poisson,26,180.0,108.0,46.833968010992976,0.7877853099707863,1.3730136569877445,0.27417859988238935,0.0,0.0,0.0,0.0,0.23272311461341674,0.3865143216775315,0.9166666666666666
bulk,eig@logskewnormal-poisson,26,240.0,131.0,58.49444128099276,0.9510172109803534,1.3210508200496938,0.27417859988238935,0.0,0.0,0.0,0.0,0.16775351059617333,0.3518303183479037,0.9166666666666666
bulk,eig@logskewnormal-poisson,27,30.0,27.0,13.692773580998619,0.20271635099197738,1.9950377379944675,0.0,0.0,0.0,0.0,0.0,0.8264349661596558,0.29084565243936494,0.5
bulk,eig@logskewnormal-poisson,27,60.0,47.0,20.960024976997374,0.3564032589929411,2.020963456227422,0.0,0.0,0.0,0.0,0.02257782182154644,0.8360230643245413,0.29428864488320244,0.6666666666666666
bulk,eig@logskewnormal-poisson,27,120.0,77.0,32.95343649699862,0.5777555780005059,1.95959142977903,0.0,0.0,0.0,0.0,0.02257782182154644,0.3849991098627862,0.2871858946673558,0.75
bulk,eig@logskewnormal-poisson,27,180.0,109.0,48.38442420000138,0.8150351250078529,1.9121825484451718,0.0,0.0,0.0,0.028809510472102784,0.02257782182154644,0.35733298787038564,0.27985464500961715,0.75
bulk,eig@logskewnormal-poisson,27,240.0,136.0,62.85869833699326,1.008127716002491,1.8906534698694608,0.0,0.0,0.0,0.028809510472102784,0.02257782182154644,0.28790158324712567,0.24848897750452847,0.9166666666666666
bulk,eig@logskewnormal-poisson,28,30.0,29.0,7.163188212009118,0.16025598800843,2.0891646585247425,0.0,0.062279563575025176,0.013892072926463883,0.10747216362649081,0.13428982801080502,0.8490565364397581,0.3237426875093955,0.75
bulk,eig@logskewnormal-poisson,28,60.0,47.0,10.466747458995087,0.25926011499905144,1.9376094862972597,0.0,0.062279563575025176,0.013892072926463883,0.0,0.0377828291767035,0.6181160418662873,0.26303687265581377,0.75
bulk,eig@logskewnormal-poisson,28,120.0,77.0,16.494479546992807,0.4209070800025074,1.840090286804216,0.0,0.062279563575025176,0.013892072926463883,0.0,0.0,0.4970670292188969,0.207624381043657,0.9166666666666666
bulk,eig@logskewnormal-poisson,28,180.0,107.0,23.157503271999303,0.5803507260061451,1.8187203128956464,0.0,0.062279563575025176,0.013892072926463883,0.0,0.0,0.4522821422867972,0.17016486595011182,1.0
bulk,eig@logskewnormal-poisson,28,240.0,140.0,31.27193983500183,0.7572525470022811,1.802948596077095,0.0,0.062279563575025176,0.013892072926463883,0.0,0.0,0.41084409860265403,0.16320953569096272,1.0
bulk,eig@logskewnormal-poisson,29,30.0,27.0,6.762343086997134,0.14836037699205917,1.8551558409395084,0.0,0.0,0.03194717220836074,0.11316824372198753,0.0777595927101864,0.5227030796855451,0.4267718669172813,0.6666666666666666
bulk,eig@logskewnormal-poisson,29,60.0,48.0,10.598856040993269,0.26290835699182935,1.7393528102669222,0.0,0.0,0.0007384767981392093,0.02762468593994405,0.0777595927101864,0.3748123691771183,0.4134732350858228,0.6666666666666666
bulk,eig@logskewnormal-poisson,29,120.0,82.0,17.480179196983954,0.4447953479902935,1.645068132487153,0.0,0.0,0.0,0.02698612583548532,0.0,0.25845808204733456,0.3453830206266813,0.8333333333333334
bulk,eig@logskewnormal-poisson,29,180.0,105.0,22.60290586098199,0.5655529690011463,1.6227821888795926,0.0,0.0,0.0,0.02698612583548532,0.0,0.220500267081974,0.3144272835972739,1.0
bulk,eig@logskewnormal-poisson,29,240.0,126.0,27.562480864984536,0.6788158800009114,1.598875492879914,0.0,0.0,0.03194717220836074,0.02698612583548532,0.0,0.19560517271606156,0.262020115833651,1.0
bulk,eig@logskewnormal-poisson,30,30.0,27.0,6.585169982990919,0.1467032799955632,1.969585742125511,0.0,0.0,0.004243958624088107,0.018905881100813926,0.030435130012275935,0.5584568238581274,0.35665671252075354,0.5833333333333334
bulk,eig@logskewnormal-poisson,30,60.0,47.0,10.499315534994821,0.25479383900164976,2.048794569239418,0.0,0.0,0.004243958624088107,0.02510016703458673,0.024400912098579086,0.6069332840110232,0.38370980162063417,0.6666666666666666
bulk,eig@logskewnormal-poisson,30,120.0,78.0,17.182496595985867,0.4218459909898229,2.0131947879996677,0.0,0.0,0.004243958624088107,0.02510016703458673,0.03197269164160588,0.42119605784925723,0.3747414132289443,0.9166666666666666
bulk,eig@logskewnormal-poisson,30,180.0,105.0,23.409979406991624,0.5647030259933672,1.9891245418706867,0.0,0.0,0.004243958624088107,0.018905881100813926,0.025950969699469528,0.374951925756371,0.36374382610580624,1.0
bulk,eig@logskewnormal-poisson,30,240.0,135.0,30.733938383011264,0.7233035799799836,1.6971065567308499,0.0,0.0,0.004243958624088107,0.0,0.0,0.24966890371324266,0.21470448686988253,1.0
bulk,eig@logskewnormal-poisson,31,30.0,29.0,7.452835077998316,0.1580310690042097,1.940015064956193,0.0,0.2167265226866103,0.28477841936924686,0.3807485771211129,0.23725688150389224,0.4126310677213095,0.4789376132775165,0.75
bulk,eig@logskewnormal-poisson,31,60.0,47.0,11.218580974007637,0.25499481899896637,1.867407008506906,0.0,0.2167265226866103,0.15405314973446804,0.16877747500840024,0.14455472253744805,0.36027395903457,0.42567902241562783,0.8333333333333334
bulk,eig@logskewnormal-poisson,31,120.0,79.0,18.323253823989944,0.4260720740057877,1.746325970254693,0.0,0.2382762539420289,0.2502081258571053,0.14016784834731866,0.14039770763212,0.28819093963302467,0.3727290090616208,1.0
bulk,eig@logskewnormal-poisson,31,180.0,102.0,23.82820011797594,0.5473596760057262,1.6662335676239348,0.0,0.0,0.08083703563858746,0.1081854036936859,0.031204027033697512,0.21959177406261074,0.3143679662540544,1.0
bulk,eig@logskewnormal-poisson,31,240.0,127.0,29.93931070396502,0.6813112420095422,1.6243578699391445,0.0,0.0,0.0,0.04128642265968707,0.03536104193902545,0.15552597964187911,0.2896226413580323,1.0
bulk,eig@logskewnormal-poisson,32,30.0,29.0,20.4035829709901,0.2033306720040855,2.1310124188177118,0.0,0.15753619413744824,0.11652665134227669,0.001668986130187733,0.016648314999386682,0.7460192907771778,0.44669618995554566,0.75
bulk,eig@logskewnormal-poisson,32,60.0,52.0,32.903327724980045,0.3686643289947824,1.8271823066324837,0.0,0.03314572155992468,0.0,0.001668986130187733,-2.220446049250313e-16,0.23004406230594637,0.39145743861275334,0.75
bulk,eig@logskewnormal-poisson,32,120.0,85.0,52.4418097929738,0.6133831640108838,1.8207733255131948,0.0,0.0,0.0,0.0,0.0,0.29671835947770825,0.3543159527290348,0.75
bulk,eig@logskewnormal-poisson,32,180.0,113.0,69.7162490379742,0.8076906460009923,1.8104355277166355,0.0,0.0,0.0,0.0,0.0,0.2600880633420467,0.338373889559804,0.9166666666666666
bulk,eig@logskewnormal-poisson,32,240.0,133.0,83.07132198996987,0.9465071230006288,1.808471886947566,0.0,0.0,0.0,0.0,0.0,0.23594085812778423,0.3691586924459647,1.0
bulk,eig@logskewnormal-poisson,33,30.0,27.0,9.420026419982605,0.14363293700080249,1.8496824218515175,0.13018507767653065,0.0,0.038614398775764225,0.0,0.05157533141990789,0.3893557895626008,0.42891941773515047,0.5
bulk,eig@logskewnormal-poisson,33,60.0,44.0,13.776074172983499,0.2336167320027016,1.8285716889234918,0.13018507767653065,0.0,0.038614398775764225,0.0,0.05157533141990789,0.31068026138724475,0.40344626445365667,0.75
bulk,eig@logskewnormal-poisson,33,120.0,75.0,21.899411792972387,0.3964817350024532,1.6009393347031393,0.13018507767653065,0.0,0.038614398775764225,0.04593475858188267,0.0,0.22272260369535365,0.2612172351656479,0.9166666666666666
bulk,eig@logskewnormal-poisson,33,180.0,95.0,27.36095615297745,0.5033240180055145,1.593138313698387,0.13018507767653065,0.0,0.038614398775764225,0.04593475858188267,0.0,0.22796824562975043,0.23358442723612066,1.0
bulk,eig@logskewnormal-poisson,33,240.0,117.0,33.492725567979505,0.6209786380131845,1.6246490876562036,0.13018507767653065,0.0,0.038614398775764225,0.04593475858188267,0.0,0.3046740051779805,0.22054185835547735,1.0
bulk,eig@logskewnormal-poisson,34,30.0,26.0,18.740536956986034,0.18240258899822948,1.7657108798885472,0.0,0.0,0.038726929914689845,0.06486804845476124,0.09630104352808033,0.4005289092847641,0.3038701804371951,0.5833333333333334
bulk,eig@logskewnormal-poisson,34,60.0,47.0,29.963697486004094,0.333717973993771,1.6587436089697911,0.0,0.0,0.07416692577238249,0.06486804845476124,0.0,0.2184601817993178,0.25792236565259014,0.75
bulk,eig@logskewnormal-poisson,34,120.0,80.0,49.51963062599316,0.5689013449846243,1.6235812828760434,0.0,0.0,0.038726929914689845,0.0,0.0,0.16107815274763562,0.23321803586108425,0.9166666666666666
bulk,eig@logskewnormal-poisson,34,180.0,108.0,66.71690373297315,0.7640186239841569,1.572930483593453,0.0,0.0,0.0,0.030996611287202547,0.0,0.19674960817425197,0.186035899266063,1.0
bulk,eig@logskewnormal-poisson,34,240.0,129.0,80.52585001697298,0.9092643289804982,1.542867636270554,0.0,0.0,0.0,0.0,0.0,0.09748374085889097,0.15797031136483236,1.0
bulk,eig@logskewnormal-poisson,35,30.0,29.0,20.98530209800083,0.20444280999799957,1.8937736295083498,0.2999774708406655,0.0,0.0,0.0,0.006847707704469963,0.7895879767361015,0.21788039528530603,0.6666666666666666
bulk,eig@logskewnormal-poisson,35,60.0,47.0,31.64340126100433,0.34634543998981826,1.7520235179065375,0.0,0.0,0.0,0.0,0.006847707704469963,0.5171536259130671,0.2048388960598744,0.75
bulk,eig@logskewnormal-poisson,35,120.0,81.0,50.54221907000101,0.5855335919914069,1.7554726333063184,0.2999774708406655,0.0,0.0,0.0,0.0,0.5229639846115096,0.18376686626437572,0.75
bulk,eig@logskewnormal-poisson,35,180.0,113.0,60.57156374099941,0.7545252569907461,1.7071912935384879,0.0,0.0,0.0,0.0,0.006847707704469963,0.3134778366657139,0.18488488065959036,0.9166666666666666
bulk,eig@logskewnormal-poisson,35,240.0,138.0,68.3125922399995,0.8851121679872449,1.68903573331304,0.0,0.0,0.0,0.0,0.006847707704469963,0.26924695751468797,0.17831770024580235,0.9166666666666666
bulk,eig@logskewnormal-poisson,36,30.0,27.0,9.463292654992983,0.14394834099221043,2.079478808183863,0.4834803781595589,0.4113857117893147,0.0761885409816343,0.09523031563431628,0.12552908804421492,0.4174695134825604,0.42078896976007435,0.6666666666666666
bulk,eig@logskewnormal-poisson,36,60.0,48.0,14.972734137994848,0.2561188179970486,1.9917532456735962,0.4402217558216105,0.30996738155828774,0.0,0.029790611246678256,0.028767929082627153,0.3133797693636375,0.38145164817053373,0.75
bulk,eig@logskewnormal-poisson,36,120.0,80.0,23.637142937990575,0.4246645889907086,1.9536296899576087,0.0,0.0,0.0,0.033291419004691014,0.028767929082627153,0.2752794442637823,0.3649549147992308,0.75
bulk,eig@logskewnormal-poisson,36,180.0,108.0,31.61302267197243,0.5777900689972739,1.8422394496463683,0.0,0.0,0.0,0.033291419004691014,0.028767929082627153,0.20727580489230304,0.3013391006983959,0.8333333333333334
bulk,eig@logskewnormal-poisson,36,240.0,134.0,39.93693536198043,0.7201054409888457,1.8234362856355866,0.0,0.0,0.0,0.0,0.0030251335727152773,0.1680136205275663,0.29550695147031797,0.9166666666666666
bulk,eig@logskewnormal-poisson,37,30.0,29.0,21.071661951988062,0.20760204999896814,2.0102744420027663,0.1272886183430063,0.09793574789343917,0.0,0.0,0.021157747497572155,0.5633286604647182,0.2123854412346342,0.75
bulk,eig@logskewnormal-poisson,37,60.0,46.0,30.805691598980047,0.329139708999719,2.0077786232119452,0.18340538975113352,0.09793574789343917,0.0,0.0,0.021157747497572155,0.5323868821645675,0.21227552013974949,0.9166666666666666
bulk,eig@logskewnormal-poisson,37,120.0,77.0,49.68676745698758,0.5709553529959521,1.86787713102961,0.0,0.02996552055900603,0.0,0.0,0.0,0.32802458317959626,0.14199091150083942,0.9166666666666666
bulk,eig@logskewnormal-poisson,37,180.0,110.0,70.18400577599095,0.8006333669836749,1.8627937014478544,0.0,0.02996552055900603,0.0,0.0,0.0,0.1861370409907792,0.12756730944692637,0.9166666666666666
bulk,eig@logskewnormal-poisson,37,240.0,133.0,82.39799286398556,0.9574425339960726,1.8411527187274583,0.0,0.0,0.0,0.0,0.0,0.12990608177787602,0.10963987018441003,1.0
bulk,eig@logskewnormal-poisson,38,30.0,27.0,9.445238234999124,0.14327558900549775,1.82746924621463,0.0,0.0,0.018690190473064305,0.0,0.0003266813186881823,0.3479824953798585,0.3368526561603201,0.75
bulk,eig@logskewnormal-poisson,38,60.0,46.0,14.388120695992257,0.24253903399949195,1.7557465835421082,0.0,0.0,0.018690190473064305,0.0,0.0003266813186881823,0.21707043529390022,0.2793968621966652,0.8333333333333334
bulk,eig@logskewnormal-poisson,38,120.0,72.0,21.39215056499961,0.3796332460042322,1.7607676464467277,0.0,0.0,0.018690190473064305,0.0,0.008309473238895748,0.26989792533615037,0.26486083859495824,0.9166666666666666
bulk,eig@logskewnormal-poisson,38,180.0,97.0,28.47748498699002,0.516327135002939,1.7551703046088127,0.0,0.0,0.018690190473064305,0.0,0.0003266813186881823,0.28105665273253005,0.27166454681295144,1.0
bulk,eig@logskewnormal-poisson,38,240.0,128.0,37.9738235419718,0.6878155630183755,1.7322695818460911,0.0,0.0,0.018690190473064305,0.0,0.0003266813186881823,0.23171418507701813,0.23167069868389267,1.0
bulk,eig@logskewnormal-poisson,39,30.0,30.0,10.23118354201506,0.15804000399293727,1.8408001331855806,0.0,0.0,0.03937405229126123,0.03527349595602003,0.0,0.455663373808131,0.4391569296040304,0.75
bulk,eig@logskewnormal-poisson,39,60.0,50.0,15.49661979501252,0.2644216069857066,1.7977600402004368,0.0,0.0,0.03937405229126123,0.01788332443649754,0.0,0.3586044960918969,0.40525049419211545,0.8333333333333334
bulk,eig@logskewnormal-poisson,39,120.0,85.0,25.021872467012145,0.4485359039972536,1.8555209558400254,0.0,0.0,0.03937405229126123,0.01788332443649754,0.0,0.3995954000521976,0.3492263985472888,1.0
bulk,eig@logskewnormal-poisson,39,180.0,115.0,34.45171857901005,0.6206260420003673,1.6684116263258257,0.0,0.0,0.03937405229126123,0.01788332443649754,0.0,0.32663513964035806,0.27721662542433523,1.0
bulk,eig@logskewnormal-poisson,39,240.0,141.0,42.18843429100161,0.756503252996481,1.6451712091773472,0.0,0.0,0.03937405229126123,0.01788332443649754,0.0,0.2823883811214109,0.23194375276583243,1.0
bulk,eig@logskewnormal-poisson,40,30.0,26.0,20.16909427599967,0.18540697899879888,1.3411747902964377,0.0,0.0,0.08953253272237638,0.02163201037000595,0.015356502559888296,0.19867357904382132,0.29096039967520015,0.5833333333333334
bulk,eig@logskewnormal-poisson,40,60.0,48.0,33.58232280299853,0.3484901889860339,1.3157125219315344,0.0,0.0,0.08953253272237638,0.02163201037000595,0.018385914102166057,0.17671135231683024,0.2839391711748299,0.6666666666666666
bulk,eig@logskewnormal-poisson,40,120.0,83.0,55.35834012601117,0.5987744549674971,1.3285788364276034,0.0,0.0,0.0674955332887105,0.07697040355533669,0.06239082467116719,0.20490017336797048,0.28369961406869126,0.75
bulk,eig@logskewnormal-poisson,40,180.0,108.0,70.39233362700907,0.7725410229759291,1.2880158275202913,0.0,0.0,0.0674955332887105,0.05533839318533085,0.0,0.15942376100948416,0.26725218399024436,0.8333333333333334
bulk,eig@logskewnormal-poisson,40,240.0,134.0,78.39239215499765,0.9150766999700863,1.2701067066190486,0.0,0.0,0.0674955332887105,0.0035642645523861205,0.0,0.13687167040244924,0.25752511978725406,1.0
bulk,eig@logskewnormal-poisson,41,30.0,27.0,22.504068001999258,0.21836184399580816,1.2586578753903663,0.0,0.11672176412096102,0.0,0.0,0.03359593004584582,0.19727312167538522,0.49830117602446805,0.5
bulk,eig@logskewnormal-poisson,41,60.0,42.0,31.53142415399998,0.3306850569861126,1.2338432830736417,0.0,0.11672176412096102,0.0,0.0,0.0,0.18086473496340083,0.46260819389773666,0.6666666666666666
bulk,eig@logskewnormal-poisson,41,120.0,71.0,49.263324775009096,0.5393740729887213,1.2378733233953017,0.0,0.0,0.0,0.007362309966399527,0.04051016716048483,0.154734671208505,0.4136394190791253,0.9166666666666666
bulk,eig@logskewnormal-poisson,41,180.0,94.0,63.92162629600716,0.703798509992339,1.2178767541170397,0.0,0.0,0.0,0.007362309966399527,0.04051016716048483,0.08982160744300487,0.39609729414208744,1.0
bulk,eig@logskewnormal-poisson,41,240.0,117.0,74.66698510901551,0.863727943989943,1.179965705514593,0.0,0.0,0.0,0.0,0.0,0.08477447989558735,0.3612896356740663,1.0
bulk,eig@logskewnormal-poisson,42,30.0,23.0,18.603495881994604,0.16756447397710872,1.4565073567923816,0.0,0.006554568656070292,0.0,0.0061085278771148,-2.220446049250313e-16,0.2054346126458781,0.4420368707733951,0.5833333333333334
bulk,eig@logskewnormal-poisson,42,60.0,43.0,30.77287357201567,0.32383799497256405,1.4173081244506707,0.0,0.006554568656070292,0.0,0.0061085278771148,-2.220446049250313e-16,0.144409165031887,0.398342657187601,0.75
bulk,eig@logskewnormal-poisson,42,120.0,69.0,46.740906093000376,0.5035111269826302,1.4204612432590535,0.0,0.006554568656070292,0.0,0.0,0.0,0.2588487594963173,0.3070260334271693,1.0
bulk,eig@logskewnormal-poisson,42,180.0,88.0,58.59664676601096,0.6350929379805166,1.4121079575470787,0.0,0.006554568656070292,0.0,0.0,0.0,0.2613899087686434,0.28906851904339226,1.0
bulk,eig@logskewnormal-poisson,42,240.0,122.0,74.52488968699254,0.8644755379755225,1.3714059792323188,0.0,0.006554568656070292,0.0,0.0,0.0,0.22730475878695025,0.2612038287647549,1.0
bulk,eig@logskewnormal-poisson,43,30.0,27.0,21.864623383004073,0.20611121399633703,1.4595445411449033,0.0,0.0,0.040257238286312225,0.0,0.0036570929906859506,0.5176069967612095,0.4164103345648436,0.5833333333333334
bulk,eig@logskewnormal-poisson,43,60.0,50.0,35.8826112940078,0.3707872310078528,1.3866510325195707,0.0,0.0,0.0,0.0,0.0036570929906859506,0.20632694918219946,0.3684318040343699,0.8333333333333334
bulk,eig@logskewnormal-poisson,43,120.0,82.0,55.921616709987575,0.593171100023028,1.3811992947909226,0.0,0.0,0.0,0.0,0.0036570929906859506,0.2804637096272282,0.33373847440574456,0.9166666666666666
bulk,eig@logskewnormal-poisson,43,180.0,107.0,68.64972780997778,0.7639086930175836,1.381742039874586,0.0,0.0,0.0,0.0,0.006731570726074332,0.25256359898303754,0.31327281160135084,1.0
bulk,eig@logskewnormal-poisson,43,240.0,130.0,73.32839088797118,0.8924398680101149,1.3785601729938781,0.0,0.0,0.0,0.0,0.0036570929906859506,0.24911390056790594,0.2971624910613322,1.0
bulk,eig@logskewnormal-poisson,44,30.0,24.0,10.793470290005644,0.13059363400316215,1.5402528491043819,0.0,0.08667654201849351,0.050716923998323504,-2.220446049250313e-16,-2.220446049250313e-16,0.33485564164733433,0.28284373106149974,0.5
bulk,eig@logskewnormal-poisson,44,60.0,39.0,15.39888656900439,0.20953617899795063,1.4575896298362991,0.0,0.0,0.050716923998323726,0.0,0.0,0.10285225447898524,0.2193585262878959,0.8333333333333334
bulk,eig@logskewnormal-poisson,44,120.0,74.0,26.129232745999616,0.39643733601405984,1.4522257579121263,0.0,0.0,0.0,0.0,0.0,0.1323561820748763,0.2231832408337385,0.8333333333333334
bulk,eig@logskewnormal-poisson,44,180.0,98.0,33.66826742399644,0.5220671310125908,1.443054487029219,0.0,0.0,0.0,0.0,0.0,0.12830353101398842,0.19612360077893543,0.9166666666666666
bulk,eig@logskewnormal-poisson,44,240.0,117.0,39.68999433098725,0.6228089740216092,1.4427073842324816,0.0,0.0,0.0,0.0,0.0,0.12301571572879373,0.1972060661064615,0.9166666666666666
bulk,eig@logskewnormal-poisson,45,30.0,26.0,13.865890577013488,0.1565395659963542,1.324503029091485,0.0,0.0,0.0,0.012785133383092617,0.03677217530224508,0.1155962994639722,0.30962169586254834,0.5
bulk,eig@logskewnormal-poisson,45,60.0,42.0,23.83778166501361,0.27036816100007854,1.3622596466414312,0.17077981014696364,0.0,0.0,0.012785133383092617,0.0508326217950722,0.15605211240587086,0.3146017703559732,0.6666666666666666
bulk,eig@logskewnormal-poisson,45,120.0,69.0,39.882802532014466,0.4580446479994862,1.3386604114689196,0.17077981014696364,0.0,0.0,0.05489582190262998,0.0508326217950722,0.14702106564225725,0.31151336910294275,0.75
bulk,eig@logskewnormal-poisson,45,180.0,99.0,48.127734054007306,0.6184662249943358,1.3490322191437454,0.0,0.0,0.0,0.05489582190262998,0.0508326217950722,0.1413038416328252,0.2854383813138783,0.9166666666666666
bulk,eig@logskewnormal-poisson,45,240.0,126.0,51.043601564997516,0.7397652579820715,1.2744048910161332,0.0,0.0,0.0,0.012785133383092617,0.0,0.06096218387502133,0.22913140098097184,1.0
bulk,eig@logskewnormal-poisson,46,30.0,27.0,11.374135787998966,0.14349014200342936,1.270383571874022,0.0,0.002321576897565847,0.082600186713495,0.10991152515698244,0.10217817050568123,0.27139657387358956,0.29937429649839364,0.5
bulk,eig@logskewnormal-poisson,46,60.0,43.0,16.3327576839838,0.22872454600292258,1.2749566939797237,0.0,0.002321576897565847,0.082600186713495,0.07357813028199134,0.0709974626406581,0.3027332184381371,0.2830677222606074,0.6666666666666666
bulk,eig@logskewnormal-poisson,46,120.0,75.0,26.20527988198228,0.3971326599967142,1.2315193990653532,0.0,0.0,0.0806021491002098,0.05688396899602044,0.05547789946572279,0.1374192744704291,0.2443397114510107,0.75
bulk,eig@logskewnormal-poisson,46,180.0,104.0,35.50793894699018,0.5499319260052289,1.215190637622489,0.0,0.0,0.0,0.0,0.02170091555721365,0.07642784756491547,0.24666756276708332,0.75
bulk,eig@logskewnormal-poisson,46,240.0,122.0,41.265055806004966,0.6416471890006505,1.181291680702488,0.0,0.0,0.0,0.0,0.02170091555721365,0.04643141662778519,0.20547884677227607,0.8333333333333334
bulk,eig@logskewnormal-poisson,47,30.0,27.0,11.746867548004957,0.14356454299559118,1.7235279779448254,0.36134131335136177,0.0,0.0,0.0,0.025141566228391588,0.5055481414281655,0.42072259308948307,0.5833333333333334
bulk,eig@logskewnormal-poisson,47,60.0,44.0,16.99847032200705,0.23336906500117038,1.672601085247648,0.36134131335136177,0.0,0.0,0.0,0.0,0.4071750717323827,0.40250208400255716,0.6666666666666666
bulk,eig@logskewnormal-poisson,47,120.0,75.0,26.810128566008643,0.39614436999181635,1.5673244769489798,0.0,0.0,0.0,0.0,0.0,0.2800899052482206,0.28129607838141707,0.9166666666666666
bulk,eig@logskewnormal-poisson,47,180.0,99.0,34.39125180400515,0.521565748978901,1.515294628685778,0.0,0.0,0.0,0.0,0.0,0.19090283927600782,0.26584649657834497,1.0
bulk,eig@logskewnormal-poisson,47,240.0,118.0,39.917042182012665,0.6162850779728615,1.5106354211136155,0.0,0.0,0.0,0.0,0.0,0.18553476724993742,0.21963532162321384,1.0
bulk,eig@logskewnormal-poisson,48,30.0,25.0,11.350354395002796,0.13046930301061366,1.1828615425732227,0.0,0.0,0.0,0.0,0.0,0.1441511642847394,0.28291683477426477,0.6666666666666666
bulk,eig@logskewnormal-poisson,48,60.0,41.0,16.3488383509939,0.21280018501420273,1.1625760210709188,0.0,0.0,0.0,0.0,0.0,0.1254157996739882,0.23029209181295546,0.75
bulk,eig@logskewnormal-poisson,48,120.0,76.0,22.48498058298719,0.3789171810130938,1.131928873459015,0.0,0.0,0.0,0.0,0.0,0.08168981498735413,0.17699376250151463,0.8333333333333334
bulk,eig@logskewnormal-poisson,48,180.0,99.0,24.299920154986467,0.48125904802509467,1.125390217836122,0.0,0.0,0.0,0.0,0.021776742367799917,0.0727289689180851,0.15884530443896047,1.0
bulk,eig@logskewnormal-poisson,48,240.0,124.0,25.932501402978232,0.5911205140400853,1.128068694332088,0.0,0.0,0.0,0.0,0.021776742367799917,0.09724082975157634,0.1569566592431116,1.0
bulk,eig@logskewnormal-poisson,49,30.0,30.0,13.060344351011736,0.15570603101150482,1.5088319899215048,0.0,0.06462219251272905,0.0,0.0,0.0,0.3195177660259192,0.2607975177832015,0.6666666666666666
bulk,eig@logskewnormal-poisson,49,60.0,49.0,17.895687649001047,0.2728477020136779,1.47036397310202,0.0,0.06462219251272905,0.0,0.0,0.0,0.15238883815716245,0.23188021513721804,0.75
bulk,eig@logskewnormal-poisson,49,120.0,83.0,21.416205748013454,0.4268213270115666,1.4296679179296454,0.0,0.06462219251272905,0.0,0.0,0.0,0.14217017970368553,0.15706860255765082,0.9166666666666666
bulk,eig@logskewnormal-poisson,49,180.0,110.0,23.107469956023124,0.544399301012163,1.433175108416316,0.0,0.0,0.0,0.0,0.0,0.1252554038253359,0.14429614544687747,1.0
bulk,eig@logskewnormal-poisson,49,240.0,140.0,24.783305342025415,0.6743441050057299,1.4222558854017786,0.0,0.0,0.0,0.0,0.0,0.08302649175879709,0.13018194613837578,1.0
bulk,eig@gammamix-poisson,0,30.0,30.0,0.35824272998434026,0.010175934025028255,1.596228733853084,0.11699761815798104,0.0,0.0,0.0968156002288294,0.08638835723130112,0.3385530540728842,0.328582503539703,0.6666666666666666
bulk,eig@gammamix-poisson,0,60.0,60.0,0.5457883599883644,0.017776667009457015,1.5577794213949927,0.11699761815798104,0.0,0.0,0.0968156002288294,0.146149641249247,0.245654986220046,0.30993699620776133,0.75
bulk,eig@gammamix-poisson,0,120.0,120.0,0.8223545659639058,0.02972224301629467,1.5984291938096995,0.11699761815798104,0.0,0.0,0.06560699616924415,0.14128803546374524,0.29158994895265516,0.31589969196529605,0.9166666666666666
bulk,eig@gammamix-poisson,0,180.0,180.0,1.0064680579453125,0.03731123600300634,1.582112636129307,0.11699761815798104,0.0,0.0,0.06560699616924415,0.14128803546374524,0.2939743896453679,0.3065602919112054,1.0
bulk,eig@gammamix-poisson,0,240.0,240.0,1.207799138923292,0.04692052799509838,1.4439430462042797,0.11699761815798104,0.0,0.0,0.0,0.05489967823244424,0.19523736485269927,0.24187044363779467,1.0
bulk,eig@gammamix-poisson,1,30.0,30.0,0.22370034900086466,0.005816116005007643,1.2501113480411772,0.17547599762442456,0.20699468824656553,0.0,0.011172001678627974,0.04588483826249723,0.3600290025031109,0.3709117828654826,0.5
bulk,eig@gammamix-poisson,1,60.0,60.0,0.36050515899114544,0.01169269198726397,1.1979009528440976,0.17547599762442456,0.20699468824656553,0.0,0.011172001678627974,0.04588483826249723,0.28571427295603735,0.30310057542560426,0.6666666666666666
bulk,eig@gammamix-poisson,1,120.0,120.0,0.6336648990036338,0.023084617001586594,1.0952925324489002,0.17547599762442456,0.20699468824656553,0.0,0.011172001678627974,0.0,0.15602886451446035,0.21509373071309024,0.8333333333333334
bulk,eig@gammamix-poisson,1,180.0,180.0,0.9120225529768504,0.03515999796218239,1.1267110136084566,0.17547599762442456,0.20699468824656553,0.0,0.011172001678627974,0.04409128590016276,0.1826876696029373,0.27075324568041076,0.9166666666666666
bulk,eig@gammamix-poisson,1,240.0,240.0,1.1912002659519203,0.04819546898943372,1.0964514364968225,0.17547599762442456,0.0,0.0,0.011172001678627974,0.04409128590016276,0.14832127430367414,0.2354192048464575,0.9166666666666666
bulk,eig@gammamix-poisson,2,30.0,30.0,0.2121655950031709,0.004701301993918605,1.2950572566508927,0.11725033819348041,0.0,0.02910839710805624,0.0,0.06057372558805352,0.2937679145496285,0.4389769839808773,0.75
bulk,eig@gammamix-poisson,2,60.0,60.0,0.35149845199339325,0.009914948997902684,1.2318174230292194,0.0,0.0,0.02910839710805624,0.06632239671445872,0.12194265866623022,0.19055754910877404,0.41538715151916034,0.8333333333333334
bulk,eig@gammamix-poisson,2,120.0,120.0,0.5730467229441274,0.01876287694176426,1.2315876490930961,0.11725033819348041,0.0,0.07367704239226003,0.06632239671445872,0.01944364833435641,0.2565963015707129,0.3987640567951416,0.9166666666666666
bulk,eig@gammamix-poisson,2,180.0,180.0,0.9307985859850305,0.034277281956747174,1.1632958391581205,0.11725033819348041,0.0,0.07367704239226003,0.06632239671445872,0.01944364833435641,0.21696949921734723,0.35144385450025944,1.0
bulk,eig@gammamix-poisson,2,240.0,240.0,1.2255533500065212,0.051437793954391964,1.1368321695812609,0.0,0.0,0.07367704239226003,0.04011968012814093,0.01944364833435641,0.15802380920147155,0.30781165166912317,1.0
bulk,eig@gammamix-poisson,3,30.0,30.0,0.18705454402515898,0.004898771017906256,1.889693874784401,0.0,0.0,0.0,0.0,0.022390626343557596,0.5486918066685395,0.2242643684071386,0.75
bulk,eig@gammamix-poisson,3,60.0,60.0,0.30760311104677385,0.009328629006631672,1.8654005055280702,0.0,0.0,0.0,0.0,0.0,0.44351733024426493,0.29871725704972624,0.8333333333333334
bulk,eig@gammamix-poisson,3,120.0,120.0,0.6598453080878244,0.02519156401831424,1.7901932220048755,0.0,0.0,0.0,0.019376008584405358,0.0,0.21426987037519687,0.23808004627326274,0.9166666666666666
bulk,eig@gammamix-poisson,3,180.0,180.0,0.9765754191030283,0.038817963999463245,1.7397006030818414,0.0,0.0,0.0,0.019376008584405358,0.0,0.23288630930647575,0.21362474174318036,0.9166666666666666
bulk,eig@gammamix-poisson,3,240.0,240.0,1.2510473981092218,0.05089927000517491,1.7356473403164931,0.0,0.0,0.0,0.019376008584405358,0.0,0.21648749057283811,0.215791583201422,0.9166666666666666
bulk,eig@gammamix-poisson,4,30.0,30.0,0.29249920097208815,0.007736285995633807,1.7712115774309962,0.09546082567376357,0.0,0.07558332348017405,0.0,0.0006204992361537043,0.45476205358663724,0.19268335609021348,0.6666666666666666
bulk,eig@gammamix-poisson,4,60.0,60.0,0.47471878297801595,0.0158070949910325,1.8624045778706038,0.09546082567376357,0.0,0.07558332348017405,0.0,0.0006204992361537043,0.4893874334586482,0.2722278435228622,0.75
bulk,eig@gammamix-poisson,4,120.0,120.0,0.7675181300073746,0.028578384961292613,1.8140432169574814,0.09546082567376357,0.0,0.0,0.0,0.0006204992361537043,0.26489510582510095,0.34303956837074373,0.8333333333333334
bulk,eig@gammamix-poisson,4,180.0,180.0,1.0316323980368907,0.04022003295540344,1.698278309752876,0.09546082567376357,0.0,0.0,0.0,0.0006204992361537043,0.13180237472421866,0.303909667443668,0.8333333333333334
bulk,eig@gammamix-poisson,4,240.0,240.0,1.2919432110284106,0.05206484594964422,1.6771593151805895,0.0,0.0,0.0,0.0,0.002268388988543535,0.09996407663102144,0.3266768944647526,0.8333333333333334
bulk,eig@gammamix-poisson,5,30.0,30.0,0.3032547329858062,0.00532799099892145,2.084536820190898,0.0,0.1736659975358592,0.23626885902160322,0.28949863575081625,0.2649217429538262,0.5461366719412808,0.430239203510078,0.8333333333333334
bulk,eig@gammamix-poisson,5,60.0,60.0,0.4203712039889069,0.00954709399229614,1.9960444434461806,0.0,0.14789855749189662,0.22284647515286382,0.23037370246295918,0.2649217429538263,0.4338166486519382,0.3694389296893565,0.9166666666666666
bulk,eig@gammamix-poisson,5,120.0,120.0,0.6482788099892787,0.020237524026015308,1.905683895491184,0.0,0.14789855749189662,0.22284647515286382,0.11514589911992557,0.16143082114628182,0.38323897960399483,0.31667691011666577,0.9166666666666666
bulk,eig@gammamix-poisson,5,180.0,180.0,0.8468974689531024,0.02911082406353671,1.6862104656511085,0.0,0.15613940335401122,0.10958138829731023,0.02567417159383567,0.0230590500539275,0.21821238638733342,0.2494516066154071,0.9166666666666666
bulk,eig@gammamix-poisson,5,240.0,240.0,1.1080761719786096,0.040551438061811496,1.7009763513851395,0.0,0.0,0.0,0.02567417159383567,0.004910879198261164,0.20725522001308946,0.28928695219331446,0.9166666666666666
bulk,eig@gammamix-poisson,6,30.0,30.0,0.2786617449964979,0.007871987028920557,1.1846720457378759,0.0,0.0780754520573207,0.0,0.0,0.0,0.21047588127942932,0.36717667330734405,0.5833333333333334
bulk,eig@gammamix-poisson,6,60.0,60.0,0.4603799730030005,0.0160287950275233,1.1787541576301954,0.0,0.0,0.0,0.0,0.0,0.20330626369343374,0.3644278376297085,0.5833333333333334
bulk,eig@gammamix-poisson,6,120.0,120.0,0.7556342399839195,0.028913478054164443,1.1616064269714903,0.0,0.0,0.0,0.0,0.028754561958456826,0.14932377879990372,0.33731257352447935,0.8333333333333334
bulk,eig@gammamix-poisson,6,180.0,180.0,1.035050769954978,0.0415906860580435,1.1319564926170316,0.0,0.0,0.0,0.019249937604791545,0.0,0.1297421682136548,0.32096039191359305,0.9166666666666666
bulk,eig@gammamix-poisson,6,240.0,240.0,1.292931511939969,0.053746075012895744,1.122193852315805,0.0,0.0,0.0,0.0,0.0,0.1268400355053052,0.2572321671002316,0.9166666666666666
bulk,eig@gammamix-poisson,7,30.0,30.0,0.3227337889838964,0.008487913990393281,1.9182338820957463,0.0,0.11078645016984656,0.0,0.016397710014314115,0.08489528386908263,0.594137259167307,0.2314955982247027,0.75
bulk,eig@gammamix-poisson,7,60.0,60.0,0.5022808899739175,0.015918339988274965,1.8382406995586624,0.0,0.0,0.0,0.016397710014314115,0.0,0.48244665565096506,0.20669789386557835,0.8333333333333334
bulk,eig@gammamix-poisson,7,120.0,120.0,0.824328656985017,0.029790552995109465,1.772841701380681,0.0,0.0,0.0,0.016397710014314115,0.03494991865666375,0.18430369338303978,0.18954490904876864,0.8333333333333334
bulk,eig@gammamix-poisson,7,180.0,180.0,1.1393177720237873,0.04408581997995498,1.743613248007082,0.0,0.0,0.0,0.016397710014314115,0.03494991865666375,0.171552790803828,0.1920886590538065,0.9166666666666666
bulk,eig@gammamix-poisson,7,240.0,240.0,1.4053693680180004,0.05568488502467517,1.6982408497531214,0.0,0.0,0.0,0.016397710014314115,0.0,0.12419067817984876,0.11836065702694784,0.9166666666666666
bulk,eig@gammamix-poisson,8,30.0,30.0,0.2218963040068047,0.006023425994499121,1.689550311677533,0.0,0.06706677782912995,0.08647917797905791,-2.220446049250313e-16,-2.220446049250313e-16,0.4632283734465853,0.34050946558351347,0.5833333333333334
bulk,eig@gammamix-poisson,8,60.0,60.0,0.39424218099884456,0.014559453979018144,1.5893765826852695,0.0,0.0,0.03274912267043728,0.0,0.0,0.4287608515036019,0.2882029437577498,0.6666666666666666
bulk,eig@gammamix-poisson,8,120.0,120.0,0.7129983519480447,0.029045088958810084,1.5049981628960662,0.0,0.0,0.0,0.0,0.0,0.36080549897092024,0.2185627715387748,0.75
bulk,eig@gammamix-poisson,8,180.0,180.0,0.9534528399381088,0.04318691795197083,1.4773641867934202,0.0,0.0,0.0,0.0,0.0,0.28636254356934654,0.20549842730648926,0.8333333333333334
bulk,eig@gammamix-poisson,8,240.0,240.0,1.2388623069564346,0.059242063980491366,1.465532475902654,0.0,0.0,0.0,0.0,0.0,0.2793913893741429,0.18813814186251843,0.9166666666666666
bulk,eig@gammamix-poisson,9,30.0,30.0,0.15684714900999097,0.004736134986160323,2.044583285324165,0.1338463177732382,0.24815126085312178,0.08611361017936259,0.07582669895769878,0.12008842220200233,0.4933567062935203,0.475481602833921,0.6666666666666666
bulk,eig@gammamix-poisson,9,60.0,60.0,0.4407189910270972,0.020529019966488704,1.933655541665851,0.1338463177732382,0.24815126085312178,0.08611361017936259,0.07582669895769878,0.06501373690925805,0.3721682635690281,0.45433076995055244,0.8333333333333334
bulk,eig@gammamix-poisson,9,120.0,120.0,0.8091541860267171,0.03583156896638684,1.9512084910210723,0.0,0.0,0.08611361017936259,0.07582669895769878,0.06501373690925805,0.35402597704722066,0.44877917864322897,1.0
bulk,eig@gammamix-poisson,9,180.0,180.0,1.099008136014163,0.04854859994520666,1.785292600650476,0.0,0.0,0.08611361017936259,0.07582669895769878,0.06501373690925805,0.3030473172088078,0.3232998901151849,1.0
bulk,eig@gammamix-poisson,9,240.0,240.0,1.3065443670348031,0.05806672196922591,1.7041592213733567,0.0,0.1764281658861907,0.08611361017936259,0.07582669895769878,0.11335338198109368,0.22528079239148535,0.26249466945563926,1.0
bulk,eig@gammamix-poisson,10,30.0,30.0,0.2286170440056594,0.006292963997111656,1.806230427167445,0.0,0.0,0.04921843374333046,0.1259582706490847,0.07664997905049176,0.7046910354488974,0.37288667561739597,0.6666666666666666
bulk,eig@gammamix-poisson,10,60.0,60.0,0.3834708410067833,0.011994118009170052,1.762162357522336,0.0,0.0,0.04921843374333046,0.1259582706490847,0.14130637153126924,0.5681617397701834,0.35399034437104476,0.9166666666666666
bulk,eig@gammamix-poisson,10,120.0,120.0,0.5186192479959573,0.017421843993361108,1.6257654049047086,0.0,0.0,0.04921843374333046,0.044174302062765514,0.06465639248077748,0.4714688765206004,0.25393615367130223,0.9166666666666666
bulk,eig@gammamix-poisson,10,180.0,180.0,0.6274004950028029,0.022024068020982668,1.622941942545607,0.0,0.0,0.04921843374333046,0.044174302062765514,0.06465639248077748,0.4377550042208824,0.22373582657467322,0.9166666666666666
bulk,eig@gammamix-poisson,10,240.0,240.0,0.7243881700051134,0.026176828032475896,1.5482472733173058,0.0,0.0,0.0,0.0355049437738173,0.0,0.33389700349011076,0.18481778337326113,1.0
bulk,eig@gammamix-poisson,11,30.0,30.0,0.1738867039748584,0.004496070010645781,1.460423305859224,0.0,0.056863950006552644,-2.220446049250313e-16,-2.220446049250313e-16,0.024038360265557612,0.7070430568201489,0.409708139150315,0.5833333333333334
bulk,eig@gammamix-poisson,11,60.0,60.0,0.3084292209605337,0.009644375000789296,1.4454223542325106,0.0,0.056863950006552644,-2.220446049250313e-16,-2.220446049250313e-16,-2.220446049250313e-16,0.6574161417722655,0.36391978727233926,0.75
bulk,eig@gammamix-poisson,11,120.0,120.0,0.5493304819756304,0.020717632003652398,1.31821642432189,0.0,0.056863950006552644,-2.220446049250313e-16,-2.220446049250313e-16,-2.220446049250313e-16,0.4227343565557002,0.3815779832002926,0.9166666666666666
bulk,eig@gammamix-poisson,11,180.0,180.0,0.8005448419498862,0.03152998198493151,1.260626111308041,0.0,0.0,0.0,0.0,0.0,0.2258808724684868,0.3717303778106819,0.9166666666666666
bulk,eig@gammamix-poisson,11,240.0,240.0,1.017939947960258,0.042078150014276616,1.2673264422444759,0.0,0.0,0.0,0.0,0.0,0.18765313219828764,0.3609056299889577,0.9166666666666666
bulk,eig@gammamix-poisson,12,30.0,30.0,0.13550871201732662,0.003393743019842077,1.415882199944346,0.0,0.02299292658626495,0.033539840975024715,0.030681313338116856,0.0002735985802798657,0.394157233107242,0.34668379968018825,0.6666666666666666
bulk,eig@gammamix-poisson,12,60.0,60.0,0.22800710205046926,0.0066429600192350335,1.3916304173142222,0.0,0.02299292658626495,0.033539840975024715,0.030681313338116856,0.04576231249477136,0.25582058512415945,0.37013571413540014,0.75
bulk,eig@gammamix-poisson,12,120.0,120.0,0.3900772640336072,0.013399391056736931,1.37178882256998,0.0,0.02299292658626495,0.021748017796422436,0.030681313338116856,0.029486863712947953,0.23178374064858145,0.3060416899529047,0.8333333333333334
bulk,eig@gammamix-poisson,12,180.0,180.0,0.5524078080197796,0.02049623506172793,1.253558196477725,0.0,0.02299292658626495,0.021748017796422436,0.030396631865982626,2.220446049250313e-16,0.1678966566322792,0.1943960226679076,0.8333333333333334
bulk,eig@gammamix-poisson,12,240.0,240.0,0.7113801870145835,0.027707880071830004,1.2555151999807996,0.0,0.021686973699409418,1.1102230246251565e-16,1.1102230246251565e-16,0.0002735985802798657,0.19134268434303286,0.21198950896140498,0.8333333333333334
bulk,eig@gammamix-poisson,13,30.0,30.0,0.34787666899501346,0.009336461997008882,1.7019593120826861,0.0,0.053706787649347,0.055647096366595816,0.0,0.0014159229476433666,0.4168331753641732,0.23666890526540463,0.75
bulk,eig@gammamix-poisson,13,60.0,60.0,0.533946842966543,0.017378718010149896,1.6155771621932324,0.0,0.0,0.0,0.0,0.0014159229476433666,0.2275366976711189,0.2412290663297333,0.9166666666666666
bulk,eig@gammamix-poisson,13,120.0,120.0,0.788504006981384,0.029303820061613806,1.5943460924278743,0.0,0.0,0.037574981968373056,0.02221847505840857,0.0014159229476432555,0.2848389136809591,0.16819927541432897,1.0
bulk,eig@gammamix-poisson,13,180.0,180.0,1.0933939229653333,0.04647269509587204,1.6014189154351566,0.0,0.0,0.037574981968373056,0.02221847505840857,0.0014159229476432555,0.29985303092071813,0.1805091491714054,1.0
bulk,eig@gammamix-poisson,13,240.0,240.0,1.3637701209736406,0.062386972102103755,1.5607780332645211,0.0,0.0,0.0,0.0,0.0014159229476433666,0.23630945817551186,0.19479983134546394,1.0
bulk,eig@gammamix-poisson,14,30.0,30.0,0.22057472699088976,0.005340648000128567,2.153823174168249,0.0,0.0,0.029198045901863146,0.055609104367644324,0.06499952064910353,0.41657624144623046,0.35225510879644367,0.75
bulk,eig@gammamix-poisson,14,60.0,60.0,0.37236699399363715,0.01296620201173937,1.9728718547833932,0.0,0.0,0.0,0.0,0.003921527060101182,0.26354302372778565,0.23694674181165276,0.8333333333333334
bulk,eig@gammamix-poisson,14,120.0,120.0,0.6491782839948428,0.024008052991121076,1.9492808274113156,0.0,0.0,0.0,0.0,0.0,0.29146042325904314,0.24577603980905244,0.9166666666666666
bulk,eig@gammamix-poisson,14,180.0,180.0,0.9190758830009145,0.035950963996583596,1.9755562469834091,0.0,0.0,0.0,0.0,0.0,0.2929053163839564,0.21504235692350976,1.0
bulk,eig@gammamix-poisson,14,240.0,240.0,1.1669314480022877,0.04657801199937239,1.9095131067940958,0.0,0.0,0.0,0.0,0.0,0.12416729057116131,0.1499325957257303,1.0
bulk,eig@gammamix-poisson,15,30.0,30.0,0.2501207079985761,0.006540320006024558,1.8122567753341896,0.0,0.0,0.0,0.009728346372479213,0.05310447448795241,0.4816544419755637,0.31779652912333933,0.6666666666666666
bulk,eig@gammamix-poisson,15,60.0,60.0,0.4125772080005845,0.013504658010788262,1.897065630287144,0.3151542703797082,0.0,0.0,0.009728346372479213,0.05310447448795241,0.6131806002580251,0.3361886899118258,0.75
bulk,eig@gammamix-poisson,15,120.0,120.0,0.7238166370079853,0.030169208970619366,1.7111752971507663,0.0,0.0,0.0,0.009728346372479213,0.0,0.37645922700965234,0.209859397649637,0.9166666666666666
bulk,eig@gammamix-poisson,15,180.0,180.0,0.9768219419929665,0.0435005249310052,1.6766692980557307,0.0,0.0,0.0,0.009728346372479213,0.0,0.3049125472978759,0.18769517784877982,0.9166666666666666
bulk,eig@gammamix-poisson,15,240.0,240.0,1.1195393029775005,0.05081506292481208,1.6335893552927032,0.0,0.0,0.0,0.009728346372479213,0.0,0.1966436421987983,0.17267337846286915,0.9166666666666666
bulk,eig@gammamix-poisson,16,30.0,30.0,1.040443045014399,0.03773670197551837,1.332940861156254,0.0,0.09623127030169532,0.0,0.0,0.0,0.2686356035688169,0.4049687343221041,0.5
bulk,eig@gammamix-poisson,16,60.0,60.0,1.5794342219815007,0.06847564696363406,1.301494578862974,0.0,0.0,0.0,0.0,0.0,0.29975133273318155,0.36407217387058877,0.6666666666666666
bulk,eig@gammamix-poisson,16,120.0,120.0,1.9314034509734483,0.08717438998428406,1.2783655827531604,0.0,0.09623127030169532,0.0,0.0,0.009429933723281603,0.2410350569146315,0.2865261818699817,0.9166666666666666
bulk,eig@gammamix-poisson,16,180.0,180.0,2.176237011961348,0.09922205594921252,1.2603907474724645,0.0,0.09623127030169532,0.0,0.0,0.009429933723281603,0.188753011045652,0.2468142247969954,0.9166666666666666
bulk,eig@gammamix-poisson,16,240.0,240.0,2.4060824599437183,0.11022442895773565,1.2488404796996193,0.0,0.0,0.0,0.0,0.0,0.16649909911853197,0.20851922803395845,0.9166666666666666
bulk,eig@gammamix-poisson,17,30.0,30.0,0.11439188000076683,0.0026339990145061165,1.723499920314663,0.0,0.024605312603953156,0.0,0.0795219549934727,0.15055308420527724,0.3263502034473029,0.4839111753814591,0.5833333333333334
bulk,eig@gammamix-poisson,17,60.0,60.0,0.17512499500298873,0.004927993017190602,1.4043305030162763,0.0,0.0,0.0,0.0,0.0,0.10103331941150358,0.36903161991930084,0.5833333333333334
bulk,eig@gammamix-poisson,17,120.0,120.0,0.2904480959987268,0.009876552037894726,1.3909467197225576,0.0,0.0,0.0,0.0,0.0,0.1303587773715396,0.31753911405758756,0.6666666666666666
bulk,eig@gammamix-poisson,17,180.0,180.0,0.39902819601411466,0.014515379029035103,1.3532389236828901,0.0,0.0,0.04945307377923669,0.0,0.0,0.10495943984164299,0.280458158482286,0.9166666666666666
bulk,eig@gammamix-poisson,17,240.0,240.0,0.5010047430114355,0.019506587035721168,1.3541845888309247,0.0,0.0,0.0,0.0,0.0,0.08122780925309,0.28778644825550914,0.9166666666666666
bulk,eig@gammamix-poisson,18,30.0,30.0,0.10469461503089406,0.0029865270043956116,0.8612215621765192,0.40356190241806267,0.0,0.187039397363017,0.054846915242110716,0.061840281980625855,0.15874494576641485,0.393877973749194,0.5833333333333334
bulk,eig@gammamix-poisson,18,60.0,60.0,0.16719850004301406,0.005442118024802767,0.8402787216837001,0.0,0.0,0.21062660962019697,0.24105413181974422,0.17548673709470575,0.09458552273124972,0.37254020855477826,0.6666666666666666
bulk,eig@gammamix-poisson,18,120.0,120.0,0.32056900406314526,0.011737227039702702,0.7995823966428169,0.0,0.0,0.187039397363017,0.054846915242110716,0.07134126391782336,0.08103102823260076,0.34893717564454646,0.6666666666666666
bulk,eig@gammamix-poisson,18,180.0,180.0,0.5030972680906416,0.02096783503657207,0.770729874685334,0.0,0.0,0.0,0.05484691524211083,0.07134126391782347,0.05345582025559524,0.3207262569841606,0.8333333333333334
bulk,eig@gammamix-poisson,18,240.0,240.0,0.6592208551010117,0.028229083036421798,0.7736014373802157,0.0,0.0,0.0,0.05484691524211083,0.07134126391782347,0.05868861654378247,0.2997018175859523,1.0
bulk,eig@gammamix-poisson,19,30.0,30.0,0.7913569930096855,0.03103636398736853,1.9863313225672339,0.013624656549291458,0.19290162703960656,0.22655612141004122,0.2139297597707296,0.0,0.7605205473506134,0.31027490300037724,0.6666666666666666
bulk,eig@gammamix-poisson,19,60.0,60.0,1.2560369690254447,0.06180033098644344,1.8846675595399376,0.013624656549291458,0.2969081180605402,0.07936228676093804,0.0,0.0,0.560261523339198,0.29810321950919205,0.6666666666666666
bulk,eig@gammamix-poisson,19,120.0,120.0,1.9793577680466115,0.10464131103799446,1.8860311818989464,0.013624656549291458,0.0,0.07936228676093804,0.0,0.0,0.5130121326390181,0.29190211918548997,0.9166666666666666
bulk,eig@gammamix-poisson,19,180.0,180.0,2.4999397830833914,0.1381467140672612,1.7786916815876461,0.013624656549291458,0.0,0.0,0.0,0.0,0.3569792750698034,0.2372562892703491,1.0
bulk,eig@gammamix-poisson,19,240.0,240.0,2.7768074431005516,0.1507446150353644,1.7287870873868199,0.0,0.0,0.0,0.0,0.0,0.2795458346783896,0.15344921866957928,1.0
bulk,eig@gammamix-poisson,20,30.0,30.0,0.8073854819958797,0.026479110005311668,1.771981439541097,0.0,0.0,0.03154333103704754,0.029454721013035257,0.002555020552324039,0.4941354425727663,0.32480783374303207,0.75
bulk,eig@gammamix-poisson,20,60.0,60.0,1.2977125139877899,0.048346096016757656,1.7390882820708622,0.0,0.0,0.0,0.01070172465259267,0.002555020552324039,0.45615370994130605,0.30427376068792544,0.75
bulk,eig@gammamix-poisson,20,120.0,120.0,1.6253051759777009,0.06176909305213485,1.6933692058015932,0.0,0.0,0.0,0.01070172465259267,0.002555020552324039,0.28068254020524674,0.33517816987970644,0.9166666666666666
bulk,eig@gammamix-poisson,20,180.0,180.0,1.8198878819966922,0.06980566804850241,1.6315454564256324,0.0,0.0,0.0,0.01070172465259267,0.002555020552324039,0.19845722178207972,0.1974489202975963,0.9166666666666666
bulk,eig@gammamix-poisson,20,240.0,240.0,1.9911515220082947,0.07724423204490449,1.6498148245122273,0.0,0.0,0.0,0.0,0.002555020552324039,0.18606570233511666,0.21325004949372964,0.9166666666666666
bulk,eig@gammamix-poisson,21,30.0,30.0,0.15600337102659978,0.0041392339844605885,1.278529730649225,0.5066210951058145,0.16532876797195262,-2.220446049250313e-16,0.0,0.0,0.40891209901821624,0.3518819627644645,0.5833333333333334
bulk,eig@gammamix-poisson,21,60.0,60.0,0.2544431290370994,0.007979611960763577,1.2376702936833306,0.5066210951058145,0.16532876797195262,-2.220446049250313e-16,0.0,0.01923023052352013,0.28161024199215756,0.28902746562482146,0.6666666666666666
bulk,eig@gammamix-poisson,21,120.0,120.0,0.4374128090275917,0.015945916973578278,1.2680773055486172,0.5066210951058145,0.16532876797195262,0.1923246071046184,0.0,0.0,0.2652608867836987,0.25434639651892277,0.8333333333333334
bulk,eig@gammamix-poisson,21,180.0,180.0,0.6077876599883894,0.023624734982149675,1.2801663784459738,0.5066210951058145,0.16532876797195262,-2.220446049250313e-16,0.0,0.0,0.2422763879335822,0.24642716129077297,0.9166666666666666
bulk,eig@gammamix-poisson,21,240.0,240.0,0.7670695100168814,0.0309329849696951,1.2123179995439075,0.0,0.16532876797195262,-2.220446049250313e-16,0.0,0.0,0.1616276248704724,0.21920602900181357,0.9166666666666666
bulk,eig@gammamix-poisson,22,30.0,30.0,0.2609468090086011,0.00799646001541987,1.1226977845709352,0.0,0.0,0.0,0.01133212296564401,0.03387844389850869,0.18793401052243555,0.27728983417443165,0.4166666666666667
bulk,eig@gammamix-poisson,22,60.0,60.0,0.4205449450164451,0.015459761998499744,1.1087918427119818,0.0,0.0,0.0,0.01133212296564401,0.03387844389850869,0.22727124777066332,0.22793715346428817,0.5833333333333334
bulk,eig@gammamix-poisson,22,120.0,120.0,0.7319810469925869,0.030334932016558014,1.0860701424046373,0.0,0.0,0.0,0.01133212296564401,0.0,0.18785349757744987,0.21572942695859415,0.6666666666666666
bulk,eig@gammamix-poisson,22,180.0,180.0,0.9394514230225468,0.03986618900671601,1.063391833484348,0.0,0.0,0.0,0.01133212296564401,0.0,0.1908137399780927,0.1763653986842912,0.8333333333333334
bulk,eig@gammamix-poisson,22,240.0,240.0,1.0984849550732179,0.04720061403349973,1.0483266726205631,0.0,0.0,0.0,0.01133212296564401,0.0,0.16493422927771617,0.18831813981610446,0.9166666666666666
bulk,eig@gammamix-poisson,23,30.0,30.0,0.14967971902660793,0.003911660962330643,1.5613300293729893,0.13119808897110796,0.0,0.050635469069888694,0.047122060983008196,0.14580058448623645,0.195358815041051,0.32612928602723457,0.6666666666666666
bulk,eig@gammamix-poisson,23,60.0,60.0,0.2473810390147264,0.007750064964056946,1.5680598264222116,0.0,0.0,0.20991822328959675,0.17732014776453042,0.14580058448623634,0.18165695958527886,0.32495039101163137,0.6666666666666666
bulk,eig@gammamix-poisson,23,120.0,120.0,0.43816140700073447,0.015979127943865024,1.5761392964863337,0.0,0.0,0.057648555700188675,0.047122060983008085,0.083938844297204,0.22468722467484278,0.33720231455496213,0.8333333333333334
bulk,eig@gammamix-poisson,23,180.0,180.0,0.6139612849947298,0.023889818949101027,1.5578610591062425,0.0,0.0,0.057648555700188675,0.05957974378947861,0.04575479888921663,0.19048339540102502,0.3145208147194766,0.9166666666666666
bulk,eig@gammamix-poisson,23,240.0,240.0,0.7769350580201717,0.031396050966577604,1.5522018564903863,0.0,0.0,0.057648555700188675,0.05957974378947861,0.04575479888921663,0.17558645506048218,0.2983634321651397,0.9166666666666666
bulk,eig@gammamix-poisson,24,30.0,30.0,0.23696975599159487,0.0060890809836564586,1.3523251740125914,0.0,0.2725634238699337,0.16317524349024215,0.13534423083561586,0.003800627514088273,0.2492987267183565,0.3166939494601527,0.9166666666666666
bulk,eig@gammamix-poisson,24,60.0,60.0,0.4467279620075715,0.015062055019370746,1.3826073205526692,0.0,0.0,0.16317524349024204,0.13534423083561564,0.0038006275140880508,0.34809482816067644,0.24223879437407142,0.9166666666666666
bulk,eig@gammamix-poisson,24,120.0,120.0,0.6527839000045788,0.02333367001847364,1.378322148511853,0.0,0.0,0.0,0.115446150839149,0.0038006275140880508,0.23454878193354525,0.284644335235278,0.9166666666666666
bulk,eig@gammamix-poisson,24,180.0,180.0,0.8368895469975541,0.03160286902129883,1.376936275281463,0.0,0.0,0.0,0.115446150839149,0.0038006275140880508,0.19017537278363664,0.29132771587599815,0.9166666666666666
bulk,eig@gammamix-poisson,24,240.0,240.0,1.0175424820117769,0.040022795015829615,1.356835608863243,0.0,0.0,0.0,0.0,0.0038006275140880508,0.15320428868976893,0.28389419172265773,0.9166666666666666
bulk,eig@gammamix-poisson,25,30.0,30.0,0.16776578997814795,0.004060845007188618,2.05428429901454,0.0,0.0,0.04411445270867598,0.00881038569320014,0.0,0.5969853888144354,0.14758075979604038,0.6666666666666666
bulk,eig@gammamix-poisson,25,60.0,60.0,0.2683577689822414,0.00791207001748262,1.9643833444906962,0.0,0.0,0.0,0.00881038569320014,0.0,0.41867758657321763,0.11902635649693379,0.75
bulk,eig@gammamix-poisson,25,120.0,120.0,0.41420253396063345,0.014017206027347129,1.9245486761855322,0.0,0.0,0.0,0.00881038569320014,0.0,0.34072645501145377,0.16344055242945296,0.8333333333333334
bulk,eig@gammamix-poisson,25,180.0,180.0,0.5186387389258016,0.018753832031507045,1.8889455443175143,0.0,0.0,0.0,0.00881038569320014,0.0,0.23522106877947932,0.11390117902472241,0.8333333333333334
bulk,eig@gammamix-poisson,25,240.0,240.0,0.6200340828800108,0.0232771370356204,1.8793329146564102,0.0,0.0,0.0,0.00881038569320014,0.0,0.19505055288797624,0.14918888726351506,0.9166666666666666
bulk,eig@gammamix-poisson,26,30.0,30.0,0.210067498999706,0.005707472984795459,1.4990874732480732,0.0,0.0,0.06578189306697269,1.1102230246251565e-16,0.048876935265202315,0.23587671059554377,0.5201073861081573,0.5833333333333334
bulk,eig@gammamix-poisson,26,60.0,60.0,0.33804713401332265,0.010846814977412578,1.3854815660269348,0.0,0.0,0.0,0.0,0.048876935265202204,0.14445480838857463,0.42773558662428535,0.8333333333333334
bulk,eig@gammamix-poisson,26,120.0,120.0,0.6615766590475687,0.02532480197987752,1.3148581604400096,0.0,0.0,0.0,0.0,0.0,0.19782474506659967,0.29438672627779255,0.9166666666666666
bulk,eig@gammamix-poisson,26,180.0,180.0,0.8862318050232716,0.03520548100641463,1.2940858978158607,0.0,0.0,0.0,0.0,0.0,0.183191831275306,0.2407356891702112,0.9166666666666666
bulk,eig@gammamix-poisson,26,240.0,240.0,1.1096204610003042,0.045273728035681415,1.3067431194608246,0.27417859988238935,0.0,0.0,0.0,0.0,0.18427985892303492,0.2203705872334079,0.9166666666666666
bulk,eig@gammamix-poisson,27,30.0,30.0,0.12181401797715807,0.0034938779936055653,2.076298884213428,0.0,0.0,0.0,0.0,0.02257782182154644,0.8669383094612696,0.3278821329573641,0.5833333333333334
bulk,eig@gammamix-poisson,27,60.0,60.0,0.20406769099645317,0.006821204005973414,2.1278143016769886,0.0,0.0,0.0,0.0,0.02257782182154644,0.9364523845939016,0.36053825702371073,0.75
bulk,eig@gammamix-poisson,27,120.0,120.0,0.3367811010029982,0.012465792002331,1.9454306600347675,0.0,0.0,0.0,0.0,0.02257782182154644,0.4034620048896909,0.29389465282189825,0.8333333333333334
bulk,eig@gammamix-poisson,27,180.0,180.0,0.46178320801845985,0.018005373982305173,1.9079441986557866,0.0,0.0,0.0,0.028809510472102784,0.02257782182154644,0.36934436728629294,0.24210787282158616,0.9166666666666666
bulk,eig@gammamix-poisson,27,240.0,240.0,0.5801141580086551,0.02353664797556121,1.8727714351973468,0.0,0.0,0.0,0.0,0.02257782182154644,0.3038765811677591,0.19933109205516214,0.9166666666666666
bulk,eig@gammamix-poisson,28,30.0,30.0,0.1826363060172298,0.004666304979764391,1.9803603096448337,0.0,0.062279563575025176,0.013892072926463883,0.10747216362649081,-2.220446049250313e-16,0.7307730877383121,0.3137251816312425,0.75
bulk,eig@gammamix-poisson,28,60.0,60.0,0.3460820330437855,0.012055967970809434,1.9925336648285326,0.0,0.062279563575025176,0.013892072926463883,0.0,0.0377828291767035,0.6943272466342053,0.29213957729828177,0.8333333333333334
bulk,eig@gammamix-poisson,28,120.0,120.0,0.6084543320466764,0.023245917000167537,1.8488243612996167,0.0,0.062279563575025176,0.013892072926463883,0.0,0.0,0.5066560517057118,0.20188737922440303,0.9166666666666666
bulk,eig@gammamix-poisson,28,180.0,180.0,0.797687318023236,0.03162213001633063,1.8078713597961642,0.0,0.062279563575025176,0.013892072926463883,0.0,0.0,0.3887965787393685,0.21090204434882054,0.9166666666666666
bulk,eig@gammamix-poisson,28,240.0,240.0,0.9644024340377655,0.038854341037222184,1.8029080533352346,0.0,0.062279563575025176,0.013892072926463883,0.10747216362649081,-2.220446049250313e-16,0.4162041054266928,0.16828709290592564,1.0
bulk,eig@gammamix-poisson,29,30.0,30.0,0.34108028702030424,0.009817380014283117,1.841189905360534,0.0,0.0,0.03194717220836074,0.06839711766541101,0.03736392116355969,0.49804128543866,0.4383246280749267,0.6666666666666666
bulk,eig@gammamix-poisson,29,60.0,60.0,0.5525210890045855,0.019491842023853678,1.7204063624479808,0.0,0.0,0.0007384767981392093,0.02762468593994405,0.0,0.3369244779143577,0.4070056137437445,0.75
bulk,eig@gammamix-poisson,29,120.0,120.0,0.9676521770015825,0.040679839039512444,1.6319555305041764,0.0,0.0,0.0,0.0,0.0,0.24815528536181372,0.31842685173913937,1.0
bulk,eig@gammamix-poisson,29,180.0,180.0,1.2907320499944035,0.05566676902526524,1.599573522422107,0.0,0.0,0.0,0.02698612583548532,0.0,0.2060497061897087,0.2477805578697357,1.0
bulk,eig@gammamix-poisson,29,240.0,240.0,1.5667485569938435,0.06842031698033679,1.6218420512724088,0.0,0.0,0.03194717220836074,0.02698612583548532,0.0,0.21935483974273395,0.27353650587916006,1.0
bulk,eig@gammamix-poisson,30,30.0,30.0,0.12264664502436062,0.0032355209987144917,1.948829783233361,0.0,0.0,0.004243958624088107,0.018905881100813926,0.030435130012275935,0.5269859742977734,0.35647010866070483,0.5833333333333334
bulk,eig@gammamix-poisson,30,60.0,60.0,0.22021804405812873,0.006756281007255893,1.974871163649259,0.0,0.0,0.004243958624088107,0.02510016703458673,0.024400912098579086,0.5463701784655138,0.38204810716260507,0.75
bulk,eig@gammamix-poisson,30,120.0,120.0,0.39642307805479504,0.01473553094547242,1.8191313777902642,0.0,0.0,0.004243958624088107,0.026694644508969634,0.031972691641605766,0.6252396692083446,0.2418922529044099,0.9166666666666666
bulk,eig@gammamix-poisson,30,180.0,180.0,0.5444450860741199,0.021139362950634677,1.7253360731703993,0.0,0.0,0.004243958624088107,0.026694644508969634,0.00757177954302668,0.3604225193203718,0.19559125840611863,1.0
bulk,eig@gammamix-poisson,30,240.0,240.0,0.6535330410915776,0.025963599982787855,1.6932242512590907,0.0,0.0,0.004243958624088107,0.0,0.0,0.36279384067988885,0.23011826049461395,1.0
bulk,eig@gammamix-poisson,31,30.0,30.0,0.3014404450150323,0.008538792011677288,1.9073707155074675,0.0,0.2167265226866103,0.28477841936924686,0.13679503035476748,0.2017829123467495,0.4018235511175558,0.4658708872697037,0.75
bulk,eig@gammamix-poisson,31,60.0,60.0,0.5234264260143391,0.018986261027748697,1.8066340747134957,0.0,0.054368082223056224,0.15405314973446804,0.028609626661081577,0.10912415552647936,0.3090978556077077,0.4213265877823854,0.75
bulk,eig@gammamix-poisson,31,120.0,120.0,0.8497100090316962,0.03504449100000784,1.7257393770700205,0.0,0.2382762539420289,0.1693710902185177,0.14502144611969048,0.14455472253744817,0.29098084742246155,0.32707485718390317,1.0
bulk,eig@gammamix-poisson,31,180.0,180.0,1.1228680949934642,0.04743934598081978,1.6599772862467945,0.0,0.2382762539420289,0.2502081258571053,0.23567645604239917,0.11300534729052192,0.2326213857866694,0.2654947549196047,1.0
bulk,eig@gammamix-poisson,31,240.0,240.0,1.3867431239705184,0.05971140700421529,1.6216571565068671,0.0,0.0,0.0,0.04128642265968707,0.031204027033697512,0.16250847198543775,0.2325341738497224,1.0
bulk,eig@gammamix-poisson,32,30.0,30.0,0.4015353559880168,0.01424217000749195,2.2315945157702415,0.0,0.15753619413744824,0.11652665134227669,0.001668986130187733,0.09696786830936399,0.788305694110652,0.4912871041351883,0.75
bulk,eig@gammamix-poisson,32,60.0,60.0,0.5309475190078956,0.01974272001098143,1.87292269923696,0.0,0.03314572155992468,0.11652665134227669,0.09957312980862609,0.1022422139846848,0.3989788889528651,0.34780216699055716,0.75
bulk,eig@gammamix-poisson,32,120.0,120.0,0.732064446034201,0.028290280999499373,1.8321695381614476,0.0,0.0,0.0,0.0,0.0,0.33365317779808984,0.29763677114508913,0.8333333333333334
bulk,eig@gammamix-poisson,32,180.0,180.0,0.926263473011204,0.03707887999189552,1.8329611218554105,0.0,0.0,0.0,0.001668986130187733,-2.220446049250313e-16,0.2869579178882788,0.36614852261979997,0.9166666666666666
bulk,eig@gammamix-poisson,32,240.0,240.0,1.1773394490446663,0.05143806098931236,1.7431769924614828,0.0,0.0,0.0,0.0,0.0,0.2566161428877316,0.27305342496158486,0.9166666666666666
bulk,eig@gammamix-poisson,33,30.0,30.0,0.13611013598710997,0.004128505017433781,1.839146915763048,0.13018507767653065,0.0,0.038614398775764225,0.0,0.05157533141990789,0.3265752415711035,0.41775790654840056,0.6666666666666666
bulk,eig@gammamix-poisson,33,60.0,60.0,0.2249281909680576,0.00740132802457083,1.6605997716704295,0.13018507767653065,0.0,0.038614398775764225,0.0,0.0,0.29667661242027094,0.2907165034730824,0.8333333333333334
bulk,eig@gammamix-poisson,33,120.0,120.0,0.34764691698364913,0.01233677401614841,1.628734405294712,0.13018507767653065,0.0,0.038614398775764225,0.04593475858188267,0.0,0.28228930586010115,0.27506776930001436,0.9166666666666666
bulk,eig@gammamix-poisson,33,180.0,180.0,0.4749901199757005,0.018001505006395746,1.5708769264584344,0.13018507767653065,0.0,0.038614398775764225,0.0,0.0,0.2222108487608646,0.2062104988804689,1.0
bulk,eig@gammamix-poisson,33,240.0,240.0,0.6232899169481243,0.025262645984184928,1.6538201463638647,0.13018507767653065,0.0,0.038614398775764225,0.04593475858188267,0.0,0.28623848438418364,0.24974550063224402,1.0
bulk,eig@gammamix-poisson,34,30.0,30.0,0.17004635700868675,0.003941821974876802,1.753544752410243,0.0,0.0,0.07416692577238249,0.1363866505222706,0.09630104352808033,0.38189854869985834,0.29936993642399323,0.5833333333333334
bulk,eig@gammamix-poisson,34,60.0,60.0,0.26623289100825787,0.007110983999154996,1.667615141666121,0.0,0.0,0.07416692577238249,0.06486804845476124,0.0,0.22340147315163822,0.24858484135513545,0.8333333333333334
bulk,eig@gammamix-poisson,34,120.0,120.0,0.40742524297820637,0.012801854987628758,1.62260336716327,0.0,0.0,0.0,0.030996611287202547,0.0653507301141506,0.18060847045516273,0.18404559827412034,0.9166666666666666
bulk,eig@gammamix-poisson,34,180.0,180.0,0.5375225249808864,0.018995516016730107,1.5999701020392998,0.0,0.0,0.0,0.030996611287202547,0.0653507301141506,0.20267131642312902,0.1825443689215017,0.9166666666666666
bulk,eig@gammamix-poisson,34,240.0,240.0,0.6595891289834981,0.024818389014399145,1.560193926932129,0.0,0.0,0.0,0.030996611287202547,0.0,0.1302695809660647,0.19533404002465302,1.0
bulk,eig@gammamix-poisson,35,30.0,30.0,0.40209927401156165,0.013601623009890318,1.903706147809502,0.2999774708406655,0.0,0.0,0.0,0.006847707704469963,0.7614077901621024,0.25013395634949714,0.75
bulk,eig@gammamix-poisson,35,60.0,60.0,0.6963584740078659,0.02767629503068747,1.7902431477712992,0.0,0.0,0.0,0.0,0.0,0.5357058272361401,0.23051516315762827,0.75
bulk,eig@gammamix-poisson,35,120.0,120.0,1.191710844032059,0.054602776988758706,1.7808408369122342,0.2999774708406655,0.0,0.0,0.0,0.006847707704469963,0.5039926857410931,0.21264024757892847,0.9166666666666666
bulk,eig@gammamix-poisson,35,180.0,180.0,1.3920819880950148,0.06317910095094703,1.7413515251489609,0.0,0.0,0.0,0.0,0.006847707704469963,0.3674017506158238,0.2415177599356008,0.9166666666666666
bulk,eig@gammamix-poisson,35,240.0,240.0,1.6080485271522775,0.0734808689521742,1.709502086958704,0.0,0.0,0.0,0.0,0.0,0.25840157087514065,0.23277695459201614,0.9166666666666666
bulk,eig@gammamix-poisson,36,30.0,30.0,0.36993345501832664,0.01155969702085713,2.0559906277182622,0.4834803781595589,0.4113857117893147,0.0761885409816343,0.09523031563431628,0.12552908804421492,0.40681992749605933,0.3950228335867544,0.6666666666666666
bulk,eig@gammamix-poisson,36,60.0,60.0,0.5806437720457325,0.021350885028368793,1.9965407318386619,0.4402217558216105,0.30996738155828774,0.0,0.029790611246678256,0.028767929082627153,0.3158656727136005,0.3815083944883227,0.75
bulk,eig@gammamix-poisson,36,120.0,120.0,0.8845910210511647,0.03513471606129315,2.0011954923846664,0.4402217558216105,0.0,0.0,0.033291419004691014,0.028767929082627153,0.31624287554206976,0.36870069229234903,0.8333333333333334
bulk,eig@gammamix-poisson,36,180.0,180.0,1.1181916820496554,0.04550095205195248,1.7072890494396857,0.0,0.0,0.0,0.033291419004691014,0.028767929082627153,0.19380901392765418,0.13912198355425648,0.9166666666666666
bulk,eig@gammamix-poisson,36,240.0,240.0,1.327351020030619,0.05587579105485929,1.716934796583956,0.0,0.0,0.0,0.07004699958261973,0.06355445844648167,0.1743143463928002,0.1635890457077906,1.0
bulk,eig@gammamix-poisson,37,30.0,30.0,0.3016115960053867,0.008213624969357625,2.1405739611593906,0.1272886183430063,0.09793574789343917,0.0,0.0,0.021157747497572155,0.7112432101942169,0.27404124203687313,0.75
bulk,eig@gammamix-poisson,37,60.0,60.0,0.45866225198551547,0.014775792966247536,1.9758922172023727,0.1272886183430063,0.09793574789343917,0.0,0.0,0.030167672140288926,0.46152879319547546,0.21730134567030507,0.9166666666666666
bulk,eig@gammamix-poisson,37,120.0,120.0,0.6990128259712947,0.02571207696746569,1.8922548454721781,0.0,0.02996552055900603,0.0,0.0,0.0,0.34016130049311444,0.16568311073184647,0.9166666666666666
bulk,eig@gammamix-poisson,37,180.0,180.0,0.8932436239920207,0.034100689976185095,1.856328624882554,0.0,0.02996552055900603,0.0,0.0,0.0,0.2586861252555217,0.15092304798295528,1.0
bulk,eig@gammamix-poisson,37,240.0,240.0,1.0706600079938653,0.042848486969887745,1.8266451885260162,0.0,0.02996552055900603,0.0,0.0,0.0,0.18179704496270319,0.0884127937143206,1.0
bulk,eig@gammamix-poisson,38,30.0,30.0,0.12276179000764387,0.0034246889990754426,1.8600598593494582,0.0,0.0,0.018690190473064305,0.0,0.0003266813186881823,0.47350485778979934,0.3348972394776757,0.75
bulk,eig@gammamix-poisson,38,60.0,60.0,0.1924075450078817,0.006200256997544784,1.768350819198728,0.0,0.0,0.018690190473064305,0.0,0.0003266813186881823,0.22668801545898778,0.3045783602186627,0.75
bulk,eig@gammamix-poisson,38,120.0,120.0,0.3523596110389917,0.012558676993648987,1.7797178697029488,0.0,0.0,0.018690190473064305,0.0,0.008309473238895748,0.39891345665475025,0.2615263974033677,0.9166666666666666
bulk,eig@gammamix-poisson,38,180.0,180.0,0.473036058996513,0.017859844010672532,1.7740336899891338,0.0,0.0,0.018690190473064305,0.0,0.0003266813186881823,0.23484052765850078,0.2793312063578929,1.0
bulk,eig@gammamix-poisson,38,240.0,240.0,0.5825623719938449,0.02243826602352783,1.7127124941425433,0.0,0.0,0.018690190473064305,0.0,0.0003266813186881823,0.2969025347863101,0.1808247210944871,1.0
bulk,eig@gammamix-poisson,39,30.0,30.0,0.10743995300435927,0.0025447639854974113,1.8853833478677349,0.0,0.0,0.03937405229126123,0.03527349595602003,0.0,0.5344811401023849,0.4377115172411336,0.75
bulk,eig@gammamix-poisson,39,60.0,60.0,0.17375004601490218,0.005063019983936101,1.9270040531961057,0.0,0.0,0.03937405229126123,0.01788332443649754,0.0,0.46895207309827813,0.4166966402326677,0.9166666666666666
bulk,eig@gammamix-poisson,39,120.0,120.0,0.2935246450215345,0.009735211999213789,1.8566815206007339,0.0,0.0,0.03937405229126123,0.01788332443649754,0.0,0.39903908857002346,0.3140461155398574,1.0
bulk,eig@gammamix-poisson,39,180.0,180.0,0.4162670260120649,0.014928258984582499,1.6911392522580142,0.0,0.0,0.03937405229126123,0.03527349595602003,0.0,0.3704001590669552,0.22007671531805156,1.0
bulk,eig@gammamix-poisson,39,240.0,240.0,0.5259770510238013,0.019652234979730565,1.6443025603541346,0.0,0.0,0.03937405229126123,0.01788332443649754,0.0,0.30925580575732525,0.21413016629126164,1.0
bulk,eig@gammamix-poisson,40,30.0,30.0,0.2165686509979423,0.006140287994639948,1.3802936833580557,0.0,0.0,0.08953253272237638,0.02163201037000595,0.018385914102166057,0.25553055351560794,0.2994805277201314,0.6666666666666666
bulk,eig@gammamix-poisson,40,60.0,60.0,0.34304152399272425,0.011338186995999422,1.4281714415338838,0.02590319911044281,0.0,0.08953253272237638,0.02163201037000595,0.018385914102166057,0.2737103375347216,0.35009695856017314,0.6666666666666666
bulk,eig@gammamix-poisson,40,120.0,120.0,0.6866926240036264,0.02698632099054521,1.3081041598843335,0.0,0.19317342178481456,0.06749553328871027,0.055338393185330736,0.06239082467116708,0.1729994070908146,0.3086745479824774,0.75
bulk,eig@gammamix-poisson,40,180.0,180.0,0.9457592589533306,0.03865823895466747,1.3310872528762068,0.0,0.19317342178481456,0.06749553328871027,0.055338393185330736,-2.220446049250313e-16,0.16773381006342147,0.34675792900598135,0.9166666666666666
bulk,eig@gammamix-poisson,40,240.0,240.0,1.1990036149509251,0.05008015895873541,1.2926389493454187,0.0,0.19317342178481456,0.06749553328871027,0.055338393185330736,-2.220446049250313e-16,0.1501881762133516,0.28743635562697517,1.0
bulk,eig@gammamix-poisson,41,30.0,30.0,0.21728772298956756,0.006374746000801679,1.261261769151214,0.0,0.11672176412096102,0.0,0.03753040946664843,0.03524629515005373,0.18155845044115154,0.4939621696157269,0.5833333333333334
bulk,eig@gammamix-poisson,41,60.0,60.0,0.3688236100060749,0.013695201028895099,1.2784714311151102,0.0,0.11672176412096102,0.0,0.007362309966399527,0.04051016716048483,0.19862402422327896,0.45732181304798647,0.75
bulk,eig@gammamix-poisson,41,120.0,120.0,0.6897253640199779,0.030491946010442916,1.297300621259354,0.0,0.11672176412096102,0.0,0.007362309966399527,0.044298937902483404,0.1804832608226971,0.39994922915489395,0.9166666666666666
bulk,eig@gammamix-poisson,41,180.0,180.0,0.9184748460320407,0.041920686984667554,1.2607103373411979,0.0,0.0,0.0,0.007362309966399527,0.00691423711463901,0.11020182658103085,0.36929111242624313,0.9166666666666666
bulk,eig@gammamix-poisson,41,240.0,240.0,1.2207409250477212,0.057492104031553026,1.1682339150121166,0.0,0.0,0.0,0.0,0.005263872010431103,0.09811158361183031,0.25926129486645083,1.0
bulk,eig@gammamix-poisson,42,30.0,30.0,0.2889888220379362,0.010093848970427644,1.4455473920442257,0.0,0.006554568656070292,0.0,0.0061085278771148,-2.220446049250313e-16,0.2638650348784507,0.4045039134745976,0.6666666666666666
bulk,eig@gammamix-poisson,42,60.0,60.0,0.5219452630481101,0.02058127397322096,1.4091740435720084,0.0,0.0,0.0,0.0,0.0,0.19240064760156264,0.3181548993249698,0.8333333333333334
bulk,eig@gammamix-poisson,42,120.0,120.0,0.8996865330482251,0.037665930947696324,1.4438128705155793,0.0,0.006554568656070292,0.0,0.0,0.0,0.29588711253752126,0.2562841841043253,0.9166666666666666
bulk,eig@gammamix-poisson,42,180.0,180.0,1.2250722520184354,0.05276869795488892,1.3936227470051643,0.0,0.006554568656070292,0.0,0.0,0.0,0.26634680343910505,0.1927615554406402,1.0
bulk,eig@gammamix-poisson,42,240.0,240.0,1.5654147620298318,0.06935642794996966,1.3622832373120426,0.0,0.006554568656070292,0.0,0.0,0.0,0.20971496977615003,0.16688681083334872,1.0
bulk,eig@gammamix-poisson,43,30.0,30.0,0.10501338300673524,0.0025761640135897323,1.4342065456445807,0.0,0.0,0.0,0.0,0.0036570929906859506,0.44556901832465357,0.3910295974652152,0.5833333333333334
bulk,eig@gammamix-poisson,43,60.0,60.0,0.1694016880064737,0.005004860016924795,1.3803753513926644,0.0,0.0,0.0,0.0,0.0036570929906859506,0.4526340238131658,0.33516295752768,0.8333333333333334
bulk,eig@gammamix-poisson,43,120.0,120.0,0.28161746200203197,0.009503648019745015,1.3711548492363004,0.0,0.0,0.0,0.0,0.006731570726074332,0.24038866517061988,0.30804859145244357,0.9166666666666666
bulk,eig@gammamix-poisson,43,180.0,180.0,0.41558111900667427,0.015626561013050377,1.3766864355159758,0.0,0.0,0.0,0.0,0.010955393096118371,0.2978030664723179,0.29611863163398244,1.0
bulk,eig@gammamix-poisson,43,240.0,240.0,0.5357784400111996,0.021222119001322426,1.41194309263368,0.0,0.0,0.040257238286312225,0.0,0.0036570929906859506,0.36650842064196093,0.29546029653058536,1.0
bulk,eig@gammamix-poisson,44,30.0,30.0,0.16307591500662966,0.004159893993346486,1.5485793155374366,0.0,0.08667654201849351,0.050716923998323504,-2.220446049250313e-16,-2.220446049250313e-16,0.19023242247181318,0.2648896313980294,0.6666666666666666
bulk,eig@gammamix-poisson,44,60.0,60.0,0.26813872697675833,0.008406028980971314,1.4943656250346964,0.0,0.0,0.0,0.0,0.0,0.15038448749936356,0.21599829276853255,0.8333333333333334
bulk,eig@gammamix-poisson,44,120.0,120.0,0.4585687789513031,0.01648291300807614,1.4797969166946687,0.0,0.0,0.0,0.0,0.016776540474488844,0.14198679900083605,0.21603327162479022,0.8333333333333334
bulk,eig@gammamix-poisson,44,180.0,180.0,0.6371723569463938,0.024669604012160562,1.486940536919531,0.0,0.08667654201849351,0.050716923998323504,-2.220446049250313e-16,-2.220446049250313e-16,0.16403289990172465,0.21612651655606815,0.9166666666666666
bulk,eig@gammamix-poisson,44,240.0,240.0,0.7987244279502193,0.03202759203122696,1.4658089456918868,0.0,0.0,0.050716923998323726,0.0,0.0,0.13234879281124298,0.2348787012077102,0.9166666666666666
bulk,eig@gammamix-poisson,45,30.0,30.0,0.31339207000564784,0.009834976008278318,1.3844840924786865,0.0,0.0,0.0,0.012785133383092617,0.05767650512651157,0.22933733106616053,0.33011218913656537,0.5
bulk,eig@gammamix-poisson,45,60.0,60.0,0.5008379230130231,0.018523107013606932,1.3758950739946656,0.0,0.0,0.0,0.012785133383092617,0.0508326217950722,0.1252184307654156,0.33506061491152916,0.75
bulk,eig@gammamix-poisson,45,120.0,120.0,0.8021116940508364,0.03279409802053124,1.344333775158718,0.17077981014696364,0.0,0.0,0.012785133383092617,0.0508326217950722,0.13198492352979235,0.2934490052446652,0.8333333333333334
bulk,eig@gammamix-poisson,45,180.0,180.0,1.0673421700266772,0.044941282030777074,1.3213083599995243,0.0,0.0,0.0,0.05489582190262998,0.0508326217950722,0.10236837571382497,0.26324951472729,1.0
bulk,eig@gammamix-poisson,45,240.0,240.0,1.3193728029873455,0.05683868007326964,1.2836617320293502,0.0,0.0,0.0,0.012785133383092617,0.0,0.10000964821266765,0.23752965026495484,1.0
bulk,eig@gammamix-poisson,46,30.0,30.0,0.302203459017619,0.010107914997206535,1.321428508580471,0.0,0.002321576897565847,0.082600186713495,0.10711874996580584,0.06840118659717209,0.3204597650363713,0.3106214696500164,0.5833333333333334
bulk,eig@gammamix-poisson,46,60.0,60.0,0.4440801580203697,0.016072929007350467,1.287343624050648,0.0,0.002321576897565847,0.01874117803702735,0.07357813028199134,0.0709974626406581,0.3368028993613175,0.24845099312385918,0.75
bulk,eig@gammamix-poisson,46,120.0,120.0,0.6359057310182834,0.023872052996011917,1.2747095055698072,0.0,0.002321576897565847,0.082600186713495,0.07357813028199134,0.021700915557213873,0.23152217559697644,0.32287912799589824,0.75
bulk,eig@gammamix-poisson,46,180.0,180.0,0.9927795900366618,0.04107421600201633,1.201254019826412,0.0,0.0,0.0,0.0,0.02170091555721365,0.13865151369312068,0.22268387548419274,0.8333333333333334
bulk,eig@gammamix-poisson,46,240.0,240.0,1.1532250920354272,0.04848056103219278,1.1852970820582907,0.0,0.0,0.016743140423742142,0.0,0.02170091555721365,0.08845794033366525,0.1876316229210176,0.8333333333333334
bulk,eig@gammamix-poisson,47,30.0,30.0,0.13443250402633566,0.002997290008352138,1.7254606344530954,0.0,0.0,0.0,0.0,0.025141566228391588,0.4886876712420556,0.39712677706464333,0.6666666666666666
bulk,eig@gammamix-poisson,47,60.0,60.0,0.20403786502720322,0.005573398004344199,1.7174986135477297,0.36134131335136177,0.0,0.0,0.0,0.0,0.5474948652977236,0.3550575716722927,0.75
bulk,eig@gammamix-poisson,47,120.0,120.0,0.33630540002923226,0.011114245011413004,1.582378477688718,0.0,0.0,0.0,0.0,0.0,0.3226632897518097,0.24556606985522492,0.9166666666666666
bulk,eig@gammamix-poisson,47,180.0,180.0,0.4965919239766663,0.018211653987236787,1.5354619001976377,0.0,0.0,0.0,0.0,0.0,0.21069980081890569,0.18278207697591645,1.0
bulk,eig@gammamix-poisson,47,240.0,240.0,0.6356129099731334,0.024914092020480894,1.5152036286003598,0.0,0.0,0.0,0.0,0.0,0.17881235662487127,0.14406991069530622,1.0
bulk,eig@gammamix-poisson,48,30.0,30.0,0.3542032789919176,0.008006038013263606,1.2631039604523655,0.0,0.0,0.0,0.02663574586495343,0.046620223062570854,0.36653837517184246,0.2837665183961428,0.6666666666666666
bulk,eig@gammamix-poisson,48,60.0,60.0,0.5109899169692653,0.014795921997574624,1.1549062774744812,0.0,0.0,0.0,0.02663574586495343,0.0,0.13143308532351122,0.23376317794689003,0.8333333333333334
bulk,eig@gammamix-poisson,48,120.0,120.0,0.7603499059914611,0.02568947204417782,1.1514157899393855,0.0,0.0,0.0,0.0,0.0,0.11434030584997018,0.20452634292497535,0.9166666666666666
bulk,eig@gammamix-poisson,48,180.0,180.0,0.9911047879650141,0.03565316405001795,1.1037324687711907,0.0,0.0,0.0,0.0,0.0,0.02305505492937615,0.11526741654573097,0.9166666666666666
bulk,eig@gammamix-poisson,48,240.0,240.0,1.164190001967654,0.043148901022505015,1.124431163566186,0.0,0.0,0.0,0.0,0.0,0.07973177539763728,0.15568836324935678,0.9166666666666666
bulk,eig@gammamix-poisson,49,30.0,30.0,0.3709402070089709,0.011054642011004034,1.5219454464361115,0.0,0.06462219251272905,0.0,0.0570228375700369,0.0,0.2603320974134524,0.2802594473896953,0.6666666666666666
bulk,eig@gammamix-poisson,49,60.0,60.0,0.5931593050190713,0.021705901017412543,1.4491360270600706,0.0,0.06462219251272905,0.0,0.0,0.0,0.23444917888253083,0.19769262421720596,0.8333333333333334
bulk,eig@gammamix-poisson,49,120.0,120.0,0.9264796310453676,0.03690286701748846,1.4878233998623382,0.0,0.06462219251272905,0.0,0.0,0.0,0.1318074995104086,0.2070655243511799,0.9166666666666666
bulk,eig@gammamix-poisson,49,180.0,180.0,1.1117967290629167,0.04489342201850377,1.4209908700432363,0.0,0.06462219251272905,0.0,0.0,0.0,0.1175402696573404,0.10586252575082258,1.0
bulk,eig@gammamix-poisson,49,240.0,240.0,1.280136301080347,0.05285224002000177,1.4236933092091355,0.0,0.0,0.0,0.0,0.0,0.10036742312392194,0.13158980949174245,1.0
bulk,eig@gamma-poisson,0,30.0,30.0,0.028719857002215576,6.90440065227449e-05,1.596228733853084,0.11699761815798104,0.0,0.0,0.0968156002288294,0.08638835723130112,0.3385530540728842,0.328582503539703,0.6666666666666666
bulk,eig@gamma-poisson,0,60.0,60.0,0.047184588003801764,0.00012591100130521227,1.5577794213949927,0.11699761815798104,0.0,0.0,0.0968156002288294,0.146149641249247,0.245654986220046,0.30993699620776133,0.75
bulk,eig@gamma-poisson,0,120.0,120.0,0.08259687300233054,0.0002223089959443314,1.5984291938096995,0.11699761815798104,0.0,0.0,0.06560699616924415,0.14128803546374524,0.29158994895265516,0.31589969196529605,0.9166666666666666
bulk,eig@gamma-poisson,0,180.0,180.0,0.11721194300116622,0.00030228699506551493,1.582112636129307,0.11699761815798104,0.0,0.0,0.06560699616924415,0.14128803546374524,0.2939743896453679,0.3065602919112054,1.0
bulk,eig@gamma-poisson,0,240.0,240.0,0.1516431250020105,0.0003919219907402294,1.4439430462042797,0.11699761815798104,0.0,0.0,0.0,0.05489967823244424,0.19523736485269927,0.24187044363779467,1.0
bulk,eig@gamma-poisson,1,30.0,30.0,0.027689826996720512,5.560799763770774e-05,1.247552554951173,0.17547599762442456,0.20699468824656553,0.0,0.011172001678627974,0.04588483826249723,0.3598154985050958,0.3644264351399747,0.5833333333333334
bulk,eig@gamma-poisson,1,60.0,60.0,0.0466344080032286,0.00011073199311795179,1.1724733444039712,0.17547599762442456,0.20699468824656553,0.0,0.011172001678627974,0.0,0.26962152279077584,0.2665286508518695,0.6666666666666666
bulk,eig@gamma-poisson,1,120.0,120.0,0.08245606000309635,0.0002070459977403516,1.0952925324489002,0.17547599762442456,0.20699468824656553,0.0,0.011172001678627974,0.0,0.15602886451446035,0.21509373071309024,0.8333333333333334
bulk,eig@gamma-poisson,1,180.0,180.0,0.11698897600217606,0.00030487400545098353,1.1267110136084566,0.17547599762442456,0.20699468824656553,0.0,0.011172001678627974,0.04409128590016276,0.1826876696029373,0.27075324568041076,0.9166666666666666
bulk,eig@gamma-poisson,1,240.0,240.0,0.15106226501120545,0.0003981989975727629,1.0947954483181777,0.17547599762442456,0.0,0.0,0.011172001678627974,0.04409128590016276,0.14412534744051034,0.23131257389346122,0.9166666666666666
bulk,eig@gamma-poisson,2,30.0,30.0,0.02748767100092664,5.727099778596312e-05,1.2953736870540247,0.11725033819348041,0.0,0.02910839710805624,0.0,0.06057372558805352,0.2937151821815598,0.4415661110410728,0.6666666666666666
bulk,eig@gamma-poisson,2,60.0,60.0,0.04592251499889244,0.00011292300223431084,1.2274902441901785,0.0,0.0,0.02910839710805624,0.06632239671445872,0.12194265866623022,0.18316853431029106,0.4198441706548484,0.8333333333333334
bulk,eig@gamma-poisson,2,120.0,120.0,0.0896639980001055,0.00025784200079215225,1.2315876490930961,0.11725033819348041,0.0,0.07367704239226003,0.06632239671445872,0.01944364833435641,0.2565963015707129,0.3987640567951416,0.9166666666666666
bulk,eig@gamma-poisson,2,180.0,180.0,0.13531858599890256,0.0004104329891561065,1.1639240709383902,0.11725033819348041,0.0,0.07367704239226003,0.06632239671445872,0.01944364833435641,0.21712491749810842,0.35081190804864093,1.0
bulk,eig@gamma-poisson,2,240.0,240.0,0.18700022200209787,0.0005960279922874179,1.1366684055670586,0.0,0.0,0.07367704239226003,0.04011968012814093,0.01944364833435641,0.15555482222023928,0.30774000766214143,1.0
bulk,eig@gamma-poisson,3,30.0,30.0,0.026240049008265487,6.76829931762768e-05,1.889693874784401,0.0,0.0,0.0,0.0,0.022390626343557596,0.5486918066685395,0.2242643684071386,0.75
bulk,eig@gamma-poisson,3,60.0,60.0,0.04307926500950998,0.00012888599121652078,1.8654005055280702,0.0,0.0,0.0,0.0,0.0,0.44351733024426493,0.29871725704972624,0.8333333333333334
bulk,eig@gamma-poisson,3,120.0,120.0,0.0762893390001409,0.00023905199850560166,1.7901932220048755,0.0,0.0,0.0,0.019376008584405358,0.0,0.21426987037519687,0.23808004627326274,0.9166666666666666
bulk,eig@gamma-poisson,3,180.0,180.0,0.10725287400055095,0.00032970700704026967,1.7397006030818414,0.0,0.0,0.0,0.019376008584405358,0.0,0.23288630930647575,0.21362474174318036,0.9166666666666666
bulk,eig@gamma-poisson,3,240.0,240.0,0.13911845699840342,0.00041901400618371554,1.7356473403164931,0.0,0.0,0.0,0.019376008584405358,0.0,0.21648749057283811,0.215791583201422,0.9166666666666666
bulk,eig@gamma-poisson,4,30.0,30.0,0.0314355600039562,8.659800369059667e-05,1.7712115774309962,0.09546082567376357,0.0,0.07558332348017405,0.0,0.0006204992361537043,0.45476205358663724,0.19268335609021348,0.6666666666666666
bulk,eig@gamma-poisson,4,60.0,60.0,0.05093576600665983,0.00014151800860418007,1.8624045778706038,0.09546082567376357,0.0,0.07558332348017405,0.0,0.0006204992361537043,0.4893874334586482,0.2722278435228622,0.75
bulk,eig@gamma-poisson,4,120.0,120.0,0.08940248100952886,0.00026995001098839566,1.8267060536842552,0.09546082567376357,0.0,0.0,0.0,0.0006204992361537043,0.2996811731054146,0.34201826554761755,0.8333333333333334
bulk,eig@gamma-poisson,4,180.0,180.0,0.1269806540076388,0.0003805990163527895,1.696435320105272,0.09546082567376357,0.0,0.0,0.0,0.0006204992361537043,0.13239101716174503,0.2967972558772865,0.8333333333333334
bulk,eig@gamma-poisson,4,240.0,240.0,0.1649983290099044,0.0004866530234721722,1.6771593151805895,0.0,0.0,0.0,0.0,0.002268388988543535,0.09996407663102144,0.3266768944647526,0.8333333333333334
bulk,eig@gamma-poisson,5,30.0,30.0,0.030321510004796437,5.965200216451194e-05,2.084536820190898,0.0,0.1736659975358592,0.23626885902160322,0.28949863575081625,0.2649217429538262,0.5461366719412808,0.430239203510078,0.8333333333333334
bulk,eig@gamma-poisson,5,60.0,60.0,0.046714826001334586,0.00010557000314292964,1.9960444434461806,0.0,0.14789855749189662,0.22284647515286382,0.23037370246295918,0.2649217429538263,0.4338166486519382,0.3694389296893565,0.9166666666666666
bulk,eig@gamma-poisson,5,120.0,120.0,0.0783243049900193,0.0001894529996206984,1.9071123465338367,0.0,0.14789855749189662,0.22284647515286382,0.11514589911992557,0.16143082114628182,0.3838707528693307,0.3164375386720187,0.9166666666666666
bulk,eig@gamma-poisson,5,180.0,180.0,0.1098100129966042,0.0002684090086404467,1.6859664438335855,0.0,0.15613940335401122,0.10958138829731023,0.02567417159383567,0.0230590500539275,0.21742711020846014,0.2468985715506222,0.9166666666666666
bulk,eig@gamma-poisson,5,240.0,240.0,0.1505891899960261,0.0004148090083617717,1.7009763513851395,0.0,0.0,0.0,0.02567417159383567,0.004910879198261164,0.20725522001308946,0.28928695219331446,0.9166666666666666
bulk,eig@gamma-poisson,6,30.0,30.0,0.028565356000399333,5.976700413157232e-05,1.1846720457378759,0.0,0.0780754520573207,0.0,0.0,0.0,0.21047588127942932,0.36717667330734405,0.5833333333333334
bulk,eig@gamma-poisson,6,60.0,60.0,0.04833015900294413,0.00012280000555620063,1.1787541576301954,0.0,0.0,0.0,0.0,0.0,0.20330626369343374,0.3644278376297085,0.5833333333333334
bulk,eig@gamma-poisson,6,120.0,120.0,0.08652806699683424,0.000234267001360422,1.1616064269714903,0.0,0.0,0.0,0.0,0.028754561958456826,0.14932377879990372,0.33731257352447935,0.8333333333333334
bulk,eig@gamma-poisson,6,180.0,180.0,0.12550594199092302,0.0003473679917078698,1.1319564926170316,0.0,0.0,0.0,0.019249937604791545,0.0,0.1297421682136548,0.32096039191359305,0.9166666666666666
bulk,eig@gamma-poisson,6,240.0,240.0,0.16372380098619033,0.00045334199057833757,1.122193852315805,0.0,0.0,0.0,0.0,0.0,0.1268400355053052,0.2572321671002316,0.9166666666666666
bulk,eig@gamma-poisson,7,30.0,30.0,0.025503430006210692,5.126000178279355e-05,1.9182338820957463,0.0,0.11078645016984656,0.0,0.016397710014314115,0.08489528386908263,0.594137259167307,0.2314955982247027,0.75
bulk,eig@gamma-poisson,7,60.0,60.0,0.04294026000206941,9.827100257098209e-05,1.8382406995586624,0.0,0.0,0.0,0.016397710014314115,0.0,0.48244665565096506,0.20669789386557835,0.8333333333333334
bulk,eig@gamma-poisson,7,120.0,120.0,0.07679744000051869,0.00019410399363550823,1.772841701380681,0.0,0.0,0.0,0.016397710014314115,0.03494991865666375,0.18430369338303978,0.18954490904876864,0.8333333333333334
bulk,eig@gamma-poisson,7,180.0,180.0,0.10761236400139751,0.000259947992162779,1.743613248007082,0.0,0.0,0.0,0.016397710014314115,0.03494991865666375,0.171552790803828,0.1920886590538065,0.9166666666666666
bulk,eig@gamma-poisson,7,240.0,240.0,0.13819498698831012,0.00032496000130777247,1.6982408497531214,0.0,0.0,0.0,0.016397710014314115,0.0,0.12419067817984876,0.11836065702694784,0.9166666666666666
bulk,eig@gamma-poisson,8,30.0,30.0,0.03151786300622916,7.821399412932806e-05,1.689550311677533,0.0,0.06706677782912995,0.08647917797905791,-2.220446049250313e-16,-2.220446049250313e-16,0.4632283734465853,0.34050946558351347,0.5833333333333334
bulk,eig@gamma-poisson,8,60.0,60.0,0.052077967000514036,0.0001389319950249046,1.5893765826852695,0.0,0.0,0.03274912267043728,0.0,0.0,0.4287608515036019,0.2882029437577498,0.6666666666666666
bulk,eig@gamma-poisson,8,120.0,120.0,0.09217643000010867,0.0002533269998821197,1.5049981628960662,0.0,0.0,0.0,0.0,0.0,0.36080549897092024,0.2185627715387748,0.75
bulk,eig@gamma-poisson,8,180.0,180.0,0.13209000999631826,0.00036724499841511715,1.4773641867934202,0.0,0.0,0.0,0.0,0.0,0.28636254356934654,0.20549842730648926,0.8333333333333334
bulk,eig@gamma-poisson,8,240.0,240.0,0.17051219300265075,0.00047769699813215993,1.465532475902654,0.0,0.0,0.0,0.0,0.0,0.2793913893741429,0.18813814186251843,0.9166666666666666
bulk,eig@gamma-poisson,9,30.0,30.0,0.026541430002907873,5.356200927053578e-05,2.044583285324165,0.1338463177732382,0.24815126085312178,0.08611361017936259,0.07582669895769878,0.12008842220200233,0.4933567062935203,0.475481602833921,0.6666666666666666
bulk,eig@gamma-poisson,9,60.0,60.0,0.043329265998181654,9.497800783719867e-05,1.913338956390392,0.1338463177732382,0.0,0.08611361017936259,0.07582669895769878,0.06501373690925805,0.35151828936364865,0.44167982989171056,0.8333333333333334
bulk,eig@gamma-poisson,9,120.0,120.0,0.07607136801016168,0.0001708370054984698,1.9512084910210723,0.0,0.0,0.08611361017936259,0.07582669895769878,0.06501373690925805,0.35402597704722066,0.44877917864322897,1.0
bulk,eig@gamma-poisson,9,180.0,180.0,0.10796980000850454,0.00024438401123916265,1.785292600650476,0.0,0.0,0.08611361017936259,0.07582669895769878,0.06501373690925805,0.3030473172088078,0.3232998901151849,1.0
bulk,eig@gamma-poisson,9,240.0,240.0,0.14566282499981753,0.0003332690121169435,1.7041592213733567,0.0,0.1764281658861907,0.08611361017936259,0.07582669895769878,0.11335338198109368,0.22528079239148535,0.26249466945563926,1.0
bulk,eig@gamma-poisson,10,30.0,30.0,0.024822234003295307,4.675399941334035e-05,1.806230427167445,0.0,0.0,0.04921843374333046,0.1259582706490847,0.07664997905049176,0.7046910354488974,0.37288667561739597,0.6666666666666666
bulk,eig@gamma-poisson,10,60.0,60.0,0.04120354100086843,8.434400297119282e-05,1.762162357522336,0.0,0.0,0.04921843374333046,0.1259582706490847,0.14130637153126924,0.5681617397701834,0.35399034437104476,0.9166666666666666
bulk,eig@gamma-poisson,10,120.0,120.0,0.0733780589998787,0.0001555370145069901,1.6257654049047086,0.0,0.0,0.04921843374333046,0.044174302062765514,0.06465639248077748,0.4714688765206004,0.25393615367130223,0.9166666666666666
bulk,eig@gamma-poisson,10,180.0,180.0,0.10449182299998938,0.0002191150233556982,1.622941942545607,0.0,0.0,0.04921843374333046,0.044174302062765514,0.06465639248077748,0.4377550042208824,0.22373582657467322,0.9166666666666666
bulk,eig@gamma-poisson,10,240.0,240.0,0.1421778800067841,0.000314276023345883,1.5482472733173058,0.0,0.0,0.0,0.0355049437738173,0.0,0.33389700349011076,0.18481778337326113,1.0
bulk,eig@gamma-poisson,11,30.0,30.0,0.0318487019976601,7.340299998759292e-05,1.460423305859224,0.0,0.056863950006552644,-2.220446049250313e-16,-2.220446049250313e-16,0.024038360265557612,0.7070430568201489,0.409708139150315,0.5833333333333334
bulk,eig@gamma-poisson,11,60.0,60.0,0.05225411499668553,0.00012754999806929845,1.4454223542325106,0.0,0.056863950006552644,-2.220446049250313e-16,-2.220446049250313e-16,-2.220446049250313e-16,0.6574161417722655,0.36391978727233926,0.75
bulk,eig@gamma-poisson,11,120.0,120.0,0.11056870500033256,0.00030941900331526995,1.31821642432189,0.0,0.056863950006552644,-2.220446049250313e-16,-2.220446049250313e-16,-2.220446049250313e-16,0.4227343565557002,0.3815779832002926,0.9166666666666666
bulk,eig@gamma-poisson,11,180.0,180.0,0.1567355659990426,0.00042964301610481925,1.260626111308041,0.0,0.0,0.0,0.0,0.0,0.2258808724684868,0.3717303778106819,0.9166666666666666
bulk,eig@gamma-poisson,11,240.0,240.0,0.19586758000878035,0.0005250030262686778,1.2673264422444759,0.0,0.0,0.0,0.0,0.0,0.18765313219828764,0.3609056299889577,0.9166666666666666
bulk,eig@gamma-poisson,12,30.0,30.0,0.024675189997651614,4.127499596506823e-05,1.415882199944346,0.0,0.02299292658626495,0.033539840975024715,0.030681313338116856,0.0002735985802798657,0.394157233107242,0.34668379968018825,0.6666666666666666
bulk,eig@gamma-poisson,12,60.0,60.0,0.047634519993152935,9.610899905965198e-05,1.3916304173142222,0.0,0.02299292658626495,0.033539840975024715,0.030681313338116856,0.04576231249477136,0.25582058512415945,0.37013571413540014,0.75
bulk,eig@gamma-poisson,12,120.0,120.0,0.09791010198750882,0.0002192960018874146,1.3740731390295717,0.0,0.02299292658626495,0.021748017796422436,0.030681313338116856,0.029486863712947953,0.2324126908732741,0.3083406568610864,0.8333333333333334
bulk,eig@gamma-poisson,12,180.0,180.0,0.14398764899851813,0.0003317440077807987,1.2528939758695918,0.0,0.02299292658626495,0.021748017796422436,0.030396631865982626,2.220446049250313e-16,0.16728576664654496,0.19751459054326448,0.8333333333333334
bulk,eig@gamma-poisson,12,240.0,240.0,0.17436134600029618,0.0003977870128437644,1.2555151999807996,0.0,0.021686973699409418,1.1102230246251565e-16,1.1102230246251565e-16,0.0002735985802798657,0.19134268434303286,0.21198950896140498,0.8333333333333334
bulk,eig@gamma-poisson,13,30.0,30.0,0.0368029379969812,7.893700058048125e-05,1.7019593120826861,0.0,0.053706787649347,0.055647096366595816,0.0,0.0014159229476433666,0.4168331753641732,0.23666890526540463,0.75
bulk,eig@gamma-poisson,13,60.0,60.0,0.06891067299511633,0.00019219500609324314,1.6155771621932324,0.0,0.0,0.0,0.0,0.0014159229476433666,0.2275366976711189,0.2412290663297333,0.9166666666666666
bulk,eig@gamma-poisson,13,120.0,120.0,0.12227872798757744,0.00035680800283444114,1.5943460924278743,0.0,0.0,0.037574981968373056,0.02221847505840857,0.0014159229476432555,0.2848389136809591,0.16819927541432897,1.0
bulk,eig@gamma-poisson,13,180.0,180.0,0.1620723519827152,0.0004609200041159056,1.6014189154351566,0.0,0.0,0.037574981968373056,0.02221847505840857,0.0014159229476432555,0.29985303092071813,0.1805091491714054,1.0
bulk,eig@gamma-poisson,13,240.0,240.0,0.20062130498627084,0.0005710350014851429,1.5607780332645211,0.0,0.0,0.0,0.0,0.0014159229476433666,0.23630945817551186,0.19479983134546394,1.0
bulk,eig@gamma-poisson,14,30.0,30.0,0.03173225900354737,7.432100574078504e-05,2.153823174168249,0.0,0.0,0.029198045901863146,0.055609104367644324,0.06499952064910353,0.41657624144623046,0.35225510879644367,0.75
bulk,eig@gamma-poisson,14,60.0,60.0,0.053079901003002306,0.0001424999973096419,1.9728718547833932,0.0,0.0,0.0,0.0,0.003921527060101182,0.26354302372778565,0.23694674181165276,0.8333333333333334
bulk,eig@gamma-poisson,14,120.0,120.0,0.09675208601038321,0.0002677829961612588,1.9492808274113156,0.0,0.0,0.0,0.0,0.0,0.29146042325904314,0.24577603980905244,0.9166666666666666
bulk,eig@gamma-poisson,14,180.0,180.0,0.13756551700680575,0.00039620899224246386,1.9755562469834091,0.0,0.0,0.0,0.0,0.0,0.2929053163839564,0.21504235692350976,1.0
bulk,eig@gamma-poisson,14,240.0,240.0,0.17710546801390592,0.0005273700007819571,1.9095131067940958,0.0,0.0,0.0,0.0,0.0,0.12416729057116131,0.1499325957257303,1.0
bulk,eig@gamma-poisson,15,30.0,30.0,0.040063213991743396,6.901100277900696e-05,1.8122567753341896,0.0,0.0,0.0,0.009728346372479213,0.05310447448795241,0.4816544419755637,0.31779652912333933,0.6666666666666666
bulk,eig@gamma-poisson,15,60.0,60.0,0.05852282799423847,0.00011357200310158078,1.897065630287144,0.3151542703797082,0.0,0.0,0.009728346372479213,0.05310447448795241,0.6131806002580251,0.3361886899118258,0.75
bulk,eig@gamma-poisson,15,120.0,120.0,0.09358581999731541,0.00019498701112752315,1.7111752971507663,0.0,0.0,0.0,0.009728346372479213,0.0,0.37645922700965234,0.209859397649637,0.9166666666666666
bulk,eig@gamma-poisson,15,180.0,180.0,0.1257856849970267,0.00027050502103520557,1.6766692980557307,0.0,0.0,0.0,0.009728346372479213,0.0,0.3049125472978759,0.18769517784877982,0.9166666666666666
bulk,eig@gamma-poisson,15,240.0,240.0,0.15714606400251796,0.0003421340134082129,1.6335893552927032,0.0,0.0,0.0,0.009728346372479213,0.0,0.1966436421987983,0.17267337846286915,0.9166666666666666
bulk,eig@gamma-poisson,16,30.0,30.0,0.027354502997695818,5.514099211723078e-05,1.332940861156254,0.0,0.09623127030169532,0.0,0.0,0.0,0.2686356035688169,0.4049687343221041,0.5
bulk,eig@gamma-poisson,16,60.0,60.0,0.04468322900356725,9.616699207981583e-05,1.301494578862974,0.0,0.0,0.0,0.0,0.0,0.29975133273318155,0.36407217387058877,0.6666666666666666
bulk,eig@gamma-poisson,16,120.0,120.0,0.07628734900754353,0.00016679198597557843,1.2783655827531604,0.0,0.09623127030169532,0.0,0.0,0.009429933723281603,0.2410350569146315,0.2865261818699817,0.9166666666666666
bulk,eig@gamma-poisson,16,180.0,180.0,0.10855844899924705,0.00023858198073867243,1.2603907474724645,0.0,0.09623127030169532,0.0,0.0,0.009429933723281603,0.188753011045652,0.2468142247969954,0.9166666666666666
bulk,eig@gamma-poisson,16,240.0,240.0,0.1395740080060932,0.00031060898072610144,1.250956273483865,0.0,0.09623127030169532,0.0,0.0,0.0,0.17837721758513048,0.20978052633503505,0.9166666666666666
bulk,eig@gamma-poisson,17,30.0,30.0,0.02490124799987825,4.1638992115622386e-05,1.723499920314663,0.0,0.024605312603953156,0.0,0.0795219549934727,0.15055308420527724,0.3263502034473029,0.4839111753814591,0.5833333333333334
bulk,eig@gamma-poisson,17,60.0,60.0,0.04101395999714441,7.78439934947528e-05,1.4043305030162763,0.0,0.0,0.0,0.0,0.0,0.10103331941150358,0.36903161991930084,0.5833333333333334
bulk,eig@gamma-poisson,17,120.0,120.0,0.07282767599645013,0.00015421999160025734,1.3879808169635286,0.0,0.0,0.04945307377923669,0.0,0.0,0.12891591496887264,0.3251029645192067,0.6666666666666666
bulk,eig@gamma-poisson,17,180.0,180.0,0.10318624999490567,0.000221672988118371,1.3535510988686978,0.0,0.0,0.04945307377923669,0.0,0.0,0.1051404861659772,0.28633668192750866,0.9166666666666666
bulk,eig@gamma-poisson,17,240.0,240.0,0.13303430300220498,0.00028914398171764333,1.3541845888309247,0.0,0.0,0.0,0.0,0.0,0.08122780925309,0.28778644825550914,0.9166666666666666
bulk,eig@gamma-poisson,18,30.0,30.0,0.028982477002500673,7.260499478434213e-05,0.8612215621765192,0.40356190241806267,0.0,0.187039397363017,0.054846915242110716,0.061840281980625855,0.15874494576641485,0.393877973749194,0.5833333333333334
bulk,eig@gamma-poisson,18,60.0,60.0,0.04849584600196977,0.000128565994600649,0.8402787216837001,0.0,0.0,0.21062660962019697,0.24105413181974422,0.17548673709470575,0.09458552273124972,0.37254020855477826,0.6666666666666666
bulk,eig@gamma-poisson,18,120.0,120.0,0.08643735999430646,0.00022543898921867367,0.7995823966428169,0.0,0.0,0.187039397363017,0.054846915242110716,0.07134126391782336,0.08103102823260076,0.34893717564454646,0.6666666666666666
bulk,eig@gamma-poisson,18,180.0,180.0,0.12750401199082262,0.0003553389888111269,0.7694370837920093,0.0,0.0,0.0,0.05484691524211083,0.07134126391782347,0.0528024119512853,0.320072544076428,0.8333333333333334
bulk,eig@gamma-poisson,18,240.0,240.0,0.16817861199706385,0.0004746089871332515,0.7736014373802157,0.0,0.0,0.0,0.05484691524211083,0.07134126391782347,0.05868861654378247,0.2997018175859523,1.0
bulk,eig@gamma-poisson,19,30.0,30.0,0.03071307599748252,5.648199476127047e-05,1.9863313225672339,0.013624656549291458,0.19290162703960656,0.22655612141004122,0.2139297597707296,0.0,0.7605205473506134,0.31027490300037724,0.6666666666666666
bulk,eig@gamma-poisson,19,60.0,60.0,0.05101834899323876,0.00010815599307534285,1.8846675595399376,0.013624656549291458,0.2969081180605402,0.07936228676093804,0.0,0.0,0.560261523339198,0.29810321950919205,0.6666666666666666
bulk,eig@gamma-poisson,19,120.0,120.0,0.0902575599920965,0.000215523983570165,1.8860311818989464,0.013624656549291458,0.0,0.07936228676093804,0.0,0.0,0.5130121326390181,0.29190211918548997,0.9166666666666666
bulk,eig@gamma-poisson,19,180.0,180.0,0.12909788298929925,0.0003210389822925208,1.7658488020861267,0.013624656549291458,0.0,0.0,0.0,0.0,0.3555620744929384,0.2278297955483845,1.0
bulk,eig@gamma-poisson,19,240.0,240.0,0.16783812699031841,0.0004262999900674913,1.7287870873868199,0.0,0.0,0.0,0.0,0.0,0.2795458346783896,0.15344921866957928,1.0
bulk,eig@gamma-poisson,20,30.0,30.0,0.02635617299893056,4.2178995499853045e-05,1.771981439541097,0.0,0.0,0.03154333103704754,0.029454721013035257,0.002555020552324039,0.4941354425727663,0.32480783374303207,0.75
bulk,eig@gamma-poisson,20,60.0,60.0,0.042859474999204394,7.663699398108292e-05,1.7390882820708622,0.0,0.0,0.0,0.01070172465259267,0.002555020552324039,0.45615370994130605,0.30427376068792544,0.75
bulk,eig@gamma-poisson,20,120.0,120.0,0.07445999299488903,0.0001425219961674884,1.6933692058015932,0.0,0.0,0.0,0.01070172465259267,0.002555020552324039,0.28068254020524674,0.33517816987970644,0.9166666666666666
bulk,eig@gamma-poisson,20,180.0,180.0,0.1059829500009073,0.00021152099725441076,1.6315454564256324,0.0,0.0,0.0,0.01070172465259267,0.002555020552324039,0.19845722178207972,0.1974489202975963,0.9166666666666666
bulk,eig@gamma-poisson,20,240.0,240.0,0.1368082190037967,0.0002814980034600012,1.6502882134280723,0.0,0.0,0.0,0.0,0.002555020552324039,0.1860927844908801,0.21480001337317337,0.9166666666666666
bulk,eig@gamma-poisson,21,30.0,30.0,0.029498669002350653,5.165300899534486e-05,1.278529730649225,0.5066210951058145,0.16532876797195262,-2.220446049250313e-16,0.0,0.0,0.40891209901821624,0.3518819627644645,0.5833333333333334
bulk,eig@gamma-poisson,21,60.0,60.0,0.049422973999753594,0.000106471003164188,1.2376702936833306,0.5066210951058145,0.16532876797195262,-2.220446049250313e-16,0.0,0.01923023052352013,0.28161024199215756,0.28902746562482146,0.6666666666666666
bulk,eig@gamma-poisson,21,120.0,120.0,0.0881599830063351,0.0002109460110659711,1.2680773055486172,0.5066210951058145,0.16532876797195262,0.1923246071046184,0.0,0.0,0.2652608867836987,0.25434639651892277,0.8333333333333334
bulk,eig@gamma-poisson,21,180.0,180.0,0.1267600110040803,0.00031371000841318164,1.2801663784459738,0.5066210951058145,0.16532876797195262,-2.220446049250313e-16,0.0,0.0,0.2422763879335822,0.24642716129077297,0.9166666666666666
bulk,eig@gamma-poisson,21,240.0,240.0,0.16754295300415833,0.0004350219969637692,1.2123179995439075,0.0,0.16532876797195262,-2.220446049250313e-16,0.0,0.0,0.1616276248704724,0.21920602900181357,0.9166666666666666
bulk,eig@gamma-poisson,22,30.0,30.0,0.023233024998262408,4.1976994907599874e-05,1.1226977845709352,0.0,0.0,0.0,0.01133212296564401,0.03387844389850869,0.18793401052243555,0.27728983417443165,0.4166666666666667
bulk,eig@gamma-poisson,22,60.0,60.0,0.03924487299264001,8.029899072425906e-05,1.1087918427119818,0.0,0.0,0.0,0.01133212296564401,0.03387844389850869,0.22727124777066332,0.22793715346428817,0.5833333333333334
bulk,eig@gamma-poisson,22,120.0,120.0,0.07035383999027545,0.00014921299225534312,1.0860701424046373,0.0,0.0,0.0,0.01133212296564401,0.0,0.18785349757744987,0.21572942695859415,0.6666666666666666
bulk,eig@gamma-poisson,22,180.0,180.0,0.10083957798269694,0.00021747099526692182,1.063391833484348,0.0,0.0,0.0,0.01133212296564401,0.0,0.1908137399780927,0.1763653986842912,0.8333333333333334
bulk,eig@gamma-poisson,22,240.0,240.0,0.13090732898854185,0.0002819929904944729,1.0483266726205631,0.0,0.0,0.0,0.01133212296564401,0.0,0.16493422927771617,0.18831813981610446,0.9166666666666666
bulk,eig@gamma-poisson,23,30.0,30.0,0.029975385001307586,6.665699584118556e-05,1.5613300293729893,0.13119808897110796,0.0,0.050635469069888694,0.047122060983008196,0.14580058448623645,0.195358815041051,0.32612928602723457,0.6666666666666666
bulk,eig@gamma-poisson,23,60.0,60.0,0.050291726998693775,0.00012818899449484888,1.5680598264222116,0.0,0.0,0.20991822328959675,0.17732014776453042,0.14580058448623634,0.18165695958527886,0.32495039101163137,0.6666666666666666
bulk,eig@gamma-poisson,23,120.0,120.0,0.08879979299854313,0.00025523698968754616,1.5761392964863337,0.0,0.0,0.057648555700188675,0.047122060983008085,0.083938844297204,0.22468722467484278,0.33720231455496213,0.8333333333333334
bulk,eig@gamma-poisson,23,180.0,180.0,0.13331327300329576,0.00040514798638469074,1.5578610591062425,0.0,0.0,0.057648555700188675,0.05957974378947861,0.04575479888921663,0.19048339540102502,0.3145208147194766,0.9166666666666666
bulk,eig@gamma-poisson,23,240.0,240.0,0.1747621990107291,0.000553962983758538,1.5522018564903863,0.0,0.0,0.057648555700188675,0.05957974378947861,0.04575479888921663,0.17558645506048218,0.2983634321651397,0.9166666666666666
bulk,eig@gamma-poisson,24,30.0,30.0,0.024886753997634514,3.795299562625587e-05,1.3523251740125914,0.0,0.2725634238699337,0.16317524349024215,0.13534423083561586,0.003800627514088273,0.2492987267183565,0.3166939494601527,0.9166666666666666
bulk,eig@gamma-poisson,24,60.0,60.0,0.04110093000417692,7.127399112505373e-05,1.3826073205526692,0.0,0.0,0.16317524349024204,0.13534423083561564,0.0038006275140880508,0.34809482816067644,0.24223879437407142,0.9166666666666666
bulk,eig@gamma-poisson,24,120.0,120.0,0.07455065101203218,0.00014905799071129877,1.378322148511853,0.0,0.0,0.0,0.115446150839149,0.0038006275140880508,0.23454878193354525,0.284644335235278,0.9166666666666666
bulk,eig@gamma-poisson,24,180.0,180.0,0.10523803901742212,0.00020904299526591785,1.3734028753254666,0.0,0.0,0.0,0.115446150839149,0.0038006275140880508,0.1899803477963706,0.2883473832587851,0.9166666666666666
bulk,eig@gamma-poisson,24,240.0,240.0,0.13570790801350086,0.0002694389841053635,1.3568408729854662,0.0,0.0,0.0,0.0,0.0038006275140880508,0.15339044694498924,0.2861645355162427,0.9166666666666666
bulk,eig@gamma-poisson,25,30.0,30.0,0.02815029900193622,4.490200080908835e-05,2.05428429901454,0.0,0.0,0.04411445270867598,0.00881038569320014,0.0,0.5969853888144354,0.14758075979604038,0.6666666666666666
bulk,eig@gamma-poisson,25,60.0,60.0,0.05363544500687567,9.885799227049574e-05,1.9643833444906962,0.0,0.0,0.0,0.00881038569320014,0.0,0.41867758657321763,0.11902635649693379,0.75
bulk,eig@gamma-poisson,25,120.0,120.0,0.08747884501099179,0.0001803720042516943,1.9245486761855322,0.0,0.0,0.0,0.00881038569320014,0.0,0.34072645501145377,0.16344055242945296,0.8333333333333334
bulk,eig@gamma-poisson,25,180.0,180.0,0.11873436200767173,0.0002481160026945872,1.8889455443175143,0.0,0.0,0.0,0.00881038569320014,0.0,0.23522106877947932,0.11390117902472241,0.8333333333333334
bulk,eig@gamma-poisson,25,240.0,240.0,0.14947526500145614,0.00031634600964025594,1.8793329146564102,0.0,0.0,0.0,0.00881038569320014,0.0,0.19505055288797624,0.14918888726351506,0.9166666666666666
bulk,eig@gamma-poisson,26,30.0,30.0,0.03276415100117447,8.204500772990286e-05,1.4890288750900762,0.0,0.0,0.06578189306697269,1.1102230246251565e-16,0.048876935265202315,0.21777543499547902,0.5307975690698926,0.5833333333333334
bulk,eig@gamma-poisson,26,60.0,60.0,0.05522261400074058,0.00015192301179922651,1.3894591035510004,0.0,0.0,0.0,0.0,0.048876935265202204,0.14648854390040608,0.424707002559163,0.8333333333333334
bulk,eig@gamma-poisson,26,120.0,120.0,0.10025019599743246,0.0003175950132572325,1.3148581604400096,0.0,0.0,0.0,0.0,0.0,0.19782474506659967,0.29438672627779255,0.9166666666666666
bulk,eig@gamma-poisson,26,180.0,180.0,0.1392112039939093,0.0004166390099271666,1.2940858978158607,0.0,0.0,0.0,0.0,0.0,0.183191831275306,0.2407356891702112,0.9166666666666666
bulk,eig@gamma-poisson,26,240.0,240.0,0.1770883959979983,0.0005132290134497453,1.3067431194608246,0.27417859988238935,0.0,0.0,0.0,0.0,0.18427985892303492,0.2203705872334079,0.9166666666666666
bulk,eig@gamma-poisson,27,30.0,30.0,0.026824053000382264,4.353999793238472e-05,2.076298884213428,0.0,0.0,0.0,0.0,0.02257782182154644,0.8669383094612696,0.3278821329573641,0.5833333333333334
bulk,eig@gamma-poisson,27,60.0,60.0,0.043626291988402954,7.88550005381694e-05,2.1278143016769886,0.0,0.0,0.0,0.0,0.02257782182154644,0.9364523845939016,0.36053825702371073,0.75
bulk,eig@gamma-poisson,27,120.0,120.0,0.0772780029947171,0.00015642700054741,1.9454306600347675,0.0,0.0,0.0,0.0,0.02257782182154644,0.4034620048896909,0.29389465282189825,0.8333333333333334
bulk,eig@gamma-poisson,27,180.0,180.0,0.1090333819956868,0.00023011401390249375,1.9079441986557866,0.0,0.0,0.0,0.028809510472102784,0.02257782182154644,0.36934436728629294,0.24210787282158616,0.9166666666666666
bulk,eig@gamma-poisson,27,240.0,240.0,0.1405236890004744,0.00029864902353438083,1.8721755455496079,0.0,0.0,0.0,0.0,0.02257782182154644,0.3026673100230938,0.2030631167310187,0.9166666666666666
bulk,eig@gamma-poisson,28,30.0,30.0,0.03315597799701209,7.906400060164742e-05,1.9803603096448337,0.0,0.062279563575025176,0.013892072926463883,0.10747216362649081,-2.220446049250313e-16,0.7307730877383121,0.3137251816312425,0.75
bulk,eig@gamma-poisson,28,60.0,60.0,0.05417493800268858,0.00013808300354867242,1.9925336648285326,0.0,0.062279563575025176,0.013892072926463883,0.0,0.0377828291767035,0.6943272466342053,0.29213957729828177,0.8333333333333334
bulk,eig@gamma-poisson,28,120.0,120.0,0.10581832500793098,0.0002863460122171091,1.8488243612996167,0.0,0.062279563575025176,0.013892072926463883,0.0,0.0,0.5066560517057118,0.20188737922440303,0.9166666666666666
bulk,eig@gamma-poisson,28,180.0,180.0,0.1492274880038167,0.00040343500768358354,1.7919092048919845,0.0,0.062279563575025176,0.013892072926463883,0.0,0.0,0.3871613367413453,0.14145618291429393,0.9166666666666666
bulk,eig@gamma-poisson,28,240.0,240.0,0.18774652498905198,0.0004948570021952037,1.8029080533352346,0.0,0.062279563575025176,0.013892072926463883,0.10747216362649081,-2.220446049250313e-16,0.4162041054266928,0.16828709290592564,1.0
bulk,eig@gamma-poisson,29,30.0,30.0,0.034814056001778226,8.129600246320479e-05,1.841189905360534,0.0,0.0,0.03194717220836074,0.06839711766541101,0.03736392116355969,0.49804128543866,0.4383246280749267,0.6666666666666666
bulk,eig@gamma-poisson,29,60.0,60.0,0.056727350000073784,0.00014928999917174224,1.7204063624479808,0.0,0.0,0.0007384767981392093,0.02762468593994405,0.0,0.3369244779143577,0.4070056137437445,0.75
bulk,eig@gamma-poisson,29,120.0,120.0,0.09843589000774955,0.0002625239976623561,1.6306216362621713,0.0,0.0,0.0,0.0,0.0,0.24114693573901372,0.3205675212833461,1.0
bulk,eig@gamma-poisson,29,180.0,180.0,0.13902749300359574,0.0003839070031972369,1.599573522422107,0.0,0.0,0.0,0.02698612583548532,0.0,0.2060497061897087,0.2477805578697357,1.0
bulk,eig@gamma-poisson,29,240.0,240.0,0.17976915600047505,0.0005030600113968831,1.6218420512724088,0.0,0.0,0.03194717220836074,0.02698612583548532,0.0,0.21935483974273395,0.27353650587916006,1.0
bulk,eig@gamma-poisson,30,30.0,30.0,0.03435076499772549,7.37389964342583e-05,1.948829783233361,0.0,0.0,0.004243958624088107,0.018905881100813926,0.030435130012275935,0.5269859742977734,0.35647010866070483,0.5833333333333334
bulk,eig@gamma-poisson,30,60.0,60.0,0.05543945700264885,0.00013158399451640435,1.974871163649259,0.0,0.0,0.004243958624088107,0.02510016703458673,0.024400912098579086,0.5463701784655138,0.38204810716260507,0.75
bulk,eig@gamma-poisson,30,120.0,120.0,0.0956347619958251,0.0002636079952935688,1.9759560525063868,0.0,0.0,0.004243958624088107,0.026694644508969634,0.031972691641605766,0.43407893807335324,0.3840843827434022,0.9166666666666666
bulk,eig@gamma-poisson,30,180.0,180.0,0.13437567799337558,0.00039352799285552464,1.7253360731703993,0.0,0.0,0.004243958624088107,0.026694644508969634,0.00757177954302668,0.3604225193203718,0.19559125840611863,1.0
bulk,eig@gamma-poisson,30,240.0,240.0,0.17273800500151992,0.0004931619951094035,1.6932242512590907,0.0,0.0,0.004243958624088107,0.0,0.0,0.36279384067988885,0.23011826049461395,1.0
bulk,eig@gamma-poisson,31,30.0,30.0,0.034625894000782864,7.935800203995313e-05,1.9073707155074675,0.0,0.2167265226866103,0.28477841936924686,0.13679503035476748,0.2017829123467495,0.4018235511175558,0.4658708872697037,0.75
bulk,eig@gamma-poisson,31,60.0,60.0,0.05594164899775933,0.00014032800027052872,1.8066340747134957,0.0,0.054368082223056224,0.15405314973446804,0.028609626661081577,0.10912415552647936,0.3090978556077077,0.4213265877823854,0.75
bulk,eig@gamma-poisson,31,120.0,120.0,0.09646119399985764,0.0002652710099937394,1.7257393770700205,0.0,0.2382762539420289,0.1693710902185177,0.14502144611969048,0.14455472253744817,0.29098084742246155,0.32707485718390317,1.0
bulk,eig@gamma-poisson,31,180.0,180.0,0.13644392301284824,0.00040235700726043433,1.6540086594437005,0.0,0.2382762539420289,0.2502081258571053,0.23567645604239917,0.11300534729052192,0.2314796240295796,0.25691030271406895,1.0
bulk,eig@gamma-poisson,31,240.0,240.0,0.17594504601038352,0.0005130460012878757,1.6216571565068671,0.0,0.0,0.0,0.04128642265968707,0.031204027033697512,0.16250847198543775,0.2325341738497224,1.0
bulk,eig@gamma-poisson,32,30.0,30.0,0.024879581998902722,3.7550998968072236e-05,2.2315945157702415,0.0,0.15753619413744824,0.11652665134227669,0.001668986130187733,0.09696786830936399,0.788305694110652,0.4912871041351883,0.75
bulk,eig@gamma-poisson,32,60.0,60.0,0.041744867001398234,7.456200000888202e-05,1.87292269923696,0.0,0.03314572155992468,0.11652665134227669,0.09957312980862609,0.1022422139846848,0.3989788889528651,0.34780216699055716,0.75
bulk,eig@gamma-poisson,32,120.0,120.0,0.07366901299974415,0.00014360900604515336,1.8321695381614476,0.0,0.0,0.0,0.0,0.0,0.33365317779808984,0.29763677114508913,0.8333333333333334
bulk,eig@gamma-poisson,32,180.0,180.0,0.10464923400104453,0.00020807599685213063,1.8329611218554105,0.0,0.0,0.0,0.001668986130187733,-2.220446049250313e-16,0.2869579178882788,0.36614852261979997,0.9166666666666666
bulk,eig@gamma-poisson,32,240.0,240.0,0.13597869999648537,0.0002806899883580627,1.7431769924614828,0.0,0.0,0.0,0.0,0.0,0.2566161428877316,0.27305342496158486,0.9166666666666666
bulk,eig@gamma-poisson,33,30.0,30.0,0.024535447993912385,4.557900501822587e-05,1.839146915763048,0.13018507767653065,0.0,0.038614398775764225,0.0,0.05157533141990789,0.3265752415711035,0.41775790654840056,0.6666666666666666
bulk,eig@gamma-poisson,33,60.0,60.0,0.04109545799292391,8.84990040503908e-05,1.6605997716704295,0.13018507767653065,0.0,0.038614398775764225,0.0,0.0,0.29667661242027094,0.2907165034730824,0.8333333333333334
bulk,eig@gamma-poisson,33,120.0,120.0,0.07237801698465773,0.0001556510014779633,1.628734405294712,0.13018507767653065,0.0,0.038614398775764225,0.04593475858188267,0.0,0.28228930586010115,0.27506776930001436,0.9166666666666666
bulk,eig@gamma-poisson,33,180.0,180.0,0.10336837698559975,0.0002228070097771706,1.5708769264584344,0.13018507767653065,0.0,0.038614398775764225,0.0,0.0,0.2222108487608646,0.2062104988804689,1.0
bulk,eig@gamma-poisson,33,240.0,240.0,0.1337126499911392,0.00028963101976842154,1.6538201463638647,0.13018507767653065,0.0,0.038614398775764225,0.04593475858188267,0.0,0.28623848438418364,0.24974550063224402,1.0
bulk,eig@gamma-poisson,34,30.0,30.0,0.02605266100181325,3.7220997910480946e-05,1.753544752410243,0.0,0.0,0.07416692577238249,0.1363866505222706,0.09630104352808033,0.38189854869985834,0.29936993642399323,0.5833333333333334
bulk,eig@gamma-poisson,34,60.0,60.0,0.042736380999485846,7.375599670922384e-05,1.667615141666121,0.0,0.0,0.07416692577238249,0.06486804845476124,0.0,0.22340147315163822,0.24858484135513545,0.8333333333333334
bulk,eig@gamma-poisson,34,120.0,120.0,0.07511785099814006,0.00014470099631580524,1.6245647299223849,0.0,0.0,0.0,0.030996611287202547,0.0653507301141506,0.18504388068026423,0.18858768038629717,0.9166666666666666
bulk,eig@gamma-poisson,34,180.0,180.0,0.10760716400181991,0.00021998199918016326,1.5999701020392998,0.0,0.0,0.0,0.030996611287202547,0.0653507301141506,0.20267131642312902,0.1825443689215017,0.9166666666666666
bulk,eig@gamma-poisson,34,240.0,240.0,0.13830891099496512,0.0002840799970726948,1.560193926932129,0.0,0.0,0.0,0.030996611287202547,0.0,0.1302695809660647,0.19533404002465302,1.0
bulk,eig@gamma-poisson,35,30.0,30.0,0.024865305003913818,3.767800080822781e-05,1.903706147809502,0.2999774708406655,0.0,0.0,0.0,0.006847707704469963,0.7614077901621024,0.25013395634949714,0.75
bulk,eig@gamma-poisson,35,60.0,60.0,0.041302964002170484,7.334699330385774e-05,1.7902431477712992,0.0,0.0,0.0,0.0,0.0,0.5357058272361401,0.23051516315762827,0.75
bulk,eig@gamma-poisson,35,120.0,120.0,0.07344179900064773,0.0001459059949411312,1.7808408369122342,0.2999774708406655,0.0,0.0,0.0,0.006847707704469963,0.5039926857410931,0.21264024757892847,0.9166666666666666
bulk,eig@gamma-poisson,35,180.0,180.0,0.1043547219960601,0.00020826699983444996,1.7413515251489609,0.0,0.0,0.0,0.0,0.006847707704469963,0.3674017506158238,0.2415177599356008,0.9166666666666666
bulk,eig@gamma-poisson,35,240.0,240.0,0.13497688100142113,0.00027232100001128856,1.709502086958704,0.0,0.0,0.0,0.0,0.0,0.25840157087514065,0.23277695459201614,0.9166666666666666
bulk,eig@gamma-poisson,36,30.0,30.0,0.030960650998167694,6.592299905605614e-05,2.0559906277182622,0.4834803781595589,0.4113857117893147,0.0761885409816343,0.09523031563431628,0.12552908804421492,0.40681992749605933,0.3950228335867544,0.6666666666666666
bulk,eig@gamma-poisson,36,60.0,60.0,0.05093490899707831,0.0001119659955293173,1.9965407318386619,0.4402217558216105,0.30996738155828774,0.0,0.029790611246678256,0.028767929082627153,0.3158656727136005,0.3815083944883227,0.75
bulk,eig@gamma-poisson,36,120.0,120.0,0.09044022199850588,0.00020331598898337688,2.0011954923846664,0.4402217558216105,0.0,0.0,0.033291419004691014,0.028767929082627153,0.31624287554206976,0.36870069229234903,0.8333333333333334
bulk,eig@gamma-poisson,36,180.0,180.0,0.12845257001390564,0.00028165099320176523,1.7072890494396857,0.0,0.0,0.0,0.033291419004691014,0.028767929082627153,0.19380901392765418,0.13912198355425648,0.9166666666666666
bulk,eig@gamma-poisson,36,240.0,240.0,0.1653333020003629,0.00035082899739791173,1.716934796583956,0.0,0.0,0.0,0.07004699958261973,0.06355445844648167,0.1743143463928002,0.1635890457077906,1.0
bulk,eig@gamma-poisson,37,30.0,30.0,0.03124833500078239,5.5021000662236474e-05,2.1405739611593906,0.1272886183430063,0.09793574789343917,0.0,0.0,0.021157747497572155,0.7112432101942169,0.27404124203687313,0.75
bulk,eig@gamma-poisson,37,60.0,60.0,0.05171288299243315,0.00010149800800718367,1.9691608923371018,0.1272886183430063,0.09793574789343917,0.0,0.0,0.030167672140288926,0.45899704508048533,0.20904615952855005,0.9166666666666666
bulk,eig@gamma-poisson,37,120.0,120.0,0.09110361099737929,0.00018765900131256785,1.8922548454721781,0.0,0.02996552055900603,0.0,0.0,0.0,0.34016130049311444,0.16568311073184647,0.9166666666666666
bulk,eig@gamma-poisson,37,180.0,180.0,0.12947778200214088,0.00026964800781570375,1.856328624882554,0.0,0.02996552055900603,0.0,0.0,0.0,0.2586861252555217,0.15092304798295528,1.0
bulk,eig@gamma-poisson,37,240.0,240.0,0.16852409700368298,0.0003670010064524831,1.8266451885260162,0.0,0.02996552055900603,0.0,0.0,0.0,0.18179704496270319,0.0884127937143206,1.0
bulk,eig@gamma-poisson,38,30.0,30.0,0.03309516900299059,6.39789996057516e-05,1.8600598593494582,0.0,0.0,0.018690190473064305,0.0,0.0003266813186881823,0.47350485778979934,0.3348972394776757,0.75
bulk,eig@gamma-poisson,38,60.0,60.0,0.054000746000383515,0.00011130999519082252,1.768350819198728,0.0,0.0,0.018690190473064305,0.0,0.0003266813186881823,0.22668801545898778,0.3045783602186627,0.75
bulk,eig@gamma-poisson,38,120.0,120.0,0.09464687500621949,0.0002040939943981357,1.7797178697029488,0.0,0.0,0.018690190473064305,0.0,0.008309473238895748,0.39891345665475025,0.2615263974033677,0.9166666666666666
bulk,eig@gamma-poisson,38,180.0,180.0,0.13441993499691307,0.000295014988296316,1.7740336899891338,0.0,0.0,0.018690190473064305,0.0,0.0003266813186881823,0.23484052765850078,0.2793312063578929,1.0
bulk,eig@gamma-poisson,38,240.0,240.0,0.17432416799601924,0.00038914199103601277,1.7127124941425433,0.0,0.0,0.018690190473064305,0.0,0.0003266813186881823,0.2969025347863101,0.1808247210944871,1.0
bulk,eig@gamma-poisson,39,30.0,30.0,0.026569944000584655,4.353099757281598e-05,1.8853833478677349,0.0,0.0,0.03937405229126123,0.03527349595602003,0.0,0.5344811401023849,0.4377115172411336,0.75
bulk,eig@gamma-poisson,39,60.0,60.0,0.04300869500002591,7.981699309311807e-05,1.9270040531961057,0.0,0.0,0.03937405229126123,0.01788332443649754,0.0,0.46895207309827813,0.4166966402326677,0.9166666666666666
bulk,eig@gamma-poisson,39,120.0,120.0,0.07496205000097689,0.00015095400158315897,1.8634806037404488,0.0,0.0,0.03937405229126123,0.01788332443649754,0.0,0.4132458645205457,0.31054886189730485,1.0
bulk,eig@gamma-poisson,39,180.0,180.0,0.10555318400656688,0.00021375199867179617,1.6911392522580142,0.0,0.0,0.03937405229126123,0.03527349595602003,0.0,0.3704001590669552,0.22007671531805156,1.0
bulk,eig@gamma-poisson,39,240.0,240.0,0.1361455830046907,0.0002768459944491042,1.6443025603541346,0.0,0.0,0.03937405229126123,0.01788332443649754,0.0,0.30925580575732525,0.21413016629126164,1.0
bulk,eig@gamma-poisson,40,30.0,30.0,0.029307906992471544,5.748799776483793e-05,1.3802936833580557,0.0,0.0,0.08953253272237638,0.02163201037000595,0.018385914102166057,0.25553055351560794,0.2994805277201314,0.6666666666666666
bulk,eig@gamma-poisson,40,60.0,60.0,0.049392508994060336,0.00010627900155668613,1.4281714415338838,0.02590319911044281,0.0,0.08953253272237638,0.02163201037000595,0.018385914102166057,0.2737103375347216,0.35009695856017314,0.6666666666666666
bulk,eig@gamma-poisson,40,120.0,120.0,0.08772959099223954,0.0001971909969142871,1.3081041598843335,0.0,0.19317342178481456,0.06749553328871027,0.055338393185330736,0.06239082467116708,0.1729994070908146,0.3086745479824774,0.75
bulk,eig@gamma-poisson,40,180.0,180.0,0.1261514219950186,0.0002827099997375626,1.3310872528762068,0.0,0.19317342178481456,0.06749553328871027,0.055338393185330736,-2.220446049250313e-16,0.16773381006342147,0.34675792900598135,0.9166666666666666
bulk,eig@gamma-poisson,40,240.0,240.0,0.165129410006557,0.00037534299735852983,1.2926389493454187,0.0,0.19317342178481456,0.06749553328871027,0.055338393185330736,-2.220446049250313e-16,0.1501881762133516,0.28743635562697517,1.0
bulk,eig@gamma-poisson,41,30.0,30.0,0.029870530996049638,5.42090019735042e-05,1.261261769151214,0.0,0.11672176412096102,0.0,0.03753040946664843,0.03524629515005373,0.18155845044115154,0.4939621696157269,0.5833333333333334
bulk,eig@gamma-poisson,41,60.0,60.0,0.049820001995612984,0.00010377400212746579,1.2784714311151102,0.0,0.11672176412096102,0.0,0.007362309966399527,0.04051016716048483,0.19862402422327896,0.45732181304798647,0.75
bulk,eig@gamma-poisson,41,120.0,120.0,0.08722954799850413,0.00018160899344366044,1.3031629116403243,0.0,0.11672176412096102,0.0,0.007362309966399527,0.044298937902483404,0.18113045141015607,0.4129552026971661,0.9166666666666666
bulk,eig@gamma-poisson,41,180.0,180.0,0.1251640989939915,0.0002639390040712897,1.2602851039869851,0.0,0.0,0.0,0.007362309966399527,0.00691423711463901,0.11029879774151205,0.3748826755218674,0.9166666666666666
bulk,eig@gamma-poisson,41,240.0,240.0,0.162282041985236,0.00034476500150049105,1.1682339150121166,0.0,0.0,0.0,0.0,0.005263872010431103,0.09811158361183031,0.25926129486645083,1.0
bulk,eig@gamma-poisson,42,30.0,30.0,0.03192650700293598,5.612499808194116e-05,1.4455473920442257,0.0,0.006554568656070292,0.0,0.0061085278771148,-2.220446049250313e-16,0.2638650348784507,0.4045039134745976,0.6666666666666666
bulk,eig@gamma-poisson,42,60.0,60.0,0.05231534401173121,0.00010571500024525449,1.4091740435720084,0.0,0.0,0.0,0.0,0.0,0.19240064760156264,0.3181548993249698,0.8333333333333334
bulk,eig@gamma-poisson,42,120.0,120.0,0.09155416800786043,0.00019376600357645657,1.4438128705155793,0.0,0.006554568656070292,0.0,0.0,0.0,0.29588711253752126,0.2562841841043253,0.9166666666666666
bulk,eig@gamma-poisson,42,180.0,180.0,0.13186603901340277,0.0002948620003735414,1.3936227470051643,0.0,0.006554568656070292,0.0,0.0,0.0,0.26634680343910505,0.1927615554406402,1.0
bulk,eig@gamma-poisson,42,240.0,240.0,0.1716052720130392,0.0003937279980164021,1.3622832373120426,0.0,0.006554568656070292,0.0,0.0,0.0,0.20971496977615003,0.16688681083334872,1.0
bulk,eig@gamma-poisson,43,30.0,30.0,0.025068091996217845,3.7683001210098155e-05,1.4342065456445807,0.0,0.0,0.0,0.0,0.0036570929906859506,0.44556901832465357,0.3910295974652152,0.5833333333333334
bulk,eig@gamma-poisson,43,60.0,60.0,0.04211778899662022,7.617300252604764e-05,1.3803753513926644,0.0,0.0,0.0,0.0,0.0036570929906859506,0.4526340238131658,0.33516295752768,0.8333333333333334
bulk,eig@gamma-poisson,43,120.0,120.0,0.07301484100025846,0.00013527700502891093,1.3711548492363004,0.0,0.0,0.0,0.0,0.006731570726074332,0.24038866517061988,0.30804859145244357,0.9166666666666666
bulk,eig@gamma-poisson,43,180.0,180.0,0.10336329899655539,0.00019531801081029698,1.3766864355159758,0.0,0.0,0.0,0.0,0.010955393096118371,0.2978030664723179,0.29611863163398244,1.0
bulk,eig@gamma-poisson,43,240.0,240.0,0.1338952610058186,0.00026187101866526064,1.4107460434720183,0.0,0.0,0.040257238286312225,0.0,0.0036570929906859506,0.3664107265301153,0.29000029377518477,1.0
bulk,eig@gamma-poisson,44,30.0,30.0,0.031264593004380004,6.011100049363449e-05,1.5485793155374366,0.0,0.08667654201849351,0.050716923998323504,-2.220446049250313e-16,-2.220446049250313e-16,0.19023242247181318,0.2648896313980294,0.6666666666666666
bulk,eig@gamma-poisson,44,60.0,60.0,0.05136437000328442,0.00010666100206435658,1.4943656250346964,0.0,0.0,0.0,0.0,0.0,0.15038448749936356,0.21599829276853255,0.8333333333333334
bulk,eig@gamma-poisson,44,120.0,120.0,0.0926442030013277,0.0002051150077022612,1.4797969166946687,0.0,0.0,0.0,0.0,0.016776540474488844,0.14198679900083605,0.21603327162479022,0.8333333333333334
bulk,eig@gamma-poisson,44,180.0,180.0,0.1309699730027205,0.0002888770013669273,1.486940536919531,0.0,0.08667654201849351,0.050716923998323504,-2.220446049250313e-16,-2.220446049250313e-16,0.16403289990172465,0.21612651655606815,0.9166666666666666
bulk,eig@gamma-poisson,44,240.0,240.0,0.1675177019988041,0.0003791999970417237,1.4658089456918868,0.0,0.0,0.050716923998323726,0.0,0.0,0.13234879281124298,0.2348787012077102,0.9166666666666666
bulk,eig@gamma-poisson,45,30.0,30.0,0.023895938998975907,3.8811995182186365e-05,1.3752209723791575,0.0,0.0,0.0,0.012785133383092617,0.0508326217950722,0.22040226798096446,0.3161441815283447,0.5
bulk,eig@gamma-poisson,45,60.0,60.0,0.0399859579938493,7.49039973015897e-05,1.3758950739946656,0.0,0.0,0.0,0.012785133383092617,0.0508326217950722,0.1252184307654156,0.33506061491152916,0.75
bulk,eig@gamma-poisson,45,120.0,120.0,0.0712477829947602,0.00014292198466137052,1.344333775158718,0.17077981014696364,0.0,0.0,0.012785133383092617,0.0508326217950722,0.13198492352979235,0.2934490052446652,0.8333333333333334
bulk,eig@gamma-poisson,45,180.0,180.0,0.1038936369932344,0.00021932198251306545,1.3213083599995243,0.0,0.0,0.0,0.05489582190262998,0.0508326217950722,0.10236837571382497,0.26324951472729,1.0
bulk,eig@gamma-poisson,45,240.0,240.0,0.13408894499298185,0.000280272981399321,1.2836617320293502,0.0,0.0,0.0,0.012785133383092617,0.0,0.10000964821266765,0.23752965026495484,1.0
bulk,eig@gamma-poisson,46,30.0,30.0,0.023282743999516242,3.926200224668719e-05,1.321428508580471,0.0,0.002321576897565847,0.082600186713495,0.10711874996580584,0.06840118659717209,0.3204597650363713,0.3106214696500164,0.5833333333333334
bulk,eig@gamma-poisson,46,60.0,60.0,0.03929458299171529,7.523200838477351e-05,1.2942853728038866,0.0,0.002321576897565847,0.01874117803702735,0.07357813028199134,0.0709974626406581,0.3400694336228605,0.2607237523083159,0.75
bulk,eig@gamma-poisson,46,120.0,120.0,0.07146546399781073,0.000152137999975821,1.2747095055698072,0.0,0.002321576897565847,0.082600186713495,0.07357813028199134,0.021700915557213873,0.23152217559697644,0.32287912799589824,0.75
bulk,eig@gamma-poisson,46,180.0,180.0,0.10273123499791836,0.00022003399499226362,1.201254019826412,0.0,0.0,0.0,0.0,0.02170091555721365,0.13865151369312068,0.22268387548419274,0.8333333333333334
bulk,eig@gamma-poisson,46,240.0,240.0,0.134748321994266,0.0002940539998235181,1.1852970820582907,0.0,0.0,0.016743140423742142,0.0,0.02170091555721365,0.08845794033366525,0.1876316229210176,0.8333333333333334
bulk,eig@gamma-poisson,47,30.0,30.0,0.031121738998990622,4.9754993597161956e-05,1.7254606344530954,0.0,0.0,0.0,0.0,0.025141566228391588,0.4886876712420556,0.39712677706464333,0.6666666666666666
bulk,eig@gamma-poisson,47,60.0,60.0,0.051697182998395874,9.590398440195713e-05,1.7174986135477297,0.36134131335136177,0.0,0.0,0.0,0.0,0.5474948652977236,0.3550575716722927,0.75
bulk,eig@gamma-poisson,47,120.0,120.0,0.09145621599964215,0.00019081997743342072,1.582378477688718,0.0,0.0,0.0,0.0,0.0,0.3226632897518097,0.24556606985522492,0.9166666666666666
bulk,eig@gamma-poisson,47,180.0,180.0,0.12757373498970992,0.0002697579711821163,1.5354619001976377,0.0,0.0,0.0,0.0,0.0,0.21069980081890569,0.18278207697591645,1.0
bulk,eig@gamma-poisson,47,240.0,240.0,0.1645127109823079,0.0003443739751674002,1.5153373455664847,0.0,0.0,0.0,0.0,0.0,0.174364467809736,0.1471804927798907,1.0
bulk,eig@gamma-poisson,48,30.0,30.0,0.024494435001543025,3.809800728049595e-05,1.2631039604523655,0.0,0.0,0.0,0.02663574586495343,0.046620223062570854,0.36653837517184246,0.2837665183961428,0.6666666666666666
bulk,eig@gamma-poisson,48,60.0,60.0,0.04087629900459433,7.652000567759387e-05,1.1549062774744812,0.0,0.0,0.0,0.02663574586495343,0.0,0.13143308532351122,0.23376317794689003,0.8333333333333334
bulk,eig@gamma-poisson,48,120.0,120.0,0.07258764600737777,0.00014932300109649077,1.1514157899393855,0.0,0.0,0.0,0.0,0.0,0.11434030584997018,0.20452634292497535,0.9166666666666666
bulk,eig@gamma-poisson,48,180.0,180.0,0.10287791500195453,0.00021079599537188187,1.1037435884700004,0.0,0.0,0.0,0.0,0.0,0.022708990117740198,0.113085717395092,0.9166666666666666
bulk,eig@gamma-poisson,48,240.0,240.0,0.1323922119991039,0.00027031099671148695,1.124431163566186,0.0,0.0,0.0,0.0,0.0,0.07973177539763728,0.15568836324935678,0.9166666666666666
bulk,eig@gamma-poisson,49,30.0,30.0,0.03051092200439598,5.096400491311215e-05,1.5219454464361115,0.0,0.06462219251272905,0.0,0.0570228375700369,0.0,0.2603320974134524,0.2802594473896953,0.6666666666666666
bulk,eig@gamma-poisson,49,60.0,60.0,0.051388086008955725,0.00010194799688179046,1.4491360270600706,0.0,0.06462219251272905,0.0,0.0,0.0,0.23444917888253083,0.19769262421720596,0.8333333333333334
bulk,eig@gamma-poisson,49,120.0,120.0,0.08959322701230121,0.00020121799752814695,1.4878233998623382,0.0,0.06462219251272905,0.0,0.0,0.0,0.1318074995104086,0.2070655243511799,0.9166666666666666
bulk,eig@gamma-poisson,49,180.0,180.0,0.1271018030038249,0.00028034399474563543,1.4209908700432363,0.0,0.06462219251272905,0.0,0.0,0.0,0.1175402696573404,0.10586252575082258,1.0
bulk,eig@gamma-poisson,49,240.0,240.0,0.1643024490094831,0.0003718639927683398,1.4236933092091355,0.0,0.0,0.0,0.0,0.0,0.10036742312392194,0.13158980949174245,1.0
bulk,bo-ei@gp-poisson,0,30.0,30.0,0.01891613500629319,0.036700755008496344,1.8127232361656365,0.11699761815798104,0.0,0.1645577111201113,0.24647449453192305,0.17416363986753602,0.41803150377129983,0.44024223657069755,0.25
bulk,bo-ei@gp-poisson,0,60.0,60.0,0.03456872700189706,0.053495546999329235,1.828646652800354,0.11699761815798104,0.0,0.1645577111201113,0.24647449453192305,0.17416363986753602,0.4327811071006785,0.4465179154633637,0.25
bulk,bo-ei@gp-poisson,0,120.0,120.0,0.0647962979892327,0.07560967400786467,1.8228708413461412,0.11699761815798104,0.0,0.1645577111201113,0.24647449453192305,0.17416363986753602,0.4258695116970884,0.4432151718354491,0.25
bulk,bo-ei@gp-poisson,0,180.0,180.0,0.09695251198718324,0.10328614001628011,1.8313814942265958,0.11699761815798104,0.0,0.1645577111201113,0.24647449453192305,0.17416363986753602,0.4259351646326889,0.44513087998026774,0.25
bulk,bo-ei@gp-poisson,0,240.0,240.0,0.12787091598511324,0.1162814350136614,1.8302867133469842,0.0,0.0,0.1645577111201113,0.24647449453192305,0.17416363986753602,0.41494460731996746,0.43740468542794614,0.25
bulk,bo-ei@gp-poisson,1,30.0,30.0,0.019899069018720184,0.03968403999533621,1.260114506633431,0.17547599762442456,0.20699468824656553,0.0,0.03873633088739781,0.036922425209787946,0.2428295348452471,0.42393712606809847,0.3333333333333333
bulk,bo-ei@gp-poisson,1,60.0,60.0,0.04417723602091428,0.06076163999387063,1.2252015389756301,0.17547599762442456,0.20699468824656553,0.0,0.03873633088739781,0.036922425209787946,0.22842058835415596,0.39066394081186734,0.3333333333333333
bulk,bo-ei@gp-poisson,1,120.0,120.0,0.08719378202295047,0.09304348201840185,1.2234583971227435,0.17547599762442456,0.20699468824656553,0.0,0.03873633088739781,0.036922425209787946,0.23413724623884302,0.3808027162909402,0.3333333333333333
bulk,bo-ei@gp-poisson,1,180.0,180.0,0.13170054604415782,0.1264653380276286,1.231731556531806,0.17547599762442456,0.20699468824656553,0.0,0.03873633088739781,0.036922425209787946,0.23408321539978066,0.3925781880422196,0.3333333333333333
bulk,bo-ei@gp-poisson,1,240.0,240.0,0.17180931704569957,0.14338422103173798,1.2343949650294865,0.17547599762442456,0.20699468824656553,0.0,0.03873633088739781,0.036922425209787946,0.22942920422128416,0.4002367237345535,0.3333333333333333
bulk,bo-ei@gp-poisson,2,30.0,30.0,0.024046484009886626,0.04946462899170001,1.5397723243740036,0.11725033819348041,0.36834636598648685,0.43983374224256866,0.3959283244040902,0.4240076371134539,0.5145446469140529,0.571650524527955,0.4166666666666667
bulk,bo-ei@gp-poisson,2,60.0,60.0,0.039916782017826336,0.06422015698990435,1.541351292509046,0.11725033819348041,0.36834636598648685,0.43983374224256866,0.3959283244040902,0.4240076371134539,0.5023921853172,0.5373970245997216,0.4166666666666667
bulk,bo-ei@gp-poisson,2,120.0,120.0,0.07275921698965249,0.08769225999640184,1.5172881420861852,0.11725033819348041,0.36834636598648685,0.3458860008356204,0.3959283244040902,0.4240076371134539,0.4903595485243924,0.5192195634034259,0.4166666666666667
bulk,bo-ei@gp-poisson,2,180.0,180.0,0.11899584499406046,0.11774864701146726,1.6023022569503016,0.11725033819348041,0.36834636598648685,0.3458860008356204,0.3959283244040902,0.4240076371134539,0.5038659656419874,0.5233860806411724,0.4166666666666667
bulk,bo-ei@gp-poisson,2,240.0,240.0,0.15735379601028399,0.13281889601421426,1.6043498377567804,0.11725033819348041,0.36834636598648685,0.3458860008356204,0.3959283244040902,0.4240076371134539,0.5043172008642124,0.5234974835407571,0.4166666666666667
bulk,bo-ei@gp-poisson,3,30.0,30.0,0.03496713398999418,0.07103941400055191,2.119286434546075,0.0,0.16184653867216436,0.0,0.057213785049980426,0.03431632298416809,0.714372764638236,0.29337326040349065,0.3333333333333333
bulk,bo-ei@gp-poisson,3,60.0,60.0,0.06295923498328193,0.10306452499207808,1.942358090264187,0.0,0.0,0.07358288774711219,0.0,0.03431632298416809,0.3138603867840385,0.25659840816038243,0.4166666666666667
bulk,bo-ei@gp-poisson,3,120.0,120.0,0.10617924998587114,0.14218813300249167,2.102815472309255,0.0,0.0,0.0,0.0,0.03431632298416809,0.45274198160924306,0.37214869595863775,0.4166666666666667
bulk,bo-ei@gp-poisson,3,180.0,180.0,0.14516756599550718,0.17023942700325279,1.9431376010286696,0.0,0.0,0.0,0.0,0.03431632298416809,0.3245107239671202,0.2970092096304379,0.5
bulk,bo-ei@gp-poisson,3,240.0,240.0,0.18494837099933648,0.1857335479944595,1.9417819497662148,0.0,0.0,0.0,0.0,0.03431632298416809,0.3277697698446695,0.29730658977094,0.5
bulk,bo-ei@gp-poisson,4,30.0,30.0,0.017149747989606112,0.031027004006318748,1.8825674475606518,0.09546082567376357,0.0,0.0,0.0867240542647374,0.0,0.5209711319035386,0.24360022940257575,0.4166666666666667
bulk,bo-ei@gp-poisson,4,60.0,60.0,0.032053353992523625,0.04510764201768325,1.793540003249513,0.09546082567376357,0.0,0.0,0.0,0.0,0.4778247120624671,0.1801152753872443,0.5833333333333334
bulk,bo-ei@gp-poisson,4,120.0,120.0,0.06269682200218085,0.06464509201759938,1.890727589133457,0.09546082567376357,0.0,0.0,0.0,0.0006204992361537043,0.5491112655673425,0.1954993568576559,0.5833333333333334
bulk,bo-ei@gp-poisson,4,180.0,180.0,0.09308729398981086,0.08382015604365733,1.8821507156512833,0.09546082567376357,0.0,0.0,0.0,0.0006204992361537043,0.5429828948320959,0.1952404064916231,0.5833333333333334
bulk,bo-ei@gp-poisson,4,240.0,240.0,0.1252250709949294,0.09628415403494728,1.8811056681971052,0.09546082567376357,0.0,0.0,0.0,0.0006204992361537043,0.5422020599622595,0.1952214725576909,0.5833333333333334
bulk,bo-ei@gp-poisson,5,30.0,30.0,0.022383549017831683,0.04985947199747898,3.2539156575599915,0.7868999984862943,0.1736659975358592,0.23626885902160322,0.2046995308691234,0.09571362528517657,0.79699407593503,0.622295721221501,0.16666666666666666
bulk,bo-ei@gp-poisson,5,60.0,60.0,0.04219736003142316,0.06948401298723184,2.2927120342149356,0.0,0.11744448345280778,0.21294622897274784,0.10656848541864195,0.09571362528517657,0.4730811502434943,0.4083273628457298,0.25
bulk,bo-ei@gp-poisson,5,120.0,120.0,0.0814587800159643,0.09846979200301575,1.9779183147338457,0.0,0.1736659975358592,0.23626885902160322,0.28949863575081625,0.2418626928998987,0.4087299684190456,0.3587252084517516,0.5
bulk,bo-ei@gp-poisson,5,180.0,180.0,0.12040472302032867,0.12689256701196427,2.089414414093691,0.0,0.1736659975358592,0.23626885902160322,0.28949863575081625,0.17187525709668527,0.43261030900063674,0.3954871736690336,0.5
bulk,bo-ei@gp-poisson,5,240.0,240.0,0.15904539003167883,0.14231492199542117,2.083411271955804,0.0,0.1736659975358592,0.23626885902160322,0.28949863575081625,0.17187525709668527,0.4300748486640235,0.39459863135013773,0.5
bulk,bo-ei@gp-poisson,6,30.0,30.0,0.017685869010165334,0.04050879000351415,1.1847495436660087,0.0,0.0780754520573207,0.0,0.019249937604791545,0.048765810464111325,0.2044783137070776,0.3827787295294022,0.25
bulk,bo-ei@gp-poisson,6,60.0,60.0,0.032725149027101,0.05598439200184657,1.2227975186484308,0.0,0.0780754520573207,0.0,0.019249937604791545,0.048765810464111325,0.2390320972558699,0.3882640618378831,0.25
bulk,bo-ei@gp-poisson,6,120.0,120.0,0.06362303400965175,0.07810535099633853,1.1737511604561741,0.0,0.0780754520573207,0.0,0.019249937604791545,0.048765810464111325,0.18607123386228674,0.38422559677452695,0.25
bulk,bo-ei@gp-poisson,6,180.0,180.0,0.09371395900598145,0.0988953559899528,1.1747166381506582,0.0,0.0780754520573207,0.0,0.019249937604791545,0.048765810464111325,0.18898617719437738,0.38462899774755843,0.25
bulk,bo-ei@gp-poisson,6,240.0,240.0,0.12481868901159032,0.11160101199129713,1.1821052452011191,0.0,0.0780754520573207,0.0,0.019249937604791545,0.0,0.19332967207222476,0.3784551921053917,0.4166666666666667
bulk,bo-ei@gp-poisson,7,30.0,30.0,0.02259393000349519,0.044058723982743686,1.9429194311187257,0.0,0.14162132743499978,0.02595155685613293,0.105627436220736,0.164920740687706,0.3407207279427883,0.25312049686423416,0.4166666666666667
bulk,bo-ei@gp-poisson,7,60.0,60.0,0.04254004800168332,0.0637994399839954,1.9187564332498084,0.0,0.11078645016984656,0.11919275369141469,0.016397710014314115,0.08489528386908263,0.371314918425767,0.266291356594871,0.6666666666666666
bulk,bo-ei@gp-poisson,7,120.0,120.0,0.08213426300062565,0.09161703398058307,1.8952920111732643,0.0,0.11078645016984656,0.0,0.016397710014314115,0.08489528386908263,0.33773332677455126,0.25559644985796326,0.75
bulk,bo-ei@gp-poisson,7,180.0,180.0,0.1217380029920605,0.11843279998720391,1.8620688412089115,0.0,0.11078645016984656,0.0,0.016397710014314115,0.08489528386908263,0.306660219744361,0.24265649186138072,0.75
bulk,bo-ei@gp-poisson,7,240.0,240.0,0.16054573200381128,0.13392216297870618,1.8621058789370697,0.0,0.11078645016984656,0.11919275369141469,0.016397710014314115,0.08489528386908263,0.32098300435900273,0.2458661136599538,0.75
bulk,bo-ei@gp-poisson,8,30.0,30.0,0.029624517999764066,0.06150199800686096,1.583691225607498,0.0,0.0,0.0,0.0,0.0,0.3018359280944561,0.29843042500115574,0.5
bulk,bo-ei@gp-poisson,8,60.0,60.0,0.05017196599510498,0.08251204300904647,1.6155806775106702,0.0,0.10794479519987976,0.03274912267043728,0.0,0.0,0.4265940612012712,0.369830188565908,0.5
bulk,bo-ei@gp-poisson,8,120.0,120.0,0.09025071098585613,0.11095926099005737,1.5810249117691184,0.0,0.0,0.03274912267043728,0.0,0.0,0.32035012123356926,0.35734739621063233,0.5
bulk,bo-ei@gp-poisson,8,180.0,180.0,0.12954686199736898,0.13881246000164538,1.5560919446835892,0.0,0.0,0.03274912267043728,0.0,0.0,0.23800112172805088,0.3306283679844183,0.5
bulk,bo-ei@gp-poisson,8,240.0,240.0,0.16921532000560546,0.15439255600358592,1.558701403842118,0.0,0.0,0.0,0.0,0.0,0.2854466391646674,0.33955346253178165,0.5
bulk,bo-ei@gp-poisson,9,30.0,30.0,0.020630110004276503,0.039452029992389726,1.8861254276699144,0.1338463177732382,0.25547262486902167,0.26742221450099135,0.07582669895769889,0.06501373690925805,0.3514973447863544,0.3950436746175213,0.4166666666666667
bulk,bo-ei@gp-poisson,9,60.0,60.0,0.040407471995422384,0.059291569985362,1.8704873990567348,0.0,0.0,0.08611361017936259,0.07582669895769878,0.12008842220200233,0.315748750192379,0.39545015824455076,0.5833333333333334
bulk,bo-ei@gp-poisson,9,120.0,120.0,0.08096045197817148,0.08920751498953905,1.8451800052962346,0.0,0.0,0.08611361017936259,0.07582669895769878,0.12008842220200233,0.28660331433030595,0.39107967069924365,0.6666666666666666
bulk,bo-ei@gp-poisson,9,180.0,180.0,0.12393917797089671,0.11946541600264027,1.8763719941983832,0.0,0.1764281658861907,0.08611361017936259,0.07582669895769878,0.06501373690925805,0.30163657770513713,0.39022115174235245,0.6666666666666666
bulk,bo-ei@gp-poisson,9,240.0,240.0,0.16325538196906564,0.13621511000746978,1.8783312704469621,0.0,0.1764281658861907,0.08611361017936259,0.07582669895769878,0.06501373690925805,0.292985118961165,0.3890931090090066,0.6666666666666666
bulk,bo-ei@gp-poisson,10,30.0,30.0,0.02001950200792635,0.03675291098988964,2.7093137254307487,0.5573707674086739,0.6080021150179611,0.5327033019712816,0.0355049437738173,0.08169763913644468,1.3734556631019734,0.44200566046323336,0.25
bulk,bo-ei@gp-poisson,10,60.0,60.0,0.04030829200928565,0.05571614299697103,2.8177046847426332,0.5573707674086739,0.6080021150179611,0.5327033019712816,0.0355049437738173,0.08169763913644468,1.396080758539596,0.4308048263762015,0.25
bulk,bo-ei@gp-poisson,10,120.0,120.0,0.07960862001709756,0.08195974300178932,2.8463356294396687,0.5573707674086739,0.6080021150179611,0.5327033019712816,0.0355049437738173,0.08169763913644468,1.3964823154216366,0.4305788418298701,0.25
bulk,bo-ei@gp-poisson,10,180.0,180.0,0.11921195302056731,0.10753226499218727,2.839510640325988,0.5573707674086739,0.6080021150179611,0.5327033019712816,0.0355049437738173,0.08169763913644468,1.3916876163984062,0.4320567014670577,0.25
bulk,bo-ei@gp-poisson,10,240.0,240.0,0.1583008480265562,0.12326751998261898,2.806785095204511,0.5573707674086739,0.6080021150179611,0.5327033019712816,0.0355049437738173,0.08169763913644468,1.3804840637410807,0.43692517310056433,0.25
bulk,bo-ei@gp-poisson,11,30.0,30.0,0.01852514599522692,0.041400190984859364,1.4731668610332973,0.0,0.0,0.0,0.0,0.015333400442710365,0.44008840764955975,0.5718388330060779,0.25
bulk,bo-ei@gp-poisson,11,60.0,60.0,0.03375667899672408,0.057661653987452155,1.4535450122733087,0.0,0.0,0.0,0.0,0.015333400442710365,0.354429906729249,0.5776428912031646,0.25
bulk,bo-ei@gp-poisson,11,120.0,120.0,0.0639217439784261,0.07963758999903803,1.4092840501951642,0.0,0.0,0.0,0.0,0.015333400442710365,0.2701086481994946,0.5485936434842928,0.3333333333333333
bulk,bo-ei@gp-poisson,11,180.0,180.0,0.09542369899645564,0.10800816200935515,1.3434760952428133,0.0,0.0,0.0,0.0,0.015333400442710365,0.18516115356198937,0.484561048813504,0.3333333333333333
bulk,bo-ei@gp-poisson,11,240.0,240.0,0.12559163197511225,0.11973263900290476,1.3438666193852191,0.0,0.0,0.0,0.0,0.015333400442710365,0.18602524000175474,0.48446855141498946,0.3333333333333333
bulk,bo-ei@gp-poisson,12,30.0,30.0,0.015343002003646689,0.03254686100262916,1.36892081770982,0.0,0.021686973699409418,0.021748017796422436,0.0,0.0002735985802798657,0.37263468957197515,0.3915964506914369,0.25
bulk,bo-ei@gp-poisson,12,60.0,60.0,0.030444548996456433,0.049295980996248545,1.3587809384591933,0.0,0.021686973699409418,0.021748017796422436,0.0,0.0002735985802798657,0.3521914426626598,0.39151040036508683,0.25
bulk,bo-ei@gp-poisson,12,120.0,120.0,0.06494151600054465,0.07387510301123257,1.3197999561505482,0.0,0.021686973699409418,0.021748017796422436,0.030681313338116856,0.0002735985802798657,0.2515358145350761,0.36650972089143796,0.4166666666666667
bulk,bo-ei@gp-poisson,12,180.0,180.0,0.0950011229942902,0.09537127700605197,1.3202572332656897,0.0,0.021686973699409418,0.021748017796422436,0.030681313338116856,0.0002735985802798657,0.2492982245600841,0.3665021222622969,0.4166666666666667
bulk,bo-ei@gp-poisson,12,240.0,240.0,0.12639990398747614,0.10766556502858293,1.3194800121822972,0.0,0.021686973699409418,0.021748017796422436,0.030681313338116856,0.0002735985802798657,0.25334294647598105,0.3665157562047744,0.4166666666666667
bulk,bo-ei@gp-poisson,13,30.0,30.0,0.02046181201149011,0.041452790992480004,1.737962656722735,0.0,0.0,0.011612958187048106,0.0,0.0014159229476433666,0.3223149995087574,0.39386246198987496,0.4166666666666667
bulk,bo-ei@gp-poisson,13,60.0,60.0,0.04083061299752444,0.06055445099627832,1.8050107013714347,0.0,0.0,0.0,0.0,0.0014159229476433666,0.3299372786468303,0.44003868599795015,0.4166666666666667
bulk,bo-ei@gp-poisson,13,120.0,120.0,0.07974272699357243,0.08959090699136141,1.6400882799997356,0.0,0.053706787649347,0.055647096366595816,0.0,0.0014159229476433666,0.1937892694172321,0.3149216370290375,0.75
bulk,bo-ei@gp-poisson,13,180.0,180.0,0.11863458300285856,0.11624034100896097,1.6723213684621754,0.0,0.0,0.0,0.0,0.0014159229476433666,0.21231416947287268,0.32501500601440003,0.75
bulk,bo-ei@gp-poisson,13,240.0,240.0,0.15755587900639512,0.1314324970007874,1.672011459410607,0.0,0.0,0.0,0.0,0.0014159229476433666,0.21150027904479257,0.32504165086247694,0.75
bulk,bo-ei@gp-poisson,14,30.0,30.0,0.020266989995434415,0.04477930800203467,2.090401889743559,0.0,0.0,0.029198045901863146,0.054109984158031144,0.0024646190702685145,0.4374890158297539,0.3875215943598759,0.25
bulk,bo-ei@gp-poisson,14,60.0,60.0,0.040433260990539566,0.06418882300204132,2.088557529893794,0.0,0.0,0.029198045901863146,0.06284765763582012,0.06499952064910353,0.45392718344880295,0.3804375896233039,0.4166666666666667
bulk,bo-ei@gp-poisson,14,120.0,120.0,0.08103991499228869,0.09229248102201382,2.1075830517114427,0.0,0.0,0.029198045901863146,0.06284765763582012,0.06499952064910353,0.47425622164289694,0.38723415475119377,0.5
bulk,bo-ei@gp-poisson,14,180.0,180.0,0.12059232299361611,0.12027746101739467,2.0792078311405513,0.0,0.0,0.06635758616684628,0.06284765763582012,0.06499952064910353,0.4136167864275814,0.35660391768443894,0.5833333333333334
bulk,bo-ei@gp-poisson,14,240.0,240.0,0.16063837298133876,0.13605381200250122,2.0662967556459346,0.0,0.0,0.06635758616684628,0.06284765763582012,0.06354261265927086,0.39459950042421543,0.3476534684506835,0.6666666666666666
bulk,bo-ei@gp-poisson,15,30.0,30.0,0.015908700010186294,0.029340365003008628,2.470863403676293,0.3151542703797082,0.42914986738401906,0.46915010433239634,0.05759859399144407,0.053104474487952524,1.1542367553570536,0.42035743130715814,0.25
bulk,bo-ei@gp-poisson,15,60.0,60.0,0.03150684100546641,0.04462596201119595,2.4751809064713592,0.3151542703797082,0.42914986738401906,0.46915010433239634,0.05759859399144407,0.053104474487952524,1.1476752490893904,0.42028112043532073,0.25
bulk,bo-ei@gp-poisson,15,120.0,120.0,0.06168879299366381,0.06436945203313371,2.475877470368883,0.3151542703797082,0.42914986738401906,0.46915010433239634,0.05759859399144407,0.053104474487952524,1.1436082109211665,0.42207370975434594,0.25
bulk,bo-ei@gp-poisson,15,180.0,180.0,0.09296654699210194,0.08532153604028281,2.371948752394632,0.3151542703797082,0.42914986738401906,0.46915010433239634,0.05759859399144407,0.053104474487952524,1.2509208138490213,0.4219967924967179,0.3333333333333333
bulk,bo-ei@gp-poisson,15,240.0,240.0,0.12416341099014971,0.09733879203122342,2.3709756643271267,0.3151542703797082,0.42914986738401906,0.46915010433239634,0.05759859399144407,0.053104474487952524,1.2505675300980503,0.4219394115036329,0.3333333333333333
bulk,bo-ei@gp-poisson,16,30.0,30.0,0.0203484600133379,0.043168713982595364,1.3701474405085354,0.0,0.0,0.0,0.0,0.0,0.22073197374856277,0.49583560618594985,0.25
bulk,bo-ei@gp-poisson,16,60.0,60.0,0.03971330403510365,0.06295293898074306,1.3707154766513299,0.0,0.0,0.0,0.0,0.0,0.3156366766513835,0.4929731774376918,0.3333333333333333
bulk,bo-ei@gp-poisson,16,120.0,120.0,0.0791190010313585,0.09052806799809332,1.3796424034710968,0.0,0.09623127030169532,0.0,0.0,0.0,0.25371321176598927,0.5469820482441711,0.3333333333333333
bulk,bo-ei@gp-poisson,16,180.0,180.0,0.11893213104485767,0.1176733909851464,1.39071923582224,0.0,0.0,0.0,0.0,0.0,0.18171012105922849,0.5449323393122616,0.3333333333333333
bulk,bo-ei@gp-poisson,16,240.0,240.0,0.15839556703576818,0.13343120797435404,1.3929780628086117,0.0,0.0,0.0,0.0,0.0,0.1700659355400293,0.5481059990714062,0.3333333333333333
bulk,bo-ei@gp-poisson,17,30.0,30.0,0.01554790600130218,0.032476810014486546,2.2652143471816863,0.20249151316651715,0.34805393084538316,0.16623504742303774,0.07952195499347292,1.1102230246251565e-16,0.5217585606877951,0.5312395973010668,0.3333333333333333
bulk,bo-ei@gp-poisson,17,60.0,60.0,0.030705764998856466,0.04847914501442574,2.159109900021865,0.20249151316651715,0.34805393084538316,0.16623504742303774,0.07952195499347292,1.1102230246251565e-16,0.49323819526215945,0.4916887105160175,0.3333333333333333
bulk,bo-ei@gp-poisson,17,120.0,120.0,0.060541015009221155,0.07047224501729943,2.054045714184846,0.20249151316651715,0.34805393084538316,0.16623504742303774,0.07952195499347292,1.1102230246251565e-16,0.46848470176927237,0.46203062819969587,0.3333333333333333
bulk,bo-ei@gp-poisson,17,180.0,180.0,0.09210343100494356,0.09191954399648239,1.9223776158831851,0.20249151316651715,0.34805393084538316,0.16623504742303774,0.07952195499347292,1.1102230246251565e-16,0.462468339717232,0.4623585162090755,0.3333333333333333
bulk,bo-ei@gp-poisson,17,240.0,240.0,0.12243258700982551,0.1049656229915854,1.6889260775514592,0.20249151316651715,0.10987939563686988,0.22575249845751888,0.07952195499347292,0.15055308420527735,0.35236983227855795,0.4103025413680653,0.4166666666666667
bulk,bo-ei@gp-poisson,18,30.0,30.0,0.015100267999514472,0.029456122010742547,0.8533097509238782,0.0,0.280709770027461,0.1870393973630169,0.054846915242110716,0.061840281980625855,0.11944692588681964,0.4760362434228475,0.4166666666666667
bulk,bo-ei@gp-poisson,18,60.0,60.0,0.03016123699489981,0.04424750600810512,0.8260611412109201,0.40356190241806267,0.0,0.0,0.05484691524211083,0.06184028198062608,0.11781702486510402,0.4457845405802335,0.5833333333333334
bulk,bo-ei@gp-poisson,18,120.0,120.0,0.061831913986679865,0.06742395699257031,0.7969268405186106,0.0,0.0,0.0,0.05484691524211083,0.06184028198062608,0.07105042109741895,0.4046997156134029,0.5833333333333334
bulk,bo-ei@gp-poisson,18,180.0,180.0,0.09307188397360733,0.09074072599469218,0.7872741859460998,0.0,0.0,0.0,0.05484691524211083,0.06184028198062608,0.06600699608400135,0.3854006294751004,0.6666666666666666
bulk,bo-ei@gp-poisson,18,240.0,240.0,0.125148384962813,0.10500724198209355,0.7940777357117245,0.0,0.0,0.0,0.05484691524211083,0.07134126391782347,0.07211272385893105,0.39151468308262183,0.6666666666666666
bulk,bo-ei@gp-poisson,19,30.0,30.0,0.015268324008502532,0.03298330599500332,2.0182018959667634,0.013624656549291458,0.2969081180605402,0.3270044729819186,0.2139297597707296,0.0,0.7929817981143013,0.3883334349953884,0.5833333333333334
bulk,bo-ei@gp-poisson,19,60.0,60.0,0.0303249320058967,0.04904690500916331,2.0492220836842763,0.013624656549291458,0.2969081180605402,0.3270044729819186,0.2139297597707296,0.2322015956419915,0.7896055124749016,0.4015628857625855,0.5833333333333334
bulk,bo-ei@gp-poisson,19,120.0,120.0,0.06523954799558851,0.07419916001163074,2.0611093571032444,0.013624656549291458,0.2969081180605402,0.3270044729819186,0.3463563147922244,0.2322015956419915,0.8235997148428339,0.370586622786941,0.6666666666666666
bulk,bo-ei@gp-poisson,19,180.0,180.0,0.098357673992723,0.0980153350137698,2.0257566094566037,0.013624656549291458,0.2969081180605402,0.07936228676093804,0.08677395418388911,0.11845819303476857,0.7211025897392807,0.35382412880052067,0.6666666666666666
bulk,bo-ei@gp-poisson,19,240.0,240.0,0.13103612798295217,0.11123037603465491,1.9174819586302603,0.013624656549291458,0.2969081180605402,0.22655612141004133,0.0,0.0,0.6412260601582256,0.3392056516731319,0.6666666666666666
bulk,bo-ei@gp-poisson,20,30.0,30.0,0.019939576988690533,0.04144161599469953,1.8520014179624695,0.0,0.21420036917432483,0.2262531946058336,0.029454721013035257,0.002555020552324039,0.6123085938892519,0.44333018405510477,0.4166666666666667
bulk,bo-ei@gp-poisson,20,60.0,60.0,0.0400365600035002,0.061028192980302265,1.8187655129654037,0.0,0.21420036917432483,0.020082755897507965,0.029454721013035257,0.002555020552324039,0.5657609134860472,0.4325644041516047,0.4166666666666667
bulk,bo-ei@gp-poisson,20,120.0,120.0,0.08007389401245746,0.08846974397238228,1.8081419152367533,0.0,0.21420036917432483,0.020082755897507965,0.029454721013035257,0.002555020552324039,0.546113093400223,0.40228416068516903,0.5
bulk,bo-ei@gp-poisson,20,180.0,180.0,0.1195929570167209,0.11673990696726833,1.8092329992317946,0.0,0.21420036917432483,0.020082755897507965,0.029454721013035257,0.002555020552324039,0.5470082125431599,0.4054540350138444,0.5
bulk,bo-ei@gp-poisson,20,240.0,240.0,0.15843353202944854,0.132114953983546,1.8102914724126375,0.0,0.21420036917432483,0.020082755897507965,0.029454721013035257,0.002555020552324039,0.5475782965262711,0.40545841456246623,0.5
bulk,bo-ei@gp-poisson,21,30.0,30.0,0.02053771300779772,0.03931086201555445,1.5461520547175052,0.5066210951058145,0.2831579127290075,0.4259218997821981,0.36926883627024276,0.05297016328520032,0.45575255499225464,0.4624392915721718,0.25
bulk,bo-ei@gp-poisson,21,60.0,60.0,0.04095734400470974,0.058591746994352434,1.9045674196561597,0.21081780755083734,0.2831579127290075,0.4259218997821981,0.36926883627024276,0.05297016328520032,0.4739229299287012,0.4619528433443219,0.25
bulk,bo-ei@gp-poisson,21,120.0,120.0,0.08151440800793353,0.08795169198856456,1.7117507319530787,0.21081780755083734,0.2831579127290075,0.4259218997821981,0.36926883627024276,0.05297016328520032,0.4629907059098908,0.45584470086666085,0.25
bulk,bo-ei@gp-poisson,21,180.0,180.0,0.12202221100960742,0.11423417900732602,1.915482821318354,0.21081780755083734,0.2831579127290075,0.4259218997821981,0.36926883627024276,0.05297016328520032,0.47011068840088915,0.4605132197348363,0.25
bulk,bo-ei@gp-poisson,21,240.0,240.0,0.16800506300933193,0.13271723097204813,1.900620135695361,0.21081780755083734,0.2831579127290075,0.4259218997821981,0.36926883627024276,0.05297016328520032,0.4688298303659443,0.45932747342308966,0.25
bulk,bo-ei@gp-poisson,22,30.0,30.0,0.02024822000748827,0.04120345300179906,1.382459063307108,0.42337518303993493,0.0,0.0,0.01133212296564401,0.03387844389850869,0.3929919350551868,0.4378610110978412,0.16666666666666666
bulk,bo-ei@gp-poisson,22,60.0,60.0,0.04022829100722447,0.061368110011244426,1.4658483533563862,0.0,0.0,0.0,0.01133212296564401,0.03387844389850869,0.4035609202748485,0.5121678374006029,0.16666666666666666
bulk,bo-ei@gp-poisson,22,120.0,120.0,0.07967052100866567,0.08857198600890115,1.1369417381808917,0.0,0.0,0.0,0.01133212296564401,0.03387844389850869,0.18450874695771488,0.30934758148687186,0.25
bulk,bo-ei@gp-poisson,22,180.0,180.0,0.11894865402791766,0.11534316200413741,1.1363644242259563,0.0,0.0,0.0,0.01133212296564401,0.03387844389850869,0.17643917598971995,0.30925710383245497,0.25
bulk,bo-ei@gp-poisson,22,240.0,240.0,0.1607083510243683,0.13204028298787307,1.1368416606732945,0.0,0.0,0.0,0.01133212296564401,0.03387844389850869,0.1814109471107213,0.309313125355229,0.25
bulk,bo-ei@gp-poisson,23,30.0,30.0,0.02194094500009669,0.043656904985255096,1.729308617608515,0.13119808897110796,0.23705579967849544,0.057648555700188675,0.047122060983008085,0.14580058448623634,0.21831912949133575,0.4102423729641303,0.16666666666666666
bulk,bo-ei@gp-poisson,23,60.0,60.0,0.042255094998836285,0.06455618399559171,1.752296047757809,0.13119808897110796,0.23705579967849544,0.057648555700188675,0.047122060983008085,0.14580058448623634,0.21775217846012707,0.421375390571223,0.16666666666666666
bulk,bo-ei@gp-poisson,23,120.0,120.0,0.08421073197314399,0.09707814000648796,1.5384109149282488,0.0,0.0,0.057648555700188675,0.047122060983008085,0.14580058448623634,0.16481457873131,0.34056787771663866,0.4166666666666667
bulk,bo-ei@gp-poisson,23,180.0,180.0,0.13120339896704536,0.12919256000895984,1.5349292434524173,0.0,0.0,0.057648555700188675,0.047122060983008085,0.14580058448623634,0.16369550358077262,0.3281529563954195,0.5833333333333334
bulk,bo-ei@gp-poisson,23,240.0,240.0,0.18043072497675894,0.1515226649826218,1.5362642601025442,0.0,0.0,0.057648555700188675,0.047122060983008085,0.14580058448623634,0.15946117585572897,0.32342648124919116,0.5833333333333334
bulk,bo-ei@gp-poisson,24,30.0,30.0,0.02025978400342865,0.03862694401323097,1.7070040176319263,0.0,0.0,0.023989748424188884,0.13534423083561564,0.1361816154411727,0.4748031286965851,0.5231774995030087,0.25
bulk,bo-ei@gp-poisson,24,60.0,60.0,0.04032006401394028,0.057664007024868624,1.4409655614055017,0.0,0.0,0.16317524349024204,0.13534423083561564,0.1361816154411727,0.29380517358511865,0.4409969036869914,0.6666666666666666
bulk,bo-ei@gp-poisson,24,120.0,120.0,0.08040570800949354,0.08491346204391448,1.4018827396628086,0.0,0.0,0.16317524349024204,0.13534423083561564,0.1361816154411727,0.2091736047797241,0.35311603705211486,0.6666666666666666
bulk,bo-ei@gp-poisson,24,180.0,180.0,0.11953670800721738,0.11101876706379699,1.3944209785283412,0.0,0.0,0.023989748424188884,0.13534423083561564,0.1361816154411727,0.19839893691259314,0.34426313252148283,0.6666666666666666
bulk,bo-ei@gp-poisson,24,240.0,240.0,0.1676043809929979,0.13058446306240512,1.3900158404662661,0.0,0.0,0.023989748424188884,0.13534423083561564,0.1361816154411727,0.18902684663812414,0.3364403828904858,0.6666666666666666
bulk,bo-ei@gp-poisson,25,30.0,30.0,0.019978927990450757,0.04111358799127629,2.2112182494420947,0.0,0.0,0.0,0.042747120493093926,0.09202885450216991,0.8478702845578637,0.21911927670606177,0.4166666666666667
bulk,bo-ei@gp-poisson,25,60.0,60.0,0.03982569498839439,0.06055176399968332,2.1845202609987426,0.0,0.0,0.0,0.042747120493093926,0.09202885450216991,0.7887214535472498,0.20430399368213478,0.5833333333333334
bulk,bo-ei@gp-poisson,25,120.0,120.0,0.0795234680044814,0.08927352399405208,1.9997472349937142,0.0,0.0,0.0,0.00881038569320014,0.06090616774957924,0.32155985724494135,0.18078158312604936,0.6666666666666666
bulk,bo-ei@gp-poisson,25,180.0,180.0,0.12904588297897135,0.12091908799993689,1.998423291739664,0.0,0.0,0.04411445270867598,0.00881038569320014,0.03920251163013988,0.2936747618399283,0.16374696384866141,0.6666666666666666
bulk,bo-ei@gp-poisson,25,240.0,240.0,0.1690003449584765,0.13663654499396216,1.988988679317,0.0,0.0,0.04411445270867598,0.00881038569320014,0.03920251163013988,0.310742357371391,0.15926610045045725,0.6666666666666666
bulk,bo-ei@gp-poisson,26,30.0,30.0,0.016558853993046796,0.030994245997135295,2.1727758619229696,0.4088566082894687,0.4032566445317576,0.12390880500024182,0.2531490834856662,0.048876935265202426,0.617967864819107,0.5694769091070153,0.16666666666666666
bulk,bo-ei@gp-poisson,26,60.0,60.0,0.032293740994646214,0.04587470498881885,1.8749479737612538,0.0,0.07803704856012417,0.12390880500024182,0.2531490834856662,0.048876935265202426,0.4948181561597562,0.5972920710749935,0.25
bulk,bo-ei@gp-poisson,26,120.0,120.0,0.06317241998840473,0.06926540697895689,1.4991270360216558,0.0,0.0,0.0,0.0,0.048876935265202204,0.24179944509204168,0.5825945625386081,0.4166666666666667
bulk,bo-ei@gp-poisson,26,180.0,180.0,0.10027255097884336,0.09498775197425857,1.4832052526767459,0.0,0.0,0.0,0.0,0.048876935265202204,0.21525870279160222,0.5652853214459836,0.5
bulk,bo-ei@gp-poisson,26,240.0,240.0,0.13150138597848127,0.10758884497045074,1.479350625565976,0.0,0.0,0.0,0.0,0.048876935265202204,0.2088748615165711,0.5576440440454083,0.5
bulk,bo-ei@gp-poisson,27,30.0,30.0,0.020876644000964006,0.045399326998449396,2.2163463355702118,0.0,0.0,0.08145137173989814,0.08135713937288302,0.11202818992499508,0.9223640753058971,0.3577396139491058,0.25
bulk,bo-ei@gp-poisson,27,60.0,60.0,0.041679977999592666,0.0663937419958529,2.213298668747338,0.0,0.0,0.08145137173989814,0.08135713937288302,0.11202818992499508,0.989931738698152,0.36395760519449366,0.3333333333333333
bulk,bo-ei@gp-poisson,27,120.0,120.0,0.08756588600590476,0.09632401800627122,2.219054971100816,0.0,0.0,0.08145137173989814,0.08135713937288302,0.11202818992499508,1.0082572863365082,0.36398423172921107,0.3333333333333333
bulk,bo-ei@gp-poisson,27,180.0,180.0,0.1315377889914089,0.12776517802558374,2.148573767040268,0.0,0.0,0.08145137173989814,0.08135713937288302,0.0,0.8743108305216428,0.34436274797919336,0.4166666666666667
bulk,bo-ei@gp-poisson,27,240.0,240.0,0.17413006197966752,0.14544627002396737,2.139564413863098,0.0,0.0,0.08145137173989814,0.08135713937288302,0.0,0.8385036528173477,0.34434558713883046,0.4166666666666667
bulk,bo-ei@gp-poisson,28,30.0,30.0,0.01591522998205619,0.03212657000767649,2.959304429963774,0.6485001734391016,0.7510420037117529,0.7301503419932402,0.5767315199533387,0.32965214816828126,1.2512765089663556,0.4110775613646894,0.16666666666666666
bulk,bo-ei@gp-poisson,28,60.0,60.0,0.031271338993974496,0.047009180998429656,3.2103631327384083,0.6485001734391016,0.6744567159839014,0.7301503419932402,0.5767315199533387,0.32965214816828137,1.2959987800184947,0.4291095474310457,0.16666666666666666
bulk,bo-ei@gp-poisson,28,120.0,120.0,0.061391757993987994,0.0690367419992981,3.436619567943081,0.6485001734391016,0.6744567159839014,0.49956406698639777,0.5767315199533387,0.32965214816828126,1.32835174240363,0.446038525273678,0.16666666666666666
bulk,bo-ei@gp-poisson,28,180.0,180.0,0.10027773298861575,0.09404734899362666,2.6971836331541907,0.3499674365601617,0.43082493603194794,0.5547126458721143,0.3250316307332024,0.32965214816828137,1.0908351939227856,0.3711457484026486,0.25
bulk,bo-ei@gp-poisson,28,240.0,240.0,0.13054832396665006,0.10718798599918955,2.735925264395373,0.3499674365601617,0.43082493603194794,0.5547126458721143,0.3250316307332024,0.32965214816828137,1.100995290607547,0.3723358450456621,0.25
bulk,bo-ei@gp-poisson,29,30.0,30.0,0.020082305007235846,0.043488380004419014,1.8685218116574056,0.0,0.0,0.03194717220836074,0.11316824372198753,0.0777595927101864,0.5383986849072181,0.44974345619966377,0.5
bulk,bo-ei@gp-poisson,29,60.0,60.0,0.04772937000961974,0.06730188900110079,1.8873066518005788,0.0,0.0,0.03194717220836074,0.11316824372198753,0.07718343869051991,0.5631531186116867,0.4599844157232421,0.5833333333333334
bulk,bo-ei@gp-poisson,29,120.0,120.0,0.08789250101835933,0.09568574999138946,1.847186307671105,0.0,0.0,0.03194717220836074,0.11316824372198753,0.07718343869051991,0.498291538467544,0.4344253475205511,0.6666666666666666
bulk,bo-ei@gp-poisson,29,180.0,180.0,0.12797211500583217,0.12474744701103191,1.7474759066397432,0.0,0.0,0.03194717220836074,0.11316824372198753,0.0777595927101864,0.4062800215740526,0.42047788683341825,0.6666666666666666
bulk,bo-ei@gp-poisson,29,240.0,240.0,0.16729438498077798,0.1404726849978033,1.7649523396737619,0.0,0.0,0.03194717220836074,0.02762468593994405,0.0777595927101864,0.4162755738107574,0.4336610367756927,0.6666666666666666
bulk,bo-ei@gp-poisson,30,30.0,30.0,0.015530065989878494,0.036552300000039395,2.219275372084405,0.0,0.10999269531777167,0.0197657602044361,0.041541193901116324,0.046405637294349655,0.7008719230493591,0.46052858522423223,0.16666666666666666
bulk,bo-ei@gp-poisson,30,60.0,60.0,0.031116862999624573,0.05278297399854637,2.2365476341233266,0.0,0.10999269531777167,0.0197657602044361,0.041541193901116324,0.046405637294349655,0.690321096854984,0.457467506422542,0.25
bulk,bo-ei@gp-poisson,30,120.0,120.0,0.06653499300955446,0.0767940530058695,2.191824931932529,0.0,0.0,0.027908772899468137,0.04773547983488913,0.05846157715018274,0.5659150922478593,0.43593568478727185,0.3333333333333333
bulk,bo-ei@gp-poisson,30,180.0,180.0,0.09802413800935028,0.09925186797045171,2.168836916290516,0.0,0.0,0.026241775247151655,0.047735479834888905,0.05846157715018252,0.5650481513755065,0.43244116885568973,0.4166666666666667
bulk,bo-ei@gp-poisson,30,240.0,240.0,0.12899648001257447,0.1112154379588901,2.169051776802354,0.0,0.0,0.026241775247151655,0.047735479834888905,0.05846157715018252,0.5538871737928764,0.4324425611558495,0.4166666666666667
bulk,bo-ei@gp-poisson,31,30.0,30.0,0.015308666999771958,0.03023773898894433,2.0537805083685057,0.0,0.2382762539420289,0.28477841936924686,0.33933030424996935,0.2291752726883476,0.43229588958562226,0.4518020493696375,0.25
bulk,bo-ei@gp-poisson,31,60.0,60.0,0.03399098500449327,0.046181844980310416,2.0159621581254337,0.0,0.2382762539420289,0.28477841936924686,0.33933030424996935,0.2291752726883476,0.4183459582168154,0.46978617545047946,0.25
bulk,bo-ei@gp-poisson,31,120.0,120.0,0.06723426000462496,0.07274213296113885,2.007855378972576,0.0,0.2382762539420289,0.28477841936924686,0.33933030424996935,0.2291752726883476,0.40555097055533085,0.4478580967842731,0.5833333333333334
bulk,bo-ei@gp-poisson,31,180.0,180.0,0.09935703100563842,0.09375557495877729,2.0430393750834965,0.0,0.2382762539420289,0.28477841936924686,0.33933030424996935,0.2291752726883476,0.41249391824122494,0.44397614192213514,0.5833333333333334
bulk,bo-ei@gp-poisson,31,240.0,240.0,0.13026759700733237,0.10642148097031168,2.040230699860786,0.0,0.2382762539420289,0.28477841936924686,0.33933030424996935,0.2291752726883476,0.41056204765481696,0.4426728310836394,0.5833333333333334
bulk,bo-ei@gp-poisson,32,30.0,30.0,0.02116155400290154,0.04553891899922746,2.074057526051763,0.0,0.03314572155992468,0.0,0.019042700975496207,0.015189183395066141,0.557986498027291,0.45153189708928543,0.3333333333333333
bulk,bo-ei@gp-poisson,32,60.0,60.0,0.04123889498805511,0.06657541599997785,1.9977541521203512,0.0,0.03314572155992468,0.11652665134227669,0.001668986130187733,0.016648314999386682,0.509369750332161,0.44201947464370217,0.5833333333333334
bulk,bo-ei@gp-poisson,32,120.0,120.0,0.08112575197810656,0.0969532779927249,2.044119986423114,0.0,0.03314572155992468,0.11652665134227669,0.001668986130187733,0.016648314999386682,0.5936853505268008,0.4595158221084945,0.5833333333333334
bulk,bo-ei@gp-poisson,32,180.0,180.0,0.1213818839569285,0.1254532859857136,1.979309412870147,0.0,0.03314572155992468,0.11652665134227669,0.09957312980862609,0.0,0.5222928173276853,0.44880681092202407,0.5833333333333334
bulk,bo-ei@gp-poisson,32,240.0,240.0,0.1622735759774514,0.14232634099607822,1.9750686057845648,0.0,0.03314572155992468,0.11652665134227669,0.09957312980862609,0.0,0.5138522198875815,0.44789287909434544,0.5833333333333334
bulk,bo-ei@gp-poisson,33,30.0,30.0,0.022072332998504862,0.04276696700617322,1.9806043690753514,0.13018507767653065,0.0,0.038614398775764225,0.0,0.07275720756512793,0.5254402015890473,0.4672223146406382,0.3333333333333333
bulk,bo-ei@gp-poisson,33,60.0,60.0,0.04406924899740261,0.06488861600882956,1.9376609136716312,0.13018507767653065,0.0,0.038614398775764225,0.0,0.07275720756512793,0.459820060438943,0.48278099840081784,0.3333333333333333
bulk,bo-ei@gp-poisson,33,120.0,120.0,0.0837742010007787,0.09411890401315759,1.8806825943376635,0.13018507767653065,0.0,0.038614398775764225,0.0,0.07275720756512793,0.345611932391022,0.45285617410232715,0.4166666666666667
bulk,bo-ei@gp-poisson,33,180.0,180.0,0.12331826599256601,0.1225672260079591,1.8230530151121267,0.0,0.0,0.038614398775764225,0.0,0.05157533141990789,0.25497394465743783,0.4315116405857866,0.4166666666666667
bulk,bo-ei@gp-poisson,33,240.0,240.0,0.16571332599414745,0.14038605899258982,1.8233472566492024,0.0,0.0,0.038614398775764225,0.0,0.05157533141990789,0.24827135405313652,0.431425933430657,0.4166666666666667
bulk,bo-ei@gp-poisson,34,30.0,30.0,0.021255061001284048,0.046351636989129474,2.915991039300074,0.7310031119692971,0.6928054391683145,0.6871588676265294,0.6820069051485251,0.5639158722464962,0.9067252406253341,0.5560735949047981,0.25
bulk,bo-ei@gp-poisson,34,60.0,60.0,0.04254026899434393,0.0680489409933216,3.0274602106482766,0.7310031119692971,0.6928054391683145,0.6871588676265294,0.567133043699233,0.3766826409708365,0.891153575314102,0.544075942785158,0.25
bulk,bo-ei@gp-poisson,34,120.0,120.0,0.08276073000888573,0.09801450600571116,3.0029360812851214,0.7310031119692971,0.6928054391683145,0.6871588676265294,0.567133043699233,0.5639158722464961,0.8795981962638371,0.5057563433558528,0.3333333333333333
bulk,bo-ei@gp-poisson,34,180.0,180.0,0.12267991499902564,0.12696283201512415,2.9672747247906375,0.7310031119692971,0.6928054391683145,0.6871588676265294,0.567133043699233,0.3766826409708365,0.8644163344988973,0.49179371013140044,0.3333333333333333
bulk,bo-ei@gp-poisson,34,240.0,240.0,0.16467335199922672,0.14411572099925252,3.019463528155521,0.7310031119692971,0.6928054391683145,0.5666610971016933,0.567133043699233,0.3766826409708365,0.8632307287848497,0.5188783695893634,0.3333333333333333
bulk,bo-ei@gp-poisson,35,30.0,30.0,0.021119479006301844,0.0441211699944688,2.1260992580398543,0.0,0.0,0.21254784540360372,0.18976618891990638,0.006847707704469741,1.0853359686466315,0.3144213795574999,0.3333333333333333
bulk,bo-ei@gp-poisson,35,60.0,60.0,0.0422446350021346,0.06555071399998269,2.196149535408847,0.0,0.0,0.21254784540360372,0.18976618891990638,0.18214034314968097,1.1282802146360487,0.3383903757539544,0.3333333333333333
bulk,bo-ei@gp-poisson,35,120.0,120.0,0.08328214798893896,0.09356830499746138,2.1575003931323553,0.0,0.0,0.13140002124215266,0.18976618891990638,0.18214034314968097,1.114329790424958,0.33160359966999275,0.4166666666666667
bulk,bo-ei@gp-poisson,35,180.0,180.0,0.12307069197413512,0.12073652900289744,2.1630389737580225,0.0,0.0,0.13140002124215266,0.18976618891990638,0.18214034314968097,1.1011678096927344,0.3451389220194827,0.5
bulk,bo-ei@gp-poisson,35,240.0,240.0,0.16582129097514553,0.13834503900943673,2.162473339533769,0.0,0.0,0.13140002124215266,0.18976618891990638,0.18214034314968097,1.1002293607454579,0.34511937510596474,0.5
bulk,bo-ei@gp-poisson,36,30.0,30.0,0.01651114900232642,0.03120052099984605,2.0178281158513163,0.0,0.10715052916573775,0.08049474354341213,0.033291419004691014,0.028767929082627153,0.32978419048645424,0.4189673870025829,0.3333333333333333
bulk,bo-ei@gp-poisson,36,60.0,60.0,0.03212197299944819,0.04673608198936563,2.0174446010310074,0.0,0.10715052916573775,0.05966024621721977,0.033291419004691014,0.028767929082627153,0.31498128059504577,0.4287121261768241,0.5833333333333334
bulk,bo-ei@gp-poisson,36,120.0,120.0,0.0631396969765774,0.06852889498259174,1.9738648078823673,0.0,0.0,0.0,0.033291419004691014,0.028767929082627153,0.2746338118735161,0.39008714109335507,0.5833333333333334
bulk,bo-ei@gp-poisson,36,180.0,180.0,0.09449489596954663,0.09025998197830631,2.0333152411931223,0.0,0.0,0.05966024621721988,0.033291419004691236,0.028767929082627375,0.31324377393357195,0.4260335217621177,0.6666666666666666
bulk,bo-ei@gp-poisson,36,240.0,240.0,0.13085744595809956,0.10492677496949909,2.0381336041629976,0.0,0.0,0.05966024621721988,0.033291419004691236,0.028767929082627375,0.30988283267915534,0.42686718695152737,0.75
bulk,bo-ei@gp-poisson,37,30.0,30.0,0.02112545000636601,0.046940394986449974,2.717139950529925,0.18340538975113352,0.09793574789343917,0.0,0.03417737139082255,-2.220446049250313e-16,1.261377257853066,0.4863083412777928,0.25
bulk,bo-ei@gp-poisson,37,60.0,60.0,0.04068564800036256,0.0673461219703313,2.622752640426048,0.1272886183430063,0.09793574789343917,0.0,0.03417737139082255,-2.220446049250313e-16,1.1500164524207994,0.4488097590319667,0.3333333333333333
bulk,bo-ei@gp-poisson,37,120.0,120.0,0.08086121902670129,0.10053317197525757,2.7233051146445195,0.1272886183430063,0.09793574789343917,0.0,0.03417737139082255,-2.220446049250313e-16,1.1692066096263076,0.4756308406347662,0.3333333333333333
bulk,bo-ei@gp-poisson,37,180.0,180.0,0.12199543003225699,0.13000716497481335,2.697565385148277,0.1272886183430063,0.09793574789343917,0.0,0.03417737139082255,-2.220446049250313e-16,1.1526766584485024,0.46385250198787165,0.3333333333333333
bulk,bo-ei@gp-poisson,37,240.0,240.0,0.16187995302607305,0.14656487698084675,2.7282950785139044,0.1272886183430063,0.0,0.0,0.03417737139082255,-2.220446049250313e-16,1.0831149177602095,0.4980317230233481,0.3333333333333333
bulk,bo-ei@gp-poisson,38,30.0,30.0,0.016259063988400158,0.042011574005300645,2.3125760228705894,0.0,0.25409661632191993,0.27908360793953757,0.2691465931139243,0.27189974129967087,1.8186215458359982,0.48671183805230156,0.08333333333333333
bulk,bo-ei@gp-poisson,38,60.0,60.0,0.03148984198196558,0.057627316997240996,2.2937669881884335,0.0,0.25409661632191993,0.27908360793953757,0.2691465931139243,0.27189974129967087,1.79523467985786,0.4812194303155315,0.16666666666666666
bulk,bo-ei@gp-poisson,38,120.0,120.0,0.062327168983756565,0.07910409500982496,2.2949414269358526,0.0,0.25409661632191993,0.27908360793953757,0.2691465931139243,0.27189974129967087,1.7960930065139882,0.4812224257890039,0.16666666666666666
bulk,bo-ei@gp-poisson,38,180.0,180.0,0.09346935295980074,0.10074877201986965,2.2991920405363406,0.0,0.25409661632191993,0.27908360793953757,0.2691465931139243,0.27189974129967087,1.8014859360521296,0.48123936355518065,0.16666666666666666
bulk,bo-ei@gp-poisson,38,240.0,240.0,0.12481225796000217,0.11332565902193892,2.300542523147374,0.0,0.25409661632191993,0.27908360793953757,0.2691465931139243,0.27189974129967087,1.8034394939139489,0.4812454044310553,0.16666666666666666
bulk,bo-ei@gp-poisson,39,30.0,30.0,0.02042421999067301,0.04041597800096497,1.83482914072664,0.0,0.0,0.019411785086950628,0.0,0.005643494957538464,0.41995792818412736,0.46674276548046184,0.5833333333333334
bulk,bo-ei@gp-poisson,39,60.0,60.0,0.04010092598764459,0.06078917498962255,1.7987776400726003,0.0,0.0,0.019411785086950628,0.0,0.005643494957538464,0.30048445136221763,0.4492791561865068,0.5833333333333334
bulk,bo-ei@gp-poisson,39,120.0,120.0,0.0794133689814771,0.0882489590185287,1.810971874192507,0.0,0.0,0.019411785086950628,0.0,0.005643494957538464,0.30823238421498894,0.44742028546783535,0.5833333333333334
bulk,bo-ei@gp-poisson,39,180.0,180.0,0.12029533899476519,0.11619513002733584,1.7989246805113055,0.0,0.0,0.019411785086950628,0.0,0.005643494957538464,0.27424829822294283,0.4409576361377338,0.6666666666666666
bulk,bo-ei@gp-poisson,39,240.0,240.0,0.16024001398909604,0.13207950602372875,1.7979317502274281,0.0,0.0,0.0,0.0,0.005643494957538464,0.2589761105295414,0.43195508040455277,0.6666666666666666
bulk,bo-ei@gp-poisson,40,30.0,30.0,0.020458274990232894,0.0375243929993303,1.41664534590025,0.0,0.0,0.0,0.0,0.10906336880973777,0.24854997070335505,0.3220603623303821,0.3333333333333333
bulk,bo-ei@gp-poisson,40,60.0,60.0,0.04030072199748247,0.05673057900639833,1.3909808849096965,0.0,0.0,0.0,0.0,0.10906336880973777,0.23237444340314958,0.307750070902446,0.3333333333333333
bulk,bo-ei@gp-poisson,40,120.0,120.0,0.0813703909952892,0.08475254301447421,1.4376940248292822,0.0,0.0,0.0,0.0,0.10906336880973777,0.2584612342075066,0.3298939561681984,0.3333333333333333
bulk,bo-ei@gp-poisson,40,180.0,180.0,0.12187203400026192,0.11203871900943341,1.4073801081580692,0.02590319911044281,0.0,0.0,0.0,0.10906336880973777,0.2407570580626676,0.3169178136421715,0.3333333333333333
bulk,bo-ei@gp-poisson,40,240.0,240.0,0.16427113600366283,0.13001475100099924,1.4125370118438016,0.02590319911044281,0.0,0.0,0.0,0.10906336880973777,0.24409664698776662,0.3193567176111384,0.3333333333333333
bulk,bo-ei@gp-poisson,41,30.0,30.0,0.015344084007665515,0.03221153000049526,1.319336100627963,0.0,0.11672176412096102,0.0,0.0,0.0,0.3090127830990616,0.5254813801751604,0.25
bulk,bo-ei@gp-poisson,41,60.0,60.0,0.03139036300126463,0.04796986998189823,1.332622167327026,0.0,0.11672176412096102,0.0,0.03753040946664843,0.03359593004584582,0.3073956192346608,0.5242580063155678,0.4166666666666667
bulk,bo-ei@gp-poisson,41,120.0,120.0,0.062103325999487424,0.06984433098477894,1.2699450268563697,0.0,0.11672176412096102,0.0,0.03753040946664843,0.03359593004584582,0.19376603859606464,0.5106678344210758,0.4166666666666667
bulk,bo-ei@gp-poisson,41,180.0,180.0,0.09371702498174272,0.09124697896913858,1.2652404246182,0.0,0.11672176412096102,0.0,0.03753040946664843,0.03359593004584582,0.1797461751249014,0.5091765051269126,0.4166666666666667
bulk,bo-ei@gp-poisson,41,240.0,240.0,0.12392446195735829,0.10344293596426724,1.260771067829183,0.0,0.11672176412096102,0.0,0.03753040946664843,0.03524629515005373,0.18194444725371642,0.5097101213522888,0.4166666666666667
bulk,bo-ei@gp-poisson,42,30.0,30.0,0.015363893995527178,0.03131723700062139,1.6131349824270285,0.0,0.0,0.15341560977394408,0.0061085278771148,-2.220446049250313e-16,0.4919831473250466,0.49266331232989524,0.3333333333333333
bulk,bo-ei@gp-poisson,42,60.0,60.0,0.03288282998255454,0.05159383599675493,1.5583911150220338,0.0,0.0,0.0,0.0061085278771148,-2.220446049250313e-16,0.3853189364390172,0.48379122188497864,0.3333333333333333
bulk,bo-ei@gp-poisson,42,120.0,120.0,0.06373346095642773,0.07343165998463519,1.602459443778453,0.0,0.0,0.15341560977394408,0.0061085278771148,-2.220446049250313e-16,0.45185994141177716,0.4875745271410633,0.4166666666666667
bulk,bo-ei@gp-poisson,42,180.0,180.0,0.0962621709513769,0.0996348159860645,1.6319103076239019,0.0,0.0,0.15341560977394408,0.0061085278771148,-2.220446049250313e-16,0.49166566331704226,0.49059180610680186,0.5
bulk,bo-ei@gp-poisson,42,240.0,240.0,0.1266543689489481,0.11155174399755197,1.6323942221072887,0.0,0.0,0.15341560977394408,0.0061085278771148,-2.220446049250313e-16,0.4965932973733222,0.4914225966575934,0.5
bulk,bo-ei@gp-poisson,43,30.0,30.0,0.019844575013848953,0.04082056299739634,1.6609789809977047,0.0,0.03954464776459754,0.0,0.0522539578824992,0.0036570929906859506,0.7351876502457685,0.573230029770122,0.25
bulk,bo-ei@gp-poisson,43,60.0,60.0,0.0410825720136927,0.06308208498739987,1.6995897867341396,0.0,0.03954464776459754,0.0,0.0522539578824992,0.0036570929906859506,0.7654313746156746,0.5462962322504978,0.25
bulk,bo-ei@gp-poisson,43,120.0,120.0,0.08069158801299636,0.09166365098280949,1.6857280623552215,0.0,0.03954464776459754,0.0,0.0522539578824992,0.0036570929906859506,0.7240564659448719,0.5469208842183692,0.25
bulk,bo-ei@gp-poisson,43,180.0,180.0,0.12394985001083114,0.12240526999812573,1.5858837561503967,0.0,0.03954464776459754,0.0,0.0,0.0036570929906859506,0.5125670620780616,0.49597974254336047,0.25
bulk,bo-ei@gp-poisson,43,240.0,240.0,0.1639979830069933,0.1384574879812135,1.5882508675259508,0.0,0.03954464776459754,0.0,0.0,0.0036570929906859506,0.5180838689170991,0.49532919330078834,0.25
bulk,bo-ei@gp-poisson,44,30.0,30.0,0.02159676998417126,0.04462922199672903,3.0566428900182747,0.7635796223597333,0.5640437457596721,0.6172031615120048,0.14141380691922534,0.007038657094168843,0.9263204319739576,0.5697761144673196,0.16666666666666666
bulk,bo-ei@gp-poisson,44,60.0,60.0,0.04351281699564424,0.06451939399994444,3.180715698528765,0.7635796223597333,0.5640437457596721,0.6172031615120048,0.14141380691922534,0.007038657094168843,0.9260041288909917,0.5684813742842453,0.16666666666666666
bulk,bo-ei@gp-poisson,44,120.0,120.0,0.08427863999895635,0.0938533939915942,3.4563587479004134,0.7635796223597333,0.5640437457596721,0.6172031615120048,0.14141380691922534,0.007038657094168843,0.9388681271434944,0.6091329574282299,0.16666666666666666
bulk,bo-ei@gp-poisson,44,180.0,180.0,0.1249342999944929,0.12141083297683508,3.5827431347496326,0.7635796223597333,0.5640437457596721,0.6172031615120048,0.14141380691922534,0.007038657094168843,0.9442700757480095,0.6275696081272211,0.16666666666666666
bulk,bo-ei@gp-poisson,44,240.0,240.0,0.16459233897330705,0.13718816899199737,3.571928467038429,0.7635796223597333,0.5640437457596721,0.6172031615120048,0.14141380691922534,0.007038657094168843,0.9426308337169217,0.6218372531156143,0.16666666666666666
bulk,bo-ei@gp-poisson,45,30.0,30.0,0.015735857999970904,0.028542465988721233,1.3540673114190547,0.0,0.0,0.0,0.012785133383092617,0.03677217530224508,0.15671695877222283,0.33322458729365284,0.25
bulk,bo-ei@gp-poisson,45,60.0,60.0,0.03108316200086847,0.0425282539872569,1.3586120703093403,0.17077981014696364,0.0,0.0,0.012785133383092617,0.03677217530224508,0.16205452668911927,0.27922096043249667,0.25
bulk,bo-ei@gp-poisson,45,120.0,120.0,0.06179373900522478,0.06297605297731934,1.3445183558938603,0.0,0.0,0.0,0.012785133383092617,0.03677217530224508,0.13389914333756495,0.3343338262363516,0.25
bulk,bo-ei@gp-poisson,45,180.0,180.0,0.09330753101312439,0.0835935910072294,1.3501026834088572,0.0,0.0,0.0,0.012785133383092617,0.03677217530224508,0.14204342135639497,0.3507719307850894,0.25
bulk,bo-ei@gp-poisson,45,240.0,240.0,0.12378042101772735,0.09559881800305448,1.3483665381204488,0.0,0.0,0.0,0.012785133383092617,0.03677217530224508,0.13829363038339307,0.35287936178664614,0.25
bulk,bo-ei@gp-poisson,46,30.0,30.0,0.015572241994959768,0.03185017299983883,1.2867713614899243,0.0,0.09597551314029962,0.14013187652150927,0.10991152515698244,0.10217817050568123,0.2431356384872755,0.33073533348683914,0.25
bulk,bo-ei@gp-poisson,46,60.0,60.0,0.03121758299312205,0.04779260399300256,1.2660344311927962,0.0,0.09597551314029962,0.082600186713495,0.10991152515698244,0.10217817050568123,0.18155849992615886,0.3147457605525028,0.3333333333333333
bulk,bo-ei@gp-poisson,46,120.0,120.0,0.06692844996723579,0.07072991299719433,1.2541008306219974,0.0,0.09597551314029962,0.082600186713495,0.10991152515698244,0.10217817050568123,0.15769894569184015,0.3034460784311388,0.3333333333333333
bulk,bo-ei@gp-poisson,46,180.0,180.0,0.09721801395789953,0.09136412599764299,1.2558336615267063,0.0,0.09597551314029962,0.082600186713495,0.10711874996580584,0.10217817050568123,0.1617728052480332,0.3046817784859119,0.4166666666666667
bulk,bo-ei@gp-poisson,46,240.0,240.0,0.127793875959469,0.10358986701976391,1.250944143866448,0.0,0.09597551314029962,0.082600186713495,0.10711874996580584,0.10217817050568123,0.14977950378729882,0.298802773386359,0.4166666666666667
bulk,bo-ei@gp-poisson,47,30.0,30.0,0.02013563400032581,0.041307060007966356,1.904075967999944,0.0,0.2208040968511058,0.15727583568523507,0.19295849209460247,0.0,0.7854005435213771,0.47830099837103524,0.4166666666666667
bulk,bo-ei@gp-poisson,47,60.0,60.0,0.04363902999830316,0.06721367900900077,1.713550202391865,0.0,0.0,0.0,0.0,0.0,0.47735304312201954,0.4243460389789818,0.5833333333333334
bulk,bo-ei@gp-poisson,47,120.0,120.0,0.08354896097807796,0.09748790902085602,1.725478060022449,0.0,0.0,0.0,0.0,0.025141566228391588,0.4200448573024037,0.4422170718119532,0.5833333333333334
bulk,bo-ei@gp-poisson,47,180.0,180.0,0.12423540997406235,0.1265437650254171,1.7319531151069552,0.0,0.0,0.0,0.0,0.025141566228391588,0.41116432768816563,0.4657177568500844,0.5833333333333334
bulk,bo-ei@gp-poisson,47,240.0,240.0,0.16492832097719656,0.14271548201941187,1.7038143647584052,0.0,0.0,0.0,0.0,0.025141566228391588,0.3466874918162643,0.4552731529707623,0.5833333333333334
bulk,bo-ei@gp-poisson,48,30.0,30.0,0.020604698995157378,0.04688677500234917,1.3229085282051618,0.0,0.14354912856160817,0.22049682131434056,0.24870009403555515,0.2319655704888527,0.2613962529619094,0.3835519734791081,0.4166666666666667
bulk,bo-ei@gp-poisson,48,60.0,60.0,0.04299076200550189,0.06957187399893883,1.3233321876751094,0.0,0.14354912856160817,0.22049682131434056,0.22535232797162463,0.2319655704888527,0.2673416786315177,0.35934861156932574,0.5
bulk,bo-ei@gp-poisson,48,120.0,120.0,0.083759272005409,0.09929590498722973,1.3304689159632919,0.0,0.14354912856160817,0.22049682131434056,0.22535232797162463,0.2319655704888527,0.26792602844857816,0.34845505609599287,0.5833333333333334
bulk,bo-ei@gp-poisson,48,180.0,180.0,0.1250029340008041,0.12976883199735312,1.3393081877384232,0.0,0.14354912856160817,0.22049682131434056,0.22535232797162463,0.2319655704888527,0.2665340446360381,0.34327519638507026,0.5833333333333334
bulk,bo-ei@gp-poisson,48,240.0,240.0,0.16780407900296268,0.1474396069861541,1.3430423733067849,0.0,0.14354912856160817,0.22049682131434056,0.22535232797162463,0.2319655704888527,0.2699815323311103,0.3405427376392483,0.5833333333333334
bulk,bo-ei@gp-poisson,49,30.0,30.0,0.02102960299816914,0.04107957399901352,1.7165547461007804,0.5467856996203526,0.35194479488858876,0.3848034862053302,0.32587543459114954,0.33698137355088587,0.6788122160975657,0.36003786017522377,0.4166666666666667
bulk,bo-ei@gp-poisson,49,60.0,60.0,0.04161362299055327,0.06081652099601342,1.78345806678079,0.44638787798114044,0.35194479488858876,0.3848034862053302,0.32587543459114954,0.36429570630674624,0.6905085773149839,0.3739400154301196,0.4166666666666667
bulk,bo-ei@gp-poisson,49,120.0,120.0,0.08304261901139398,0.09159782200003974,1.9253245005280677,0.0,0.0,0.1637007769174521,0.1386319608144564,0.03968102235954274,0.5086857264424673,0.44485858804682016,0.5833333333333334
bulk,bo-ei@gp-poisson,49,180.0,180.0,0.12270472000454902,0.12107827000363613,1.5032659520337501,0.0,0.0,0.0,0.0570228375700369,0.0,0.15501886320774366,0.2643633081337534,0.6666666666666666
bulk,bo-ei@gp-poisson,49,240.0,240.0,0.16642303900880506,0.13916888100357028,1.4767022292468441,0.0,0.0,0.0,0.0,0.0,0.1034189034503691,0.2539501975249224,0.6666666666666666
bulk,bo-ei@gp-poisson-cat,0,30.0,30.0,0.015243557998473989,0.01384947398037184,1.8526618344881658,0.0,0.0,0.1645577111201113,0.24647449453192305,0.17416363986753602,0.3935021251849772,0.4106957266418504,0.25
bulk,bo-ei@gp-poisson-cat,0,60.0,60.0,0.031089369997062022,0.023397698991175275,1.9242109042875457,0.11699761815798104,0.0,0.1645577111201113,0.24647449453192305,0.17416363986753602,0.4352536009830732,0.4465319906196131,0.25
bulk,bo-ei@gp-poisson-cat,0,120.0,120.0,0.06202843500432209,0.03939636300856364,1.943680608322035,0.11699761815798104,0.0,0.1645577111201113,0.24647449453192305,0.17416363986753602,0.4505770311201959,0.452113773228461,0.25
bulk,bo-ei@gp-poisson-cat,0,180.0,180.0,0.09235622400956345,0.05451746002654545,1.9242153089829903,0.11699761815798104,0.0,0.1645577111201113,0.24647449453192305,0.17416363986753602,0.4310440819506307,0.4445516229796252,0.25
bulk,bo-ei@gp-poisson-cat,0,240.0,240.0,0.1228637450003589,0.06676227504431154,1.947172071919496,0.0,0.0,0.1645577111201113,0.24647449453192305,0.17416363986753602,0.44546663101913453,0.45303462512878384,0.25
bulk,bo-ei@gp-poisson-cat,1,30.0,30.0,0.020728950999910012,0.018798396005877294,1.235575849018519,0.3776667770701083,0.11081837190545385,0.0,0.03873633088739781,0.036922425209787946,0.26679393844643357,0.34208437587842805,0.25
bulk,bo-ei@gp-poisson-cat,1,60.0,60.0,0.04157082699384773,0.03135430300608277,1.2307175358750106,0.3776667770701083,0.20699468824656553,0.0,0.03873633088739781,0.036922425209787946,0.22515814033787648,0.3778644317270729,0.25
bulk,bo-ei@gp-poisson-cat,1,120.0,120.0,0.0826318139952491,0.0535017670263187,1.2328064542115922,0.17547599762442456,0.20699468824656553,0.0,0.03873633088739781,0.036922425209787946,0.24214885331554262,0.3859351851218793,0.25
bulk,bo-ei@gp-poisson-cat,1,180.0,180.0,0.12256172497654916,0.0741299150249688,1.2398982541092758,0.17547599762442456,0.20699468824656553,0.0,0.03873633088739781,0.036922425209787946,0.24910407614740113,0.3881964271472183,0.25
bulk,bo-ei@gp-poisson-cat,1,240.0,240.0,0.16475082797842333,0.09196839101423393,1.2438968457692272,0.17547599762442456,0.20699468824656553,0.0,0.03873633088739781,0.036922425209787946,0.2421409409875232,0.3958601672506232,0.3333333333333333
bulk,bo-ei@gp-poisson-cat,2,30.0,30.0,0.016722378008125816,0.014490023000689689,1.5917471691025282,0.11725033819348041,0.36834636598648685,0.43983374224256866,0.3959283244040902,0.4240076371134539,0.5321470243819212,0.5722473400709729,0.3333333333333333
bulk,bo-ei@gp-poisson-cat,2,60.0,60.0,0.03221766700880835,0.02364583799499087,1.5745651485833652,0.11725033819348041,0.36834636598648685,0.43983374224256866,0.3959283244040902,0.4240076371134539,0.5128889896099074,0.5443351391945432,0.4166666666666667
bulk,bo-ei@gp-poisson-cat,2,120.0,120.0,0.06252450500323903,0.03948817199852783,1.5475674655907874,0.11725033819348041,0.4021933683259111,0.3458860008356204,0.3959283244040902,0.4240076371134539,0.4975075412527267,0.5234577811162624,0.4166666666666667
bulk,bo-ei@gp-poisson-cat,2,180.0,180.0,0.09312842400322552,0.0542973770025128,1.6533850837013686,0.11725033819348041,0.36834636598648685,0.3458860008356204,0.3959283244040902,0.4240076371134539,0.5095524756976939,0.5359911845578418,0.4166666666666667
bulk,bo-ei@gp-poisson-cat,2,240.0,240.0,0.12338382400412229,0.06609376402047928,1.6597350245501346,0.11725033819348041,0.36834636598648685,0.3458860008356204,0.3959283244040902,0.4240076371134539,0.5103338318514676,0.5381563255201994,0.4166666666666667
bulk,bo-ei@gp-poisson-cat,3,30.0,30.0,0.020464185989112593,0.019461200983641902,2.1158249883957843,0.0,0.16184653867216436,0.0,0.057213785049980426,0.03431632298416809,0.7102332378454115,0.2937993361266056,0.3333333333333333
bulk,bo-ei@gp-poisson-cat,3,60.0,60.0,0.040468791990861064,0.031103396988328313,2.2548057220021565,0.0,0.25528827818963085,0.20103273776993213,0.0,0.03431632298416809,0.6437946057768538,0.3253028890176923,0.3333333333333333
bulk,bo-ei@gp-poisson-cat,3,120.0,120.0,0.08138271599818836,0.05137101596483262,2.2617042175871958,0.0,0.25528827818963085,0.20103273776993213,0.0,0.03431632298416809,0.6433701361568195,0.31781971303301915,0.3333333333333333
bulk,bo-ei@gp-poisson-cat,3,180.0,180.0,0.12209349902332178,0.07110044896035106,2.2532682628169427,0.0,0.25528827818963085,0.20103273776993213,0.0,0.03431632298416809,0.6397100065035267,0.3224925260018102,0.3333333333333333
bulk,bo-ei@gp-poisson-cat,3,240.0,240.0,0.16523737203533528,0.08839280595566379,2.2537245225014577,0.0,0.25528827818963085,0.20103273776993213,0.0,0.03431632298416809,0.6396043998672748,0.322046182007175,0.3333333333333333
bulk,bo-ei@gp-poisson-cat,4,30.0,30.0,0.02204480401269393,0.01931856601004256,1.741611207787552,0.09546082567376357,0.0,0.0,0.0,0.0,0.3965006749167024,0.19016881894577578,0.5
bulk,bo-ei@gp-poisson-cat,4,60.0,60.0,0.042676060016674455,0.03145636601402657,1.8948731829912298,0.09546082567376357,0.0,0.0,0.0,0.0006204992361537043,0.5252171468727925,0.19836866209608017,0.5
bulk,bo-ei@gp-poisson-cat,4,120.0,120.0,0.08396421700672363,0.05211761201644549,1.9227230246721705,0.09546082567376357,0.0,0.0,0.0,0.0006204992361537043,0.5383761263214741,0.19840406996609453,0.5
bulk,bo-ei@gp-poisson-cat,4,180.0,180.0,0.12692789499851642,0.0727039230223454,1.9050929879895016,0.09546082567376357,0.0,0.0,0.0,0.0006204992361537043,0.5277460012048424,0.19799593632409695,0.5
bulk,bo-ei@gp-poisson-cat,4,240.0,240.0,0.17095025200251257,0.09112799803551752,1.9137118539942808,0.09546082567376357,0.0,0.0,0.0,0.0006204992361537043,0.5320210509371269,0.19795922398886892,0.5
bulk,bo-ei@gp-poisson-cat,5,30.0,30.0,0.020444076992134796,0.019698170995980036,2.065816869660969,0.0,0.1736659975358592,0.23626885902160322,0.2046995308691234,0.2418626928998987,0.43643632937726345,0.38812957547458293,0.5
bulk,bo-ei@gp-poisson-cat,5,60.0,60.0,0.040752530989266234,0.03232325099452282,2.048614012234534,0.0,0.1736659975358592,0.23626885902160322,0.2046995308691234,0.09571362528517657,0.41557598467753787,0.3845298872212234,0.5
bulk,bo-ei@gp-poisson-cat,5,120.0,120.0,0.08537509497182327,0.05435869501889101,2.0741537213778867,0.0,0.1736659975358592,0.23626885902160322,0.28949863575081625,0.2418626928998987,0.454100244201761,0.3879630764460919,0.5
bulk,bo-ei@gp-poisson-cat,5,180.0,180.0,0.12829391198829398,0.07510748003187473,2.1657168282046606,0.0,0.1736659975358592,0.23626885902160322,0.28949863575081625,0.2418626928998987,0.45587775817233017,0.422949423516837,0.5
bulk,bo-ei@gp-poisson-cat,5,240.0,240.0,0.17047167897544568,0.09198492304494721,2.151932762533128,0.0,0.1736659975358592,0.23626885902160322,0.28949863575081625,0.2418626928998987,0.4517511598664715,0.42038802784190693,0.5
bulk,bo-ei@gp-poisson-cat,6,30.0,30.0,0.015607848999934504,0.014222524005162995,1.1844262416187468,0.0,0.0780754520573207,0.0,0.019249937604791545,0.048765810464111325,0.2046552786355009,0.38062203754654106,0.25
bulk,bo-ei@gp-poisson-cat,6,60.0,60.0,0.031064435010193847,0.023402826005622046,1.2230849696848154,0.0,0.0780754520573207,0.0,0.019249937604791545,0.048765810464111325,0.23937063662620103,0.38847390877555094,0.25
bulk,bo-ei@gp-poisson-cat,6,120.0,120.0,0.06275163299869746,0.03907623900886392,1.1742389642370055,0.0,0.0780754520573207,0.0,0.019249937604791545,0.048765810464111325,0.1865573034619759,0.3850951615166799,0.25
bulk,bo-ei@gp-poisson-cat,6,180.0,180.0,0.09689099800380063,0.05502895400422858,1.1753373613043792,0.0,0.0780754520573207,0.0,0.019249937604791545,0.048765810464111325,0.1895488138578833,0.3859128520755644,0.25
bulk,bo-ei@gp-poisson-cat,6,240.0,240.0,0.12954574300238164,0.06788608001807006,1.1823987728290068,0.0,0.0780754520573207,0.0,0.019249937604791545,0.048765810464111325,0.1942677091128356,0.38026977601935247,0.5
bulk,bo-ei@gp-poisson-cat,7,30.0,30.0,0.015461034992767964,0.014038710000022547,1.9478987103726577,0.0,0.23284712921953865,0.22192267945103739,0.105627436220736,0.164920740687706,0.3809366721581585,0.2736411858720122,0.4166666666666667
bulk,bo-ei@gp-poisson-cat,7,60.0,60.0,0.030958874991483754,0.023635405996174086,1.9356622848550469,0.0,0.14162132743499978,0.02595155685613293,0.11720081158664741,0.164920740687706,0.3542817211197428,0.2618197280247077,0.5833333333333334
bulk,bo-ei@gp-poisson-cat,7,120.0,120.0,0.06934108999848831,0.04206932099259575,1.8957215572788657,0.0,0.11078645016984656,0.0,0.016397710014314115,0.08489528386908263,0.33800652397936476,0.2558635147651537,0.75
bulk,bo-ei@gp-poisson-cat,7,180.0,180.0,0.10204172200610628,0.058205624991387594,1.8629714539303563,0.0,0.11078645016984656,0.0,0.016397710014314115,0.08489528386908263,0.3075154931658917,0.2435013857687573,0.75
bulk,bo-ei@gp-poisson-cat,7,240.0,240.0,0.13579699900219566,0.07174066898733145,1.863372544668341,0.0,0.11078645016984656,0.11919275369141469,0.016397710014314115,0.08489528386908263,0.32219391169227113,0.24695866998289295,0.75
bulk,bo-ei@gp-poisson-cat,8,30.0,30.0,0.015413437999086455,0.014902659993822454,1.6125996500889324,0.0,0.10794479519987976,0.08647917797905791,-2.220446049250313e-16,-2.220446049250313e-16,0.4535233679861973,0.30740130541913013,0.5
bulk,bo-ei@gp-poisson-cat,8,60.0,60.0,0.031451459992240416,0.024798697981168516,1.5960411414562943,0.0,0.10794479519987976,0.08647917797905791,-2.220446049250313e-16,-2.220446049250313e-16,0.3725916657249715,0.3122592800752138,0.5
bulk,bo-ei@gp-poisson-cat,8,120.0,120.0,0.06628735799677088,0.04218902695356519,1.5858155522745643,0.0,0.0,0.03274912267043728,0.0,0.0,0.3226571816758972,0.36757728868223666,0.5
bulk,bo-ei@gp-poisson-cat,8,180.0,180.0,0.09985263800263056,0.058112759954383364,1.6157570466687075,0.0,0.0,0.03274912267043728,0.0,0.0,0.38391018401305715,0.376439933158901,0.5
bulk,bo-ei@gp-poisson-cat,8,240.0,240.0,0.13312957499874756,0.07094808294641552,1.614733372542111,0.0,0.0,0.03274912267043728,0.0,0.0,0.38200426998221826,0.37817462927766493,0.5
bulk,bo-ei@gp-poisson-cat,9,30.0,30.0,0.016065472995251184,0.0153386919919285,1.8829576233709535,0.1338463177732382,0.0,0.08611361017936259,0.07582669895769878,0.06501373690925805,0.38417014848346304,0.39199236362318673,0.5
bulk,bo-ei@gp-poisson-cat,9,60.0,60.0,0.033243964997382136,0.025517235004372196,1.8773692239895328,0.0,0.0,0.08611361017936259,0.07582669895769878,0.12008842220200233,0.31723696600205104,0.39495242768563216,0.5833333333333334
bulk,bo-ei@gp-poisson-cat,9,120.0,120.0,0.06658169601723785,0.043367615988245234,1.8775267092417194,0.0,0.0,0.08611361017936259,0.07582669895769878,0.11335338198109368,0.2934695884480885,0.38138343288998805,0.5833333333333334
bulk,bo-ei@gp-poisson-cat,9,180.0,180.0,0.10333624901250005,0.06216427997787832,1.9011091842472927,0.0,0.1764281658861907,0.08611361017936259,0.07582669895769878,0.11335338198109368,0.29832671069896144,0.37973132997464704,0.5833333333333334
bulk,bo-ei@gp-poisson-cat,9,240.0,240.0,0.1377437459959765,0.07677188998786733,1.8963782303332692,0.0,0.1764281658861907,0.08611361017936259,0.07582669895769878,0.11335338198109368,0.29239967141841466,0.37794695343194645,0.5833333333333334
bulk,bo-ei@gp-poisson-cat,10,30.0,30.0,0.021678411994798807,0.019361726994247874,3.2612481501731305,0.5573707674086739,0.6080021150179611,0.5327033019712816,0.0355049437738173,0.08169763913644468,1.3800305673737745,0.43345308706583363,0.25
bulk,bo-ei@gp-poisson-cat,10,60.0,60.0,0.04369118700560648,0.03219772199736326,3.5236411560227014,0.5573707674086739,0.6080021150179611,0.5327033019712816,0.0355049437738173,0.08169763913644468,1.4057236961396156,0.4269980616494572,0.25
bulk,bo-ei@gp-poisson-cat,10,120.0,120.0,0.08649925599456765,0.05394429800071521,3.607018591961282,0.5573707674086739,0.6080021150179611,0.5327033019712816,0.0355049437738173,0.08169763913644468,1.4061736985665307,0.4268893828504598,0.25
bulk,bo-ei@gp-poisson-cat,10,180.0,180.0,0.1287255230054143,0.07445220300360234,3.602322967984207,0.5573707674086739,0.6080021150179611,0.5327033019712816,0.0355049437738173,0.08169763913644468,1.4008013148285214,0.4270806380194558,0.25
bulk,bo-ei@gp-poisson-cat,10,240.0,240.0,0.17014161700717523,0.09156678797444329,3.536533637876411,0.5573707674086739,0.6080021150179611,0.5327033019712816,0.0355049437738173,0.08169763913644468,1.3880850179414985,0.42940845594943644,0.25
bulk,bo-ei@gp-poisson-cat,11,30.0,30.0,0.025508302001981065,0.023880381992057664,1.3884320859583754,0.0,0.0,0.0,0.0,0.015333400442710365,0.3537095145868294,0.5074258038243258,0.25
bulk,bo-ei@gp-poisson-cat,11,60.0,60.0,0.04762071198638296,0.03733449999708682,1.3622870151990032,0.0,0.0,0.0,0.0,0.015333400442710365,0.2195167238587026,0.5095094551881214,0.25
bulk,bo-ei@gp-poisson-cat,11,120.0,120.0,0.09205250798549969,0.06164306899881922,1.3554354516796285,0.0,0.0,0.0,0.0,0.015333400442710365,0.19074256575075313,0.5107481666894349,0.25
bulk,bo-ei@gp-poisson-cat,11,180.0,180.0,0.13382979195739608,0.08224602499467437,1.3555518361973933,0.0,0.0,0.0,0.0,0.015333400442710365,0.1908375247102255,0.5106677514035801,0.25
bulk,bo-ei@gp-poisson-cat,11,240.0,240.0,0.17997322896917467,0.10038053199605201,1.3557742489357718,0.0,0.0,0.0,0.0,0.015333400442710365,0.19124616848400858,0.5105836004148362,0.25
bulk,bo-ei@gp-poisson-cat,12,30.0,30.0,0.022899912008142564,0.0224850180093199,1.3750890829131583,0.0,0.021686973699409418,0.021748017796422436,0.030681313338116856,0.0002735985802798657,0.4062182935132877,0.411267621144533,0.25
bulk,bo-ei@gp-poisson-cat,12,60.0,60.0,0.04513755200605374,0.0368740750127472,1.4094112637748564,0.0,0.03415378916745715,0.032304596452407464,0.030681313338116856,0.0002735985802798657,0.4283269372929548,0.41995241524803445,0.3333333333333333
bulk,bo-ei@gp-poisson-cat,12,120.0,120.0,0.08893292200082215,0.05790076400444377,1.371774888010946,0.0,0.03415378916745715,0.032304596452407464,0.030681313338116856,0.0002735985802798657,0.35880466581730247,0.39880643035419444,0.4166666666666667
bulk,bo-ei@gp-poisson-cat,12,180.0,180.0,0.13105183700463385,0.0778768790223694,1.3720815233291515,0.0,0.03415378916745715,0.032304596452407464,0.030681313338116856,0.0002735985802798657,0.3571188735672055,0.39877298124930044,0.4166666666666667
bulk,bo-ei@gp-poisson-cat,12,240.0,240.0,0.17385991899573128,0.09507275400028448,1.3716731217272642,0.0,0.03415378916745715,0.032304596452407464,0.030681313338116856,0.0002735985802798657,0.3589934545894037,0.3988113798069186,0.4166666666666667
bulk,bo-ei@gp-poisson-cat,13,30.0,30.0,0.02254896600425127,0.021197161004238296,1.7636762590276416,0.0,0.0,0.011612958187048106,0.0,0.0014159229476433666,0.33831794861677056,0.35836677486301427,0.3333333333333333
bulk,bo-ei@gp-poisson-cat,13,60.0,60.0,0.04411123501267866,0.036592286014638375,1.705609006585502,0.0,0.053706787649347,0.0,0.0,0.0014159229476433666,0.2515435533408383,0.37050568575027226,0.5
bulk,bo-ei@gp-poisson-cat,13,120.0,120.0,0.08678730902465759,0.05854280601852224,1.6935944222149262,0.0,0.053706787649347,0.0,0.0,0.0014159229476433666,0.22691770162315833,0.3619968390687498,0.6666666666666666
bulk,bo-ei@gp-poisson-cat,13,180.0,180.0,0.12977657203373383,0.08082465100233094,1.6144056029985208,0.0,0.0,0.0,0.0,0.0014159229476433666,0.17628217480522146,0.30226854508197437,0.75
bulk,bo-ei@gp-poisson-cat,13,240.0,240.0,0.17879211805848172,0.10225379699477344,1.6057241412776937,0.0,0.0,0.0,0.0,0.0014159229476433666,0.16184943168542812,0.2888389606917072,0.75
bulk,bo-ei@gp-poisson-cat,14,30.0,30.0,0.02243155800169916,0.020788822988834,2.0921464728585275,0.0,0.0,0.029198045901863146,0.054109984158031144,0.0024646190702685145,0.4523572864270874,0.38970095380036746,0.25
bulk,bo-ei@gp-poisson-cat,14,60.0,60.0,0.04412826801490155,0.033837082988611655,2.0883977025777227,0.0,0.0,0.029198045901863146,0.06284765763582012,0.06499952064910353,0.46014651228476505,0.38107233683075,0.4166666666666667
bulk,bo-ei@gp-poisson-cat,14,120.0,120.0,0.08620320502086543,0.05376271097702556,2.107049649426283,0.0,0.0,0.029198045901863146,0.06284765763582012,0.06499952064910353,0.4798762666058258,0.38710218901996785,0.5
bulk,bo-ei@gp-poisson-cat,14,180.0,180.0,0.12760028903721832,0.07388086897117319,2.0787301630572204,0.0,0.0,0.06635758616684628,0.06284765763582012,0.06499952064910353,0.4162271593577888,0.3564020699414511,0.5833333333333334
bulk,bo-ei@gp-poisson-cat,14,240.0,240.0,0.17319264105390175,0.0928326259709138,2.0663242808788964,0.0,0.0,0.06635758616684628,0.06284765763582012,0.06354261265927086,0.3967462284343615,0.3478286967218111,0.6666666666666666
bulk,bo-ei@gp-poisson-cat,15,30.0,30.0,0.02338966799652553,0.019670975001645274,2.8401704553580625,0.3151542703797082,0.42914986738401906,0.46915010433239634,0.05759859399144407,0.053104474487952524,1.1541819763297478,0.42333646407304004,0.16666666666666666
bulk,bo-ei@gp-poisson-cat,15,60.0,60.0,0.04428810199169675,0.03170510700147133,2.850765282988513,0.3151542703797082,0.42914986738401906,0.46915010433239634,0.05759859399144407,0.053104474487952524,1.1495749579713295,0.4254076430335605,0.16666666666666666
bulk,bo-ei@gp-poisson-cat,15,120.0,120.0,0.08716602500135195,0.05234966798889218,2.846750879007915,0.3151542703797082,0.42914986738401906,0.46915010433239634,0.05759859399144407,0.053104474487952524,1.1465277070817712,0.43000983037976004,0.16666666666666666
bulk,bo-ei@gp-poisson-cat,15,180.0,180.0,0.12859248197855777,0.0720997909847938,2.4676335744196805,0.3151542703797082,0.42914986738401906,0.46915010433239634,0.05759859399144407,0.053104474487952524,1.1232552921350238,0.4155995151896833,0.25
bulk,bo-ei@gp-poisson-cat,15,240.0,240.0,0.174233709982218,0.09117066497856285,2.4741019062517675,0.3151542703797082,0.5462672546815555,0.46915010433239634,0.05759859399144407,0.053104474487952524,1.1253338909148172,0.41485026990327056,0.25
bulk,bo-ei@gp-poisson-cat,16,30.0,30.0,0.021993960988766048,0.020837251002376433,1.3719188263608473,0.0,0.0,0.0,0.0,0.0,0.2202620680330528,0.4919688295245209,0.25
bulk,bo-ei@gp-poisson-cat,16,60.0,60.0,0.044454363986005774,0.034531356002844404,1.3721175989013084,0.0,0.0,0.0,0.0,0.0,0.3134787983640574,0.49686159641235483,0.3333333333333333
bulk,bo-ei@gp-poisson-cat,16,120.0,120.0,0.08787921597468085,0.05588168699978269,1.3528546658261138,0.0,0.0,0.0,0.0,0.0,0.2210326182581646,0.47388729007265923,0.3333333333333333
bulk,bo-ei@gp-poisson-cat,16,180.0,180.0,0.13156520498159807,0.07809840298796189,1.327243418566885,0.0,0.09623127030169532,0.0,0.0,0.0,0.24471371593514976,0.47784658792286516,0.4166666666666667
bulk,bo-ei@gp-poisson-cat,16,240.0,240.0,0.18379636898680474,0.09924523599329405,1.3253318320475171,0.0,0.09623127030169532,0.0,0.0,0.0,0.24632319303965922,0.4779940271174796,0.4166666666666667
bulk,bo-ei@gp-poisson-cat,17,30.0,30.0,0.017048506993887713,0.015434694007126382,2.4009753845554855,0.20249151316651715,0.34805393084538316,0.16623504742303774,0.07952195499347292,1.1102230246251565e-16,0.5232947080590995,0.6014367929599244,0.25
bulk,bo-ei@gp-poisson-cat,17,60.0,60.0,0.03374520599390962,0.02600809501018375,2.321949656150633,0.20249151316651715,0.34805393084538316,0.16623504742303774,0.07952195499347292,1.1102230246251565e-16,0.5012314148707894,0.5599327675929479,0.25
bulk,bo-ei@gp-poisson-cat,17,120.0,120.0,0.06605484499232261,0.04336380900349468,2.1755770619084154,0.20249151316651715,0.34805393084538316,0.16623504742303774,0.07952195499347292,1.1102230246251565e-16,0.4733507705583295,0.5101197004118517,0.25
bulk,bo-ei@gp-poisson-cat,17,180.0,180.0,0.09857829801330809,0.06011746501462767,1.6919684790384064,0.20249151316651715,0.10987939563686988,0.22575249845751888,0.07952195499347292,0.15055308420527735,0.3436953721953169,0.4273127194927311,0.4166666666666667
bulk,bo-ei@gp-poisson-cat,17,240.0,240.0,0.131408179000573,0.07499047000601422,1.711750108613404,0.20249151316651715,0.10987939563686988,0.22575249845751888,0.07952195499347292,0.15055308420527735,0.3504137009816891,0.4321487490354535,0.4166666666666667
bulk,bo-ei@gp-poisson-cat,18,30.0,30.0,0.016652609010634478,0.014727750000020023,0.8138226236460878,0.40356190241806267,0.28205410232321504,0.0,0.05484691524211083,0.06184028198062608,0.10845945777224611,0.33227970898212017,0.25
bulk,bo-ei@gp-poisson-cat,18,60.0,60.0,0.03314668200982851,0.02470697299213498,0.8142324553850832,0.40356190241806267,0.28205410232321504,0.0,0.05484691524211083,0.06184028198062608,0.10799842395269167,0.32951550055747353,0.25
bulk,bo-ei@gp-poisson-cat,18,120.0,120.0,0.06587089599997853,0.0424405819758249,0.8030916377549208,0.0,0.0,0.0,0.05484691524211083,0.06184028198062608,0.0788581341040004,0.4185083358020573,0.5833333333333334
bulk,bo-ei@gp-poisson-cat,18,180.0,180.0,0.0990152050035249,0.060831603965198155,0.7861756708804059,0.0,0.0,0.0,0.05484691524211083,0.06184028198062608,0.06769538951258124,0.38904417172102984,0.5833333333333334
bulk,bo-ei@gp-poisson-cat,18,240.0,240.0,0.1331969420061796,0.07642998395385803,0.7922953365415931,0.0,0.0,0.0,0.05484691524211083,0.06184028198062608,0.07308969756847779,0.38706505568468985,0.6666666666666666
bulk,bo-ei@gp-poisson-cat,19,30.0,30.0,0.016739879993110662,0.015454793996468652,2.054357922497547,0.013624656549291458,0.2969081180605402,0.3270044729819186,0.3463563147922244,0.2322015956419915,0.8239094876537657,0.39864797018396964,0.5833333333333334
bulk,bo-ei@gp-poisson-cat,19,60.0,60.0,0.032941263998509385,0.0254874659840425,2.083614305183962,0.013624656549291458,0.2969081180605402,0.3270044729819186,0.3463563147922244,0.2322015956419915,0.8388021109446283,0.39115130730573944,0.5833333333333334
bulk,bo-ei@gp-poisson-cat,19,120.0,120.0,0.06608229499761364,0.04222723997736466,2.0622682157301173,0.013624656549291458,0.2969081180605402,0.3270044729819186,0.3463563147922244,0.2322015956419915,0.8245318548559548,0.3722756552800206,0.6666666666666666
bulk,bo-ei@gp-poisson-cat,19,180.0,180.0,0.09954910600936273,0.0593834599640104,2.027229228869362,0.013624656549291458,0.2969081180605402,0.07936228676093804,0.08677395418388911,0.11845819303476857,0.7214246964377422,0.35577411613597487,0.6666666666666666
bulk,bo-ei@gp-poisson-cat,19,240.0,240.0,0.13644371001646505,0.07561299397275434,1.9190066458826858,0.013624656549291458,0.2969081180605402,0.22655612141004133,0.0,0.0,0.6421505654726356,0.34483621216614635,0.6666666666666666
bulk,bo-ei@gp-poisson-cat,20,30.0,30.0,0.02204644900484709,0.02064182998947217,1.8641304509766126,0.0,0.21420036917432483,0.2262531946058336,0.029454721013035257,0.002555020552324039,0.6621756137626037,0.44651360672794993,0.4166666666666667
bulk,bo-ei@gp-poisson-cat,20,60.0,60.0,0.04311909001262393,0.033330467995256186,1.8157620215938444,0.0,0.21420036917432483,0.020082755897507965,0.029454721013035257,0.002555020552324039,0.562524834556563,0.4278952539440824,0.4166666666666667
bulk,bo-ei@gp-poisson-cat,20,120.0,120.0,0.10789995401501074,0.0664335989895335,1.8079796078222226,0.0,0.21420036917432483,0.020082755897507965,0.029454721013035257,0.002555020552324039,0.546039090813802,0.4016826982112354,0.5
bulk,bo-ei@gp-poisson-cat,20,180.0,180.0,0.15309763302502688,0.09000711400949513,1.8069175520477059,0.0,0.21420036917432483,0.020082755897507965,0.029454721013035257,0.002555020552324039,0.5447256726960896,0.4018173667360271,0.5
bulk,bo-ei@gp-poisson-cat,20,240.0,240.0,0.19709164404775947,0.10714863398243324,1.807986015112092,0.0,0.21420036917432483,0.020082755897507965,0.029454721013035257,0.002555020552324039,0.5452992599353648,0.40184410154132344,0.5
bulk,bo-ei@gp-poisson-cat,21,30.0,30.0,0.016144820005138172,0.01423909700315562,1.686832907070042,0.21081780755083734,0.2831579127290075,0.4259218997821981,0.36926883627024276,0.05297016328520032,0.4686009822976569,0.4540723496421761,0.25
bulk,bo-ei@gp-poisson-cat,21,60.0,60.0,0.032201467009144835,0.02390969099724316,1.9829645038417192,0.21081780755083734,0.2831579127290075,0.4259218997821981,0.36926883627024276,0.05297016328520032,0.4769187982803478,0.4668703366486974,0.25
bulk,bo-ei@gp-poisson-cat,21,120.0,120.0,0.06973337899398757,0.0441368229840009,1.9810109537768306,0.21081780755083734,0.2831579127290075,0.4259218997821981,0.36926883627024276,0.05297016328520032,0.4727945003148834,0.46449011293186876,0.25
bulk,bo-ei@gp-poisson-cat,21,180.0,180.0,0.11227368099207524,0.06577634798668441,2.219853076486101,0.21081780755083734,0.2831579127290075,0.4259218997821981,0.36926883627024276,0.05297016328520032,0.47448444642272325,0.47132714013765575,0.25
bulk,bo-ei@gp-poisson-cat,21,240.0,240.0,0.1437228759714344,0.0783545499725733,2.2159846994266346,0.21081780755083734,0.2831579127290075,0.4259218997821981,0.36926883627024276,0.05297016328520032,0.4742268337570162,0.4701985192531337,0.25
bulk,bo-ei@gp-poisson-cat,22,30.0,30.0,0.023750568991090404,0.021646207009325735,1.154531594168765,0.0,0.0,0.0,0.01133212296564401,0.03387844389850869,0.17346633423829716,0.31635412450519085,0.16666666666666666
bulk,bo-ei@gp-poisson-cat,22,60.0,60.0,0.04543997298969771,0.034980423013621476,1.1555439043690139,0.0,0.0,0.0,0.01133212296564401,0.03387844389850869,0.19255100017779528,0.3169353733984754,0.16666666666666666
bulk,bo-ei@gp-poisson-cat,22,120.0,120.0,0.09068474201194476,0.0583918830161565,1.1383090199218762,0.0,0.0,0.0,0.01133212296564401,0.03387844389850869,0.1638711379562361,0.31730476209598224,0.25
bulk,bo-ei@gp-poisson-cat,22,180.0,180.0,0.1311955440105521,0.07797255701370887,1.274265765056497,0.0,0.0,0.0,0.01133212296564401,0.03387844389850869,0.28667812423119626,0.4602744807528502,0.25
bulk,bo-ei@gp-poisson-cat,22,240.0,240.0,0.1717472650052514,0.09391365800547646,1.2761689992094836,0.0,0.0,0.0,0.01133212296564401,0.03387844389850869,0.2906758818082908,0.46173302040062075,0.25
bulk,bo-ei@gp-poisson-cat,23,30.0,30.0,0.02578139202159946,0.024230873994383728,1.9445194901413612,0.13119808897110796,0.23705579967849544,0.057648555700188675,0.047122060983008085,0.14580058448623634,0.24785631422807153,0.4907056616945707,0.16666666666666666
bulk,bo-ei@gp-poisson-cat,23,60.0,60.0,0.04775878302461933,0.0387105550034903,2.0005709528086357,0.13119808897110796,0.23705579967849544,0.057648555700188675,0.047122060983008085,0.14580058448623634,0.23906311590708587,0.5174937935505868,0.16666666666666666
bulk,bo-ei@gp-poisson-cat,23,120.0,120.0,0.09000711400585715,0.06161792600323679,2.037327822817591,0.13119808897110796,0.23705579967849544,0.057648555700188675,0.047122060983008085,0.14580058448623634,0.23799291188968602,0.5341954310877369,0.16666666666666666
bulk,bo-ei@gp-poisson-cat,23,180.0,180.0,0.13436864100003731,0.08394189401587937,2.0810658297938684,0.13119808897110796,0.23705579967849544,0.057648555700188675,0.047122060983008085,0.14580058448623634,0.2397186680650323,0.5550443179513959,0.16666666666666666
bulk,bo-ei@gp-poisson-cat,23,240.0,240.0,0.18192999999519088,0.10423413001626614,2.054336082245518,0.13119808897110796,0.23705579967849544,0.057648555700188675,0.047122060983008085,0.14580058448623634,0.23771323970570593,0.5412775596621696,0.16666666666666666
bulk,bo-ei@gp-poisson-cat,24,30.0,30.0,0.02436929298346513,0.02332819198636571,1.4870821932279812,0.0,0.0,0.16317524349024204,0.13534423083561564,0.1361816154411727,0.3556324600643076,0.47587680543957883,0.5
bulk,bo-ei@gp-poisson-cat,24,60.0,60.0,0.04651391498919111,0.03684323498964659,1.4452937067224287,0.0,0.0,0.16317524349024204,0.13534423083561564,0.1361816154411727,0.2801077537840551,0.39911431362503674,0.5
bulk,bo-ei@gp-poisson-cat,24,120.0,120.0,0.08822673198301345,0.05907423399185063,1.40638456968988,0.0,0.0,0.16317524349024204,0.13534423083561564,0.1361816154411727,0.21248078133232776,0.36059718042942507,0.5
bulk,bo-ei@gp-poisson-cat,24,180.0,180.0,0.12962452600550023,0.07917812297819182,1.3999741000894848,0.0,0.0,0.023989748424188884,0.13534423083561564,0.1361816154411727,0.2035403447327975,0.35534870582967876,0.5
bulk,bo-ei@gp-poisson-cat,24,240.0,240.0,0.17370796400427935,0.09756387198285665,1.3945561310517325,0.0,0.0,0.023989748424188884,0.13534423083561564,0.1361816154411727,0.1932573028442095,0.34649751443349625,0.5
bulk,bo-ei@gp-poisson-cat,25,30.0,30.0,0.023598605002916884,0.021935343989753164,2.185679687887838,0.0,0.0,0.08178963094100566,0.14008696156364508,0.09202885450216991,0.5842805119724814,0.2021791012108543,0.5
bulk,bo-ei@gp-poisson-cat,25,60.0,60.0,0.04521435200513224,0.03567124097389751,2.1854427329895687,0.0,0.0,0.0,0.042747120493093926,0.09202885450216991,0.7859534485032296,0.209488067142943,0.5833333333333334
bulk,bo-ei@gp-poisson-cat,25,120.0,120.0,0.0883620660060842,0.05821938496592338,1.9945572478643872,0.0,0.0,0.04411445270867598,0.00881038569320014,0.03920251163013988,0.29474398965520515,0.16590343363612847,0.6666666666666666
bulk,bo-ei@gp-poisson-cat,25,180.0,180.0,0.1326917419937672,0.07979408296887414,1.996411734660084,0.0,0.0,0.04411445270867598,0.00881038569320014,0.03920251163013988,0.2974916115555142,0.1659878285215597,0.6666666666666666
bulk,bo-ei@gp-poisson-cat,25,240.0,240.0,0.1764232809873647,0.09740884196435218,1.9782285612381845,0.0,0.0,0.04411445270867598,0.00881038569320014,0.03920251163013988,0.2905016668892291,0.15331726933381415,0.6666666666666666
bulk,bo-ei@gp-poisson-cat,26,30.0,30.0,0.01923739500125521,0.016838517993164714,1.678855317841857,0.0,0.07803704856012417,0.12390880500024182,0.2531490834856662,0.048876935265202426,0.40990533972334975,0.622632123831579,0.3333333333333333
bulk,bo-ei@gp-poisson-cat,26,60.0,60.0,0.03729533200385049,0.02881819197864388,1.6514788965853906,0.0,0.07803704856012417,0.12390880500024182,0.2531490834856662,0.048876935265202426,0.399013423199556,0.6119467180372815,0.4166666666666667
bulk,bo-ei@gp-poisson-cat,26,120.0,120.0,0.06900088600013987,0.04580394198274007,1.4666425284523381,0.0,0.0,0.0,0.0,0.048876935265202204,0.19192896142518362,0.5762156903271319,0.5
bulk,bo-ei@gp-poisson-cat,26,180.0,180.0,0.10143541899742559,0.06249125699105207,1.453260069652422,0.0,0.0,0.0,0.0,0.048876935265202204,0.17378417267523238,0.5682395617304393,0.5
bulk,bo-ei@gp-poisson-cat,26,240.0,240.0,0.13421246702273493,0.07557757998074521,1.4722973235489338,0.0,0.0,0.0,0.0,0.048876935265202204,0.18203389838418613,0.5742485822249042,0.5
bulk,bo-ei@gp-poisson-cat,27,30.0,30.0,0.0261501189925184,0.0253659160080133,2.1850035048795826,0.0,0.0,0.08145137173989814,0.08135713937288302,0.11202818992499508,0.8506237693768431,0.3573403788571882,0.25
bulk,bo-ei@gp-poisson-cat,27,60.0,60.0,0.04827759098770912,0.038911940002435585,2.1829483113593473,0.0,0.0,0.08145137173989814,0.08135713937288302,0.11202818992499508,0.9282830339079993,0.3638222023550581,0.3333333333333333
bulk,bo-ei@gp-poisson-cat,27,120.0,120.0,0.08935765100250137,0.05848153299666592,2.1929356511552354,0.0,0.0,0.08145137173989814,0.08135713937288302,0.11202818992499508,0.9640885427501299,0.36385809310312883,0.3333333333333333
bulk,bo-ei@gp-poisson-cat,27,180.0,180.0,0.1325445989787113,0.07947828900432796,2.1215158740919553,0.0,0.0,0.08145137173989814,0.08135713937288302,0.0,0.8192144957983513,0.3444112144429184,0.4166666666666667
bulk,bo-ei@gp-poisson-cat,27,240.0,240.0,0.17544450999048422,0.09693886100649252,2.110812437161547,0.0,0.0,0.08145137173989814,0.08135713937288302,0.0,0.7738605104462235,0.34441176397238804,0.4166666666666667
bulk,bo-ei@gp-poisson-cat,28,30.0,30.0,0.02346292099900893,0.02355575600086013,2.3036286832352464,0.0,0.062279563575025176,0.1809084120837281,0.3250316307332023,0.32965214816828126,0.8900646139671584,0.4323427013561647,0.3333333333333333
bulk,bo-ei@gp-poisson-cat,28,60.0,60.0,0.044632356002693996,0.03684516402063309,2.034038309013733,0.0,0.062279563575025176,0.013892072926463883,0.10747216362649081,0.17340619735334417,0.6883609854953073,0.3466885938659303,0.6666666666666666
bulk,bo-ei@gp-poisson-cat,28,120.0,120.0,0.0856717330061656,0.0576389280067815,2.0589874570010838,0.0,0.062279563575025176,0.1809084120837281,0.10747216362649059,0.17340619735334406,0.7177889490726063,0.33911529940824786,0.75
bulk,bo-ei@gp-poisson-cat,28,180.0,180.0,0.1279024279974692,0.0789336839952739,1.9879069407679608,0.0,0.062279563575025176,0.013892072926463883,0.10747216362649081,0.17340619735334417,0.6138462221446025,0.31806969688834197,0.75
bulk,bo-ei@gp-poisson-cat,28,240.0,240.0,0.17010812200896908,0.09656674800862675,1.8890855520252388,0.0,0.062279563575025176,0.013892072926463883,0.0,0.0,0.4034184845103643,0.3054617153881184,0.75
bulk,bo-ei@gp-poisson-cat,29,30.0,30.0,0.017006000998662785,0.016526122017239686,1.8691837887898857,0.0,0.0,0.03194717220836074,0.11316824372198753,0.0777595927101864,0.5396980828700971,0.45076415052935953,0.5
bulk,bo-ei@gp-poisson-cat,29,60.0,60.0,0.03306837799755158,0.026313965016015572,1.8873936558317774,0.0,0.0,0.03194717220836074,0.11316824372198753,0.07718343869051991,0.5635726388542185,0.4598213676810314,0.5833333333333334
bulk,bo-ei@gp-poisson-cat,29,120.0,120.0,0.0663464869830932,0.042899962016235804,1.847356985876467,0.0,0.0,0.03194717220836074,0.11316824372198753,0.07718343869051991,0.4986794074955085,0.43405849709883926,0.6666666666666666
bulk,bo-ei@gp-poisson-cat,29,180.0,180.0,0.09984333899774356,0.05980303201431525,1.7492364948256574,0.0,0.0,0.03194717220836074,0.11316824372198753,0.0777595927101864,0.4086017735113105,0.42337912757637497,0.6666666666666666
bulk,bo-ei@gp-poisson-cat,29,240.0,240.0,0.1336476610013051,0.07380707702395739,1.7694490820626803,0.0,0.0,0.03194717220836074,0.02762468593994405,0.0777595927101864,0.424852381672605,0.4378817682678203,0.6666666666666666
bulk,bo-ei@gp-poisson-cat,30,30.0,30.0,0.016563986999244662,0.017677642019407358,2.223014169345443,0.0,0.10999269531777167,0.0197657602044361,0.041541193901116324,0.046405637294349655,0.7165815630955583,0.4629003558273325,0.16666666666666666
bulk,bo-ei@gp-poisson-cat,30,60.0,60.0,0.0332219960000657,0.02811267101424164,2.2401418385304956,0.0,0.10999269531777167,0.0197657602044361,0.041541193901116324,0.046405637294349655,0.7040021477685763,0.4592545141410864,0.25
bulk,bo-ei@gp-poisson-cat,30,120.0,120.0,0.06650039499800187,0.045348935993388295,2.1944880288286552,0.0,0.0,0.027908772899468137,0.04773547983488913,0.05846157715018274,0.5717986718073287,0.4370116617801376,0.3333333333333333
bulk,bo-ei@gp-poisson-cat,30,180.0,180.0,0.09998268999697757,0.0625869449977472,2.1818594241565,0.0,0.0,0.027908772899468137,0.04773547983488913,0.05846157715018274,0.5876869305484624,0.43829500301446905,0.4166666666666667
bulk,bo-ei@gp-poisson-cat,30,240.0,240.0,0.13293956099732895,0.07564017099139164,2.182048080039974,0.0,0.0,0.027908772899468137,0.04773547983488913,0.05846157715018274,0.577003046127013,0.43829468162518165,0.4166666666666667
bulk,bo-ei@gp-poisson-cat,31,30.0,30.0,0.021193419004703173,0.018979140997544164,2.277514391061508,0.0,0.2382762539420289,0.28477841936924686,0.33933030424996935,0.2291752726883476,0.4577487861789699,0.4389019792090335,0.25
bulk,bo-ei@gp-poisson-cat,31,60.0,60.0,0.042133228002057876,0.03132640900003025,2.178620948859266,0.0,0.2382762539420289,0.28477841936924686,0.33933030424996935,0.2291752726883476,0.427036641819951,0.4498717938751271,0.25
bulk,bo-ei@gp-poisson-cat,31,120.0,120.0,0.08574912599942763,0.05403075599679141,2.0184312705456917,0.0,0.2382762539420289,0.28477841936924686,0.33933030424996935,0.2291752726883476,0.39929574900616693,0.4398184926654301,0.5833333333333334
bulk,bo-ei@gp-poisson-cat,31,180.0,180.0,0.1296543309908884,0.07616431098358589,2.0448556718082624,0.0,0.2382762539420289,0.28477841936924686,0.33933030424996935,0.2291752726883476,0.40449657861440275,0.43739792824893814,0.5833333333333334
bulk,bo-ei@gp-poisson-cat,31,240.0,240.0,0.1726123279768217,0.09356435898371274,2.05215927003046,0.0,0.2382762539420289,0.28477841936924686,0.33933030424996935,0.2291752726883476,0.4054982726691685,0.43415405659882433,0.6666666666666666
bulk,bo-ei@gp-poisson-cat,32,30.0,30.0,0.01616588799515739,0.015507193009398179,2.0805379630448546,0.0,0.03314572155992468,0.0,0.019042700975496207,0.015189183395066141,0.5645584958016963,0.45371586356494426,0.3333333333333333
bulk,bo-ei@gp-poisson-cat,32,60.0,60.0,0.035348669000086375,0.026484540008823387,1.995073398004422,0.0,0.03314572155992468,0.11652665134227669,0.001668986130187733,0.016648314999386682,0.5048401084427798,0.4448102684037942,0.5833333333333334
bulk,bo-ei@gp-poisson-cat,32,120.0,120.0,0.06912070799444336,0.04403917200761498,2.0400468808236303,0.0,0.03314572155992468,0.11652665134227669,0.001668986130187733,0.016648314999386682,0.5885336762036839,0.46308605466989494,0.5833333333333334
bulk,bo-ei@gp-poisson-cat,32,180.0,180.0,0.10708366600374575,0.06219799099926604,1.9775828921894487,0.0,0.03314572155992468,0.11652665134227669,0.09957312980862609,0.0,0.5193032438513688,0.455240920795255,0.5833333333333334
bulk,bo-ei@gp-poisson-cat,32,240.0,240.0,0.1415398930075753,0.07630606499151327,1.9735485572874565,0.0,0.03314572155992468,0.11652665134227669,0.09957312980862609,0.0,0.5113706952391366,0.45481758904317743,0.5833333333333334
bulk,bo-ei@gp-poisson-cat,33,30.0,30.0,0.02157863300453755,0.020009487994684605,1.9271797135815218,0.13018507767653065,0.0,0.038614398775764225,0.0,0.07275720756512793,0.4634242243488268,0.46424925014681234,0.3333333333333333
bulk,bo-ei@gp-poisson-cat,33,60.0,60.0,0.045565566015284276,0.034120462001737906,1.9433465010072084,0.13018507767653065,0.0,0.038614398775764225,0.0,0.07275720756512793,0.4451058046043797,0.4770276895999653,0.3333333333333333
bulk,bo-ei@gp-poisson-cat,33,120.0,120.0,0.08785637101027532,0.056262906993651995,1.8499118722497434,0.13018507767653065,0.0,0.038614398775764225,0.0,0.05157533141990789,0.32279681829179596,0.4422093899256549,0.4166666666666667
bulk,bo-ei@gp-poisson-cat,33,180.0,180.0,0.13058928102327627,0.07804747800400946,1.8226504197025701,0.0,0.0,0.038614398775764225,0.0,0.05157533141990789,0.2554930666475816,0.4320534345833905,0.4166666666666667
bulk,bo-ei@gp-poisson-cat,33,240.0,240.0,0.1768762590290862,0.09781779399418156,1.8228768352550864,0.0,0.0,0.038614398775764225,0.0,0.05157533141990789,0.24885137693993425,0.4320116002230734,0.4166666666666667
bulk,bo-ei@gp-poisson-cat,34,30.0,30.0,0.02092866300517926,0.021017281000240473,2.1132332352810317,0.46517211938220837,0.5196062186276453,0.4637245024826364,0.47710240082197997,0.09630104352808033,0.7300793487626664,0.3937293596852249,0.4166666666666667
bulk,bo-ei@gp-poisson-cat,34,60.0,60.0,0.04237298900261521,0.03483400199911557,1.8036836156095497,0.0,0.0,0.07416692577238249,0.1363866505222706,0.09630104352808033,0.3457325178383781,0.31372783755458455,0.5
bulk,bo-ei@gp-poisson-cat,34,120.0,120.0,0.08397968698773184,0.0573368709992792,1.7469573235074787,0.0,0.0,0.07416692577238249,0.1363866505222706,0.0653507301141506,0.3191212945685231,0.3017367072463124,0.5833333333333334
bulk,bo-ei@gp-poisson-cat,34,180.0,180.0,0.13129572698380798,0.08061943599386723,1.7328091424641647,0.0,0.0,0.07416692577238249,0.1363866505222706,0.0653507301141506,0.30189509147303334,0.29294177688916123,0.5833333333333334
bulk,bo-ei@gp-poisson-cat,34,240.0,240.0,0.17339488900324795,0.0976814490131801,1.69736454414424,0.0,0.0,0.07416692577238249,0.030996611287202547,0.0653507301141506,0.2513090416773215,0.27910528075916463,0.5833333333333334
bulk,bo-ei@gp-poisson-cat,35,30.0,30.0,0.016997475999232847,0.016333883006154792,2.1243420932418062,0.0,0.0,0.21254784540360372,0.18976618891990638,0.006847707704469741,1.082424270867067,0.3159626431674687,0.3333333333333333
bulk,bo-ei@gp-poisson-cat,35,60.0,60.0,0.0345735429909837,0.02692475299772923,2.1942979590191336,0.0,0.0,0.21254784540360372,0.18976618891990638,0.18214034314968097,1.126015487124139,0.33937807962387356,0.3333333333333333
bulk,bo-ei@gp-poisson-cat,35,120.0,120.0,0.07377341698884265,0.04523335500925896,2.177167379974151,0.0,0.0,0.13140002124215266,0.18976618891990638,0.18214034314968097,1.1143374245823443,0.3540074154923031,0.5
bulk,bo-ei@gp-poisson-cat,35,180.0,180.0,0.106881585001247,0.06079180101369275,2.1631643924935036,0.0,0.0,0.13140002124215266,0.18976618891990638,0.18214034314968097,1.1010331984018396,0.34547059674883834,0.5
bulk,bo-ei@gp-poisson-cat,35,240.0,240.0,0.13948724298461457,0.07340298300186987,2.1625967788747453,0.0,0.0,0.13140002124215266,0.18976618891990638,0.18214034314968097,1.1000944654377427,0.3454482224385826,0.5
bulk,bo-ei@gp-poisson-cat,36,30.0,30.0,0.01685480599553557,0.01621021400205791,2.6667455454717754,0.4834803781595589,0.4113857117893147,0.3687057322799574,0.09523031563431628,0.028767929082627153,0.4932191635739435,0.5965780220835107,0.25
bulk,bo-ei@gp-poisson-cat,36,60.0,60.0,0.03399663999516633,0.02668280599755235,2.599791812052831,0.4834803781595589,0.4113857117893147,0.3687057322799574,0.09523031563431628,0.028767929082627153,0.48355521017256864,0.570704376143658,0.25
bulk,bo-ei@gp-poisson-cat,36,120.0,120.0,0.06899241900464403,0.045884925002610544,3.0324646576747107,0.4834803781595589,0.4113857117893147,0.3687057322799574,0.09523031563431628,0.028767929082627153,0.5192874942097645,0.6591594354415105,0.25
bulk,bo-ei@gp-poisson-cat,36,180.0,180.0,0.10314383501827251,0.06532058001539554,2.996691324519116,0.4834803781595589,0.4113857117893147,0.3687057322799574,0.09523031563431628,0.028767929082627153,0.5138807502380492,0.6472603587207044,0.25
bulk,bo-ei@gp-poisson-cat,36,240.0,240.0,0.14094592201217893,0.08072266502131242,3.013837385084108,0.4834803781595589,0.4113857117893147,0.3687057322799574,0.09523031563431628,0.028767929082627153,0.5156556963694527,0.6514180272589497,0.25
bulk,bo-ei@gp-poisson-cat,37,30.0,30.0,0.02174872199248057,0.020818546996451914,3.1067135385504,0.18340538975113352,0.09793574789343917,0.0,0.03417737139082255,-2.220446049250313e-16,1.3038483707410204,0.5089864095272318,0.25
bulk,bo-ei@gp-poisson-cat,37,60.0,60.0,0.04303347700260929,0.03336773299452034,3.1904203455622873,0.18340538975113352,0.09793574789343917,0.0,0.03417737139082255,-2.220446049250313e-16,1.3141378800311343,0.520758483244909,0.25
bulk,bo-ei@gp-poisson-cat,37,120.0,120.0,0.08799982399796136,0.05731473799824016,3.3346147801718478,0.1272886183430063,0.09793574789343917,0.0,0.03417737139082255,-2.220446049250313e-16,1.323883191780158,0.5430343858326159,0.25
bulk,bo-ei@gp-poisson-cat,37,180.0,180.0,0.13325809300658875,0.0803691470209742,3.354056706358243,0.1272886183430063,0.09793574789343917,0.0,0.03417737139082255,-2.220446049250313e-16,1.3323928115339945,0.5444710271589639,0.25
bulk,bo-ei@gp-poisson-cat,37,240.0,240.0,0.1898486130121455,0.10313348203271744,3.3625121351658662,0.1272886183430063,0.09793574789343917,0.0,0.03417737139082255,-2.220446049250313e-16,1.329410747499062,0.5456639263879615,0.25
bulk,bo-ei@gp-poisson-cat,38,30.0,30.0,0.016661232995829778,0.01711058599903481,2.309172005579285,0.0,0.25409661632191993,0.27908360793953757,0.2691465931139243,0.27189974129967087,1.8175441346063634,0.48865515853503877,0.08333333333333333
bulk,bo-ei@gp-poisson-cat,38,60.0,60.0,0.033716011996148154,0.02794307099611615,2.2827488885926486,0.0,0.25409661632191993,0.27908360793953757,0.2691465931139243,0.27189974129967087,1.7814226764397667,0.4875408315731724,0.16666666666666666
bulk,bo-ei@gp-poisson-cat,38,120.0,120.0,0.06751184597669635,0.0445488700097485,2.2915715986151484,0.0,0.25409661632191993,0.27908360793953757,0.2691465931139243,0.27189974129967087,1.7931617884165814,0.48220121307065195,0.16666666666666666
bulk,bo-ei@gp-poisson-cat,38,180.0,180.0,0.10150104199055932,0.06108985001628753,2.2957727293812025,0.0,0.25409661632191993,0.27908360793953757,0.2691465931139243,0.27189974129967087,1.7985195391002828,0.48223366251548294,0.16666666666666666
bulk,bo-ei@gp-poisson-cat,38,240.0,240.0,0.13780844499342493,0.07551207300639362,2.2971120400573137,0.0,0.25409661632191993,0.27908360793953757,0.2691465931139243,0.27189974129967087,1.8004665847608001,0.48224328568343705,0.16666666666666666
bulk,bo-ei@gp-poisson-cat,39,30.0,30.0,0.022274302995356265,0.020670963003794895,1.8351584912141459,0.0,0.0,0.019411785086950628,0.0,0.005643494957538464,0.40939200060262015,0.46108397897834413,0.5833333333333334
bulk,bo-ei@gp-poisson-cat,39,60.0,60.0,0.04354591900482774,0.03325020799820777,1.8146462347520327,0.0,0.0,0.019411785086950628,0.0,0.005643494957538464,0.39035224080393527,0.44595543253740755,0.5833333333333334
bulk,bo-ei@gp-poisson-cat,39,120.0,120.0,0.09729518501990242,0.06029570997634437,1.810342587731345,0.0,0.0,0.019411785086950628,0.0,0.005643494957538464,0.30796120985109937,0.4463477481105065,0.5833333333333334
bulk,bo-ei@gp-poisson-cat,39,180.0,180.0,0.14195518901397008,0.08212866497706273,1.79835566613072,0.0,0.0,0.019411785086950628,0.0,0.005643494957538464,0.27400233153004416,0.43995231645573557,0.6666666666666666
bulk,bo-ei@gp-poisson-cat,39,240.0,240.0,0.1878657700108306,0.10140562197193503,1.7972481519861792,0.0,0.0,0.0,0.0,0.005643494957538464,0.25868091997860976,0.4307177288568,0.6666666666666666
bulk,bo-ei@gp-poisson-cat,40,30.0,30.0,0.026447650001500733,0.024599693999334704,1.4565102996348454,0.02590319911044281,0.0,0.0,0.0,0.10906336880973777,0.26472237557244804,0.33679757948899575,0.16666666666666666
bulk,bo-ei@gp-poisson-cat,40,60.0,60.0,0.04721356200388982,0.03666967499520979,1.408906838284344,0.0,0.0,0.0,0.0,0.10906336880973777,0.23671611321560412,0.3070876544570767,0.16666666666666666
bulk,bo-ei@gp-poisson-cat,40,120.0,120.0,0.09427698599392897,0.060939016977499705,1.399187842883275,0.0,0.0,0.0,0.0,0.10906336880973777,0.24533550523517242,0.30398636994652006,0.25
bulk,bo-ei@gp-poisson-cat,40,180.0,180.0,0.138954809972347,0.08364200196956517,1.42408147630258,0.02590319911044281,0.0,0.0,0.0,0.10906336880973777,0.24277287778871207,0.31451928574934407,0.25
bulk,bo-ei@gp-poisson-cat,40,240.0,240.0,0.1828584729701106,0.10231579497121857,1.4323038577634233,0.02590319911044281,0.0,0.0,0.0,0.10906336880973777,0.2469033137017013,0.318899875272507,0.25
bulk,bo-ei@gp-poisson-cat,41,30.0,30.0,0.023058437000145204,0.02088434898905689,1.319489483855017,0.0,0.11672176412096102,0.0,0.0,0.0,0.308907068394233,0.5262572550406106,0.25
bulk,bo-ei@gp-poisson-cat,41,60.0,60.0,0.0447686899897235,0.03452485399247962,1.3154252192448728,0.0,0.11672176412096102,0.0,0.03753040946664843,0.03359593004584582,0.2800365890496815,0.5193360811217578,0.4166666666666667
bulk,bo-ei@gp-poisson-cat,41,120.0,120.0,0.09390926298874547,0.05968925399429281,1.2699384073793443,0.0,0.11672176412096102,0.0,0.03753040946664843,0.03359593004584582,0.1938011687793274,0.5109175962547118,0.4166666666666667
bulk,bo-ei@gp-poisson-cat,41,180.0,180.0,0.13699227898541722,0.08092772898089606,1.2647348461802137,0.0,0.11672176412096102,0.0,0.03753040946664843,0.03359593004584582,0.1796436335399072,0.5080046373304922,0.4166666666666667
bulk,bo-ei@gp-poisson-cat,41,240.0,240.0,0.18479142399155535,0.10067229599371785,1.266399595369272,0.0,0.11672176412096102,0.0,0.03753040946664843,0.03524629515005373,0.18019643110909772,0.5078234206708526,0.4166666666666667
bulk,bo-ei@gp-poisson-cat,42,30.0,30.0,0.023552108996227616,0.022616227015532786,1.6131658815879664,0.0,0.0,0.15341560977394408,0.0061085278771148,-2.220446049250313e-16,0.4897824691592366,0.49764157652947283,0.3333333333333333
bulk,bo-ei@gp-poisson-cat,42,60.0,60.0,0.047630538007069845,0.03698819903002004,1.5860783199717383,0.0,0.0,0.15341560977394408,0.0061085278771148,-2.220446049250313e-16,0.429519121061364,0.4919537266445696,0.3333333333333333
bulk,bo-ei@gp-poisson-cat,42,120.0,120.0,0.09900903401285177,0.06332885701704072,1.6358105507314935,0.0,0.0,0.15341560977394408,0.0061085278771148,-2.220446049250313e-16,0.49296146004639946,0.5036827934171965,0.4166666666666667
bulk,bo-ei@gp-poisson-cat,42,180.0,180.0,0.14549475301464554,0.08565716502198484,1.6307804535001091,0.0,0.0,0.15341560977394408,0.0061085278771148,-2.220446049250313e-16,0.4902446196921725,0.49070880851120324,0.5
bulk,bo-ei@gp-poisson-cat,42,240.0,240.0,0.18753050502709812,0.10307726501559955,1.6312519206982878,0.0,0.0,0.15341560977394408,0.0061085278771148,-2.220446049250313e-16,0.49504469603591383,0.49192565795786547,0.5
bulk,bo-ei@gp-poisson-cat,43,30.0,30.0,0.016814922011690214,0.015465393997146748,1.870673834357546,0.0,0.03954464776459754,0.0,0.0522539578824992,0.0036570929906859506,0.858918164671958,0.7049033548592526,0.25
bulk,bo-ei@gp-poisson-cat,43,60.0,60.0,0.036016126003232785,0.027464807983051287,1.8616907455646263,0.0,0.03954464776459754,0.0,0.0522539578824992,0.0036570929906859506,0.8378869318445458,0.7021911959062135,0.25
bulk,bo-ei@gp-poisson-cat,43,120.0,120.0,0.06832049100557924,0.04345771995576797,1.8146560246746128,0.0,0.0,0.0,0.0,0.0036570929906859506,0.7202366971245449,0.6808950486892591,0.25
bulk,bo-ei@gp-poisson-cat,43,180.0,180.0,0.10147659502035822,0.059308201940439176,1.8010006439697241,0.0,0.0,0.0,0.0,0.0036570929906859506,0.7032037796448246,0.6753613543030929,0.25
bulk,bo-ei@gp-poisson-cat,43,240.0,240.0,0.1337005880122888,0.07205327693736763,1.7573532798456328,0.0,0.0,0.0,0.0,0.0036570929906859506,0.6149819651698617,0.6585882017136845,0.25
bulk,bo-ei@gp-poisson-cat,44,30.0,30.0,0.02852227798939566,0.026807316004124004,1.5475980698368177,0.0,0.0,0.050716923998323726,0.14141380691922534,0.007038657094168843,0.23793492151997742,0.30361723084490055,0.3333333333333333
bulk,bo-ei@gp-poisson-cat,44,60.0,60.0,0.05366132899871445,0.042870094013778726,1.5127713078201983,0.0,0.0,0.050716923998323726,0.0,0.007038657094168843,0.1723940576829115,0.3069106909345715,0.3333333333333333
bulk,bo-ei@gp-poisson-cat,44,120.0,120.0,0.09759364999626996,0.06498175902743242,1.4940340017733513,0.0,0.0,0.0,0.0,0.007038657094168843,0.1542482678705097,0.30626059122202887,0.4166666666666667
bulk,bo-ei@gp-poisson-cat,44,180.0,180.0,0.13688155698400806,0.08539703604765236,1.4867449635441645,0.0,0.0,0.0,0.0,0.007038657094168843,0.1444738486805583,0.2917935042822081,0.5
bulk,bo-ei@gp-poisson-cat,44,240.0,240.0,0.16709768198052188,0.09707016904940247,1.4870298144052672,0.0,0.0,0.0,0.0,0.007038657094168843,0.1417717277691053,0.29183606715677723,0.5
bulk,bo-ei@gp-poisson-cat,45,30.0,30.0,0.016062238013546448,0.014482380007393658,1.3704712235397238,0.17077981014696364,0.20938508282939317,0.0,0.012785133383092617,0.03677217530224508,0.16026761093709757,0.2712133940723046,0.16666666666666666
bulk,bo-ei@gp-poisson-cat,45,60.0,60.0,0.037720554013503715,0.02547843001957517,1.3742464746810203,0.17077981014696364,0.20938508282939317,0.0,0.012785133383092617,0.03677217530224508,0.1621055096048195,0.28080603761043693,0.16666666666666666
bulk,bo-ei@gp-poisson-cat,45,120.0,120.0,0.0701142460166011,0.04118336799001554,1.370000516175679,0.17077981014696364,0.0,0.0,0.012785133383092617,0.03677217530224508,0.15341695112470904,0.2723279071740124,0.25
bulk,bo-ei@gp-poisson-cat,45,180.0,180.0,0.10163844102498842,0.05629355199562269,1.3672904135811903,0.17077981014696364,0.0,0.0,0.012785133383092617,0.03677217530224508,0.14987893852348702,0.26712905745006943,0.25
bulk,bo-ei@gp-poisson-cat,45,240.0,240.0,0.1306204850334325,0.06769596199592343,1.3571056627881923,0.0,0.0,0.0,0.012785133383092617,0.03677217530224508,0.1325944268345397,0.2891356161530141,0.25
bulk,bo-ei@gp-poisson-cat,46,30.0,30.0,0.022376152999640908,0.020937638993927976,1.2873437250331536,0.0,0.09597551314029962,0.14013187652150927,0.10991152515698244,0.10217817050568123,0.24405705741423522,0.3321573202735553,0.25
bulk,bo-ei@gp-poisson-cat,46,60.0,60.0,0.043558740992011735,0.03375009100273019,1.2664563004957274,0.0,0.09597551314029962,0.082600186713495,0.10991152515698244,0.10217817050568123,0.18220882115325537,0.3156861470520341,0.3333333333333333
bulk,bo-ei@gp-poisson-cat,46,120.0,120.0,0.08573877897651982,0.05488370200691861,1.2543309522661175,0.0,0.09597551314029962,0.082600186713495,0.10991152515698244,0.10217817050568123,0.1580060866471155,0.3037462847210892,0.3333333333333333
bulk,bo-ei@gp-poisson-cat,46,180.0,180.0,0.12431852994996007,0.07401115201719222,1.2560639468620736,0.0,0.09597551314029962,0.082600186713495,0.10711874996580584,0.10217817050568123,0.16213679007301735,0.3054049852279836,0.4166666666666667
bulk,bo-ei@gp-poisson-cat,46,240.0,240.0,0.15285445993868052,0.08544013800201355,1.2511357466303143,0.0,0.09597551314029962,0.082600186713495,0.10711874996580584,0.10217817050568123,0.1500873594748103,0.29927449741439427,0.4166666666666667
bulk,bo-ei@gp-poisson-cat,47,30.0,30.0,0.021286367991706356,0.02011268899877905,1.9192717769089755,0.0,0.2208040968511058,0.15727583568523507,0.19295849209460247,0.0,0.8029139566030868,0.48136163613505834,0.4166666666666667
bulk,bo-ei@gp-poisson-cat,47,60.0,60.0,0.04227827699287445,0.03383296699030325,1.7138816589944412,0.0,0.0,0.0,0.0,0.0,0.4784349557019709,0.4315465490975888,0.5833333333333334
bulk,bo-ei@gp-poisson-cat,47,120.0,120.0,0.08188591200087103,0.055099922017689096,1.7245502950465665,0.0,0.0,0.0,0.0,0.025141566228391588,0.4208874261002266,0.4480243478625579,0.5833333333333334
bulk,bo-ei@gp-poisson-cat,47,180.0,180.0,0.11679572600041865,0.07234667801094474,1.7163719947905536,0.0,0.0,0.0,0.0,0.025141566228391588,0.4070095940036342,0.4709250864422661,0.5833333333333334
bulk,bo-ei@gp-poisson-cat,47,240.0,240.0,0.14266118099476444,0.0826382030172681,1.6890591157580985,0.0,0.0,0.0,0.0,0.025141566228391588,0.34121855520851063,0.46180400033785673,0.5833333333333334
bulk,bo-ei@gp-poisson-cat,48,30.0,30.0,0.016820949986140477,0.016709836992959026,1.311958300304243,0.0,0.14354912856160817,0.22049682131434056,0.24870009403555515,0.26047616801260665,0.2545381079692106,0.37496096939876505,0.4166666666666667
bulk,bo-ei@gp-poisson-cat,48,60.0,60.0,0.03318516298895702,0.02720011000201339,1.1983561022504048,0.0,0.0,0.0,0.0,0.0,0.14703656081087188,0.3197582569754874,0.5
bulk,bo-ei@gp-poisson-cat,48,120.0,120.0,0.0637500399898272,0.04396683300365112,1.1762883646060949,0.0,0.0,0.0,0.0,0.0,0.13172964555718536,0.28471269701272717,0.75
bulk,bo-ei@gp-poisson-cat,48,180.0,180.0,0.09231620198988821,0.059107766985107446,1.166579059059683,0.0,0.0,0.0,0.0,0.0,0.09841323433641438,0.27661851136435806,0.75
bulk,bo-ei@gp-poisson-cat,48,240.0,240.0,0.11844747298164293,0.06964860799052985,1.162601900911066,0.0,0.0,0.0,0.0,0.0,0.09095274156333398,0.2610104324179389,0.75
bulk,bo-ei@gp-poisson-cat,49,30.0,30.0,0.01724229001774802,0.016091043005872052,1.7708493512917727,0.5467856996203526,0.35194479488858876,0.3848034862053302,0.32587543459114954,0.33698137355088587,0.7012696215324787,0.3428823843381583,0.3333333333333333
bulk,bo-ei@gp-poisson-cat,49,60.0,60.0,0.03497438501290162,0.025794877015869133,1.7598900897552137,0.44638787798114044,0.35194479488858876,0.3848034862053302,0.32587543459114954,0.33698137355088587,0.6928160181523716,0.3446361445572746,0.4166666666666667
bulk,bo-ei@gp-poisson-cat,49,120.0,120.0,0.0658690950149321,0.04208832502263249,1.5109049310523484,0.0,0.0,0.0,0.0570228375700369,0.0,0.15947556105624724,0.27917392396082497,0.6666666666666666
bulk,bo-ei@gp-poisson-cat,49,180.0,180.0,0.0945908250141656,0.05732777401863132,1.503315864868721,0.0,0.0,0.0,0.0,0.0,0.1469116547416264,0.27912288117571515,0.6666666666666666
bulk,bo-ei@gp-poisson-cat,49,240.0,240.0,0.12111770099363639,0.0679644340343657,1.4774324584202037,0.0,0.0,0.0,0.0,0.0,0.10340185615724792,0.2603631705066517,0.6666666666666666
bulk,systematic,0,30.0,2.0,3.7869976949878037e-06,8.365001122001559e-06,1.8299527950158643,0.0,0.0,0.1645577111201113,0.24647449453192305,0.17416363986753602,0.4125725833473144,0.43581606163667014,0.16666666666666666
bulk,systematic,0,60.0,3.0,5.289999535307288e-06,9.987998055294156e-06,1.774993924308342,0.11699761815798104,0.0,0.1645577111201113,0.24647449453192305,0.17416363986753602,0.4359845030145451,0.43654137598474657,0.25
bulk,systematic,0,120.0,6.0,6.422014848794788e-06,1.1790994904004037e-05,1.675941091354004,0.11699761815798104,0.0,0.0,0.07105540724319326,0.11830226923670573,0.2945997314151935,0.30064673657168867,0.5
bulk,systematic,0,180.0,9.0,7.084025128278881e-06,1.3074008165858686e-05,1.638567897215563,0.11699761815798104,0.0,0.0,0.07105540724319326,0.11830226923670573,0.2798194877786132,0.2607936090721172,0.75
bulk,systematic,0,240.0,12.0,7.734022801741958e-06,1.4477009244728833e-05,1.478113910007276,0.11699761815798104,0.0,0.0,0.0,0.05489967823244424,0.2401881412807199,0.21168840746602674,1.0
bulk,systematic,1,30.0,2.0,3.866000042762607e-06,7.2830007411539555e-06,1.2805882127829111,0.3776667770701083,0.20699468824656553,0.0,0.011172001678627974,0.04588483826249723,0.24636735599422852,0.3539857171211552,0.16666666666666666
bulk,systematic,1,60.0,3.0,4.516994522418827e-06,8.44500755192712e-06,1.2830054570490041,0.3776667770701083,0.20699468824656553,0.0,0.011172001678627974,0.04588483826249723,0.24650525777623755,0.3562201193180747,0.25
bulk,systematic,1,120.0,6.0,6.010996003169566e-06,1.0899006156250834e-05,1.258935461250313,0.17547599762442456,0.0,0.0,0.011172001678627974,0.04588483826249723,0.15382246759938512,0.32081344882744794,0.5
bulk,systematic,1,180.0,9.0,6.721995305269957e-06,1.2532997061498463e-05,1.2128561813029817,0.17547599762442456,0.20699468824656553,0.0,0.04813904470120356,0.04588483826249723,0.20707463707830187,0.3256091563278923,0.75
bulk,systematic,1,240.0,12.0,7.933995220810175e-06,1.4645993360318244e-05,1.1372348953238534,0.17547599762442456,0.20699468824656553,0.0,0.011172001678627974,0.04409128590016276,0.18879048303744916,0.24765635758748308,1.0
bulk,systematic,2,30.0,2.0,3.506007487885654e-06,7.122005627024919e-06,1.6261931368784805,0.6935039959887186,0.36834636598648685,0.3458860008356204,0.3959283244040902,0.3858010185108205,0.9291202009594859,0.6404858018712515,0.16666666666666666
bulk,systematic,2,60.0,3.0,4.388006345834583e-06,8.294002327602357e-06,1.5519075559901347,0.11725033819348041,0.4021933683259111,0.4689421393506249,0.4622507211185488,0.3858010185108205,0.6334385036623449,0.6077927839406373,0.25
bulk,systematic,2,120.0,6.0,5.280009645503014e-06,9.91699198493734e-06,1.534602271444995,0.11725033819348041,0.4021933683259111,0.4689421393506249,0.4622507211185488,0.3858010185108205,0.6320393443755826,0.5751181433375709,0.5
bulk,systematic,2,180.0,9.0,5.8100049500353634e-06,1.1190000805072486e-05,1.4622796684795443,0.11725033819348041,0.5114350215636475,0.5135107846348286,0.4622507211185488,0.3858010185108205,0.5651891393210097,0.5475582697743117,0.75
bulk,systematic,2,240.0,12.0,6.540009053424001e-06,1.247100590262562e-05,1.1673003991271909,0.11725033819348041,0.0,0.07367704239226003,0.06632239671445872,0.01944364833435641,0.18807406761352438,0.335025301657119,1.0
bulk,systematic,3,30.0,2.0,3.144996298942715e-06,6.962000043131411e-06,2.257050117852106,0.0,0.16184653867216436,0.20103273776993213,0.0,0.03431632298416809,0.7868546834091747,0.29825715635444494,0.16666666666666666
bulk,systematic,3,60.0,3.0,3.74599767383188e-06,8.013004844542593e-06,2.1116046110894717,0.24027111776250876,0.0,0.0,0.0,0.03431632298416809,0.49421497016627325,0.26638464606254186,0.25
bulk,systematic,3,120.0,6.0,4.608991730492562e-06,9.646006219554693e-06,2.0028192115299626,0.24027111776250876,0.0,0.0,0.0,0.0,0.45263181067637565,0.2285190519075897,0.5
bulk,systematic,3,180.0,9.0,5.3919939091429114e-06,1.1238997103646398e-05,1.8311376865791693,0.0,0.0,0.0,0.0,0.0,0.28499547878627834,0.20656694605722228,0.75
bulk,systematic,3,240.0,12.0,6.133988790679723e-06,1.275199610972777e-05,1.73253116495468,0.0,0.0,0.0,0.019376008584405358,0.0,0.2293200967744479,0.1368927140220069,1.0
bulk,systematic,4,30.0,2.0,6.6010034061037e-06,1.3484001101460308e-05,1.833719559934007,0.09546082567376357,0.33786063515938225,0.26307598129352283,0.0,0.0006204992361537043,0.5695432230633222,0.23788207318353521,0.16666666666666666
bulk,systematic,4,60.0,3.0,7.603004632983357e-06,1.499700010754168e-05,1.8262167561999467,0.09546082567376357,0.33786063515938225,0.26307598129352283,0.0,0.0,0.5532098983139612,0.2144624082613373,0.25
bulk,systematic,4,120.0,6.0,9.046008926816285e-06,1.745100598782301e-05,1.7621289811305079,0.09546082567376357,0.2407912274813907,0.0,0.0,0.0,0.5152724329897431,0.2105118677002089,0.5
bulk,systematic,4,180.0,9.0,9.888004569802433e-06,1.9475002773106098e-05,1.7753185952049921,0.09546082567376357,0.2407912274813907,0.0,0.0,0.013744684747308056,0.5096505470389567,0.22727559153623775,0.75
bulk,systematic,4,240.0,12.0,1.0889008990488946e-05,2.152900560759008e-05,1.6370258467231587,0.09546082567376357,0.0,0.0,0.0,0.002268388988543535,0.14404338447757728,0.18650935021943457,1.0
bulk,systematic,5,30.0,2.0,4.839006578549743e-06,9.756993677001446e-06,2.1044515404674393,0.7868999984862943,0.5360170014647052,0.12300377216604963,0.12677483613876916,0.17187525709668527,1.1529581408869665,0.49153032576605127,0.16666666666666666
bulk,systematic,5,60.0,3.0,6.0010061133652925e-06,1.1629992513917387e-05,2.0862269166939647,0.7868999984862943,0.1736659975358592,0.23626885902160322,0.28949863575081625,0.17187525709668527,1.0255190326585077,0.4809804574144977,0.25
bulk,systematic,5,120.0,6.0,7.402013579849154e-06,1.415498263668269e-05,1.9035255354293936,0.0,0.24524975884789335,0.1778247324238872,0.17427083240778274,0.17187525709668505,0.4856455109483085,0.3427087517282158,0.5
bulk,systematic,5,180.0,9.0,9.436022082809359e-06,1.831298868637532e-05,1.8123573970096258,0.0,0.0,0.1032703049563739,0.12677483613876916,0.09571362528517657,0.3145390492952737,0.29688665444875595,0.75
bulk,systematic,5,240.0,12.0,1.0749026841949672e-05,2.1329993614926934e-05,1.706213376263009,0.0,0.0,0.10958138829731034,0.025674171593835782,0.02305905005392772,0.22260879833673478,0.25808034441851024,1.0
bulk,systematic,6,30.0,2.0,4.107001586817205e-06,1.006700040306896e-05,1.257438924860989,0.7918097810638622,0.0780754520573207,0.0,0.019249937604791545,0.0,0.5725803781407954,0.39940616715299215,0.16666666666666666
bulk,systematic,6,60.0,3.0,5.360001523513347e-06,1.2622003850992769e-05,1.1822471542094968,0.0,0.0,0.0,0.019249937604791545,0.0,0.28280294582439736,0.35147310850385166,0.25
bulk,systematic,6,120.0,6.0,6.632006261497736e-06,1.5126002836041152e-05,1.1466193928322552,0.0,0.0,0.0,0.019249937604791545,0.0,0.19786666709917453,0.2461930269148905,0.5
bulk,systematic,6,180.0,9.0,7.474009180441499e-06,1.7090002074837685e-05,1.1455877135661106,0.0,0.0,0.0,0.019249937604791545,0.0,0.19836142167871285,0.25673024410593526,0.75
bulk,systematic,6,240.0,12.0,8.436014468315989e-06,1.9163016986567527e-05,1.124528042514689,0.0,0.0,0.0,0.019249937604791545,0.0,0.14846789692547815,0.24278070540154364,1.0
bulk,systematic,7,30.0,2.0,4.367997462395579e-06,8.875998901203275e-06,2.0373283286563253,0.0,0.23284712921953865,0.10272992575962281,0.18388939123056225,0.164920740687706,0.7259587356860926,0.3591318634157207,0.16666666666666666
bulk,systematic,7,60.0,3.0,5.599998985417187e-06,1.1320000339765102e-05,1.991517964595663,0.0,0.23284712921953865,0.10272992575962281,0.18388939123056225,0.164920740687706,0.7215308635553813,0.35851108181562763,0.25
bulk,systematic,7,120.0,6.0,7.483999070245773e-06,1.5108009392861277e-05,1.8607822639308427,0.0,0.0,0.11605431935215593,0.11720081158664741,0.16313453978229708,0.40874675801074406,0.2832505170242182,0.5
bulk,systematic,7,180.0,9.0,8.646988135296851e-06,1.7703016055747867e-05,1.8235644325997462,0.0,0.0,0.11605431935215593,0.11720081158664741,0.125354928231595,0.4111275837840352,0.2743945905036691,0.75
bulk,systematic,7,240.0,12.0,1.1461983376648277e-05,2.2411011741496623e-05,1.7297683103893908,0.0,0.0,0.0,0.016397710014314115,0.03494991865666375,0.15716760677619906,0.14234964194705843,1.0
bulk,systematic,8,30.0,2.0,4.327994247432798e-06,1.059899659594521e-05,1.8796467671960375,0.5395405824549859,0.0,0.03274912267043728,0.0,0.0,1.164656383351658,0.3536670974291623,0.16666666666666666
bulk,systematic,8,60.0,3.0,5.650988896377385e-06,1.3173994375392795e-05,1.854402538962382,0.5395405824549859,0.0,0.03274912267043728,0.0,0.0,1.162407226229277,0.2858068029391851,0.25
bulk,systematic,8,120.0,6.0,7.483991794288158e-06,1.5989993698894978e-05,1.8152929580671955,0.5395405824549859,0.0,0.03274912267043728,0.0,0.0,1.1513683800304277,0.23945042002671896,0.5
bulk,systematic,8,180.0,9.0,9.566996595822275e-06,1.989699376281351e-05,1.5193863536317735,0.0,0.0,0.0,0.0,0.0,0.40530608225357556,0.20653950584387254,0.75
bulk,systematic,8,240.0,12.0,1.0869996913243085e-05,2.2391992388293147e-05,1.4684371842555086,0.0,0.0,0.0,0.0,0.0,0.29650141952085557,0.14790967301205615,1.0
bulk,systematic,9,30.0,2.0,4.4869957491755486e-06,9.69699613051489e-06,1.94655160581448,0.47675117960746094,0.25547262486902167,0.09130957312112187,0.07582669895769878,0.06501373690925805,0.6013515559534728,0.3611070852320726,0.16666666666666666
bulk,systematic,9,60.0,3.0,7.4219933594577014e-06,1.3433993444778025e-05,1.931790003967076,0.47675117960746094,0.25547262486902167,0.09130957312112187,0.07907321784569699,0.06501373690925805,0.5735239950957489,0.3536146641782772,0.25
bulk,systematic,9,120.0,6.0,9.46399086387828e-06,1.5978999726939946e-05,1.9024671027539675,0.47675117960746094,0.25547262486902167,0.09130957312112187,0.07907321784569699,0.06501373690925805,0.5762236109555293,0.34862605357702015,0.5
bulk,systematic,9,180.0,9.0,1.0946991096716374e-05,1.7722995835356414e-05,1.8219228363367792,0.1338463177732382,0.0,0.08611361017936259,0.07582669895769878,0.06501373690925805,0.36335084196826756,0.30797007108788593,0.75
bulk,systematic,9,240.0,12.0,1.2168005923740566e-05,1.9446990336291492e-05,1.7106712925980325,0.0,0.0,0.08611361017936259,0.07582669895769878,0.06501373690925805,0.23676842053045227,0.24669305240042053,1.0
bulk,systematic,10,30.0,2.0,5.078996764495969e-06,1.0018004104495049e-05,2.0716978406088207,0.5573707674086739,0.551826544671244,0.5902675239022472,0.5652791343682484,0.08169763913644446,1.389130089962446,0.4836159583976263,0.16666666666666666
bulk,systematic,10,60.0,3.0,6.451991794165224e-06,1.1951000487897545e-05,2.055797912443778,0.5573707674086739,0.551826544671244,0.5902675239022472,0.5652791343682484,0.08169763913644446,1.3667784806858845,0.4823708335547713,0.25
bulk,systematic,10,120.0,6.0,7.884998922236264e-06,1.4233999536372721e-05,1.9638981465003498,0.5573707674086739,0.551826544671244,0.5902675239022472,0.5652791343682484,0.08169763913644446,1.352331729853173,0.4113941215501792,0.5
bulk,systematic,10,180.0,9.0,1.0338997526559979e-05,1.7639998986851424e-05,1.7165522800727564,0.0,0.0,0.0,0.08716971922862604,0.08169763913644468,0.6388796350775893,0.35036718528990507,0.75
bulk,systematic,10,240.0,12.0,1.2813994544558227e-05,2.1496001863852143e-05,1.5775791651692088,0.0,0.0,0.04921843374333046,0.0355049437738173,0.0,0.40869958805308987,0.18120427260274055,1.0
bulk,systematic,11,30.0,2.0,4.498004273045808e-06,9.456001862417907e-06,1.973890632189147,0.8921352426341607,0.7594834145627389,-2.220446049250313e-16,-2.220446049250313e-16,0.024038360265557612,2.0528168382808065,0.5562954358372163,0.16666666666666666
bulk,systematic,11,60.0,3.0,5.640002200379968e-06,1.1659998563118279e-05,1.95603431166957,0.8921352426341607,0.7594834145627389,-2.220446049250313e-16,-2.220446049250313e-16,0.024038360265557612,2.0526621804118665,0.5413859570589853,0.25
bulk,systematic,11,120.0,6.0,7.773007382638752e-06,1.5275996702257544e-05,1.8563504029239786,0.8921352426341607,0.7594834145627389,-2.220446049250313e-16,-2.220446049250313e-16,0.015374859974364052,2.0457776048670793,0.48191883077865233,0.5
bulk,systematic,11,180.0,9.0,9.767005394678563e-06,1.8972998077515513e-05,1.3435590222435854,0.0,0.056863950006552644,-2.220446049250313e-16,-2.220446049250313e-16,-2.220446049250313e-16,0.6892478713614304,0.39108725589688365,0.75
bulk,systematic,11,240.0,12.0,1.191999763250351e-05,2.1838008251506835e-05,1.256617004713705,0.0,0.0,0.0,0.0,0.0,0.31155655089389767,0.3112438101788865,1.0
bulk,systematic,12,30.0,2.0,2.14400643017143e-06,3.1759991543367505e-06,1.6079216699871424,0.951387455043857,0.8992879632112151,0.033539840975024826,0.030681313338116967,0.0002735985802798657,1.5848346248363034,0.4572022126102478,0.16666666666666666
bulk,systematic,12,60.0,3.0,2.745000529102981e-06,4.016997991129756e-06,1.6060353664259628,0.951387455043857,0.8992879632112151,0.033539840975024826,0.030681313338116967,0.0002735985802798657,1.5848207254491218,0.456974569370138,0.25
bulk,systematic,12,120.0,6.0,3.687004209496081e-06,5.508001777343452e-06,1.5644277152893886,0.939270183801387,0.02299292658626495,0.021748017796422436,0.0,0.0,1.5344400599473156,0.38991657904809873,0.5
bulk,systematic,12,180.0,9.0,4.347013600636274e-06,6.800008122809231e-06,1.5027815383668741,0.0,0.02299292658626495,0.021748017796422436,0.0,0.0,1.4833964738815382,0.2836518055170765,0.75
bulk,systematic,12,240.0,12.0,5.239016900304705e-06,8.30301723908633e-06,1.2415347796591407,0.0,0.02299292658626495,0.021748017796422436,0.0,0.0,0.15069725801741538,0.18880499950915514,1.0
bulk,systematic,13,30.0,2.0,2.263994247186929e-06,5.5109994718804955e-06,1.8572183933714115,0.7171897306561252,0.0678706774202662,0.011612958187047884,-2.220446049250313e-16,0.0014159229476432555,0.8936932728565279,0.4727069438027197,0.16666666666666666
bulk,systematic,13,60.0,3.0,2.8149952413514256e-06,6.312999175861478e-06,1.8203314974669829,0.7171897306561252,0.0678706774202662,0.011612958187047884,-2.220446049250313e-16,0.0014159229476432555,0.8868275884883041,0.3988056789989485,0.25
bulk,systematic,13,120.0,6.0,3.7059944588690996e-06,7.905997335910797e-06,1.7233997355037858,0.7171897306561252,0.0678706774202662,0.011612958187047884,-2.220446049250313e-16,0.0014159229476432555,0.857570262255472,0.26396421577039847,0.5
bulk,systematic,13,180.0,9.0,4.847999662160873e-06,9.720002708490938e-06,1.644888158591179,0.7171897306561252,0.0678706774202662,0.011612958187047884,0.03215692300093265,0.0014159229476432555,0.8247825111779583,0.23061212272379647,0.75
bulk,systematic,13,240.0,12.0,6.238988135010004e-06,1.2604999938048422e-05,1.5536874664491778,0.0,0.0,0.037574981968373056,0.02221847505840857,0.0014159229476432555,0.251785646259703,0.12325571606148443,1.0
bulk,systematic,14,30.0,2.0,2.8950016712769866e-06,4.618006641976535e-06,2.3610188774529033,0.0,0.22709084198126772,0.029198045901863146,0.054109984158031144,0.0024646190702685145,2.0787080086574843,0.42870099610786433,0.16666666666666666
bulk,systematic,14,60.0,3.0,4.879002517554909e-06,6.722009857185185e-06,2.3396829630526192,0.0,0.22709084198126772,0.029198045901863146,0.054109984158031144,0.0024646190702685145,2.078002859652373,0.42155346974843194,0.25
bulk,systematic,14,120.0,6.0,6.693015166092664e-06,9.708011930342764e-06,2.2729627839075555,0.0,0.0,0.0,0.0,0.010956257179546625,1.9456094756733944,0.3096632104572009,0.5
bulk,systematic,14,180.0,9.0,8.476999937556684e-06,1.211201015394181e-05,2.0066030365864456,0.0,0.0,0.0,0.0,0.0,0.365873681204438,0.21939199058670739,0.75
bulk,systematic,14,240.0,12.0,1.0370997188147157e-05,1.4536009985022247e-05,1.8975346353982445,0.0,0.0,0.0,0.0,0.0,0.24454780234050005,0.10727592386149612,1.0
bulk,systematic,15,30.0,2.0,2.1339947124943137e-06,3.144996298942715e-06,2.074412032327902,0.3151542703797082,0.42914986738401906,0.46915010433239634,0.05759859399144407,0.044135180518311,1.1666630558576763,0.3944105108288268,0.16666666666666666
bulk,systematic,15,60.0,3.0,2.7949936338700354e-06,3.895998816005886e-06,2.054854503951144,0.3151542703797082,0.42914986738401906,0.46915010433239634,0.05759859399144407,0.044135180518311,1.1660793992818215,0.3870544413727286,0.25
bulk,systematic,15,120.0,6.0,3.82699363399297e-06,5.2579998737201095e-06,1.882257303215756,0.3151542703797082,0.42914986738401906,2.220446049250313e-16,0.009728346372479435,1.1102230246251565e-16,1.082838883526845,0.33303606367965755,0.5
bulk,systematic,15,180.0,9.0,4.799985617864877e-06,6.620000931434333e-06,1.687856075495324,0.0,0.0,0.0,0.009728346372479213,0.0,0.43192468428206154,0.16529296283494171,0.75
bulk,systematic,15,240.0,12.0,5.641973984893411e-06,8.013004844542593e-06,1.6316310254699866,0.0,0.0,0.0,0.009728346372479213,0.0,0.2829827384708711,0.14036225661442758,1.0
bulk,systematic,16,30.0,2.0,2.0130028133280575e-06,3.215995093341917e-06,1.4978338956474946,0.3454103017436323,0.0,0.0,0.0,0.020811049917930258,0.41507343316477385,0.47281371316216725,0.16666666666666666
bulk,systematic,16,60.0,3.0,2.644002961460501e-06,4.107991117052734e-06,1.4700604661400025,0.3454103017436323,0.0,0.0,0.0,0.009429933723281603,0.4101806966002223,0.3466502652167088,0.25
bulk,systematic,16,120.0,6.0,3.5960038076154888e-06,5.690992111340165e-06,1.3639519534169764,0.0,0.0,0.0,0.0,0.009429933723281603,0.3673696160168829,0.25732392446730323,0.5
bulk,systematic,16,180.0,9.0,4.478002665564418e-06,7.122995157260448e-06,1.3527812034534064,0.0,0.0,0.0,0.0,0.009429933723281603,0.3691796264134637,0.26318975064459177,0.75
bulk,systematic,16,240.0,12.0,5.228997906669974e-06,8.495000656694174e-06,1.2510014983363373,0.0,0.0,0.0,0.0,0.0,0.1330335084747603,0.25738277033097223,1.0
bulk,systematic,17,30.0,2.0,3.515007847454399e-06,2.9459988581947982e-06,1.6492387555990973,0.20249151316651715,0.10987939563686988,0.3377576882858212,0.2696469719700445,0.07968634024062327,0.6755861867307238,0.47919189463780526,0.16666666666666666
bulk,systematic,17,60.0,3.0,4.096007614862174e-06,3.868000931106508e-06,1.596054025405957,0.20249151316651715,0.5085302229500781,0.40438415679424644,0.2696469719700445,0.07968634024062327,0.6660166833105093,0.47809808196007086,0.25
bulk,systematic,17,120.0,6.0,5.127003532834351e-06,5.569992936216295e-06,1.5964578961728169,0.20249151316651715,0.5085302229500781,0.40438415679424644,0.2696469719700445,0.07968634024062327,0.6657496818555868,0.4121938821123781,0.5
bulk,systematic,17,180.0,9.0,5.848014552611858e-06,6.962996849324554e-06,1.46832594694759,0.20249151316651715,0.10987939563686988,0.0,0.0,0.0,0.4865593310862583,0.27623264564816014,0.75
bulk,systematic,17,240.0,12.0,6.570015102624893e-06,8.324997907038778e-06,1.3819646563123607,0.0,0.0,0.0,0.0,0.0,0.15444110243925338,0.22432173946750755,1.0
bulk,systematic,18,30.0,2.0,2.0939987734891474e-06,2.7650021365843713e-06,0.8635273891742571,0.40356190241806267,0.0,0.187039397363017,0.2309727351822014,0.061840281980625855,0.12808170119491372,0.48347020218423836,0.16666666666666666
bulk,systematic,18,60.0,3.0,2.7459973352961242e-06,3.6769997677765787e-06,0.8639329176339906,0.40356190241806267,0.0,0.187039397363017,0.2309727351822014,0.061840281980625855,0.12808897603587796,0.48355498339645075,0.25
bulk,systematic,18,120.0,6.0,4.139001248404384e-06,5.351001163944602e-06,0.8409545995575621,0.40356190241806267,0.0,0.187039397363017,0.054846915242110716,0.09149045535185074,0.11299503063694821,0.4108646273117383,0.5
bulk,systematic,18,180.0,9.0,5.4109987104311585e-06,7.556001946795732e-06,0.7958451498603791,0.0,0.0,0.187039397363017,0.054846915242110716,0.07134126391782336,0.09673426779123459,0.3539303681527249,0.75
bulk,systematic,18,240.0,12.0,6.912996468599886e-06,9.970011888071895e-06,0.769089779396937,0.0,0.0,0.0,0.05484691524211083,0.0,0.0619425728996098,0.2641989152869213,1.0
bulk,systematic,19,30.0,2.0,2.253997081425041e-06,3.8579964893870056e-06,2.2410030215530305,0.7822331023309417,0.5798418135032748,0.3004890173033633,0.06386814338450042,0.04083716141133886,1.157540975916563,0.3655397680374997,0.16666666666666666
bulk,systematic,19,60.0,3.0,2.964996383525431e-06,4.8389993025921285e-06,2.1753261617203736,0.7822331023309417,0.6838483045242084,0.5218113284266848,0.2595823606083353,0.04083716141133886,1.1522489625111967,0.3627926070169255,0.25
bulk,systematic,19,120.0,6.0,4.13600355386734e-06,6.4630075939930975e-06,2.074922504703879,0.7822331023309417,0.5798418135032748,0.5218113284266848,0.2595823606083353,0.04083716141133886,1.140775013888067,0.3145333337605388,0.5
bulk,systematic,19,180.0,9.0,5.036992661189288e-06,7.744005415588617e-06,1.8408597816723562,0.7822331023309417,0.3937992408685739,0.15329518265426,0.06386814338450042,0.04083716141133886,0.7968070336269323,0.2597640479232256,0.75
bulk,systematic,19,240.0,12.0,6.059999577701092e-06,9.127012162934989e-06,1.7330013440863146,0.013624656549291458,0.0,0.0,0.0,0.0,0.3546333752288093,0.15498683821060616,1.0
bulk,systematic,20,30.0,2.0,1.972010068129748e-06,2.6550114853307605e-06,1.928418459780083,0.8897880224846246,0.21420036917432483,0.020082755897507965,0.029454721013035257,0.002555020552324039,1.3944116882738316,0.38651647750428014,0.16666666666666666
bulk,systematic,20,60.0,3.0,2.5730114430189133e-06,3.5170160117559135e-06,1.9316741177502834,0.8897880224846246,0.21420036917432483,0.020082755897507965,0.029454721013035257,0.002555020552324039,1.3944471409599728,0.394216420355073,0.25
bulk,systematic,20,120.0,6.0,3.4750046324916184e-06,5.241010512690991e-06,1.8728171752202643,0.8897880224846246,0.21420036917432483,0.020082755897507965,0.0,0.002555020552324039,1.2562865343272334,0.3455843523055298,0.5
bulk,systematic,20,180.0,9.0,4.385998181533068e-06,6.864007445983589e-06,1.706131706214627,0.0,0.0,0.0,0.0,0.002555020552324039,0.9278554449393066,0.2592196867452739,0.75
bulk,systematic,20,240.0,12.0,5.207999492995441e-06,8.19600245449692e-06,1.6115425198230566,0.0,0.0,0.0,0.0,0.002555020552324039,0.19253421261981127,0.20978377691243189,1.0
bulk,systematic,21,30.0,2.0,1.453001459594816e-06,3.064997144974768e-06,1.4093053319883264,0.5066210951058145,0.2831579127290075,0.28468481064800055,-2.220446049250313e-16,-2.220446049250313e-16,0.7998241468250068,0.3617328110055262,0.16666666666666666
bulk,systematic,21,60.0,3.0,2.425003913231194e-06,4.226996679790318e-06,1.3114449877712695,0.5066210951058145,0.2831579127290075,-2.220446049250313e-16,-2.220446049250313e-16,-2.220446049250313e-16,0.739202346326883,0.3314937387104027,0.25
bulk,systematic,21,120.0,6.0,3.3660035114735365e-06,6.06999674346298e-06,1.3137167785577628,0.5066210951058145,0.2831579127290075,-2.220446049250313e-16,-2.220446049250313e-16,-2.220446049250313e-16,0.7394455868565412,0.3095415659429967,0.5
bulk,systematic,21,180.0,9.0,4.117006028536707e-06,7.492992153856903e-06,1.3105378599347708,0.5066210951058145,0.16532876797195262,-2.220446049250313e-16,0.0,0.0,0.6082003960233937,0.2891359152006772,0.75
bulk,systematic,21,240.0,12.0,4.9380105338059366e-06,8.885996066965163e-06,1.2815712895197795,0.5066210951058145,0.16532876797195262,-2.220446049250313e-16,0.0,0.0,0.27264701646404876,0.25663984626456626,1.0
bulk,systematic,22,30.0,2.0,1.6129997675307095e-06,3.116001607850194e-06,1.1689587995248425,0.0,0.0,0.0,0.01133212296564401,0.03387844389850869,0.15325680583623041,0.3042145047630841,0.16666666666666666
bulk,systematic,22,60.0,3.0,2.3139946279115975e-06,3.967004886362702e-06,1.1333135722393652,0.0,0.0,0.0,0.01133212296564401,0.03387844389850869,0.14051421945034992,0.24732368427890322,0.25
bulk,systematic,22,120.0,6.0,3.134999133180827e-06,5.700996553059667e-06,1.0598871398250544,0.0,0.0,0.01234057117962728,0.01133212296564401,0.0,0.12403789856359829,0.1975680872905444,0.5
bulk,systematic,22,180.0,9.0,3.94599192077294e-06,7.1949834818951786e-06,1.054416757319504,0.0,0.0,0.0,0.01133212296564401,0.0,0.11901790195794115,0.20340302165189042,0.75
bulk,systematic,22,240.0,12.0,4.797992005478591e-06,8.637980499770492e-06,1.045947865944764,0.0,0.0,0.0,0.01133212296564401,0.0,0.11808881629931871,0.16847680591545958,1.0
bulk,systematic,23,30.0,2.0,1.3329918147064745e-06,1.9330036593601108e-06,1.6962371820135178,0.13119808897110796,0.23705579967849544,0.057648555700188675,0.047122060983008085,0.1403359656704336,0.936753517444656,0.4852664911790367,0.16666666666666666
bulk,systematic,23,60.0,3.0,1.8239952623844147e-06,2.7450078050605953e-06,1.6962986464103782,0.13119808897110796,0.23705579967849544,0.057648555700188675,0.047122060983008085,0.1403359656704336,0.9367820164482614,0.4874496375040351,0.25
bulk,systematic,23,120.0,6.0,3.3760006772354245e-06,4.910012648906559e-06,1.658907942784096,0.13119808897110796,0.0,0.057648555700188675,0.17088902802167705,0.1403359656704336,0.6970791684201391,0.42609835436028926,0.5
bulk,systematic,23,180.0,9.0,4.346999048721045e-06,6.283014954533428e-06,1.5085715120562195,0.0,0.0,0.057648555700188675,0.17088902802167705,0.1403359656704336,0.15066581885796845,0.2560567727764366,0.75
bulk,systematic,23,240.0,12.0,5.238995072431862e-06,7.706010364927351e-06,1.4652363221355156,0.0,0.0,0.057648555700188675,0.05957974378947861,0.04575479888921663,0.18575216092361826,0.216487050752927,1.0
bulk,systematic,24,30.0,2.0,1.1829979484900832e-06,2.234002749901265e-06,1.594036559229503,0.4403895307826894,0.0,0.023989748424188884,0.14020977157327197,0.1361816154411727,0.828503366628051,0.5746796241074805,0.16666666666666666
bulk,systematic,24,60.0,3.0,1.7739948816597462e-06,2.9650036594830453e-06,1.5660574810905414,0.4403895307826894,0.0,0.023989748424188884,0.14020977157327197,0.1361816154411727,0.8131159838493451,0.5732760184757605,0.25
bulk,systematic,24,120.0,6.0,2.6849957066588104e-06,4.3570034904405475e-06,1.4387926773949686,0.4403895307826894,0.0,0.20809051122221545,0.28484623755555416,0.2689415003804597,0.6330963340751373,0.45016016851004065,0.5
bulk,systematic,24,180.0,9.0,3.478002327028662e-06,5.699002940673381e-06,1.3855451290752951,0.0,0.0,0.20809051122221545,0.28484623755555416,0.14495500730226452,0.22045130390226317,0.40281540207173044,0.75
bulk,systematic,24,240.0,12.0,4.309003998059779e-06,7.040005584713072e-06,1.313521242443403,0.0,0.0,0.0,0.115446150839149,0.0038006275140880508,0.1624019948871449,0.2278365265257171,1.0
bulk,systematic,25,30.0,2.0,1.1830052244476974e-06,1.7029960872605443e-06,2.3880947009737494,0.7034081021846865,0.2616432123145871,0.3319003930624067,0.35002877124939635,0.09965452300501831,1.2983981995567115,0.29532168862824293,0.16666666666666666
bulk,systematic,25,60.0,3.0,2.1849991753697395e-06,3.0559967854060233e-06,2.3656271752598346,0.7034081021846865,0.2616432123145871,0.3319003930624067,0.35002877124939635,0.09965452300501831,1.2970746070361088,0.2910253456655973,0.25
bulk,systematic,25,120.0,6.0,3.1270101317204535e-06,4.6589921112172306e-06,2.1650380636345616,0.24394937591100718,0.40056254218160825,0.0,0.06641317566913663,0.06090616774957924,0.9841848799191416,0.2395390538073367,0.5
bulk,systematic,25,180.0,9.0,3.9800070226192474e-06,6.071990355849266e-06,2.064784142905579,0.24394937591100718,0.40056254218160825,0.0,0.00881038569320014,0.0,0.9047263055586668,0.1586696548610974,0.75
bulk,systematic,25,240.0,12.0,4.841996997129172e-06,7.504997483920306e-06,1.873843301582019,0.0,0.0,0.0,0.00881038569320014,0.0,0.21959554453027705,0.1276081149031092,1.0
bulk,systematic,26,30.0,2.0,1.6230042092502117e-06,2.0130028133280575e-06,1.6515958509136384,0.561270938465448,0.4032566445317576,0.12390880500024182,3.3306690738754696e-16,0.055752638635720664,0.5495973745738151,0.565511984821326,0.16666666666666666
bulk,systematic,26,60.0,3.0,2.0939987734891474e-06,2.8240028768777847e-06,1.5751610032225696,0.561270938465448,0.1663511291281322,0.1239088050002416,0.0,0.05575263863572044,0.5100652325743223,0.5632394162977447,0.25
bulk,systematic,26,120.0,6.0,3.1469971872866154e-06,4.848006938118488e-06,1.5750612635115573,0.561270938465448,0.1663511291281322,0.1239088050002416,0.0,0.05575263863572044,0.5168506252789768,0.5363218975041557,0.5
bulk,systematic,26,180.0,9.0,4.67000063508749e-06,6.950009264983237e-06,1.480289517477005,0.561270938465448,0.1663511291281322,0.1239088050002416,0.0,0.0,0.5077390185509478,0.34828727059140824,0.75
bulk,systematic,26,240.0,12.0,5.721994966734201e-06,8.613016689196229e-06,1.3219487987538,0.0,0.0,0.0,0.0,0.0,0.1876500014489928,0.2739542231920912,1.0
bulk,systematic,27,30.0,2.0,2.3839966161176562e-06,3.5670018405653536e-06,2.5280299175406546,0.7709143590450236,0.7887489032572701,0.12621732516162498,0.12335285997325907,0.11202818992499508,4.2089453586331995,0.4583567450738696,0.16666666666666666
bulk,systematic,27,60.0,3.0,3.2559983083046973e-06,4.679000994656235e-06,2.5237893970297507,0.7709143590450236,0.7887489032572701,0.12621732516162498,0.12335285997325907,0.11202818992499508,4.2089252290765105,0.4557897893493742,0.25
bulk,systematic,27,120.0,6.0,4.428002284839749e-06,6.451999070122838e-06,2.137613423810088,0.0,0.0,0.0867238342294051,0.08135713937288302,0.0,0.8061145492786203,0.24732163717519565,0.5
bulk,systematic,27,180.0,9.0,5.020017852075398e-06,7.943002856336534e-06,2.17794928021407,0.0,0.0,0.11216129135693065,0.1052204609522942,0.09955231133504694,0.8337383061584095,0.250268130710768,0.75
bulk,systematic,27,240.0,12.0,5.600013537332416e-06,9.836003300733864e-06,1.8935605449422663,0.0,0.0,0.0,0.028809510472102784,0.02257782182154644,0.3816541474563741,0.17521376582764991,1.0
bulk,systematic,28,30.0,2.0,2.474000211805105e-06,3.0049995984882116e-06,2.1613128800424595,0.0,0.38249663125483013,0.4114946870905707,0.3250316307332025,0.32965214816828137,1.039542325561682,0.41838893888805906,0.16666666666666666
bulk,systematic,28,60.0,3.0,3.2050011213868856e-06,3.927001671399921e-06,2.1407935390406956,0.0,0.38249663125483013,0.4114946870905707,0.3250316307332025,0.32965214816828137,1.0346345037064677,0.3625051148540111,0.25
bulk,systematic,28,120.0,6.0,4.477005859371275e-06,5.678004526998848e-06,2.097179617944464,0.0,0.38249663125483013,0.28932546578954965,0.3250316307332023,0.17340619735334417,0.9679795087966196,0.343778832766728,0.5
bulk,systematic,28,180.0,9.0,5.09800884174183e-06,7.041002390906215e-06,1.9347074311185564,0.0,0.062279563575025176,0.0448471178562434,0.13192295010950372,-2.220446049250313e-16,0.5406582055101753,0.17524695630454984,0.75
bulk,systematic,28,240.0,12.0,5.649009835906327e-06,1.05580038507469e-05,1.7913060854697644,0.0,0.062279563575025176,0.013892072926463883,0.0,0.0,0.38872248070391885,0.1515252839465125,1.0
bulk,systematic,29,30.0,2.0,1.8129940144717693e-06,3.115004801657051e-06,2.1308059230078964,0.26548687887443023,0.508253660017045,0.428350925841693,0.08554355778204348,0.052834650272988615,1.303619354935221,0.47651707980396685,0.16666666666666666
bulk,systematic,29,60.0,3.0,2.473992935847491e-06,3.957007720600814e-06,2.1299336268603897,0.26548687887443023,0.508253660017045,0.428350925841693,0.08554355778204348,0.052834650272988615,1.3035705579849997,0.4731839350960038,0.25
bulk,systematic,29,120.0,6.0,3.5669945646077394e-06,5.700007022824138e-06,1.891019544643753,0.6764514035574266,0.3899949762953998,0.0,0.0,0.0,0.9816603997838036,0.41467091317333027,0.5
bulk,systematic,29,180.0,9.0,4.3670006562024355e-06,7.2210023063234985e-06,1.6394172278025734,0.0,0.0,0.0007384767981392093,0.0,0.0,0.24789935847232808,0.383340375195424,0.75
bulk,systematic,29,240.0,12.0,5.018999218009412e-06,8.69399809744209e-06,1.5958923175796071,0.0,0.0,0.0007384767981392093,0.0,0.0,0.19858879894026193,0.26632953095277384,1.0
bulk,systematic,30,30.0,2.0,1.553002221044153e-06,2.7859932743012905e-06,2.3579180686438694,0.0,0.1168075880924554,0.13076496776352609,0.03994671642673331,0.046405637294349544,3.302635114240107,0.4977413488895837,0.16666666666666666
bulk,systematic,30,60.0,3.0,2.1640080376528203e-06,3.60699777957052e-06,2.324243902560677,0.0,0.1168075880924554,0.13076496776352609,0.03994671642673331,0.05088979760715595,3.2882686253397004,0.4707614903815973,0.25
bulk,systematic,30,120.0,6.0,3.0750161386094987e-06,5.079993570689112e-06,2.264205623917736,0.0,0.1168075880924554,0.13076496776352609,0.03994671642673331,0.020454667594880016,3.27908691330805,0.4564313989057994,0.5
bulk,systematic,30,180.0,9.0,3.86602187063545e-06,6.403002771548927e-06,1.942053548289296,0.0,0.0,0.026241775247151655,0.03994671642673331,0.024400912098579086,0.8290325151451696,0.4139130605792115,0.75
bulk,systematic,30,240.0,12.0,4.718029231298715e-06,7.855000148992985e-06,1.749410629138957,0.0,0.0,0.004243958624088107,0.0,0.006021721942136127,0.3426221807789403,0.25970800784415216,1.0
bulk,systematic,31,30.0,2.0,1.6429912648163736e-06,2.473992935847491e-06,1.9692943205662463,0.5862650466524143,0.2382762539420289,0.37545771399916905,0.24382169655488883,0.3047196003041466,0.5801452077452424,0.47891087193688947,0.16666666666666666
bulk,systematic,31,60.0,3.0,2.2539898054674268e-06,3.2759926398284733e-06,1.9558234856434191,0.5862650466524143,0.2382762539420289,0.37545771399916905,0.24382169655488883,0.3047196003041466,0.5791769978980504,0.4061524668272054,0.25
bulk,systematic,31,120.0,6.0,3.1449890229851007e-06,4.788991645909846e-06,1.9049573772794515,0.5862650466524143,0.2382762539420289,0.1693710902185177,0.2569806180285039,0.22009905015324727,0.5252165028904278,0.3640542224847175,0.5
bulk,systematic,31,180.0,9.0,3.846987965516746e-06,6.131987902335823e-06,1.8307548276524557,0.5862650466524143,0.2382762539420289,0.1693710902185177,0.04128642265968707,0.1199815920899251,0.4998416262704605,0.3380340467554569,0.75
bulk,systematic,31,240.0,12.0,4.547990101855248e-06,7.4229901656508446e-06,1.6419272083867298,0.0,0.0,0.0,0.0,0.031204027033697512,0.18259607212120565,0.23261446976411762,1.0
bulk,systematic,32,30.0,2.0,1.3829994713887572e-06,1.882996002677828e-06,2.2280839017450034,0.3737762868902612,0.0,0.09005621419319432,0.0,0.015189183395066141,0.7170090218271948,0.44833491781623974,0.16666666666666666
bulk,systematic,32,60.0,3.0,2.064000000245869e-06,2.734996087383479e-06,2.2284394479539036,0.3737762868902612,0.0,0.09005621419319432,0.0,0.015189183395066141,0.7170212644856844,0.44989936423687105,0.25
bulk,systematic,32,120.0,6.0,2.945002052001655e-06,4.116991476621479e-06,1.9959180423708422,0.0,0.0,0.0,0.0,0.015189183395066141,0.33049581529658045,0.4368714944712557,0.5
bulk,systematic,32,180.0,9.0,3.837005351670086e-06,5.649984814226627e-06,1.896214401407516,0.0,0.0,0.0,0.0,0.015189183395066141,0.32007118685946484,0.4213925430656364,0.75
bulk,systematic,32,240.0,12.0,4.658009856939316e-06,7.153990736696869e-06,1.7308377424772203,0.0,0.0,0.0,0.001668986130187733,-2.220446049250313e-16,0.22961223502211778,0.2674352678221954,1.0
bulk,systematic,33,30.0,2.0,1.43300712807104e-06,2.273998688906431e-06,1.9698572946136512,0.6384283504411781,0.3414393279351168,-2.220446049250313e-16,-2.220446049250313e-16,0.07275720756512782,0.5723132858646763,0.42406356164109127,0.16666666666666666
bulk,systematic,33,60.0,3.0,2.014006895478815e-06,3.0960000003688037e-06,1.9560861511717589,0.6384283504411781,0.3414393279351168,-2.220446049250313e-16,-2.220446049250313e-16,0.07275720756512782,0.5717694923118263,0.38117985718031694,0.25
bulk,systematic,33,120.0,6.0,2.996006514877081e-06,4.787994839716703e-06,1.9598839756885094,0.13018507767653065,0.0,0.038614398775764225,0.0,0.07275720756512793,0.47679439834098214,0.4038897691732271,0.5
bulk,systematic,33,180.0,9.0,3.726003342308104e-06,6.1409882619045675e-06,1.6591345519012732,0.0,0.0,0.038614398775764225,0.0,0.0,0.2793950713093062,0.27844193205115086,0.75
bulk,systematic,33,240.0,12.0,4.437002644408494e-06,7.553986506536603e-06,1.5883249362724652,0.13018507767653065,0.0,0.038614398775764225,0.0,0.0,0.2288923176735661,0.2080872643197666,1.0
bulk,systematic,34,30.0,2.0,1.3730095815844834e-06,2.063003194052726e-06,1.9963233837982928,0.6583321950698647,0.6021282251433716,0.3895575767102539,0.3717123615869118,0.0,1.1592594314548748,0.38712575168514324,0.16666666666666666
bulk,systematic,34,60.0,3.0,2.0540101104415953e-06,2.8750000637955964e-06,1.9178432741195002,0.6583321950698647,0.42892900460270234,0.42499757256794657,0.030996611287202547,0.07401665321744766,1.028026146397994,0.35776602842565947,0.25
bulk,systematic,34,120.0,6.0,3.548011591192335e-06,4.738001734949648e-06,1.8363045894243732,0.46517211938220837,0.5196062186276453,0.07416692577238249,0.030996611287202547,0.0,0.6449921489638021,0.26938599418984455,0.5
bulk,systematic,34,180.0,9.0,4.1990133468061686e-06,6.388996553141624e-06,1.6624258017080598,0.0,0.0,0.0,0.030996611287202547,0.0,0.30908760741011126,0.20026296299477866,0.75
bulk,systematic,34,240.0,12.0,4.789013473782688e-06,8.062997949309647e-06,1.587319502203593,0.0,0.0,0.0,0.030996611287202547,0.0,0.1993141691606294,0.1655545703107279,1.0
bulk,systematic,35,30.0,2.0,1.2329983292147517e-06,2.0940060494467616e-06,2.2134291565681647,0.0,0.35980078665207194,0.2693284436452785,0.07245010318039291,0.006847707704469741,1.4006544397114555,0.32850335240750284,0.16666666666666666
bulk,systematic,35,60.0,3.0,1.8339997041039169e-06,2.9660077416338027e-06,2.2138989411398504,0.0,0.35980078665207194,0.2693284436452785,0.07245010318039291,0.006847707704469741,1.4006540027182326,0.3284131768505024,0.25
bulk,systematic,35,120.0,6.0,2.7950081857852638e-06,4.689012712333351e-06,2.0280199806039003,0.0,0.35980078665207194,0.2693284436452785,0.2404608346946231,0.006847707704469741,1.0707650702947271,0.2778985691122407,0.5
bulk,systematic,35,180.0,9.0,3.6460114642977715e-06,6.353024218697101e-06,2.0124327554583608,0.0,0.07585423818375814,0.18818061948382736,0.0,0.006847707704469963,0.9793985676695636,0.25643771440023116,0.75
bulk,systematic,35,240.0,12.0,4.568013537209481e-06,7.884023943915963e-06,1.7259631999749487,0.0,0.0,0.0,0.0,0.006847707704469963,0.39266615171500885,0.20195257778138873,1.0
bulk,systematic,36,30.0,2.0,1.282001903746277e-06,1.9740036805160344e-06,2.063761108173686,0.598411860876866,0.4113857117893147,0.3687057322799574,0.09523031563431628,0.028767929082627153,1.0746802436774303,0.4067764217080057,0.16666666666666666
bulk,systematic,36,60.0,3.0,2.34400067711249e-06,3.4670010791160166e-06,1.9187036592124713,0.598411860876866,0.4113857117893147,0.3687057322799574,0.09523031563431628,0.028767929082627153,1.0693575878287596,0.309718005499823,0.25
bulk,systematic,36,120.0,6.0,3.4760087146423757e-06,5.169997166376561e-06,1.845989512637553,0.4834803781595589,0.4171179107240255,0.2925171912983231,0.033291419004691014,0.06355445844648167,0.5910737953322879,0.2381489640409296,0.5
bulk,systematic,36,180.0,9.0,4.388006345834583e-06,6.64199615130201e-06,1.7671554254254396,0.4834803781595589,0.027733828510177028,0.08049474354341224,0.033291419004691236,0.06355445844648178,0.5663193531676931,0.23092691379283803,0.75
bulk,systematic,36,240.0,12.0,5.070003680884838e-06,7.782989996485412e-06,1.6900865554363491,0.0,0.0,0.0,0.033291419004691014,0.06355445844648167,0.17142413302093287,0.15748730546506381,1.0
bulk,systematic,37,30.0,2.0,1.2929958757013083e-06,2.263994247186929e-06,2.53935091787555,0.18340538975113352,0.42916710614693265,0.2779859767375249,0.2883110778786798,0.0,2.060210145167526,0.35747048765213424,0.16666666666666666
bulk,systematic,37,60.0,3.0,1.8939899746328592e-06,3.064997144974768e-06,2.5301959412886372,0.18340538975113352,0.42916710614693265,0.2779859767375249,0.2883110778786798,0.0,2.0593632190493296,0.3381738315297913,0.25
bulk,systematic,37,120.0,6.0,3.025990736205131e-06,4.66799974674359e-06,2.311178779303521,0.18340538975113352,0.42916710614693265,0.2779859767375249,0.2883110778786798,0.0,1.8240978910815926,0.29175078216488437,0.5
bulk,systematic,37,180.0,9.0,4.0779850678518414e-06,6.161004421301186e-06,2.0605819766164806,0.0,0.02996552055900603,0.23065457647064813,0.0,0.0,1.1092849910820504,0.17147660864321232,0.75
bulk,systematic,37,240.0,12.0,5.039983079768717e-06,7.643000571988523e-06,1.8271554376467518,0.0,0.02996552055900603,0.0,0.0,0.0,0.21896618381278943,0.07508939314861118,1.0
bulk,systematic,38,30.0,2.0,1.4220058801583946e-06,2.152999513782561e-06,2.540053732924048,0.0,0.25409661632191993,0.27908360793953757,0.2691465931139243,0.0003266813186881823,3.7428352655385417,0.49182691080836716,0.16666666666666666
bulk,systematic,38,60.0,3.0,2.0930019672960043e-06,3.0139999580569565e-06,2.5026470665469027,0.0,0.25409661632191993,0.27908360793953757,0.2691465931139243,0.0003266813186881823,3.742291940807997,0.46772872501581714,0.25
bulk,systematic,38,120.0,6.0,3.093991836067289e-06,4.756991984322667e-06,2.4854414175920874,0.0,0.25409661632191993,0.27908360793953757,0.2691465931139243,0.0003266813186881823,3.7415347805520245,0.4293111394595935,0.5
bulk,systematic,38,180.0,9.0,3.884990292135626e-06,6.24098174739629e-06,1.9795586476146438,0.54443424858753,0.0,0.0,0.0,0.0003266813186881823,3.291956648984736,0.2541977111290921,0.75
bulk,systematic,38,240.0,12.0,4.84700285596773e-06,7.93297658674419e-06,1.6879852294575366,0.0,0.0,0.018690190473064305,0.0,0.0003266813186881823,0.19997485888671526,0.16536358136979545,1.0
bulk,systematic,39,30.0,2.0,1.2829987099394202e-06,2.0840016077272594e-06,2.0658915500777995,0.4289904127152927,0.5251323725788046,0.03937405229126134,0.1233090649944798,0.08104463488829816,1.1852618625930433,0.5307623420302178,0.16666666666666666
bulk,systematic,39,60.0,3.0,1.843996869865805e-06,2.9860020731575787e-06,2.053252796514048,0.4289904127152927,0.5251323725788046,0.03937405229126134,0.1233090649944798,0.08104463488829816,1.1841404445789396,0.4840810870044372,0.25
bulk,systematic,39,120.0,6.0,3.0859955586493015e-06,5.258996679913253e-06,1.9289958324550132,0.4289904127152927,0.0,0.03937405229126123,0.01788332443649754,0.0,0.9887227686732685,0.34215463996074863,0.5
bulk,systematic,39,180.0,9.0,5.3409967222251e-06,8.354996680282056e-06,1.841908909368889,0.4289904127152927,0.0,0.03937405229126123,0.01788332443649754,0.0,0.9888210510870427,0.2740364757659631,0.75
bulk,systematic,39,240.0,12.0,6.532987754326314e-06,1.0167001164518297e-05,1.6769317991940011,0.0,0.0,0.03937405229126123,0.01788332443649754,0.0,0.31090291132226067,0.22837907828910822,1.0
bulk,systematic,40,30.0,2.0,2.363995008636266e-06,3.895998816005886e-06,1.382868363878172,0.0,0.0,0.22400443805532833,0.13188314562461334,0.10906336880973777,0.22317100689468314,0.3233634446938694,0.16666666666666666
bulk,systematic,40,60.0,3.0,3.1059971661306918e-06,5.567992047872394e-06,1.3663909313580158,0.0,0.0,0.22400443805532833,0.13188314562461334,0.10906336880973777,0.2236099536905705,0.3235271584783213,0.25
bulk,systematic,40,120.0,6.0,4.116998752579093e-06,7.181988621596247e-06,1.334188553481699,0.0,0.0,0.0,0.0,0.015356502559888296,0.12633847634854722,0.26160128079612516,0.5
bulk,systematic,40,180.0,9.0,4.8489964683540165e-06,8.52497760206461e-06,1.3323054728326735,0.0,0.0,0.06314824521441342,0.07340613900295057,0.015356502559888296,0.1699136193635514,0.29145235355543375,0.75
bulk,systematic,40,240.0,12.0,5.721005436498672e-06,9.936979040503502e-06,1.298411397520427,0.0,0.0,0.0674955332887105,0.05533839318533085,0.06239082467116719,0.16477733574830583,0.25553147018690175,1.0
bulk,systematic,41,30.0,2.0,2.282999048475176e-06,3.5959965316578746e-06,1.2910221180084196,0.0,0.11672176412096102,0.1762331889812726,0.0,0.0,0.6042441364090771,0.5313032157326286,0.16666666666666666
bulk,systematic,41,60.0,3.0,3.125001967418939e-06,4.88799560116604e-06,1.2892213076571548,0.0,0.11672176412096102,0.1762331889812726,0.0,0.0,0.6042436663427164,0.5313017221944919,0.25
bulk,systematic,41,120.0,6.0,4.116998752579093e-06,6.64199615130201e-06,1.2441899709218016,0.0,0.11672176412096102,0.0,0.0,0.0,0.5915765335599349,0.5266004063413747,0.5
bulk,systematic,41,180.0,9.0,5.047004378866404e-06,8.17399995867163e-06,1.2170525842934021,0.0,0.0,0.0,0.0,0.005263872010431103,0.18553677944482397,0.4502078391691285,0.75
bulk,systematic,41,240.0,12.0,5.848000000696629e-06,9.545001375954598e-06,1.2082174137704647,0.0,0.0,0.0,0.007362309966399527,0.005263872010431103,0.13203588396670338,0.29751696952427675,1.0
bulk,systematic,42,30.0,2.0,1.7229976947419345e-06,3.735993232112378e-06,1.6458801783170671,0.0,0.2094673638443323,0.15341560977394397,0.0061085278771148,-2.220446049250313e-16,0.6204398033615325,0.48057780299006825,0.16666666666666666
bulk,systematic,42,60.0,3.0,2.3839966161176562e-06,4.7579960664734244e-06,1.6241153338507381,0.0,0.2094673638443323,0.15341560977394397,0.0061085278771148,-2.220446049250313e-16,0.6199791967030094,0.4745745018544104,0.25
bulk,systematic,42,120.0,6.0,3.3959950087592006e-06,6.51198934065178e-06,1.4827562593332448,0.0,0.006554568656070292,0.0,0.0,0.0,0.46531206838310063,0.4591832442258671,0.5
bulk,systematic,42,180.0,9.0,4.237990651745349e-06,7.934984751045704e-06,1.4523445231103311,0.0,0.006554568656070292,0.0,0.0,0.0,0.45655802566044573,0.3866566542779876,0.75
bulk,systematic,42,240.0,12.0,5.209985829424113e-06,9.41698090173304e-06,1.3723228273317665,0.0,0.006554568656070292,0.0,0.0,0.0,0.2604388717203652,0.19193729952729788,1.0
bulk,systematic,43,30.0,2.0,1.853994035627693e-06,2.874992787837982e-06,1.7038759600165567,0.0,0.03954464776459754,0.0,0.0,0.0036570929906859506,1.3675265953608389,0.4594072588280667,0.16666666666666666
bulk,systematic,43,60.0,3.0,2.454995410516858e-06,3.7769932532683015e-06,1.72163054712978,0.0,0.03954464776459754,0.0,0.0,0.0036570929906859506,1.3677156626057747,0.4694510417247815,0.25
bulk,systematic,43,120.0,6.0,3.5180055419914424e-06,5.349997081793845e-06,1.5348932420209296,0.0,0.03954464776459754,0.0,0.0,0.0036570929906859506,0.4001495859927006,0.41600128809545406,0.5
bulk,systematic,43,180.0,9.0,4.408997483551502e-06,6.842004950158298e-06,1.4721665986601016,0.0,0.0,0.0,0.0,0.0036570929906859506,0.3198239858101961,0.3817758162396841,0.75
bulk,systematic,43,240.0,12.0,5.269990651868284e-06,8.414004696533084e-06,1.3927051731887827,0.0,0.0,0.0,0.0,0.0036570929906859506,0.2698500346102468,0.2635971738217152,1.0
bulk,systematic,44,30.0,2.0,1.983993570320308e-06,3.6469937185756862e-06,1.884524657386916,0.7635796223597333,0.7876448088547501,0.6172031615120048,0.14141380691922534,0.007038657094168843,1.333659231893622,0.5216779468724488,0.16666666666666666
bulk,systematic,44,60.0,3.0,3.0759983928874135e-06,5.158988642506301e-06,1.8629961721112558,0.7635796223597333,0.7876448088547501,0.6172031615120048,0.14141380691922534,0.007038657094168843,1.333455030859931,0.5215419467433787,0.25
bulk,systematic,44,120.0,6.0,4.440000338945538e-06,6.772992492187768e-06,1.83215632397218,0.7635796223597333,0.7876448088547501,0.6172031615120048,0.14141380691922534,0.007038657094168843,1.3324066906920822,0.47589545675257394,0.5
bulk,systematic,44,180.0,9.0,5.652997060678899e-06,8.40498978504911e-06,1.6940264031411563,0.7635796223597333,0.08667654201849351,0.050716923998323504,-2.220446049250313e-16,-2.220446049250313e-16,0.9111441251615161,0.2817207150714419,0.75
bulk,systematic,44,240.0,12.0,6.4739942899905145e-06,9.847986802924424e-06,1.4375567579919426,0.0,0.08667654201849351,0.050716923998323504,-2.220446049250313e-16,-2.220446049250313e-16,0.14863178540693922,0.1698626834814669,1.0
bulk,systematic,45,30.0,2.0,3.1559975468553603e-06,4.558009095489979e-06,1.388922654701371,0.3830114209655763,0.11602299821306039,1.1102230246251565e-16,0.039711482805319775,0.08260985868718496,0.22795332261507004,0.3502032041090136,0.16666666666666666
bulk,systematic,45,60.0,3.0,4.598994564730674e-06,6.622009095735848e-06,1.3898386668777236,0.3830114209655763,0.11602299821306039,1.1102230246251565e-16,0.039711482805319775,0.08260985868718496,0.2302081773759194,0.3551148800372811,0.25
bulk,systematic,45,120.0,6.0,6.052992830518633e-06,8.946008165366948e-06,1.3461272933378725,0.3830114209655763,0.11602299821306039,1.1102230246251565e-16,0.039711482805319775,0.024933353560673388,0.209430534291074,0.30721928828311407,0.5
bulk,systematic,45,180.0,9.0,7.144000846892595e-06,1.0889008990488946e-05,1.3485541123945646,0.3830114209655763,0.11602299821306039,1.1102230246251565e-16,2.220446049250313e-16,2.220446049250313e-16,0.19518274850441233,0.27887097184015175,0.75
bulk,systematic,45,240.0,12.0,9.377996320836246e-06,1.439600600861013e-05,1.3015595016119155,0.0,0.0,0.0,0.0,0.0,0.1087669724156434,0.25730967103055397,1.0
bulk,systematic,46,30.0,2.0,2.9859947971999645e-06,4.0769955376163125e-06,1.3502548673720265,0.0,0.06916928839614767,0.14013187652150927,0.10991152515698244,0.10217817050568123,0.4313848783408151,0.3766497196638136,0.16666666666666666
bulk,systematic,46,60.0,3.0,4.147994332015514e-06,5.799993232358247e-06,1.3443214863507977,0.0,0.06916928839614767,0.14013187652150927,0.10991152515698244,0.10217817050568123,0.4313286667901209,0.37722959782205195,0.25
bulk,systematic,46,120.0,6.0,5.960995622444898e-06,8.555995009373873e-06,1.2248149447420005,0.0,0.09597551314029962,0.0806021491002098,0.05688396899602044,0.05547789946572279,0.19916283441983346,0.2926408128475855,0.5
bulk,systematic,46,180.0,9.0,7.262999133672565e-06,1.0769996151793748e-05,1.2143735386183199,0.0,0.09597551314029962,0.0806021491002098,0.05688396899602044,0.05547789946572279,0.1971255666437685,0.23734484271802198,0.75
bulk,systematic,46,240.0,12.0,8.184004400391132e-06,1.229200279340148e-05,1.1999567713659445,0.0,0.0,0.016743140423742142,0.0,0.02170091555721365,0.1256401577650921,0.18242650217053374,1.0
bulk,systematic,47,30.0,2.0,1.924003299791366e-06,3.125001967418939e-06,2.0458176622344797,0.7231638647040335,0.2208040968511058,0.15727583568523507,0.19295849209460247,0.0,1.254280646698269,0.4218337437788218,0.16666666666666666
bulk,systematic,47,60.0,3.0,2.4550026864744723e-06,4.0669983718544245e-06,1.9791578581164444,0.7231638647040335,0.44131451570493807,0.15727583568523507,0.19295849209460247,0.0,1.1995594098888513,0.41384134206439427,0.25
bulk,systematic,47,120.0,6.0,3.4469994716346264e-06,5.859998054802418e-06,1.922381671775889,0.36134131335136177,0.0,0.21645975165619946,0.19295849209460258,1.1102230246251565e-16,0.9225355911770597,0.3434595474121742,0.5
bulk,systematic,47,180.0,9.0,4.328001523390412e-06,7.481998181901872e-06,1.6599250069063638,0.36134131335136177,0.22315757627376442,0.0,0.052758256879779086,0.0,0.6590059004878269,0.20760654855254448,0.75
bulk,systematic,47,240.0,12.0,5.230991519056261e-06,9.103008778765798e-06,1.5076835094755199,0.0,0.0,0.0,0.0,0.0,0.19825198647711628,0.16714264015781563,1.0
bulk,systematic,48,30.0,2.0,2.954999217763543e-06,5.6200005928985775e-06,1.3704710435336083,0.7575542013159398,0.28190040006274275,0.22049682131434045,0.2559197448094963,0.26047616801260653,1.0012516374019416,0.47842311634993195,0.16666666666666666
bulk,systematic,48,60.0,3.0,4.1470048017799854e-06,6.8119989009574056e-06,1.3660575437657405,0.7575542013159398,0.28190040006274275,0.22049682131434045,0.2559197448094963,0.26047616801260653,1.0011950405778471,0.47135518874104,0.25
bulk,systematic,48,120.0,6.0,5.488996976055205e-06,8.9270033640787e-06,1.3216311237953804,0.7575542013159398,0.28190040006274275,0.22049682131434045,0.2559197448094963,0.26047616801260653,0.9960151635888994,0.38969011500915113,0.5
bulk,systematic,48,180.0,9.0,6.822003342676908e-06,1.1220996384508908e-05,1.1862260640756166,0.7575542013159398,0.28190040006274275,0.10821558104922091,1.1102230246251565e-16,1.1102230246251565e-16,0.9693645290973035,0.3136360047315949,0.75
bulk,systematic,48,240.0,12.0,9.127004886977375e-06,1.4555997040588409e-05,1.1099940555155106,0.0,0.0,0.0,0.0,0.0,0.039140632893156425,0.11687030985503907,1.0
bulk,systematic,49,30.0,2.0,2.6239940780214965e-06,5.208006768953055e-06,1.7904740764581846,0.7722338035479159,0.5616792073256847,0.3848034862053301,0.3258754345911494,0.33698137355088575,0.749629493403797,0.3669246093450349,0.16666666666666666
bulk,systematic,49,60.0,3.0,4.406996595207602e-06,7.362010364886373e-06,1.7585463515494635,0.5467856996203526,0.35194479488858876,0.3174692094814645,0.36937040644240937,0.33698137355088587,0.6552589147058282,0.340079943692313,0.25
bulk,systematic,49,120.0,6.0,5.9889862313866615e-06,1.0096016922034323e-05,1.738713271190888,0.5467856996203526,0.35194479488858876,0.3174692094814645,0.32587543459114954,0.0,0.6446492749625642,0.31766306038573017,0.5
bulk,systematic,49,180.0,9.0,7.2799884947016835e-06,1.2279007933102548e-05,1.6727837444854288,0.44638787798114044,0.35194479488858876,0.3174692094814645,0.32587543459114954,0.0,0.6388343825528519,0.29777062214926664,0.75
bulk,systematic,49,240.0,12.0,9.583993232809007e-06,1.598601375008002e-05,1.4243694089886771,0.0,0.0,0.0,0.0,0.0,0.09880817766182245,0.13845664145158657,1.0
bulk,random,0,30.0,4.0,5.412600876297802e-05,1.249199704034254e-05,1.7600976620570057,0.0,0.42916342983289457,0.1645577111201113,0.0968156002288294,0.08638835723130112,0.4994181638135648,0.34650201009057036,0.3333333333333333
bulk,random,0,60.0,5.0,7.221801206469536e-05,1.6388992662541568e-05,1.7018632374771994,0.0,0.0,0.0,0.004080819832627203,0.06340259100426149,0.4230527109703127,0.25515931908056927,0.4166666666666667
bulk,random,0,120.0,9.0,8.842701208777726e-05,2.0858999050688e-05,1.6314848385295535,0.0,0.0,0.0,0.004080819832627203,0.06340259100426149,0.2756679403757426,0.21915929065641893,0.5833333333333334
bulk,random,0,180.0,12.0,9.899600991047919e-05,2.3173997760750353e-05,1.5909425569658693,0.0,0.0,0.0,0.07105540724319326,0.11830226923670573,0.2805558019565468,0.25592487510081263,0.8333333333333334
bulk,random,0,240.0,16.0,0.00011473400809336454,2.64590053120628e-05,1.5712357352370054,0.11699761815798104,0.0,0.0,0.07105540724319326,0.11830226923670573,0.266475232417035,0.2571602132569785,0.8333333333333334
bulk,random,1,30.0,1.0,3.0073002562858164e-05,5.049005267210305e-06,1.2578315451328603,0.3776667770701083,0.20699468824656553,0.0,0.03873633088739781,0.036922425209787946,0.31295900050183034,0.4371321236256059,0.08333333333333333
bulk,random,1,60.0,2.0,3.843800368485972e-05,7.07200524630025e-06,1.2617381822654483,0.3776667770701083,0.20699468824656553,0.0,0.03873633088739781,0.036922425209787946,0.31225581839044386,0.42680587098299533,0.16666666666666666
bulk,random,1,120.0,5.0,4.80150047224015e-05,9.556002623867244e-06,1.203645092296907,0.3776667770701083,0.20699468824656553,0.0,0.03873633088739781,0.036922425209787946,0.3116966349726624,0.43917433705643893,0.4166666666666667
bulk,random,1,180.0,9.0,5.940599658060819e-05,1.2470998626668006e-05,1.1944139512856349,0.3776667770701083,0.20699468824656553,0.0,0.03873633088739781,0.036922425209787946,0.31087936236047137,0.4258574276499311,0.5
bulk,random,1,240.0,29.0,0.00012115600111428648,3.106500662397593e-05,1.12467015581107,0.17547599762442456,0.0,0.0,0.011172001678627974,0.04588483826249723,0.1510099678818802,0.2976540490306827,0.9166666666666666
bulk,random,2,30.0,3.0,3.754500357899815e-05,5.499990948010236e-06,1.6035246436971973,0.6935039959887186,0.36834636598648685,0.3458860008356204,0.3959283244040902,0.06057372558805352,0.9236522307191863,0.6125403734555859,0.25
bulk,random,2,60.0,6.0,4.591000470099971e-05,7.873990398366004e-06,1.5953256900125743,0.6935039959887186,0.36834636598648685,0.3458860008356204,0.3959283244040902,0.06057372558805352,0.9232680851069868,0.5888090831556748,0.3333333333333333
bulk,random,2,120.0,8.0,5.086900637252256e-05,9.316994692198932e-06,1.4747772458809143,0.6935039959887186,0.36834636598648685,0.3458860008356204,0.0,0.01944364833435641,0.8697640124212195,0.4528814151057701,0.4166666666666667
bulk,random,2,180.0,12.0,5.989500641589984e-05,1.1331001587677747e-05,1.3495637076112719,0.11725033819348041,0.4021933683259111,0.3458860008356204,0.0,0.0,0.4564505579547264,0.3791177306130702,0.6666666666666666
bulk,random,2,240.0,28.0,9.244100510841236e-05,1.791301474440843e-05,1.2097291133442791,0.11725033819348041,0.0,0.02910839710805624,0.06632239671445872,0.01944364833435641,0.2747164802369509,0.3456073899797553,0.9166666666666666
bulk,random,3,30.0,4.0,4.3277999793644994e-05,9.246999979950488e-06,2.2050885472060253,0.0,0.0,0.07358288774711219,0.0,0.06067843004226159,0.5802895346637803,0.2961820380467408,0.3333333333333333
bulk,random,3,60.0,5.0,5.961699935141951e-05,1.2923002941533923e-05,2.0521548779184218,0.0,0.0,0.07358288774711219,0.0,0.06067843004226159,0.4644519010191459,0.29295266187142166,0.4166666666666667
bulk,random,3,120.0,7.0,7.22190088708885e-05,1.625799632165581e-05,2.040228797848156,0.0,0.0,0.07358288774711219,0.0,0.06067843004226159,0.4350672888581286,0.28486655195854493,0.5
bulk,random,3,180.0,11.0,8.596300904173404e-05,2.0114988728892058e-05,1.926071946741307,0.0,0.0,0.0,0.0,0.0,0.33407649923761135,0.2583732185241567,0.6666666666666666
bulk,random,3,240.0,20.0,0.00011077702220063657,2.5554982130415738e-05,1.8857676488124449,0.0,0.0,0.0,0.0,0.0,0.31047135678404353,0.27914914884147457,1.0
bulk,random,4,30.0,1.0,2.6507004804443568e-05,5.258996679913253e-06,1.8295818799012455,0.09546082567376357,0.2407912274813907,0.2630759812935227,0.0,0.0006204992361537043,0.5698860408281662,0.24599286136568632,0.08333333333333333
bulk,random,4,60.0,2.0,3.538301098160446e-05,7.191993063315749e-06,1.8209507188393301,0.09546082567376357,0.2407912274813907,0.2630759812935227,0.0,0.0006204992361537043,0.5698625964861539,0.24583956324399558,0.16666666666666666
bulk,random,4,120.0,6.0,4.868501127930358e-05,1.0587005817797035e-05,1.7798754129842196,0.09546082567376357,0.2407912274813907,0.2630759812935227,0.0,0.013744684747308056,0.5315475536635542,0.21369303945356904,0.4166666666666667
bulk,random,4,180.0,11.0,6.823001604061574e-05,1.5345998690463603e-05,1.652551304239739,0.09546082567376357,0.0,0.0,0.0,0.013744684747308056,0.2144240339812411,0.20423362523337593,0.6666666666666666
bulk,random,4,240.0,24.0,0.00010818905138876289,2.3450993467122316e-05,1.6732734883729465,0.09546082567376357,0.0,0.0,0.0,0.0006204992361537043,0.30915510216515407,0.18286344654250825,0.8333333333333334
bulk,random,5,30.0,2.0,2.9862996598239988e-05,4.218003596179187e-06,2.0843661225491767,0.7043639796175656,0.6534614849175131,0.4904453380120396,0.10656848541864206,0.15372708624101894,1.3418790238187728,0.5002812802662359,0.16666666666666666
bulk,random,5,60.0,6.0,4.037100006826222e-05,6.812995707150549e-06,2.0389729336075404,0.7043639796175656,0.11744448345280778,0.21294622897274784,0.10656848541864195,0.15372708624101883,1.3490646454738426,0.5010948652759138,0.3333333333333333
bulk,random,5,120.0,9.0,4.784399061463773e-05,8.806986443232745e-06,1.9315364600573102,0.7043639796175656,0.11744448345280778,0.21294622897274784,0.10656848541864195,0.15372708624101883,1.3228866896754572,0.427098162223058,0.5
bulk,random,5,180.0,12.0,5.467599112307653e-05,1.039997732732445e-05,1.9238038733314091,0.7043639796175656,0.11744448345280778,0.21294622897274784,0.10656848541864195,0.15372708624101883,1.3214398852251898,0.423991688969829,0.5833333333333334
bulk,random,5,240.0,25.0,9.419098205398768e-05,1.714398240437731e-05,1.8970896477590233,0.0,0.1736659975358592,0.3108232864891165,0.28949863575081625,0.17965255361905308,0.583783188080134,0.34939045004223845,0.9166666666666666
bulk,random,6,30.0,2.0,3.4972006687894464e-05,6.512003892567009e-06,1.2572989170018132,0.7918097810638622,0.0780754520573207,0.0,0.019249937604791545,0.048765810464111325,0.5383837367554323,0.4249123200138791,0.16666666666666666
bulk,random,6,60.0,3.0,4.641200939659029e-05,9.556999430060387e-06,1.2537999388505048,0.7918097810638622,0.0780754520573207,0.0,0.019249937604791545,0.048765810464111325,0.538525701790655,0.42573732937059394,0.25
bulk,random,6,120.0,5.0,5.474700446939096e-05,1.204099680762738e-05,1.2495647554735598,0.7918097810638622,0.0780754520573207,0.0,0.019249937604791545,0.048765810464111325,0.53829388938892,0.4160620721643602,0.4166666666666667
bulk,random,6,180.0,7.0,6.698900688206777e-05,1.5076999261509627e-05,1.2323367559811944,0.7918097810638622,0.0780754520573207,0.0,0.019249937604791545,0.0,0.5364515159826406,0.38506857708810494,0.5
bulk,random,6,240.0,18.0,9.933797991834581e-05,2.155801485059783e-05,1.1462732416854873,0.0,0.0,0.0,0.0,0.0,0.19285322692867435,0.33092378177911974,0.8333333333333334
bulk,random,7,30.0,1.0,1.6329002392012626e-05,2.2139938664622605e-06,2.068997771782248,0.7755690419357434,0.14162132743499978,0.22192267945103739,0.105627436220736,0.164920740687706,0.880732477942844,0.37363286873551144,0.08333333333333333
bulk,random,7,60.0,5.0,2.8201000532135367e-05,5.118999979458749e-06,1.9748167129838758,0.0,0.23284712921953865,0.10272992575962281,0.18388939123056225,0.1447047697599554,0.7024336835876626,0.34281627445524243,0.3333333333333333
bulk,random,7,120.0,9.0,3.734799975063652e-05,7.1829999797046185e-06,1.8973718746127368,0.0,0.23284712921953865,0.3120254419470605,0.18388939123056225,0.1447047697599554,0.6994809921008361,0.3479239829254817,0.6666666666666666
bulk,random,7,180.0,10.0,4.042399814352393e-05,8.034003258217126e-06,1.8888951464665293,0.0,0.23284712921953865,0.3120254419470605,0.18388939123056225,0.1447047697599554,0.6978740545821978,0.3468366065565029,0.6666666666666666
bulk,random,7,240.0,31.0,8.366999827558175e-05,1.640800473978743e-05,1.8017687800414885,0.0,0.0,0.0,0.09465966502414036,0.07018903864718073,0.4152624068032287,0.19757055534297804,1.0
bulk,random,8,30.0,6.0,3.0253009754233062e-05,5.2390023483894765e-06,1.7916852053282482,0.5395405824549859,0.0,0.03274912267043728,0.0,0.001516865806217238,1.1112088296358298,0.32842559624683415,0.25
bulk,random,8,60.0,6.0,3.0253009754233062e-05,5.2390023483894765e-06,1.7916852053282482,0.5395405824549859,0.0,0.03274912267043728,0.0,0.001516865806217238,1.1112088296358298,0.32842559624683415,0.25
bulk,random,8,120.0,12.0,4.711100336862728e-05,9.046983905136585e-06,1.5949429091186957,0.0,0.0,0.0,0.0,0.0,0.6018665883991074,0.2977828318794712,0.5
bulk,random,8,180.0,17.0,5.838100332766771e-05,1.183298445539549e-05,1.5921787912488072,0.0,0.0,0.0,0.0,0.0,0.6015367837874225,0.28143709506951825,0.6666666666666666
bulk,random,8,240.0,22.0,7.122400711523369e-05,1.4376993931364268e-05,1.5790551208558965,0.0,0.0,0.0,0.0,0.0,0.6140815869349544,0.27840819375361503,0.9166666666666666
bulk,random,9,30.0,3.0,5.055100336903706e-05,9.85799852060154e-06,1.952119162555548,0.47675117960746094,0.25547262486902167,0.09130957312112187,0.07582669895769878,0.06501373690925805,0.5926309378685,0.42952460601358544,0.25
bulk,random,9,60.0,5.0,6.78120122756809e-05,1.3976001355331391e-05,1.9325563689168097,0.47675117960746094,0.1837495299020906,0.21652042315348807,0.07582669895769889,0.12008842220200233,0.5353073605342755,0.4259235043986959,0.3333333333333333
bulk,random,9,120.0,7.0,7.46930090826936e-05,1.5700003132224083e-05,1.9089811785456279,0.47675117960746094,0.1837495299020906,0.21652042315348807,0.07582669895769889,0.12008842220200233,0.5041992371859378,0.33456343989797993,0.5
bulk,random,9,180.0,10.0,8.365000394405797e-05,1.8054008251056075e-05,1.9064661926373285,0.47675117960746094,0.1837495299020906,0.21652042315348807,0.07582669895769889,0.12008842220200233,0.5042072715641698,0.32737544318872247,0.6666666666666666
bulk,random,9,240.0,24.0,0.0001281400109292008,2.7110007067676634e-05,1.7694012480596222,0.0,0.1764281658861907,0.08611361017936259,0.07582669895769878,0.11335338198109368,0.2696227256263618,0.2856255212112808,0.9166666666666666
bulk,random,10,30.0,2.0,1.2021999282296747e-05,2.8059948817826807e-06,1.9826423644624356,0.5573707674086739,0.551826544671244,0.5902675239022472,0.5652791343682484,0.08169763913644446,1.3813531134601629,0.4865960790261866,0.16666666666666666
bulk,random,10,60.0,3.0,1.5618003089912236e-05,3.92799120163545e-06,2.016063054251586,0.5573707674086739,0.6737031695334394,0.6394859576455776,0.13134402129139133,0.08982277836257202,1.3886460664729652,0.49784226140892174,0.25
bulk,random,10,120.0,7.0,3.1306000892072916e-05,7.453985745087266e-06,2.0167327975963345,0.5573707674086739,0.6737031695334394,0.6394859576455776,0.13134402129139133,0.08982277836257202,1.384579084421763,0.4498700276365445,0.4166666666666667
bulk,random,10,180.0,10.0,4.399899626150727e-05,1.053897722158581e-05,1.9626990346108364,0.5573707674086739,0.6737031695334394,0.1067826556742959,0.13134402129139133,0.08982277836257202,1.3327682629406423,0.4335010485257726,0.6666666666666666
bulk,random,10,240.0,21.0,9.516197314951569e-05,2.1437983377836645e-05,1.9328935555072386,0.5573707674086739,0.6737031695334394,0.1067826556742959,0.09583907751757403,0.08982277836257202,1.3198230915585143,0.4049073141555521,0.8333333333333334
bulk,random,11,30.0,2.0,3.956000000471249e-05,5.510002665687352e-06,1.9384294931058275,0.8921352426341607,0.7594834145627389,-2.220446049250313e-16,-2.220446049250313e-16,0.015333400442710143,1.9582979278753312,0.526346673741165,0.16666666666666666
bulk,random,11,60.0,5.0,5.1379996875766665e-05,8.524999429937452e-06,1.4009658376667777,0.0,0.056863950006552644,-2.220446049250313e-16,-2.220446049250313e-16,0.024038360265557612,0.20183855832966005,0.4115613649118285,0.4166666666666667
bulk,random,11,120.0,8.0,6.749799649696797e-05,1.1500997061375529e-05,1.3694932166093612,0.0,0.08288527604138629,0.02383284375236827,0.0,0.024038360265557834,0.18784779677907532,0.4095513580581765,0.5833333333333334
bulk,random,11,180.0,13.0,8.928698662202805e-05,1.6760990547481924e-05,1.3371873339049192,0.0,0.08288527604138629,0.02383284375236827,0.0,0.024038360265557834,0.2173784248647668,0.4040109651360014,0.6666666666666666
bulk,random,11,240.0,19.0,0.00011375998292351142,2.1928986825514585e-05,1.3332705928291535,0.0,0.08288527604138629,0.02383284375236827,0.0,0.024038360265557834,0.1914478417256006,0.40402407583220395,0.75
bulk,random,12,30.0,6.0,6.084900815039873e-05,1.2621996575035155e-05,1.6077821365761185,0.951387455043857,0.8992879632112151,0.033539840975024826,0.030681313338116967,0.0002735985802798657,1.5824408586387617,0.44214249502368913,0.4166666666666667
bulk,random,12,60.0,6.0,6.084900815039873e-05,1.2621996575035155e-05,1.6077821365761185,0.951387455043857,0.8992879632112151,0.033539840975024826,0.030681313338116967,0.0002735985802798657,1.5824408586387617,0.44214249502368913,0.4166666666666667
bulk,random,12,120.0,11.0,8.505200094077736e-05,1.831199915613979e-05,1.6027279261073755,0.951387455043857,0.8992879632112151,0.033539840975024826,0.030681313338116967,0.0002735985802798657,1.5690000545189273,0.3974728603797588,0.5833333333333334
bulk,random,12,180.0,14.0,0.0001013610017253086,2.2879998141434044e-05,1.3130372567677642,0.0,0.02299292658626495,0.021748017796422436,0.030681313338116856,0.0002735985802798657,0.35971424517671385,0.2783051562135941,0.75
bulk,random,12,240.0,24.0,0.000130892003653571,2.9572001949418336e-05,1.246438712393717,0.0,0.02299292658626495,0.021748017796422436,0.030681313338116856,0.0002735985802798657,0.18525211955301132,0.20678750250325936,0.8333333333333334
bulk,random,13,30.0,1.0,2.162800228688866e-05,3.6460041883401573e-06,1.8451934719489902,0.0,0.0,0.037574981968373056,0.02221847505840857,0.0014159229476432555,0.5265636753149402,0.4583810945558953,0.08333333333333333
bulk,random,13,60.0,4.0,4.136200004722923e-05,8.825008990243077e-06,1.8220169782544977,0.0,0.0,0.037574981968373056,0.02221847505840857,0.0014159229476432555,0.4998826972185957,0.416961545020945,0.16666666666666666
bulk,random,13,120.0,7.0,5.656899884343147e-05,1.3042015780229121e-05,1.7544618892699368,0.0,0.0,0.037574981968373056,0.02221847505840857,0.0014159229476432555,0.4763215462244776,0.34972304104236507,0.4166666666666667
bulk,random,13,180.0,13.0,8.882700785761699e-05,1.8993021512869745e-05,1.6394612520861525,0.0,0.09953558459945444,0.037574981968373056,0.02221847505840857,0.0014159229476432555,0.35604160944092483,0.25246236725416216,0.75
bulk,random,13,240.0,15.0,0.00010004801151808351,2.127602056134492e-05,1.6350078481233934,0.0,0.09953558459945444,0.037574981968373056,0.02221847505840857,0.0014159229476432555,0.35225394405936583,0.25179027279940464,0.75
bulk,random,14,30.0,4.0,2.9923990950919688e-05,6.012007361277938e-06,2.1307611406691653,0.0,0.22709084198126772,0.029198045901863146,0.054109984158031144,0.06354261265927086,0.8787016011235441,0.39092530960454525,0.3333333333333333
bulk,random,14,60.0,5.0,4.1915991459973156e-05,9.518007573205978e-06,2.1064086711283747,0.0,0.22709084198126772,0.029198045901863146,0.054109984158031144,0.06354261265927086,0.8766734605436706,0.381965515448089,0.4166666666666667
bulk,random,14,120.0,10.0,6.596899766009301e-05,1.5027006156742573e-05,2.1195770477512093,0.0,0.22709084198126772,0.029198045901863146,0.054109984158031144,0.06354261265927086,0.8945627854375386,0.39805915710108336,0.5833333333333334
bulk,random,14,180.0,17.0,8.959000842878595e-05,2.044701250270009e-05,1.904281108682082,0.0,0.0,0.057131929356214695,0.054109984158031144,0.06354261265927086,0.37692703196632915,0.2561825791357421,0.8333333333333334
bulk,random,14,240.0,21.0,0.00010360601299908012,2.358300844207406e-05,1.894213915457961,0.0,0.0,0.057131929356214695,0.054109984158031144,0.06354261265927086,0.36970917400705344,0.23626460061469884,0.8333333333333334
bulk,random,15,30.0,2.0,2.4574001145083457e-05,3.50600021192804e-06,2.057421462038641,0.3151542703797082,0.0,0.10058379666525552,0.05759859399144385,0.05310447448795241,0.8679322139042738,0.4103090303719266,0.16666666666666666
bulk,random,15,60.0,5.0,3.3519994758535177e-05,6.541005859617144e-06,1.859326707383582,0.0,0.0,0.10058379666525552,0.05759859399144385,0.05310447448795241,0.5168092825416875,0.36783168752197204,0.3333333333333333
bulk,random,15,120.0,7.0,3.895999543601647e-05,7.984010153450072e-06,1.7805319650011182,0.0,0.0,0.0,0.009728346372479213,0.05310447448795241,0.24358036786429332,0.3153062655176667,0.5
bulk,random,15,180.0,11.0,4.879800690105185e-05,1.0348005162086338e-05,1.7740143431736595,0.0,0.0,0.0,0.009728346372479213,0.05310447448795241,0.22892425459000476,0.30536725800320547,0.5833333333333334
bulk,random,15,240.0,20.0,6.92429966875352e-05,1.4856006600894034e-05,1.6633800732415323,0.0,0.0,0.0,0.009728346372479213,0.05310447448795241,0.23353817361459356,0.24758027004807223,0.9166666666666666
bulk,random,16,30.0,3.0,2.776901237666607e-05,5.9110025176778436e-06,1.5190417424334546,0.3454103017436323,0.0,0.0,0.0,0.0,0.42143235523055156,0.49735977767669654,0.25
bulk,random,16,60.0,3.0,2.776901237666607e-05,5.9110025176778436e-06,1.5190417424334546,0.3454103017436323,0.0,0.0,0.0,0.0,0.42143235523055156,0.49735977767669654,0.25
bulk,random,16,120.0,5.0,3.922001633327454e-05,9.327995940111578e-06,1.363638314035473,0.0,0.0,0.0,0.0,0.0,0.1269323040949,0.495273910100774,0.4166666666666667
bulk,random,16,180.0,8.0,5.1772018196061254e-05,1.2132994015701115e-05,1.288235554203599,0.0,0.0,0.0,0.0,0.0,0.10317457448296964,0.3680339899627842,0.5833333333333334
bulk,random,16,240.0,18.0,8.254701242549345e-05,1.8295017071068287e-05,1.2911320116427654,0.0,0.0,0.0,0.0,0.0,0.10959147453867982,0.3684604184109193,0.75
bulk,random,17,30.0,2.0,2.5526001991238445e-05,4.607994924299419e-06,1.765876575068539,0.20249151316651715,0.34805393084538316,0.22575249845751888,0.3491689269635172,0.24029845499917435,0.9231606661850535,0.5239911714088511,0.08333333333333333
bulk,random,17,60.0,3.0,3.35100048687309e-05,6.88199361320585e-06,1.76535229151341,0.20249151316651715,0.34805393084538316,0.22575249845751888,0.3491689269635172,0.24029845499917435,0.9229279232439681,0.5221224812125109,0.08333333333333333
bulk,random,17,120.0,6.0,4.8717003664933145e-05,1.0728996130637825e-05,1.6769034761679222,0.20249151316651715,0.34805393084538316,0.5039927357088589,0.4023597975474944,0.24029845499917446,0.9055919501151001,0.5169058467728651,0.3333333333333333
bulk,random,17,180.0,14.0,8.095400698948652e-05,1.757200516294688e-05,1.6790943917686076,0.20249151316651715,0.024605312603953156,0.27824023725134006,0.30165350094235654,0.15055308420527735,0.7081786855848003,0.489780236981292,0.75
bulk,random,17,240.0,29.0,0.00013891800335841253,2.8864997148048133e-05,1.6165624041031885,0.0,0.0,0.0,0.0795219549934727,0.16203691970122058,0.2868547060661002,0.3627166763359815,1.0
bulk,random,18,30.0,6.0,2.8220994863659143e-05,5.61899651074782e-06,0.8602076863084571,0.40356190241806267,0.28205410232321504,0.0,0.06561810294400738,0.09542571900364338,0.17715413588451084,0.4674829745510233,0.3333333333333333
bulk,random,18,60.0,9.0,3.668599674711004e-05,7.602000550832599e-06,0.8372185446292256,0.45028191452805466,0.02926515734042967,-2.220446049250313e-16,0.09048408560116983,0.0852746592371042,0.13780714878030836,0.44358873734512394,0.5833333333333334
bulk,random,18,120.0,12.0,4.540199734037742e-05,9.796007361728698e-06,0.8271622338878609,0.45028191452805466,0.28205410232321504,0.0,0.05484691524211083,0.06184028198062608,0.13511362177562297,0.4150593847179744,0.6666666666666666
bulk,random,18,180.0,17.0,6.018799467710778e-05,1.284301106352359e-05,0.8111337612805478,0.40356190241806267,0.0,0.0,0.05484691524211083,0.06184028198062608,0.08160383590554184,0.4005922379044015,0.75
bulk,random,18,240.0,21.0,7.018598989816383e-05,1.5249010175466537e-05,0.8002674636398887,0.40356190241806267,0.0,0.0,0.05484691524211083,0.06184028198062608,0.0739748625662525,0.375987733588058,0.8333333333333334
bulk,random,19,30.0,4.0,3.6312994780018926e-05,7.48500315239653e-06,2.218665166477584,0.7822331023309417,0.5798418135032748,0.3004890173033633,0.06386814338450042,0.04083716141133886,1.1600638155461047,0.35698302772189566,0.3333333333333333
bulk,random,19,60.0,5.0,4.275399987818673e-05,9.107003279495984e-06,2.2127091615861887,0.7822331023309417,0.5798418135032748,0.3004890173033633,0.06386814338450042,0.04083716141133886,1.1596524620441018,0.34973156143951567,0.3333333333333333
bulk,random,19,120.0,11.0,6.167799438117072e-05,1.3373995898291469e-05,2.105209900137337,0.7822331023309417,0.5798418135032748,0.5218113284266848,0.2595823606083353,0.04083716141133886,1.1461186510440713,0.33588826732603966,0.5833333333333334
bulk,random,19,180.0,14.0,7.339999865507707e-05,1.6058998880907893e-05,1.982201875289373,0.7822331023309417,0.38694018646366823,0.29525520701664354,0.2550610478449097,0.04083716141133886,0.9497415046131105,0.2841105494038756,0.75
bulk,random,19,240.0,22.0,0.00010359299631090835,2.172000677092001e-05,1.9402891893267153,0.7822331023309417,0.38694018646366823,0.29525520701664354,0.2550610478449097,0.04083716141133886,0.940938264022564,0.2740265415206561,0.8333333333333334
bulk,random,20,30.0,6.0,3.0365008569788188e-05,5.360008799470961e-06,1.8675263998374705,0.0,0.21420036917432483,0.020082755897507965,0.029454721013035257,0.002555020552324039,1.0288077550309347,0.40134460448012566,0.3333333333333333
bulk,random,20,60.0,9.0,3.8549005694221705e-05,7.534006726928055e-06,1.74389667510148,0.0,0.0,0.03154333103704754,0.029454721013035257,0.002555020552324039,0.3980653401327774,0.3134034868606905,0.5833333333333334
bulk,random,20,120.0,12.0,5.371400766307488e-05,1.078900822903961e-05,1.7087211989751347,0.0,0.0,0.03154333103704754,0.029454721013035257,0.002555020552324039,0.38351381110199,0.27687233725052496,0.75
bulk,random,20,180.0,16.0,6.415200914489105e-05,1.317301212111488e-05,1.6394286623204923,0.0,0.0,0.03154333103704754,0.029454721013035257,0.002555020552324039,0.35242350887119994,0.2043378634650196,0.8333333333333334
bulk,random,20,240.0,26.0,8.888700540410355e-05,1.7680999008007348e-05,1.6180876806096947,0.0,0.0,0.03154333103704754,0.029454721013035257,0.002555020552324039,0.2687649707487813,0.18787294526998868,0.8333333333333334
bulk,random,21,30.0,4.0,2.7809997845906764e-05,5.7499928516335785e-06,1.319092381230259,0.5066210951058145,0.2831579127290075,-2.220446049250313e-16,-2.220446049250313e-16,-2.220446049250313e-16,0.743002083962989,0.45204719968009804,0.25
bulk,random,21,60.0,6.0,3.401099820621312e-05,7.321999873965979e-06,1.3377562143538106,0.5066210951058145,0.2831579127290075,-2.220446049250313e-16,-2.220446049250313e-16,0.05926381307643047,0.7437772377930797,0.45208291533159756,0.4166666666666667
bulk,random,21,120.0,14.0,5.961500573903322e-05,1.2301010428927839e-05,1.2496501399920614,0.21081780755083734,0.0,0.0,0.0,0.059263813076430694,0.174187445557321,0.40627741232073666,0.75
bulk,random,21,180.0,18.0,6.882199522806332e-05,1.4133009244687855e-05,1.2482391645606556,0.21081780755083734,0.0,0.0,0.0,0.059263813076430694,0.16868845351500972,0.3878210369352948,0.8333333333333334
bulk,random,21,240.0,26.0,8.61029839143157e-05,1.697901461739093e-05,1.2394665484450507,0.21081780755083734,0.0,0.0,0.0,0.059263813076430694,0.159987576388754,0.37222882446954325,0.8333333333333334
bulk,random,22,30.0,5.0,3.988199750892818e-05,6.971997208893299e-06,1.159746821514628,0.0,0.0,0.01234057117962728,0.01133212296564401,0.03387844389850869,0.24425009425377686,0.2838432964507712,0.3333333333333333
bulk,random,22,60.0,7.0,4.842800262849778e-05,9.255993063561618e-06,1.1565667717504744,0.0,0.0,0.01234057117962728,0.01133212296564401,0.03387844389850869,0.24478837918251686,0.2901803196451602,0.4166666666666667
bulk,random,22,120.0,13.0,6.656101322732866e-05,1.3302982551977038e-05,1.1509541523325841,0.0,0.0,0.01234057117962728,0.01133212296564401,0.03387844389850869,0.2442435424669792,0.256031181280188,0.6666666666666666
bulk,random,22,180.0,18.0,8.19280103314668e-05,1.6567973943892866e-05,1.135856172215141,0.0,0.0,0.0,0.01133212296564401,0.03387844389850869,0.10364813316853255,0.2465985337122471,0.75
bulk,random,22,240.0,25.0,0.00010473901056684554,2.1035972167737782e-05,1.0781255564175656,0.0,0.0,0.0,0.035071756726330006,0.02293189522293726,0.14822207588510986,0.2082252875959507,0.9166666666666666
bulk,random,23,30.0,3.0,1.678099943092093e-05,3.1339950510300696e-06,1.6699048012303788,0.13119808897110796,0.23705579967849544,0.057648555700188675,0.17088902802167705,0.1403359656704336,0.9355725788529664,0.47238727343053144,0.25
bulk,random,23,60.0,8.0,2.976399991894141e-05,6.401001883205026e-06,1.631203790460459,0.13119808897110796,0.23705579967849544,0.057648555700188675,0.05957974378947861,0.04575479888921663,0.9318696490310714,0.44618688578522187,0.5
bulk,random,23,120.0,9.0,3.365100565133616e-05,7.3730043368414044e-06,1.6195505124107772,0.13119808897110796,0.23705579967849544,0.057648555700188675,0.05957974378947861,0.09452432405618205,0.9318354102149659,0.4456997329223898,0.5833333333333334
bulk,random,23,180.0,13.0,4.359900776762515e-05,9.605995728634298e-06,1.5666874002828568,0.13119808897110796,0.23705579967849544,0.057648555700188675,0.05957974378947861,0.09452432405618205,0.9298056152301594,0.40826508679084267,0.8333333333333334
bulk,random,23,240.0,22.0,6.699099321849644e-05,1.3491990102920681e-05,1.5739588963218194,0.13119808897110796,0.23705579967849544,0.057648555700188675,0.10451721821590843,0.09452432405618227,0.9300929792987913,0.40345232747948306,0.8333333333333334
bulk,random,24,30.0,2.0,2.9802991775795817e-05,5.709996912628412e-06,1.5547846946136838,0.4403895307826894,0.0,0.023989748424188884,0.14020977157327197,0.1361816154411727,0.8192698103338378,0.5264185531539223,0.16666666666666666
bulk,random,24,60.0,4.0,3.797698445850983e-05,7.652997737750411e-06,1.4968989567901965,0.4403895307826894,0.0,0.023989748424188884,0.14020977157327197,0.13316151217910865,0.7640210476754602,0.4766722870534591,0.3333333333333333
bulk,random,24,120.0,12.0,7.616398215759546e-05,1.4678989828098565e-05,1.4209444819140693,0.0,0.0,0.15931878219063023,0.13214552386770184,0.13316151217910865,0.3117400056623522,0.36587722643454107,0.5833333333333334
bulk,random,24,180.0,13.0,8.753398287808523e-05,1.752398384269327e-05,1.4152958547292567,0.0,0.0,0.15931878219063023,0.13214552386770184,0.12476701733021922,0.30708802737817964,0.35321307358146814,0.5833333333333334
bulk,random,24,240.0,19.0,0.00011494196951389313,2.2742984583601356e-05,1.3836169612652955,0.0,0.0,0.15931878219063023,0.13214552386770184,0.12476701733021922,0.260842513163396,0.34312065800477315,0.5833333333333334
bulk,random,25,30.0,3.0,3.448101051617414e-05,5.7200013543479145e-06,2.2014719211089706,0.24394937591100718,0.0,0.0,0.042747120493093926,0.07795086688557895,0.9262541296988581,0.22878195588825148,0.25
bulk,random,25,60.0,5.0,5.518800753634423e-05,1.031800638884306e-05,2.190816208771764,0.24394937591100718,0.0,0.0,0.042747120493093926,0.07795086688557895,0.9267795179144507,0.22881044646919443,0.25
bulk,random,25,120.0,8.0,7.868000830058008e-05,1.485500979470089e-05,2.109676991846922,0.24394937591100718,0.0,0.0,0.042747120493093926,0.031122686752590667,0.8681276064538368,0.1862508223870749,0.5
bulk,random,25,180.0,13.0,0.00011323000944685191,2.238700835732743e-05,2.036261156301618,0.24394937591100718,0.0,0.0,0.00881038569320014,0.0,0.8077370825836278,0.14290988395352194,0.6666666666666666
bulk,random,25,240.0,21.0,0.00015750800957903266,3.079501766478643e-05,1.9047562040210886,0.0,0.0,0.0,0.0,0.0,0.42008037413942156,0.12197067101758108,0.75
bulk,random,26,30.0,5.0,2.1706990082748234e-05,3.906003257725388e-06,1.5881539462278116,0.561270938465448,0.1663511291281322,0.1239088050002416,0.253149083485666,0.048876935265202204,0.524967891262977,0.5185455565065576,0.4166666666666667
bulk,random,26,60.0,8.0,3.066298086196184e-05,5.7200013543479145e-06,1.6442059179960706,0.561270938465448,0.1663511291281322,0.1239088050002416,0.253149083485666,0.23840995994818892,0.5530227401488309,0.5164332299965739,0.5833333333333334
bulk,random,26,120.0,12.0,4.02089863200672e-05,7.574002665933222e-06,1.5698986073996741,0.561270938465448,0.1663511291281322,0.1239088050002416,0.253149083485666,0.23833523045183524,0.5482102091944442,0.4463862008777054,0.75
bulk,random,26,180.0,22.0,6.156798917800188e-05,1.1180003639310598e-05,1.4034016056294574,0.0,0.0,0.06578189306697269,1.1102230246251565e-16,1.1102230246251565e-16,0.24926788703009517,0.35954637430875847,0.9166666666666666
bulk,random,26,240.0,38.0,9.770098404260352e-05,1.663700822973624e-05,1.3810404780193581,0.0,0.0,0.06578189306697269,1.1102230246251565e-16,1.1102230246251565e-16,0.2135222725035652,0.31991062843260815,0.9166666666666666
bulk,random,27,30.0,1.0,2.297999890288338e-05,3.877001290675253e-06,2.520931021560223,0.7709143590450236,0.0,0.08145137173989814,0.08135713937288302,0.0,4.141341318705687,0.407232929689774,0.08333333333333333
bulk,random,27,60.0,2.0,3.831699723377824e-05,7.904003723524511e-06,2.2073848905523996,0.0,0.0,0.08145137173989814,0.08135713937288302,0.0,0.7943747194475501,0.33345825376735655,0.16666666666666666
bulk,random,27,120.0,7.0,5.61279957764782e-05,1.3114004104863852e-05,2.0289565980928157,0.0,0.0,0.0,0.0,0.0,0.4421389785854554,0.2924528037471824,0.5
bulk,random,27,180.0,15.0,9.191099525196478e-05,1.8674007151275873e-05,1.9268734286656768,0.0,0.0,0.0,0.0,0.0,0.36573106021734914,0.18442762506450006,0.75
bulk,random,27,240.0,26.0,0.0001287669947487302,2.5045002985280007e-05,1.8903434078294084,0.0,0.0,0.0,0.004946188892691605,0.0,0.33361760234120896,0.16104323301060003,0.9166666666666666
bulk,random,28,30.0,3.0,2.9702998290304095e-05,5.900001269765198e-06,2.161507129600735,0.0,0.38249663125483013,0.4114946870905707,0.3250316307332025,0.32965214816828137,1.0393614885437918,0.4183833717593872,0.16666666666666666
bulk,random,28,60.0,7.0,5.945599696133286e-05,1.2310010788496584e-05,2.1038060940245855,0.0,0.062279563575025176,0.28932546578954965,0.3250316307332023,0.32965214816828126,1.1273581253421925,0.3483658027937318,0.4166666666666667
bulk,random,28,120.0,12.0,8.803899982012808e-05,1.8241007637698203e-05,2.0549102683937748,0.0,0.062279563575025176,0.28932546578954965,0.3250316307332023,0.17340619735334417,1.0884863003601088,0.3548955133909446,0.6666666666666666
bulk,random,28,180.0,16.0,0.00011196199193364009,2.3210006474982947e-05,2.0492085273827283,0.0,0.062279563575025176,0.28932546578954965,0.19310868062369835,0.17340619735334406,1.0807351383918424,0.3555056505002307,0.6666666666666666
bulk,random,28,240.0,27.0,0.00014560299314325675,3.122602356597781e-05,2.0163929868760486,0.0,0.062279563575025176,0.013892072926463883,0.10747216362649081,0.17340619735334417,0.7554885617502258,0.2635976887065492,0.9166666666666666
bulk,random,29,30.0,4.0,3.4390999644529074e-05,6.831003702245653e-06,2.006426315500874,0.26548687887443023,0.4279014362153557,0.03194717220836074,0.11316824372198753,0.0777595927101864,0.8964487270016469,0.457927371728877,0.3333333333333333
bulk,random,29,60.0,9.0,5.472799966810271e-05,1.204002182930708e-05,2.013931270523829,0.26548687887443023,0.4279014362153557,0.03194717220836074,0.11316824372198753,0.07718343869051991,0.9202095425523572,0.47745158805609994,0.5
bulk,random,29,120.0,16.0,7.781900058034807e-05,1.7249025404453278e-05,1.9662670349755873,0.26548687887443023,0.0,0.09966719503660404,0.08554355778204348,0.07718343869051991,0.8877217639165278,0.4321058278147688,0.75
bulk,random,29,180.0,19.0,8.91699964995496e-05,1.967501884792e-05,1.7823372916354303,0.0,0.0,0.09966719503660404,0.08554355778204348,0.07718343869051991,0.451946978770496,0.38600908198275896,0.9166666666666666
bulk,random,29,240.0,33.0,0.00012925098417326808,2.6179019187111408e-05,1.7479758629206852,0.0,0.0,0.0007384767981392093,0.0,0.052834650272988615,0.362346862263604,0.3819718286857948,1.0
bulk,random,30,30.0,4.0,3.814699448412284e-05,6.6110005718655884e-06,2.315317730828746,0.0,0.1168075880924554,0.13076496776352609,0.03994671642673331,0.046405637294349544,3.303644541663712,0.48527218454153964,0.25
bulk,random,30,60.0,5.0,4.464899393497035e-05,8.994997187983245e-06,2.31882329178407,0.0,0.1168075880924554,0.13076496776352609,0.03994671642673331,0.046405637294349544,3.303657905620525,0.48737403947459107,0.25
bulk,random,30,120.0,9.0,6.117799784988165e-05,1.2299999070819467e-05,2.03580951204943,0.0,0.1168075880924554,0.13076496776352609,0.03994671642673331,0.046405637294349544,0.9299526169249271,0.4035345058018321,0.4166666666666667
bulk,random,30,180.0,13.0,7.68449972383678e-05,1.5224999515339732e-05,1.9267545451849974,0.0,0.1168075880924554,0.026241775247151655,0.05234814236187124,0.03645685195441217,0.8001395611915268,0.3297683983885448,0.5833333333333334
bulk,random,30,240.0,25.0,0.0001242099970113486,2.2257008822634816e-05,1.8399719192269084,0.0,0.1168075880924554,0.026241775247151655,0.02104083532591927,0.006021721942136127,0.7229597824408196,0.29197800602522544,0.8333333333333334
bulk,random,31,30.0,2.0,2.489400503691286e-05,3.7760037230327725e-06,1.946316971830659,0.5862650466524143,0.2382762539420289,0.37545771399916905,0.4557927986676015,0.4107245217829625,0.6333234797777437,0.5346119313587636,0.16666666666666666
bulk,random,31,60.0,4.0,3.4270000469405204e-05,6.000002031214535e-06,1.9229744510719928,0.5862650466524143,0.2382762539420289,0.37545771399916905,0.4557927986676015,0.4107245217829625,0.6379367837195925,0.5396338575497719,0.25
bulk,random,31,120.0,9.0,5.1479997637216e-05,9.276009222958237e-06,1.847695399927452,0.913711559943605,0.7090364783884661,0.46535018977224984,0.5019265145607776,0.3019437725562457,0.4639005162621928,0.4154413559231411,0.5833333333333334
bulk,random,31,180.0,13.0,6.377200043061748e-05,1.171901385532692e-05,1.7965262861253546,0.1440319267137652,0.4923099557018559,0.46535018977224996,0.5019265145607779,0.3019437725562458,0.46282361722285514,0.41155141021182434,0.6666666666666666
bulk,random,31,240.0,24.0,9.869298082776368e-05,1.7190010112244636e-05,1.6864525280167904,0.0,0.0,0.11540732915072915,0.21232137737626566,0.12039452346163071,0.30226401890204324,0.2988639315097044,0.9166666666666666
bulk,random,32,30.0,2.0,3.10949981212616e-05,5.379006324801594e-06,2.1887012785795954,0.3737762868902612,0.0,0.09005621419319432,0.0,0.015189183395066141,0.7297304219142736,0.39884513065940636,0.16666666666666666
bulk,random,32,60.0,2.0,3.10949981212616e-05,5.379006324801594e-06,2.1887012785795954,0.3737762868902612,0.0,0.09005621419319432,0.0,0.015189183395066141,0.7297304219142736,0.39884513065940636,0.16666666666666666
bulk,random,32,120.0,7.0,5.191298987483606e-05,1.0887997632380575e-05,2.166818646413692,0.3737762868902612,0.0,0.09005621419319432,0.0,0.015189183395066141,0.7282799483424994,0.27963438623096804,0.3333333333333333
bulk,random,32,180.0,8.0,6.637798651354387e-05,1.3843993656337261e-05,2.1278135662127347,0.3737762868902612,0.0,0.09005621419319432,0.0,0.015189183395066141,0.7213403784198958,0.2588457539070546,0.4166666666666667
bulk,random,32,240.0,17.0,9.72039852058515e-05,2.11770020541735e-05,2.0313895220169633,0.3737762868902612,0.0,0.09005621419319432,0.0,0.0,0.7151474575157514,0.26023821366502753,0.8333333333333334
bulk,random,33,30.0,3.0,3.166500391671434e-05,4.998997610528022e-06,1.9126150135572637,0.0,0.0,0.038614398775764225,0.0,0.07275720756512793,0.44003122906723957,0.46412838632472314,0.25
bulk,random,33,60.0,8.0,5.604801117442548e-05,9.007002518046647e-06,1.8896437398344699,0.0,0.0,0.038614398775764225,0.0,0.05157533141990789,0.3359058506392095,0.42952096910442594,0.5833333333333334
bulk,random,33,120.0,10.0,6.772801134502515e-05,1.1290001566521823e-05,1.735777056996436,0.13018507767653065,0.0,0.038614398775764225,0.0,0.05157533141990789,0.3341130474368879,0.3526405938018774,0.75
bulk,random,33,180.0,12.0,7.921801443444565e-05,1.3513003068510443e-05,1.729863376258787,0.13018507767653065,0.0,0.038614398775764225,0.0,0.05157533141990789,0.3288253203202133,0.3531622778658044,0.8333333333333334
bulk,random,33,240.0,21.0,0.00011513102072058246,1.9653009076137096e-05,1.6412965956343442,0.13018507767653065,0.0,0.038614398775764225,0.0,0.0,0.27628753407417417,0.3073212711057332,0.9166666666666666
bulk,random,34,30.0,1.0,1.6769998183008283e-05,2.4940018192864954e-06,2.0269705515410466,0.6583321950698647,0.7021020603507458,0.612991941854147,0.567133043699233,0.17856730817236266,1.4773458239375865,0.49715130734575697,0.08333333333333333
bulk,random,34,60.0,3.0,2.3553002392873168e-05,4.085995897185057e-06,1.990251042324373,0.8844457415778637,0.7494499863411059,0.6871588676265294,0.26028873056708246,0.09630104352808033,1.2644246523967677,0.46013561537865627,0.25
bulk,random,34,120.0,9.0,3.707699943333864e-05,6.691996532026678e-06,1.7671972823270936,0.0,0.17319922054066916,0.21583045030612924,0.06486804845476124,0.0,0.726670044694281,0.3216326132925562,0.5833333333333334
bulk,random,34,180.0,15.0,5.232200783211738e-05,9.35600110096857e-06,1.727952696035671,0.0,0.17319922054066916,0.21583045030612924,0.06486804845476124,0.0,0.7157141415341639,0.3039295989996075,0.5833333333333334
bulk,random,34,240.0,27.0,7.976300548762083e-05,1.3825025234837085e-05,1.675671676472802,0.0,0.21652850857525197,0.07416692577238249,0.06486804845476124,0.0,0.4873581784122638,0.24164774656332266,0.8333333333333334
bulk,random,35,30.0,4.0,4.2125007894355804e-05,6.62199454382062e-06,2.1742462785633645,0.0,0.0,0.21254784540360372,0.07245010318039291,0.006847707704469741,1.318399643306577,0.32093948005804895,0.3333333333333333
bulk,random,35,60.0,9.0,6.5717009420041e-05,1.0869982361327857e-05,2.034702819739186,0.0,0.0,0.21254784540360372,0.07245010318039291,0.006847707704469741,0.9647608158205445,0.31802459743853295,0.6666666666666666
bulk,random,35,120.0,12.0,7.381101750070229e-05,1.2742988474201411e-05,1.913536873359014,0.0,0.0,0.21254784540360372,0.07245010318039291,0.006847707704469741,0.7264223092807248,0.3067125237560729,0.75
bulk,random,35,180.0,20.0,9.196401515509933e-05,1.59579940373078e-05,1.8739765667004111,0.0,0.0,0.21254784540360372,0.07245010318039291,0.006847707704469741,0.7203285492671575,0.2538353989085021,0.75
bulk,random,35,240.0,23.0,0.00010118001227965578,1.7519996617920697e-05,1.8569902621884673,0.0,0.0,0.21254784540360372,0.07245010318039291,0.006847707704469741,0.6922607009582527,0.24999276693283995,0.75
bulk,random,36,30.0,4.0,4.028099647257477e-05,6.64199615130201e-06,2.0704242411006373,0.4834803781595589,0.027733828510177028,0.08049474354341224,0.0952303156343165,0.028767929082627375,0.6489475309576259,0.4382435665625085,0.3333333333333333
bulk,random,36,60.0,8.0,6.942400796106085e-05,1.2002004950772971e-05,2.063933043110361,0.4834803781595589,0.027733828510177028,0.08049474354341224,0.0952303156343165,0.028767929082627375,0.6504110497249322,0.4375180615119858,0.4166666666666667
bulk,random,36,120.0,11.0,8.014300692593679e-05,1.4236007700674236e-05,1.909883650447133,0.0,0.10715052916573775,0.13584878719885407,0.07829252210801285,0.028767929082627153,0.4287020116366685,0.3735915630709345,0.5833333333333334
bulk,random,36,180.0,15.0,9.221502114087343e-05,1.6741010767873377e-05,1.913041993906378,0.0,0.10141833023102709,0.05535404365544194,0.029790611246678256,0.028767929082627153,0.3279039900435048,0.3701876531957984,0.75
bulk,random,36,240.0,20.0,0.00010745201871031895,1.9447012164164335e-05,1.9038160433786058,0.0,0.10141833023102709,0.05535404365544194,0.029790611246678256,0.0,0.3061863146066497,0.36574104881708414,0.75
bulk,random,37,30.0,4.0,2.396299532847479e-05,4.0669983718544245e-06,2.3734447249113693,0.0,0.02996552055900603,0.23065457647064813,0.0,0.021157747497572155,1.6056515408339198,0.2997688661463358,0.3333333333333333
bulk,random,37,60.0,6.0,2.9893999453634024e-05,5.579997377935797e-06,2.2615673199158035,0.0,0.02996552055900603,0.23065457647064813,0.0,0.021157747497572155,1.4697625816463356,0.288598976993926,0.4166666666666667
bulk,random,37,120.0,12.0,4.347899812273681e-05,8.442999387625605e-06,2.205682422431057,0.0,0.02996552055900603,0.23065457647064813,0.0,0.0,1.4581314656673443,0.2432546684415334,0.6666666666666666
bulk,random,37,180.0,16.0,5.307498940965161e-05,1.0516996553633362e-05,2.179471231665531,0.0,0.02996552055900603,0.23065457647064813,0.0,0.0,1.455652276592911,0.22930362825731354,0.8333333333333334
bulk,random,37,240.0,24.0,7.303999154828489e-05,1.3604003470391035e-05,2.0977619647290084,0.0,0.02996552055900603,0.23065457647064813,0.0,0.0,1.3072358138879578,0.20353552086863488,0.9166666666666666
bulk,random,38,30.0,3.0,3.6994999391026795e-05,8.265000360552222e-06,2.5030769398212667,0.0,0.25409661632191993,0.25865632981082554,0.2691465931139243,0.0003266813186881823,3.739051497356843,0.4769545447236698,0.25
bulk,random,38,60.0,5.0,4.5430999307427555e-05,1.05580038507469e-05,2.45593313711132,0.0,0.25409661632191993,0.25865632981082554,0.2691465931139243,0.0003266813186881823,3.7281482627105937,0.4612058661938566,0.3333333333333333
bulk,random,38,120.0,11.0,6.3705985667184e-05,1.5476005501113832e-05,2.4333268986971457,0.0,0.25409661632191993,0.25865632981082554,0.2691465931139243,0.0003266813186881823,3.7267639071706737,0.4450833838322356,0.4166666666666667
bulk,random,38,180.0,16.0,7.843298226362094e-05,1.8282007658854127e-05,1.9640166325413106,0.54443424858753,0.0,0.0,0.0,0.0003266813186881823,3.278289874340874,0.31424234421372704,0.75
bulk,random,38,240.0,29.0,0.00011796297621913254,2.4624001525808126e-05,1.9316165364928466,0.54443424858753,0.0,0.018690190473064305,0.0,0.0003266813186881823,3.2828126256341696,0.24054162694638687,0.8333333333333334
bulk,random,39,30.0,5.0,3.856900002574548e-05,6.622001819778234e-06,2.018759953081728,0.4289904127152927,0.5251323725788046,0.03937405229126134,0.03527349595602025,0.038115910734627834,1.2080293333386345,0.4395783606066419,0.25
bulk,random,39,60.0,10.0,5.8965008065570146e-05,1.1351003195159137e-05,1.9886447421659852,0.4289904127152927,0.5251323725788046,0.03937405229126134,0.03527349595602025,0.038115910734627834,1.2132319073990143,0.42776553064566686,0.5
bulk,random,39,120.0,12.0,6.692000170005485e-05,1.2994001735933125e-05,1.9895453248439443,0.4289904127152927,0.5251323725788046,0.03937405229126134,0.03527349595602025,0.038115910734627834,1.2131922208333592,0.4228875086592773,0.5
bulk,random,39,180.0,15.0,7.565599662484601e-05,1.5096004062797874e-05,2.0049079065827917,0.4289904127152927,0.5251323725788046,0.03937405229126134,0.01788332443649765,0.022106698585060425,1.1184872885999781,0.4105949312624923,0.6666666666666666
bulk,random,39,240.0,22.0,9.748599404701963e-05,1.8562997865956277e-05,1.8711252920431916,0.4289904127152927,0.0,0.03937405229126123,0.01788332443649754,0.0,0.9831286563489582,0.35110545411666266,0.75
bulk,random,40,30.0,2.0,3.165599628118798e-05,6.0110032791271806e-06,1.3912739339108644,0.02590319911044281,0.0,0.22400443805532833,0.13188314562461334,0.10906336880973777,0.36093732351857255,0.3041876447392791,0.16666666666666666
bulk,random,40,60.0,3.0,3.9830993046052754e-05,7.855000148992985e-06,1.3877571647812108,0.02590319911044281,0.0,0.22400443805532833,0.13188314562461334,0.10906336880973777,0.36075106899380305,0.27320226307749823,0.25
bulk,random,40,120.0,9.0,5.781499930890277e-05,1.1653006367851049e-05,1.3372626441303777,0.0,0.0,0.06314824521441342,0.07340613900295057,0.015356502559888296,0.25895359907557935,0.18780240729703718,0.6666666666666666
bulk,random,40,180.0,15.0,7.476599421352148e-05,1.4957004168536514e-05,1.3429747774661438,0.0,0.0,0.08953253272237638,0.02163201037000595,0.018385914102166057,0.20127655274506243,0.1980880500559514,0.9166666666666666
bulk,random,40,240.0,23.0,0.00010037200263468549,1.975399936782196e-05,1.3507850923345204,0.0,0.0,0.08953253272237638,0.07697040355533669,0.018385914102166057,0.21416192419908742,0.22292687050818563,1.0
bulk,random,41,30.0,1.0,3.135499719064683e-05,4.638000973500311e-06,1.3748375340820076,0.7549328687669025,0.11672176412096102,0.0,0.0,0.0,0.5950059828512994,0.5459235117549597,0.08333333333333333
bulk,random,41,60.0,2.0,4.018999607069418e-05,6.481001037172973e-06,1.399211356036566,0.7549328687669025,0.11672176412096102,0.0,0.0,0.03359593004584582,0.5945687296538156,0.5513746527834774,0.16666666666666666
bulk,random,41,120.0,4.0,4.730300133815035e-05,8.244998753070831e-06,1.396508970089095,0.7549328687669025,0.11672176412096102,0.0,0.03753040946664843,0.04051016716048483,0.5796881729032153,0.5405439368034125,0.3333333333333333
bulk,random,41,180.0,10.0,6.44730098429136e-05,1.210199116030708e-05,1.3476156025745196,0.0,0.11672176412096102,0.0,0.03753040946664843,0.04051016716048483,0.2559870372098204,0.4613576649893993,0.5833333333333334
bulk,random,41,240.0,19.0,8.834502659738064e-05,1.6368016076739877e-05,1.3359377438160642,0.0,0.11672176412096102,0.0,0.03753040946664843,0.04051016716048483,0.25282752666575414,0.39737271488184306,0.6666666666666666
bulk,random,42,30.0,2.0,2.8710994229186326e-05,5.009002052247524e-06,1.6491678019457858,0.0,0.2094673638443323,0.15341560977394397,0.0061085278771148,-2.220446049250313e-16,0.6189145750557066,0.47969550093181806,0.16666666666666666
bulk,random,42,60.0,3.0,3.912999090971425e-05,6.923000910319388e-06,1.6272617583217979,0.0,0.2094673638443323,0.15341560977394397,0.0061085278771148,-2.220446049250313e-16,0.618632573523427,0.4740246956501123,0.25
bulk,random,42,120.0,8.0,5.9266974858473986e-05,1.0940006177406758e-05,1.5369537174651102,0.0,0.006554568656070292,0.15837130094286833,0.0061085278771148,-2.220446049250313e-16,0.5886286786135598,0.4608476190028251,0.3333333333333333
bulk,random,42,180.0,12.0,7.188996823970228e-05,1.3414006389211863e-05,1.4893393499434697,0.0,0.0,0.0,0.0,0.0,0.43699969233974867,0.3897590354775409,0.5
bulk,random,42,240.0,21.0,9.908895299304277e-05,1.8354025087319314e-05,1.472172217741375,0.0,0.0,0.0,0.0,0.0,0.43691937140448706,0.3321804832630848,0.75
bulk,random,43,30.0,6.0,3.0035000236239284e-05,4.547997377812862e-06,1.6370807374426353,0.0,0.0,0.0,0.0522539578824992,0.0036570929906859506,1.3411395613886932,0.4187650068426857,0.4166666666666667
bulk,random,43,60.0,7.0,3.7178004276938736e-05,6.200993084348738e-06,1.628243039225164,0.0,0.0,0.0,0.0522539578824992,0.0036570929906859506,1.3408953763621159,0.3491071281591727,0.5
bulk,random,43,120.0,10.0,5.169400537852198e-05,9.196992323268205e-06,1.4480591113293046,0.0,0.0,0.0,0.0522539578824992,0.0036570929906859506,0.25073168593364087,0.30567614004210414,0.6666666666666666
bulk,random,43,180.0,13.0,6.159100303193554e-05,1.1179996363352984e-05,1.432267835987558,0.0,0.0,0.0,0.0522539578824992,0.0036570929906859506,0.23823620074435195,0.27665202264825095,0.6666666666666666
bulk,random,43,240.0,25.0,8.76909980433993e-05,1.596900256117806e-05,1.389002121188507,0.0,0.0,0.0,0.0,0.0036570929906859506,0.20031580761347798,0.20939409100690767,0.8333333333333334
bulk,random,44,30.0,4.0,2.6838002668228e-05,3.4660042729228735e-06,1.773988930827267,0.7635796223597333,0.5640437457596721,0.050716923998323504,-2.220446049250313e-16,0.007038657094168621,0.9652280778022845,0.35628086885793414,0.3333333333333333
bulk,random,44,60.0,6.0,3.3190008252859116e-05,4.827998054679483e-06,1.6621667854287256,0.7635796223597333,0.08667654201849351,0.050716923998323504,-2.220446049250313e-16,0.007038657094168621,0.8455825437761876,0.3453008363743231,0.4166666666666667
bulk,random,44,120.0,11.0,4.5803004468325526e-05,7.513001037295908e-06,1.6354626685808844,0.7635796223597333,0.08667654201849351,0.050716923998323504,-2.220446049250313e-16,0.016776540474488733,0.8436445212122861,0.3089597906583715,0.6666666666666666
bulk,random,44,180.0,15.0,5.560100544244051e-05,9.678005881141871e-06,1.6410174255412955,0.7635796223597333,0.08667654201849351,0.050716923998323504,-2.220446049250313e-16,-2.220446049250313e-16,0.8444375354941591,0.27876198996149987,0.75
bulk,random,44,240.0,21.0,6.962500629015267e-05,1.2243996025063097e-05,1.6024627363100772,0.7635796223597333,0.08667654201849351,0.050716923998323504,-2.220446049250313e-16,-2.220446049250313e-16,0.7794098968637218,0.25313906278308607,0.8333333333333334
bulk,random,45,30.0,4.0,3.8628000766038895e-05,6.7920045694336295e-06,1.4254250322946271,0.17077981014696364,0.0,0.0,0.012785133383092617,0.03677217530224508,0.25140758743315506,0.3468496200046573,0.16666666666666666
bulk,random,45,60.0,4.0,3.8628000766038895e-05,6.7920045694336295e-06,1.4254250322946271,0.17077981014696364,0.0,0.0,0.012785133383092617,0.03677217530224508,0.25140758743315506,0.3468496200046573,0.16666666666666666
bulk,random,45,120.0,14.0,8.280698966700584e-05,1.471600990043953e-05,1.3321030503556635,0.0,0.0,0.0,0.012785133383092617,0.0508326217950722,0.19525222750440177,0.2674598051732968,0.75
bulk,random,45,180.0,16.0,9.583999053575099e-05,1.765201159287244e-05,1.333056078358198,0.0,0.0,0.0,0.012785133383092617,0.0508326217950722,0.19538691660905694,0.26828943304466885,0.75
bulk,random,45,240.0,25.0,0.00012331899051787332,2.3173030058387667e-05,1.3318232725457115,0.0,0.0,0.0,0.012785133383092617,0.0508326217950722,0.19921000733336325,0.24247751918431024,0.9166666666666666
bulk,random,46,30.0,3.0,3.616300818976015e-05,7.622998964507133e-06,1.2642398790597482,0.0,0.002321576897565847,0.082600186713495,0.10991152515698244,0.10217817050568123,0.24333938812426445,0.288498350486969,0.25
bulk,random,46,60.0,7.0,5.145900649949908e-05,1.1491007171571255e-05,1.2592897730427817,0.0,0.002321576897565847,0.0,0.05688396899602044,0.05547789946572279,0.25186001230030364,0.274088341518693,0.5833333333333334
bulk,random,46,120.0,13.0,6.925101479282603e-05,1.655102096265182e-05,1.257882661523236,0.0,0.002321576897565847,0.0,0.05688396899602044,0.05547789946572279,0.187940247102331,0.2718345325318813,0.75
bulk,random,46,180.0,16.0,8.016001083888113e-05,1.9086022803094238e-05,1.2500905357903653,0.0,0.002321576897565847,0.0,0.05688396899602044,0.02170091555721365,0.18017737877208084,0.26600055200663275,0.8333333333333334
bulk,random,46,240.0,23.0,0.00010135800403077155,2.360502548981458e-05,1.23674936780931,0.0,0.002321576897565847,0.082600186713495,0.05688396899602044,0.02170091555721365,0.17674295999150924,0.24511501119705664,1.0
bulk,random,47,30.0,3.0,3.997200110461563e-05,6.130998372100294e-06,2.0281470996269513,0.0,0.2208040968511058,0.15727583568523507,0.19295849209460247,0.0,0.9995938124299635,0.49315617630381736,0.25
bulk,random,47,60.0,9.0,5.9737001720350236e-05,9.685994882602245e-06,1.8503559377232932,0.36134131335136177,0.0,0.15727583568523507,0.19295849209460247,0.0,0.9081194628670746,0.3938085387451393,0.5833333333333334
bulk,random,47,120.0,11.0,6.919400038896129e-05,1.148899900726974e-05,1.6913282265620022,0.36134131335136177,0.0,0.0,0.0,0.0,0.7190868895753062,0.32416132690843474,0.75
bulk,random,47,180.0,13.0,7.509399438276887e-05,1.2860989954788238e-05,1.6593258664389927,0.36134131335136177,0.0,0.0,0.0,0.0,0.6869921866767535,0.3227541510904462,0.75
bulk,random,47,240.0,22.0,0.00010506998660275713,1.7345984815619886e-05,1.5619728537660411,0.36134131335136177,0.0,0.0,0.0,0.0,0.49301365553922544,0.3015372826433722,0.9166666666666666
bulk,random,48,30.0,2.0,1.7311002011410892e-05,2.836000930983573e-06,1.4153634140002669,0.7575542013159398,0.28190040006274275,0.22049682131434045,0.2559197448094963,0.26047616801260653,1.0025391139857311,0.4691520112747831,0.16666666666666666
bulk,random,48,60.0,4.0,2.3401997168548405e-05,4.348999937064946e-06,1.3971248615127212,0.7575542013159398,0.28190040006274275,0.22049682131434045,0.2559197448094963,0.26047616801260653,1.0010136021212157,0.4182060944712306,0.25
bulk,random,48,120.0,7.0,3.089499659836292e-05,5.999994755256921e-06,1.3709441934815316,0.7575542013159398,0.28190040006274275,0.22049682131434045,0.2559197448094963,0.028510597523753956,0.9982347102975481,0.3951424339462469,0.4166666666666667
bulk,random,48,180.0,13.0,4.634197830455378e-05,8.844996045809239e-06,1.2601788855055749,0.0,0.14354912856160817,0.2839697102468266,0.2559197448094964,0.028510597523754067,0.22866789371333773,0.2878746058060446,0.75
bulk,random,48,240.0,20.0,6.172998837428167e-05,1.1641001037787646e-05,1.226395297836556,0.0,0.14354912856160817,0.22049682131434056,1.1102230246251565e-16,1.1102230246251565e-16,0.20415087629603276,0.20428720077866147,0.9166666666666666
bulk,random,49,30.0,6.0,2.3180997231975198e-05,3.4759941627271473e-06,1.7066555480194125,0.7722338035479159,0.5616792073256847,0.3848034862053301,0.3258754345911494,0.33698137355088575,0.7641631844408727,0.34120233100411324,0.4166666666666667
bulk,random,49,60.0,6.0,2.3180997231975198e-05,3.4759941627271473e-06,1.7066555480194125,0.7722338035479159,0.5616792073256847,0.3848034862053301,0.3258754345911494,0.33698137355088575,0.7641631844408727,0.34120233100411324,0.4166666666666667
bulk,random,49,120.0,13.0,4.056299076182768e-05,6.68199936626479e-06,1.5420922248120166,0.0,0.20973441243709612,0.16236876390003518,0.0570228375700369,0.0,0.28479833069685884,0.2621703462967932,0.75
bulk,random,49,180.0,15.0,4.580200038617477e-05,8.044000423979014e-06,1.5156364198950907,0.0,0.20973441243709612,0.16236876390003518,0.0570228375700369,0.0,0.2665354014453433,0.21731519121997486,0.8333333333333334
bulk,random,49,240.0,28.0,8.047500887187198e-05,1.3662996934726834e-05,1.486805275146269,0.0,0.0,0.11234060973649806,0.0570228375700369,0.0,0.241776070264391,0.16166615981907434,1.0
bulk,d-optimality,0,30.0,30.0,0.008651488009491004,2.2041043848730624e-05,1.6542110536928163,0.11699761815798104,0.0,0.0,0.0968156002288294,0.17416363986753602,0.37340108347830264,0.35554333504960434,0.75
bulk,d-optimality,0,60.0,60.0,0.014333035978779662,4.100305523024872e-05,1.6056178821842664,0.0,0.0,0.0,0.0968156002288294,0.17416363986753602,0.24779256071106498,0.34029724036373454,0.8333333333333334
bulk,d-optimality,0,120.0,120.0,0.025143858991214074,7.093706517480314e-05,1.625349404246398,0.11699761815798104,0.0,0.0,0.0968156002288294,0.146149641249247,0.3090509940851637,0.32300898601187794,1.0
bulk,d-optimality,0,180.0,180.0,0.03570699803822208,9.485302871325985e-05,1.5262847381015128,0.11699761815798104,0.0,0.0,0.0,0.05489967823244424,0.24060841088586551,0.25618489518465215,1.0
bulk,d-optimality,0,240.0,240.0,0.04646644006425049,0.00012057201092829928,1.452063262535969,0.11699761815798104,0.0,0.0,0.0,0.05489967823244424,0.1845050172569297,0.2045544441468125,1.0
bulk,d-optimality,1,30.0,30.0,0.00828256500972202,1.5259996871463954e-05,1.2100116920619612,0.17547599762442456,0.20699468824656553,0.0,0.011172001678627974,0.04588483826249723,0.2772510035398536,0.356639187926832,0.6666666666666666
bulk,d-optimality,1,60.0,60.0,0.014330882011563517,3.138999454677105e-05,1.2049365352003043,0.17547599762442456,0.20699468824656553,0.0,0.011172001678627974,0.04588483826249723,0.27907400709317065,0.3174247656875904,0.75
bulk,d-optimality,1,120.0,120.0,0.026059158000862226,5.765401147073135e-05,1.1305451891379703,0.17547599762442456,0.20699468824656553,0.0,0.011172001678627974,0.04588483826249723,0.18543831229402483,0.26483548785224764,0.9166666666666666
bulk,d-optimality,1,180.0,180.0,0.037054070009617135,8.21560388430953e-05,1.131204689868253,0.17547599762442456,0.20699468824656553,0.0,0.011172001678627974,0.04409128590016276,0.19450109610871352,0.251084668275619,0.9166666666666666
bulk,d-optimality,1,240.0,240.0,0.04828524796903366,0.00010793304682010785,1.1089401134868588,0.17547599762442456,0.0,0.0,0.011172001678627974,0.04409128590016276,0.14806158731043234,0.24996705324102542,1.0
bulk,d-optimality,2,30.0,30.0,0.012928915995871648,4.180800897302106e-05,1.258147759899875,0.0,0.0,0.0,0.08456961861804557,0.06057372558805352,0.17212910888833688,0.4427224230536913,0.75
bulk,d-optimality,2,60.0,60.0,0.021283876987581607,7.841699698474258e-05,1.2374292756462042,0.0,0.0,0.0,0.0,0.01944364833435641,0.23606076875441986,0.4325626345094532,0.9166666666666666
bulk,d-optimality,2,120.0,120.0,0.0390054339877679,0.00014669898519059643,1.2343665938657211,0.0,0.0,0.07367704239226003,0.06632239671445872,0.01944364833435641,0.24633226316012743,0.4146873415640023,1.0
bulk,d-optimality,2,180.0,180.0,0.05601226600992959,0.0002021139589487575,1.207627171638176,0.0,0.0,0.07367704239226003,0.06632239671445872,0.01944364833435641,0.19899487610658947,0.3887798710867454,1.0
bulk,d-optimality,2,240.0,240.0,0.07207054503669497,0.00025931197160389274,1.1365649209091606,0.0,0.0,0.07367704239226003,0.04011968012814093,0.01944364833435641,0.1223962158286314,0.330510084380405,1.0
bulk,d-optimality,3,30.0,30.0,0.010604765026073437,2.1100029698573053e-05,1.8811481769534355,0.0,0.0,0.0,0.0,0.022390626343557596,0.5271192958089703,0.20547291806286633,0.75
bulk,d-optimality,3,60.0,60.0,0.017964727041544393,4.8547044571023434e-05,1.8216321909398783,0.0,0.0,0.0,0.0,0.0,0.4365835668576638,0.2119300356212281,0.9166666666666666
bulk,d-optimality,3,120.0,120.0,0.03407612205046462,8.742709906073287e-05,1.7530280133416578,0.0,0.0,0.0,0.019376008584405358,0.0,0.2119219243837567,0.16860566732941734,0.9166666666666666
bulk,d-optimality,3,180.0,180.0,0.05101231507433113,0.00012407808389980346,1.7673447336122845,0.0,0.0,0.0,0.019376008584405358,0.0,0.2528347098667097,0.19194545889274947,0.9166666666666666
bulk,d-optimality,3,240.0,240.0,0.06975827307178406,0.00017141107673523948,1.7360679650053463,0.0,0.0,0.0,0.019376008584405358,0.0,0.23291620148505107,0.15589603172646507,1.0
bulk,d-optimality,4,30.0,30.0,0.010655942984158173,2.2708023607265204e-05,1.7632454277121639,0.09546082567376357,0.0,0.07558332348017405,0.0,0.0006204992361537043,0.44381536543113703,0.17128053045254665,0.75
bulk,d-optimality,4,60.0,60.0,0.01837679898744682,4.866102244704962e-05,1.8381924085414891,0.09546082567376357,0.0,0.07558332348017405,0.0,0.0006204992361537043,0.5013274804742817,0.19887480164022084,0.8333333333333334
bulk,d-optimality,4,120.0,120.0,0.03256242199859116,8.048798918025568e-05,1.7186786759781292,0.09546082567376357,0.0,0.0,0.0,0.0006204992361537043,0.25365766047625227,0.18759860870629874,0.8333333333333334
bulk,d-optimality,4,180.0,180.0,0.04815638400759781,0.0001172019838122651,1.6574152118704057,0.0,0.0,0.0,0.0,0.0006204992361537043,0.10599936390425437,0.18677062693473323,0.8333333333333334
bulk,d-optimality,4,240.0,240.0,0.06651673203305108,0.00015100894961506128,1.613252404071191,0.0,0.0,0.0,0.0,0.002268388988543535,0.08207099420526108,0.1654708707571695,0.8333333333333334
bulk,d-optimality,5,30.0,30.0,0.011078922034357674,2.0257008145563304e-05,1.9737058833902534,0.0,0.1736659975358592,0.23626885902160322,0.2046995308691234,0.2418626928998987,0.48791524078962295,0.3556117706019034,0.9166666666666666
bulk,d-optimality,5,60.0,60.0,0.018356392021814827,3.740702959476039e-05,1.9233798773845405,0.0,0.1736659975358592,0.23626885902160322,0.23037370246295918,0.1887601111423176,0.3988135615491862,0.3041947008427499,0.9166666666666666
bulk,d-optimality,5,120.0,120.0,0.03201327403075993,6.980305624892935e-05,1.9152006969193407,0.0,0.14789855749189662,0.22284647515286382,0.23037370246295918,0.11877267533910418,0.3780211531946532,0.31190001514906396,0.9166666666666666
bulk,d-optimality,5,180.0,180.0,0.04588053001498338,9.961409523384646e-05,1.691837977729925,0.0,0.0,0.1032703049563739,0.11514589911992557,0.02305905005392761,0.23033217728867061,0.19695151233198355,0.9166666666666666
bulk,d-optimality,5,240.0,240.0,0.06101731798844412,0.0001320321243838407,1.6710032941381592,0.0,0.0,0.12300377216604974,0.10656848541864206,0.015355315148664728,0.20523125043962967,0.19278725177383643,0.9166666666666666
bulk,d-optimality,6,30.0,30.0,0.010830965999048203,2.645899076014757e-05,1.1594169136278827,0.0,0.0780754520573207,0.0,0.0,0.0,0.18395168087259153,0.3635035993600212,0.5833333333333334
bulk,d-optimality,6,60.0,60.0,0.01820066499931272,4.854900180362165e-05,1.1758382264451832,0.0,0.0,0.0,0.019249937604791545,0.0,0.20258313239632378,0.34615074138193547,0.75
bulk,d-optimality,6,120.0,120.0,0.03476853798201773,9.286799468100071e-05,1.1485566037935027,0.0,0.0,0.0,0.0,0.028754561958456826,0.15298147067313445,0.3093298710394013,0.9166666666666666
bulk,d-optimality,6,180.0,180.0,0.04966664601670345,0.00013787896750727668,1.1346527342050374,0.0,0.0,0.0,0.0,0.0,0.14627917039164662,0.28461436217955444,0.9166666666666666
bulk,d-optimality,6,240.0,240.0,0.06574044701847015,0.0001807840380934067,1.1311816458345725,0.0,0.0780754520573207,0.0,0.0,0.0,0.1352532648549684,0.28379374586012324,1.0
bulk,d-optimality,7,30.0,30.0,0.010279018002620433,2.1207000827416778e-05,1.931067076649905,0.0,0.11078645016984656,0.0,0.016397710014314115,0.08489528386908263,0.5958410503209369,0.24594505912529668,0.75
bulk,d-optimality,7,60.0,60.0,0.017177349036501255,3.817897959379479e-05,1.8338376642313563,0.0,0.0,0.0,0.016397710014314115,0.08489528386908263,0.4379590356146077,0.20599353077336124,0.8333333333333334
bulk,d-optimality,7,120.0,120.0,0.030784218033659272,6.876197585370392e-05,1.7793913439577838,0.0,0.0,0.0,0.016397710014314115,0.03494991865666375,0.1896666260374137,0.18400229123374012,0.8333333333333334
bulk,d-optimality,7,180.0,180.0,0.04579579801065847,0.00010121297236764804,1.7294337542549016,0.0,0.0,0.0,0.016397710014314115,0.03494991865666375,0.15709699290744536,0.15774443121363282,0.9166666666666666
bulk,d-optimality,7,240.0,240.0,0.06146336900565075,0.0001356839929940179,1.6934357727669156,0.0,0.0,0.0,0.0,0.0,0.1042798901847585,0.13788293081703942,1.0
bulk,d-optimality,8,30.0,30.0,0.010937567996734288,2.8591981390491128e-05,1.5953686449897038,0.0,0.06706677782912995,-2.220446049250313e-16,-2.220446049250313e-16,-2.220446049250313e-16,0.3678843533054035,0.297820115144334,0.5833333333333334
bulk,d-optimality,8,60.0,60.0,0.017648193977947813,5.0361973990220577e-05,1.5709966197600727,0.0,0.0,0.03274912267043728,0.0,0.0,0.41701323996108214,0.2751773981914941,0.6666666666666666
bulk,d-optimality,8,120.0,120.0,0.03336372196645243,9.215797763317823e-05,1.5070984729325019,0.0,0.0,0.0,0.0,0.0,0.32676702789790096,0.24065298408490005,0.8333333333333334
bulk,d-optimality,8,180.0,180.0,0.04961973399622366,0.00013145992124918848,1.477254277117585,0.0,0.0,0.0,0.0,0.0,0.2925169148837378,0.21691667127901246,0.9166666666666666
bulk,d-optimality,8,240.0,240.0,0.06912167001428315,0.00018146490037906915,1.4491563197978972,0.0,0.0,0.0,0.0,0.0,0.25012792902304354,0.15948646804851002,0.9166666666666666
bulk,d-optimality,9,30.0,30.0,0.01042882398905931,2.0684987248387188e-05,1.909524505607238,0.1338463177732382,0.0,0.08611361017936259,0.07582669895769878,0.12008842220200233,0.39272159704936904,0.416901410033463,0.75
bulk,d-optimality,9,60.0,60.0,0.017339181998977438,3.774499782593921e-05,1.8766266121256028,0.1338463177732382,0.0,0.08611361017936259,0.07582669895769878,0.06501373690925805,0.3299574991232981,0.4194595285489664,0.9166666666666666
bulk,d-optimality,9,120.0,120.0,0.03101763602171559,7.002503116382286e-05,1.8546729660284915,0.0,0.0,0.08611361017936259,0.07582669895769878,0.06501373690925805,0.3065089751433319,0.3749663136782854,1.0
bulk,d-optimality,9,180.0,180.0,0.044494222005596384,0.00010162904800381511,1.7457272519826146,0.0,0.0,0.08611361017936259,0.07582669895769878,0.06501373690925805,0.2704896372459454,0.31366544309002936,1.0
bulk,d-optimality,9,240.0,240.0,0.058012879024317954,0.00013423899508779868,1.678158558519273,0.0,0.0,0.08611361017936259,0.07582669895769878,0.06501373690925805,0.20123403072334206,0.2713560576357548,1.0
bulk,d-optimality,10,30.0,30.0,0.007995631014637183,1.7750993720255792e-05,1.7794942909906022,0.0,0.0,0.04921843374333046,0.0355049437738173,0.07664997905049176,0.6828555642148576,0.35765644800954893,0.75
bulk,d-optimality,10,60.0,60.0,0.013361778037506156,3.438602288952097e-05,1.6440344497068307,0.0,0.0,0.04921843374333046,0.044174302062765514,0.0,0.4702852023090107,0.2876901159247341,0.9166666666666666
bulk,d-optimality,10,120.0,120.0,0.025652087082562502,6.279700755840167e-05,1.661660654530399,0.0,0.0,0.04921843374333046,0.044174302062765514,0.0,0.47757318352096356,0.26131222604898585,0.9166666666666666
bulk,d-optimality,10,180.0,180.0,0.03719097208522726,8.890098979463801e-05,1.6112613628279586,0.0,0.0,0.04921843374333046,0.044174302062765514,0.0,0.41674614711544117,0.2341180817763747,1.0
bulk,d-optimality,10,240.0,240.0,0.049690691055729985,0.00011415797780500725,1.5508643822267283,0.0,0.0,0.0,0.0355049437738173,0.0,0.3471433564291669,0.2055102336712075,1.0
bulk,d-optimality,11,30.0,30.0,0.008210195002902765,1.4944984286557883e-05,1.4162398117514696,0.0,0.056863950006552644,-2.220446049250313e-16,-2.220446049250313e-16,0.024038360265557612,0.6369396108142144,0.3984519170134731,0.5833333333333334
bulk,d-optimality,11,60.0,60.0,0.014948555995943025,2.887998562073335e-05,1.4133859015339807,0.0,0.056863950006552644,-2.220446049250313e-16,0.029178340671608183,-2.220446049250313e-16,0.5221341586866095,0.3720067422766026,0.8333333333333334
bulk,d-optimality,11,120.0,120.0,0.028089513958548196,5.546198372030631e-05,1.3095990672418747,0.0,0.056863950006552644,-2.220446049250313e-16,-2.220446049250313e-16,-2.220446049250313e-16,0.35751806205621534,0.3746545256778056,0.9166666666666666
bulk,d-optimality,11,180.0,180.0,0.040743864978139754,8.164796599885449e-05,1.2581281989921218,0.0,0.0,0.0,0.0,0.024038360265557834,0.1593672102305799,0.35178115254248804,0.9166666666666666
bulk,d-optimality,11,240.0,240.0,0.05336952298966935,0.00010683497384889051,1.2743702589991182,0.0,0.0,0.0,0.0,0.0,0.1903587981262807,0.32268112870240767,0.9166666666666666
bulk,d-optimality,12,30.0,30.0,0.011233876044570934,2.624301123432815e-05,1.3736577074512788,0.0,0.02299292658626495,0.021748017796422436,0.030681313338116856,0.0002735985802798657,0.3243782770159986,0.3446152923184199,0.6666666666666666
bulk,d-optimality,12,60.0,60.0,0.01939022207079688,4.946402623318136e-05,1.3210189149116587,0.0,0.02299292658626495,0.033539840975024715,0.030681313338116856,0.0002735985802798657,0.24338245003246642,0.315962704245365,0.8333333333333334
bulk,d-optimality,12,120.0,120.0,0.036126675084233284,8.548000187147409e-05,1.2917658505808516,0.0,0.02299292658626495,0.021748017796422436,0.030681313338116856,0.029486863712947953,0.22958452777418026,0.24623134094949659,0.8333333333333334
bulk,d-optimality,12,180.0,180.0,0.054665538045810536,0.00012799200339941308,1.2802755310969862,0.0,0.02299292658626495,0.021748017796422436,0.030681313338116856,0.029486863712947953,0.1625040911864516,0.22574346047008476,0.8333333333333334
bulk,d-optimality,12,240.0,240.0,0.07112044502719073,0.00016894800501177087,1.2522901467529433,0.0,0.0,0.0,0.0,0.0002735985802798657,0.2435599175615776,0.1905774992664294,0.9166666666666666
bulk,d-optimality,13,30.0,30.0,0.010802346994751133,2.0609011698979884e-05,1.7461013121778797,0.0,0.053706787649347,0.0,0.0,0.0014159229476433666,0.426557784035434,0.30496736321704276,0.9166666666666666
bulk,d-optimality,13,60.0,60.0,0.018184686014137696,3.788000321947038e-05,1.6168687020672368,0.0,0.0,0.0,0.0,0.0014159229476433666,0.25852460840176533,0.2432936717180733,1.0
bulk,d-optimality,13,120.0,120.0,0.03189910502260318,6.868397758807987e-05,1.5921433136657788,0.0,0.0,0.037574981968373056,0.02221847505840857,0.0014159229476432555,0.2822816663615098,0.16844923054877714,1.0
bulk,d-optimality,13,180.0,180.0,0.04574727205908857,0.00010517794726183638,1.5708799996620872,0.0,0.0,0.0,0.022218475058408682,0.0014159229476433666,0.2515418843372089,0.1503023293080377,1.0
bulk,d-optimality,13,240.0,240.0,0.06043118701200001,0.00014170494250720367,1.529344462254624,0.0,0.0,0.0,0.0,0.0014159229476433666,0.2096830836085395,0.10773626640967553,1.0
bulk,d-optimality,14,30.0,30.0,0.008710393027286045,1.712698576739058e-05,2.0648912003799595,0.0,0.0,0.029198045901863146,0.06284765763582012,0.06499952064910353,0.39658983377657836,0.3235379843087963,0.8333333333333334
bulk,d-optimality,14,60.0,60.0,0.015054432027682196,3.333597123855725e-05,1.9882289047678572,0.0,0.0,0.029198045901863146,0.0,0.003921527060101182,0.3260098996344964,0.27484183326107503,0.8333333333333334
bulk,d-optimality,14,120.0,120.0,0.02691129101003753,6.053599645383656e-05,1.9460404213387876,0.0,0.0,0.0,0.0,0.0,0.30453989882781385,0.1968224348241752,1.0
bulk,d-optimality,14,180.0,180.0,0.03842595800233539,8.548900223104283e-05,1.9235556171798358,0.0,0.0,0.0,0.0,0.0,0.27705311630331486,0.17435958071811092,1.0
bulk,d-optimality,14,240.0,240.0,0.05092587995750364,0.00011005195847246796,1.8738312818066951,0.0,0.0,0.0,0.0,0.0,0.12194147697326808,0.09732074589584505,1.0
bulk,d-optimality,15,30.0,30.0,0.007960326016473118,1.4113007637206465e-05,1.8387341627395346,0.0,0.0,0.0,0.009728346372479213,0.05310447448795241,0.5020992159954422,0.3293222134870564,0.6666666666666666
bulk,d-optimality,15,60.0,60.0,0.013486057992849965,2.9810013074893504e-05,1.7837767728680891,0.3151542703797082,0.0,0.0,0.009728346372479213,0.05310447448795241,0.582675600453136,0.22871446712697052,0.8333333333333334
bulk,d-optimality,15,120.0,120.0,0.024989629979245365,5.601699376711622e-05,1.7105805841007238,0.0,0.0,0.0,0.009728346372479213,0.0,0.3842111126512965,0.22032961925188999,0.9166666666666666
bulk,d-optimality,15,180.0,180.0,0.03903882298618555,8.198703289963305e-05,1.650509896506814,0.0,0.0,0.0,0.009728346372479213,0.0,0.29006935464654193,0.1828632328318845,0.9166666666666666
bulk,d-optimality,15,240.0,240.0,0.05343604700465221,0.00010925604146905243,1.6251482203461107,0.0,0.0,0.0,0.009728346372479213,0.0,0.22063234835567885,0.16167467687216455,0.9166666666666666
bulk,d-optimality,16,30.0,30.0,0.012533075001556426,3.7328012695070356e-05,1.3282457179254004,0.0,0.0,0.0,0.0,0.0,0.2230712677062796,0.4232205246697652,0.5
bulk,d-optimality,16,60.0,60.0,0.024339827003132086,7.796102727297693e-05,1.3072040074827682,0.0,0.09623127030169532,0.0,0.0,0.0,0.3024310201654267,0.3784430489935845,0.75
bulk,d-optimality,16,120.0,120.0,0.044562200040672906,0.00012959204468643293,1.2819863236231237,0.0,0.09623127030169532,0.0,0.0,0.0,0.22964885441844002,0.3359174086783627,0.9166666666666666
bulk,d-optimality,16,180.0,180.0,0.0656499070537393,0.00019737101683858782,1.2675112962576627,0.0,0.0,0.0,0.0,0.0,0.18400913889261392,0.2990004883259998,0.9166666666666666
bulk,d-optimality,16,240.0,240.0,0.08520324099663412,0.00022940002236282453,1.2524453788426184,0.0,0.0,0.0,0.0,0.0,0.13202532293814687,0.27738299016121265,0.9166666666666666
bulk,d-optimality,17,30.0,30.0,0.010624522983562201,2.1704996470361948e-05,1.6362318621525418,0.0,0.024605312603953156,0.16623504742303774,0.07952195499347292,0.15055308420527735,0.30998010244920726,0.42668750754637097,0.5833333333333334
bulk,d-optimality,17,60.0,60.0,0.017324913969787303,3.8156009395606816e-05,1.4410713738872465,0.0,0.0,0.0,0.0795219549934727,0.0,0.1542062298038699,0.35958236469461713,0.6666666666666666
bulk,d-optimality,17,120.0,120.0,0.031257334965630434,7.404100324492902e-05,1.381034665856799,0.0,0.0,0.0,0.0,0.0,0.12257757696564668,0.32488145549410335,0.8333333333333334
bulk,d-optimality,17,180.0,180.0,0.04500712192384526,0.00010632006160449237,1.3695760957588876,0.0,0.0,0.04945307377923669,0.0,0.0,0.1243642131112518,0.29577736368489427,0.9166666666666666
bulk,d-optimality,17,240.0,240.0,0.05881301790213911,0.00013722405128646642,1.36311747334966,0.0,0.0,0.0,0.0,0.0,0.09145351109950811,0.30233713657144456,0.9166666666666666
bulk,d-optimality,18,30.0,30.0,0.011973862972809002,3.191898576915264e-05,0.8079480254022672,0.40356190241806267,0.0,0.0,0.05484691524211083,0.06184028198062608,0.08293622070690927,0.3823952657100592,0.6666666666666666
bulk,d-optimality,18,60.0,60.0,0.01963739599159453,5.4916956287343055e-05,0.798828900278607,0.0,0.0,0.0,0.05484691524211083,0.07134126391782347,0.08326694354447484,0.36660939460426073,0.6666666666666666
bulk,d-optimality,18,120.0,120.0,0.035340764006832615,0.00010733296221587807,0.78741137593354,0.0,0.0,0.187039397363017,0.054846915242110716,-2.220446049250313e-16,0.06874287283791314,0.3421993913376006,0.75
bulk,d-optimality,18,180.0,180.0,0.051629586014314555,0.0001731549418764189,0.7598602102570412,0.0,0.0,0.0,0.05484691524211083,0.07134126391782347,0.044063185255280045,0.30520267608640334,1.0
bulk,d-optimality,18,240.0,240.0,0.06673295298969606,0.00021968091459712014,0.7677375727320886,0.0,0.0,0.0,0.05484691524211083,0.07134126391782347,0.057689566207224145,0.2998088894478673,1.0
bulk,d-optimality,19,30.0,30.0,0.01043060499796411,2.2768981580156833e-05,2.11012011750293,0.5897709649858089,0.2969081180605402,0.22655612141004133,0.2139297597707297,0.2322015956419916,0.8945145229259988,0.36133987214744095,0.6666666666666666
bulk,d-optimality,19,60.0,60.0,0.01774117500463035,4.930399154545739e-05,1.8701989707823836,0.013624656549291458,0.2969081180605402,0.07936228676093804,0.0,0.0,0.5775105213314957,0.2961159944782913,0.8333333333333334
bulk,d-optimality,19,120.0,120.0,0.03271185702760704,9.838600090006366e-05,1.8034939380634298,0.013624656549291458,0.0,0.0,0.0,0.0,0.44332488841920864,0.2572684410360266,1.0
bulk,d-optimality,19,180.0,180.0,0.048724029009463266,0.0001422790010110475,1.7466410356700355,0.013624656549291458,0.0,0.0,0.0,0.0,0.3288670972403812,0.24264714258007364,1.0
bulk,d-optimality,19,240.0,240.0,0.06884209402778652,0.0001883339718915522,1.7145536733496813,0.0,0.0,0.0,0.0,0.0,0.2376416877018285,0.2338180275330406,1.0
bulk,d-optimality,20,30.0,30.0,0.008330067976203281,1.8490987713448703e-05,1.7719960660058813,0.0,0.0,0.020082755897507965,0.029454721013035257,0.002555020552324039,0.49554335230126634,0.3557120700185591,0.75
bulk,d-optimality,20,60.0,60.0,0.014664685979369096,3.7784004234708846e-05,1.7498332701024528,0.0,0.0,0.0,0.01070172465259267,0.002555020552324039,0.479089941992441,0.32234869617335626,0.8333333333333334
bulk,d-optimality,20,120.0,120.0,0.02845339798659552,6.645696703344584e-05,1.6584660588951576,0.0,0.0,0.0,0.0,0.002555020552324039,0.21543167496792995,0.30771021452016745,0.9166666666666666
bulk,d-optimality,20,180.0,180.0,0.04109117696498288,9.373496868647635e-05,1.62821161121691,0.0,0.0,0.0,0.0,0.002555020552324039,0.19134958070426106,0.2303689361547679,0.9166666666666666
bulk,d-optimality,20,240.0,240.0,0.05480393100879155,0.00012292298197280616,1.5536341024709328,0.0,0.0,0.0,0.0,0.002555020552324039,0.17065489834460743,0.14158786352739733,0.9166666666666666
bulk,d-optimality,21,30.0,30.0,0.008320782020746265,1.5322992112487555e-05,1.3012096483749598,0.0,0.16532876797195262,-2.220446049250313e-16,0.0,0.01923023052352013,0.37636920679058755,0.4048095529168228,0.5833333333333334
bulk,d-optimality,21,60.0,60.0,0.013987473001179751,3.0261013307608664e-05,1.2676077373382133,0.5066210951058145,0.16532876797195262,-2.220446049250313e-16,0.0,0.01923023052352013,0.2730991679547615,0.3653626187944908,0.75
bulk,d-optimality,21,120.0,120.0,0.02541756900609471,5.6146978749893606e-05,1.2966239889514597,0.5066210951058145,0.2831579127290075,-2.220446049250313e-16,-2.220446049250313e-16,-2.220446049250313e-16,0.260242011953004,0.3298718068627699,0.8333333333333334
bulk,d-optimality,21,180.0,180.0,0.03701411699876189,8.242602780228481e-05,1.2478428265407846,0.0,0.16532876797195262,-2.220446049250313e-16,0.0,0.0,0.18808797761774343,0.2905336372783531,0.9166666666666666
bulk,d-optimality,21,240.0,240.0,0.04819944101473084,0.00010876404121518135,1.2124379489259725,0.0,0.0,0.0,0.0,0.0,0.13791851971200178,0.2664192958604578,0.9166666666666666
bulk,d-optimality,22,30.0,30.0,0.010047987998405006,2.342000516364351e-05,1.1200309150395504,0.0,0.0,0.0,0.01133212296564401,0.03387844389850869,0.18527649703773993,0.2715173829798048,0.4166666666666667
bulk,d-optimality,22,60.0,60.0,0.0172959780175006,4.4085005356464535e-05,1.0999921142024498,0.0,0.0,0.0,0.01133212296564401,0.03387844389850869,0.17338384516935298,0.2410521640726945,0.5833333333333334
bulk,d-optimality,22,120.0,120.0,0.034599463011545595,7.7402000897564e-05,1.1114251633910335,0.0,0.0,0.0,0.01133212296564401,0.03387844389850869,0.21707620163736263,0.23562238650010778,0.8333333333333334
bulk,d-optimality,22,180.0,180.0,0.05361268600972835,0.00011245503992540762,1.0687958268773798,0.0,0.0,0.0,0.01133212296564401,0.0,0.1760048099799701,0.18308273444387954,0.9166666666666666
bulk,d-optimality,22,240.0,240.0,0.07339847202820238,0.00014718902093591169,1.0581944592497614,0.0,0.0,0.0,0.0,0.0,0.14610120888613043,0.17134083329854355,0.9166666666666666
bulk,d-optimality,23,30.0,30.0,0.010440945014124736,1.993600744754076e-05,1.566432664683136,0.13119808897110796,0.23705579967849544,0.057648555700188675,0.047122060983008085,0.14580058448623634,0.20831518708194222,0.3334840162212677,0.6666666666666666
bulk,d-optimality,23,60.0,60.0,0.01808049200917594,4.1997052903752774e-05,1.5685674479280713,0.0,0.0,0.057648555700188675,0.047122060983008085,0.083938844297204,0.264202335132381,0.3224848751314962,0.75
bulk,d-optimality,23,120.0,120.0,0.03249399899505079,7.352208922384307e-05,1.5409313519659504,0.0,0.0,0.057648555700188675,0.05957974378947861,0.04575479888921663,0.21367557085156558,0.30079610743183516,0.9166666666666666
bulk,d-optimality,23,180.0,180.0,0.0463202570026624,0.00010671310883481055,1.4216071394891392,0.0,0.0,0.057648555700188675,0.05957974378947861,0.010585479758978056,0.16032195491084078,0.19558365065909564,1.0
bulk,d-optimality,23,240.0,240.0,0.0597320850356482,0.00013681509881280363,1.444883268872208,0.0,0.0,0.057648555700188675,0.05957974378947861,0.010585479758978056,0.1550934113037466,0.20503175129783727,1.0
bulk,d-optimality,24,30.0,30.0,0.008690431983268354,1.4255994756240398e-05,1.3653781032436632,0.0,0.2725634238699337,0.16317524349024215,0.13534423083561586,0.1361816154411729,0.2517266241507235,0.3645534138818172,0.9166666666666666
bulk,d-optimality,24,60.0,60.0,0.014498626020213123,2.7963993488810956e-05,1.3653412777991323,0.0,0.0,0.16317524349024204,0.13534423083561564,0.0038006275140880508,0.31510492358495756,0.2956182689466223,0.9166666666666666
bulk,d-optimality,24,120.0,120.0,0.02577258801466087,5.462200351757929e-05,1.3201972437701694,0.0,0.0,0.16317524349024204,0.115446150839149,0.0038006275140880508,0.22056419890178552,0.2683774879682538,0.9166666666666666
bulk,d-optimality,24,180.0,180.0,0.03672898103832267,8.161499135894701e-05,1.294872882956217,0.0,0.0,0.0,0.115446150839149,0.0038006275140880508,0.1575957920420849,0.2282258477195925,0.9166666666666666
bulk,d-optimality,24,240.0,240.0,0.047857559024123475,0.00011045096471207216,1.313847588355913,0.0,0.0,0.16317524349024204,0.115446150839149,0.0038006275140880508,0.16944533934084333,0.2232956627619243,0.9166666666666666
bulk,d-optimality,25,30.0,30.0,0.007986714008438867,1.472698204452172e-05,2.0073051788751273,0.0,0.0,0.04411445270867598,0.00881038569320014,0.03920251163013988,0.46935082218011986,0.1596037422579463,0.6666666666666666
bulk,d-optimality,25,60.0,60.0,0.013251016011054162,2.8109978302381933e-05,1.9461230256939892,0.0,0.0,0.0,0.00881038569320014,0.0,0.40677372395843703,0.11128594464535661,0.8333333333333334
bulk,d-optimality,25,120.0,120.0,0.024678540037712082,5.2252973546274006e-05,1.9307650671539278,0.0,0.0,0.0,0.00881038569320014,0.0,0.3216093193261309,0.1452078713359259,0.8333333333333334
bulk,d-optimality,25,180.0,180.0,0.03769614006887423,7.692001963732764e-05,1.8737842925253965,0.0,0.0,0.0,0.00881038569320014,0.0,0.21750245306813934,0.0875001913043152,0.8333333333333334
bulk,d-optimality,25,240.0,240.0,0.05145032707514474,0.00010385800851508975,1.8711486611577843,0.0,0.0,0.0,0.00881038569320014,0.0,0.19529413469638326,0.11689025226287966,0.9166666666666666
bulk,d-optimality,26,30.0,30.0,0.008385070999793243,1.5184967196546495e-05,1.5109682815713594,0.0,0.0,0.0,0.0,0.048876935265202204,0.24774289111854222,0.5199364213300497,0.6666666666666666
bulk,d-optimality,26,60.0,60.0,0.01391935098945396,3.2024945539887995e-05,1.396231701282826,0.0,0.0,0.0,0.0,0.0,0.18315515065793586,0.4517513533390244,0.8333333333333334
bulk,d-optimality,26,120.0,120.0,0.02468724802020006,5.6756944104563445e-05,1.3327067551603127,0.27417859988238935,0.0,0.0,0.0,7.472949635367598e-05,0.199001698341886,0.3692506391585019,0.9166666666666666
bulk,d-optimality,26,180.0,180.0,0.03571025701239705,8.077995153144002e-05,1.3236753336909934,0.27417859988238935,0.0,0.0,0.0,0.0,0.19436966342936204,0.3328885517340931,0.9166666666666666
bulk,d-optimality,26,240.0,240.0,0.04822008200426353,0.000110697939817328,1.330795262222536,0.27417859988238935,0.0,0.0,0.0,0.0,0.18893681081046873,0.3141316700002648,1.0
bulk,d-optimality,27,30.0,30.0,0.008674684992001858,1.5165016520768404e-05,1.988073926033956,0.0,0.0,0.0,0.0,0.0,0.776218889248137,0.29583451540801237,0.5833333333333334
bulk,d-optimality,27,60.0,60.0,0.01492879096622346,3.014901449205354e-05,2.018937200068457,0.0,0.0,0.0,0.0,0.02257782182154644,0.9222003564499971,0.28050841695389983,0.8333333333333334
bulk,d-optimality,27,120.0,120.0,0.029940463980892673,5.5282056564465165e-05,1.9867543273521264,0.0,0.0,0.0,0.028809510472102784,0.02257782182154644,0.4298435962755462,0.2644761354532346,0.8333333333333334
bulk,d-optimality,27,180.0,180.0,0.04460586894856533,8.14510858617723e-05,1.9058698797690798,0.0,0.0,0.0,0.028809510472102784,0.02257782182154644,0.36703511932284577,0.23102403067552968,0.9166666666666666
bulk,d-optimality,27,240.0,240.0,0.059904270943661686,0.00010776908311527222,1.8645114408981538,0.0,0.0,0.0,0.0,0.02257782182154644,0.3006982172340719,0.2087403747765352,1.0
bulk,d-optimality,28,30.0,30.0,0.007994597021024674,1.4343990187626332e-05,2.1051441324287397,0.0,0.062279563575025176,0.013892072926463883,0.10747216362649081,0.13428982801080502,0.8630731801369068,0.3428506035856118,0.75
bulk,d-optimality,28,60.0,60.0,0.013246683047327679,2.724101796047762e-05,1.9555495563194414,0.0,0.062279563575025176,0.013892072926463883,0.14954789335186258,0.03778282917670339,0.6536599054654378,0.26738142767093315,0.9166666666666666
bulk,d-optimality,28,120.0,120.0,0.02460455607797485,5.6977027270477265e-05,1.829343378597392,0.0,0.062279563575025176,0.013892072926463883,0.0,0.0,0.46477373579914927,0.19195920171890274,0.9166666666666666
bulk,d-optimality,28,180.0,180.0,0.03684117209195392,8.377205085707828e-05,1.806206962943788,0.0,0.062279563575025176,0.013892072926463883,0.0,0.0,0.41531354240862256,0.1720524720787252,1.0
bulk,d-optimality,28,240.0,240.0,0.04803565712791169,0.00010846105578821152,1.8002601732415318,0.0,0.062279563575025176,0.013892072926463883,0.0,0.0,0.4066230285882771,0.17001368265864708,1.0
bulk,d-optimality,29,30.0,30.0,0.007762873996398412,1.3443001080304384e-05,1.872764935231196,0.0,0.0,0.03194717220836074,0.11316824372198753,0.1145473598540796,0.5678200755410999,0.4340244307227399,0.75
bulk,d-optimality,29,60.0,60.0,0.01292664999346016,2.7848989702761173e-05,1.7118770385933775,0.0,0.0,0.0007384767981392093,0.02762468593994405,0.0777595927101864,0.35145759916898256,0.3821198154452778,0.75
bulk,d-optimality,29,120.0,120.0,0.024346418991626706,5.267197411740199e-05,1.6544719205540346,0.0,0.0,0.0,0.0,0.0,0.2888578445968396,0.3361967462080569,1.0
bulk,d-optimality,29,180.0,180.0,0.03718677200231468,7.70000260672532e-05,1.6075733270860801,0.0,0.0,0.0007384767981392093,0.02762468593994405,0.0,0.2111265169128642,0.2787009970950247,1.0
bulk,d-optimality,29,240.0,240.0,0.050788035965524614,0.000101606005046051,1.608446602503828,0.0,0.0,0.03194717220836074,0.02762468593994405,0.0,0.2264765926168333,0.24853691421761667,1.0
bulk,d-optimality,30,30.0,30.0,0.010619153013976756,1.9916013116016984e-05,2.0404384945303353,0.0,0.0,0.004243958624088107,0.018905881100813926,0.025950969699469528,0.5944188388056683,0.38226142919863987,0.75
bulk,d-optimality,30,60.0,60.0,0.018825397011823952,3.908801591023803e-05,2.0674862112904355,0.0,0.0,0.004243958624088107,0.02510016703458673,0.024400912098579086,0.5100094094238914,0.39618365856416665,0.9166666666666666
bulk,d-optimality,30,120.0,120.0,0.03459559002658352,7.195203215815127e-05,1.8794381710570873,0.0,0.0,0.004243958624088107,0.02510016703458673,0.024400912098579086,0.400659043509629,0.2780549752543426,1.0
bulk,d-optimality,30,180.0,180.0,0.04982599405775545,0.00011414503387641162,1.7264556473127206,0.0,0.0,0.004243958624088107,0.0,0.00757177954302668,0.33269650992981253,0.22078312705528147,1.0
bulk,d-optimality,30,240.0,240.0,0.06649680806003744,0.0001517130440333858,1.7377252625006694,0.0,0.0,0.004243958624088107,0.0,0.006021721942136127,0.28643606478380457,0.2389963873914559,1.0
bulk,d-optimality,31,30.0,30.0,0.010653192010067869,2.0619008864741772e-05,1.954581805860963,0.0,0.2167265226866103,0.28477841936924686,0.33933030424996935,0.20178291234674928,0.4088044784125035,0.4669019304041373,0.75
bulk,d-optimality,31,60.0,60.0,0.01733330103161279,3.996297891717404e-05,1.7667227550124514,0.0,0.2167265226866103,0.15405314973446804,0.028609626661081577,0.05570763240927734,0.3026358440691645,0.375492018743454,0.9166666666666666
bulk,d-optimality,31,120.0,120.0,0.03158289802377112,8.365201210835949e-05,1.7364592131002003,0.0,0.16809201236302407,0.11948285622232624,0.1037350234600034,0.12005111716186834,0.28874830719404015,0.3129694351130158,1.0
bulk,d-optimality,31,180.0,180.0,0.044424267012800556,0.00011676605936372653,1.64067966694416,0.0,0.0,0.08083703563858746,0.0,0.031204027033697512,0.20705345218964558,0.2789568059260864,1.0
bulk,d-optimality,31,240.0,240.0,0.05749759602622362,0.00014776309399167076,1.6066353712840993,0.0,0.0,0.0,0.04128642265968707,0.031204027033697512,0.13515572298521328,0.25264863707962787,1.0
bulk,d-optimality,32,30.0,30.0,0.010747179978352506,2.1657979232259095e-05,2.1218067940971266,0.0,0.15753619413744824,0.11652665134227669,0.001668986130187733,0.016648314999386682,0.7220039212046062,0.4283957462292916,0.75
bulk,d-optimality,32,60.0,60.0,0.01736604097095551,4.011095006717369e-05,1.9154780896243215,0.0,0.03314572155992468,0.11652665134227669,0.09957312980862609,0.1022422139846848,0.46418335424278595,0.3705780886254639,0.75
bulk,d-optimality,32,120.0,120.0,0.03244983894546749,7.484498200938106e-05,1.8387803786552537,0.0,0.0,0.0,0.0,0.0,0.3325873361621754,0.32965324675308433,0.8333333333333334
bulk,d-optimality,32,180.0,180.0,0.04829670494655147,0.00011059403186663985,1.814274037068895,0.0,0.0,0.0,0.001668986130187733,-2.220446049250313e-16,0.25013700193608157,0.35649892472924527,1.0
bulk,d-optimality,32,240.0,240.0,0.06340376393927727,0.00014416702470043674,1.7495458462555267,0.0,0.0,0.0,0.0,0.0,0.24481512009202883,0.30385200423129005,1.0
bulk,d-optimality,33,30.0,30.0,0.010521191012230702,2.0919018425047398e-05,1.7359644126277303,0.13018507767653065,0.0,0.038614398775764225,0.0,0.05157533141990789,0.28533907767266464,0.3572271072975733,0.75
bulk,d-optimality,33,60.0,60.0,0.018136542006686796,4.6294022467918694e-05,1.6190458764906592,0.13018507767653065,0.0,0.038614398775764225,0.0,0.0,0.2721806160465218,0.27865017162238254,0.9166666666666666
bulk,d-optimality,33,120.0,120.0,0.03284499901928939,8.844100375426933e-05,1.6175865052492107,0.13018507767653065,0.0,0.038614398775764225,0.04593475858188267,0.0,0.2719050376803308,0.2579107381720075,1.0
bulk,d-optimality,33,180.0,180.0,0.04712205303803785,0.00012131197581766173,1.5737121413536286,0.13018507767653065,0.0,0.038614398775764225,0.04593475858188267,0.0,0.21327600773115896,0.21474878671270317,1.0
bulk,d-optimality,33,240.0,240.0,0.0645411660298123,0.0001552009634906426,1.629434610704395,0.13018507767653065,0.0,0.038614398775764225,0.04593475858188267,0.0,0.2995907020001538,0.22552591406284167,1.0
bulk,d-optimality,34,30.0,30.0,0.010683003994927276,1.9993967725895345e-05,1.7816984523503276,0.0,0.0,0.07416692577238249,0.06486804845476124,0.09630104352808033,0.4091896886919805,0.2919167996521489,0.75
bulk,d-optimality,34,60.0,60.0,0.018082124981447123,4.0532933780923486e-05,1.6733904018905645,0.0,0.0,0.038726929914689845,0.06486804845476124,0.0,0.21891051282763133,0.24516797489658274,0.8333333333333334
bulk,d-optimality,34,120.0,120.0,0.032351787987863645,7.627494778716937e-05,1.617233920166899,0.0,0.0,0.038726929914689845,0.06486804845476124,0.0,0.1814310983747807,0.19445573465631472,0.9166666666666666
bulk,d-optimality,34,180.0,180.0,0.0481296099969768,0.00011890694440808147,1.576762941509289,0.0,0.0,0.0,0.0,0.0,0.16544839634472586,0.1708947419129806,1.0
bulk,d-optimality,34,240.0,240.0,0.06356626399065135,0.00015542095206910744,1.5676894621855277,0.0,0.0,0.0,0.030996611287202547,0.0,0.12601864574992633,0.19156981638758877,1.0
bulk,d-optimality,35,30.0,30.0,0.010527310005272739,2.3262007744051516e-05,1.9042223885836884,0.2999774708406655,0.0,0.0,0.07245010318039291,0.006847707704469741,0.8019760130714828,0.22794859913617851,0.75
bulk,d-optimality,35,60.0,60.0,0.01905493797676172,5.059002432972193e-05,1.7725622319497674,0.0,0.0,0.0,0.0,0.006847707704469963,0.5503265761483674,0.214146903337182,0.75
bulk,d-optimality,35,120.0,120.0,0.035345811978913844,8.913999772630632e-05,1.7724803848037956,0.2999774708406655,0.0,0.0,0.0,0.006847707704469963,0.5156884566854102,0.18416213101716566,0.9166666666666666
bulk,d-optimality,35,180.0,180.0,0.05373259897896787,0.00012152097042417154,1.7147145694277748,0.0,0.0,0.0,0.0,0.0,0.329519693900854,0.19094098357853956,0.9166666666666666
bulk,d-optimality,35,240.0,240.0,0.07320215997606283,0.00015829894982744008,1.6815076120750196,0.0,0.0,0.0,0.0,0.006847707704469963,0.2653864624423355,0.16159208746945486,0.9166666666666666
bulk,d-optimality,36,30.0,30.0,0.010326413001166657,2.044798748102039e-05,2.05798040074212,0.4834803781595589,0.4113857117893147,0.0761885409816343,0.14176656464664206,0.12552908804421492,0.40556838049507465,0.3938749719641352,0.75
bulk,d-optimality,36,60.0,60.0,0.016817720024846494,3.773498610826209e-05,1.9886031616941402,0.4402217558216105,0.30996738155828774,0.0,0.029790611246678256,0.028767929082627153,0.32332980285110585,0.37760815735977604,0.75
bulk,d-optimality,36,120.0,120.0,0.03204996301064966,8.338694897247478e-05,1.8521102285749116,0.4402217558216105,0.0,0.0,0.07004699958261973,0.06052932487376639,0.29752205819661526,0.2616861134607349,0.9166666666666666
bulk,d-optimality,36,180.0,180.0,0.044989224028540775,0.00011427695426391438,1.7101940889342304,0.0,0.0,0.0,0.07004699958261973,0.06355445844648167,0.19591965960734886,0.14962631683524358,1.0
bulk,d-optimality,36,240.0,240.0,0.05790021802386036,0.0001443799483240582,1.6906062613182147,0.0,0.0,0.0,0.07004699958261973,0.06355445844648167,0.15126441096610077,0.13320612385371686,1.0
bulk,d-optimality,37,30.0,30.0,0.01054696898063412,2.1164989448152483e-05,2.057743627055083,0.1272886183430063,0.09793574789343917,0.0,0.0,0.021157747497572155,0.7152312536205251,0.21838162875336517,0.8333333333333334
bulk,d-optimality,37,60.0,60.0,0.018343352996453177,5.4737989557906985e-05,1.9924388402255573,0.1272886183430063,0.09793574789343917,0.0,0.0,0.021157747497572155,0.5184177766858729,0.20365889611151486,0.9166666666666666
bulk,d-optimality,37,120.0,120.0,0.03514132099371636,8.962897845776752e-05,1.8572404029153848,0.0,0.0,0.0,0.0,0.0,0.3101538887961235,0.12564498475659372,0.9166666666666666
bulk,d-optimality,37,180.0,180.0,0.05536477197165368,0.00012218995107105002,1.8679589300888342,0.0,0.02996552055900603,0.0,0.0,0.0,0.241758389856025,0.12847424460893428,1.0
bulk,d-optimality,37,240.0,240.0,0.07529705794149777,0.0001776369463186711,1.8094102751277423,0.0,0.02996552055900603,0.0,0.0,0.0,0.16539859191509165,0.08880968918273387,1.0
bulk,d-optimality,38,30.0,30.0,0.011295294018054847,2.1345018467400223e-05,1.8329395689865968,0.0,0.0,0.018690190473064305,0.0,0.0003266813186881823,0.5873866539985586,0.3259741152238852,0.75
bulk,d-optimality,38,60.0,60.0,0.019778844005486462,4.0437029383610934e-05,1.750562879743794,0.0,0.0,0.018690190473064305,0.0,0.0003266813186881823,0.25513189314439383,0.27665060155799515,0.8333333333333334
bulk,d-optimality,38,120.0,120.0,0.038079185025708284,7.612806075485423e-05,1.7598374249280495,0.0,0.0,0.018690190473064305,0.0,0.0003266813186881823,0.30603470786221487,0.2618815599414276,1.0
bulk,d-optimality,38,180.0,180.0,0.055420512006094214,0.00010977607598761097,1.7245318784418815,0.0,0.0,0.018690190473064305,0.0,0.0003266813186881823,0.23267076273786322,0.23610970572686155,1.0
bulk,d-optimality,38,240.0,240.0,0.0719116040127119,0.00014434205513680354,1.7043468890220728,0.0,0.0,0.018690190473064305,0.0,0.0003266813186881823,0.30613815940415195,0.16636740302608774,1.0
bulk,d-optimality,39,30.0,30.0,0.01143494299321901,3.987101808888838e-05,1.8592369202152967,0.0,0.0,0.03937405229126123,0.03527349595602003,0.0,0.5748586837384292,0.4161546049831022,0.8333333333333334
bulk,d-optimality,39,60.0,60.0,0.019889500967110507,5.967304605292156e-05,1.8227094145774048,0.0,0.0,0.03937405229126123,0.03527349595602003,0.0,0.3824167296360799,0.3706197492898642,1.0
bulk,d-optimality,39,120.0,120.0,0.03695483395131305,9.570807014824823e-05,1.827193581883657,0.0,0.0,0.03937405229126123,0.01788332443649754,0.0,0.37608675954858545,0.3278420432743865,1.0
bulk,d-optimality,39,180.0,180.0,0.052794982941122726,0.00013058206241112202,1.7162054164341185,0.0,0.0,0.03937405229126123,0.01788332443649754,0.0,0.37226933863068556,0.27944489840529557,1.0
bulk,d-optimality,39,240.0,240.0,0.07034058893623296,0.00016411008255090564,1.6171019053348015,0.0,0.0,0.03937405229126123,0.01788332443649754,0.0,0.257809295646784,0.2389532030540533,1.0
bulk,d-optimality,40,30.0,30.0,0.008406451001064852,1.5628014807589352e-05,1.3532303487265063,0.0,0.0,0.08953253272237638,0.02163201037000595,0.015356502559888296,0.20674653332160708,0.2997610596826569,0.6666666666666666
bulk,d-optimality,40,60.0,60.0,0.014249638006731402,2.923204010585323e-05,1.3745637482291702,0.02590319911044281,0.0,0.08953253272237638,0.02163201037000595,0.015356502559888296,0.23536712196558401,0.32337082499229297,0.75
bulk,d-optimality,40,120.0,120.0,0.025257220018829685,5.4637042921967804e-05,1.320278471000701,0.0,0.19317342178481456,0.06749553328871027,0.055338393185330736,0.06239082467116708,0.19257866652248687,0.2837680541262768,0.8333333333333334
bulk,d-optimality,40,180.0,180.0,0.0361106310156174,8.107102621579543e-05,1.2893281433998662,0.0,0.0,0.0674955332887105,0.05533839318533085,0.0,0.1511035361475723,0.264127749704928,1.0
bulk,d-optimality,40,240.0,240.0,0.04739417405653512,0.00010792700777528808,1.280370968605005,0.0,0.0,0.0674955332887105,0.05533839318533085,0.0,0.14578934257623424,0.24231341634189454,1.0
bulk,d-optimality,41,30.0,30.0,0.008450528024695814,1.6250007320195436e-05,1.2370828653202348,0.0,0.11672176412096102,0.0,0.03753040946664843,0.03524629515005373,0.16428204496024407,0.46073783471320623,0.6666666666666666
bulk,d-optimality,41,60.0,60.0,0.01411697603907669,3.065401688218117e-05,1.2515896988809079,0.0,0.11672176412096102,0.0,0.03753040946664843,0.04051016716048483,0.19496974245520052,0.42670937022262906,0.8333333333333334
bulk,d-optimality,41,120.0,120.0,0.025568648998159915,5.686397344106808e-05,1.2542050154591604,0.0,0.11672176412096102,0.0,0.007362309966399527,0.04051016716048483,0.19616855431484823,0.38005041900288833,0.9166666666666666
bulk,d-optimality,41,180.0,180.0,0.038964083018072415,8.403997344430536e-05,1.2272967809868671,0.0,0.0,0.0,0.007362309966399527,0.04051016716048483,0.10758904205672136,0.35047681992543434,1.0
bulk,d-optimality,41,240.0,240.0,0.0516905570475501,0.00011313200229778886,1.2182694717463978,0.0,0.0,0.0,0.007362309966399527,0.00691423711463901,0.0929997695347925,0.3360025922762227,1.0
bulk,d-optimality,42,30.0,30.0,0.011368545987352263,2.9511997126974165e-05,1.4469880324036621,0.0,0.006554568656070292,0.0,0.0061085278771148,-2.220446049250313e-16,0.2412396742073295,0.3978050511852466,0.75
bulk,d-optimality,42,60.0,60.0,0.01896173397108214,4.9175985623151064e-05,1.4007320680656503,0.0,0.006554568656070292,0.0,0.0,0.0,0.12492760372739271,0.3384354561771718,0.9166666666666666
bulk,d-optimality,42,120.0,120.0,0.035027039964916185,9.154297731583938e-05,1.4272064063541263,0.0,0.006554568656070292,0.0,0.0,0.0,0.28744242942669446,0.2945608587939654,1.0
bulk,d-optimality,42,180.0,180.0,0.05178226999123581,0.00013193493214203045,1.3957385913587268,0.0,0.006554568656070292,0.0,0.0,0.0,0.2610470840581819,0.25203732828471265,1.0
bulk,d-optimality,42,240.0,240.0,0.06797529699542793,0.00016907095414353535,1.3573431715518351,0.0,0.006554568656070292,0.0,0.0,0.0,0.20546596358379035,0.22115456208906314,1.0
bulk,d-optimality,43,30.0,30.0,0.010443032020702958,2.1476000256370753e-05,1.435501838368953,0.0,0.0,0.0,0.0,0.0036570929906859506,0.3126934765418791,0.40397679412447485,0.6666666666666666
bulk,d-optimality,43,60.0,60.0,0.018177890036895406,4.5938002585899085e-05,1.3941931119769613,0.0,0.0,0.0,0.0,0.0036570929906859506,0.4755129672947819,0.34461264399984454,0.8333333333333334
bulk,d-optimality,43,120.0,120.0,0.035470322021865286,8.57900085975416e-05,1.3813546768790392,0.0,0.0,0.0,0.0,0.0036570929906859506,0.33359474139761186,0.2925534816125666,0.9166666666666666
bulk,d-optimality,43,180.0,180.0,0.0519098310105619,0.0001222340069944039,1.3978437921089517,0.0,0.0,0.0,0.0,0.0036570929906859506,0.33572384215142004,0.2925576155302976,1.0
bulk,d-optimality,43,240.0,240.0,0.06877708700631047,0.00016225400031544268,1.3876517466604874,0.0,0.0,0.040257238286312225,0.0,0.0036570929906859506,0.2609516166041098,0.27813137864321147,1.0
bulk,d-optimality,44,30.0,30.0,0.010754850969533436,2.3631000658497214e-05,1.54686977288024,0.0,0.0,0.050716923998323726,0.0,0.007038657094168843,0.32468137982976164,0.281652666931447,0.75
bulk,d-optimality,44,60.0,60.0,0.018017195972788613,3.9809950976632535e-05,1.464275212085636,0.0,0.0,0.050716923998323726,0.0,0.007038657094168843,0.13419337970513903,0.22223407683462792,0.8333333333333334
bulk,d-optimality,44,120.0,120.0,0.03299223499925574,7.140293018892407e-05,1.4522803338755883,0.0,0.0,0.0,0.0,0.007038657094168843,0.13551061115110655,0.2168197893776583,0.9166666666666666
bulk,d-optimality,44,180.0,180.0,0.04930765298195183,0.00011000993254128844,1.4616069787605628,0.0,0.023919581725151073,-2.220446049250313e-16,-2.220446049250313e-16,0.007038657094168621,0.137200387558202,0.21620849257334654,0.9166666666666666
bulk,d-optimality,44,240.0,240.0,0.06524539495876525,0.0001471879004384391,1.4623388560828356,0.0,0.0,0.050716923998323726,0.0,0.007038657094168843,0.14240845170934907,0.2339734308542247,0.9166666666666666
bulk,d-optimality,45,30.0,30.0,0.010564172036538366,2.0258994481991976e-05,1.3295480480557422,0.0,0.0,0.0,0.012785133383092617,0.03677217530224508,0.11782097345037897,0.3015639115691666,0.5833333333333334
bulk,d-optimality,45,60.0,60.0,0.017755020009644795,4.120798985240981e-05,1.3446596919499394,0.0,0.0,0.0,0.012785133383092617,0.0508326217950722,0.12585846504905257,0.312950185324828,0.75
bulk,d-optimality,45,120.0,120.0,0.03161876705416944,7.528298010583967e-05,1.3436258880885728,0.17077981014696364,0.0,0.0,0.012785133383092617,0.0508326217950722,0.13744289804793502,0.2925775969910828,0.9166666666666666
bulk,d-optimality,45,180.0,180.0,0.0461238510615658,0.00011896699288627133,1.2885129498823544,0.0,0.0,0.0,0.0,0.038993800053500616,0.10909324307435783,0.2368609308029428,1.0
bulk,d-optimality,45,240.0,240.0,0.059846957061381545,0.0001538210126454942,1.2914121881113758,0.0,0.0,0.0,0.012785133383092617,0.0,0.08051675133781193,0.23621734955496124,1.0
bulk,d-optimality,46,30.0,30.0,0.011009183996065985,2.268203388666734e-05,1.29346938143125,0.0,0.002321576897565847,0.082600186713495,0.10991152515698244,0.10217817050568123,0.27886713138848424,0.29081951705005366,0.75
bulk,d-optimality,46,60.0,60.0,0.019260362983914092,4.69430597149767e-05,1.2753358484844706,0.0,0.002321576897565847,0.082600186713495,0.07357813028199134,0.0709974626406581,0.3334858971664098,0.3056404031212736,0.75
bulk,d-optimality,46,120.0,120.0,0.032480803987709805,7.792201358824968e-05,1.2394834999172082,0.0,0.0,0.0,0.05688396899602044,0.02170091555721365,0.18345228160779536,0.26814846182709,0.8333333333333334
bulk,d-optimality,46,180.0,180.0,0.046916888997657225,0.0001268180349143222,1.2187551008866755,0.0,0.0,0.016743140423742142,0.0,0.02170091555721365,0.12085176813503096,0.23317172632690422,0.8333333333333334
bulk,d-optimality,46,240.0,240.0,0.06215101601264905,0.00016652904014335945,1.1853835798587722,0.0,0.0,0.016743140423742142,0.0,0.02170091555721365,0.07201512311300722,0.18180344268161144,0.9166666666666666
bulk,d-optimality,47,30.0,30.0,0.011852868003188632,4.071099101565778e-05,1.6759111557165618,0.0,0.0,0.0,0.0,0.0,0.377333577309383,0.37907468137005135,0.6666666666666666
bulk,d-optimality,47,60.0,60.0,0.019600826999521814,6.716797361150384e-05,1.7017525175615411,0.36134131335136177,0.0,0.0,0.0,0.0,0.5160481021279312,0.3509884115877476,0.9166666666666666
bulk,d-optimality,47,120.0,120.0,0.03393711797252763,0.00010689297778299078,1.5534926005264695,0.0,0.0,0.0,0.0,0.0,0.3018018379697891,0.23565778023576311,0.9166666666666666
bulk,d-optimality,47,180.0,180.0,0.05190658195351716,0.00014996895333752036,1.5081725132989323,0.0,0.0,0.0,0.0,0.0,0.19075104558549283,0.206889311770859,1.0
bulk,d-optimality,47,240.0,240.0,0.07196022593416274,0.00019337298726895824,1.48959678557072,0.0,0.0,0.0,0.0,0.0,0.12097687926872627,0.18097622457583742,1.0
bulk,d-optimality,48,30.0,30.0,0.009039554999617394,1.8407008610665798e-05,1.1964837580307175,0.0,0.0,0.0,0.0,0.0,0.24674907230453602,0.25842742592332446,0.75
bulk,d-optimality,48,60.0,60.0,0.014877591005642898,3.140800981782377e-05,1.1517233283078014,0.0,0.0,0.0,0.0,0.0,0.12377416559687897,0.22045752665416746,0.9166666666666666
bulk,d-optimality,48,120.0,120.0,0.02655931300978409,5.5034040997270495e-05,1.1490306912899961,0.0,0.0,0.1082155810492208,0.0,0.0,0.11886195141768646,0.1830996671133543,0.9166666666666666
bulk,d-optimality,48,180.0,180.0,0.03781257700029528,7.846602238714695e-05,1.1138931127431808,0.0,0.0,0.0,0.0,0.0,0.06514121890352725,0.15282166072150882,1.0
bulk,d-optimality,48,240.0,240.0,0.048244806996081024,0.0001017090689856559,1.1187828912835716,0.0,0.0,0.0,0.0,0.0,0.07880616910031009,0.14237162537567777,1.0
bulk,d-optimality,49,30.0,30.0,0.008246936005889438,1.710999640636146e-05,1.4926882187377857,0.0,0.06462219251272905,0.0,0.0,0.0,0.26293406829741073,0.25492096995315827,0.6666666666666666
bulk,d-optimality,49,60.0,60.0,0.014016438042744994,3.102298069279641e-05,1.4754875935665528,0.0,0.06462219251272905,0.0,0.0,0.0,0.2637439170734608,0.21341081578765175,0.9166666666666666
bulk,d-optimality,49,120.0,120.0,0.025430226065509487,5.6523975217714906e-05,1.4381190195143079,0.0,0.06462219251272905,0.0,0.0,0.0,0.1653839537266194,0.14225329695839325,1.0
bulk,d-optimality,49,180.0,180.0,0.03655363803409273,8.108492329483852e-05,1.427246787657725,0.0,0.06462219251272905,0.0,0.0,0.0,0.12077989946966534,0.14583432086544182,1.0
bulk,d-optimality,49,240.0,240.0,0.0485371730173938,0.00010634094360284507,1.4259772843411256,0.0,0.0,0.0,0.0,0.0,0.08461189570297425,0.13178658171153054,1.0
bulk,thompson,0,30.0,1.0,0.001354637999611441,1.8830032786354423e-06,1.7838491949598057,0.0,0.0,0.1645577111201113,0.24647449453192305,0.17416363986753602,0.40013093662520166,0.4158630063851281,0.08333333333333333
bulk,thompson,0,60.0,2.0,0.0025824599943007343,3.015004040207714e-06,1.7053803081705325,0.0,0.0,0.1645577111201113,0.24647449453192305,0.17416363986753602,0.39160741469451504,0.41551003931756003,0.16666666666666666
bulk,thompson,0,120.0,3.0,0.0038370099937310442,4.197005182504654e-06,1.7047549621798848,0.0,0.0,0.1645577111201113,0.24647449453192305,0.17416363986753602,0.3944040092952721,0.41561889220164855,0.16666666666666666
bulk,thompson,0,180.0,5.0,0.0062041769924690016,6.3010083977133036e-06,1.6409254443525938,0.11699761815798104,0.0,0.1645577111201113,0.24647449453192305,0.17416363986753602,0.4006445092703144,0.41575052065113766,0.25
bulk,thompson,0,240.0,6.0,0.007339513991610147,7.333008397836238e-06,1.6345720562194492,0.11699761815798104,0.0,0.1645577111201113,0.24647449453192305,0.17416363986753602,0.39031384422409404,0.41536210131967405,0.25
bulk,thompson,1,30.0,1.0,0.001567565996083431,3.5659977584145963e-06,1.2578315451328603,0.3776667770701083,0.20699468824656553,0.0,0.03873633088739781,0.036922425209787946,0.31295900050183034,0.4371321236256059,0.08333333333333333
bulk,thompson,1,60.0,2.0,0.0028310420020716265,4.807996447198093e-06,1.2519917439626909,0.3776667770701083,0.11081837190545385,0.0,0.03873633088739781,0.036922425209787946,0.30281952949490243,0.4362458677866484,0.08333333333333333
bulk,thompson,1,120.0,3.0,0.004013153004052583,5.9399972087703645e-06,1.1954661193512417,0.3776667770701083,0.11081837190545385,0.0,0.03873633088739781,0.036922425209787946,0.30015384996602407,0.4360194420418656,0.16666666666666666
bulk,thompson,1,180.0,5.0,0.006447079002100509,8.042996341828257e-06,1.1443911577978418,0.3776667770701083,0.11081837190545385,0.0,0.011172001678627974,0.04588483826249723,0.23164406495819606,0.33341933820084585,0.25
bulk,thompson,1,240.0,6.0,0.007632255008502398,9.224997484125197e-06,1.1081827644457185,0.0,0.0,0.0,0.011172001678627974,0.04588483826249723,0.11732584878287301,0.3250999199365676,0.3333333333333333
bulk,thompson,2,30.0,1.0,0.001262673999008257,2.0139996195212007e-06,1.6095876564167666,0.6935039959887186,0.36834636598648685,0.3458860008356204,0.3959283244040902,0.4240076371134539,0.9174198489536878,0.6688706457036706,0.08333333333333333
bulk,thompson,2,60.0,2.0,0.0025453039997955784,3.3759934012778103e-06,1.6070554055830302,0.6935039959887186,0.36834636598648685,0.3458860008356204,0.3959283244040902,0.4240076371134539,0.9171501899296294,0.6688486795095436,0.08333333333333333
bulk,thompson,2,120.0,3.0,0.0037749490002170205,4.578992957249284e-06,1.5332400334001692,0.11725033819348041,0.4021933683259111,0.4689421393506249,0.5035412306480842,0.4240076371134539,0.6162891066770428,0.6381031442522843,0.16666666666666666
bulk,thompson,2,180.0,5.0,0.006448801999795251,7.583992555737495e-06,1.5012988437087673,0.11725033819348041,0.5114350215636475,0.55938009533093,0.5035412306480842,0.4240076371134539,0.5624640952732007,0.6236834816955114,0.25
bulk,thompson,2,240.0,6.0,0.007917032002296764,9.116993169300258e-06,1.5017754051435592,0.11725033819348041,0.5114350215636475,0.55938009533093,0.5035412306480842,0.4240076371134539,0.5627120932141215,0.6236982105725024,0.25
bulk,thompson,3,30.0,1.0,0.0013986759950057603,2.7849964681081474e-06,2.2820895032429696,0.0,0.16184653867216436,0.0,0.0,0.03431632298416809,0.8131655730679878,0.3113441278102301,0.08333333333333333
bulk,thompson,3,60.0,2.0,0.0025803959943004884,4.19699790654704e-06,2.129155833955366,0.0,0.16184653867216436,0.0,0.0,0.03431632298416809,0.7349951520540668,0.3082736257903737,0.16666666666666666
bulk,thompson,3,120.0,3.0,0.0037804489911650307,5.468995368573815e-06,2.1403484408998774,0.0,0.16184653867216436,0.0,0.0,0.03431632298416809,0.7243206919435445,0.30805213179409724,0.16666666666666666
bulk,thompson,3,180.0,5.0,0.006380259990692139,8.144001185428351e-06,2.1294156368915305,0.0,0.16184653867216436,0.0,0.0,0.03431632298416809,0.7212606861473627,0.3079725712221335,0.16666666666666666
bulk,thompson,3,240.0,6.0,0.007730278994131368,9.647003025747836e-06,2.127449838952884,0.0,0.16184653867216436,0.0,0.0,0.03431632298416809,0.7230330855630056,0.3080137035306767,0.16666666666666666
bulk,thompson,4,30.0,1.0,0.001591379004821647,3.3960022847168148e-06,1.7858174947942587,0.09546082567376357,0.0,0.0,0.0,0.0006204992361537043,0.2972888787975105,0.22782009379182575,0.08333333333333333
bulk,thompson,4,60.0,2.0,0.0029047840071143582,4.838002496398985e-06,1.7827818861458697,0.09546082567376357,0.0,0.0,0.0,0.0006204992361537043,0.3009982599041035,0.22790377664724643,0.08333333333333333
bulk,thompson,4,120.0,3.0,0.004141212004469708,6.040005246177316e-06,1.7410738714487772,0.0,0.0,0.0,0.0,0.0006204992361537043,0.2620374858219427,0.22700163758788855,0.16666666666666666
bulk,thompson,4,180.0,5.0,0.006541065995406825,8.515002264175564e-06,1.73744757642886,0.0,0.0,0.0,0.0,0.0006204992361537043,0.23627718577189824,0.20541586132992673,0.25
bulk,thompson,4,240.0,6.0,0.007785517991578672,9.616996976546943e-06,1.737380906135976,0.0,0.0,0.0,0.0,0.0006204992361537043,0.23577720009507958,0.20540567333141302,0.25
bulk,thompson,5,30.0,1.0,0.0014767050015507266,1.5129990060813725e-06,2.099449156864655,0.7868999984862943,0.5360170014647052,0.12300377216604963,0.12677483613876916,0.17187525709668527,1.1522258871539743,0.4864908062514875,0.08333333333333333
bulk,thompson,5,60.0,2.0,0.0027304929972160608,2.81500251730904e-06,2.0556507577301586,0.7868999984862943,0.1736659975358592,0.23626885902160322,0.28949863575081625,0.17187525709668527,1.0183843817032712,0.4732973209144521,0.16666666666666666
bulk,thompson,5,120.0,3.0,0.004034010002214927,4.0380036807619035e-06,2.0157595319342403,0.7868999984862943,0.1736659975358592,0.3108232864891165,0.1913675903003349,0.15372708624101883,0.9159097951866838,0.44979772860870393,0.25
bulk,thompson,5,180.0,5.0,0.006401437007298227,6.3920015236362815e-06,1.940571543283747,0.7868999984862943,0.1736659975358592,0.3108232864891165,0.1913675903003349,0.15372708624101883,0.9096352446823083,0.44951982903197746,0.3333333333333333
bulk,thompson,5,240.0,6.0,0.007668979007576127,7.604998245369643e-06,1.8223059438914584,0.0,0.24524975884789335,0.1778247324238872,0.1913675903003349,0.15372708624101883,0.4743406295704502,0.3942127903423329,0.4166666666666667
bulk,thompson,6,30.0,1.0,0.0020932699990225956,4.187000740785152e-06,1.1934719975037735,0.0,0.0,0.0,0.019249937604791545,0.048765810464111325,0.27978343611436174,0.38223151089182694,0.08333333333333333
bulk,thompson,6,60.0,2.0,0.003703331996803172,7.873000868130475e-06,1.1823844955734373,0.0,0.0,0.0,0.019249937604791545,0.048765810464111325,0.27473366843196106,0.38007216759946383,0.08333333333333333
bulk,thompson,6,120.0,3.0,0.0055743079938110895,1.1329000699333847e-05,1.161719240014696,0.0,0.0,0.0,0.019249937604791545,0.048765810464111325,0.18851780401473367,0.3763530743144449,0.16666666666666666
bulk,thompson,6,180.0,5.0,0.008650716998090502,1.65290039149113e-05,1.125537206599241,0.0,0.0,0.0,0.019249937604791545,0.048765810464111325,0.15098419466862195,0.3754798712426922,0.16666666666666666
bulk,thompson,6,240.0,6.0,0.010311088000889868,1.8502003513276577e-05,1.1263414482076393,0.0,0.0,0.0,0.019249937604791545,0.048765810464111325,0.15060211149716338,0.37547373940787654,0.16666666666666666
bulk,thompson,7,30.0,1.0,0.0024081800002022646,3.907000063918531e-06,2.0372609618981823,0.0,0.23284712921953865,0.10272992575962281,0.18388939123056225,0.164920740687706,0.7252841205042512,0.35668726289946484,0.08333333333333333
bulk,thompson,7,60.0,2.0,0.004402744998515118,6.3209954532794654e-06,2.0020001979733557,0.0,0.23284712921953865,0.10272992575962281,0.18388939123056225,0.1447047697599554,0.7245960887034337,0.35618940162038043,0.16666666666666666
bulk,thompson,7,120.0,3.0,0.00592769499780843,8.033995982259512e-06,1.9672499231078149,0.0,0.23284712921953865,0.10272992575962281,0.18388939123056225,0.1447047697599554,0.6266784277217757,0.35142088326746906,0.25
bulk,thompson,7,180.0,5.0,0.009222831999068148,1.1669995728880167e-05,1.939770946525096,0.0,0.23284712921953865,0.10272992575962281,0.08308628965822884,0.07451573111277465,0.5015359927267677,0.2891458551277293,0.3333333333333333
bulk,thompson,7,240.0,6.0,0.010683216998586431,1.3332995877135545e-05,1.9394192942017485,0.0,0.23284712921953865,0.10272992575962281,0.08308628965822884,0.07451573111277465,0.50008265087445,0.289111309313243,0.3333333333333333
bulk,thompson,8,30.0,1.0,0.002213824998761993,5.4199990699999034e-06,1.726737635423672,0.0,0.0,0.03274912267043728,0.0,0.0,0.43715690467315477,0.33090541637192405,0.08333333333333333
bulk,thompson,8,60.0,2.0,0.003979993998655118,9.166993550024927e-06,1.732862320058303,0.0,0.0,0.03274912267043728,0.0,0.0,0.45308916649129694,0.33102267385535633,0.08333333333333333
bulk,thompson,8,120.0,3.0,0.005613536995952018,1.2322991096880287e-05,1.7283536080163415,0.0,0.0,0.03274912267043728,0.0,0.0,0.43862677418232415,0.3309158252775362,0.08333333333333333
bulk,thompson,8,180.0,5.0,0.008951719995820895,1.6209989553317428e-05,1.662106753781327,0.0,0.0,0.03274912267043728,0.0,0.0,0.3938107815691229,0.33001816982060783,0.16666666666666666
bulk,thompson,8,240.0,6.0,0.010666747999493964,1.845398946898058e-05,1.6600125603355214,0.0,0.0,0.03274912267043728,0.0,0.0,0.38900577992953345,0.32998908722108905,0.16666666666666666
bulk,thompson,9,30.0,1.0,0.0020020080046379007,3.716006176546216e-06,1.9347324677515152,0.47675117960746094,0.25547262486902167,0.26742221450099135,0.07582669895769889,0.06501373690925805,0.6009600349828903,0.4296614809627205,0.08333333333333333
bulk,thompson,9,60.0,2.0,0.0037087119999341667,5.820009391754866e-06,1.8683124065551795,0.1338463177732382,0.24815126085312178,0.08611361017936259,0.07475830644798953,0.11243734329687227,0.44133154820454906,0.4047720168904689,0.16666666666666666
bulk,thompson,9,120.0,3.0,0.005374553002184257,7.432012353092432e-06,1.8499711409835238,0.1338463177732382,0.24815126085312178,0.08611361017936259,0.07475830644798953,0.06501373690925805,0.4335466731605645,0.3997902827719022,0.25
bulk,thompson,9,180.0,5.0,0.008694023003045004,1.0979012586176395e-05,1.8453877845389781,0.1338463177732382,0.24815126085312178,0.08611361017936259,0.07475830644798953,0.06501373690925805,0.4320101885750798,0.39961607265821086,0.25
bulk,thompson,9,240.0,6.0,0.01016508800239535,1.240101846633479e-05,1.8319736554829884,0.1338463177732382,0.24815126085312178,0.08611361017936259,0.07475830644798953,0.06501373690925805,0.43628490760893895,0.40417817210409535,0.3333333333333333
bulk,thompson,10,30.0,1.0,0.0019950259957113303,5.480003892444074e-06,1.8502171288377651,0.0,0.0,0.0,0.08716971922862604,0.08169763913644468,0.7197382485995004,0.4860795780320264,0.08333333333333333
bulk,thompson,10,60.0,2.0,0.003741279993846547,8.225004421547055e-06,1.8257225224156308,0.0,0.0,0.0,0.08716971922862604,0.08169763913644468,0.6817721664835197,0.4856969205105812,0.08333333333333333
bulk,thompson,10,120.0,3.0,0.005643140997563023,1.1261006875429302e-05,1.8279968747649094,0.0,0.0,0.0,0.08716971922862604,0.08169763913644468,0.6855410377297069,0.4857313405319461,0.08333333333333333
bulk,thompson,10,180.0,5.0,0.009022678001201712,1.6330006474163383e-05,1.7265896022479144,0.0,0.0,0.0,0.0355049437738173,0.07328795467184468,0.5384368061892685,0.39011123732217895,0.16666666666666666
bulk,thompson,10,240.0,6.0,0.01052937599888537,1.783200423233211e-05,1.7219991965607722,0.0,0.0,0.0,0.0355049437738173,0.07328795467184468,0.5297519451904904,0.39003670918959366,0.16666666666666666
bulk,thompson,11,30.0,1.0,0.001865275000454858,3.927001671399921e-06,1.9708353725984873,0.8921352426341607,0.7594834145627389,-2.220446049250313e-16,-2.220446049250313e-16,0.015333400442710143,2.051006580818,0.559532428073705,0.08333333333333333
bulk,thompson,11,60.0,2.0,0.0034339840058237314,6.6010034061037e-06,1.9152576074099301,0.8253394010614518,0.7594834145627389,-2.220446049250313e-16,-2.220446049250313e-16,0.015333400442710143,1.9560339965364937,0.5351594989738645,0.16666666666666666
bulk,thompson,11,120.0,3.0,0.005016817005525809,8.855007763486356e-06,1.9125666644349677,0.8921352426341607,0.7594834145627389,-2.220446049250313e-16,-2.220446049250313e-16,0.015333400442710143,1.9563211789740078,0.5354307309442883,0.16666666666666666
bulk,thompson,11,180.0,5.0,0.008365448004042264,1.2302014511078596e-05,1.8879683120055868,0.8921352426341607,0.7594834145627389,-2.220446049250313e-16,-2.220446049250313e-16,0.015333400442710143,1.9551175743546578,0.4752574822668009,0.25
bulk,thompson,11,240.0,6.0,0.010116410005139187,1.7822014342527837e-05,1.88913628022861,0.8921352426341607,0.7594834145627389,-2.220446049250313e-16,-2.220446049250313e-16,0.015333400442710143,1.9549354681545656,0.47505982652583667,0.25
bulk,thompson,12,30.0,1.0,0.0018679700006032363,4.878995241597295e-06,1.5910895291580844,0.939270183801387,0.02299292658626495,0.021748017796422436,0.0,0.0002735985802798657,1.5385342701424138,0.4450020148992688,0.08333333333333333
bulk,thompson,12,60.0,2.0,0.0035476959965308197,8.024995622690767e-06,1.5757549522083376,0.939270183801387,0.02299292658626495,0.021748017796422436,0.0,0.0002735985802798657,1.5347748613198027,0.4402557552011373,0.16666666666666666
bulk,thompson,12,120.0,3.0,0.00517531899822643,1.1320997145958245e-05,1.3273446179049384,0.0,0.02299292658626495,0.021748017796422436,0.0,0.0002735985802798657,0.4350420644610141,0.39209204362276007,0.25
bulk,thompson,12,180.0,5.0,0.008379292994504794,1.5417994291055948e-05,1.3105990860531642,0.0,0.02299292658626495,0.021748017796422436,0.0,0.0002735985802798657,0.41715655822552505,0.39199359030711656,0.25
bulk,thompson,12,240.0,6.0,0.009898622993205208,1.7551996279507875e-05,1.310494740537561,0.0,0.02299292658626495,0.021748017796422436,0.0,0.0002735985802798657,0.417728036233225,0.39199624229796975,0.25
bulk,thompson,13,30.0,1.0,0.0019841770044877194,4.538000212050974e-06,1.8050301989386393,0.7171897306561252,0.0678706774202662,0.011612958187047884,0.03215692300093265,0.0014159229476432555,0.8980265987619289,0.49124367357558685,0.08333333333333333
bulk,thompson,13,60.0,2.0,0.0035130240066791885,7.723996532149613e-06,1.7905106099225225,0.7171897306561252,0.0678706774202662,0.011612958187047884,0.03215692300093265,0.0014159229476432555,0.8932734356465422,0.4896368625851822,0.16666666666666666
bulk,thompson,13,120.0,3.0,0.005165210000996012,1.0969997674692422e-05,1.7546691225592725,0.7171897306561252,0.0678706774202662,0.09322207833496876,0.03215692300093265,0.0014159229476432555,0.8681990367051604,0.4853873597992215,0.25
bulk,thompson,13,180.0,5.0,0.00829268799861893,1.4325996744446456e-05,1.7001890022317212,0.7171897306561252,0.0678706774202662,0.09322207833496876,0.03215692300093265,0.0014159229476432555,0.8544828805895224,0.4422053760121619,0.4166666666666667
bulk,thompson,13,240.0,6.0,0.009844696003710851,1.6108991985674948e-05,1.6979696718295711,0.7171897306561252,0.0678706774202662,0.09322207833496876,0.03215692300093265,0.0014159229476432555,0.8533602699360213,0.44214525846018105,0.4166666666666667
bulk,thompson,14,30.0,1.0,0.0017524639988550916,4.477995389606804e-06,2.334509488501428,0.5952487166377081,0.0,0.029198045901863146,0.054109984158031144,0.0024646190702685145,2.0545102875012,0.43814771563973853,0.08333333333333333
bulk,thompson,14,60.0,2.0,0.003276311996160075,7.452996214851737e-06,2.280996205942008,0.5952487166377081,0.0,0.057131929356214695,0.026456344258271258,0.036667643821172824,1.9373543138700358,0.4051120308952988,0.16666666666666666
bulk,thompson,14,120.0,3.0,0.004918700993584935,9.486997441854328e-06,2.2590549863167393,0.5952487166377081,0.0,0.057131929356214695,0.026456344258271258,0.036667643821172824,1.9329580476898856,0.3939829353421314,0.25
bulk,thompson,14,180.0,5.0,0.007998465000127908,1.2342003174126148e-05,2.037628733624679,0.0,0.0,0.057131929356214695,0.026456344258271258,0.036667643821172824,0.37676744223199554,0.3693163375678375,0.3333333333333333
bulk,thompson,14,240.0,6.0,0.009630515000026207,1.390500256093219e-05,2.037277902075027,0.0,0.0,0.057131929356214695,0.026456344258271258,0.036667643821172824,0.37551194309312586,0.36931402074213604,0.3333333333333333
bulk,thompson,15,30.0,1.0,0.001896150002721697,4.1669991333037615e-06,2.116065834534236,0.3151542703797082,0.5462672546815555,0.10058379666525552,0.05759859399144385,0.05310447448795241,1.143711254091875,0.4269631491361192,0.08333333333333333
bulk,thompson,15,60.0,2.0,0.003656458997284062,7.322996680159122e-06,2.0178453194819617,0.3151542703797082,0.0,0.0,0.009728346372479213,0.05310447448795241,1.0464885463828448,0.3786037596846451,0.16666666666666666
bulk,thompson,15,120.0,3.0,0.005322629993315786,9.506991773378104e-06,2.01750031037769,0.3151542703797082,0.0,0.0,0.009728346372479213,0.05310447448795241,1.0465465337557205,0.3786193117992297,0.16666666666666666
bulk,thompson,15,180.0,5.0,0.008425263993558474,1.2683995009865612e-05,2.0153701412619967,0.3151542703797082,0.0,0.0,0.009728346372479213,0.05310447448795241,1.046379120684364,0.37857498354420577,0.16666666666666666
bulk,thompson,15,240.0,6.0,0.009940395997546148,1.4105993614066392e-05,2.0155541930581395,0.3151542703797082,0.0,0.0,0.009728346372479213,0.05310447448795241,1.046364615658512,0.3785713888498401,0.16666666666666666
bulk,thompson,16,30.0,1.0,0.0013828979936079122,1.7929996829479933e-06,1.4173763601494607,0.0,0.0,0.0,0.0,0.0,0.23736826737762085,0.4886018315077551,0.08333333333333333
bulk,thompson,16,60.0,2.0,0.002733457993599586,3.134999133180827e-06,1.4127385266587043,0.0,0.0,0.0,0.0,0.0,0.24001114060245984,0.48861265775829127,0.08333333333333333
bulk,thompson,16,120.0,3.0,0.00405524699453963,4.298002750147134e-06,1.4137701659679864,0.0,0.0,0.0,0.0,0.0,0.23674138262298883,0.48859911949299806,0.08333333333333333
bulk,thompson,16,180.0,5.0,0.006630692987528164,7.043003279250115e-06,1.4118669637145933,0.0,0.0,0.0,0.0,0.0,0.2401655433187913,0.48861329251537766,0.08333333333333333
bulk,thompson,16,240.0,6.0,0.007909825988463126,8.225004421547055e-06,1.412212528706003,0.0,0.0,0.0,0.0,0.0,0.23843953799841638,0.4886061807804952,0.08333333333333333
bulk,thompson,17,30.0,1.0,0.0014627499986090697,1.453001459594816e-06,1.7427595400913567,0.5960680777293006,0.32344861824143,0.4868193409796704,0.3886495133769877,0.24029845499917446,0.8050615251794256,0.5312549588823294,0.08333333333333333
bulk,thompson,17,60.0,2.0,0.002709275002416689,2.6749985408969223e-06,1.6233243314572459,0.1571475526156656,0.48392491034612506,0.3872107620650579,0.2696469719700445,0.07968634024062327,0.5036116636418486,0.4967186582717492,0.16666666666666666
bulk,thompson,17,120.0,3.0,0.004006921000836883,3.886998456437141e-06,1.5654898278930158,0.891802205381601,0.5793844925195268,0.3872107620650578,0.2696469719700445,0.07968634024062327,0.4899050431409509,0.4955599771958232,0.25
bulk,thompson,17,180.0,5.0,0.006417826007236727,6.21099752606824e-06,1.442046009982821,0.1571475526156656,0.10987939563686988,0.12614391954290627,0.0,0.0,0.18497972037091198,0.4049481350252119,0.4166666666666667
bulk,thompson,17,240.0,6.0,0.007595680006488692,7.422997441608459e-06,1.4412501539793963,0.1571475526156656,0.10987939563686988,0.12614391954290627,0.0,0.0,0.18404402225587718,0.4049026680331274,0.4166666666666667
bulk,thompson,18,30.0,1.0,0.0012394229997880757,1.5730038285255432e-06,0.8626107345758971,0.45028191452805466,0.28205410232321504,0.0,0.05484691524211083,0.06184028198062608,0.1637290180904685,0.49126197527159354,0.08333333333333333
bulk,thompson,18,60.0,2.0,0.0024185889997170307,2.7450078050605953e-06,0.8472106632592755,0.40356190241806267,0.0,0.187039397363017,0.054846915242110716,0.061840281980625855,0.12314253979703739,0.48073851701851295,0.16666666666666666
bulk,thompson,18,120.0,3.0,0.0038015270038158633,4.368004738353193e-06,0.841325810940886,0.0,0.0,0.187039397363017,0.054846915242110716,0.061840281980625855,0.11922418884897694,0.47950545098065017,0.16666666666666666
bulk,thompson,18,180.0,5.0,0.006325042006210424,6.602007488254458e-06,0.8309176183656204,0.0,0.0,0.187039397363017,0.054846915242110716,0.061840281980625855,0.11065035234019628,0.43601505288546294,0.25
bulk,thompson,18,240.0,6.0,0.007762477005599067,8.626004273537546e-06,0.8139115667016332,0.0,0.0,0.0,0.06561810294400738,0.06184028198062608,0.08327543933500392,0.4059753610250561,0.3333333333333333
bulk,thompson,19,30.0,1.0,0.0013085460013826378,1.782995241228491e-06,2.207597055184663,0.7822331023309417,0.5798418135032748,0.3004890173033633,0.06386814338450042,0.153432380624838,1.1808026794343558,0.47633204055313555,0.08333333333333333
bulk,thompson,19,60.0,2.0,0.0024565359999542125,3.05499997921288e-06,2.0945266571850745,0.38317503566299904,0.19290162703960656,0.0,0.12587223061858888,0.09630105332733796,0.9415819412101903,0.44040326099665994,0.16666666666666666
bulk,thompson,19,120.0,3.0,0.0037686080031562597,4.727997293230146e-06,2.097374825614272,0.38317503566299904,0.19290162703960656,0.0,0.12587223061858888,0.09630105332733796,0.9425314045922425,0.4404928217994446,0.16666666666666666
bulk,thompson,19,180.0,5.0,0.006076359000871889,7.001995982136577e-06,2.0441058522380118,0.38317503566299904,0.19290162703960656,0.24764218622098066,0.018215542546894725,0.11259521921349913,0.9326112665522107,0.43673891241797685,0.25
bulk,thompson,19,240.0,6.0,0.007616797003720421,8.714996511116624e-06,1.9362374563929583,0.013624656549291458,0.19290162703960656,0.24764218622098066,0.018215542546894725,0.11259521921349913,0.7605654399255164,0.42513682910302214,0.3333333333333333
bulk,thompson,20,30.0,1.0,0.0018567900042398833,3.9669976104050875e-06,1.9066533641498786,0.0,0.0,0.03154333103704754,0.01070172465259267,0.002555020552324039,1.1371560492052626,0.4574118880690299,0.08333333333333333
bulk,thompson,20,60.0,2.0,0.0034915249998448417,7.482994988095015e-06,1.8532359357789023,0.0,0.0,0.0,0.0,0.002555020552324039,1.0318003664897915,0.4276328696901585,0.16666666666666666
bulk,thompson,20,120.0,3.0,0.005170167998585384,9.325995051767677e-06,1.7362802909570085,0.0,0.0,0.0,0.0,0.002555020552324039,0.49120704765496587,0.42016400403328086,0.25
bulk,thompson,20,180.0,5.0,0.0086059029927128,1.3432996638584882e-05,1.7459854170584148,0.0,0.0,0.0,0.0,0.002555020552324039,0.4801536086954567,0.4201059324738859,0.25
bulk,thompson,20,240.0,6.0,0.010268607991747558,1.5245997929014266e-05,1.7428964661222193,0.0,0.0,0.0,0.0,0.002555020552324039,0.47756340432154104,0.42009397667557025,0.25
bulk,thompson,21,30.0,1.0,0.0016475379961775616,3.3059986890293658e-06,1.508266135263831,0.5066210951058145,0.2831579127290075,0.4259218997821981,0.36926883627024276,0.05297016328520032,0.8198762647031849,0.5702717828925481,0.08333333333333333
bulk,thompson,21,60.0,2.0,0.0032913089962676167,6.150999979581684e-06,1.4815819530919614,0.5066210951058145,0.2831579127290075,0.4259218997821981,0.36926883627024276,0.05297016328520032,0.7005307091905244,0.562757711383137,0.16666666666666666
bulk,thompson,21,120.0,3.0,0.0049992749918601476,7.753995305392891e-06,1.4445821590763046,0.21081780755083734,0.2831579127290075,0.4259218997821981,0.36926883627024276,0.05297016328520032,0.40075124282799307,0.5424180261270338,0.25
bulk,thompson,21,180.0,5.0,0.008313654987432528,1.0919997293967754e-05,1.416850712153691,0.21081780755083734,0.2831579127290075,0.28468481064800055,0.36926883627024276,0.05297016328520032,0.40213094510530734,0.5426898226073452,0.3333333333333333
bulk,thompson,21,240.0,6.0,0.009886138992442284,1.2432996300049126e-05,1.3436210841517424,0.21081780755083734,0.2831579127290075,0.28468481064800055,-2.220446049250313e-16,-2.220446049250313e-16,0.3662676010930022,0.4399244256311882,0.4166666666666667
bulk,thompson,22,30.0,1.0,0.0020313200002419762,4.0669983718544245e-06,1.1649050696893852,0.0,0.0,0.0,0.01133212296564401,0.03387844389850869,0.15435889415269044,0.3092182584608712,0.08333333333333333
bulk,thompson,22,60.0,2.0,0.003979251006967388,6.8119989009574056e-06,1.1653910206008948,0.0,0.0,0.0,0.01133212296564401,0.03387844389850869,0.1576610948507821,0.30924798468212134,0.08333333333333333
bulk,thompson,22,120.0,3.0,0.005730153003241867,8.31500074127689e-06,1.1350825260624415,0.0,0.0,0.0,0.01133212296564401,0.03387844389850869,0.19380664365869155,0.3101094832659898,0.16666666666666666
bulk,thompson,22,180.0,5.0,0.009456817009777296,1.2191994755994529e-05,1.1351053929633557,0.0,0.0,0.0,0.01133212296564401,0.03387844389850869,0.1910071301404934,0.31007848005288113,0.16666666666666666
bulk,thompson,22,240.0,6.0,0.01115234100871021,1.375499414280057e-05,1.135561097160967,0.0,0.0,0.0,0.01133212296564401,0.03387844389850869,0.19620275602418907,0.3101360654638755,0.16666666666666666
bulk,thompson,23,30.0,1.0,0.002159518000553362,3.867004124913365e-06,1.6290367231090528,0.4430103314596546,0.23705579967849544,0.057648555700188675,0.047122060983008085,0.1403359656704336,0.6509008001786029,0.43678594585195263,0.08333333333333333
bulk,thompson,23,60.0,2.0,0.003963684997870587,7.333008397836238e-06,1.6191901862945837,0.4430103314596546,0.23705579967849544,0.057648555700188675,0.047122060983008085,0.14580058448623634,0.6491488064822184,0.4255025221043111,0.16666666666666666
bulk,thompson,23,120.0,3.0,0.0057008529984159395,9.367009624838829e-06,1.5651609980980794,0.13119808897110796,0.0,0.057648555700188675,0.047122060983008085,0.14580058448623634,0.1771807277236887,0.3586962947121172,0.25
bulk,thompson,23,180.0,5.0,0.009708634999697097,1.359500311082229e-05,1.5855152304806903,0.13119808897110796,0.0,0.057648555700188675,0.17732014776453042,0.14580058448623634,0.1803902555197266,0.36477736024630775,0.4166666666666667
bulk,thompson,23,240.0,6.0,0.01129929200396873,1.540799712529406e-05,1.5838705714425192,0.13119808897110796,0.0,0.057648555700188675,0.17732014776453042,0.14580058448623634,0.1778033661451407,0.36431358468572816,0.4166666666666667
bulk,thompson,24,30.0,1.0,0.0013733110026805662,2.4139953893609345e-06,1.5709182320245783,0.4403895307826894,0.0,0.023989748424188884,0.14020977157327197,0.1361816154411727,0.8122285582257492,0.5918284193665635,0.08333333333333333
bulk,thompson,24,60.0,2.0,0.002605560999654699,3.825996827799827e-06,1.5587076919149174,0.4403895307826894,0.374263442052972,0.023989748424188884,0.14020977157327197,0.1361816154411727,0.8058226510967038,0.5910849252432595,0.08333333333333333
bulk,thompson,24,120.0,3.0,0.003927890997147188,5.068999598734081e-06,1.5585509240328312,0.4403895307826894,0.374263442052972,0.023989748424188884,0.14020977157327197,0.1361816154411727,0.8058098786291159,0.5910830720541459,0.08333333333333333
bulk,thompson,24,180.0,5.0,0.006275323998124804,7.2830007411539555e-06,1.496652375165742,0.4403895307826894,0.374263442052972,0.023989748424188884,0.14020977157327197,0.17135602432412078,0.7499321171316868,0.5422458143272305,0.16666666666666666
bulk,thompson,24,240.0,6.0,0.007463114998245146,8.454997441731393e-06,1.4474303255409502,0.4403895307826894,0.374263442052972,0.023989748424188884,0.17259879368431907,0.16374205372725537,0.6821004205007727,0.47869830616091164,0.25
bulk,thompson,25,30.0,1.0,0.0014511289991787635,1.8529972294345498e-06,2.3901761047776477,0.0,0.2616432123145871,0.3056273042673012,0.34171360579757293,0.35212692791556977,1.2701636232389466,0.3081070524664332,0.08333333333333333
bulk,thompson,25,60.0,2.0,0.002621888997964561,3.0949959182180464e-06,2.2594964300656164,0.0,0.2616432123145871,0.3056273042673012,0.34171360579757293,0.35212692791556977,0.9958200757239767,0.2973168431046659,0.16666666666666666
bulk,thompson,25,120.0,3.0,0.004060576000483707,4.356996214482933e-06,2.259952790196716,0.0,0.2616432123145871,0.3056273042673012,0.34171360579757293,0.35212692791556977,0.9947744583804549,0.2972955329735693,0.16666666666666666
bulk,thompson,25,180.0,5.0,0.006530515005579218,6.571994163095951e-06,2.2623065036208234,0.0,0.2616432123145871,0.3056273042673012,0.34171360579757293,0.35212692791556977,0.9956356389620462,0.29730688648439935,0.16666666666666666
bulk,thompson,25,240.0,6.0,0.007960967006511055,8.444993000011891e-06,2.2653898578831466,0.0,0.2616432123145871,0.3056273042673012,0.34171360579757293,0.35212692791556977,1.0000718147830994,0.29738394825461445,0.16666666666666666
bulk,thompson,26,30.0,1.0,0.0012489500004448928,1.6029953258112073e-06,1.6530378996058672,0.561270938465448,0.1663511291281322,0.1239088050002416,0.253149083485666,0.048876935265202204,0.5240413573759307,0.6213018007722466,0.08333333333333333
bulk,thompson,26,60.0,2.0,0.0023892260069260374,2.824999683070928e-06,1.6535374421683962,0.561270938465448,0.1663511291281322,0.1239088050002416,0.253149083485666,0.048876935265202204,0.5243522023094116,0.6213133911383875,0.08333333333333333
bulk,thompson,26,120.0,3.0,0.0035694130056072026,4.228000761941075e-06,1.6528536873638353,0.561270938465448,0.1663511291281322,0.1239088050002416,0.253149083485666,0.048876935265202204,0.5239699485148994,0.6212991663096313,0.08333333333333333
bulk,thompson,26,180.0,5.0,0.005886671999178361,6.62199454382062e-06,1.6201294346286677,0.561270938465448,0.1663511291281322,0.1239088050002416,0.253149083485666,0.048876935265202204,0.5152656220528168,0.6206067897101334,0.16666666666666666
bulk,thompson,26,240.0,6.0,0.0070940079967840575,7.894996087998152e-06,1.6200579206050036,0.561270938465448,0.1663511291281322,0.1239088050002416,0.253149083485666,0.048876935265202204,0.5152155948904249,0.6206049392919518,0.16666666666666666
bulk,thompson,27,30.0,1.0,0.001304609002545476,1.944004907272756e-06,2.2779086274999085,0.0,0.0,0.12621732516162498,0.11840667108056746,0.11202818992499508,1.101050201575961,0.4038327205945132,0.08333333333333333
bulk,thompson,27,60.0,2.0,0.0026945590070681646,3.38700192514807e-06,2.290411985643169,0.0,0.0,0.12621732516162498,0.11840667108056746,0.11202818992499508,1.139281039852566,0.4039104361649282,0.08333333333333333
bulk,thompson,27,120.0,3.0,0.0042151210072916,4.689005436375737e-06,2.291621981839571,0.0,0.0,0.12621732516162498,0.11840667108056746,0.11202818992499508,1.141835670714375,0.4039158738712314,0.08333333333333333
bulk,thompson,27,180.0,5.0,0.006746119004674256,6.843001756351441e-06,2.2856075519359984,0.0,0.0,0.12621732516162498,0.11840667108056746,0.11202818992499508,1.121734368466567,0.403873873231804,0.08333333333333333
bulk,thompson,27,240.0,6.0,0.00806801800354151,8.164999599102885e-06,2.2778334845302677,0.0,0.0,0.12621732516162498,0.11840667108056746,0.11202818992499508,1.0989996078994295,0.40382877908558534,0.08333333333333333
bulk,thompson,28,30.0,1.0,0.0018202549981651828,4.437999450601637e-06,2.2451323268876653,0.9134281104634445,0.5813845954181447,0.28932546578954965,0.3250316307332023,0.32965214816828126,1.1112975289103362,0.42564902276674266,0.08333333333333333
bulk,thompson,28,60.0,2.0,0.003501343002426438,6.751994078513235e-06,2.1421088502206276,0.0,0.38249663125483013,0.28932546578954965,0.3250316307332023,0.32965214816828126,0.9860104329269453,0.4166517060604457,0.16666666666666666
bulk,thompson,28,120.0,3.0,0.0050307510027778335,8.334995072800666e-06,2.13777997959768,0.0,0.38249663125483013,0.28932546578954965,0.3250316307332023,0.32965214816828126,0.9808467074243116,0.41649555142089495,0.16666666666666666
bulk,thompson,28,180.0,5.0,0.008793058004812337,1.3013006537221372e-05,2.1364839822425323,0.0,0.38249663125483013,0.28932546578954965,0.3250316307332023,0.32965214816828126,0.9792328460298501,0.4164433786377841,0.16666666666666666
bulk,thompson,28,240.0,6.0,0.010496465001779143,1.5167002857197076e-05,2.044273122615919,0.0,0.38249663125483013,0.24447834793330625,0.19310868062369857,0.17340619735334417,0.8664767069003898,0.40175004908501377,0.25
bulk,thompson,29,30.0,1.0,0.0018203450017608702,3.845998435281217e-06,2.066139715048894,0.26548687887443023,0.3899949762953998,0.3606309030134497,0.02698612583548532,0.0,1.0068495537191275,0.44771600115259497,0.08333333333333333
bulk,thompson,29,60.0,2.0,0.003345736004121136,5.668996891472489e-06,2.0375451297896254,0.26548687887443023,0.4279014362153557,0.03194717220836074,0.02762468593994405,0.0,0.8368857899071597,0.4350788188075143,0.16666666666666666
bulk,thompson,29,120.0,3.0,0.00542332800978329,7.94299558037892e-06,1.8650744076824421,0.0,0.0,0.03194717220836074,0.02762468593994405,0.0,0.3427424098176214,0.42075703716796,0.25
bulk,thompson,29,180.0,5.0,0.008648539012938272,1.2131000403314829e-05,1.8124496211182326,0.0,0.0,0.03194717220836074,0.02698612583548532,0.0,0.3317869772182541,0.4201413081137681,0.3333333333333333
bulk,thompson,29,240.0,6.0,0.010592905011435505,1.4735996956005692e-05,1.785315100217509,0.0,0.0,0.0,0.0,0.0,0.25598256454062535,0.4160932731982563,0.4166666666666667
bulk,thompson,30,30.0,1.0,0.0013530550058931112,2.1429950720630586e-06,2.419004567257271,0.0,0.10999269531777167,0.0197657602044361,0.041541193901116324,0.052439855208046615,3.2488466504794657,0.4803780131006172,0.08333333333333333
bulk,thompson,30,60.0,2.0,0.002672310009074863,3.444998583290726e-06,2.3900994409436813,0.0,0.10999269531777167,0.0197657602044361,0.041541193901116324,0.052439855208046615,3.2495738138366583,0.4815269992570309,0.16666666666666666
bulk,thompson,30,120.0,3.0,0.003884073012159206,4.6770001063123345e-06,2.311916869346966,0.0,0.0,0.027908772899468137,0.05394261983625437,0.03800690955530284,3.222378161685154,0.4515035723596906,0.25
bulk,thompson,30,180.0,5.0,0.006310897013463546,7.000999175943434e-06,2.1698868622102516,0.0,0.0,0.004243958624088107,0.02510016703458673,0.024400912098579086,3.196524050264038,0.3793847969304902,0.4166666666666667
bulk,thompson,30,240.0,6.0,0.0074940700142178684,8.132999937515706e-06,1.9083826571895977,0.0,0.0,0.004243958624088107,0.02510016703458673,0.024400912098579086,0.2974598234183408,0.3271741993398232,0.5
bulk,thompson,31,30.0,1.0,0.0013853220007149503,3.0049995984882116e-06,1.948188183560161,0.5862650466524143,0.2382762539420289,0.37545771399916905,0.4557927986676015,0.4107245217829625,0.6499487757483713,0.5513149064894481,0.08333333333333333
bulk,thompson,31,60.0,2.0,0.0026114110005437396,4.3480031308718026e-06,1.9060821748021073,0.5862650466524143,0.2382762539420289,0.37545771399916905,0.33933030424996935,0.2291752726883476,0.5832553423148421,0.4799134366086228,0.16666666666666666
bulk,thompson,31,120.0,3.0,0.003867813997203484,5.510002665687352e-06,1.8801434060468287,0.5862650466524143,0.2382762539420289,0.37545771399916905,0.33933030424996935,0.2291752726883476,0.5867708286705808,0.4817396941041299,0.25
bulk,thompson,31,180.0,5.0,0.006462685996666551,7.95400410424918e-06,1.8490692864867313,0.0,0.3442968335740646,0.3601397735151193,0.23114490055628356,0.29386216374070095,0.43254819627050906,0.45969530732793246,0.3333333333333333
bulk,thompson,31,240.0,6.0,0.0076793389962404035,9.206007234752178e-06,1.8561330549190436,0.0,0.3442968335740646,0.24473244436439012,0.31934804357638713,0.3047196003041466,0.420003118600376,0.4566802375307094,0.4166666666666667
bulk,thompson,32,30.0,1.0,0.0013823469998897053,1.7030033632181585e-06,2.260188263427964,0.3737762868902612,0.0,0.09005621419319432,0.0,0.015189183395066141,0.737251381271283,0.44618782083752334,0.08333333333333333
bulk,thompson,32,60.0,2.0,0.00273632299649762,2.8850045055150986e-06,2.201767827695655,0.3737762868902612,0.0,0.09005621419319432,0.0,0.015189183395066141,0.6629965514617019,0.43982944540789726,0.16666666666666666
bulk,thompson,32,120.0,3.0,0.0040843789975042455,4.127003194298595e-06,2.1735813737850185,0.3737762868902612,0.0,0.0,0.0,0.015189183395066141,0.6452669098634659,0.4386624532542175,0.25
bulk,thompson,32,180.0,5.0,0.00674162100040121,7.152993930503726e-06,2.1520677928663345,0.3737762868902612,0.2629888137969141,0.0,0.0,0.015189183395066141,0.6400083692590841,0.43771934747616525,0.3333333333333333
bulk,thompson,32,240.0,6.0,0.008217814007366542,8.885988791007549e-06,1.9979472525375819,0.0,0.0,0.0,0.0,0.015189183395066141,0.332471172215121,0.4318244033791207,0.4166666666666667
bulk,thompson,33,30.0,1.0,0.0013731799990637228,2.3839966161176562e-06,1.9782589607269736,0.13018507767653065,0.3414393279351168,0.32472723932343783,0.0,0.07275720756512793,0.6546976584369751,0.47306551196339425,0.08333333333333333
bulk,thompson,33,60.0,2.0,0.002663863997440785,3.9769947761669755e-06,1.9632590990721355,0.13018507767653065,0.3414393279351168,0.32472723932343783,0.0,0.07275720756512793,0.6259221843714586,0.47227121971063996,0.08333333333333333
bulk,thompson,33,120.0,3.0,0.0038125049977679737,5.158995918463916e-06,1.944780158993031,0.13018507767653065,0.38752070737051003,0.038614398775764114,-2.220446049250313e-16,0.07275720756512782,0.5336466860646861,0.46520658892221095,0.16666666666666666
bulk,thompson,33,180.0,5.0,0.006170945991470944,8.51499498821795e-06,1.8606666120216324,0.0,0.0,0.038614398775764225,0.0,0.07275720756512793,0.40572881117419246,0.46098831733353235,0.25
bulk,thompson,33,240.0,6.0,0.00741531699168263,9.887997293844819e-06,1.859327586697267,0.0,0.0,0.038614398775764225,0.0,0.07275720756512793,0.4065895926116875,0.4610041634850537,0.25
bulk,thompson,34,30.0,1.0,0.0020348969992483035,3.7770005292259157e-06,2.057929313692649,0.8844457415778637,0.7494499863411059,0.51005534723509,0.47710240082197997,0.09630104352808033,1.294939048333507,0.4757822215268221,0.08333333333333333
bulk,thompson,34,60.0,2.0,0.003714040998602286,5.490001058205962e-06,1.9486462359160075,0.7310031119692971,0.47627693059306253,0.4637245024826364,0.06486804845476124,0.10496696663137739,0.8708752040109217,0.3733336330662324,0.16666666666666666
bulk,thompson,34,120.0,3.0,0.005453773002955131,7.1829999797046185e-06,1.8988649701174278,0.7310031119692971,0.6928054391683145,0.21583045030612924,0.06486804845476124,0.10496696663137739,0.8266122367319503,0.36880075694923414,0.25
bulk,thompson,34,180.0,5.0,0.008618318002845626,1.0107993148267269e-05,1.7421511829298553,0.0,0.0,0.13134110487751616,0.08100242428173343,0.07401665321744766,0.4265782294375575,0.2971602601755366,0.4166666666666667
bulk,thompson,34,240.0,6.0,0.010241122006846126,1.1610994988586754e-05,1.7475829866143675,0.0,0.0,0.13134110487751616,0.08100242428173343,0.07401665321744766,0.4318011074606711,0.29779803418372786,0.4166666666666667
bulk,thompson,35,30.0,1.0,0.0032195219973800704,5.580004653893411e-06,2.1729140258193325,0.0,0.07585423818375814,0.0,0.0,0.0,1.3297623479715441,0.28136541022664524,0.08333333333333333
bulk,thompson,35,60.0,2.0,0.005129576995386742,9.998002497013658e-06,2.037142814257584,0.0,0.07585423818375814,0.0,0.0,0.0,0.96966939925843,0.2666268026317016,0.16666666666666666
bulk,thompson,35,120.0,3.0,0.006886309995024931,1.2813005014322698e-05,2.035652468549109,0.0,0.07585423818375814,0.0,0.0,0.0,0.9666351901059876,0.26656923230603824,0.16666666666666666
bulk,thompson,35,180.0,5.0,0.010040786997706164,1.6639001842122525e-05,1.862422385874907,0.0,0.0,0.0,0.0,0.0,0.5498056726577213,0.23413792179827284,0.25
bulk,thompson,35,240.0,6.0,0.011648232997686137,1.81620052899234e-05,1.863848228389483,0.0,0.0,0.0,0.0,0.0,0.5538824019289738,0.23418282942972599,0.25
bulk,thompson,36,30.0,1.0,0.0017561409986228682,4.287001502234489e-06,2.117845534380421,0.4834803781595589,0.4171179107240255,0.08049474354341224,0.033291419004691236,0.028767929082627375,0.6263642823789985,0.4359973312907564,0.08333333333333333
bulk,thompson,36,60.0,2.0,0.0034300560000701807,5.980000423733145e-06,2.0481461700055372,0.4834803781595589,0.027733828510177028,0.08049474354341224,0.033291419004691236,0.028767929082627375,0.6027394816485871,0.43274245464545974,0.16666666666666666
bulk,thompson,36,120.0,3.0,0.0050633979990379885,7.953996828291565e-06,2.045996216904587,0.4834803781595589,0.4171179107240255,0.08049474354341224,0.033291419004691236,0.028767929082627375,0.6012328201618357,0.43262361706891267,0.16666666666666666
bulk,thompson,36,180.0,5.0,0.008431524991465267,1.1269999959040433e-05,2.0049018145292767,0.6073528200665304,0.10715052916573775,0.08049474354341213,0.033291419004691014,0.028767929082627153,0.3970196343292851,0.41436393756782564,0.25
bulk,thompson,36,240.0,6.0,0.010126517991011497,1.2903001334052533e-05,1.9849699226012942,0.0,0.027733828510177028,0.0,0.029790611246678256,0.028767929082627153,0.2556469566129371,0.3976253624514987,0.3333333333333333
bulk,thompson,37,30.0,1.0,0.0022261970007093623,4.649002221412957e-06,2.370953226438227,0.1272886183430063,0.09793574789343917,0.2779859767375249,0.2883110778786797,-2.220446049250313e-16,1.7505502053632587,0.3299187382985979,0.08333333333333333
bulk,thompson,37,60.0,2.0,0.0038985589999356307,7.834001735318452e-06,2.3802618676527043,0.1272886183430063,0.09793574789343917,0.2779859767375249,0.2883110778786797,-2.220446049250313e-16,1.7546258652395188,0.3300438577476593,0.08333333333333333
bulk,thompson,37,120.0,3.0,0.005529777998162899,1.022800279315561e-05,2.373952736078645,0.1272886183430063,0.09793574789343917,0.2779859767375249,0.2883110778786797,-2.220446049250313e-16,1.751133309200231,0.3299370933852262,0.08333333333333333
bulk,thompson,37,180.0,5.0,0.008937023005273659,1.3784003385808319e-05,2.374303922960775,0.1272886183430063,0.09793574789343917,0.2779859767375249,0.2883110778786797,-2.220446049250313e-16,1.7513355517378018,0.329943474623677,0.08333333333333333
bulk,thompson,37,240.0,6.0,0.010626816001604311,1.5457000699825585e-05,2.3756705387660015,0.1272886183430063,0.09793574789343917,0.2779859767375249,0.2883110778786797,-2.220446049250313e-16,1.7520001289031966,0.3299642208176785,0.08333333333333333
bulk,thompson,38,30.0,1.0,0.0018365750001976267,3.797002136707306e-06,2.5458932896370916,0.0,0.25409661632191993,0.27908360793953757,0.2691465931139243,0.27189974129967087,3.7357706822845467,0.5161917197689209,0.08333333333333333
bulk,thompson,38,60.0,2.0,0.003457665996393189,5.570007488131523e-06,2.2790191151419266,0.0,0.25409661632191993,0.27908360793953757,0.2691465931139243,0.27189974129967087,1.7962018833824056,0.48175274712434435,0.16666666666666666
bulk,thompson,38,120.0,3.0,0.00516495099873282,7.934002496767789e-06,2.2804609546058177,0.0,0.25409661632191993,0.27908360793953757,0.2691465931139243,0.27189974129967087,1.7973197062749804,0.4817563338951147,0.16666666666666666
bulk,thompson,38,180.0,5.0,0.008559193003748078,1.1149997590109706e-05,2.285187864494969,0.0,0.25409661632191993,0.27908360793953757,0.2691465931139243,0.27189974129967087,1.803556609387508,0.4817758514992856,0.16666666666666666
bulk,thompson,38,240.0,6.0,0.010234912006126251,1.2862998119089752e-05,2.2852041526187827,0.0,0.25409661632191993,0.27908360793953757,0.2691465931139243,0.27189974129967087,1.8035302148048251,0.4817757699555271,0.16666666666666666
bulk,thompson,39,30.0,1.0,0.0018072020029649138,3.7569989217445254e-06,2.0757163931873985,0.4289904127152927,0.5251323725788046,0.03937405229126134,0.059287124892468235,0.11916054562292588,1.236573356304997,0.5373087061645594,0.08333333333333333
bulk,thompson,39,60.0,2.0,0.003376360997208394,6.562004273291677e-06,1.9245994336382264,0.0,0.0,0.03937405229126123,0.05928712489246801,0.11916054562292566,0.8065501842630549,0.5274470985950429,0.16666666666666666
bulk,thompson,39,120.0,3.0,0.005035039001086261,9.186005627270788e-06,1.9290999223547274,0.0,0.0,0.03937405229126123,0.05928712489246801,0.11916054562292566,0.8124193564282142,0.5275053987313331,0.16666666666666666
bulk,thompson,39,180.0,5.0,0.008236358989961445,1.5026002074591815e-05,1.8565825191196066,0.0,0.0,0.04621700684964569,0.12943936949443025,0.08668812984583651,0.6030353044688384,0.5121824889241834,0.25
bulk,thompson,39,240.0,6.0,0.00982590398780303,1.7040001694113016e-05,1.8548187121936464,0.0,0.0,0.04621700684964569,0.12943936949443025,0.08668812984583651,0.5995914903372325,0.5121586083226544,0.25
bulk,thompson,40,30.0,1.0,0.0018279689975315705,3.6960045690648258e-06,1.395126025840339,0.0,0.0,0.22400443805532833,0.13188314562461334,0.10906336880973777,0.29930206715918234,0.3283629491167458,0.08333333333333333
bulk,thompson,40,60.0,2.0,0.003522330996929668,6.962007319089025e-06,1.3861829578011955,0.0,0.0,0.22400443805532833,0.13188314562461334,0.10906336880973777,0.2258768511099286,0.3236941649047292,0.16666666666666666
bulk,thompson,40,120.0,3.0,0.005102919996716082,9.15600685402751e-06,1.3927892039404233,0.0,0.0,0.22400443805532833,0.18365727425755807,0.17145419348090507,0.24103382090869402,0.32734809626108546,0.25
bulk,thompson,40,180.0,5.0,0.008216884001740254,1.2210999557282776e-05,1.3855984169525317,0.0,0.0,0.22400443805532833,0.18365727425755807,0.17145419348090507,0.23595068139039832,0.3270239818956051,0.25
bulk,thompson,40,240.0,6.0,0.009860494996246416,1.39539988595061e-05,1.3697476122370185,0.0,0.0,0.22400443805532833,0.18365727425755807,0.10906336880973777,0.2385255084188572,0.32813209032318863,0.3333333333333333
bulk,thompson,41,30.0,1.0,0.002172662003431469,4.768000508192927e-06,1.4315218682427304,0.7549328687669025,0.11672176412096102,0.1762331889812726,0.0,0.03359593004584582,0.6081834090953588,0.5542397390024393,0.08333333333333333
bulk,thompson,41,60.0,2.0,0.003731122000317555,8.113995136227459e-06,1.3573736467812336,0.0,0.11672176412096102,0.1762331889812726,0.0,0.03359593004584582,0.6059150979025665,0.5541693532539042,0.16666666666666666
bulk,thompson,41,120.0,3.0,0.005353324995667208,1.1319993063807487e-05,1.3561933763416896,0.0,0.11672176412096102,0.1762331889812726,0.0,0.03359593004584582,0.6042695235457443,0.5541298549964628,0.16666666666666666
bulk,thompson,41,180.0,5.0,0.008502661999955308,1.8553990230429918e-05,1.3571628705497834,0.0,0.11672176412096102,0.1762331889812726,0.0,0.03359593004584582,0.6052350290811145,0.5541559605217643,0.16666666666666666
bulk,thompson,41,240.0,6.0,0.010215655995125417,2.185899211326614e-05,1.357940789391422,0.0,0.11672176412096102,0.1762331889812726,0.0,0.03359593004584582,0.606048345371361,0.5541784823569332,0.16666666666666666
bulk,thompson,42,30.0,1.0,0.0016447340021841228,2.724998921621591e-06,1.6105344842207305,0.0,0.2094673638443323,0.15341560977394397,0.0061085278771148,-2.220446049250313e-16,0.4691782988770753,0.4920017792099914,0.08333333333333333
bulk,thompson,42,60.0,2.0,0.0030668809995404445,4.2669998947530985e-06,1.607908811779069,0.0,0.2094673638443323,0.15341560977394397,0.0061085278771148,-2.220446049250313e-16,0.46883154306051356,0.49199904991790105,0.08333333333333333
bulk,thompson,42,120.0,3.0,0.004205323995847721,5.4490010370500386e-06,1.6102888679708178,0.0,0.2094673638443323,0.15341560977394397,0.0061085278771148,-2.220446049250313e-16,0.46927332928383264,0.49200254113109515,0.08333333333333333
bulk,thompson,42,180.0,5.0,0.0067138020021957345,7.663002179469913e-06,1.6069461659288862,0.0,0.2094673638443323,0.15341560977394397,0.0061085278771148,-2.220446049250313e-16,0.4698226770648142,0.49200747755467,0.08333333333333333
bulk,thompson,42,240.0,6.0,0.007872291003877763,8.825001714285463e-06,1.6091542258605498,0.0,0.2094673638443323,0.15341560977394397,0.0061085278771148,-2.220446049250313e-16,0.4686420913765058,0.49199744954268465,0.08333333333333333
bulk,thompson,43,30.0,1.0,0.0015571170006296597,2.4649998522363603e-06,1.680737076013867,0.0,0.0,0.0,0.0,0.0036570929906859506,1.3491326735388431,0.5100548618515043,0.08333333333333333
bulk,thompson,43,60.0,2.0,0.0029269410006236285,3.7570061977021396e-06,1.5098931937655047,0.0,0.0,0.0,0.0,0.0036570929906859506,0.29334990201247135,0.4992468117653531,0.16666666666666666
bulk,thompson,43,120.0,3.0,0.004109653003979474,5.079011316411197e-06,1.5101419961488156,0.0,0.0,0.0,0.0,0.0036570929906859506,0.29275943945767374,0.4992459260033902,0.16666666666666666
bulk,thompson,43,180.0,5.0,0.006582398011232726,7.293012458831072e-06,1.5027102979051785,0.0,0.0,0.0,0.0,0.0036570929906859506,0.23136343314208416,0.4991605010152244,0.16666666666666666
bulk,thompson,43,240.0,6.0,0.007807245012372732,8.475013601128012e-06,1.5031842239705446,0.0,0.0,0.0,0.0,0.0036570929906859506,0.23380856414862208,0.4991636974773356,0.16666666666666666
bulk,thompson,44,30.0,1.0,0.0018191130002378486,3.426997864153236e-06,1.7704517155628423,0.7635796223597333,0.7876448088547501,0.23141971887445578,0.14141380691922534,0.007038657094168843,1.2471024236047987,0.5080100582404061,0.08333333333333333
bulk,thompson,44,60.0,2.0,0.003464476998487953,5.681002221535891e-06,1.6673639694195685,0.7635796223597333,0.08667654201849351,0.050716923998323504,-2.220446049250313e-16,-2.220446049250313e-16,0.8422061482977894,0.34165271978294165,0.16666666666666666
bulk,thompson,44,120.0,3.0,0.005004093000025023,7.544003892689943e-06,1.6669074921513622,0.7635796223597333,0.08667654201849351,0.050716923998323504,-2.220446049250313e-16,-2.220446049250313e-16,0.8428016781610012,0.3416802007672304,0.16666666666666666
bulk,thompson,44,180.0,5.0,0.008115402000839822,1.0479001502972096e-05,1.5365499630121466,0.0,0.0,0.050716923998323726,0.0,0.0,0.3490740860196573,0.28575945908980277,0.25
bulk,thompson,44,240.0,6.0,0.009758781998243649,1.1992000509053469e-05,1.4930546556994484,0.0,0.0,0.050716923998323726,0.0,0.0,0.1378189760184577,0.27347392922711516,0.3333333333333333
bulk,thompson,45,30.0,1.0,0.001985117996810004,4.597997758537531e-06,1.4063396185155301,0.3830114209655763,0.11602299821306039,1.1102230246251565e-16,0.012785133383092617,0.03677217530224508,0.23520609185198255,0.3545447177897952,0.08333333333333333
bulk,thompson,45,60.0,2.0,0.0037166159963817336,8.914998034015298e-06,1.40712783837004,0.3830114209655763,0.11602299821306039,1.1102230246251565e-16,0.012785133383092617,0.03677217530224508,0.2355828737427632,0.35456922848824934,0.08333333333333333
bulk,thompson,45,120.0,3.0,0.005333078996045515,1.1169002391397953e-05,1.4085175473565357,0.3830114209655763,0.11602299821306039,1.1102230246251565e-16,0.012785133383092617,0.05767650512651157,0.222319830439006,0.34352546701580877,0.16666666666666666
bulk,thompson,45,180.0,5.0,0.00876310400053626,1.485599932493642e-05,1.383414507102102,0.0,0.0,0.0,0.012785133383092617,0.05767650512651157,0.1273680192152156,0.33801973978344524,0.25
bulk,thompson,45,240.0,6.0,0.01019407699641306,1.640899427002296e-05,1.3675756273910868,0.0,0.0,0.0,0.012785133383092617,0.0508326217950722,0.10643642694429231,0.3144542738505584,0.3333333333333333
bulk,thompson,46,30.0,1.0,0.0018122309993486851,3.5659977584145963e-06,1.311474317196711,0.0,0.06916928839614767,0.14013187652150927,0.10991152515698244,0.10217817050568123,0.39757427993982797,0.37575646022075604,0.08333333333333333
bulk,thompson,46,60.0,2.0,0.0034388319982099347,6.141002813819796e-06,1.3137201646325067,0.0,0.06916928839614767,0.14013187652150927,0.10991152515698244,0.10217817050568123,0.3999051543483046,0.3758369583749733,0.08333333333333333
bulk,thompson,46,120.0,3.0,0.0050317529967287555,8.405004336964339e-06,1.3101511215254913,0.0,0.06916928839614767,0.14013187652150927,0.10991152515698244,0.10217817050568123,0.39719265941694454,0.37574388289498273,0.08333333333333333
bulk,thompson,46,180.0,5.0,0.008736165997106582,1.2742006219923496e-05,1.2875066209162396,0.0,0.06916928839614767,0.05952972742129947,0.0865681758447765,0.10217817050568123,0.36633910962186556,0.3419899858064893,0.16666666666666666
bulk,thompson,46,240.0,6.0,0.010372855002060533,1.4576005924027413e-05,1.2881835929904026,0.0,0.06916928839614767,0.05952972742129947,0.0865681758447765,0.10217817050568123,0.3661637370003736,0.3419844227830954,0.16666666666666666
bulk,thompson,47,30.0,1.0,0.0017908630034071393,2.9959992389194667e-06,2.02799230054834,0.0,0.0,0.21645975165619946,0.19295849209460258,1.1102230246251565e-16,1.0002927376783337,0.4966049732674302,0.08333333333333333
bulk,thompson,47,60.0,2.0,0.003339485003380105,5.179994332138449e-06,1.9266424706733403,0.0,0.0,0.21645975165619946,0.19295849209460258,1.1102230246251565e-16,0.8338359466608808,0.4909981303624725,0.16666666666666666
bulk,thompson,47,120.0,3.0,0.005038996001530904,7.974995241966099e-06,1.9075785964248089,0.0,0.0,0.21645975165619946,0.19295849209460258,1.1102230246251565e-16,0.8077027320002549,0.49048740843770117,0.16666666666666666
bulk,thompson,47,180.0,5.0,0.008185559003322851,1.1009993613697588e-05,1.903425252099867,0.0,0.0,0.21645975165619946,0.19295849209460258,1.1102230246251565e-16,0.8038927256598253,0.4904237689931122,0.16666666666666666
bulk,thompson,47,240.0,6.0,0.009772971003258135,1.3013988791499287e-05,1.9046159019012565,0.0,0.0,0.21645975165619946,0.19295849209460258,1.1102230246251565e-16,0.8047523910736342,0.49043765130990674,0.16666666666666666
bulk,thompson,48,30.0,1.0,0.0015598020036122762,3.234999894630164e-06,1.337075026980241,0.0,0.14354912856160817,0.2839697102468266,0.30590325673838026,0.07513082058632492,0.2621875685989254,0.3848641909073571,0.08333333333333333
bulk,thompson,48,60.0,2.0,0.002885388006689027,4.506997356656939e-06,1.3188584314518763,0.0,0.14354912856160817,0.2839697102468266,0.30590325673838026,0.07513082058632492,0.2562923628853582,0.32077916639115195,0.16666666666666666
bulk,thompson,48,120.0,3.0,0.004265500007022638,5.718997272197157e-06,1.292220785547043,0.0,0.14354912856160817,0.2759587529840899,0.04998351192888395,0.046620223062570965,0.2288544239600275,0.2759211140644183,0.25
bulk,thompson,48,180.0,5.0,0.006930966999789234,8.132999937515706e-06,1.2125699660184353,0.0,0.0,0.0,0.04998351192888384,0.046620223062570854,0.1407279153565528,0.2499479180729288,0.4166666666666667
bulk,thompson,48,240.0,6.0,0.008147838998411316,9.315001079812646e-06,1.214325550193063,0.0,0.14354912856160817,1.1102230246251565e-16,0.04998351192888395,0.046620223062570965,0.14131704144390259,0.2500316641332499,0.4166666666666667
bulk,thompson,49,30.0,1.0,0.001428999996278435,1.87299883691594e-06,1.6623802395075389,0.0,0.20973441243709612,0.16236876390003518,0.0570228375700369,0.0,0.4173846148449305,0.3403869934084986,0.08333333333333333
bulk,thompson,49,60.0,2.0,0.00262575699161971,3.2059979275800288e-06,1.629364131000892,0.0,0.06462219251272905,0.0,0.0,0.0,0.20948099409708298,0.31261472371829274,0.16666666666666666
bulk,thompson,49,120.0,3.0,0.0038972469919826835,4.508001438807696e-06,1.636392384429797,0.0,0.06462219251272905,0.0,0.0,0.0,0.2163729631034269,0.3127204251652082,0.16666666666666666
bulk,thompson,49,180.0,5.0,0.0062177519939723425,7.042996003292501e-06,1.6264896127674942,0.0,0.06462219251272905,0.0,0.0,0.0,0.2072316545494053,0.3125793000840922,0.16666666666666666
bulk,thompson,49,240.0,6.0,0.00755466799455462,8.394999895244837e-06,1.6232448930629977,0.0,0.06462219251272905,0.0,0.0,0.0,0.20749540842575862,0.31258375412147044,0.16666666666666666
bulk,lucb,0,30.0,30.0,0.027069581003161147,6.765997386537492e-05,1.7836168808686617,0.0,0.0,0.1645577111201113,0.0968156002288294,0.17416363986753602,0.305486384942805,0.3532790352220025,0.4166666666666667
bulk,lucb,0,60.0,60.0,0.04875134400208481,0.00012040298315696418,1.8528306687847778,0.0,0.0,0.1645577111201113,0.0968156002288294,0.146149641249247,0.3240095302348736,0.38379569499560595,0.5833333333333334
bulk,lucb,0,120.0,120.0,0.08696731699455995,0.00019363396859262139,1.5823968988619763,0.0,0.0,0.0,0.0,0.05489967823244424,0.30642105446608253,0.2757200082362029,0.8333333333333334
bulk,lucb,0,180.0,180.0,0.12330031998862978,0.0002542299625929445,1.4939677857336866,0.0,0.0,0.0,0.0,0.05489967823244424,0.2904603483568618,0.23314855939344237,0.8333333333333334
bulk,lucb,0,240.0,240.0,0.15935858501325129,0.00031948392279446125,1.421190551352036,0.11699761815798104,0.0,0.0,0.0,0.0,0.19487321665710852,0.20923742679439417,0.8333333333333334
bulk,lucb,1,30.0,30.0,0.02168585898471065,4.7595021896995604e-05,1.2526633406628391,0.3776667770701083,0.20699468824656553,0.0,0.011172001678627974,0.04588483826249723,0.23672892761292183,0.27901860185366273,0.4166666666666667
bulk,lucb,1,60.0,60.0,0.04371767498378176,9.319000673713163e-05,1.257700837632126,0.3776667770701083,0.20699468824656553,0.0,0.011172001678627974,0.04409128590016276,0.2378878129916662,0.2882876913830519,0.5
bulk,lucb,1,120.0,120.0,0.08650720297009684,0.00018127397925127298,1.2451218031274165,0.3776667770701083,0.20699468824656553,0.0,0.011172001678627974,0.04409128590016276,0.23567219219129212,0.24713641656616198,0.6666666666666666
bulk,lucb,1,180.0,180.0,0.12808457095525227,0.00026093497581314296,1.2349659492984288,0.3776667770701083,0.20699468824656553,0.0,0.011172001678627974,0.0,0.23226335695042635,0.1990301486805126,0.6666666666666666
bulk,lucb,1,240.0,240.0,0.16856587397342082,0.0003305360078229569,1.1942372917421638,0.3776667770701083,0.11081837190545385,0.0,0.011172001678627974,0.0,0.22827789430941306,0.19646296712858066,0.75
bulk,lucb,2,30.0,30.0,0.016454856988275424,3.698401269502938e-05,1.4068223454069846,0.6935039959887186,0.36834636598648685,0.0,0.04011968012814093,0.01944364833435641,0.7656470087206478,0.5132451967808521,0.4166666666666667
bulk,lucb,2,60.0,60.0,0.03203196596587077,6.776001828256994e-05,1.345939295640588,0.6935039959887186,0.36834636598648685,0.0,0.0,0.01944364833435641,0.7267944347115006,0.4716075565368982,0.75
bulk,lucb,2,120.0,120.0,0.06262329801393207,0.00012294301996007562,1.265930212693407,0.11725033819348041,0.0,0.02910839710805624,0.06632239671445872,0.01944364833435641,0.25902648627579994,0.3889127626734034,0.9166666666666666
bulk,lucb,2,180.0,180.0,0.09187438699882478,0.00017581001884536818,1.2660238734554075,0.11725033819348041,0.0,0.02910839710805624,0.06632239671445872,0.01944364833435641,0.26499946960193305,0.3859756565071906,0.9166666666666666
bulk,lucb,2,240.0,240.0,0.12057892101438483,0.00022757898113923147,1.1879712298556127,0.11725033819348041,0.0,0.07367704239226003,0.04011968012814093,0.01944364833435641,0.22844207791947913,0.32246842354460353,0.9166666666666666
bulk,lucb,3,30.0,30.0,0.015424035016621929,2.9108981834724545e-05,1.916322013535023,0.0,0.0,0.07358288774711219,0.0,0.0,0.6818157080919947,0.21023268778040766,0.75
bulk,lucb,3,60.0,60.0,0.030042495018278714,5.37839878234081e-05,1.8414620653006046,0.0,0.0,0.0,0.019376008584405358,0.0,0.582026510224008,0.1902523657400849,0.75
bulk,lucb,3,120.0,120.0,0.059429552013170905,0.00010647401359165087,1.8606099835107759,0.0,0.0,0.0,0.019376008584405358,0.0,0.5881314750977121,0.20094136918407224,0.75
bulk,lucb,3,180.0,180.0,0.08906565202778438,0.0001672589933150448,1.8466088081163692,0.0,0.0,0.0,0.019376008584405358,0.0,0.5601040415741703,0.2364428089530143,0.8333333333333334
bulk,lucb,3,240.0,240.0,0.12048841802607058,0.0002217230066889897,1.837494081401131,0.0,0.0,0.0,0.019376008584405358,0.0,0.5577438413041762,0.2249517226681636,0.8333333333333334
bulk,lucb,4,30.0,30.0,0.01665670498914551,3.775502409553155e-05,1.9293704224644674,0.09546082567376357,0.2407912274813907,0.2630759812935227,0.0,0.0006204992361537043,0.540817426204549,0.2040810122253299,0.4166666666666667
bulk,lucb,4,60.0,60.0,0.032339605982997455,6.433600356103852e-05,1.8711057492059195,0.09546082567376357,0.0,0.0,0.0,0.0006204992361537043,0.5229550493503666,0.2187448785673587,0.5833333333333334
bulk,lucb,4,120.0,120.0,0.06263275902165333,0.00011497303057694808,1.8267037226141642,0.09546082567376357,0.0,0.0,0.0,0.0006204992361537043,0.5225540875391024,0.2038086771047408,0.5833333333333334
bulk,lucb,4,180.0,180.0,0.09261239396437304,0.00016387704090448096,1.8212401009488846,0.09546082567376357,0.0,0.0,0.0,0.0006204992361537043,0.5218830804032961,0.20404020840671214,0.5833333333333334
bulk,lucb,4,240.0,240.0,0.12231687495659571,0.0002123540616594255,1.8266745266247961,0.09546082567376357,0.0,0.0,0.0,0.0006204992361537043,0.5282252845780986,0.21011039492053674,0.5833333333333334
bulk,lucb,5,30.0,30.0,0.015672040994104464,2.6533023628871888e-05,2.1110508146023834,0.7868999984862943,0.1736659975358592,0.23626885902160322,0.12677483613876916,0.09571362528517657,0.9669075824109037,0.4143192234576754,0.5833333333333334
bulk,lucb,5,60.0,60.0,0.03070992998982547,5.1548006013035774e-05,2.1421660988572455,0.7868999984862943,0.1736659975358592,0.23626885902160322,0.12677483613876916,0.09571362528517657,0.9710906004982282,0.4269784832765869,0.5833333333333334
bulk,lucb,5,120.0,120.0,0.060020906988938805,9.993901767302305e-05,2.010528358533185,0.0,0.1736659975358592,0.23626885902160322,0.23037370246295918,0.11877267533910418,0.8772411313478369,0.38627034184418196,0.75
bulk,lucb,5,180.0,180.0,0.08902990297065116,0.0001473039883421734,1.9748775526183475,0.0,0.1736659975358592,0.12300377216604963,0.10656848541864195,0.10062450448343785,0.85904949271987,0.3573059811513592,0.75
bulk,lucb,5,240.0,240.0,0.11774725394934649,0.00019413500558584929,1.773953254656418,0.0,0.0,0.07994767490751864,0.10656848541864206,0.10062450448343785,0.33434765329747473,0.2200666812879067,0.9166666666666666
bulk,lucb,6,30.0,30.0,0.02074988999083871,4.113200702704489e-05,1.2674209855140932,0.7918097810638622,0.0780754520573207,0.0,0.0,0.0,0.572779409583962,0.40919773237790924,0.4166666666666667
bulk,lucb,6,60.0,60.0,0.040871826982765924,7.686502794967964e-05,1.265832230798152,0.7918097810638622,0.0780754520573207,0.0,0.0,0.0,0.5726855842483558,0.3819549583816927,0.5833333333333334
bulk,lucb,6,120.0,120.0,0.08191834495664807,0.00015596301818732172,1.2544429359965081,0.7918097810638622,0.0780754520573207,0.0,0.019249937604791545,0.0,0.5730893678544668,0.3728617557618993,0.6666666666666666
bulk,lucb,6,180.0,180.0,0.12144775094202487,0.0002243419803562574,1.2668870322958508,0.7918097810638622,0.0780754520573207,0.0,0.0,0.0,0.5726654889841023,0.3611366225214779,0.6666666666666666
bulk,lucb,6,240.0,240.0,0.16216173094289843,0.00030072293884586543,1.2493508757415464,0.7918097810638622,0.0780754520573207,0.0,0.0,0.0,0.5719984096095297,0.33313072925670983,0.75
bulk,lucb,7,30.0,30.0,0.020048061000125017,3.622900112532079e-05,1.8852084742008806,0.7755690419357434,0.14162132743499978,0.11919275369141469,0.016397710014314115,0.0,0.6699332316076304,0.24152681742365753,0.5833333333333334
bulk,lucb,7,60.0,60.0,0.03972674700344214,7.51730112824589e-05,1.9037237101069708,0.7755690419357434,0.14162132743499978,0.11919275369141469,0.016397710014314115,0.08489528386908263,0.6743838831326935,0.23790245722004005,0.6666666666666666
bulk,lucb,7,120.0,120.0,0.07756760199845303,0.00014719401224283502,1.7606937140385401,0.0,0.11078645016984656,0.0,0.016397710014314115,0.0,0.4282480860411875,0.16546142393164293,0.8333333333333334
bulk,lucb,7,180.0,180.0,0.1143715220168815,0.00021492299129022285,1.7215926922800835,0.0,0.0,0.0,0.0,0.0,0.3334455345270295,0.14847950780145328,0.8333333333333334
bulk,lucb,7,240.0,240.0,0.15054260201577563,0.0002850429737009108,1.7061214384187533,0.0,0.0,0.0,0.0,0.0,0.32717846804897327,0.1419697889386251,0.8333333333333334
bulk,lucb,8,30.0,30.0,0.015927696040307637,3.593604196794331e-05,1.6784796999299978,0.0,0.0,0.0,0.0,0.0,0.8319520559767656,0.29192215093759877,0.5833333333333334
bulk,lucb,8,60.0,60.0,0.030742472074052785,6.160906923469156e-05,1.6527621772915613,0.0,0.0,0.0,0.0,0.0,0.8180508790870272,0.28124559216041767,0.5833333333333334
bulk,lucb,8,120.0,120.0,0.06029477309493814,0.00011632910172920674,1.6496062844831005,0.0,0.0,0.0,0.0,0.001516865806217238,0.8158495796760173,0.2803073154706148,0.5833333333333334
bulk,lucb,8,180.0,180.0,0.08959757509728661,0.0001679080887697637,1.6304244001292905,0.0,0.0,0.03274912267043728,0.0,0.001516865806217238,0.7397412793050936,0.27563152025367244,0.5833333333333334
bulk,lucb,8,240.0,240.0,0.12009368209692184,0.0002193841282860376,1.561960599080307,0.0,0.0,0.03274912267043728,0.0,0.001516865806217238,0.43106591615285067,0.25522266443562264,0.6666666666666666
bulk,lucb,9,30.0,30.0,0.01558710297831567,2.8989998099859804e-05,2.0185588601665914,0.0,0.1837495299020906,0.09130957312112187,0.07582669895769878,0.06501373690925805,0.7615602492702176,0.4540252804586851,0.5
bulk,lucb,9,60.0,60.0,0.03053277299477486,5.7155993999913335e-05,2.0798710977279655,0.0,0.1764281658861907,0.08611361017936259,0.07582669895769878,0.06501373690925805,0.8890909018038514,0.4901328703536729,0.75
bulk,lucb,9,120.0,120.0,0.05985164003504906,0.00010971696610795334,2.002566889488946,0.0,0.1764281658861907,0.08611361017936259,0.07582669895769878,0.11335338198109368,0.7576301501544802,0.4587917599735487,0.9166666666666666
bulk,lucb,9,180.0,180.0,0.08884494801895926,0.00016300295828841627,1.9727026889651655,0.0,0.1764281658861907,0.08611361017936259,0.07582669895769878,0.06501373690925805,0.7021201488992905,0.44178749884256546,0.9166666666666666
bulk,lucb,9,240.0,240.0,0.11735792298713932,0.00021619295876007527,1.957004894104861,0.0,0.0,0.08611361017936259,0.07582669895769878,0.06501373690925805,0.7618325211584237,0.4212770094455836,0.9166666666666666
bulk,lucb,10,30.0,30.0,0.02219783203327097,5.924701690673828e-05,2.2622032765412343,0.5573707674086739,0.6668542189004015,0.6334852242153166,0.1259582706490845,0.07664997905049153,1.4574105352099962,0.47971026567714137,0.5833333333333334
bulk,lucb,10,60.0,60.0,0.042257158042048104,0.00010264099546475336,2.033024466214988,0.5573707674086739,0.6080021150179611,0.04921843374333046,0.0355049437738173,0.0,1.3690487451279323,0.3689928171855218,0.5833333333333334
bulk,lucb,10,120.0,120.0,0.08251055304572219,0.0001870460037025623,2.011498249832781,0.5573707674086739,0.0,0.009659286431634384,0.044174302062765514,0.0,1.2821889817445238,0.340613746489551,0.6666666666666666
bulk,lucb,10,180.0,180.0,0.12169474804977654,0.00026942203840008005,1.7189814633804055,0.5573707674086739,0.0,0.009659286431634384,0.0,0.0,0.8742105356746919,0.27952382163619255,0.75
bulk,lucb,10,240.0,240.0,0.15871853102726163,0.00034564600355224684,1.705004961583766,0.5573707674086739,0.0,0.009659286431634384,0.0,0.0,0.8719236751176037,0.2694545440334412,0.8333333333333334
bulk,lucb,11,30.0,30.0,0.020720508990052622,3.5512006434146315e-05,1.9531634934111661,0.8921352426341607,0.7594834145627389,-2.220446049250313e-16,-2.220446049250313e-16,0.015374859974364052,2.0518033714554247,0.5017609283078857,0.5
bulk,lucb,11,60.0,60.0,0.04088734101242153,6.8527995608747e-05,1.8744145831181915,0.8921352426341607,0.7594834145627389,-2.220446049250313e-16,-2.220446049250313e-16,-2.220446049250313e-16,2.074003945175752,0.4888507538841772,0.5833333333333334
bulk,lucb,11,120.0,120.0,0.08034452299034456,0.0001326360070379451,1.8675734641579236,0.8921352426341607,0.7594834145627389,-2.220446049250313e-16,-2.220446049250313e-16,-2.220446049250313e-16,2.074178904843626,0.5125810271781747,0.75
bulk,lucb,11,180.0,180.0,0.11923752305301605,0.0002032950214925222,1.3335328658729022,0.0,0.056863950006552644,-2.220446049250313e-16,-2.220446049250313e-16,-2.220446049250313e-16,0.7136038964275478,0.3640352767233529,0.8333333333333334
bulk,lucb,11,240.0,240.0,0.1589752770451014,0.0002862780456780456,1.3216123288087551,0.0,0.056863950006552644,-2.220446049250313e-16,-2.220446049250313e-16,-2.220446049250313e-16,0.7116500889867888,0.3416027681616981,0.8333333333333334
bulk,lucb,12,30.0,30.0,0.020573681002133526,4.7156005166471004e-05,1.4636966798579696,0.0,0.03415378916745715,0.033539840975024715,0.030681313338116856,0.04576231249477136,0.6635256305001991,0.41173020061524757,0.5833333333333334
bulk,lucb,12,60.0,60.0,0.04034306300309254,8.345701644429937e-05,1.4575623494656214,0.0,0.03415378916745715,0.032304596452407464,0.030681313338116856,0.0002735985802798657,0.5916105545421314,0.3605987141631233,0.75
bulk,lucb,12,120.0,120.0,0.07937419098743703,0.0001601050462340936,1.355605069581974,0.0,0.02299292658626495,0.021748017796422436,0.0,0.0002735985802798657,0.4714904835524843,0.2647322496237079,0.8333333333333334
bulk,lucb,12,180.0,180.0,0.11728333602513885,0.00023505304852733389,1.3633692751193125,0.0,0.02299292658626495,0.021748017796422436,0.0,0.0,0.47489804282013437,0.2669533991428114,0.8333333333333334
bulk,lucb,12,240.0,240.0,0.15415297803701833,0.0002975420138682239,1.3657393164628855,0.0,0.02299292658626495,0.021748017796422436,0.0,0.0,0.4798912673398537,0.2650259810157323,0.8333333333333334
bulk,lucb,13,30.0,30.0,0.020445205984287895,3.9159982406999916e-05,1.7142310998939365,0.6237850926161117,0.0,0.0,0.0,0.0014159229476433666,0.409517371550451,0.27965423182839727,0.6666666666666666
bulk,lucb,13,60.0,60.0,0.03990703597810352,7.276699761860073e-05,1.7165172731727403,0.6237850926161117,0.0,0.0,0.022218475058408682,0.0014159229476433666,0.4135772839587885,0.26878754640194197,0.8333333333333334
bulk,lucb,13,120.0,120.0,0.0777627429633867,0.0001384479837724939,1.6229737701299503,0.0,0.0,0.037574981968373056,0.02221847505840857,0.0014159229476432555,0.312812640616522,0.21271039653192858,1.0
bulk,lucb,13,180.0,180.0,0.11463697891304037,0.00020196800323901698,1.6142792935394346,0.0,0.0,0.037574981968373056,0.03215692300093265,0.0014159229476432555,0.30732640169884107,0.20551912288441054,1.0
bulk,lucb,13,240.0,240.0,0.1514547598999343,0.00026432901358930394,1.587205536292288,0.0,0.0,0.011612958187048106,0.0,0.0014159229476433666,0.28046027799890205,0.19689150012526319,1.0
bulk,lucb,14,30.0,30.0,0.020594919995346572,4.173401976004243e-05,2.315929166162532,0.0,0.22709084198126772,0.029198045901863146,0.06284765763582012,0.010956257179546625,2.0637781067213083,0.36829819256006435,0.5
bulk,lucb,14,60.0,60.0,0.04052020702511072,7.807703514117748e-05,2.2688353520238027,0.0,0.22709084198126772,0.029198045901863146,0.0,0.001957285748576898,2.05764732973541,0.3402823437304639,0.5833333333333334
bulk,lucb,14,120.0,120.0,0.07917992401053198,0.000149363033415284,2.2577865500911023,0.0,0.22709084198126772,0.029198045901863146,0.0,0.0,2.051315460655703,0.320485316001312,0.5833333333333334
bulk,lucb,14,180.0,180.0,0.11748732502019266,0.00021666504471795633,2.22526491228556,0.0,0.0,0.0,0.0,0.0,1.9345598554600718,0.28008270678964126,0.6666666666666666
bulk,lucb,14,240.0,240.0,0.15490371501800837,0.0002823350441758521,2.0996044536388436,0.0,0.0,0.0,0.0,0.0,0.9814303401563833,0.2616839205993503,0.9166666666666666
bulk,lucb,15,30.0,30.0,0.01998739499686053,3.666698466986418e-05,1.9219638413377131,0.0,0.0,0.0,0.009728346372479213,0.0,0.9218509995081314,0.2922043225607078,0.5833333333333334
bulk,lucb,15,60.0,60.0,0.039163406981970184,6.906799535499886e-05,1.871746353190937,0.0,0.0,0.0,0.009728346372479213,0.0,0.893197223354557,0.2769539624984615,0.75
bulk,lucb,15,120.0,120.0,0.07665462097065756,0.00013168203440727666,1.8569696602809096,0.0,0.0,0.0,0.009728346372479213,0.0,0.8991129436523738,0.2465248376392096,0.75
bulk,lucb,15,180.0,180.0,0.11334468696441036,0.00019000904285348952,1.8579492160964601,0.0,0.0,0.0,0.009728346372479213,0.0,0.8959165981809748,0.23315685280357085,0.8333333333333334
bulk,lucb,15,240.0,240.0,0.14997038295405218,0.00025063504290301353,1.6789771324214546,0.0,0.0,0.0,0.0,0.0,0.4608441971494115,0.1967304144141902,0.8333333333333334
bulk,lucb,16,30.0,30.0,0.020484806977037806,4.30550062446855e-05,1.4934186540379788,0.3454103017436323,0.0,0.0,0.0,0.009429933723281603,0.41227494434718404,0.4184059451223236,0.4166666666666667
bulk,lucb,16,60.0,60.0,0.040425405954010785,7.812600233592093e-05,1.4738695844587841,0.3454103017436323,0.0,0.0,0.0,0.0,0.41014350031950214,0.38768001408173125,0.5833333333333334
bulk,lucb,16,120.0,120.0,0.08070576795580564,0.00015546696522505954,1.4634589519935168,0.3454103017436323,0.0,0.0,0.0,0.0,0.41042452724612233,0.3505010789346926,0.6666666666666666
bulk,lucb,16,180.0,180.0,0.12075535596522968,0.00022158700448926538,1.4592351736458857,0.3454103017436323,0.0,0.0,0.0,0.0,0.41129604728759483,0.320358420837974,0.6666666666666666
bulk,lucb,16,240.0,240.0,0.16012432495335815,0.0002848400254151784,1.4587493837179049,0.3454103017436323,0.0,0.0,0.0,0.0,0.41136792554641005,0.3077400901036111,0.6666666666666666
bulk,lucb,17,30.0,30.0,0.02034857400576584,3.686799755087122e-05,1.6278443536101517,0.20249151316651715,0.34805393084538316,0.16623504742303774,0.07952195499347292,1.1102230246251565e-16,0.7902211543516316,0.4314325533132807,0.4166666666666667
bulk,lucb,17,60.0,60.0,0.0397364330056007,6.859301356598735e-05,1.4798980491403568,0.20249151316651715,0.024605312603953156,0.16623504742303774,0.07952195499347292,1.1102230246251565e-16,0.5098196594259833,0.38072002895641427,0.5833333333333334
bulk,lucb,17,120.0,120.0,0.07759646597696701,0.00013061700883554295,1.4332373937299028,0.20249151316651715,0.024605312603953156,0.0,0.0,0.0,0.4637154222510507,0.36208475913913235,0.6666666666666666
bulk,lucb,17,180.0,180.0,0.1159338340148679,0.0001973759863176383,1.4179764565678343,0.20249151316651715,0.024605312603953156,0.0,0.0,0.0,0.46206800424026107,0.3538221415880887,0.75
bulk,lucb,17,240.0,240.0,0.1539587669976754,0.0002656490250956267,1.4701834417654451,0.20249151316651715,0.024605312603953156,0.0,0.0,0.0,0.4847400140050456,0.36295117696414264,0.8333333333333334
bulk,lucb,18,30.0,30.0,0.021390725974924862,5.522099672816694e-05,0.8546032404993231,0.40356190241806267,0.28205410232321504,0.0,0.05484691524211083,0.07134126391782347,0.18048618097840669,0.4138070685269197,0.4166666666666667
bulk,lucb,18,60.0,60.0,0.04236285897786729,9.682703239377588e-05,0.8485341412447981,0.40356190241806267,0.28205410232321504,0.0,0.05484691524211083,0.07134126391782347,0.17969965095980378,0.3931211237928321,0.5833333333333334
bulk,lucb,18,120.0,120.0,0.08476779398188228,0.0001853790454333648,0.8404409743740647,0.40356190241806267,0.28205410232321504,0.0,0.05484691524211083,0.0,0.17857170901879754,0.3756222929028356,0.6666666666666666
bulk,lucb,18,180.0,180.0,0.12483943100232864,0.0002577400518930517,0.830742134707075,0.40356190241806267,0.28205410232321504,0.0,0.05484691524211083,0.0,0.16796942484542857,0.34068658670015023,0.75
bulk,lucb,18,240.0,240.0,0.1635746289830422,0.00032257201382890344,0.8095427020299213,0.40356190241806267,0.28205410232321504,0.0,0.05484691524211083,0.0,0.16032563164093416,0.3182352258186094,0.8333333333333334
bulk,lucb,19,30.0,30.0,0.01989409999077907,3.897902206517756e-05,1.9737250255393626,0.38317503566299904,0.19290162703960656,0.22655612141004122,0.2595823606083353,0.04083716141133886,0.7253776977494075,0.3737553235640815,0.5833333333333334
bulk,lucb,19,60.0,60.0,0.039520724007161334,8.100100967567414e-05,1.8762656101360682,0.38317503566299904,0.19290162703960656,0.22655612141004122,0.0,0.0,0.6078801581075144,0.3176835977862715,0.6666666666666666
bulk,lucb,19,120.0,120.0,0.07783650300552836,0.00015567298396490514,1.9283752947951618,0.38317503566299904,0.19290162703960656,0.22655612141004122,0.0,0.0,0.668678827222592,0.3119902144731895,0.6666666666666666
bulk,lucb,19,180.0,180.0,0.1173486930274521,0.0002227119985036552,1.8570811452706086,0.38317503566299904,0.19290162703960656,0.0,0.0,0.0,0.5637894112233177,0.2947276103998201,0.75
bulk,lucb,19,240.0,240.0,0.15813829500984866,0.00029807900136802346,1.832183094620673,0.38317503566299904,0.19290162703960656,0.0,0.0,0.0,0.5121810793407899,0.29068001049161263,0.75
bulk,lucb,20,30.0,30.0,0.01612363899766933,3.265198756707832e-05,1.874568134127186,0.8897880224846246,0.21420036917432483,0.020082755897507965,0.0,0.002555020552324039,1.2576167737923718,0.37572616342567233,0.5
bulk,lucb,20,60.0,60.0,0.031763714978296775,5.991194484522566e-05,1.9542518252682906,0.8897880224846246,0.21420036917432483,0.020082755897507965,0.0,0.002555020552324039,1.319652871139792,0.3909141058260941,0.5833333333333334
bulk,lucb,20,120.0,120.0,0.06214071096474072,0.00010826996003743261,1.9620647265316025,0.8897880224846246,0.21420036917432483,0.020082755897507965,0.0,0.002555020552324039,1.318089244433102,0.38556267324226084,0.75
bulk,lucb,20,180.0,180.0,0.09167202697426546,0.00015852095384616405,1.7340402473981154,0.0,0.0,0.0,0.01070172465259267,0.002555020552324039,0.9762847759538639,0.19870948262651408,0.8333333333333334
bulk,lucb,20,240.0,240.0,0.12061517302208813,0.0002135469767381437,1.7251217264309051,0.0,0.0,0.0,0.0,0.002555020552324039,0.9747019014323609,0.19263432245205203,0.8333333333333334
bulk,lucb,21,30.0,30.0,0.015924782026559114,2.779496571747586e-05,1.4015376157768182,0.5066210951058145,0.2831579127290075,-2.220446049250313e-16,-2.220446049250313e-16,0.05297016328520032,0.7770890354268938,0.4171563239208478,0.5
bulk,lucb,21,60.0,60.0,0.03211846703197807,5.7565965107642114e-05,1.3986744129919935,0.5066210951058145,0.2831579127290075,-2.220446049250313e-16,-2.220446049250313e-16,-2.220446049250313e-16,0.7768213835451186,0.3918404316494001,0.5833333333333334
bulk,lucb,21,120.0,120.0,0.06317701304215007,0.00011591795919230208,1.2588308975245661,0.5066210951058145,0.2831579127290075,-2.220446049250313e-16,-2.220446049250313e-16,-2.220446049250313e-16,0.7432315094296017,0.34439883670134486,0.8333333333333334
bulk,lucb,21,180.0,180.0,0.09355144004075555,0.00016431199765065685,1.2364991558263336,0.5066210951058145,0.2831579127290075,-2.220446049250313e-16,-2.220446049250313e-16,-2.220446049250313e-16,0.7386204535677617,0.3269557574722495,0.8333333333333334
bulk,lucb,21,240.0,240.0,0.12380069606297184,0.00021429097978398204,1.2361654151174613,0.5066210951058145,0.2831579127290075,-2.220446049250313e-16,-2.220446049250313e-16,-2.220446049250313e-16,0.7381708076012858,0.3084475254592847,0.8333333333333334
bulk,lucb,22,30.0,30.0,0.022579810007300694,6.0616010159719735e-05,1.2533311020002014,0.42337518303993493,0.0,0.0,0.01133212296564401,0.03387844389850869,0.5320104739459341,0.26946854354300126,0.4166666666666667
bulk,lucb,22,60.0,60.0,0.04331283699866617,9.670101280789822e-05,1.2268557823548774,0.42337518303993493,0.0,0.0,0.01133212296564401,0.0,0.530578308619934,0.23425016862673756,0.5
bulk,lucb,22,120.0,120.0,0.08473189299547812,0.00018011600332101807,1.2335434337947555,0.42337518303993493,0.0,0.0,0.01133212296564401,0.0,0.5356115188140693,0.23321857928087655,0.75
bulk,lucb,22,180.0,180.0,0.12592565595696215,0.0002678699675016105,1.227381063768403,0.42337518303993493,0.0,0.0,0.0,0.0,0.5338456528535648,0.22284831253403356,0.75
bulk,lucb,22,240.0,240.0,0.16533155893557705,0.0003443359601078555,1.1951050472283613,0.42337518303993493,0.0,0.0,0.01133212296564401,0.0,0.5210397483229461,0.1938467022686834,0.8333333333333334
bulk,lucb,23,30.0,30.0,0.020955933003278915,4.1882020013872534e-05,1.6577726580539125,0.13119808897110796,0.23705579967849544,0.057648555700188675,0.047122060983008085,0.14580058448623634,0.9332517018725814,0.43838236508978906,0.5
bulk,lucb,23,60.0,60.0,0.04125121598917758,7.890701090218499e-05,1.6538212229398768,0.13119808897110796,0.23705579967849544,0.057648555700188675,0.05957974378947861,0.04575479888921663,0.9320071675940677,0.42455306641949564,0.6666666666666666
bulk,lucb,23,120.0,120.0,0.080574245970638,0.0001440850319340825,1.6667266856000627,0.13119808897110796,0.23705579967849544,0.057648555700188675,0.05957974378947861,0.04575479888921663,0.9327294388281985,0.42620671706211544,0.6666666666666666
bulk,lucb,23,180.0,180.0,0.12100587395980256,0.00022482904023490846,1.6637774179497251,0.13119808897110796,0.23705579967849544,0.057648555700188675,0.05957974378947861,0.04575479888921663,0.9319414674652899,0.4253665188281769,0.75
bulk,lucb,23,240.0,240.0,0.1593740609678207,0.0002937040480901487,1.5142732190143102,0.13119808897110796,0.23705579967849544,0.057648555700188675,0.05957974378947861,0.010585479758978056,0.924443391280873,0.3507195671358949,0.8333333333333334
bulk,lucb,24,30.0,30.0,0.016456830002425704,3.075502172578126e-05,1.4424476799837695,0.4403895307826894,0.0,0.023989748424188884,0.13534423083561564,0.0038006275140880508,0.7446672886877195,0.4239558736608066,0.5833333333333334
bulk,lucb,24,60.0,60.0,0.03142271001706831,5.636604328174144e-05,1.4088062103810237,0.0,0.09189195284150331,0.23396686806730882,0.13534423083561586,0.003800627514088273,0.4580420535846202,0.3625470325524214,0.8333333333333334
bulk,lucb,24,120.0,120.0,0.0611558720265748,0.00010936304897768423,1.4270388970833743,0.0,0.09189195284150331,0.23396686806730882,0.13534423083561586,0.003800627514088273,0.4603987860143305,0.370172885666439,0.8333333333333334
bulk,lucb,24,180.0,180.0,0.08981919401412597,0.000157593036419712,1.3910725183521908,0.0,0.2725634238699337,0.16317524349024215,0.11544615083914911,0.003800627514088273,0.36164597362302847,0.3276293564488546,0.9166666666666666
bulk,lucb,24,240.0,240.0,0.11842947502009338,0.00021048307098681107,1.3054861289571749,0.0,0.0,0.023989748424188884,0.0,0.0038006275140880508,0.1652672431284792,0.2201266629027918,0.9166666666666666
bulk,lucb,25,30.0,30.0,0.015289394017599989,2.7508984203450382e-05,2.0915885423218903,0.0,0.0,0.0,0.00881038569320014,0.0,0.8541566288485115,0.156170175548837,0.6666666666666666
bulk,lucb,25,60.0,60.0,0.02998251903045457,5.407397839007899e-05,2.0516415818786133,0.0,0.0,0.04411445270867598,0.00881038569320014,0.0,0.8513263030892235,0.14774990014114545,0.6666666666666666
bulk,lucb,25,120.0,120.0,0.05792971101618605,0.00010580597154330462,1.96905581048229,0.0,0.0,0.0,0.00881038569320014,0.0,0.5201162308553708,0.13198921146867132,0.75
bulk,lucb,25,180.0,180.0,0.08640228700824082,0.00015593496937071905,1.9640850805209829,0.0,0.0,0.0,0.00881038569320014,0.0,0.521160144353215,0.13296667060106895,0.75
bulk,lucb,25,240.0,240.0,0.1167345379726612,0.00020745799702126533,1.9271592634474375,0.0,0.0,0.0,0.0,0.0,0.380264800285816,0.12326734974078048,0.75
bulk,lucb,26,30.0,30.0,0.015974730988091324,2.8605994884856045e-05,1.5784494571177197,0.561270938465448,0.4032566445317576,0.12390880500024182,3.3306690738754696e-16,0.048876935265202426,0.488758804275482,0.4938014492183596,0.5
bulk,lucb,26,60.0,60.0,0.0312657769973157,5.316700116964057e-05,1.440636568874207,0.561270938465448,0.4032566445317576,0.12390880500024182,3.3306690738754696e-16,3.3306690738754696e-16,0.4933670766653573,0.440320107829915,0.6666666666666666
bulk,lucb,26,120.0,120.0,0.06106592301512137,0.00010156903590541333,1.3369536465023109,0.0,0.07803704856012417,0.0,0.0,0.0,0.17094096385010446,0.37744794097164364,0.9166666666666666
bulk,lucb,26,180.0,180.0,0.09014134002063656,0.00014988506882218644,1.3322906234989391,0.0,0.07803704856012417,0.0,0.0,0.0,0.17071289345655308,0.35688360554375254,0.9166666666666666
bulk,lucb,26,240.0,240.0,0.11928334603726398,0.00020044408302055672,1.3234893292278818,0.0,0.07803704856012417,0.0,0.0,0.0,0.16932063767291108,0.3547360479611268,0.9166666666666666
bulk,lucb,27,30.0,30.0,0.015235951010254212,2.8429007215891033e-05,2.060081300258168,0.0,0.0,0.0,0.0,0.02257782182154644,0.5721545824556009,0.30646384574429175,0.6666666666666666
bulk,lucb,27,60.0,60.0,0.029847762001736555,5.422800313681364e-05,2.0659471175890993,0.0,0.0,0.0,0.0,0.02257782182154644,0.5361239669750341,0.30528563376485524,0.6666666666666666
bulk,lucb,27,120.0,120.0,0.05847005000396166,0.0001036619723890908,2.0326460272680906,0.0,0.0,0.0,0.0,0.02257782182154644,0.5019124641067924,0.2992198151565529,0.6666666666666666
bulk,lucb,27,180.0,180.0,0.08886590106703807,0.00015411399363074452,2.0175853987282544,0.0,0.0,0.0,0.0,0.01441429113957493,0.4863809483737301,0.29528996321831563,0.6666666666666666
bulk,lucb,27,240.0,240.0,0.12042680004378781,0.00020732900884468108,1.943659435210957,0.0,0.0,0.0,0.0,0.0,0.4464028213879307,0.2754215920376378,0.6666666666666666
bulk,lucb,28,30.0,30.0,0.015314766998926643,3.021298471139744e-05,2.0510759640494727,0.3499674365601617,0.062279563575025176,0.1809084120837281,0.10747216362649059,-2.220446049250313e-16,1.4047371975776033,0.2956652953638312,0.75
bulk,lucb,28,60.0,60.0,0.029828812985215336,5.5529984820168465e-05,1.9917995283070749,0.3499674365601617,0.062279563575025176,0.013892072926463883,0.0,0.0,1.3616815789591594,0.2796589571594343,0.75
bulk,lucb,28,120.0,120.0,0.05845436597883236,0.00010604998533381149,1.9797884836065824,0.3499674365601617,0.062279563575025176,0.013892072926463883,0.10747216362649081,-2.220446049250313e-16,1.345326082392505,0.28669310989957886,0.8333333333333334
bulk,lucb,28,180.0,180.0,0.08721817492187256,0.00016144895926117897,1.9434623905499686,0.3499674365601617,0.062279563575025176,0.013892072926463883,0.0,0.0,1.3332166244099468,0.2555891735972081,0.8333333333333334
bulk,lucb,28,240.0,240.0,0.11697183595242677,0.00021617297898046672,1.935150285531991,0.3499674365601617,0.062279563575025176,0.013892072926463883,0.0,0.0,1.331606874383955,0.240275098382104,0.8333333333333334
bulk,lucb,29,30.0,30.0,0.015435263012477662,2.9341987101361156e-05,1.9819712862709868,0.0,0.35519233367657366,0.09966719503660404,0.11316824372198753,0.0777595927101864,0.8825766708865764,0.46513865293286255,0.6666666666666666
bulk,lucb,29,60.0,60.0,0.030067106999922544,5.4322001233231276e-05,1.7885281185323176,0.0,0.0,0.03194717220836074,0.02698612583548532,0.0,0.4691381052417082,0.40274813356150496,0.6666666666666666
bulk,lucb,29,120.0,120.0,0.05890490999445319,0.0001049959973897785,1.7793598044975028,0.0,0.0,0.03194717220836074,0.02698612583548532,0.0,0.4568417854763115,0.4009818283053593,0.6666666666666666
bulk,lucb,29,180.0,180.0,0.08758736404706724,0.00015731197345303372,1.7046777665225978,0.0,0.0,0.03194717220836074,0.02698612583548532,0.0,0.20253241691093943,0.38985811165883577,0.6666666666666666
bulk,lucb,29,240.0,240.0,0.11764915006642696,0.00020986597519367933,1.7195219914022388,0.26548687887443023,0.0,0.03194717220836074,0.02698612583548532,0.0,0.4343416346158926,0.38556585168784074,0.6666666666666666
bulk,lucb,30,30.0,30.0,0.020839650998823345,4.2394000047352165e-05,2.1676542109912953,0.0,0.1168075880924554,0.026241775247151655,0.02510016703458673,0.024400912098579086,1.3495392106939774,0.41864632176734656,0.4166666666666667
bulk,lucb,30,60.0,60.0,0.04195518997585168,9.216098260367289e-05,2.1637846928142204,0.0,0.1168075880924554,0.026241775247151655,0.02510016703458673,0.024400912098579086,1.3470590630954817,0.42738356490448987,0.5833333333333334
bulk,lucb,30,120.0,120.0,0.0833668329869397,0.00017766695964382961,2.1812852423858633,0.0,0.1168075880924554,0.026241775247151655,0.02510016703458673,0.024400912098579086,1.3451916823459638,0.4355265950547607,0.6666666666666666
bulk,lucb,30,180.0,180.0,0.12314541395608103,0.00025342998560518026,2.08022390869337,0.0,0.0,0.004243958624088107,0.02510016703458673,0.024400912098579086,1.179945354386249,0.376459984505653,0.9166666666666666
bulk,lucb,30,240.0,240.0,0.16079495295707602,0.00033023896685335785,1.8210621448994615,0.0,0.0,0.004243958624088107,0.02510016703458673,0.024400912098579086,1.1597618523291193,0.2202015341886845,1.0
bulk,lucb,31,30.0,30.0,0.020924894968629815,4.070902650710195e-05,1.930630969216099,0.0,0.2167265226866103,0.3601397735151193,0.23114490055628356,0.2291752726883476,0.39599918982692245,0.45513651265862365,0.5833333333333334
bulk,lucb,31,60.0,60.0,0.04120609094388783,7.985702541191131e-05,1.876064429488947,0.0,0.2167265226866103,0.15405314973446804,0.16877747500840024,0.14455472253744805,0.3625629563984729,0.43467746259805784,0.6666666666666666
bulk,lucb,31,120.0,120.0,0.08160249191132607,0.0001635719891055487,1.7593369828075087,0.0,0.054368082223056224,0.0,0.04128642265968707,0.05570763240927734,0.2683448763111403,0.39418003105384963,0.8333333333333334
bulk,lucb,31,180.0,180.0,0.12307734592468478,0.0002573019519331865,1.6651744297024276,0.0,0.16809201236302407,0.08083703563858746,0.1081854036936859,0.031204027033697512,0.19735826122816397,0.34116030217680987,1.0
bulk,lucb,31,240.0,240.0,0.1637742099337629,0.0003727659641299397,1.6046470661445091,0.0,0.0,0.0,0.0,0.031204027033697512,0.1293199658977635,0.31147495076642795,1.0
bulk,lucb,32,30.0,30.0,0.015670440989197232,3.3228985557798296e-05,1.9301207046393938,0.0,0.03314572155992468,0.0,0.001668986130187733,-2.220446049250313e-16,0.48389807049406847,0.41862676873904026,0.6666666666666666
bulk,lucb,32,60.0,60.0,0.030662447003123816,6.100798782426864e-05,1.8694947987898292,0.0,0.03314572155992468,0.0,0.0,0.0,0.27850548211746984,0.4167887759478124,0.6666666666666666
bulk,lucb,32,120.0,120.0,0.06059901401022216,0.00011765899398596957,1.8800222350007905,0.0,0.0,0.0,0.001668986130187733,-2.220446049250313e-16,0.3201949956279295,0.42141387134509734,0.6666666666666666
bulk,lucb,32,180.0,180.0,0.09117532599339029,0.00016754598618717864,1.8506543677966667,0.0,0.0,0.0,0.0,0.0,0.22513299941872586,0.4169832559973839,0.6666666666666666
bulk,lucb,32,240.0,240.0,0.12301483498595189,0.00021862999710720032,1.853324694037991,0.0,0.0,0.0,0.0,0.0,0.31553787447191506,0.41756301345117425,0.6666666666666666
bulk,lucb,33,30.0,30.0,0.016132753014971968,2.8901042242068797e-05,1.979300488996852,0.6384283504411781,0.3414393279351168,0.32472723932343783,0.0,0.05157533141990789,0.6289677689213478,0.42399038483167656,0.4166666666666667
bulk,lucb,33,60.0,60.0,0.03183657299814513,5.590607179328799e-05,1.706260634404467,0.13018507767653065,0.38752070737051003,0.038614398775764114,-2.220446049250313e-16,0.0,0.5060608888982491,0.29025061661315943,0.8333333333333334
bulk,lucb,33,120.0,120.0,0.06174102002842119,0.00010726910113589838,1.7874110055876284,0.7245920013507263,0.38752070737051003,0.038614398775764114,-2.220446049250313e-16,0.0,0.7463959634917142,0.3170841690900355,1.0
bulk,lucb,33,180.0,180.0,0.09161080098419916,0.0001570961030665785,1.8032476296870092,0.7245920013507263,0.38752070737051003,0.038614398775764114,-2.220446049250313e-16,0.0,0.748827004297931,0.31553413474154396,1.0
bulk,lucb,33,240.0,240.0,0.12273365397413727,0.00021002506400691345,1.7760771700251758,0.7245920013507263,0.38752070737051003,0.038614398775764114,0.04593475858188256,-2.220446049250313e-16,0.7443518037307698,0.3040839552091157,1.0
bulk,lucb,34,30.0,30.0,0.020912539992423262,4.5744025555904955e-05,1.8613621079467357,0.7310031119692971,0.6928054391683145,0.21583045030612924,0.06486804845476124,0.0,0.7828744823513676,0.341232564976795,0.4166666666666667
bulk,lucb,34,60.0,60.0,0.040910941977926996,8.630700904177502e-05,1.7397842333883489,0.0,0.17319922054066916,0.038726929914689845,0.06486804845476124,0.0,0.597024845163987,0.2962137998677961,0.5
bulk,lucb,34,120.0,120.0,0.07977345000108471,0.00016392504767281935,1.7150779199388735,0.0,0.17319922054066916,0.038726929914689845,0.0,0.0,0.5808126231321457,0.28121361529154,0.75
bulk,lucb,34,180.0,180.0,0.11775779602612602,0.000233941049373243,1.7135118210432978,0.0,0.17319922054066916,0.038726929914689845,0.0,0.0,0.5804332843358098,0.2716286144204236,0.8333333333333334
bulk,lucb,34,240.0,240.0,0.15515553099976387,0.00030436102679232135,1.6348555749489833,0.0,0.0,0.0,0.030996611287202547,0.0,0.22076406434521062,0.22838148966371608,0.9166666666666666
bulk,lucb,35,30.0,30.0,0.02071070100646466,3.7288984458427876e-05,2.165005781876731,0.0,0.0,0.13140002124215266,0.0,0.006847707704469963,1.336277917755253,0.26945289095767433,0.5833333333333334
bulk,lucb,35,60.0,60.0,0.04100913300499087,7.31210020603612e-05,2.1678997401896063,0.0,0.0,0.13140002124215266,0.0,0.006847707704469963,1.3365694313489966,0.2654614521375174,0.6666666666666666
bulk,lucb,35,120.0,120.0,0.08101602799433749,0.00014155299868434668,2.1370874667369764,0.0,0.0,0.0,0.0,0.0,1.2496854233807229,0.24993839588276257,0.6666666666666666
bulk,lucb,35,180.0,180.0,0.12497229200380389,0.00025719799305079505,1.9276941453270116,0.4289313846852725,0.07585423818375814,0.0,0.0,0.006847707704469963,1.055903965282854,0.21740219288017792,0.75
bulk,lucb,35,240.0,240.0,0.171521346004738,0.00038495701301144436,1.9538801506394858,0.4289313846852725,0.2523092355119435,0.0,0.0,0.0,1.204179773448451,0.22458333047366894,0.8333333333333334
bulk,lucb,36,30.0,30.0,0.020102668000617996,3.704801929416135e-05,2.1076605713024,0.4834803781595589,0.4171179107240255,0.3687057322799574,0.09523031563431628,0.028767929082627153,0.6332414169631609,0.42076788786033903,0.6666666666666666
bulk,lucb,36,60.0,60.0,0.03891470101370942,7.07159997546114e-05,2.0439781668356454,0.4834803781595589,0.30996738155828774,0.28821098873654516,0.029790611246678256,0.028767929082627153,0.5150327912329336,0.38744736875417546,0.75
bulk,lucb,36,120.0,120.0,0.07636225002352148,0.00013667102030012757,2.0642137659716435,0.4834803781595589,0.30996738155828774,0.28821098873654516,0.029790611246678256,0.028767929082627153,0.5161004595457809,0.39957709856986157,0.8333333333333334
bulk,lucb,36,180.0,180.0,0.11338565102778375,0.0002075540178338997,2.0278816133138338,0.4834803781595589,0.30996738155828774,0.0,0.033291419004691014,0.028767929082627153,0.32145141820678336,0.38454311560788607,0.8333333333333334
bulk,lucb,36,240.0,240.0,0.15071989702119026,0.00028068402752978727,2.020153125988675,0.4402217558216105,0.30996738155828774,0.0,0.033291419004691014,0.028767929082627153,0.3192243806513808,0.38275488031769633,0.8333333333333334
bulk,lucb,37,30.0,30.0,0.021041778010840062,4.1674007661640644e-05,2.1877304373394497,0.1272886183430063,0.0,0.0,0.0,0.0,1.2427417342948994,0.22700094246910982,0.8333333333333334
bulk,lucb,37,60.0,60.0,0.041381367038411554,8.891901961760595e-05,2.100915808867653,0.1272886183430063,0.0,0.0,0.0,0.0,1.2396631812326853,0.20331078519947926,0.9166666666666666
bulk,lucb,37,120.0,120.0,0.08422257802885724,0.0002057650708593428,1.9850647741381604,0.1272886183430063,0.0,0.0,0.0,0.0,0.6573337496221916,0.16658292382438708,0.9166666666666666
bulk,lucb,37,180.0,180.0,0.1288877230254002,0.00033582906326046214,1.978395390127227,0.1272886183430063,0.0,0.0,0.0,0.0,0.6559392937036959,0.14984818092318394,0.9166666666666666
bulk,lucb,37,240.0,240.0,0.17327937801746884,0.0004645630906452425,1.9730818341341614,0.1272886183430063,0.0,0.0,0.0,0.0,0.6542407109339607,0.14389037325469728,0.9166666666666666
bulk,lucb,38,30.0,30.0,0.020261338009731844,3.7302008422557265e-05,2.400907444487428,0.0,0.25409661632191993,0.25865632981082554,0.0,0.0003266813186881823,3.57602129197712,0.4116674922684909,0.5833333333333334
bulk,lucb,38,60.0,60.0,0.03945205202762736,6.961201142985374e-05,2.167755089053866,0.0,0.25409661632191993,0.25865632981082554,0.0,0.0003266813186881823,1.5280599394303898,0.34165530595203847,0.75
bulk,lucb,38,120.0,120.0,0.07694583001284627,0.0001320999945164658,1.920729044088656,0.0,0.0,0.018690190473064305,0.0,0.0003266813186881823,0.8838904574707985,0.2834997819660983,0.9166666666666666
bulk,lucb,38,180.0,180.0,0.11436952000076417,0.00020462701650103554,1.878394394562654,0.0,0.0,0.018690190473064305,0.0,0.0003266813186881823,0.8803474453978072,0.24507631065695074,0.9166666666666666
bulk,lucb,38,240.0,240.0,0.1504514269909123,0.0002675290161278099,1.871281806073618,0.0,0.0,0.018690190473064305,0.0,0.0003266813186881823,0.8800141302010002,0.23763398273501524,0.9166666666666666
bulk,lucb,39,30.0,30.0,0.021541586014791392,4.485100362217054e-05,1.8567860784623063,0.0,0.0,0.03937405229126123,0.03527349595602003,0.0,0.42104102637689755,0.4178959846913898,0.6666666666666666
bulk,lucb,39,60.0,60.0,0.041778976017667446,8.075500227278098e-05,1.8751281289011381,0.0,0.0,0.03937405229126123,0.03527349595602003,0.0,0.41692468435065666,0.39651816455615757,0.75
bulk,lucb,39,120.0,120.0,0.0841659690340748,0.00019627904839580879,1.688075380086327,0.0,0.0,0.03937405229126123,0.01788332443649754,0.0,0.3037351888599835,0.3379892674074486,0.9166666666666666
bulk,lucb,39,180.0,180.0,0.12832123108091764,0.0003198000413249247,1.6752112303210278,0.0,0.0,0.03937405229126123,0.01788332443649754,0.0,0.3359152815241023,0.33908661595694956,0.9166666666666666
bulk,lucb,39,240.0,240.0,0.17303714208537713,0.0004331169984652661,1.6668008991884078,0.0,0.0,0.03937405229126123,0.01788332443649754,0.0,0.3225736284889076,0.33719762709161155,0.9166666666666666
bulk,lucb,40,30.0,30.0,0.02050537901959615,3.816697426373139e-05,1.3885340329974902,0.02590319911044281,0.0,0.08953253272237638,0.02163201037000595,0.015356502559888296,0.3606291537251943,0.31581588874692046,0.5
bulk,lucb,40,60.0,60.0,0.04004828000324778,7.017498865025118e-05,1.3365658892537013,0.02590319911044281,0.0,0.0674955332887105,0.05533839318533085,0.06239082467116719,0.33825447798303376,0.28010892616520655,0.5
bulk,lucb,40,120.0,120.0,0.07872709503135411,0.0001344860138488002,1.3090858952689173,0.0,0.0,0.0674955332887105,0.05533839318533085,0.0,0.21706290278848042,0.2693858176373177,0.6666666666666666
bulk,lucb,40,180.0,180.0,0.11820315703516826,0.00021208102407399565,1.2881696561704523,0.0,0.0,0.0674955332887105,0.05533839318533085,0.0,0.1730204316884098,0.26499713921420365,0.6666666666666666
bulk,lucb,40,240.0,240.0,0.15617164705327014,0.0002794860047288239,1.3041791984243851,0.02590319911044281,0.0,0.0674955332887105,0.0035642645523861205,0.018385914102166057,0.22981919293816164,0.26796657253341505,0.6666666666666666
bulk,lucb,41,30.0,30.0,0.021745816986367572,4.072401497978717e-05,1.4194076513513398,0.7549328687669025,0.11672176412096102,0.0,0.03753040946664843,0.04051016716048483,0.5919351514732013,0.5309953754099815,0.4166666666666667
bulk,lucb,41,60.0,60.0,0.04705174299306236,0.00012052699457854033,1.3943305003467656,0.7549328687669025,0.11672176412096102,0.0,0.007362309966399527,0.00691423711463901,0.5879559854591534,0.49466726102392206,0.5833333333333334
bulk,lucb,41,120.0,120.0,0.1032979390147375,0.00030407697340706363,1.3541627491685897,0.7549328687669025,0.11672176412096102,0.0,0.0,0.005263872010431103,0.5859935475822046,0.4374404370057109,0.6666666666666666
bulk,lucb,41,180.0,180.0,0.1626300479620113,0.0005409099685493857,1.3364736574018246,0.7549328687669025,0.11672176412096102,0.0,0.007362309966399527,0.005263872010431103,0.5847416406659242,0.4140391328162462,0.75
bulk,lucb,41,240.0,240.0,0.22230607594246976,0.0007722419759375043,1.3375096744856398,0.7549328687669025,0.11672176412096102,0.0,0.0,0.005263872010431103,0.5848716037833868,0.4033339711216986,0.8333333333333334
bulk,lucb,42,30.0,30.0,0.020605635007086676,3.689602453960106e-05,1.513651931073204,0.0,0.006554568656070292,0.0,0.0,0.0,0.4278910939774313,0.36458193572017394,0.75
bulk,lucb,42,60.0,60.0,0.04024803601350868,6.838003173470497e-05,1.5047114284405823,0.0,0.006554568656070292,0.0,0.0,0.0,0.43566397281138985,0.33320024559627276,0.75
bulk,lucb,42,120.0,120.0,0.07897104904259322,0.00013001605111639947,1.4709230589669462,0.0,0.006554568656070292,0.0,0.0,0.0,0.43208537016653725,0.2937229523405351,0.8333333333333334
bulk,lucb,42,180.0,180.0,0.11750909004331334,0.0002017490696744062,1.4608356254754122,0.0,0.006554568656070292,0.0,0.0,0.0,0.4366779119109384,0.2951453353612362,0.9166666666666666
bulk,lucb,42,240.0,240.0,0.1561853610255639,0.00027187904197489843,1.4502397032984307,0.5092667439828487,0.0,0.0,0.0,0.0,0.53386505838919,0.27680933446973205,0.9166666666666666
bulk,lucb,43,30.0,30.0,0.021599510015221313,4.0311999327968806e-05,1.6351870733757419,0.0,0.03954464776459754,0.0,0.0,0.0036570929906859506,1.3493080728761366,0.3774384642654816,0.5
bulk,lucb,43,60.0,60.0,0.04436736699426547,0.00010008797835325822,1.622508904667198,0.0,0.03954464776459754,0.0,0.0,0.0036570929906859506,1.348875265136134,0.32482380481101614,0.6666666666666666
bulk,lucb,43,120.0,120.0,0.08997198395809392,0.00022414797422243282,1.6393192047270342,0.0,0.03954464776459754,0.0,0.0,0.0036570929906859506,1.3491769314583328,0.33287308755800865,0.75
bulk,lucb,43,180.0,180.0,0.13464838895015419,0.0003516259603202343,1.6312616425161677,0.0,0.03954464776459754,0.0,0.0,0.0036570929906859506,1.3489273921047136,0.29964166764621775,0.75
bulk,lucb,43,240.0,240.0,0.18058634293993236,0.000487878976855427,1.63123150629268,0.0,0.03954464776459754,0.0,0.0,0.0036570929906859506,1.3493538303092552,0.2938617517921689,0.75
bulk,lucb,44,30.0,30.0,0.020410715012985747,4.1131977923214436e-05,1.7129477241367976,0.7635796223597333,0.5640437457596721,0.050716923998323504,-2.220446049250313e-16,0.007038657094168621,0.9444475520506872,0.31810098000986725,0.6666666666666666
bulk,lucb,44,60.0,60.0,0.04059054401295725,8.580098074162379e-05,1.7054424202790013,0.7635796223597333,0.5640437457596721,0.050716923998323504,-2.220446049250313e-16,0.007038657094168621,0.9441477334048437,0.3105986173075923,0.6666666666666666
bulk,lucb,44,120.0,120.0,0.08127857699582819,0.0001921899529406801,1.7075743205669578,0.7635796223597333,0.5640437457596721,0.050716923998323504,-2.220446049250313e-16,-2.220446049250313e-16,0.9438556266361462,0.2950249391570173,0.6666666666666666
bulk,lucb,44,180.0,180.0,0.12039139096305007,0.00027413393399911,1.708859905105457,0.7635796223597333,0.5640437457596721,0.050716923998323504,-2.220446049250313e-16,-2.220446049250313e-16,0.9437015443539769,0.29143353709555225,0.6666666666666666
bulk,lucb,44,240.0,240.0,0.16009973394830013,0.0003584099395084195,1.701284997939311,0.7635796223597333,0.5640437457596721,0.050716923998323504,-2.220446049250313e-16,-2.220446049250313e-16,0.9430766024341045,0.28534110270194407,0.75
bulk,lucb,45,30.0,30.0,0.025008825992699713,8.915702346712351e-05,1.4516771290709312,0.17077981014696364,0.20938508282939317,0.0,0.012785133383092617,0.0508326217950722,0.30176935125248106,0.3464644872536481,0.4166666666666667
bulk,lucb,45,60.0,60.0,0.04709250600717496,0.00014259203453548253,1.4260788648084761,0.17077981014696364,0.20938508282939317,0.0,0.012785133383092617,0.0508326217950722,0.29004555121293074,0.31210277073034104,0.5833333333333334
bulk,lucb,45,120.0,120.0,0.09308710500772577,0.00028854003903688863,1.4272879064473099,0.17077981014696364,0.20938508282939317,0.0,0.012785133383092617,0.0508326217950722,0.28915476085052283,0.30093089450513727,0.5833333333333334
bulk,lucb,45,180.0,180.0,0.13751271999353776,0.0004193090644548647,1.4367505550937645,0.17077981014696364,0.20938508282939317,0.0,0.012785133383092617,0.0508326217950722,0.2901289225219175,0.2840256341231402,0.75
bulk,lucb,45,240.0,240.0,0.18823257199983345,0.0005993430604576133,1.4206107970821673,0.17077981014696364,0.20938508282939317,0.0,0.012785133383092617,0.0508326217950722,0.2880710807896957,0.27002181691225036,0.75
bulk,lucb,46,30.0,30.0,0.020623030985007063,4.656502278521657e-05,1.3507693731090447,0.0,0.09597551314029962,0.09934332713723715,0.07357813028199134,0.0709974626406581,0.30191850144726146,0.33230952289205995,0.6666666666666666
bulk,lucb,46,60.0,60.0,0.04111006101447856,9.15170312509872e-05,1.330940937982472,0.0,0.09597551314029962,0.082600186713495,0.05688396899602044,0.02170091555721365,0.30607911746146427,0.29363237111867074,0.6666666666666666
bulk,lucb,46,120.0,120.0,0.08058669599995483,0.00017849205323727801,1.3150578604946566,0.0,0.002321576897565847,0.0,0.0,0.02170091555721365,0.23245602253742792,0.2723458099107081,0.6666666666666666
bulk,lucb,46,180.0,180.0,0.11977943097735988,0.0002637770667206496,1.2968709226619028,0.0,0.002321576897565847,0.0,0.0,0.02170091555721365,0.22296235970338177,0.24124146788967896,0.75
bulk,lucb,46,240.0,240.0,0.15937910100183217,0.00034072704147547483,1.296746823091558,0.0,0.002321576897565847,0.0,0.0,0.02170091555721365,0.2223567718510191,0.23712118943006044,0.75
bulk,lucb,47,30.0,30.0,0.022464295012468938,4.852898564422503e-05,1.833021719417039,0.7231638647040335,0.2208040968511058,0.15918425031781902,0.0,0.0,1.0216713490287657,0.4249311606455709,0.5833333333333334
bulk,lucb,47,60.0,60.0,0.04612370302493218,0.00012764197890646756,1.8178797424143978,0.7231638647040335,0.2208040968511058,0.15918425031781902,0.0,0.0,1.0215398032614242,0.40389231101242734,0.75
bulk,lucb,47,120.0,120.0,0.08956277203105856,0.00024063496675807983,1.727716265837835,0.7231638647040335,0.2208040968511058,0.15918425031781902,0.0,0.0,1.0154263631328988,0.3395061034400188,0.8333333333333334
bulk,lucb,47,180.0,180.0,0.13739501302916324,0.0004022619250463322,1.60895065509588,0.36134131335136177,0.0,0.15727583568523507,0.0,0.008306529017022335,0.5734463858850628,0.29687108094687625,0.9166666666666666
bulk,lucb,47,240.0,240.0,0.18065259906143183,0.0005123799346620217,1.587566865017034,0.36134131335136177,0.0,0.0,0.0,0.0,0.5243339677820484,0.2910895119401484,0.9166666666666666
bulk,lucb,48,30.0,30.0,0.016298765011015348,2.8482994821388274e-05,1.2689197471576763,0.7575542013159398,0.28190040006274275,0.10821558104922091,1.1102230246251565e-16,0.02177674236780014,0.9738962202038524,0.3730717085573473,0.5
bulk,lucb,48,60.0,60.0,0.03270279600110371,5.8956014981959015e-05,1.2285177714744815,0.7575542013159398,0.28190040006274275,0.10821558104922091,1.1102230246251565e-16,1.1102230246251565e-16,0.9748146576750266,0.35825070122486197,0.75
bulk,lucb,48,120.0,120.0,0.06485404503473546,0.00011652700777631253,1.217518532136772,0.7575542013159398,0.28190040006274275,0.10821558104922091,1.1102230246251565e-16,1.1102230246251565e-16,0.9744984944484631,0.3405087023206585,0.75
bulk,lucb,48,180.0,180.0,0.09618582003895426,0.00017106299492297694,1.2046864757198361,0.7575542013159398,0.28190040006274275,0.10821558104922091,1.1102230246251565e-16,1.1102230246251565e-16,0.9730728898961382,0.33652164744737645,0.8333333333333334
bulk,lucb,48,240.0,240.0,0.12763849005568773,0.0002328530463273637,1.2741727224553725,0.0,0.0,0.0,0.0,0.0,0.7543907196287544,0.1956109880318314,0.9166666666666666
bulk,lucb,49,30.0,30.0,0.01634984099655412,3.5063996620010585e-05,1.5025137968633342,0.0,0.0,0.0,0.0,0.0,0.1256510446758972,0.20782647867769924,0.75
bulk,lucb,49,60.0,60.0,0.03294462497433415,7.27629812899977e-05,1.4804235171405857,0.0,0.0,0.0,0.0,0.0,0.10269755981799178,0.1726675659584199,0.8333333333333334
bulk,lucb,49,120.0,120.0,0.0637049989454681,0.00012836795940529555,1.463989827742273,0.0,0.06462219251272905,0.0,0.0,0.0,0.18689105445352633,0.1805625814956191,0.9166666666666666
bulk,lucb,49,180.0,180.0,0.09474740095902234,0.00019119592616334558,1.455121037986401,0.0,0.06462219251272905,0.0,0.0,0.0,0.18032756015138884,0.15672439477099753,1.0
bulk,lucb,49,240.0,240.0,0.12668368101731176,0.0002576928891357966,1.443779127852533,0.0,0.06462219251272905,0.0,0.0,0.0,0.22185870761566587,0.14822036663994814,1.0
bulk,lucb@gamma-poisson,0,30.0,30.0,0.005495586978213396,2.336297620786354e-05,1.7175295166267919,0.11699761815798104,0.0,0.0,0.0968156002288294,0.17416363986753602,0.4049174614304935,0.3793796696227791,0.6666666666666666
bulk,lucb@gamma-poisson,0,60.0,60.0,0.010794561989314388,4.426095983944833e-05,1.7678675879619667,0.11699761815798104,0.0,0.0,0.0968156002288294,0.08638835723130112,0.4163888236607606,0.401190408333096,0.8333333333333334
bulk,lucb@gamma-poisson,0,120.0,120.0,0.021473470973432995,8.274399442598224e-05,1.5201017727648833,0.0,0.0,0.0,0.0,0.05489967823244424,0.23254151145990473,0.2518440337953519,0.8333333333333334
bulk,lucb@gamma-poisson,0,180.0,180.0,0.032141718969796784,0.0001233129733009264,1.4430008299840063,0.0,0.0,0.0,0.0,0.05489967823244424,0.22224673353083846,0.21712048435940204,0.8333333333333334
bulk,lucb@gamma-poisson,0,240.0,240.0,0.042693458948633634,0.00016153196338564157,1.4089873617608797,0.11699761815798104,0.0,0.0,0.0,0.0,0.18506121749786061,0.21019918286856057,0.8333333333333334
bulk,lucb@gamma-poisson,1,30.0,30.0,0.005407889977504965,2.0897015929222107e-05,1.2298302806799022,0.3776667770701083,0.11081837190545385,0.0,0.011172001678627974,0.04588483826249723,0.5001397673295191,0.2939157159538725,0.6666666666666666
bulk,lucb@gamma-poisson,1,60.0,60.0,0.010944245972495992,4.226600140100345e-05,1.2519314125811272,0.3776667770701083,0.11081837190545385,0.0,0.011172001678627974,0.04409128590016276,0.5106179889316026,0.3196366585089582,0.8333333333333334
bulk,lucb@gamma-poisson,1,120.0,120.0,0.021657944955222774,8.014298509806395e-05,1.2425467808011341,0.3776667770701083,0.11081837190545385,0.0,0.011172001678627974,0.04409128590016276,0.5096559347834466,0.29949646236914634,0.9166666666666666
bulk,lucb@gamma-poisson,1,180.0,180.0,0.0325406819320051,0.00011747097596526146,1.2145546704393806,0.3776667770701083,0.11081837190545385,0.0,0.011172001678627974,0.0,0.5067183589435107,0.2716181806827974,1.0
bulk,lucb@gamma-poisson,1,240.0,240.0,0.04348573092283914,0.00015505996270803735,1.2097068149485164,0.3776667770701083,0.11081837190545385,0.0,0.011172001678627974,0.0,0.5066928243912249,0.27424088818482334,1.0
bulk,lucb@gamma-poisson,2,30.0,30.0,0.005669204991136212,2.5768000341486186e-05,1.3651519357032642,0.11725033819348041,0.0,0.02910839710805624,0.11077233520436336,0.12194265866623022,0.3581987531086111,0.4932873649739683,0.5
bulk,lucb@gamma-poisson,2,60.0,60.0,0.011037035001209006,4.771302337758243e-05,1.2984260758132027,0.11725033819348041,0.0,0.02910839710805624,0.06632239671445872,0.01944364833435641,0.31081418312049597,0.42175420461771707,0.8333333333333334
bulk,lucb@gamma-poisson,2,120.0,120.0,0.021880894972127862,8.943503053160384e-05,1.2508133876953196,0.11725033819348041,0.0,0.02910839710805624,0.06632239671445872,0.01944364833435641,0.22040970427567286,0.3832703495060876,1.0
bulk,lucb@gamma-poisson,2,180.0,180.0,0.03292594498634571,0.00013295702956384048,1.1879384701360125,0.11725033819348041,0.0,0.02910839710805624,0.06632239671445872,0.01944364833435641,0.20087670148783446,0.30159309114391764,1.0
bulk,lucb@gamma-poisson,2,240.0,240.0,0.0437889219756471,0.00017518804816063493,1.1538730357185727,0.11725033819348041,0.0,0.07367704239226003,0.04011968012814093,0.01944364833435641,0.16176874020837018,0.29241896332818035,1.0
bulk,lucb@gamma-poisson,3,30.0,30.0,0.005592497007455677,2.169700019294396e-05,1.9132465268259855,0.0,0.16184653867216436,0.0,0.0,0.0,0.7321060243410653,0.21313810016143547,0.75
bulk,lucb@gamma-poisson,3,60.0,60.0,0.011178264023328666,4.2613988625817e-05,1.8729446587873457,0.0,0.0,0.0,0.019376008584405358,0.0,0.6874548771665921,0.21631447922360209,0.75
bulk,lucb@gamma-poisson,3,120.0,120.0,0.022375378059223294,8.467398583889008e-05,1.8933408987431568,0.0,0.0,0.0,0.019376008584405358,0.0,0.6962827583658324,0.23863497164786668,0.75
bulk,lucb@gamma-poisson,3,180.0,180.0,0.03369390408624895,0.00012818297545891255,1.9104960668749682,0.0,0.0,0.0,0.019376008584405358,0.0,0.6959932169326782,0.2568924156080201,0.75
bulk,lucb@gamma-poisson,3,240.0,240.0,0.04462417407921748,0.0001671589707257226,1.8991775750885396,0.0,0.0,0.0,0.019376008584405358,0.0,0.6706431386582254,0.2917921541987847,0.8333333333333334
bulk,lucb@gamma-poisson,4,30.0,30.0,0.005742012006521691,2.1734987967647612e-05,1.8760739809047398,0.09546082567376357,0.2407912274813907,0.0,0.0,0.0006204992361537043,0.5248570034366613,0.23826797499880534,0.5833333333333334
bulk,lucb@gamma-poisson,4,60.0,60.0,0.011341333025484346,4.3422980525065213e-05,1.9196818449943798,0.09546082567376357,0.2407912274813907,0.0,0.0,0.0006204992361537043,0.5275747619758229,0.298991205640527,0.5833333333333334
bulk,lucb@gamma-poisson,4,120.0,120.0,0.02233035403332906,8.590796642238274e-05,1.7570529073589711,0.0,0.0,0.0,0.0,0.0006204992361537043,0.2915318915240487,0.2736510760339375,0.75
bulk,lucb@gamma-poisson,4,180.0,180.0,0.03334705503220903,0.0001251499998033978,1.7535589745940448,0.0,0.0,0.0,0.0,0.0006204992361537043,0.29970663455656177,0.27512204833093196,0.75
bulk,lucb@gamma-poisson,4,240.0,240.0,0.04420163606846472,0.00016226497245952487,1.7669028692681665,0.0,0.0,0.0,0.0,0.0006204992361537043,0.30111461758997027,0.29567742401224506,0.75
bulk,lucb@gamma-poisson,5,30.0,30.0,0.005713975020626094,2.2809996153227985e-05,2.283224195260382,0.0,0.1736659975358592,0.24257994236253966,0.2949664566245249,0.2649217429538262,0.9688856224517687,0.5289480001290012,0.75
bulk,lucb@gamma-poisson,5,60.0,60.0,0.011314866031170823,4.4338012230582535e-05,2.1549229327585633,0.0,0.1736659975358592,0.23626885902160322,0.23037370246295918,0.2649217429538263,0.5554232986827152,0.44749002750924965,0.8333333333333334
bulk,lucb@gamma-poisson,5,120.0,120.0,0.022357332047249656,8.504599827574566e-05,1.8905910235768728,0.0,0.14789855749189662,0.22284647515286382,0.12380521704431702,0.126549971861472,0.44551832823796467,0.32875761505676276,0.8333333333333334
bulk,lucb@gamma-poisson,5,180.0,180.0,0.03341606004687492,0.0001245479579665698,1.8625037973963927,0.0,0.14789855749189662,0.10327030495637379,0.11514589911992557,0.02305905005392761,0.42761005221515136,0.32230968379313163,0.8333333333333334
bulk,lucb@gamma-poisson,5,240.0,240.0,0.044302898095338605,0.00016184999549295753,1.8304167883858875,0.0,0.15613940335401122,0.10958138829731023,0.02567417159383567,0.038414365202592116,0.3980876413351357,0.3123786880647544,0.8333333333333334
bulk,lucb@gamma-poisson,6,30.0,30.0,0.005761869018897414,2.3286003852263093e-05,1.2560720728539037,0.7918097810638622,0.0780754520573207,0.0,0.0,0.028754561958456826,0.5726909162976864,0.42137205212509937,0.5
bulk,lucb@gamma-poisson,6,60.0,60.0,0.01130631299020024,4.468599217943847e-05,1.2039532515389681,0.7918097810638622,0.0780754520573207,0.0,0.0,0.0,0.5259012807291928,0.3860104162696756,0.75
bulk,lucb@gamma-poisson,6,120.0,120.0,0.022488103037176188,8.567098120693117e-05,1.2164466283274962,0.7918097810638622,0.0780754520573207,0.0,0.0,0.0,0.5258688476886612,0.37770389629799106,0.8333333333333334
bulk,lucb@gamma-poisson,6,180.0,180.0,0.0335805150680244,0.00012633298319997266,1.1939152416563985,0.0,0.0780754520573207,0.0,0.0,0.0,0.35010631014484267,0.34726031333525653,0.9166666666666666
bulk,lucb@gamma-poisson,6,240.0,240.0,0.04454484605957987,0.00016555398178752512,1.1649064031636487,0.0,0.0780754520573207,0.0,0.0,0.0,0.32857543473842066,0.2812502744226276,1.0
bulk,lucb@gamma-poisson,7,30.0,30.0,0.00628090698592132,2.5818000722210854e-05,1.8100945996064735,0.0,0.11078645016984656,0.0,0.016397710014314115,0.0,0.354144294104278,0.1758980295491157,0.75
bulk,lucb@gamma-poisson,7,60.0,60.0,0.015700930955063086,6.636000762227923e-05,1.8383159343436055,0.0,0.11078645016984656,0.0,0.016397710014314115,0.08489528386908263,0.3750161596911337,0.18965415391946888,0.8333333333333334
bulk,lucb@gamma-poisson,7,120.0,120.0,0.03469613695779117,0.00014906501746736467,1.768521476991234,0.0,0.11078645016984656,0.0,0.0,0.0,0.361403717629252,0.1772617998184933,0.8333333333333334
bulk,lucb@gamma-poisson,7,180.0,180.0,0.05379668594105169,0.00023184001474874094,1.7241838302878048,0.0,0.0,0.0,0.0,0.0,0.28179611619479045,0.15640154047675142,0.8333333333333334
bulk,lucb@gamma-poisson,7,240.0,240.0,0.06505565492989263,0.00027139997109770775,1.702729865631192,0.0,0.0,0.0,0.0,0.0,0.281011904886179,0.1434808362817315,0.8333333333333334
bulk,lucb@gamma-poisson,8,30.0,30.0,0.00571794302231865,2.279697946505621e-05,1.6942681878439176,0.0,0.0,0.0,0.0,0.0,0.8690722744052869,0.294754084409562,0.5833333333333334
bulk,lucb@gamma-poisson,8,60.0,60.0,0.011241405038163066,4.373796400614083e-05,1.6634090324132407,0.0,0.0,0.0,0.0,0.0,0.8522524469983812,0.2820392598115125,0.5833333333333334
bulk,lucb@gamma-poisson,8,120.0,120.0,0.02294620400061831,8.757594332564622e-05,1.668000906247447,0.0,0.0,0.0,0.0,0.001516865806217238,0.8506203619599282,0.2957502649556913,0.5833333333333334
bulk,lucb@gamma-poisson,8,180.0,180.0,0.034697648021392524,0.00012933489779243246,1.662595544565345,0.0,0.0,0.0,0.0,0.001516865806217238,0.8497278252797332,0.2845443863675823,0.5833333333333334
bulk,lucb@gamma-poisson,8,240.0,240.0,0.04565209297288675,0.00016948587290244177,1.656217826099773,0.0,0.0,0.0,0.0,0.001516865806217238,0.8493492770296083,0.27536534138245944,0.5833333333333334
bulk,lucb@gamma-poisson,9,30.0,30.0,0.005695264997484628,2.3101019905880094e-05,2.253368491919027,0.0,0.1764281658861907,0.08611361017936259,0.07582669895769878,0.13179089880080164,1.0019467835646545,0.5365631996777853,0.75
bulk,lucb@gamma-poisson,9,60.0,60.0,0.01138110899773892,4.493103187996894e-05,2.1215338318660533,0.0,0.1764281658861907,0.08611361017936259,0.07582669895769878,0.11335338198109368,0.9478102544130167,0.5093690906120563,0.8333333333333334
bulk,lucb@gamma-poisson,9,120.0,120.0,0.022503053980472032,8.73970493557863e-05,2.0552384973509072,0.0,0.1764281658861907,0.08611361017936259,0.07582669895769878,0.11335338198109368,0.8875662774014191,0.4868533744835555,0.8333333333333334
bulk,lucb@gamma-poisson,9,180.0,180.0,0.03371558596700197,0.000129579049826134,2.1067856415697817,0.0,0.0,0.08611361017936259,0.07582669895769878,0.06501373690925805,0.897778710948838,0.48722553660564305,0.9166666666666666
bulk,lucb@gamma-poisson,9,240.0,240.0,0.04572476191970054,0.0001727770286379382,2.0371754098730586,0.0,0.0,0.08611361017936259,0.07582669895769878,0.06501373690925805,0.885584170092117,0.4677351693833515,0.9166666666666666
bulk,lucb@gamma-poisson,10,30.0,30.0,0.0057392410017200746,2.2819978767074645e-05,2.2425537013524486,0.5573707674086739,0.6668542189004015,0.6334852242153166,0.1259582706490845,0.0847751182766191,1.448903366529997,0.4647146569235309,0.6666666666666666
bulk,lucb@gamma-poisson,10,60.0,60.0,0.01137589698919328,4.365597851574421e-05,2.2024773433687383,0.5573707674086739,0.6668542189004015,0.10078192224403515,0.0904533268752673,0.0847751182766191,1.326280443370529,0.4476794700573498,0.75
bulk,lucb@gamma-poisson,10,120.0,120.0,0.022293089008599054,8.338195766555145e-05,1.9878133328783065,0.5573707674086739,0.0,0.04921843374333046,0.044174302062765514,0.0,1.2703604170820024,0.33593220683988356,0.75
bulk,lucb@gamma-poisson,10,180.0,180.0,0.033404885019990616,0.00012627099204109982,1.7018920352917728,0.5573707674086739,0.0,0.0,0.0355049437738173,0.0,0.888268070373996,0.2928514379440423,0.75
bulk,lucb@gamma-poisson,10,240.0,240.0,0.0441943260084372,0.00016353599494323134,1.7023034109224506,0.5573707674086739,0.0,0.0,0.0,0.0,0.8853250203519203,0.26957751341126696,0.9166666666666666
bulk,lucb@gamma-poisson,11,30.0,30.0,0.005739299980632495,2.1871004719287157e-05,1.4030674934827656,0.0,0.0,0.0,0.029178340671608294,0.0,0.6557250403085735,0.36465681726071064,0.8333333333333334
bulk,lucb@gamma-poisson,11,60.0,60.0,0.011140145987155847,4.0875020204111934e-05,1.3741819041847643,0.0,0.0,0.0,0.0,0.0,0.6538157081116505,0.3228785217237793,0.8333333333333334
bulk,lucb@gamma-poisson,11,120.0,120.0,0.021872150027775206,7.905404345365241e-05,1.34096654427727,0.0,0.0,0.0,0.0,0.0,0.6749684204828402,0.31722945268309694,0.8333333333333334
bulk,lucb@gamma-poisson,11,180.0,180.0,0.03264251501968829,0.00011657707364065573,1.349336970898393,0.0,0.0,0.0,0.0,0.0,0.6750184157275531,0.35066254356055254,0.9166666666666666
bulk,lucb@gamma-poisson,11,240.0,240.0,0.043556418975640554,0.000159652074216865,1.3428795241281737,0.0,0.0,0.0,0.0,0.0,0.6736332983919888,0.3380865638828069,0.9166666666666666
bulk,lucb@gamma-poisson,12,30.0,30.0,0.007497778016841039,3.5119010135531425e-05,1.5536985730550195,0.0,0.02299292658626495,0.033539840975024715,0.030681313338116856,0.06308712783857884,0.708304801576039,0.4281910807651955,0.6666666666666666
bulk,lucb@gamma-poisson,12,60.0,60.0,0.015730211016489193,7.751702651148662e-05,1.5597271129259453,0.0,0.02299292658626495,0.033539840975024715,0.030681313338116856,0.029486863712947953,0.7080718063482011,0.4091143511168434,0.75
bulk,lucb@gamma-poisson,12,120.0,120.0,0.03590121804154478,0.00020309901447035372,1.3805285422874158,0.0,0.02299292658626495,0.021748017796422436,0.030681313338116856,0.029486863712947953,0.5022797156074748,0.26452341253745776,0.8333333333333334
bulk,lucb@gamma-poisson,12,180.0,180.0,0.05164077805238776,0.00026921602693619207,1.3901668206842344,0.0,0.02299292658626495,0.021748017796422436,0.0,0.0002735985802798657,0.5111871027513382,0.2617593684407794,0.8333333333333334
bulk,lucb@gamma-poisson,12,240.0,240.0,0.06590069006779231,0.0003251480229664594,1.3777688694829937,0.0,0.02299292658626495,0.021748017796422436,0.0,0.0,0.5108716953330654,0.2529043463055467,0.8333333333333334
bulk,lucb@gamma-poisson,13,30.0,30.0,0.007332265995501075,2.9986003937665373e-05,1.6874049901626094,0.6237850926161117,0.0,0.0,0.0,0.0014159229476433666,0.45191859349279834,0.25625371266440844,0.75
bulk,lucb@gamma-poisson,13,60.0,60.0,0.015001797008153517,6.045201007509604e-05,1.6840295630425803,0.6237850926161117,0.0,0.0,0.022218475058408682,0.0014159229476433666,0.4496378582373802,0.23959608787322753,0.8333333333333334
bulk,lucb@gamma-poisson,13,120.0,120.0,0.030307735032693017,0.0001244260201929137,1.5927256202984978,0.0,0.0,0.037574981968373056,0.02221847505840857,0.0014159229476432555,0.27718686389667896,0.17350712934072093,0.9166666666666666
bulk,lucb@gamma-poisson,13,180.0,180.0,0.04819813698850339,0.0002136630573659204,1.5992265172266933,0.0,0.0,0.037574981968373056,0.03215692300093265,0.0014159229476432555,0.282108876398554,0.17777384454798625,0.9166666666666666
bulk,lucb@gamma-poisson,13,240.0,240.0,0.06426528400334064,0.0002840350061887875,1.5674701416350894,0.0,0.0,0.011612958187048106,0.0,0.0014159229476433666,0.2536331243525045,0.15806969729507975,1.0
bulk,lucb@gamma-poisson,14,30.0,30.0,0.005721797009755392,2.5264009309466928e-05,2.3334346663336123,0.0,0.0,0.058714772730590004,0.055609104367644324,0.003921527060101182,1.950407004678781,0.34771433548032776,0.6666666666666666
bulk,lucb@gamma-poisson,14,60.0,60.0,0.011299099009193014,4.784501652466133e-05,2.1411772273528715,0.0,0.0,0.0,0.0,0.003921527060101182,1.0084177699116106,0.2916041074942987,0.75
bulk,lucb@gamma-poisson,14,120.0,120.0,0.022303196026769,9.298200166085735e-05,2.04214560013266,0.0,0.0,0.0,0.0,0.0,0.9333483011552304,0.23363895264365267,0.8333333333333334
bulk,lucb@gamma-poisson,14,180.0,180.0,0.033189931033120956,0.00013235901133157313,2.065364564553302,0.0,0.0,0.0,0.0,0.0,0.9345344390922846,0.24526792053171428,0.8333333333333334
bulk,lucb@gamma-poisson,14,240.0,240.0,0.044145533014670946,0.000171892017533537,2.0725962130272353,0.0,0.0,0.0,0.0,0.0,0.9398798336826457,0.2535938776480676,0.8333333333333334
bulk,lucb@gamma-poisson,15,30.0,30.0,0.0056178400191129185,2.184798358939588e-05,1.89687704788808,0.0,0.24209756648835568,0.0,0.009728346372479213,0.0,0.8870177080275613,0.2783925440541904,0.5833333333333334
bulk,lucb@gamma-poisson,15,60.0,60.0,0.011159519031934906,4.290194920031354e-05,1.8706625628028941,0.0,0.0,0.0,0.009728346372479213,0.0,0.8414658342625825,0.30954921982323264,0.75
bulk,lucb@gamma-poisson,15,120.0,120.0,0.02211945906310575,8.263992640422657e-05,1.8414610935038997,0.0,0.0,0.0,0.009728346372479213,0.0,0.8451434850251254,0.23148654925853787,0.75
bulk,lucb@gamma-poisson,15,180.0,180.0,0.033056766078516375,0.0001235779418493621,1.8481997725303694,0.0,0.0,0.0,0.009728346372479213,0.0,0.8554004385589015,0.2137484279331201,0.8333333333333334
bulk,lucb@gamma-poisson,15,240.0,240.0,0.044068924100429285,0.00016440895706182346,1.8435789684511363,0.0,0.0,0.0,0.009728346372479213,0.0,0.8543930395823544,0.20149243409898215,0.8333333333333334
bulk,lucb@gamma-poisson,16,30.0,30.0,0.005676149965438526,2.3062988475430757e-05,1.4887808218383887,0.0,0.0,0.0,0.0,0.009429933723281603,0.419761552644818,0.4037097606593506,0.5
bulk,lucb@gamma-poisson,16,60.0,60.0,0.011261293991992716,4.377701407065615e-05,1.4567388545340563,0.0,0.0,0.0,0.0,0.0,0.4165137949755148,0.35793727688481275,0.6666666666666666
bulk,lucb@gamma-poisson,16,120.0,120.0,0.022192534008354414,8.330199489137158e-05,1.4377446518492587,0.0,0.0,0.0,0.0,0.0,0.4322868107614704,0.31065778775952924,0.8333333333333334
bulk,lucb@gamma-poisson,16,180.0,180.0,0.03351144801126793,0.00012461299047572538,1.350539162778041,0.0,0.0,0.0,0.0,0.0,0.2969564644042787,0.2789048855818496,0.9166666666666666
bulk,lucb@gamma-poisson,16,240.0,240.0,0.04487472903565504,0.0001650930498726666,1.3533797854732244,0.0,0.0,0.0,0.0,0.0,0.2970499152054923,0.2708590411986282,0.9166666666666666
bulk,lucb@gamma-poisson,17,30.0,30.0,0.005612433000351302,2.157601556973532e-05,1.6331544812964562,0.20249151316651715,0.34805393084538316,0.16623504742303774,0.07952195499347292,1.1102230246251565e-16,0.803195335614205,0.4309716982596904,0.4166666666666667
bulk,lucb@gamma-poisson,17,60.0,60.0,0.011210844990273472,4.782301402883604e-05,1.496654080742376,0.20249151316651715,0.024605312603953156,0.0,0.0,0.0,0.5405938578149383,0.36048783579487076,0.75
bulk,lucb@gamma-poisson,17,120.0,120.0,0.02203848100907635,8.582998998463154e-05,1.4543562408721689,0.20249151316651715,0.024605312603953156,0.0,0.0,0.0,0.5322590571458865,0.3566436889346088,0.75
bulk,lucb@gamma-poisson,17,180.0,180.0,0.03284392501518596,0.00012386699381750077,1.4334150265603895,0.20249151316651715,0.024605312603953156,0.0,0.0,0.0,0.531018860821137,0.3448608096428729,0.8333333333333334
bulk,lucb@gamma-poisson,17,240.0,240.0,0.04408923902519746,0.0001643579889787361,1.4026231569643317,0.0,0.0,0.04945307377923669,0.0,0.0,0.1320787980696445,0.3359332856839117,0.8333333333333334
bulk,lucb@gamma-poisson,18,30.0,30.0,0.00749244599865051,3.623300290200859e-05,0.8706215195623385,0.40356190241806267,0.28205410232321504,0.0,0.07569949958155009,0.07134126391782347,0.13969959375751517,0.38945797314735575,0.5
bulk,lucb@gamma-poisson,18,60.0,60.0,0.014588709993404336,6.474400288425386e-05,0.8325801565969733,0.0,0.0,0.21062660962019697,0.24105413181974422,0.07134126391782347,0.09521825209920194,0.3718145073746736,0.75
bulk,lucb@gamma-poisson,18,120.0,120.0,0.030266839981777593,0.00013980006042402238,0.8103565738603763,0.0,0.0,0.187039397363017,0.054846915242110716,-2.220446049250313e-16,0.08640353776094971,0.32096939558742893,0.9166666666666666
bulk,lucb@gamma-poisson,18,180.0,180.0,0.04476624799281126,0.0002049350950983353,0.7877151640274623,0.0,0.0,0.0,0.05484691524211083,0.0,0.0784676840889713,0.31433357251564137,0.9166666666666666
bulk,lucb@gamma-poisson,18,240.0,240.0,0.0594800769831636,0.0002699680990190245,0.7757345440347437,0.0,0.0,0.0,0.0,0.0,0.07263805161255689,0.2941678069447347,1.0
bulk,lucb@gamma-poisson,19,30.0,30.0,0.01114472902554553,7.360897870967165e-05,1.9390144503063578,0.013624656549291458,0.19290162703960656,0.22655612141004122,0.2139297597707296,0.0,0.6514935255717523,0.3100983075962757,0.6666666666666666
bulk,lucb@gamma-poisson,19,60.0,60.0,0.01966225002252031,0.00011984098091488704,1.8918734852292314,0.013624656549291458,0.2969081180605402,0.07936228676093804,0.0,0.0,0.5791340950013177,0.2933108108103919,0.6666666666666666
bulk,lucb@gamma-poisson,19,120.0,120.0,0.03752655500284163,0.00021721996017731726,1.929515802733647,0.38317503566299904,0.19290162703960656,0.22655612141004122,0.0,0.0,0.6643213376173538,0.3027498896509591,0.6666666666666666
bulk,lucb@gamma-poisson,19,180.0,180.0,0.05827127297379775,0.0003224839674658142,1.9056447650771162,0.38317503566299904,0.19290162703960656,0.22655612141004122,0.0,0.0,0.6199465204264775,0.30313299966092605,0.6666666666666666
bulk,lucb@gamma-poisson,19,240.0,240.0,0.0732416489336174,0.000388962980650831,1.8603374629486507,0.38317503566299904,0.19290162703960656,0.0,0.0,0.0,0.5550541305815229,0.2910707969535972,0.75
bulk,lucb@gamma-poisson,20,30.0,30.0,0.005629324019537307,2.165899786632508e-05,1.8912749202885297,0.0,0.21420036917432483,0.2262531946058336,0.029454721013035257,0.002555020552324039,1.0868372630406473,0.34177492367473183,0.6666666666666666
bulk,lucb@gamma-poisson,20,60.0,60.0,0.011141082031826954,4.335901758167893e-05,1.8347552083296323,0.0,0.0,0.0,0.01070172465259267,0.002555020552324039,0.8192732596390023,0.3420010324554673,0.8333333333333334
bulk,lucb@gamma-poisson,20,120.0,120.0,0.021976078031002544,8.356905891560018e-05,1.8052241314814446,0.0,0.0,0.0,0.01070172465259267,0.002555020552324039,0.7614905609272801,0.3554800296254698,0.9166666666666666
bulk,lucb@gamma-poisson,20,180.0,180.0,0.03283343200746458,0.00012279505608603358,1.676153540077965,0.0,0.0,0.0,0.01070172465259267,0.002555020552324039,0.7403050316217485,0.1611785336215836,0.9166666666666666
bulk,lucb@gamma-poisson,20,240.0,240.0,0.04398630299692741,0.00016385906201321632,1.6769578525080033,0.0,0.0,0.0,0.0,0.002555020552324039,0.7419336124670498,0.16495881331255877,0.9166666666666666
bulk,lucb@gamma-poisson,21,30.0,30.0,0.0058096050270251,2.4405009753536433e-05,1.3789065055711045,0.5066210951058145,0.2831579127290075,-2.220446049250313e-16,-2.220446049250313e-16,0.01923023052351991,0.7637067564627208,0.3700597398183321,0.5
bulk,lucb@gamma-poisson,21,60.0,60.0,0.011491390068840701,4.750902735395357e-05,1.375182290445456,0.21081780755083734,0.2831579127290075,-2.220446049250313e-16,-2.220446049250313e-16,-2.220446049250313e-16,0.5699111520643996,0.32269624558510723,0.6666666666666666
bulk,lucb@gamma-poisson,21,120.0,120.0,0.022191734067746438,8.575902757002041e-05,1.2012440011830847,0.0,0.16532876797195262,-2.220446049250313e-16,0.0,0.0,0.32850596652007097,0.24141280732906994,0.9166666666666666
bulk,lucb@gamma-poisson,21,180.0,180.0,0.03320413210167317,0.00012411202624207363,1.3156130514843856,0.5066210951058145,0.16532876797195262,-2.220446049250313e-16,0.0,0.0,0.6831472510880938,0.26787881760317006,1.0
bulk,lucb@gamma-poisson,21,240.0,240.0,0.04452888209198136,0.00016715704987291247,1.3092994843244241,0.5066210951058145,0.16532876797195262,-2.220446049250313e-16,0.0,0.0,0.6837143621855608,0.25217347489988917,1.0
bulk,lucb@gamma-poisson,22,30.0,30.0,0.008033367033931427,4.6754015784244984e-05,1.254924939509118,0.42337518303993493,0.0,0.0,0.01133212296564401,0.0,0.5395955061083293,0.28489355270460887,0.5
bulk,lucb@gamma-poisson,22,60.0,60.0,0.01847012001235271,0.00012288200377952307,1.1427593000083538,0.0,0.0,0.0,0.01133212296564401,0.0,0.18335516869300603,0.2258749009336369,0.75
bulk,lucb@gamma-poisson,22,120.0,120.0,0.03715646101773018,0.00022253001225180924,1.0886607238982535,0.0,0.0,0.01234057117962728,0.01133212296564401,0.0,0.13827742833911683,0.1862973161848164,0.9166666666666666
bulk,lucb@gamma-poisson,22,180.0,180.0,0.05166548401757609,0.0002844960181391798,1.082123045701277,0.0,0.0,0.0,0.01133212296564401,0.0,0.13236767996100018,0.19992364934893384,0.9166666666666666
bulk,lucb@gamma-poisson,22,240.0,240.0,0.06778359405143419,0.0003640240029199049,1.0880768016102038,0.0,0.0,0.0,0.01133212296564401,0.0,0.1367679643094253,0.21496238220454086,0.9166666666666666
bulk,lucb@gamma-poisson,23,30.0,30.0,0.010413605996291153,5.739201151300222e-05,1.829104108479494,0.13119808897110796,0.23705579967849544,0.22273245761862315,0.047122060983008085,0.14580058448623634,1.0721362202765714,0.4441232997660891,0.75
bulk,lucb@gamma-poisson,23,60.0,60.0,0.01983806397765875,0.00011275099677732214,1.7939304577871382,0.13119808897110796,0.23705579967849544,0.057648555700188675,0.05957974378947861,0.04575479888921663,1.0638120240198496,0.423556357199646,0.9166666666666666
bulk,lucb@gamma-poisson,23,120.0,120.0,0.035335025015228894,0.00018112398538505659,1.752249948115021,0.13119808897110796,0.0,0.057648555700188675,0.05957974378947861,0.04575479888921663,0.9664794770564413,0.3840190520003515,0.9166666666666666
bulk,lucb@gamma-poisson,23,180.0,180.0,0.04943933706817916,0.00024215901794377714,1.7658251436661632,0.13119808897110796,0.0,0.057648555700188675,0.05957974378947861,0.04575479888921663,0.9672792194424557,0.3982657627903829,0.9166666666666666
bulk,lucb@gamma-poisson,23,240.0,240.0,0.06355734207318164,0.00030284903186839074,1.7538473451926422,0.13119808897110796,0.0,0.057648555700188675,0.05957974378947861,0.04575479888921663,0.9665332192530859,0.38460861592466383,0.9166666666666666
bulk,lucb@gamma-poisson,24,30.0,30.0,0.008370576993911527,5.071001942269504e-05,1.382605553730872,0.0,0.2725634238699337,0.16317524349024215,0.13534423083561586,0.003800627514088273,0.35693900619190516,0.32065167539284756,0.8333333333333334
bulk,lucb@gamma-poisson,24,60.0,60.0,0.016255158981948625,9.04510379768908e-05,1.4044349020239455,0.0,0.2725634238699337,0.16317524349024215,0.11544615083914911,0.003800627514088273,0.403287034450955,0.3187853207303696,0.9166666666666666
bulk,lucb@gamma-poisson,24,120.0,120.0,0.031451330993149895,0.00015506500494666398,1.3100543500319584,0.0,0.0,0.0,0.0,0.0038006275140880508,0.19645882770760204,0.22760514108328142,0.9166666666666666
bulk,lucb@gamma-poisson,24,180.0,180.0,0.04609528903529281,0.0002154709945898503,1.3176878761277622,0.0,0.0,0.0,0.0,0.008394494848889433,0.19417181302059036,0.21689229192414078,0.9166666666666666
bulk,lucb@gamma-poisson,24,240.0,240.0,0.06220090400893241,0.00028865101194242015,1.3340651446282406,0.0,0.0,0.0,0.0,0.0038006275140880508,0.1950172899212749,0.23231248046020178,0.9166666666666666
bulk,lucb@gamma-poisson,25,30.0,30.0,0.00770088499848498,3.380700945854187e-05,2.1241825260736458,0.0,0.0,0.0,0.00881038569320014,0.0,0.7452452375070787,0.17988930087179406,0.6666666666666666
bulk,lucb@gamma-poisson,25,60.0,60.0,0.01579817601304967,7.16550275683403e-05,2.0378459356339325,0.0,0.0,0.04411445270867598,0.00881038569320014,0.0,0.7273028977403846,0.14294044495086336,0.6666666666666666
bulk,lucb@gamma-poisson,25,120.0,120.0,0.0311122210114263,0.0001394930441165343,1.971800385687036,0.0,0.0,0.0,0.00881038569320014,0.0,0.5551307638327955,0.1283481089164495,0.75
bulk,lucb@gamma-poisson,25,180.0,180.0,0.04552691902790684,0.0001943210736499168,1.9657375696857222,0.0,0.0,0.0,0.0,0.0,0.5558512056934257,0.13043749281199496,0.75
bulk,lucb@gamma-poisson,25,240.0,240.0,0.06021417203737656,0.00025262206327170134,1.965714675976333,0.0,0.0,0.0,0.0,0.0,0.5539163666420698,0.1284026970559325,0.75
bulk,lucb@gamma-poisson,26,30.0,30.0,0.006034006015397608,2.5054978323169053e-05,1.5107651460262934,0.4088566082894687,0.07803704856012417,0.0,0.0,0.048876935265202204,0.3238553607495946,0.47399226539934347,0.75
bulk,lucb@gamma-poisson,26,60.0,60.0,0.011544729029992595,4.5401968236546963e-05,1.397026759618811,0.0,0.07803704856012417,0.0,0.0,0.0,0.21668661465445127,0.4040123493645883,0.75
bulk,lucb@gamma-poisson,26,120.0,120.0,0.022378789028152823,8.506096492055804e-05,1.3298913068358484,0.0,0.07803704856012417,0.0,0.0,0.0,0.15509453756599464,0.3477100300273395,0.9166666666666666
bulk,lucb@gamma-poisson,26,180.0,180.0,0.033094800033723004,0.00012487097410485148,1.3293286692633786,0.0,0.0,0.0,0.0,0.0,0.14374504076509478,0.30683345826750996,0.9166666666666666
bulk,lucb@gamma-poisson,26,240.0,240.0,0.044318195039522834,0.00016832997789606452,1.3042001271302497,0.0,0.0,0.0,0.0,0.0,0.14253277069989806,0.2903247346871459,0.9166666666666666
bulk,lucb@gamma-poisson,27,30.0,30.0,0.007155547005822882,3.550700785126537e-05,2.107442423882798,0.0,0.0,0.0,0.0,0.02257782182154644,0.6141544451678553,0.3307141083806166,0.6666666666666666
bulk,lucb@gamma-poisson,27,60.0,60.0,0.01384142001188593,6.605200906051323e-05,2.1199147584354807,0.0,0.0,0.0,0.0,0.02257782182154644,0.6262835091796213,0.3309904211964574,0.6666666666666666
bulk,lucb@gamma-poisson,27,120.0,120.0,0.02523994898365345,0.00011211899254703894,2.0837911696149782,0.0,0.0,0.0,0.0,0.02257782182154644,0.5916979519833191,0.3322693222893018,0.6666666666666666
bulk,lucb@gamma-poisson,27,180.0,180.0,0.03605623096518684,0.00015027495101094246,2.0870089105427754,0.0,0.0,0.0,0.0,0.01441429113957493,0.5857232732656535,0.3338649633913615,0.6666666666666666
bulk,lucb@gamma-poisson,27,240.0,240.0,0.04726582596777007,0.00019277099636383355,1.9790143509445342,0.0,0.0,0.0,0.0,0.0,0.512918288877629,0.3142503690051922,0.6666666666666666
bulk,lucb@gamma-poisson,28,30.0,30.0,0.005787125017377548,2.2720996639691293e-05,2.037346579118932,0.3499674365601617,0.062279563575025176,0.013892072926463883,0.0,0.0,1.4166502469305151,0.28031247863540526,0.75
bulk,lucb@gamma-poisson,28,60.0,60.0,0.011320085010083858,4.421999619808048e-05,2.0285937390214297,0.3499674365601617,0.062279563575025176,0.013892072926463883,0.0,0.0,1.4153790456090065,0.3268723487813987,0.75
bulk,lucb@gamma-poisson,28,120.0,120.0,0.02227711703744717,8.504098514094949e-05,2.0035835876511823,0.3499674365601617,0.062279563575025176,0.013892072926463883,0.10747216362649081,-2.220446049250313e-16,1.4046937738488614,0.2975583825784077,0.8333333333333334
bulk,lucb@gamma-poisson,28,180.0,180.0,0.033225392042368185,0.00012468796921893954,1.9526998581859754,0.3499674365601617,0.062279563575025176,0.013892072926463883,0.0,0.0,1.3910078740897776,0.2495381432428063,0.8333333333333334
bulk,lucb@gamma-poisson,28,240.0,240.0,0.04486569409345975,0.00017034194752341136,1.948006725276314,0.3499674365601617,0.062279563575025176,0.013892072926463883,0.0,0.0,1.3901655476649795,0.2363900997212675,0.8333333333333334
bulk,lucb@gamma-poisson,29,30.0,30.0,0.006226844008779153,2.5623994588386267e-05,1.8741875870594529,0.0,0.0,0.03194717220836074,0.02762468593994405,0.0,0.615068614182949,0.42729602411433015,0.6666666666666666
bulk,lucb@gamma-poisson,29,60.0,60.0,0.011706805998983327,4.5497974497266114e-05,1.7809430048918522,0.0,0.0,0.03194717220836074,0.02698612583548532,0.0,0.5064296678261505,0.3987791346444213,0.6666666666666666
bulk,lucb@gamma-poisson,29,120.0,120.0,0.022815580952737946,8.455799252260476e-05,1.778644736691018,0.0,0.0,0.03194717220836074,0.02762468593994405,0.0,0.48940146713335014,0.3959738349782565,0.6666666666666666
bulk,lucb@gamma-poisson,29,180.0,180.0,0.033742924984835554,0.0001227070315508172,1.686405624165339,0.0,0.0,0.0007384767981392093,0.02762468593994405,0.0,0.2172310204662662,0.3810321710417449,0.6666666666666666
bulk,lucb@gamma-poisson,29,240.0,240.0,0.04468204898876138,0.00016044098447309807,1.6925124051341298,0.0,0.0,0.03194717220836074,0.02698612583548532,0.0,0.24176907391280872,0.3820777844682883,0.6666666666666666
bulk,lucb@gamma-poisson,30,30.0,30.0,0.008321372988575604,4.0692022594157606e-05,2.0509401547880386,0.0,0.0,0.004243958624088107,0.018905881100813926,0.024400912098579086,1.2121473393876585,0.35746162051414043,0.5
bulk,lucb@gamma-poisson,30,60.0,60.0,0.018125586968380958,8.633102697785944e-05,1.9973498492953423,0.0,0.0,0.004243958624088107,0.026694644508969634,0.025950969699469528,1.192037513115659,0.3591637431909106,0.6666666666666666
bulk,lucb@gamma-poisson,30,120.0,120.0,0.034861337961046956,0.00016059902554843575,2.0413499606454355,0.0,0.0,0.004243958624088107,0.02510016703458673,0.024400912098579086,1.1923735726099516,0.39329676835235794,0.75
bulk,lucb@gamma-poisson,30,180.0,180.0,0.05009007899207063,0.00022400902525987476,2.048371060631578,0.0,0.0,0.004243958624088107,0.02510016703458673,0.024400912098579086,1.192186386499567,0.38895302960154887,0.8333333333333334
bulk,lucb@gamma-poisson,30,240.0,240.0,0.06702126898744609,0.0002937750396085903,1.76499308296853,0.0,0.0,0.004243958624088107,0.0,0.006021721942136127,1.1660235483462797,0.20227145158149273,0.8333333333333334
bulk,lucb@gamma-poisson,31,30.0,30.0,0.007247699002618901,3.589400148484856e-05,1.956362809041365,0.0,0.2167265226866103,0.24075500498669322,0.302897479362654,0.170578885313052,0.4012904881208622,0.4740300638853884,0.6666666666666666
bulk,lucb@gamma-poisson,31,60.0,60.0,0.014348188997246325,6.157997268019244e-05,1.8514104251435117,0.0,0.2167265226866103,0.15405314973446804,0.16877747500840024,0.14455472253744805,0.37128723503241073,0.43380420497916294,0.75
bulk,lucb@gamma-poisson,31,120.0,120.0,0.028993535968766082,0.00011813094897661358,1.7400659605086062,0.0,0.054368082223056224,0.1693710902185177,0.04128642265968707,0.05570763240927734,0.26143361188117065,0.40386202343097827,0.75
bulk,lucb@gamma-poisson,31,180.0,180.0,0.04902236098132562,0.0002185979756177403,1.641754821084774,0.0,0.054368082223056224,0.0,0.04128642265968707,0.031204027033697512,0.1910618068529732,0.33131304801108075,1.0
bulk,lucb@gamma-poisson,31,240.0,240.0,0.06443203894014005,0.00028644993290072307,1.5941919346177962,0.0,0.0,0.0,0.0,0.0,0.13112492205893148,0.3217800166339024,1.0
bulk,lucb@gamma-poisson,32,30.0,30.0,0.007540683000115678,3.233498864574358e-05,2.158711599066768,0.0,0.03314572155992468,0.11652665134227669,0.11861583078412219,0.016648314999386682,0.6781980530565834,0.48895937256215566,0.6666666666666666
bulk,lucb@gamma-poisson,32,60.0,60.0,0.015221747009491082,6.313799531199038e-05,1.8838437636868566,0.0,0.03314572155992468,0.0,0.001668986130187733,-2.220446049250313e-16,0.3145622810167698,0.4193111828448117,0.6666666666666666
bulk,lucb@gamma-poisson,32,120.0,120.0,0.030847489011648577,0.00012581698683789,1.8802404490801894,0.0,0.0,0.0,0.001668986130187733,-2.220446049250313e-16,0.32248993938972936,0.41949820969184143,0.6666666666666666
bulk,lucb@gamma-poisson,32,180.0,180.0,0.04622244097845396,0.00018887697660829872,1.8500758499830112,0.0,0.0,0.0,0.0,0.0,0.2200562340535325,0.4164588562543879,0.6666666666666666
bulk,lucb@gamma-poisson,32,240.0,240.0,0.061012459969788324,0.00024715298059163615,1.8505948345372936,0.0,0.0,0.0,0.0,0.0,0.22249406781821368,0.41655133150396245,0.6666666666666666
bulk,lucb@gamma-poisson,33,30.0,30.0,0.007382129981124308,3.1126022804528475e-05,1.9512508427821722,0.13018507767653065,0.38752070737051003,0.038614398775764114,-2.220446049250313e-16,0.05157533141990778,0.592541562416707,0.42344978753027274,0.5833333333333334
bulk,lucb@gamma-poisson,33,60.0,60.0,0.015072405985847581,6.370502524077892e-05,1.856536815524026,0.7245920013507263,0.38752070737051003,0.038614398775764114,-2.220446049250313e-16,0.0,0.8236805950195528,0.33645909491587217,1.0
bulk,lucb@gamma-poisson,33,120.0,120.0,0.032279801976983435,0.00015703004464739934,1.8461125980336461,0.7245920013507263,0.38752070737051003,0.038614398775764114,-2.220446049250313e-16,0.0,0.8142282703864642,0.3353453527285662,1.0
bulk,lucb@gamma-poisson,33,180.0,180.0,0.04859794597723521,0.00023233402316691354,1.826449019993919,0.7245920013507263,0.38752070737051003,0.038614398775764114,-2.220446049250313e-16,0.0,0.7717373008312738,0.3227241642698684,1.0
bulk,lucb@gamma-poisson,33,240.0,240.0,0.06541863795428071,0.00031189403671305627,1.8067418309510384,0.7245920013507263,0.38752070737051003,0.038614398775764114,-2.220446049250313e-16,0.0,0.7672569193116175,0.3195193029246249,1.0
bulk,lucb@gamma-poisson,34,30.0,30.0,0.008294823026517406,4.070100112585351e-05,1.8009530672201803,0.0,0.0,0.07416692577238249,0.1363866505222706,0.09630104352808033,0.391786115840189,0.2997411332272628,0.5833333333333334
bulk,lucb@gamma-poisson,34,60.0,60.0,0.01629343600507127,7.746696792310104e-05,1.6999554715037097,0.0,0.0,0.07416692577238249,0.030996611287202547,0.0653507301141506,0.31316175403934915,0.26364347273850086,0.5833333333333334
bulk,lucb@gamma-poisson,34,120.0,120.0,0.03283074803039199,0.0001474189557484351,1.6495415429829139,0.0,0.0,0.07416692577238249,0.06486804845476124,0.0,0.2581395980348046,0.25528550901268765,0.6666666666666666
bulk,lucb@gamma-poisson,34,180.0,180.0,0.046757937023357954,0.0001970949670067057,1.6309136830879016,0.0,0.0,0.0,0.030996611287202547,0.0,0.24719045058345382,0.22706791404019944,0.8333333333333334
bulk,lucb@gamma-poisson,34,240.0,240.0,0.06158389900519978,0.0002590229705674574,1.644924190979956,0.0,0.0,0.0,0.030996611287202547,0.0,0.24904201583256055,0.24136608533684958,0.9166666666666666
bulk,lucb@gamma-poisson,35,30.0,30.0,0.00937531098315958,5.216600402491167e-05,2.1782304659227685,0.0,0.0,0.13140002124215266,0.0,0.006847707704469963,1.3498150516800715,0.299993872095894,0.6666666666666666
bulk,lucb@gamma-poisson,35,60.0,60.0,0.018281681950611528,9.8307995358482e-05,2.1231662347126705,0.0,0.0,0.13140002124215266,0.0,0.006847707704469963,1.3435492460232001,0.2550662030603839,0.75
bulk,lucb@gamma-poisson,35,120.0,120.0,0.03322009897965472,0.0001615510118426755,2.0885163764236787,0.2999774708406655,0.0,0.0,0.0,0.0,1.2740123581175173,0.25046682484056754,0.75
bulk,lucb@gamma-poisson,35,180.0,180.0,0.04946164994180435,0.00024176904116757214,1.8288082133214452,0.0,0.07585423818375814,0.0,0.0,0.0,0.7318687326184855,0.20199015763965017,0.75
bulk,lucb@gamma-poisson,35,240.0,240.0,0.06235666195425438,0.0002897140657296404,1.8278897449301506,0.0,0.07585423818375814,0.0,0.0,0.0,0.7312854095784331,0.20239848478332167,0.75
bulk,lucb@gamma-poisson,36,30.0,30.0,0.0116850999838789,5.5709002481307834e-05,2.1262472818749494,0.4834803781595589,0.4171179107240255,0.08049474354341224,0.0952303156343165,0.028767929082627375,0.6934960705486518,0.42219404781604114,0.6666666666666666
bulk,lucb@gamma-poisson,36,60.0,60.0,0.022700756999256555,0.00010268601181451231,2.080660261319799,0.4834803781595589,0.4171179107240255,0.08049474354341224,0.033291419004691236,0.028767929082627375,0.6739871831523125,0.40091191943644916,0.75
bulk,lucb@gamma-poisson,36,120.0,120.0,0.04391243499412667,0.00017057899094652385,1.9694318287821837,0.4834803781595589,0.027733828510177028,0.0,0.033291419004691014,0.028767929082627153,0.2992811739936748,0.37309223292189303,0.75
bulk,lucb@gamma-poisson,36,180.0,180.0,0.06720110301102977,0.00028624600236071274,2.0181597873724564,0.4402217558216105,0.0,0.0,0.029790611246678256,0.028767929082627153,0.31704566975571413,0.383889285976738,0.8333333333333334
bulk,lucb@gamma-poisson,36,240.0,240.0,0.08963502498227172,0.00038898198545211926,2.0178767826996107,0.4402217558216105,0.30996738155828774,0.0,0.029790611246678256,0.028767929082627153,0.3191366401751265,0.3847108259832884,0.8333333333333334
bulk,lucb@gamma-poisson,37,30.0,30.0,0.007294312024896499,3.514399577397853e-05,2.248324094437351,0.1272886183430063,0.09793574789343917,0.0,0.0,0.02914294997656064,1.12228110798151,0.28381300141484506,0.9166666666666666
bulk,lucb@gamma-poisson,37,60.0,60.0,0.01521971602778649,7.886200910434127e-05,2.102149438921808,0.1272886183430063,0.09793574789343917,0.0,0.0,0.0,1.1046271130671916,0.20264169785631642,0.9166666666666666
bulk,lucb@gamma-poisson,37,120.0,120.0,0.028928094019647688,0.00013488297554431483,1.9835825538391034,0.1272886183430063,0.0,0.0,0.0,0.0,0.609180298906652,0.16781566130841516,0.9166666666666666
bulk,lucb@gamma-poisson,37,180.0,180.0,0.04230842599645257,0.00018799696408677846,1.968643784608897,0.1272886183430063,0.0,0.0,0.0,0.0,0.6066310720676794,0.1441890425486064,0.9166666666666666
bulk,lucb@gamma-poisson,37,240.0,240.0,0.05502373199851718,0.00023267701180884615,1.9594498162244085,0.1272886183430063,0.0,0.0,0.0,0.0,0.6047081811488619,0.1266520165883638,0.9166666666666666
bulk,lucb@gamma-poisson,38,30.0,30.0,0.008056758990278468,4.010098928119987e-05,2.1923237019705484,0.0,0.25409661632191993,0.0,0.0,0.008309473238895748,1.4955698051489899,0.3684505631004041,0.6666666666666666
bulk,lucb@gamma-poisson,38,60.0,60.0,0.01583646497601876,7.528599235229194e-05,2.2068076921278945,0.0,0.27388738418076874,0.018690190473064305,0.0,0.0003266813186881823,1.5046164120299947,0.3355343645215229,0.8333333333333334
bulk,lucb@gamma-poisson,38,120.0,120.0,0.030415943947446067,0.00013030797708779573,2.2016500203448284,0.0,0.27388738418076874,0.018690190473064305,0.0,0.0003266813186881823,1.5074691565440428,0.32035545682569344,0.9166666666666666
bulk,lucb@gamma-poisson,38,180.0,180.0,0.045810333955159876,0.00019548794080037624,2.165998436035284,0.0,0.27388738418076874,0.018690190473064305,0.0,0.0003266813186881823,1.5054268602735588,0.29054756371190776,0.9166666666666666
bulk,lucb@gamma-poisson,38,240.0,240.0,0.062295834948599804,0.0002717829338507727,2.1504538734925736,0.0,0.27388738418076874,0.018690190473064305,0.0,0.0,1.5047939239641899,0.2853626477628212,0.9166666666666666
bulk,lucb@gamma-poisson,39,30.0,30.0,0.005801085993880406,2.2663967683911324e-05,1.9375199401083052,0.0,0.0,0.03937405229126123,0.01788332443649754,0.0,0.43894534951796776,0.44391403298031484,0.6666666666666666
bulk,lucb@gamma-poisson,39,60.0,60.0,0.011381978998542763,4.3462969188112766e-05,1.9062153355433453,0.0,0.0,0.03937405229126123,0.03527349595602003,0.0,0.43579443716756044,0.3916854019298502,0.9166666666666666
bulk,lucb@gamma-poisson,39,120.0,120.0,0.022305313003016636,8.47799819894135e-05,1.6740755115111445,0.0,0.0,0.03937405229126123,0.01788332443649754,0.0,0.3756656341651583,0.29996234205594013,0.9166666666666666
bulk,lucb@gamma-poisson,39,180.0,180.0,0.033260695046919864,0.00012512800458353013,1.6407466971733007,0.0,0.0,0.03937405229126123,0.01788332443649754,0.0,0.28631292249548673,0.29525670120739306,0.9166666666666666
bulk,lucb@gamma-poisson,39,240.0,240.0,0.04423427001165692,0.00016468099784106016,1.635574369032193,0.0,0.0,0.03937405229126123,0.01788332443649754,0.0,0.2702012143160317,0.29307060134050195,0.9166666666666666
bulk,lucb@gamma-poisson,40,30.0,30.0,0.0059950439899694175,2.599099389044568e-05,1.4064629179441337,0.02590319911044281,0.0,0.0674955332887105,0.07697040355533669,0.018385914102166057,0.37646503840977624,0.30443678462798635,0.5
bulk,lucb@gamma-poisson,40,60.0,60.0,0.011678873990604188,4.9328969907946885e-05,1.3407987747388088,0.0,0.0,0.0674955332887105,0.07697040355533669,0.06239082467116719,0.2585281545067559,0.2806649761040491,0.6666666666666666
bulk,lucb@gamma-poisson,40,120.0,120.0,0.022448225972766522,8.82359454408288e-05,1.3043371677806834,0.0,0.0,0.0674955332887105,0.05533839318533085,0.0,0.20655590705184854,0.2675336618643042,0.6666666666666666
bulk,lucb@gamma-poisson,40,180.0,180.0,0.0334567129611969,0.00012877798144472763,1.30114260604568,0.0,0.0,0.0674955332887105,0.05533839318533085,0.0,0.20101253864074614,0.2682816259633215,0.6666666666666666
bulk,lucb@gamma-poisson,40,240.0,240.0,0.04430333198251901,0.00016858801245689392,1.3054252615798363,0.02590319911044281,0.20629496633053823,0.0674955332887105,0.0035642645523861205,0.018385914102166057,0.23112465784912017,0.26933853943545755,0.6666666666666666
bulk,lucb@gamma-poisson,41,30.0,30.0,0.007651981002709363,3.83420119760558e-05,1.3119003489798493,0.0,0.11672176412096102,0.0,0.007362309966399527,0.00691423711463901,0.2624941018298925,0.5101265649564903,0.6666666666666666
bulk,lucb@gamma-poisson,41,60.0,60.0,0.01467482399311848,6.658203346887603e-05,1.3472809399699663,0.0,0.11672176412096102,0.0,0.007362309966399527,0.044298937902483404,0.2677948054246967,0.48568191107715364,0.8333333333333334
bulk,lucb@gamma-poisson,41,120.0,120.0,0.028779458014469128,0.00012099400191800669,1.345964703567044,0.0,0.11672176412096102,0.0,0.007362309966399527,0.00691423711463901,0.25168466936543693,0.44626431478843476,0.9166666666666666
bulk,lucb@gamma-poisson,41,180.0,180.0,0.04268443201726768,0.0001744940091157332,1.2559291646299287,0.0,0.11672176412096102,0.0,0.007362309966399527,0.005263872010431103,0.2624605499896614,0.34124488021097665,0.9166666666666666
bulk,lucb@gamma-poisson,41,240.0,240.0,0.06114803502714494,0.00027669495466398075,1.2585856657639247,0.0,0.11672176412096102,0.0,0.0,0.005263872010431103,0.26241998444880743,0.3176979859457781,1.0
bulk,lucb@gamma-poisson,42,30.0,30.0,0.00586903200019151,2.4154003767762333e-05,1.4974039971978257,0.0,0.006554568656070292,0.0,0.0,0.0,0.43554371421355975,0.34614913394437835,0.8333333333333334
bulk,lucb@gamma-poisson,42,60.0,60.0,0.011538740000105463,4.4901993533130735e-05,1.446360792922729,0.0,0.006554568656070292,0.0,0.0,0.0,0.18646921845017733,0.3000168113301995,0.9166666666666666
bulk,lucb@gamma-poisson,42,120.0,120.0,0.022875637019751593,8.789296407485381e-05,1.4004324988705708,0.0,0.006554568656070292,0.0,0.0,0.0,0.15034243077459675,0.22121451479614238,1.0
bulk,lucb@gamma-poisson,42,180.0,180.0,0.03356370300025446,0.0001253549853572622,1.4310604893728691,0.0,0.0,0.0,0.0,0.0,0.4015424612870335,0.23509909915470206,1.0
bulk,lucb@gamma-poisson,42,240.0,240.0,0.044443797996791545,0.00016543699894100428,1.4291314603012815,0.0,0.0,0.0,0.0,0.0,0.40258523631832605,0.21606820029557425,1.0
bulk,lucb@gamma-poisson,43,30.0,30.0,0.005876293027540669,2.4346023565158248e-05,1.4619976310335225,0.0,0.0,0.0,0.0,0.0036570929906859506,0.3929114095455288,0.37141631474244563,0.6666666666666666
bulk,lucb@gamma-poisson,43,60.0,60.0,0.011493578043882735,4.5876018702983856e-05,1.4392484226279836,0.0,0.0,0.0,0.0,0.006731570726074332,0.3910252134813224,0.3034764022157055,0.9166666666666666
bulk,lucb@gamma-poisson,43,120.0,120.0,0.022526467037096154,8.888198499334976e-05,1.4521222513289291,0.0,0.0,0.0,0.0,0.0036570929906859506,0.39151890893587044,0.29275487012925827,1.0
bulk,lucb@gamma-poisson,43,180.0,180.0,0.033608354031457566,0.00013185701391194016,1.4628540909759746,0.0,0.0,0.0,0.0,0.0036570929906859506,0.39203411006538436,0.29385232352656243,1.0
bulk,lucb@gamma-poisson,43,240.0,240.0,0.04477233601210173,0.00017522497364552692,1.4600975288992586,0.0,0.0,0.0,0.0,0.0036570929906859506,0.39183218920190505,0.28334404462513074,1.0
bulk,lucb@gamma-poisson,44,30.0,30.0,0.005810046000988223,2.288101677550003e-05,1.7018154769471903,0.7635796223597333,0.5640437457596721,0.050716923998323504,-2.220446049250313e-16,0.004581994909745091,0.9137787930146379,0.30884754346619636,0.75
bulk,lucb@gamma-poisson,44,60.0,60.0,0.011424576980061829,4.398403689265251e-05,1.7035865065067883,0.7635796223597333,0.5640437457596721,0.050716923998323504,-2.220446049250313e-16,-2.220446049250313e-16,0.91276450092969,0.30024559553235775,0.75
bulk,lucb@gamma-poisson,44,120.0,120.0,0.022338524991937447,8.302800415549427e-05,1.6831077277992916,0.7635796223597333,0.5640437457596721,0.050716923998323504,-2.220446049250313e-16,-2.220446049250313e-16,0.9129987035697703,0.29113447902856576,0.75
bulk,lucb@gamma-poisson,44,180.0,180.0,0.033218178039533086,0.00012254999455763027,1.6667869687244525,0.7635796223597333,0.5640437457596721,0.050716923998323504,-2.220446049250313e-16,-2.220446049250313e-16,0.9120268407290776,0.28348462550502174,0.75
bulk,lucb@gamma-poisson,44,240.0,240.0,0.047010567046527285,0.00017636499978834763,1.6633807634333715,0.7635796223597333,0.5640437457596721,0.050716923998323504,-2.220446049250313e-16,-2.220446049250313e-16,0.9113869774669746,0.27465793807530414,0.75
bulk,lucb@gamma-poisson,45,30.0,30.0,0.005666204015142284,2.3409993445966393e-05,1.4557420797948801,0.0,0.11602299821306039,1.1102230246251565e-16,0.012785133383092617,0.0508326217950722,0.17994376996625175,0.34143307829375985,0.5833333333333334
bulk,lucb@gamma-poisson,45,60.0,60.0,0.011061302000598516,4.39379655290395e-05,1.3938274079367525,0.0,0.11602299821306039,1.1102230246251565e-16,0.012785133383092617,0.0508326217950722,0.20724391523428376,0.332831389740295,0.6666666666666666
bulk,lucb@gamma-poisson,45,120.0,120.0,0.022061274052248336,8.68129645823501e-05,1.3946932123406424,0.0,0.0,0.0,0.012785133383092617,0.0508326217950722,0.19160714413207372,0.3201360471562203,0.8333333333333334
bulk,lucb@gamma-poisson,45,180.0,180.0,0.03275608105468564,0.0001242520083906129,1.4200806122908762,0.0,0.0,0.0,0.012785133383092617,0.0508326217950722,0.19622604814582206,0.32224158027540023,0.9166666666666666
bulk,lucb@gamma-poisson,45,240.0,240.0,0.04311818507267162,0.0001602950069354847,1.3899713029175604,0.0,0.0,0.0,0.012785133383092617,0.0508326217950722,0.18871257442360884,0.27847903323585477,1.0
bulk,lucb@gamma-poisson,46,30.0,30.0,0.008541921997675672,5.4249023378361017e-05,1.3428693702702328,0.0,0.09597551314029962,0.09934332713723715,0.07357813028199134,0.021700915557213873,0.3071856887384004,0.3189112669335277,0.6666666666666666
bulk,lucb@gamma-poisson,46,60.0,60.0,0.016558618990529794,9.593404683982953e-05,1.3365641469577827,0.0,0.002321576897565847,0.01874117803702735,0.07357813028199134,0.021700915557213873,0.2865149845627112,0.26272810310393596,0.75
bulk,lucb@gamma-poisson,46,120.0,120.0,0.03124816095805727,0.0001625530858291313,1.315431985551013,0.0,0.002321576897565847,0.0,0.0,0.02170091555721365,0.2628475138546968,0.28629249017220704,0.75
bulk,lucb@gamma-poisson,46,180.0,180.0,0.04610200098250061,0.00024499904247932136,1.3088779085713909,0.0,0.002321576897565847,0.0,0.0,0.0,0.2591304341497001,0.2721693629500708,0.75
bulk,lucb@gamma-poisson,46,240.0,240.0,0.05898419598815963,0.0002995160757564008,1.3123236141076442,0.0,0.002321576897565847,0.0,0.0,0.0,0.2596213678979037,0.274389298880886,0.8333333333333334
bulk,lucb@gamma-poisson,47,30.0,30.0,0.00994467199780047,5.369701102608815e-05,1.7064300830014751,0.0,0.0,0.0,0.0,0.0,0.48295958094460056,0.38585785895219876,0.6666666666666666
bulk,lucb@gamma-poisson,47,60.0,60.0,0.01724268198449863,8.510300540365279e-05,1.6797122513361005,0.0,0.0,0.0,0.0,0.0,0.4736300161548517,0.34815909229446623,0.75
bulk,lucb@gamma-poisson,47,120.0,120.0,0.0344545119733084,0.00015484103641938418,1.6034622926582174,0.0,0.0,0.0,0.0,0.0,0.4619063796629333,0.2728171414506882,0.9166666666666666
bulk,lucb@gamma-poisson,47,180.0,180.0,0.04496780797489919,0.00019759101996896788,1.5772239383980098,0.0,0.0,0.0,0.0,0.008306529017022335,0.4667254206960458,0.2680487601101877,0.9166666666666666
bulk,lucb@gamma-poisson,47,240.0,240.0,0.05483703697245801,0.00023619704734301195,1.5687740384548652,0.0,0.0,0.0,0.0,0.0,0.4461802717913577,0.26611318965032416,0.9166666666666666
bulk,lucb@gamma-poisson,48,30.0,30.0,0.00865361897740513,4.34369794675149e-05,1.1961934123548728,0.0,0.14354912856160817,1.1102230246251565e-16,0.02663574586495354,1.1102230246251565e-16,0.22829491300732033,0.22013382153562955,0.6666666666666666
bulk,lucb@gamma-poisson,48,60.0,60.0,0.016289662969938945,7.376100984402001e-05,1.1938489580740461,0.0,0.14354912856160817,1.1102230246251565e-16,1.1102230246251565e-16,1.1102230246251565e-16,0.2275233984896509,0.21699411978889624,0.75
bulk,lucb@gamma-poisson,48,120.0,120.0,0.0330950409770594,0.000155063986312598,1.1404580287220427,0.0,0.0,0.0,0.0,0.0,0.18289170073932998,0.18644120331541447,0.9166666666666666
bulk,lucb@gamma-poisson,48,180.0,180.0,0.04784843698143959,0.00022534598974743858,1.1309522189734713,0.0,0.0,0.0,0.0,0.0,0.17951150175629535,0.18456155650296124,0.9166666666666666
bulk,lucb@gamma-poisson,48,240.0,240.0,0.05842683001537807,0.000270134951279033,1.1169631083344986,0.0,0.0,0.0,0.0,0.0,0.1775472437146236,0.12887927718394696,0.9166666666666666
bulk,lucb@gamma-poisson,49,30.0,30.0,0.008262040006229654,4.539899236988276e-05,1.5353721083957013,0.0,0.0,0.0,0.0,0.0,0.16925412829252712,0.2543886113679067,0.75
bulk,lucb@gamma-poisson,49,60.0,60.0,0.01587825499882456,8.066196460276842e-05,1.5711108284315929,0.0,0.0,0.0,0.0,0.0,0.17019313367744976,0.2756031966974691,0.8333333333333334
bulk,lucb@gamma-poisson,49,120.0,120.0,0.02772126500349259,0.00013925596431363374,1.4706963894960332,0.0,0.06462219251272905,0.0,0.0,0.0,0.2090281152504551,0.18601589621882142,0.8333333333333334
bulk,lucb@gamma-poisson,49,180.0,180.0,0.0376592410102603,0.0001792409602785483,1.4736502600114492,0.0,0.06462219251272905,0.0,0.0,0.0,0.21097250743896978,0.18204381729868108,0.9166666666666666
bulk,lucb@gamma-poisson,49,240.0,240.0,0.047145828044449445,0.00021741195087088272,1.4720922931012874,0.0,0.06462219251272905,0.0,0.0,0.0,0.2130425175544715,0.1718563254391348,1.0
bulk,dad,0,30.0,30.0,0.0006690410082228482,0.0009227550472132862,1.6369958297165355,0.11699761815798104,0.28649271980500257,0.0,0.0968156002288294,0.146149641249247,0.36495584397997716,0.341639926659852,0.6666666666666666
bulk,dad,0,60.0,60.0,0.001151101998402737,0.0017763390205800533,1.601810763394119,0.11699761815798104,0.0,0.0,0.0968156002288294,0.146149641249247,0.3009663183565884,0.32857275869995806,0.8333333333333334
bulk,dad,0,120.0,120.0,0.002101866077282466,0.003407653028261848,1.5827128217704212,0.11699761815798104,0.0,0.0,0.0968156002288294,0.17416363986753602,0.27089274799483104,0.3072814232795095,1.0
bulk,dad,0,180.0,180.0,0.0030434340587817132,0.005062089039711282,1.6099803729285032,0.11699761815798104,0.0,0.0,0.06560699616924415,0.11830226923670573,0.2665262801768272,0.3110473647963828,1.0
bulk,dad,0,240.0,240.0,0.004004542002803646,0.007319477037526667,1.475836965910485,0.11699761815798104,0.0,0.0,0.0,0.05489967823244424,0.19224292445133923,0.2261404130116759,1.0
bulk,dad,1,30.0,30.0,0.0006167320534586906,0.0008776180329732597,1.2113498462732062,0.17547599762442456,0.20699468824656553,0.0,0.011172001678627974,0.04588483826249723,0.2877032050953519,0.35326925968998046,0.5833333333333334
bulk,dad,1,60.0,60.0,0.0011127480247523636,0.0017681620374787599,1.19668988775998,0.17547599762442456,0.20699468824656553,0.0,0.011172001678627974,0.04588483826249723,0.2596139843875445,0.3269159668936495,0.6666666666666666
bulk,dad,1,120.0,120.0,0.0020532469934551045,0.0035104530688840896,1.1179928149114593,0.17547599762442456,0.20699468824656553,0.0,0.011172001678627974,0.04588483826249723,0.18394346652099577,0.2480002743116843,0.9166666666666666
bulk,dad,1,180.0,180.0,0.0029942020191811025,0.005270837034913711,1.1213243618791848,0.17547599762442456,0.20699468824656553,0.0,0.011172001678627974,0.04409128590016276,0.181480079038963,0.2630472319686958,0.9166666666666666
bulk,dad,1,240.0,240.0,0.003942001989344135,0.00706611001805868,1.0867113002256577,0.17547599762442456,0.0,0.0,0.011172001678627974,0.04409128590016276,0.10594117653347425,0.2380177274045961,1.0
bulk,dad,2,30.0,30.0,0.0006530299579026178,0.0009881559963105246,1.2522748478126162,0.0,0.0,0.0,0.0,0.06057372558805352,0.16529074143613756,0.4546789907060434,0.75
bulk,dad,2,60.0,60.0,0.0012607359094545245,0.0019218989764340222,1.2327637530492777,0.0,0.0,0.0,0.0,0.01944364833435641,0.21842341670091378,0.4451931917271942,0.8333333333333334
bulk,dad,2,120.0,120.0,0.002429500949801877,0.003983118993346579,1.230043891431668,0.11725033819348041,0.0,0.02910839710805624,0.06632239671445872,0.01944364833435641,0.22628809617508214,0.41399824545951824,1.0
bulk,dad,2,180.0,180.0,0.0034138639748562127,0.005773604003479704,1.2115259583337916,0.11725033819348041,0.0,0.07367704239226003,0.06632239671445872,0.01944364833435641,0.17101381563719678,0.3971201179858445,1.0
bulk,dad,2,240.0,240.0,0.004335772100603208,0.007510312992963009,1.1426093783628892,0.0,0.0,0.0,0.04011968012814093,0.01944364833435641,0.10613483123434088,0.3275283852912857,1.0
bulk,dad,3,30.0,30.0,0.0011975460074609146,0.001704194990452379,1.8877867327087,0.0,0.0,0.0,0.0,0.03431632298416809,0.4423708885368542,0.20266663217655023,0.75
bulk,dad,3,60.0,60.0,0.0021139180316822603,0.0034044629137497395,1.8390118371039421,0.0,0.0,0.0,0.0,0.022390626343557596,0.3217046625386643,0.2561136742324905,0.8333333333333334
bulk,dad,3,120.0,120.0,0.003889265062753111,0.007271686947206035,1.749458881575852,0.0,0.0,0.0,0.019376008584405358,0.0,0.2325009759403596,0.18744949067224914,0.9166666666666666
bulk,dad,3,180.0,180.0,0.005671870996593498,0.011090279003838077,1.7451099842471525,0.0,0.0,0.0,0.019376008584405358,0.0,0.22713465245232603,0.17608158220180944,0.9166666666666666
bulk,dad,3,240.0,240.0,0.007422880997182801,0.015442266056197695,1.7368069149614307,0.0,0.0,0.0,0.019376008584405358,0.0,0.21994377298467238,0.1673950922674011,1.0
bulk,dad,4,30.0,30.0,0.001119449982070364,0.001611998028238304,1.7540879603795005,0.09546082567376357,0.0,0.07558332348017405,0.0,0.0006204992361537043,0.4431419527735531,0.1610211986506645,0.6666666666666666
bulk,dad,4,60.0,60.0,0.0019756079564103857,0.0031293710781028494,1.8295603083108813,0.09546082567376357,0.0,0.07558332348017405,0.0,0.0006204992361537043,0.5086657571391436,0.19499870463274113,0.75
bulk,dad,4,120.0,120.0,0.003578760995878838,0.005998276130412705,1.7265812525697444,0.09546082567376357,0.0,0.0,0.0,0.0006204992361537043,0.2929287934096992,0.20025016459144254,0.8333333333333334
bulk,dad,4,180.0,180.0,0.005157051011337899,0.00895714815123938,1.6950685611893606,0.09546082567376357,0.0,0.0,0.0,0.0006204992361537043,0.15106012825421475,0.21672225142016946,0.8333333333333334
bulk,dad,4,240.0,240.0,0.006733487985911779,0.012998594072996639,1.6654129620397802,0.0,0.0,0.0,0.0,0.0006204992361537043,0.09466217178855937,0.18960639126997583,0.8333333333333334
bulk,dad,5,30.0,30.0,0.0011722040362656116,0.0017304049979429692,1.9617354400756792,0.0,0.1736659975358592,0.23626885902160322,0.28949863575081625,0.17187525709668527,0.4848140744545188,0.3474187565705605,0.8333333333333334
bulk,dad,5,60.0,60.0,0.00202527703368105,0.0032685189798939973,1.9219294457388159,0.0,0.1736659975358592,0.23626885902160322,0.2046995308691234,0.09571362528517657,0.38757466176543914,0.30016782790642704,0.9166666666666666
bulk,dad,5,120.0,120.0,0.0036094440292799845,0.006041212021955289,1.723560223648316,0.0,0.14789855749189662,0.23626885902160322,0.23037370246295918,0.11877267533910418,0.27950134777889335,0.20046616908648798,0.9166666666666666
bulk,dad,5,180.0,180.0,0.005165725073311478,0.008712494978681207,1.6970377668103118,0.0,0.15613940335401122,0.24257994236253966,0.23037370246295918,0.11877267533910418,0.23621123598475408,0.19574875112597087,0.9166666666666666
bulk,dad,5,240.0,240.0,0.006704309053020552,0.011512523924466223,1.674528875587372,0.0,0.0,0.0,0.02567417159383567,0.004910879198261164,0.20600666361478165,0.19655490712432447,0.9166666666666666
bulk,dad,6,30.0,30.0,0.0010584369592834264,0.0015214820159599185,1.1635217554696988,0.0,0.0780754520573207,0.0,0.0,0.0,0.19258319153113124,0.36370750079875347,0.5833333333333334
bulk,dad,6,60.0,60.0,0.0018925839540315792,0.0030269950366346166,1.1984756034840833,0.0,0.0,0.0,0.019249937604791545,0.0,0.23007931398577514,0.3573735720977928,0.75
bulk,dad,6,120.0,120.0,0.003459257975919172,0.005974812986096367,1.1617831828740675,0.0,0.0,0.0,0.0,0.028754561958456826,0.16846446292938766,0.3149881284599228,0.9166666666666666
bulk,dad,6,180.0,180.0,0.004980669909855351,0.00886234403878916,1.14203262983659,0.0,0.0780754520573207,0.0,0.0,0.0,0.1436295793863133,0.29151999968788406,0.9166666666666666
bulk,dad,6,240.0,240.0,0.0065223148703807965,0.011870718954014592,1.1227610641397823,0.0,0.0,0.0,0.019249937604791545,0.0,0.13980417707326184,0.24820856335282646,1.0
bulk,dad,7,30.0,30.0,0.001036713962093927,0.001515266005299054,1.9362369826993495,0.7315847497832535,0.11078645016984656,0.11919275369141469,0.016397710014314115,0.08489528386908263,0.6216308624203065,0.24298983401511917,0.8333333333333334
bulk,dad,7,60.0,60.0,0.0018471379444235936,0.00289341903408058,1.8208581112214617,0.0,0.0,0.0,0.016397710014314115,0.0,0.4270379230425179,0.1947278989934513,0.8333333333333334
bulk,dad,7,120.0,120.0,0.003501652929116972,0.005729637035983615,1.772589225267222,0.0,0.0,0.0,0.016397710014314115,0.03494991865666375,0.17845134142237942,0.18761489671620493,0.8333333333333334
bulk,dad,7,180.0,180.0,0.005196807876927778,0.009046084043802693,1.7298646983762043,0.0,0.0,0.0,0.016397710014314115,0.03494991865666375,0.14653993309533606,0.16470352201857108,0.9166666666666666
bulk,dad,7,240.0,240.0,0.006676544944639318,0.011993775042355992,1.7358439264403518,0.0,0.0,0.0,0.016397710014314115,0.03494991865666375,0.1582101242250611,0.1489829602430657,1.0
bulk,dad,8,30.0,30.0,0.0010076059552375227,0.0014816879847785458,1.6229500243576087,0.0,0.10794479519987976,0.08647917797905791,-2.220446049250313e-16,-2.220446049250313e-16,0.5648223060842159,0.2745337497084746,0.5833333333333334
bulk,dad,8,60.0,60.0,0.001819491939386353,0.0028089769621146843,1.6140224636808558,0.0,0.0,0.0,0.0,0.0,0.5385810949462062,0.2925125239229111,0.5833333333333334
bulk,dad,8,120.0,120.0,0.0033651569829089567,0.006231359948287718,1.5142361791181187,0.0,0.0,0.0,0.0,0.0,0.3108134570270708,0.26021389753374324,0.6666666666666666
bulk,dad,8,180.0,180.0,0.00493475298571866,0.009939598894561641,1.4686951359187814,0.0,0.0,0.0,0.0,0.0,0.18985864440789388,0.2345783386485289,0.8333333333333334
bulk,dad,8,240.0,240.0,0.006430296038161032,0.014185886931954883,1.4635200167946383,0.0,0.0,0.0,0.0,0.0,0.17607088658721046,0.23387665339003774,0.9166666666666666
bulk,dad,9,30.0,30.0,0.0010411540133645758,0.001537219010060653,1.9217095461742961,0.1338463177732382,0.0,0.08611361017936259,0.07582669895769878,0.12008842220200233,0.38940606631374847,0.42505491302012655,0.6666666666666666
bulk,dad,9,60.0,60.0,0.0018688169802771881,0.002943496045190841,1.8849011881543103,0.0,0.0,0.08611361017936259,0.07582669895769878,0.06501373690925805,0.32569730270133623,0.4245587302920564,0.8333333333333334
bulk,dad,9,120.0,120.0,0.0034204439289169386,0.005602154065854847,1.842599166438499,0.0,0.0,0.08611361017936259,0.07582669895769878,0.06501373690925805,0.31335435958244257,0.38016378541073814,1.0
bulk,dad,9,180.0,180.0,0.004941072955261916,0.008173339127097279,1.7637491730751182,0.0,0.0,0.08611361017936259,0.07582669895769878,0.06501373690925805,0.2575809230792798,0.3592063802909494,1.0
bulk,dad,9,240.0,240.0,0.006540176924318075,0.010847384153748862,1.6874557554871703,0.0,0.1764281658861907,0.08611361017936259,0.07582669895769878,0.06501373690925805,0.22574935862167858,0.3023566559707855,1.0
bulk,dad,10,30.0,30.0,0.0010387799557065591,0.0014619290159316733,1.7515255400425758,0.0,0.0,0.04921843374333046,0.0355049437738173,0.07664997905049176,0.6460475779446962,0.348995896949653,0.75
bulk,dad,10,60.0,60.0,0.0018272129236720502,0.002857356026652269,1.653338177684936,0.0,0.0,0.04921843374333046,0.044174302062765514,0.0,0.49726338913520246,0.3031420359600632,0.9166666666666666
bulk,dad,10,120.0,120.0,0.0033308259007753804,0.005623643024591729,1.6442422716501923,0.0,0.0,0.04921843374333046,0.044174302062765514,0.0,0.46356726471426146,0.26667672284086463,0.9166666666666666
bulk,dad,10,180.0,180.0,0.00482332578394562,0.008445120009128004,1.6353182975906302,0.0,0.0,0.04921843374333046,0.044174302062765514,0.0,0.4923512543605814,0.2402780722911465,1.0
bulk,dad,10,240.0,240.0,0.00626621070841793,0.011363120036548935,1.5418944740105365,0.0,0.0,0.009659286431634384,0.0,0.0,0.35279155922503913,0.19846049055111276,1.0
bulk,dad,11,30.0,30.0,0.0006754509668098763,0.0009470600198255852,1.4516412734800055,0.0,0.056863950006552644,-2.220446049250313e-16,-2.220446049250313e-16,0.024038360265557612,0.6491638595473563,0.41838933584346466,0.5833333333333334
bulk,dad,11,60.0,60.0,0.0012222919904161245,0.0021482950396602973,1.367534732638297,0.0,0.0,0.0,0.029178340671608294,0.0,0.4440875841883169,0.3814187165642182,0.8333333333333334
bulk,dad,11,120.0,120.0,0.002281100969412364,0.004492916021263227,1.3290245680312882,0.0,0.0,0.0,0.0,0.0,0.303251854299838,0.38756934873794474,0.9166666666666666
bulk,dad,11,180.0,180.0,0.0034417999704601243,0.006813667176174931,1.2832540645913608,0.0,0.056863950006552644,-2.220446049250313e-16,-2.220446049250313e-16,-2.220446049250313e-16,0.18175303500641743,0.34859076159536134,0.9166666666666666
bulk,dad,11,240.0,240.0,0.004469184961635619,0.008963565152953379,1.3028585901325223,0.0,0.0,0.0,0.0,0.0,0.22379603483750032,0.35840018250318334,0.9166666666666666
bulk,dad,12,30.0,30.0,0.0005625709454761818,0.0009345540165668353,1.3526038502972464,0.0,0.02299292658626495,0.021748017796422436,0.030681313338116856,0.0002735985802798657,0.3085971684357212,0.32777664570165554,0.6666666666666666
bulk,dad,12,60.0,60.0,0.0011495869257487357,0.0021192810381762683,1.324137445063348,0.0,0.02299292658626495,0.021748017796422436,0.030681313338116856,0.0002735985802798657,0.292915572121029,0.307162529738294,0.8333333333333334
bulk,dad,12,120.0,120.0,0.0022447889496106654,0.004376867058454081,1.294620046653534,0.0,0.021686973699409418,0.021748017796422436,0.030681313338116856,0.029486863712947953,0.18476825094435642,0.2597055884444857,0.8333333333333334
bulk,dad,12,180.0,180.0,0.003313896057079546,0.006598655061679892,1.3072081676978689,0.0,0.021686973699409418,0.021748017796422436,0.030681313338116856,0.029486863712947953,0.22114640315955958,0.2405775144996124,0.8333333333333334
bulk,dad,12,240.0,240.0,0.004389859037473798,0.008679947044583969,1.2345535465883908,0.0,0.021686973699409418,1.1102230246251565e-16,0.010026118047935517,0.0002735985802798657,0.15243830300022868,0.2050696122066193,0.9166666666666666
bulk,dad,13,30.0,30.0,0.0005838150536874309,0.0009558229940012097,1.6881870571354725,0.0,0.053706787649347,0.0,0.0,0.0014159229476433666,0.32237819829448194,0.29459894413339527,0.8333333333333334
bulk,dad,13,60.0,60.0,0.0010833160486072302,0.0018384240247542039,1.6743946556302918,0.0,0.0,0.0,0.0,0.0014159229476433666,0.33011582404450074,0.2782666713588292,0.9166666666666666
bulk,dad,13,120.0,120.0,0.002076194097753614,0.003536132993758656,1.6039768381889628,0.0,0.0,0.037574981968373056,0.02221847505840857,0.0014159229476432555,0.28284754711846655,0.1813509382511661,1.0
bulk,dad,13,180.0,180.0,0.0030448100733337924,0.0052010799117852,1.574125558879487,0.0,0.0,0.0,0.022218475058408682,0.0014159229476433666,0.27003053681198297,0.15805352019156113,1.0
bulk,dad,13,240.0,240.0,0.004008062096545473,0.006846131858765148,1.5661467334527108,0.0,0.0,0.011612958187048106,0.0,0.0014159229476433666,0.2833528980081085,0.12985068317371337,1.0
bulk,dad,14,30.0,30.0,0.0005675909924320877,0.0010466829990036786,2.0878591491543124,0.0,0.0,0.029198045901863146,0.06284765763582012,0.06499952064910353,0.40240894018996026,0.33281032035554725,0.8333333333333334
bulk,dad,14,60.0,60.0,0.0011055569921154529,0.0020461279345909134,1.9488629342827195,0.0,0.0,0.0,0.0,0.003921527060101182,0.2694124343130236,0.24535648938035132,0.8333333333333334
bulk,dad,14,120.0,120.0,0.002090938010951504,0.003975427898694761,1.9613679078136403,0.0,0.0,0.0,0.0,0.0,0.3302844009919427,0.2462933596046835,1.0
bulk,dad,14,180.0,180.0,0.0030903150473022833,0.005986168878735043,1.9515340137677153,0.0,0.0,0.0,0.0,0.0,0.27680561776581,0.20712957254367428,1.0
bulk,dad,14,240.0,240.0,0.004100802994798869,0.008077736827544868,1.9367149744801238,0.0,0.0,0.0,0.0,0.0,0.18652128718450092,0.1899920937130424,1.0
bulk,dad,15,30.0,30.0,0.0005775980098405853,0.0008767459512455389,1.845796072084933,0.0,0.0,0.0,0.009728346372479213,0.05310447448795241,0.45622602487099817,0.3488081378914288,0.75
bulk,dad,15,60.0,60.0,0.001070126992999576,0.0017297289159614593,1.7715312388011235,0.3151542703797082,0.0,0.0,0.009728346372479213,0.0,0.5713407568662037,0.2379157240767583,0.75
bulk,dad,15,120.0,120.0,0.002054834010777995,0.003636473949882202,1.7147733488063066,0.0,0.0,0.0,0.009728346372479213,0.0,0.3881949141449414,0.2323340064860544,0.8333333333333334
bulk,dad,15,180.0,180.0,0.0030462459690170363,0.00606000995321665,1.65281891165732,0.0,0.0,0.0,0.009728346372479213,0.0,0.2605918024613008,0.19085420464060332,0.9166666666666666
bulk,dad,15,240.0,240.0,0.004047286885906942,0.008448732914985158,1.6258828603761204,0.0,0.0,0.0,0.009728346372479213,0.0,0.20665571436545238,0.1737027875493415,1.0
bulk,dad,16,30.0,30.0,0.0005539849662454799,0.0008434860064880922,1.3367943731377927,0.0,0.09623127030169532,0.0,0.0,0.0,0.23999776806298653,0.42770703491788364,0.5
bulk,dad,16,60.0,60.0,0.0010608089651213959,0.0017624420434003696,1.3003013701018509,0.0,0.0,0.0,0.0,0.0,0.3210326015867437,0.3946749913714386,0.6666666666666666
bulk,dad,16,120.0,120.0,0.0020687160140369087,0.0038909070135559887,1.2667385837255838,0.0,0.09623127030169532,0.0,0.0,0.0,0.2145921982674403,0.336090154280967,0.9166666666666666
bulk,dad,16,180.0,180.0,0.0031794000969966874,0.006563900999026373,1.2693561337470398,0.0,0.0,0.0,0.0,0.0,0.12979555096682088,0.3069014933999366,0.9166666666666666
bulk,dad,16,240.0,240.0,0.004250625061104074,0.009565611035213806,1.2487390573530501,0.0,0.0,0.0,0.0,0.0,0.10572342989410383,0.2819048673677548,0.9166666666666666
bulk,dad,17,30.0,30.0,0.0005655399727402255,0.0009234839817509055,1.6715688668930622,0.20249151316651715,0.024605312603953156,0.16623504742303774,0.07952195499347292,0.15055308420527735,0.322113592142211,0.4331550523245991,0.5833333333333334
bulk,dad,17,60.0,60.0,0.0010746159823611379,0.001760626953910105,1.4365405389568837,0.0,0.0,0.0,0.0795219549934727,0.0,0.14485622620315358,0.367254786074914,0.6666666666666666
bulk,dad,17,120.0,120.0,0.002063394000288099,0.003489370006718673,1.383925122361208,0.0,0.0,0.0,0.0,0.0,0.11776598435504584,0.3253626771060778,0.8333333333333334
bulk,dad,17,180.0,180.0,0.0031089700059965253,0.005300792021444067,1.380163135025733,0.1571475526156656,0.0,0.04945307377923669,0.0,0.0,0.13505340810347158,0.305358953815858,0.9166666666666666
bulk,dad,17,240.0,240.0,0.004162212018854916,0.007156453051720746,1.3790825229554835,0.1571475526156656,0.10987939563686988,0.0,0.0,0.0,0.13072688794298706,0.3006131514085098,1.0
bulk,dad,18,30.0,30.0,0.0010177699878113344,0.001916950015584007,0.8364501658500533,0.40356190241806267,0.0,0.0,0.05484691524211083,0.06184028198062608,0.1396190667236672,0.39939674923153234,0.6666666666666666
bulk,dad,18,60.0,60.0,0.001921927963849157,0.003712020959937945,0.8059449593360112,0.0,0.0,0.0,0.07569949958155009,0.07134126391782347,0.07823998282771578,0.3690026077686195,0.6666666666666666
bulk,dad,18,120.0,120.0,0.0036944399762433022,0.007027000028756447,0.7903881942643118,0.0,0.0,0.0,0.05484691524211083,0.07134126391782347,0.07368908469295252,0.3487648594337672,0.9166666666666666
bulk,dad,18,180.0,180.0,0.005418717017164454,0.010271413004375063,0.7620652655436313,0.0,0.0,0.0,0.05484691524211083,0.07134126391782347,0.046684798105394325,0.3053402142475905,1.0
bulk,dad,18,240.0,240.0,0.007101906056050211,0.013361830962821841,0.7763923433538723,0.0,0.0,0.0,0.05484691524211083,0.07134126391782347,0.059000210852851676,0.32927784902130974,1.0
bulk,dad,19,30.0,30.0,0.0006359980470733717,0.0009268999856431037,2.168931430770011,0.5897709649858089,0.2969081180605402,0.3270044729819186,0.3463563147922244,0.11845819303476857,0.8943823633813279,0.3623702009314988,0.6666666666666666
bulk,dad,19,60.0,60.0,0.0011588729976210743,0.0018437619582982734,1.8860135007756436,0.013624656549291458,0.19290162703960656,0.22655612141004122,0.0,0.0,0.6030236143928601,0.30018919696695034,0.75
bulk,dad,19,120.0,120.0,0.002139629068551585,0.0036743339151144028,1.8054405054901885,0.013624656549291458,0.0,0.0,0.0,0.0,0.442481552209225,0.27067198878563364,1.0
bulk,dad,19,180.0,180.0,0.0031539730698568746,0.005715889885323122,1.749957128224391,0.0,0.0,0.0,0.0,0.0,0.35312564043698885,0.2310791616775586,1.0
bulk,dad,19,240.0,240.0,0.00421524205012247,0.008286589829367585,1.726685926046352,0.0,0.0,0.0,0.0,0.0,0.2510464226207217,0.2254589040135671,1.0
bulk,dad,20,30.0,30.0,0.00077655995846726,0.0012054100225213915,1.7741377681112092,0.0,0.0,0.020082755897507965,0.029454721013035257,0.002555020552324039,0.4907147205049457,0.35492419549273124,0.75
bulk,dad,20,60.0,60.0,0.0014037109795026481,0.0023590640194015577,1.775973397395278,0.0,0.0,0.0,0.0,0.002555020552324039,0.5113114331059513,0.3287336573090515,0.8333333333333334
bulk,dad,20,120.0,120.0,0.0024820610124152154,0.004571820012643002,1.6141614413201228,0.0,0.0,0.0,0.01070172465259267,0.002555020552324039,0.24969544621214207,0.23444737068881386,0.9166666666666666
bulk,dad,20,180.0,180.0,0.0036195490247337148,0.006924629982677288,1.563567187003169,0.0,0.0,0.0,0.0,0.002555020552324039,0.15591886395401594,0.13801710610762816,0.9166666666666666
bulk,dad,20,240.0,240.0,0.004641114981495775,0.009249933005776256,1.5474442095196823,0.0,0.0,0.0,0.0,0.002555020552324039,0.10286817785419093,0.12718397045585425,0.9166666666666666
bulk,dad,21,30.0,30.0,0.0009226619149558246,0.001428068004315719,1.2968438851893083,0.0,0.16532876797195262,-2.220446049250313e-16,0.0,0.0,0.3477626198330696,0.4126134312339563,0.5833333333333334
bulk,dad,21,60.0,60.0,0.0014458299410762265,0.002335144017706625,1.2576293650251305,0.5066210951058145,0.2831579127290075,-2.220446049250313e-16,-2.220446049250313e-16,-2.220446049250313e-16,0.24687230905179586,0.3638121866490424,0.75
bulk,dad,21,120.0,120.0,0.002489111982868053,0.004239341054926626,1.2691633252899308,0.5066210951058145,0.16532876797195262,-2.220446049250313e-16,0.0,0.0,0.24149856888251148,0.32912656749956454,0.8333333333333334
bulk,dad,21,180.0,180.0,0.003580175995011814,0.006254503983655013,1.2435585449293167,0.0,0.16532876797195262,-2.220446049250313e-16,0.0,0.0,0.17536101785494254,0.3030033721927142,0.9166666666666666
bulk,dad,21,240.0,240.0,0.004601374064804986,0.008348859017132781,1.2269435522669425,0.0,0.16532876797195262,-2.220446049250313e-16,0.0,0.0,0.156415626028167,0.27781770811120027,1.0
bulk,dad,22,30.0,30.0,0.0005838130018673837,0.0008886540163075551,1.1224071823056476,0.0,0.0,0.0,0.01133212296564401,0.03387844389850869,0.18031876195700394,0.27560274719167877,0.5833333333333334
bulk,dad,22,60.0,60.0,0.001230364985531196,0.0019524180534062907,1.1042508276302936,0.0,0.0,0.0,0.01133212296564401,0.03387844389850869,0.18643135745549885,0.24008780114724737,0.6666666666666666
bulk,dad,22,120.0,120.0,0.0023240459704538807,0.004302407163777389,1.0954418234988272,0.0,0.0,0.0,0.01133212296564401,0.03387844389850869,0.18558567365749332,0.22938149937129992,0.8333333333333334
bulk,dad,22,180.0,180.0,0.003357987938215956,0.00699998416530434,1.0754041945515227,0.0,0.0,0.0,0.01133212296564401,0.03387844389850869,0.1671536460340995,0.20646175785180032,0.9166666666666666
bulk,dad,22,240.0,240.0,0.00435695392661728,0.009350225183879957,1.0534816914258536,0.0,0.0,0.0,0.01133212296564401,0.0,0.15104323731933186,0.1857420378417237,0.9166666666666666
bulk,dad,23,30.0,30.0,0.0005830270092701539,0.0009489470248809084,1.5689527081962933,0.13119808897110796,0.0,0.057648555700188675,0.047122060983008085,0.14580058448623634,0.20555700799888582,0.33615397302505795,0.6666666666666666
bulk,dad,23,60.0,60.0,0.0010993109608534724,0.0019421100005274639,1.5564150817026576,0.13119808897110796,0.0,0.057648555700188675,0.047122060983008085,0.083938844297204,0.1682782570901442,0.31383447195236785,0.8333333333333334
bulk,dad,23,120.0,120.0,0.002141637945896946,0.0038811639678897336,1.5495873545231689,0.0,0.0,0.057648555700188675,0.05957974378947861,0.04575479888921663,0.23244453088277572,0.3082934376816415,0.9166666666666666
bulk,dad,23,180.0,180.0,0.0031532099383184686,0.00573686690768227,1.4922182128845431,0.0,0.0,0.057648555700188675,0.05957974378947861,0.04575479888921663,0.20492967400151169,0.24556622400435282,1.0
bulk,dad,23,240.0,240.0,0.004180160874966532,0.007572230912046507,1.4396329225889242,0.0,0.0,0.057648555700188675,0.05957974378947861,0.010585479758978056,0.17350392981606794,0.19818294416095297,1.0
bulk,dad,24,30.0,30.0,0.0006649160495726392,0.0011257040168857202,1.4034374099684606,0.0,0.0,0.16317524349024204,0.13534423083561564,0.1361816154411727,0.2993000884259599,0.38203001170702394,0.9166666666666666
bulk,dad,24,60.0,60.0,0.0012483470345614478,0.002167689017369412,1.3403889364325856,0.0,0.0,0.16317524349024204,0.13534423083561564,0.0038006275140880508,0.2876549970034014,0.28229566115540694,0.9166666666666666
bulk,dad,24,120.0,120.0,0.002360564161790535,0.004163341058301739,1.3173819507782631,0.0,0.0,0.023989748424188884,0.13534423083561564,0.0038006275140880508,0.21113736475935652,0.2776364563693362,0.9166666666666666
bulk,dad,24,180.0,180.0,0.003395703184651211,0.005944804142927751,1.2947405575959283,0.0,0.0,0.0,0.115446150839149,0.0038006275140880508,0.15725992113203388,0.24603369800002547,0.9166666666666666
bulk,dad,24,240.0,240.0,0.004366015113191679,0.007621708238730207,1.3093968888214158,0.0,0.0,0.023989748424188884,0.13534423083561564,0.0038006275140880508,0.16373725035331368,0.22635725330619544,0.9166666666666666
bulk,dad,25,30.0,30.0,0.0006280080124270171,0.001016419002553448,2.0575929571594043,0.0,0.0,0.04411445270867598,0.00881038569320014,0.03920251163013988,0.6919689788279455,0.16011732095551504,0.6666666666666666
bulk,dad,25,60.0,60.0,0.0012181480560684577,0.002046364010311663,1.924075382986547,0.0,0.0,0.0,0.00881038569320014,0.0,0.2689100550501875,0.11564397347751451,0.8333333333333334
bulk,dad,25,120.0,120.0,0.002337281039217487,0.0043242440588073805,1.9115978192779994,0.0,0.0,0.0,0.00881038569320014,0.0,0.24460315397512356,0.1114475964513373,0.8333333333333334
bulk,dad,25,180.0,180.0,0.0033818869560491294,0.006573403094080277,1.9009735653512518,0.0,0.0,0.0,0.00881038569320014,0.0,0.2111488500102449,0.14178737574814063,0.9166666666666666
bulk,dad,25,240.0,240.0,0.004558692948194221,0.009383052049088292,1.8700852440947522,0.0,0.0,0.0,0.00881038569320014,0.0,0.18156933082675214,0.09524386568418214,0.9166666666666666
bulk,dad,26,30.0,30.0,0.0005444820271804929,0.000928860972635448,1.4732222987240222,0.0,0.0,0.0,0.0,0.048876935265202204,0.1993896661978115,0.5214290994971004,0.5833333333333334
bulk,dad,26,60.0,60.0,0.0010317620763089508,0.0017920409009093419,1.4650564992381014,0.27417859988238935,0.0,0.0,0.0,0.048876935265202204,0.20376903885510017,0.4889655652220924,0.8333333333333334
bulk,dad,26,120.0,120.0,0.0019669970351969823,0.003469756949925795,1.3256118062582285,0.0,0.0,0.0,0.0,0.0,0.1845368276462027,0.3838851783238085,0.9166666666666666
bulk,dad,26,180.0,180.0,0.0029137439996702597,0.005286411906126887,1.3379991253269428,0.27417859988238935,0.0,0.0,0.0,0.0,0.195952172948047,0.3446650134000809,0.9166666666666666
bulk,dad,26,240.0,240.0,0.0038723400502931327,0.007455364990164526,1.2864642809574418,0.0,0.0,0.0,0.0,0.0,0.11855293094376755,0.3102988254513525,0.9166666666666666
bulk,dad,27,30.0,30.0,0.0007943539822008461,0.0015981760661816224,2.090585714916214,0.0,0.0,0.0,0.0,0.0,1.0357585478493265,0.3037555159730161,0.6666666666666666
bulk,dad,27,60.0,60.0,0.0015027989720692858,0.0032385300582973287,2.023207771458305,0.0,0.0,0.0,0.0,0.02257782182154644,0.5827569652459182,0.30194146866682986,0.75
bulk,dad,27,120.0,120.0,0.0028735030064126477,0.006914985089679249,1.982000685596156,0.0,0.0,0.0,0.028809510472102784,0.02257782182154644,0.4382462621522804,0.27792065048831255,0.8333333333333334
bulk,dad,27,180.0,180.0,0.004246270065777935,0.010782517143525183,1.9204240179432432,0.0,0.0,0.0,0.028809510472102784,0.02257782182154644,0.33481989285322067,0.24217579559278832,0.9166666666666666
bulk,dad,27,240.0,240.0,0.00558708599419333,0.014434358119615354,1.902274643588296,0.0,0.0,0.0,0.028809510472102784,0.02257782182154644,0.3426297595521479,0.22632722524637938,1.0
bulk,dad,28,30.0,30.0,0.0005750440031988546,0.0009551700059091672,2.084750089229943,0.0,0.062279563575025176,0.013892072926463883,0.10747216362649081,0.13428982801080502,0.8112641715705369,0.34142167584107497,0.75
bulk,dad,28,60.0,60.0,0.0011501289554871619,0.0019357019918970764,1.9250714175054584,0.0,0.062279563575025176,0.013892072926463883,0.14954789335186258,0.03778282917670339,0.5842481176812825,0.2613879308984984,0.9166666666666666
bulk,dad,28,120.0,120.0,0.002206851917435415,0.003869300038786605,1.8302246077806748,0.0,0.062279563575025176,0.013892072926463883,0.0,0.0377828291767035,0.42684295801198446,0.19033175287236775,0.9166666666666666
bulk,dad,28,180.0,180.0,0.003350453989696689,0.006234442029381171,1.7895561909042084,0.0,0.062279563575025176,0.013892072926463883,0.0,0.0,0.35321645770147186,0.1607071775504447,1.0
bulk,dad,28,240.0,240.0,0.004471844949875958,0.008690930044394918,1.795252838786703,0.0,0.062279563575025176,0.013892072926463883,0.0,0.0,0.3725509831668836,0.1831710990823851,1.0
bulk,dad,29,30.0,30.0,0.000581815023906529,0.0009230729483533651,1.84832012100472,0.0,0.0,0.03194717220836074,0.11316824372198753,0.0777595927101864,0.6026181898286472,0.4322244207818085,0.6666666666666666
bulk,dad,29,60.0,60.0,0.0011120849812868983,0.0017959409451577812,1.7062783089694953,0.0,0.0,0.03194717220836074,0.02762468593994405,0.0,0.34827487608183294,0.3875326050667985,0.75
bulk,dad,29,120.0,120.0,0.002151729044271633,0.00379664906358812,1.6582288010732038,0.0,0.0,0.03194717220836074,0.02698612583548532,0.0,0.26793647307167,0.354634051460291,1.0
bulk,dad,29,180.0,180.0,0.0033612511033425108,0.006479574090917595,1.6218349789037079,0.0,0.0,0.0,0.0,0.0,0.2396330800992509,0.3124863396633272,1.0
bulk,dad,29,240.0,240.0,0.004419609162141569,0.008854159110342152,1.5945064240655469,0.0,0.0,0.0,0.02698612583548532,0.0,0.17132109816863256,0.27565551099556085,1.0
bulk,dad,30,30.0,30.0,0.0005741330678574741,0.0010940450010821223,2.0463896608800156,0.0,0.0,0.004243958624088107,0.018905881100813926,0.025950969699469528,0.5828953913042997,0.382862300130745,0.6666666666666666
bulk,dad,30,60.0,60.0,0.0011076970549765974,0.002324834043974988,2.065632486155503,0.0,0.0,0.004243958624088107,0.02510016703458673,0.024400912098579086,0.442777951684852,0.3957442286853734,0.8333333333333334
bulk,dad,30,120.0,120.0,0.0021944070467725396,0.004623423010343686,1.75061040566249,0.0,0.0,0.004243958624088107,0.0,0.0,0.302888216558048,0.2407645404812436,1.0
bulk,dad,30,180.0,180.0,0.0032187430770136416,0.006898352046846412,1.725687462108359,0.0,0.0,0.004243958624088107,0.0,0.006021721942136127,0.19205771824595558,0.21804965575423493,1.0
bulk,dad,30,240.0,240.0,0.004282831054297276,0.009164150978904217,1.7027552061328928,0.0,0.0,0.0,0.0,0.006021721942136127,0.1543918469755396,0.21263261273381615,1.0
bulk,dad,31,30.0,30.0,0.0008021189860301092,0.0013146620040060952,1.919174388922377,0.0,0.2167265226866103,0.28477841936924686,0.13679503035476748,0.2017829123467495,0.39562812094544486,0.45699429264262414,0.75
bulk,dad,31,60.0,60.0,0.0015071249945322052,0.0024493519886163995,1.7700728575821911,0.0,0.2167265226866103,0.15405314973446804,0.028609626661081577,0.10912415552647936,0.31560006603765484,0.37961917956600777,0.9166666666666666
bulk,dad,31,120.0,120.0,0.0028449929086491466,0.004734520975034684,1.8003062038439408,0.0,0.2382762539420289,0.28477841936924686,0.24053005381477077,0.14455472253744805,0.32901950079235553,0.339727969461013,1.0
bulk,dad,31,180.0,180.0,0.004188300023088232,0.0070450330240419134,1.6733166052427089,0.0,0.16809201236302407,0.2502081258571053,0.14016784834731866,0.031204027033697512,0.23029101173858918,0.28704663970823735,1.0
bulk,dad,31,240.0,240.0,0.005530375026864931,0.009301258003688417,1.6090469173172677,0.0,0.0,0.08083703563858746,0.09550860769508052,0.11300534729052192,0.16341828257079963,0.258661637251424,1.0
bulk,dad,32,30.0,30.0,0.0008100940176518634,0.0012651639990508556,2.068154088033921,0.0,0.03314572155992468,0.11652665134227669,0.09957312980862609,0.0,0.6876716773840995,0.42314704994957847,0.75
bulk,dad,32,60.0,60.0,0.0015167870442382991,0.0024173950077965856,1.849946186028496,0.0,0.03314572155992468,0.0,0.001668986130187733,-2.220446049250313e-16,0.2552100598601806,0.37606414087680345,0.75
bulk,dad,32,120.0,120.0,0.0028835909615736455,0.005132865946507081,1.8248040337861287,0.0,0.0,0.0,0.001668986130187733,-2.220446049250313e-16,0.27836175939928953,0.3476331913803938,0.8333333333333334
bulk,dad,32,180.0,180.0,0.004228782883728854,0.008174536967999302,1.824107160137056,0.0,0.0,0.0,0.001668986130187733,-2.220446049250313e-16,0.27174871384550087,0.3328270673679095,0.9166666666666666
bulk,dad,32,240.0,240.0,0.005598419942543842,0.011506681010359898,1.8146017678310171,0.0,0.0,0.0,0.0,0.0,0.23957584511278088,0.3611085153233436,1.0
bulk,dad,33,30.0,30.0,0.0007963889802340418,0.0012394360092002898,1.857913052066376,0.13018507767653065,0.0,0.038614398775764225,0.0,0.05157533141990789,0.4044537963322742,0.41938135643361457,0.6666666666666666
bulk,dad,33,60.0,60.0,0.001489611982833594,0.002488949990947731,1.6253574788420242,0.13018507767653065,0.0,0.038614398775764225,0.0,0.0,0.30193132749266743,0.2866447682715932,0.9166666666666666
bulk,dad,33,120.0,120.0,0.002863478017388843,0.005050343097536825,1.6151320572807784,0.13018507767653065,0.0,0.038614398775764225,0.04593475858188267,0.0,0.2247741662420866,0.25962319689798424,1.0
bulk,dad,33,180.0,180.0,0.004210538012557663,0.008048694129684009,1.5757778894821264,0.13018507767653065,0.0,0.038614398775764225,0.04593475858188267,0.0,0.24339536135151732,0.21583834516577172,1.0
bulk,dad,33,240.0,240.0,0.005628695085761137,0.011406743098632433,1.6032765560922073,0.13018507767653065,0.0,0.038614398775764225,0.0,0.0,0.31180177329512143,0.2154587929255763,1.0
bulk,dad,34,30.0,30.0,0.0007967099954839796,0.0012761029647663236,1.77637750980436,0.0,0.0,0.07416692577238249,0.06486804845476124,0.09630104352808033,0.4124324546144774,0.30681739322055895,0.5833333333333334
bulk,dad,34,60.0,60.0,0.001495842996519059,0.0025000579917104915,1.6821358126953967,0.0,0.0,0.07416692577238249,0.06486804845476124,0.09630104352808033,0.2478187022148985,0.25863464701916655,0.8333333333333334
bulk,dad,34,120.0,120.0,0.0028814589604735374,0.005069464008556679,1.6638558056560857,0.0,0.0,0.038726929914689845,0.06486804845476124,0.0,0.20401672597552023,0.23303465144730834,0.9166666666666666
bulk,dad,34,180.0,180.0,0.004243674935423769,0.007922999953734688,1.5827191119951924,0.0,0.0,0.0,0.030996611287202547,0.0,0.13018366715604326,0.1841810835293427,1.0
bulk,dad,34,240.0,240.0,0.005628105980576947,0.01073388202348724,1.563232143996035,0.0,0.0,0.0,0.030996611287202547,0.0,0.12377951644700755,0.1647248833850255,1.0
bulk,dad,35,30.0,30.0,0.000603378051891923,0.0009412199433427304,1.8646956258670722,0.2999774708406655,0.0,0.0,0.0,0.006847707704469963,0.7826384685124567,0.22101467493125415,0.75
bulk,dad,35,60.0,60.0,0.0011404700635466725,0.0018929299694718793,1.7812199915640867,0.0,0.0,0.0,0.0,0.006847707704469963,0.5498630620427731,0.21815698204762726,0.75
bulk,dad,35,120.0,120.0,0.002340678052860312,0.004661489816498943,1.7691170323187118,0.2999774708406655,0.0,0.0,0.0,0.006847707704469963,0.5328686816645266,0.1933155327717638,0.9166666666666666
bulk,dad,35,180.0,180.0,0.003450249118031934,0.007564118757727556,1.6928274056995427,0.0,0.0,0.0,0.0,0.006847707704469963,0.20996097821690876,0.18099434004711026,0.9166666666666666
bulk,dad,35,240.0,240.0,0.00452421119553037,0.010414821808808483,1.6811232356640307,0.0,0.0,0.0,0.0,0.006847707704469963,0.2564980063425613,0.18333365487557268,0.9166666666666666
bulk,dad,36,30.0,30.0,0.0007810370007064193,0.0012245600228197873,2.05798040074212,0.4834803781595589,0.4113857117893147,0.0761885409816343,0.14176656464664206,0.12552908804421492,0.40556838049507465,0.3938749719641352,0.75
bulk,dad,36,60.0,60.0,0.0014810629654675722,0.002348015026655048,1.9852246825725093,0.4402217558216105,0.30996738155828774,0.0,0.029790611246678256,0.028767929082627153,0.31693658377560935,0.3763550114639273,0.75
bulk,dad,36,120.0,120.0,0.0028446099458960816,0.004689696012064815,2.011429071820926,0.4402217558216105,0.0,0.0,0.033291419004691014,0.028767929082627153,0.3055436223335922,0.3815771778629188,0.9166666666666666
bulk,dad,36,180.0,180.0,0.00422869595058728,0.006974579024245031,1.7027880227288181,0.0,0.0,0.0,0.033291419004691014,0.06355445844648167,0.18267081418938758,0.14781549437737235,1.0
bulk,dad,36,240.0,240.0,0.005574395952862687,0.009209594092681073,1.6749775497540769,0.0,0.0,0.0,0.07004699958261973,0.06355445844648167,0.15090763778343064,0.11230849981604232,1.0
bulk,dad,37,30.0,30.0,0.0007992079627001658,0.0012353880156297237,2.0234682955506478,0.1272886183430063,0.09793574789343917,0.0,0.0,0.021157747497572155,0.5298490824695846,0.22556403949517254,0.75
bulk,dad,37,60.0,60.0,0.00150301493704319,0.0026276070275343955,1.9790655489974907,0.0,0.02996552055900603,0.0,0.0,0.021157747497572155,0.42942405055078553,0.22133202032796245,0.9166666666666666
bulk,dad,37,120.0,120.0,0.0029298449953785166,0.006601341025088914,1.85599330947694,0.0,0.02996552055900603,0.0,0.0,0.0,0.24594900753123874,0.1359985942458892,1.0
bulk,dad,37,180.0,180.0,0.004316927035688423,0.010499630981939845,1.8438590144198859,0.0,0.0,0.0,0.0,0.0,0.11908596792144326,0.11045815133950261,1.0
bulk,dad,37,240.0,240.0,0.005695796979125589,0.014394387981155887,1.848082563627617,0.0,0.02996552055900603,0.0,0.0,0.0,0.16379589247005927,0.10464828215386349,1.0
bulk,dad,38,30.0,30.0,0.0008035020291572437,0.0015770290046930313,1.8453533338626105,0.0,0.0,0.018690190473064305,0.0,0.0003266813186881823,0.3744467483509598,0.3515533992452103,0.75
bulk,dad,38,60.0,60.0,0.0014978370600147173,0.0033299069909844548,1.7666352575599078,0.0,0.0,0.018690190473064305,0.0,0.0003266813186881823,0.2731718140974617,0.2944486375839973,0.8333333333333334
bulk,dad,38,120.0,120.0,0.0028787550545530394,0.006913872988661751,1.7531870424875773,0.0,0.0,0.018690190473064305,0.0,0.0003266813186881823,0.24645456096845048,0.2694366230066311,1.0
bulk,dad,38,180.0,180.0,0.004214480082737282,0.01026526396162808,1.752523149708228,0.0,0.0,0.018690190473064305,0.0,0.0003266813186881823,0.333021640965903,0.23100117441733134,1.0
bulk,dad,38,240.0,240.0,0.005578750075073913,0.013785872928565368,1.7221936789116616,0.0,0.0,0.018690190473064305,0.0,0.0003266813186881823,0.25610164964196336,0.22661217370287284,1.0
bulk,dad,39,30.0,30.0,0.0006941549945622683,0.0011270669783698395,1.8194831113127738,0.0,0.0,0.03937405229126123,0.03527349595602003,0.0,0.543567318002238,0.4177528640659949,0.75
bulk,dad,39,60.0,60.0,0.0013006769149797037,0.0023331159754889086,1.793657477986974,0.0,0.0,0.03937405229126123,0.01788332443649754,0.0,0.36357521213371125,0.37722558733812384,0.9166666666666666
bulk,dad,39,120.0,120.0,0.002422532925265841,0.004585049900924787,1.8587085470103857,0.0,0.0,0.03937405229126123,0.01788332443649754,0.0,0.42008833489741093,0.3432309933339198,1.0
bulk,dad,39,180.0,180.0,0.0036179020098643377,0.006836705782916397,1.711017293195259,0.0,0.0,0.03937405229126123,0.03527349595602003,0.0,0.34662442406799254,0.282829354862442,1.0
bulk,dad,39,240.0,240.0,0.004734294983791187,0.009295385825680569,1.6606804021057193,0.0,0.0,0.03937405229126123,0.01788332443649754,0.0,0.3086961327760009,0.24414506018613485,1.0
bulk,dad,40,30.0,30.0,0.0007485689711757004,0.0023035940248519182,1.3741129599442183,0.0,0.0,0.08953253272237638,0.02163201037000595,0.015356502559888296,0.24140176320246926,0.30832892022578284,0.6666666666666666
bulk,dad,40,60.0,60.0,0.001405548959155567,0.003501044018776156,1.3275820929546733,0.02590319911044281,0.0,0.0674955332887105,0.07697040355533669,0.018385914102166057,0.2060002674605345,0.28798366214104587,0.6666666666666666
bulk,dad,40,120.0,120.0,0.0026611219363985583,0.007689863006817177,1.3187804777360421,0.0,0.0,0.0674955332887105,0.07697040355533669,0.06239082467116719,0.18835735679147939,0.2888246194086849,0.8333333333333334
bulk,dad,40,180.0,180.0,0.0036102789599681273,0.009399994043633342,1.2691999621842518,0.0,0.0,0.0674955332887105,0.05533839318533085,0.0,0.12718476051549546,0.27407174415431723,0.9166666666666666
bulk,dad,40,240.0,240.0,0.0045379519870039076,0.011075442977016792,1.2778094863285028,0.0,0.0,0.0674955332887105,0.05533839318533085,0.0,0.13760397356398668,0.27246924254368826,1.0
bulk,dad,41,30.0,30.0,0.0005929940089117736,0.0010151070746360347,1.271933985582603,0.0,0.11672176412096102,0.0,0.03753040946664843,0.03524629515005373,0.23470782786242245,0.49575977615883243,0.5833333333333334
bulk,dad,41,60.0,60.0,0.0012600410118466243,0.0021981910831527784,1.258029328205261,0.0,0.11672176412096102,0.0,0.03753040946664843,0.04051016716048483,0.17494417630533265,0.46096998467756434,0.75
bulk,dad,41,120.0,120.0,0.0022911950218258426,0.004303744077333249,1.2718122437989747,0.0,0.11672176412096102,0.0,0.007362309966399527,0.04051016716048483,0.16640932659671637,0.40911478072629986,0.9166666666666666
bulk,dad,41,180.0,180.0,0.003371854079887271,0.00656009407248348,1.2017201754311981,0.0,0.0,0.0,0.0,0.005263872010431103,0.09614974854909197,0.3553027795086078,0.9166666666666666
bulk,dad,41,240.0,240.0,0.00438673110329546,0.00872035305656027,1.1927695240251526,0.0,0.0,0.0,0.0,0.0,0.10424435677716584,0.3256300137124376,1.0
bulk,dad,42,30.0,30.0,0.0006617239996558055,0.0010155310446862131,1.4520953028624277,0.0,0.006554568656070292,0.0,0.0061085278771148,-2.220446049250313e-16,0.2824591435546774,0.4076219509971269,0.75
bulk,dad,42,60.0,60.0,0.001187065994599834,0.0019792520761257038,1.4091881551753314,0.0,0.006554568656070292,0.0,0.0,0.0,0.15044810816006524,0.353866692395779,0.9166666666666666
bulk,dad,42,120.0,120.0,0.0022404679475585,0.004031121177831665,1.399755526647839,0.0,0.0,0.0,0.0,0.0,0.24316057644084163,0.2920893204520644,1.0
bulk,dad,42,180.0,180.0,0.0032343860366381705,0.006202194141224027,1.3830109902037104,0.0,0.006554568656070292,0.0,0.0,0.0,0.21367187172504162,0.23884794266625065,1.0
bulk,dad,42,240.0,240.0,0.004311687094741501,0.008631265125586651,1.3583454174618106,0.0,0.006554568656070292,0.0,0.0,0.0,0.17359623599084792,0.20360864871408985,1.0
bulk,dad,43,30.0,30.0,0.0005576830153586343,0.000868139904923737,1.4635344458783395,0.0,0.0,0.0,0.0,0.0036570929906859506,0.49097007056454733,0.40859836757059137,0.5833333333333334
bulk,dad,43,60.0,60.0,0.0010974700708175078,0.0020480949169723317,1.3702798766283146,0.0,0.0,0.0,0.0,0.0036570929906859506,0.22897617396130657,0.35014597048048407,0.8333333333333334
bulk,dad,43,120.0,120.0,0.0020958350942237303,0.004378667930723168,1.3688301428477165,0.0,0.0,0.0,0.0,0.0036570929906859506,0.2882907874887201,0.3110756154682393,0.9166666666666666
bulk,dad,43,180.0,180.0,0.0030814040801487863,0.006746688959538005,1.3625204832751783,0.0,0.0,0.0,0.0,0.0036570929906859506,0.17354163217311738,0.2732437053151094,1.0
bulk,dad,43,240.0,240.0,0.004188885053736158,0.009146978962235153,1.3976700411813765,0.0,0.0,0.040257238286312225,0.0,0.0036570929906859506,0.27677650810626436,0.297077942221397,1.0
bulk,dad,44,30.0,30.0,0.0007593999471282586,0.0012558139860630035,1.5507035973975396,0.0,0.08667654201849351,0.050716923998323504,-2.220446049250313e-16,0.007038657094168621,0.33467702018451384,0.2742848082391228,0.8333333333333334
bulk,dad,44,60.0,60.0,0.001423038964276202,0.002451563937938772,1.4736440785509977,0.0,0.08667654201849351,0.050716923998323504,-2.220446049250313e-16,0.007038657094168621,0.14743536915185654,0.22456478670679048,0.8333333333333334
bulk,dad,44,120.0,120.0,0.002718964999075979,0.004907248949166387,1.4590990875849288,0.0,0.0,0.050716923998323726,0.0,0.007038657094168843,0.14896584679007732,0.2150621153080556,0.8333333333333334
bulk,dad,44,180.0,180.0,0.004012864985270426,0.007553799878223799,1.4544456578339375,0.0,0.0,0.050716923998323726,0.0,0.0,0.15164443584834525,0.19781774206189282,0.9166666666666666
bulk,dad,44,240.0,240.0,0.005324629048118368,0.010142117855139077,1.4504832444278613,0.0,0.0,0.0,0.0,0.0,0.12946460828685719,0.21423475541307693,0.9166666666666666
bulk,dad,45,30.0,30.0,0.0006071059178793803,0.0009179979824693874,1.3384446079619352,0.0,0.0,0.0,0.012785133383092617,0.05767650512651157,0.12099259867764987,0.3119787543102667,0.5833333333333334
bulk,dad,45,60.0,60.0,0.0011141269787913188,0.0018129369855159894,1.3452085669673082,0.0,0.0,0.0,0.012785133383092617,0.0508326217950722,0.12053669001914877,0.3053045652339454,0.75
bulk,dad,45,120.0,120.0,0.0020934630156261846,0.003547837899532169,1.3406728300346051,0.17077981014696364,0.0,0.0,0.012785133383092617,0.0508326217950722,0.136449172715894,0.29117404687087467,1.0
bulk,dad,45,180.0,180.0,0.0030660570482723415,0.005252706905594096,1.2979815106173964,0.0,0.0,0.0,0.05489582190262998,0.0508326217950722,0.11050982501167265,0.2603852142052942,1.0
bulk,dad,45,240.0,240.0,0.0040383851155638695,0.007002455939073116,1.2857996791385524,0.0,0.0,0.0,0.012785133383092617,0.0508326217950722,0.08357991559714963,0.23359030800683672,1.0
bulk,dad,46,30.0,30.0,0.000753379033994861,0.0012358170351944864,1.2543634242129804,0.0,0.002321576897565847,0.082600186713495,0.10711874996580584,0.10217817050568123,0.24007734174348674,0.26988732769832036,0.75
bulk,dad,46,60.0,60.0,0.001417412087903358,0.002370359026826918,1.283557065043681,0.0,0.002321576897565847,0.01874117803702735,0.07357813028199134,0.0709974626406581,0.2812492071823488,0.3077361033290221,0.75
bulk,dad,46,120.0,120.0,0.0027016010571969673,0.0045806580455973744,1.2409297551676888,0.0,0.0,0.0,0.05688396899602044,0.02170091555721365,0.222220125673893,0.25508396953541224,0.8333333333333334
bulk,dad,46,180.0,180.0,0.003968191085732542,0.0067036360705969855,1.191272777374061,0.0,0.0,0.0,0.0,0.02170091555721365,0.12390622484141448,0.19098542449848688,0.8333333333333334
bulk,dad,46,240.0,240.0,0.005241019098320976,0.0091568910429487,1.184639452359247,0.0,0.002321576897565847,0.01874117803702735,0.0,0.02170091555721365,0.08580768520089177,0.16361566473691785,0.9166666666666666
bulk,dad,47,30.0,30.0,0.0007526940025854856,0.0011600159778026864,1.6672728904120362,0.0,0.0,0.0,0.0,0.0,0.36302509342268857,0.3896463797243378,0.6666666666666666
bulk,dad,47,60.0,60.0,0.0014188810455380008,0.0023159059492172673,1.6989024311024818,0.36134131335136177,0.0,0.0,0.0,0.0,0.5279464446583317,0.36777991033408886,0.9166666666666666
bulk,dad,47,120.0,120.0,0.0027217780298087746,0.004879115949734114,1.5321943016023178,0.0,0.0,0.0,0.0,0.0,0.2397971217075238,0.24587433863216812,0.9166666666666666
bulk,dad,47,180.0,180.0,0.004018777050077915,0.007866354964789934,1.5260680340185868,0.0,0.0,0.0,0.0,0.0,0.23601834053326595,0.21823270039726725,0.9166666666666666
bulk,dad,47,240.0,240.0,0.005332822023774497,0.011315300929709338,1.5177042682661843,0.0,0.0,0.0,0.0,0.0,0.24051565777499004,0.19369396229328767,1.0
bulk,dad,48,30.0,30.0,0.0007386419456452131,0.0013045690284343436,1.2096196455502712,0.0,0.0,0.1082155810492208,0.0,0.0,0.2566370194446453,0.2879262254747068,0.75
bulk,dad,48,60.0,60.0,0.00141045700001996,0.0025232260377379134,1.1791436734213936,0.0,0.0,0.0,0.0,0.0,0.17191659101682807,0.24783889849481713,0.8333333333333334
bulk,dad,48,120.0,120.0,0.0026908590079983696,0.004942718063830398,1.1286274276790242,0.0,0.0,0.0,0.0,0.0,0.07312961787248343,0.18755698481502472,0.9166666666666666
bulk,dad,48,180.0,180.0,0.003956422035116702,0.007299138043890707,1.1343523648468674,0.0,0.0,0.0,0.0,0.0,0.11575678760875766,0.17407761522567403,0.9166666666666666
bulk,dad,48,240.0,240.0,0.005231862989603542,0.00949870799377095,1.1298556176855092,0.0,0.0,0.0,0.0,0.0,0.11052704278808134,0.15216247180032189,1.0
bulk,dad,49,30.0,30.0,0.000752375039155595,0.001221226018969901,1.494862095095656,0.0,0.06462219251272905,0.0,0.0570228375700369,0.0,0.2971977491719332,0.26168116612150444,0.6666666666666666
bulk,dad,49,60.0,60.0,0.0014077750383876264,0.0024412909988313913,1.4737387605787606,0.0,0.06462219251272905,0.0,0.0,0.0,0.17122811558382156,0.21454673377041,0.9166666666666666
bulk,dad,49,120.0,120.0,0.0026665149634936824,0.004757519054692239,1.4465874451654683,0.0,0.0,0.0,0.0,0.0,0.10631088310957047,0.16884913660302664,1.0
bulk,dad,49,180.0,180.0,0.0039346069388557225,0.00765921498532407,1.4583596214417727,0.0,0.06462219251272905,0.0,0.0,0.0,0.15584037269495699,0.15788844724479242,1.0
bulk,dad,49,240.0,240.0,0.005393961924710311,0.010939899031654932,1.4477279484987085,0.0,0.0,0.0,0.0,0.0,0.11954728321361555,0.13256332179447572,1.0
