setting,a,b,n,mean_diff,ci_lo,ci_hi,a_better,t,p_t,p_wilcoxon,p_t_holm,p_wilcoxon_holm
bulk,eig,eig@gamma-poisson,50,-0.011385156343377558,-0.018573979055835348,-0.004196333630919767,37,-3.1826251910271677,0.0025348772156020723,0.00029800364072762875,0.10167021407015078,0.012218149269832779
bulk,eig,eig@gammamix-poisson,50,-0.011402846887653724,-0.018585474894097825,-0.004220218881209624,37,-3.19031957629525,0.0024797613187841653,0.0002857006608838475,0.10167021407015078,0.011999427757121595
bulk,eig,eig@logskewnormal-quad,50,-0.005525702085982682,-0.011248521374987486,0.00019711720302212094,28,-1.9403572817822134,0.05810185797903436,0.04944640680060175,1.0,1.0
bulk,eig,eig@logskewnormal-poisson,50,-0.01070770872721578,-0.019718512976190858,-0.001696904478240703,28,-2.3880161759204794,0.020838866821357386,0.07556206690378708,0.7501992055688659,1.0
bulk,eig,eig@logskewnormal-poisson-m8k,50,-0.013074273075981609,-0.02536652943097262,-0.000782016720990597,30,-2.137421695268361,0.03757938122876365,0.020120643634562896,1.0,0.6841018835751385
bulk,eig,systematic,50,-0.012574384249471125,-0.020662664579747796,-0.004486103919194457,33,-3.1241710447764293,0.0029928861719614812,0.0033148150460355907,0.11672256070649777,0.12927778679538804
bulk,eig,random,50,-0.10931693875694133,-0.13520588145759174,-0.0834279960562909,49,-8.485499607490874,3.491115648623356e-11,5.329070518200751e-15,3.072181770788553e-09,4.3165471197426086e-13
bulk,eig,d-optimality,50,-0.0006596229085260519,-0.005129733387970056,0.0038104875709179527,30,-0.2965389488498713,0.7680718433867234,0.15430250303892734,1.0,1.0
bulk,eig,thompson,50,-0.2113356569752718,-0.2512002009674668,-0.17147111298307674,50,-10.653449417685424,2.3610871206066275e-14,1.7763568394002505e-15,2.479141476636959e-12,1.865174681370263e-13
bulk,eig,lucb,50,-0.11165085816179472,-0.13400867481975712,-0.08929304150383233,48,-10.035452173111254,1.7897827944715993e-13,9.769962616701378e-14,1.7897827944715992e-11,7.52287121486006e-12
bulk,eig,lucb@gamma-poisson,50,-0.11000121054480587,-0.13659805936612882,-0.08340436172348292,48,-8.311349598222295,6.409210830958521e-11,6.590283874174929e-13,5.576013422933913e-09,4.745004389405949e-11
bulk,eig,dad,50,-0.007377193516031653,-0.01429872394810781,-0.0004556630839554947,32,-2.1418710146277187,0.03720072842513026,0.02122367163684835,1.0,0.7003811640159956
bulk,eig,bo-ei@gp-poisson,50,-0.34091443752332135,-0.4547309546096555,-0.22709792043698715,50,-6.019277598409027,2.1857222295791217e-07,1.7763568394002505e-15,1.4862911161138028e-05,1.865174681370263e-13
bulk,eig,bo-ei@gp-poisson-cat,50,-0.3363523473090513,-0.4494418207194404,-0.22326287389866215,50,-5.97690773260306,2.540156319715993e-07,1.7763568394002505e-15,1.6765031710125553e-05,1.865174681370263e-13
bulk,eig@gamma-poisson,eig@gammamix-poisson,50,-1.7690544276165453e-05,-0.00014123643318777974,0.00010585534463544884,4,-0.2877512155354161,0.7747507439420087,0.9636573567300379,1.0,1.0
bulk,eig@gamma-poisson,eig@logskewnormal-quad,50,0.005859454257394876,-0.0007374440506526308,0.012456352565442384,14,1.784931892066304,0.08046333966082021,0.008333363871146915,1.0,0.30000109936128894
bulk,eig@gamma-poisson,eig@logskewnormal-poisson,50,0.0006774476161617771,-0.007758627116214067,0.009113522348537621,23,0.16137623208412902,0.8724606395906856,0.35217499509373695,1.0,1.0
bulk,eig@gamma-poisson,eig@logskewnormal-poisson-m8k,50,-0.0016891167326040502,-0.016529924851695514,0.013151691386487413,21,-0.22872118089682245,0.8200375414739403,0.08054833435456032,1.0,1.0
bulk,eig@gamma-poisson,systematic,50,-0.0011892279060935662,-0.00941545803250839,0.007037002220321258,27,-0.29051496428659157,0.7726483451035326,0.6118509675549912,1.0,1.0
bulk,eig@gamma-poisson,random,50,-0.09793178241356376,-0.12409239720182812,-0.0717711676252994,44,-7.522808101379613,1.0321610846530913e-09,4.9116266609416925e-12,7.997678966952976e-08,3.1925573296121e-10
bulk,eig@gamma-poisson,d-optimality,50,0.010725533434851506,0.0029770948166515923,0.01847397205305142,18,2.7816915713899766,0.007655395146967884,0.004178445711550793,0.28491719740939925,0.15460249132737935
bulk,eig@gamma-poisson,thompson,50,-0.1999505006318942,-0.24086267072951245,-0.15903833053427596,50,-9.821419244266416,3.6489090214966943e-13,1.7763568394002505e-15,3.57593084106676e-11,1.865174681370263e-13
bulk,eig@gamma-poisson,lucb,50,-0.10026570181841715,-0.1224812270566804,-0.07805017658015391,46,-9.069849546506934,4.64026033432549e-12,1.0192735544478637e-11,4.269039507579451e-10,6.421423393021541e-10
bulk,eig@gamma-poisson,lucb@gamma-poisson,50,-0.0986160542014283,-0.12496130842469512,-0.07227079997816148,44,-7.522280059516969,1.0340968910277398e-09,2.994404724177002e-11,7.997678966952976e-08,1.7666987872644313e-09
bulk,eig@gamma-poisson,dad,50,0.004007962827345906,-0.004809394577900087,0.012825320232591898,24,0.9134599493921863,0.36547360275574464,0.6051405400941228,1.0,1.0
bulk,eig@gamma-poisson,bo-ei@gp-poisson,50,-0.32952928117994373,-0.4434636912212992,-0.21559487113858827,49,-5.812237787757407,4.549944581437997e-07,3.552713678800501e-15,2.5301925850764894e-05,3.055333763768431e-13
bulk,eig@gamma-poisson,bo-ei@gp-poisson-cat,50,-0.3249671909656737,-0.43709448688595354,-0.2128398950453939,50,-5.824148477712054,4.362401008752568e-07,1.7763568394002505e-15,2.5301925850764894e-05,1.865174681370263e-13
bulk,eig@gammamix-poisson,eig@logskewnormal-quad,50,0.005877144801671041,-0.0007230505644715123,0.012477340167813595,15,1.789426525015664,0.07972746319925873,0.00939211543820484,1.0,0.3287240403371694
bulk,eig@gammamix-poisson,eig@logskewnormal-poisson,50,0.0006951381604379425,-0.00774039886372411,0.009130675184599995,23,0.16560088938006012,0.8691524169086875,0.35217499509373695,1.0,1.0
bulk,eig@gammamix-poisson,eig@logskewnormal-poisson-m8k,50,-0.0016714261883278847,-0.016513010172368718,0.013170157795712947,21,-0.22631389495654988,0.8218987207268434,0.08401577354329604,1.0,1.0
bulk,eig@gammamix-poisson,systematic,50,-0.0011715373618174007,-0.009381669997311382,0.00703859527367658,27,-0.28675449912975925,0.775509370415954,0.6051405400941228,1.0,1.0
bulk,eig@gammamix-poisson,random,50,-0.09791409186928761,-0.12408233932676667,-0.07174584441180855,44,-7.519255338220245,1.0452559899023121e-09,5.707434524993005e-12,7.997678966952976e-08,3.652758095995523e-10
bulk,eig@gammamix-poisson,d-optimality,50,0.010743223979127671,0.0030037941919696673,0.018482653766285675,18,2.78952293245312,0.007497820984457874,0.003913313547160513,0.28491719740939925,0.1487059147920995
bulk,eig@gammamix-poisson,thompson,50,-0.1999328100876181,-0.24085242116274297,-0.15901319901249322,50,-9.818764491776493,3.681416849559451e-13,1.7763568394002505e-15,3.57593084106676e-11,1.865174681370263e-13
bulk,eig@gammamix-poisson,lucb,50,-0.10024801127414099,-0.12247081952355432,-0.07802520302472765,46,-9.06527738380161,4.713491054815123e-12,1.0192735544478637e-11,4.289276859881762e-10,6.421423393021541e-10
bulk,eig@gammamix-poisson,lucb@gamma-poisson,50,-0.09859836365715215,-0.12494439160077522,-0.07225233571352907,44,-7.520709780270141,1.0398751108266962e-09,2.994404724177002e-11,7.997678966952976e-08,1.7666987872644313e-09
bulk,eig@gammamix-poisson,dad,50,0.004025653371622071,-0.004783831520175723,0.012835138263419865,24,0.9183117319844349,0.3629540232324339,0.6118509675549912,1.0,1.0
bulk,eig@gammamix-poisson,bo-ei@gp-poisson,50,-0.3295115906356675,-0.44344626306516854,-0.21557691820616645,49,-5.811912377228609,4.55517930882511e-07,3.552713678800501e-15,2.5301925850764894e-05,3.055333763768431e-13
bulk,eig@gammamix-poisson,bo-ei@gp-poisson-cat,50,-0.3249495004213976,-0.4370717663082748,-0.21282723453452038,50,-5.824092692018867,4.3632612437232526e-07,1.7763568394002505e-15,2.5301925850764894e-05,1.865174681370263e-13
bulk,eig@logskewnormal-quad,eig@logskewnormal-poisson,50,-0.005182006641233099,-0.012355837577345197,0.0019918242948789994,21,-1.4516138333342197,0.15298193189235026,0.9771032283055696,1.0,1.0
bulk,eig@logskewnormal-quad,eig@logskewnormal-poisson-m8k,50,-0.007548570989998926,-0.021767049220069314,0.006669907240071462,28,-1.0668807935530307,0.291254149585604,0.6118509675549912,1.0,1.0
bulk,eig@logskewnormal-quad,systematic,50,-0.007048682163488442,-0.016219530431674352,0.0021221661046974677,34,-1.5445525556539255,0.12888905977272724,0.02616696817119646,1.0,0.8373429814782867
bulk,eig@logskewnormal-quad,random,50,-0.10379123667095863,-0.12903887711096085,-0.07854359623095641,48,-8.261219480712803,7.637609176024205e-11,5.453415496958769e-13,6.491967799620575e-09,3.980993312779901e-11
bulk,eig@logskewnormal-quad,d-optimality,50,0.004866079177456631,-0.002271529471672061,0.012003687826585323,25,1.370031994976466,0.17692205958979162,0.6947463342363385,1.0,1.0
bulk,eig@logskewnormal-quad,thompson,50,-0.2058099548892891,-0.2453671125665168,-0.1662527972120614,49,-10.455518373563462,4.493934054263073e-14,3.552713678800501e-15,4.583812735348334e-12,3.055333763768431e-13
bulk,eig@logskewnormal-quad,lucb,50,-0.10612515607581204,-0.12926140124584845,-0.0829889109057756,46,-9.217852080968925,2.798518833769308e-12,1.1368683772161603e-12,2.602622515405456e-10,7.958078640513122e-11
bulk,eig@logskewnormal-quad,lucb@gamma-poisson,50,-0.10447550845882318,-0.13083710269206042,-0.07811391422558595,45,-7.964290506399892,2.1665158267926768e-10,1.1727507853720454e-11,1.7548778197020683e-08,7.153779790769477e-10
bulk,eig@logskewnormal-quad,dad,50,-0.0018514914300489704,-0.00902133368222324,0.005318350822125298,29,-0.518939078255885,0.6061391925522598,0.20103473802823935,1.0,1.0
bulk,eig@logskewnormal-quad,bo-ei@gp-poisson,50,-0.33538873543733866,-0.44979377395466924,-0.22098369692000808,49,-5.891251873883744,3.4406896571194743e-07,3.552713678800501e-15,2.146138445631078e-05,3.055333763768431e-13
bulk,eig@logskewnormal-quad,bo-ei@gp-poisson-cat,50,-0.3308266452230686,-0.4434936696284689,-0.21815962081766826,50,-5.90075967241887,3.3268126783301305e-07,1.7763568394002505e-15,2.1291601141312835e-05,1.865174681370263e-13
bulk,eig@logskewnormal-poisson,eig@logskewnormal-poisson-m8k,50,-0.0023665643487658272,-0.017895084601596552,0.013161955904064897,25,-0.3062615777241073,0.7607030478344765,0.5526669770606443,1.0,1.0
bulk,eig@logskewnormal-poisson,systematic,50,-0.0018666755222553433,-0.012081204544023392,0.008347853499512706,29,-0.3672440400615086,0.7150183714286037,0.19427670053532076,1.0,1.0
bulk,eig@logskewnormal-poisson,random,50,-0.09860923002972555,-0.12319489953367702,-0.07402356052577408,46,-8.060088287946284,1.5465445930125065e-10,3.6770586575585185e-13,1.2681665662702554e-08,2.7210234065933037e-11
bulk,eig@logskewnormal-poisson,d-optimality,50,0.010048085818689729,0.0007629528119154211,0.019333218825464037,25,2.1747006130182807,0.0345088599516645,0.12316903051698347,1.0,1.0
bulk,eig@logskewnormal-poisson,thompson,50,-0.200627948248056,-0.23957950020561727,-0.1616763962904947,50,-10.350728954641179,6.330902118427949e-14,1.7763568394002505e-15,6.394211139612228e-12,1.865174681370263e-13
bulk,eig@logskewnormal-poisson,lucb,50,-0.10094314943457892,-0.12203722613231424,-0.07984907273684361,46,-9.616578927265616,7.251490971432164e-13,1.3535839116229909e-12,6.888916422860556e-11,9.339728990198637e-11
bulk,eig@logskewnormal-poisson,lucb@gamma-poisson,50,-0.09929350181759009,-0.12381147102297435,-0.07477553261220582,44,-8.138429442869871,1.174509429607806e-10,1.1727507853720454e-11,9.74842826574479e-09,7.153779790769477e-10
bulk,eig@logskewnormal-poisson,dad,50,0.0033305152111841284,-0.00616896176719778,0.012829992189566037,31,0.704556778284642,0.48442149715777183,0.46647302992520423,1.0,1.0
bulk,eig@logskewnormal-poisson,bo-ei@gp-poisson,50,-0.3302067287961055,-0.4443273913031206,-0.2160860662890904,49,-5.814681151901948,4.510829767970437e-07,3.552713678800501e-15,2.5301925850764894e-05,3.055333763768431e-13
bulk,eig@logskewnormal-poisson,bo-ei@gp-poisson-cat,50,-0.3256446385818355,-0.43527288772144457,-0.21601638944222645,50,-5.969331873252712,2.6093053059544676e-07,1.7763568394002505e-15,1.696048448870404e-05,1.865174681370263e-13
bulk,eig@logskewnormal-poisson-m8k,systematic,50,0.000499888826510484,-0.01267759635017222,0.013677374003193188,28,0.076233377886899,0.9395438427957208,0.2866420365460076,1.0,1.0
bulk,eig@logskewnormal-poisson-m8k,random,50,-0.09624266568095971,-0.1250963904561769,-0.06738894090574253,47,-6.703012495422576,1.9140852673071787e-08,2.8132163265581767e-10,1.3781413924611686e-06,1.547268979606997e-08
bulk,eig@logskewnormal-poisson-m8k,d-optimality,50,0.012414650167455556,-0.000347123564895066,0.025176423899806177,22,1.9549142679828555,0.056310259625506356,0.2653376709882824,1.0,1.0
bulk,eig@logskewnormal-poisson-m8k,thompson,50,-0.19826138389929018,-0.24108105818319558,-0.15544170961538478,47,-9.304628636858673,2.0827491941524233e-12,2.433608869978343e-13,1.957784242503278e-10,1.8252066524837574e-11
bulk,eig@logskewnormal-poisson-m8k,lucb,50,-0.09857658508581311,-0.12490291080187,-0.07225025936975622,46,-7.524675736591324,1.0253434573016636e-09,3.3822118439275073e-09,7.997678966952976e-08,1.7587501588423038e-07
bulk,eig@logskewnormal-poisson-m8k,lucb@gamma-poisson,50,-0.09692693746882423,-0.1283070588609416,-0.06554681607670687,44,-6.2071771780032785,1.1210751550707399e-07,1.260182003193222e-08,7.84752608549518e-06,6.426928216285432e-07
bulk,eig@logskewnormal-poisson-m8k,dad,50,0.005697079559949956,-0.008956875534598546,0.020351034654498456,28,0.7812709902386471,0.43840170708212023,0.6876822045635382,1.0,1.0
bulk,eig@logskewnormal-poisson-m8k,bo-ei@gp-poisson,50,-0.32784016444733977,-0.4421374227385743,-0.21354290615610522,50,-5.764088186009238,5.39329720991444e-07,1.7763568394002505e-15,2.857139996770582e-05,1.865174681370263e-13
bulk,eig@logskewnormal-poisson-m8k,bo-ei@gp-poisson-cat,50,-0.3232780742330697,-0.43598228379447096,-0.21057386467166844,50,-5.76421781594302,5.390830182586004e-07,1.7763568394002505e-15,2.857139996770582e-05,1.865174681370263e-13
bulk,systematic,random,50,-0.09674255450747021,-0.12198675923261564,-0.07149834978232479,45,-7.701230600510347,5.484589148120853e-10,2.6343371928305714e-12,4.332825427015474e-08,1.7913492911247886e-10
bulk,systematic,d-optimality,50,0.011914761340945072,0.0055211108142462955,0.01830841186764385,18,3.744904299520848,0.0004751505068129054,0.0005294876867694143,0.01995632128614203,0.02117950747077657
bulk,systematic,thompson,50,-0.19876127272580063,-0.23995898218718503,-0.15756356326441623,49,-9.69533833293454,5.565411499338699e-13,5.329070518200751e-15,5.3427950393651514e-11,4.3165471197426086e-13
bulk,systematic,lucb,50,-0.09907647391232359,-0.12337535559930038,-0.0747775922253468,44,-8.193859747174983,9.669906727240264e-11,6.337863567296154e-11,8.122721650881822e-09,3.6125822333588076e-09
bulk,systematic,lucb@gamma-poisson,50,-0.09742682629533472,-0.12702671055515122,-0.06782694203551823,44,-6.6144359159196995,2.625648320841816e-08,7.237197507947712e-10,1.8642103077976894e-06,3.908086654291765e-08
bulk,systematic,dad,50,0.0051971907334394715,-0.002558303390537397,0.01295268485741634,19,1.3466770309667844,0.18428041621233088,0.13549845162767582,1.0,1.0
bulk,systematic,bo-ei@gp-poisson,50,-0.32834005327385013,-0.4413842885833794,-0.21529581796432082,50,-5.836865883608689,4.170628277593609e-07,1.7763568394002505e-15,2.4606706837802293e-05,1.865174681370263e-13
bulk,systematic,bo-ei@gp-poisson-cat,50,-0.3237779630595801,-0.43485193794160587,-0.21270398817755437,50,-5.857863442662917,3.872161221719914e-07,1.7763568394002505e-15,2.3232967330319484e-05,1.865174681370263e-13
bulk,random,d-optimality,50,0.10865731584841529,0.08358466782342389,0.1337299638734067,1,8.70889469051128,1.6077864273968935e-11,5.329070518200751e-15,1.4309299203832353e-09,4.3165471197426086e-13
bulk,random,thompson,50,-0.10201871821833045,-0.1440797884263691,-0.0599576480102918,40,-4.874205264896954,1.1892914061187855e-05,1.4543591948523726e-06,0.0006065386171205807,6.690052296320914e-05
bulk,random,lucb,50,-0.002333919404853384,-0.03311598622468181,0.028448147414975037,23,-0.15236750244553318,0.8795227597985822,0.9542249738357711,1.0,1.0
bulk,random,lucb@gamma-poisson,50,-0.0006842717878645254,-0.03351326733725351,0.03214472376152446,25,-0.04188661935422192,0.9667592994377078,0.9771032283055696,1.0,1.0
bulk,random,dad,50,0.10193974524090967,0.07724970862552351,0.1266297818562958,3,8.297095338762473,6.736730667577332e-11,9.521272659185342e-13,5.793588374116506e-09,6.760103588021593e-11
bulk,random,bo-ei@gp-poisson,50,-0.23159749876638,-0.33714043177626307,-0.12605456575649696,42,-4.409699306522072,5.6543997435007835e-05,3.0854181432005134e-09,0.002714111876880376,1.635271615896272e-07
bulk,random,bo-ei@gp-poisson-cat,50,-0.2270354085521099,-0.3284954178311994,-0.12557539927302042,40,-4.4967937438565775,4.23748377089604e-05,1.4032918471684752e-07,0.0020763670477390596,7.016459235842376e-06
bulk,d-optimality,thompson,50,-0.2106760340667457,-0.2508718572636598,-0.17048021086983162,48,-10.532670000141488,3.494795919297618e-14,8.881784197001252e-15,3.5996397968765463e-12,6.927791673660977e-13
bulk,d-optimality,lucb,50,-0.11099123525326866,-0.13366457954360766,-0.08831789096292966,46,-9.837332995397288,3.460032950395121e-13,1.9539925233402755e-13,3.4254326208911696e-11,1.4850343177386094e-11
bulk,d-optimality,lucb@gamma-poisson,50,-0.10934158763627981,-0.13768799010017105,-0.08099518517238857,46,-7.751606122934485,4.5893583478223744e-10,3.6148861681795097e-12,3.671486678257899e-08,2.4219737326802715e-10
bulk,d-optimality,dad,50,-0.0067175706075056005,-0.013402496650417074,-3.264456459412587e-05,27,-2.019388615499339,0.048934263467688366,0.13045894629165566,1.0,1.0
bulk,d-optimality,bo-ei@gp-poisson,50,-0.34025481461479523,-0.4532228985240756,-0.22728673070551486,50,-6.052750707120036,1.9408875341191304e-07,1.7763568394002505e-15,1.3392123985422e-05,1.865174681370263e-13
bulk,d-optimality,bo-ei@gp-poisson-cat,50,-0.33569272440052517,-0.4482631698618556,-0.22312227893919473,50,-5.992690030452802,2.4019031802919116e-07,1.7763568394002505e-15,1.6092751307955808e-05,1.865174681370263e-13
bulk,thompson,lucb,50,0.09968479881347704,0.0516198100459935,0.14774978758096058,16,4.167775929020812,0.00012465158739461722,0.0002738644978439453,0.005609321432757775,0.011776173407289647
bulk,thompson,lucb@gamma-poisson,50,0.10133444643046591,0.05835651123568662,0.14431238162524518,12,4.738226564211504,1.8865369475506037e-05,7.518488965629899e-06,0.0009432684737753019,0.00033081351448771557
bulk,thompson,dad,50,0.20395846345924012,0.16515448547924613,0.24276244143923412,0,10.56257370782791,3.1708891176714715e-14,1.7763568394002505e-15,3.2977246823783304e-12,1.865174681370263e-13
bulk,thompson,bo-ei@gp-poisson,50,-0.12957878054804955,-0.2466224024343971,-0.012535158661702017,28,-2.224797083771194,0.03073152912319976,0.0894381024777875,1.0,1.0
bulk,thompson,bo-ei@gp-poisson-cat,50,-0.1250166903337795,-0.2322039943305579,-0.01782938633700107,26,-2.343845173400093,0.023186116757732023,0.08226751834101265,0.8115140865206207,1.0
bulk,lucb,lucb@gamma-poisson,50,0.0016496476169888586,-0.021528513752403812,0.024827808986381532,21,0.14302648722895375,0.8868558056343633,0.43191110415215306,1.0,1.0
bulk,lucb,dad,50,0.10427366464576306,0.08054397260232539,0.12800335668920074,5,8.830530711197868,1.0561747009471728e-11,4.218847493575595e-12,9.505572308524555e-10,2.7844393457598926e-10
bulk,lucb,bo-ei@gp-poisson,50,-0.22926357936152664,-0.3399387511009055,-0.11858840762214778,38,-4.162834397451497,0.000126658401419861,5.572207957271758e-07,0.005609321432757775,2.618937739917726e-05
bulk,lucb,bo-ei@gp-poisson-cat,50,-0.22470148914725652,-0.3351238608262913,-0.11427911746822175,39,-4.089339338308426,0.0001604772841838016,2.2310435863204248e-06,0.006900523219903468,0.00010039696138441911
bulk,lucb@gamma-poisson,dad,50,0.1026240170287742,0.0736093119165389,0.1316387221410095,6,7.107798702692585,4.516989586967274e-09,8.060396794462577e-11,3.29740239848611e-07,4.513822204899043e-09
bulk,lucb@gamma-poisson,bo-ei@gp-poisson,50,-0.23091322697851546,-0.34108334376431876,-0.12074311019271215,43,-4.212008813277619,0.00010801131872984758,1.4032918471684752e-07,0.004968520661572989,7.016459235842376e-06
bulk,lucb@gamma-poisson,bo-ei@gp-poisson-cat,50,-0.22635113676424537,-0.33292479355909055,-0.11977747996940022,41,-4.268124534875516,8.99840134537176e-05,1.7394549622906652e-07,0.004229248632324727,8.349383818995193e-06
bulk,dad,bo-ei@gp-poisson,50,-0.3335372440072896,-0.4472563679961605,-0.21981812001841877,50,-5.894067441840108,3.406568961319172e-07,1.7763568394002505e-15,2.146138445631078e-05,1.865174681370263e-13
bulk,dad,bo-ei@gp-poisson-cat,50,-0.32897515379301956,-0.4416910912934752,-0.2162592162925639,50,-5.865189407581004,3.7731037644494897e-07,1.7763568394002505e-15,2.3015932963141888e-05,1.865174681370263e-13
bulk,bo-ei@gp-poisson,bo-ei@gp-poisson-cat,50,0.0045620902142700535,-0.11921301897138264,0.12833719939992275,33,0.07406871692107068,0.9412572590903763,0.03286210881230289,1.0,1.0
gamma,eig,eig@gamma-poisson,50,-0.05679631285923277,-0.067409201270178,-0.04618342444828754,47,-10.754514648853602,1.7029911760410288e-14,1.9539925233402755e-13,7.493161174580527e-13,8.402167850363185e-12
gamma,eig,eig@gammamix-poisson,50,0.006050601531444206,-0.0007472965407667497,0.012848499603655163,26,1.7886615654082438,0.07985230534785112,0.20103473802823935,1.0,1.0
gamma,eig,eig@logskewnormal-quad,50,0.00665520765494251,-0.0015794162255509964,0.014889831535436016,18,1.6241349569112198,0.11076336354729381,0.0857934137886982,1.0,1.0
gamma,eig,eig@logskewnormal-poisson,50,0.006685982071361876,-0.004441370743273893,0.017813334885997643,21,1.207473532143834,0.23304608077794312,0.1255634661063354,1.0,1.0
gamma,eig,eig@logskewnormal-poisson-m8k,50,0.006202779714853994,-0.004224255219650128,0.016629814649358116,20,1.1954455504019028,0.23766658173909602,0.174987615360088,1.0,1.0
gamma,eig,systematic,50,-0.01771299872995086,-0.028094103744832843,-0.00733189371506888,37,-3.428883878159631,0.0012377130070575192,0.0006715891126169993,0.02846739916232294,0.016789727815424982
gamma,eig,random,50,-0.6346419993951363,-0.6674474628083051,-0.6018365359819675,50,-38.87647707834841,1.7255821440773522e-38,1.7763568394002505e-15,1.651837467179461e-36,1.865174681370263e-13
gamma,eig,d-optimality,50,0.00023670452618434367,-0.0030573202896582745,0.003530729342026962,30,0.14440557704626397,0.8857725240658755,0.652772195247282,1.0,1.0
gamma,eig,thompson,50,-0.568171135879059,-0.5955744632819279,-0.5407678084761901,50,-41.66583963794901,6.3803795039782e-40,1.7763568394002505e-15,6.507987094057765e-38,1.865174681370263e-13
gamma,eig,lucb,50,-0.3027945373892383,-0.3346799438819116,-0.270909130896565,50,-19.083601910963164,2.484225222313564e-24,1.7763568394002505e-15,1.440850628941867e-22,1.865174681370263e-13
gamma,eig,lucb@gamma-poisson,50,-0.39088445138081096,-0.4280400321128693,-0.35372887064875264,50,-21.141150228234096,2.804791369660884e-26,1.7763568394002505e-15,1.948223253145326e-24,1.865174681370263e-13
gamma,eig,dad,50,0.00023670452618434367,-0.0030573202896582745,0.003530729342026962,30,0.14440557704626397,0.8857725240658755,0.652772195247282,1.0,1.0
gamma,eig,bo-ei@gp-poisson,50,-0.46961843051862745,-0.5104086128950642,-0.4288282481421907,50,-23.136291967522517,5.0154866472607355e-28,1.7763568394002505e-15,3.811769851918159e-26,1.865174681370263e-13
gamma,eig,bo-ei@gp-poisson-cat,50,-0.4515882604932074,-0.4847854667794096,-0.4183910542070052,50,-27.336655314956552,2.5198945750890277e-31,1.7763568394002505e-15,2.1167114430747833e-29,1.865174681370263e-13
gamma,eig@gamma-poisson,eig@gammamix-poisson,50,0.06284691439067697,0.04892198569309384,0.0767718430882601,4,9.069748623661255,4.6418643258687414e-12,6.616929226765933e-12,1.8567457303474966e-10,2.7129409829740325e-10
gamma,eig@gamma-poisson,eig@logskewnormal-quad,50,0.06345152051417528,0.04890259262783731,0.07800044840051326,7,8.76426121427285,1.327651477750681e-11,9.07522945681194e-11,5.177840763227656e-10,3.5393394881566564e-09
gamma,eig@gamma-poisson,eig@logskewnormal-poisson,50,0.06348229493059464,0.04822022966975175,0.07874436019143752,6,8.358793237240587,5.430197590993788e-11,6.535714192068554e-10,1.9548711327577637e-09,2.3528571091446793e-08
gamma,eig@gamma-poisson,eig@logskewnormal-poisson-m8k,50,0.06299909257408676,0.04787368354672778,0.07812450160144574,5,8.370115225941957,5.219732343780055e-11,3.134559278805682e-10,1.9313009671986202e-09,1.1597869331581023e-08
gamma,eig@gamma-poisson,systematic,50,0.039083314129281906,0.03008130377106459,0.04808532448749922,5,8.724813362101242,1.5216338019879848e-11,1.2871659293978155e-10,5.782208447554342e-10,4.891230531711699e-09
gamma,eig@gamma-poisson,random,50,-0.5778456865359036,-0.6127950180266636,-0.5428963550451437,50,-33.22593975371187,2.8774404270570654e-35,1.7763568394002505e-15,2.5609219800807883e-33,1.865174681370263e-13
gamma,eig@gamma-poisson,d-optimality,50,0.05703301738541711,0.04703425992433337,0.06703177484650086,3,11.462638221056828,1.7898012995812243e-15,1.2434497875801753e-13,8.591046237989877e-14,5.595524044110789e-12
gamma,eig@gamma-poisson,thompson,50,-0.5113748230198262,-0.543174775561622,-0.47957487047803044,50,-32.31596587703454,1.0584339609748023e-34,1.7763568394002505e-15,9.31421885657826e-33,1.865174681370263e-13
gamma,eig@gamma-poisson,lucb,50,-0.24599822453000553,-0.2793962114692953,-0.2126002375907158,49,-14.801848425531814,1.0311250038849702e-19,3.552713678800501e-15,5.155625019424851e-18,1.865174681370263e-13
gamma,eig@gamma-poisson,lucb@gamma-poisson,50,-0.3340881385215782,-0.3731562770666969,-0.2950199999764595,50,-17.184725845492082,2.1925472313752347e-22,1.7763568394002505e-15,1.1181990880013697e-20,1.865174681370263e-13
gamma,eig@gamma-poisson,dad,50,0.05703301738541711,0.04703425992433337,0.06703177484650086,3,11.462638221056828,1.7898012995812243e-15,1.2434497875801753e-13,8.591046237989877e-14,5.595524044110789e-12
gamma,eig@gamma-poisson,bo-ei@gp-poisson,50,-0.4128221176593948,-0.4554641407722123,-0.3701800945465773,50,-19.45491898432487,1.0764345534824677e-24,1.7763568394002505e-15,6.566250776243053e-23,1.865174681370263e-13
gamma,eig@gamma-poisson,bo-ei@gp-poisson-cat,50,-0.3947919476339747,-0.4313158603397978,-0.35826803492815157,50,-21.721772477480766,8.430302224193006e-27,1.7763568394002505e-15,6.069817601418965e-25,1.865174681370263e-13
gamma,eig@gammamix-poisson,eig@logskewnormal-quad,50,0.0006046061234983035,-0.005874609718495625,0.007083821965492232,26,0.1875229230864743,0.8520250197683724,0.8482444441392172,1.0,1.0
gamma,eig@gammamix-poisson,eig@logskewnormal-poisson,50,0.0006353805399176693,-0.009719766083235592,0.01099052716307093,24,0.12330535197999352,0.9023696958055764,0.766732668436843,1.0,1.0
gamma,eig@gammamix-poisson,eig@logskewnormal-poisson-m8k,50,0.00015217818340978795,-0.00817552410290498,0.008479880469724557,28,0.03672243537262091,0.9708555200814053,0.9618478594751583,1.0,1.0
gamma,eig@gammamix-poisson,systematic,50,-0.023763600261395065,-0.03643459160330314,-0.011092608919486992,35,-3.7688245017099233,0.000441240284962806,0.0005086665780176247,0.012354727978958568,0.013608175263449596
gamma,eig@gammamix-poisson,random,50,-0.6406926009265805,-0.6730209756878,-0.6083642261653611,50,-39.82631341487884,5.479100503485594e-39,1.7763568394002505e-15,5.369518493415882e-37,1.865174681370263e-13
gamma,eig@gammamix-poisson,d-optimality,50,-0.005813897005259863,-0.012956778472378836,0.0013289844618591092,28,-1.6356793132817447,0.1083151167839919,0.11393994202132163,1.0,1.0
gamma,eig@gammamix-poisson,thompson,50,-0.5742217374105033,-0.6003487347749037,-0.5480947400461029,50,-44.16664372209079,3.944622962176998e-41,1.7763568394002505e-15,4.102407880664078e-39,1.865174681370263e-13
gamma,eig@gammamix-poisson,lucb,50,-0.30884513892068255,-0.3402770819297559,-0.2774131959116092,50,-19.7457581004007,5.639469435175853e-25,1.7763568394002505e-15,3.5528657441607876e-23,1.865174681370263e-13
gamma,eig@gammamix-poisson,lucb@gamma-poisson,50,-0.3969350529122551,-0.4346591790542558,-0.35921092677025446,50,-21.144846406208842,2.7831760759218946e-26,1.7763568394002505e-15,1.948223253145326e-24,1.865174681370263e-13
gamma,eig@gammamix-poisson,dad,50,-0.005813897005259863,-0.012956778472378836,0.0013289844618591092,28,-1.6356793132817447,0.1083151167839919,0.11393994202132163,1.0,1.0
gamma,eig@gammamix-poisson,bo-ei@gp-poisson,50,-0.4756690320500717,-0.5154624092300389,-0.43587565487010443,50,-24.021401942187328,9.222861179328726e-29,1.7763568394002505e-15,7.37828894346298e-27,1.865174681370263e-13
gamma,eig@gammamix-poisson,bo-ei@gp-poisson-cat,50,-0.45763886202465154,-0.49036397686838273,-0.42491374718092034,50,-28.10256676147045,7.045694727673225e-32,1.7763568394002505e-15,6.1297544130757055e-30,1.865174681370263e-13
gamma,eig@logskewnormal-quad,eig@logskewnormal-poisson,50,3.077441641936573e-05,-0.007532661509874514,0.0075942103427132455,22,0.008176641644899141,0.9935092564045919,0.6806447467771797,1.0,1.0
gamma,eig@logskewnormal-quad,eig@logskewnormal-poisson-m8k,50,-0.0004524279400885156,-0.0069910546845391155,0.006086198804362084,23,-0.13904876673973005,0.8899815376280442,0.9923668279164506,1.0,1.0
gamma,eig@logskewnormal-quad,systematic,50,-0.02436820638489337,-0.03715665364132663,-0.011579759128460116,35,-3.8292173508165352,0.0003656668325185277,0.0004885945525092694,0.010604338143037304,0.013608175263449596
gamma,eig@logskewnormal-quad,random,50,-0.6412972070500789,-0.6748437533393037,-0.607750660760854,50,-38.41632386884266,3.036880912212814e-38,1.7763568394002505e-15,2.793930439235789e-36,1.865174681370263e-13
gamma,eig@logskewnormal-quad,d-optimality,50,-0.006418503128758166,-0.015507502630632221,0.0026704963731158885,30,-1.4191292390685497,0.16219156169656135,0.07556206690378708,1.0,1.0
gamma,eig@logskewnormal-quad,thompson,50,-0.5748263435340015,-0.6017866794871073,-0.5478660075808958,50,-42.846527863181336,1.6818341990900609e-40,1.7763568394002505e-15,1.7322892250627627e-38,1.865174681370263e-13
gamma,eig@logskewnormal-quad,lucb,50,-0.3094497450441808,-0.341442684422279,-0.27745680566608266,50,-19.437493298988937,1.1192114820604397e-24,1.7763568394002505e-15,6.715268892362638e-23,1.865174681370263e-13
gamma,eig@logskewnormal-quad,lucb@gamma-poisson,50,-0.3975396590357535,-0.43584685439007376,-0.35923246368143325,50,-20.854720560610126,5.12530173724053e-26,1.7763568394002505e-15,3.433952163951155e-24,1.865174681370263e-13
gamma,eig@logskewnormal-quad,dad,50,-0.006418503128758166,-0.015507502630632221,0.0026704963731158885,30,-1.4191292390685497,0.16219156169656135,0.07556206690378708,1.0,1.0
gamma,eig@logskewnormal-quad,bo-ei@gp-poisson,50,-0.47627363817356994,-0.5170552797568626,-0.4354919965902773,50,-23.469082464869786,2.6367102614757497e-28,1.7763568394002505e-15,2.0302669013363274e-26,1.865174681370263e-13
gamma,eig@logskewnormal-quad,bo-ei@gp-poisson-cat,50,-0.45824346814814987,-0.491583614485226,-0.42490332181107376,50,-27.620596408201106,1.5653990417476172e-31,1.7763568394002505e-15,1.3305891854854745e-29,1.865174681370263e-13
gamma,eig@logskewnormal-poisson,eig@logskewnormal-poisson-m8k,50,-0.00048320235650788133,-0.008749456159982063,0.007783051446966301,25,-0.11746935349996425,0.9069683217558372,0.8557483168795788,1.0,1.0
gamma,eig@logskewnormal-poisson,systematic,50,-0.024398980801312736,-0.03838913125981938,-0.010408830342806086,30,-3.504721966710255,0.0009872614062864569,0.00197803909377825,0.023694273750874965,0.04549489915689975
gamma,eig@logskewnormal-poisson,random,50,-0.6413279814664982,-0.6748266305333466,-0.6078293323996498,50,-38.47309865724108,2.831325018711061e-38,1.7763568394002505e-15,2.6331322674012868e-36,1.865174681370263e-13
gamma,eig@logskewnormal-poisson,d-optimality,50,-0.006449277545177532,-0.01802180253700478,0.005123247446649717,26,-1.1199205412228748,0.2682071211191917,0.20795951830847592,1.0,1.0
gamma,eig@logskewnormal-poisson,thompson,50,-0.5748571179504209,-0.6035040126821023,-0.5462102232187396,50,-40.32613796158016,3.0269392425130445e-39,1.7763568394002505e-15,2.996669850087914e-37,1.865174681370263e-13
gamma,eig@logskewnormal-poisson,lucb,50,-0.3094805194606002,-0.34284296301876016,-0.2761180759024402,50,-18.641451942743007,6.836330131993437e-24,1.7763568394002505e-15,3.691618271276456e-22,1.865174681370263e-13
gamma,eig@logskewnormal-poisson,lucb@gamma-poisson,50,-0.39757043345217286,-0.4365959963936012,-0.3585448705107445,50,-20.47241955943925,1.1579748186137741e-25,1.7763568394002505e-15,7.411038839128154e-24,1.865174681370263e-13
gamma,eig@logskewnormal-poisson,dad,50,-0.006449277545177532,-0.01802180253700478,0.005123247446649717,26,-1.1199205412228748,0.2682071211191917,0.20795951830847592,1.0,1.0
gamma,eig@logskewnormal-poisson,bo-ei@gp-poisson,50,-0.47630441258998935,-0.5190888668011371,-0.4335199583788416,50,-22.371900507423916,2.2627480057872e-27,1.7763568394002505e-15,1.651806044224656e-25,1.865174681370263e-13
gamma,eig@logskewnormal-poisson,bo-ei@gp-poisson-cat,50,-0.4582742425645692,-0.4940272326664242,-0.42252125246271427,50,-25.758309082633513,3.856457821798673e-30,1.7763568394002505e-15,3.1237308356569254e-28,1.865174681370263e-13
gamma,eig@logskewnormal-poisson-m8k,systematic,50,-0.023915778444804855,-0.037316606812335756,-0.010514950077273953,35,-3.586386962151968,0.0007718807186424525,0.0007549339759211904,0.020840779403346218,0.01811841542210857
gamma,eig@logskewnormal-poisson-m8k,random,50,-0.6408447791099903,-0.6733092689240916,-0.6083802892958889,50,-39.66875211399783,6.615735813843418e-39,1.7763568394002505e-15,6.417263739428115e-37,1.865174681370263e-13
gamma,eig@logskewnormal-poisson-m8k,d-optimality,50,-0.005966075188669651,-0.016078697985408757,0.004146547608069456,29,-1.1855754143097001,0.2415076983909224,0.1515030570827971,1.0,1.0
gamma,eig@logskewnormal-poisson-m8k,thompson,50,-0.574373915593913,-0.6004660900892893,-0.5482817410985368,50,-44.23730945977799,3.6542688003683373e-41,1.7763568394002505e-15,3.836982240386754e-39,1.865174681370263e-13
gamma,eig@logskewnormal-poisson-m8k,lucb,50,-0.3089973171040923,-0.340893371648911,-0.2771012625592736,50,-19.468030314508763,1.0453485707573666e-24,1.7763568394002505e-15,6.481161138695673e-23,1.865174681370263e-13
gamma,eig@logskewnormal-poisson-m8k,lucb@gamma-poisson,50,-0.397087231095665,-0.4349044627631456,-0.35926999942818444,50,-21.100874691371246,3.051703625593579e-26,1.7763568394002505e-15,2.0751584654036337e-24,1.865174681370263e-13
gamma,eig@logskewnormal-poisson-m8k,dad,50,-0.005966075188669651,-0.016078697985408757,0.004146547608069456,29,-1.1855754143097001,0.2415076983909224,0.1515030570827971,1.0,1.0
gamma,eig@logskewnormal-poisson-m8k,bo-ei@gp-poisson,50,-0.47582121023348145,-0.5159549688415962,-0.4356874516253667,50,-23.82529208696476,1.336049536372617e-28,1.7763568394002505e-15,1.0421186383706413e-26,1.865174681370263e-13
gamma,eig@logskewnormal-poisson-m8k,bo-ei@gp-poisson-cat,50,-0.4577910402080614,-0.49079354703334005,-0.4247885333827827,50,-27.875626025993185,1.0244991829806783e-31,1.7763568394002505e-15,8.810692973633832e-30,1.865174681370263e-13
gamma,systematic,random,50,-0.6169290006651855,-0.6510819674676277,-0.5827760338627433,50,-36.300367402195675,4.445487515037439e-37,1.7763568394002505e-15,4.000938763533695e-35,1.865174681370263e-13
gamma,systematic,d-optimality,50,0.017949703256135204,0.00788537139275896,0.02801403511951145,13,3.584070921648512,0.0007773157495625627,0.00046924742287757226,0.020840779403346218,0.013608175263449596
gamma,systematic,thompson,50,-0.5504581371491082,-0.5796543501283827,-0.5212619241698336,50,-37.888031652474396,5.857234162840093e-38,1.7763568394002505e-15,5.330083088184485e-36,1.865174681370263e-13
gamma,systematic,lucb,50,-0.2850815386592874,-0.31793388317141463,-0.2522291941471602,50,-17.438414492485514,1.1805010573463117e-22,1.7763568394002505e-15,6.138605498200821e-21,1.865174681370263e-13
gamma,systematic,lucb@gamma-poisson,50,-0.3731714526508601,-0.411795645340794,-0.3345472599609262,50,-19.415709642680916,1.1751298946683851e-24,1.7763568394002505e-15,6.933266378543472e-23,1.865174681370263e-13
gamma,systematic,dad,50,0.017949703256135204,0.00788537139275896,0.02801403511951145,13,3.584070921648512,0.0007773157495625627,0.00046924742287757226,0.020840779403346218,0.013608175263449596
gamma,systematic,bo-ei@gp-poisson,50,-0.45190543178867665,-0.4943347994877053,-0.409476064089648,50,-21.40352342011241,1.623939390490602e-26,1.7763568394002505e-15,1.1529969672483274e-24,1.865174681370263e-13
gamma,systematic,bo-ei@gp-poisson-cat,50,-0.4338752617632565,-0.4701919688426666,-0.39755855468384643,50,-24.008371137171114,9.45205290530464e-29,1.7763568394002505e-15,7.467121795190665e-27,1.865174681370263e-13
gamma,random,d-optimality,50,0.6348787039213206,0.6020629771959582,0.667694430646683,0,38.878813584065234,1.7206640283119387e-38,1.7763568394002505e-15,1.651837467179461e-36,1.865174681370263e-13
gamma,random,thompson,50,0.06647086351607731,0.03520038939693986,0.09774133763521475,13,4.271703742117451,8.893932249725253e-05,0.00010867611974241242,0.002846058319912081,0.003368959712014785
gamma,random,lucb,50,0.331847462005898,0.2963850321789682,0.36730989183282775,0,18.80504086735826,4.69081032594518e-24,1.7763568394002505e-15,2.6737618857887525e-22,1.865174681370263e-13
gamma,random,lucb@gamma-poisson,50,0.2437575480143254,0.20680894298532607,0.2807061530433247,3,13.257581225826225,7.910524198704074e-18,2.4868995751603507e-14,3.876156857364996e-16,1.1439738045737613e-12
gamma,random,dad,50,0.6348787039213206,0.6020629771959582,0.667694430646683,0,38.878813584065234,1.7206640283119387e-38,1.7763568394002505e-15,1.651837467179461e-36,1.865174681370263e-13
gamma,random,bo-ei@gp-poisson,50,0.16502356887650887,0.12146722981246441,0.20857990794055334,6,7.613754614897842,7.47623701635264e-10,6.917133532624575e-09,2.616682955723424e-08,2.4209967364186014e-07
gamma,random,bo-ei@gp-poisson-cat,50,0.183053738901929,0.14434070626370005,0.22176677154015795,2,9.502233116141287,1.0661904979915766e-12,2.630606843467831e-11,4.4780000915646215e-11,1.0522427373871324e-09
gamma,d-optimality,thompson,50,-0.5684078404052433,-0.5959734784361637,-0.5408422023743229,50,-41.437761004741205,8.288863987671728e-40,1.7763568394002505e-15,8.371752627548445e-38,1.865174681370263e-13
gamma,d-optimality,lucb,50,-0.3030312419154227,-0.33548170928987303,-0.27058077454097235,50,-18.76595713716028,5.131326302883185e-24,1.7763568394002505e-15,2.8735427296145836e-22,1.865174681370263e-13
gamma,d-optimality,lucb@gamma-poisson,50,-0.3911211559069953,-0.4288261490232554,-0.35341616279073523,50,-20.845710996539317,5.223981470760537e-26,1.7763568394002505e-15,3.4478277707019544e-24,1.865174681370263e-13
gamma,d-optimality,dad,50,0.0,0.0,0.0,0,,,,1.0,1.0
gamma,d-optimality,bo-ei@gp-poisson,50,-0.46985513504481174,-0.5110554241953675,-0.42865484589425595,50,-22.91753926710807,7.686132116771808e-28,1.7763568394002505e-15,5.764599087578857e-26,1.865174681370263e-13
gamma,d-optimality,bo-ei@gp-poisson-cat,50,-0.4518249650193917,-0.48576164740648553,-0.4178882826322978,50,-26.755009545808132,6.774526325052639e-31,1.7763568394002505e-15,5.622856849793691e-29,1.865174681370263e-13
gamma,thompson,lucb,50,0.2653765984898207,0.23598802392343016,0.29476517305621125,0,18.14631191567283,2.1708231045136447e-23,1.7763568394002505e-15,1.1505362453922317e-21,1.865174681370263e-13
gamma,thompson,lucb@gamma-poisson,50,0.17728668449824805,0.1450034953029399,0.2095698736935562,4,11.035803460588768,6.906017098852303e-15,2.433608869978343e-13,3.1077076944835363e-13,1.0221157253909041e-11
gamma,thompson,dad,50,0.5684078404052433,0.5408422023743229,0.5959734784361637,0,41.437761004741205,8.288863987671728e-40,1.7763568394002505e-15,8.371752627548445e-38,1.865174681370263e-13
gamma,thompson,bo-ei@gp-poisson,50,0.09855270536043158,0.05819719457547368,0.13890821614538948,9,4.90760920608241,1.0612545586887967e-05,1.7496796758109667e-06,0.0003502140043673029,5.77394293017619e-05
gamma,thompson,bo-ei@gp-poisson-cat,50,0.11658287538585166,0.08397006561073553,0.1491956851609678,7,7.183743475776526,3.4461585929295645e-09,1.0642100534141719e-08,1.1716939215960519e-07,3.6183141816081843e-07
gamma,lucb,lucb@gamma-poisson,50,-0.08808991399157265,-0.10364654924991933,-0.07253327873322597,49,-11.379280085861097,2.3255781331438203e-15,1.2434497875801753e-14,1.0697659412461574e-13,5.844214001626824e-13
gamma,lucb,dad,50,0.3030312419154227,0.27058077454097235,0.33548170928987303,0,18.76595713716028,5.131326302883185e-24,1.7763568394002505e-15,2.8735427296145836e-22,1.865174681370263e-13
gamma,lucb,bo-ei@gp-poisson,50,-0.16682389312938914,-0.20299996459041406,-0.13064782166836422,50,-9.267041750387369,2.3668043241304107e-12,1.7763568394002505e-15,9.703897728934684e-11,1.865174681370263e-13
gamma,lucb,bo-ei@gp-poisson-cat,50,-0.14879372310396902,-0.17807820856332957,-0.11950923764460847,50,-10.210600483486521,1.0032681611441437e-13,1.7763568394002505e-15,4.314053092919818e-12,1.865174681370263e-13
gamma,lucb@gamma-poisson,dad,50,0.3911211559069953,0.35341616279073523,0.4288261490232554,0,20.845710996539317,5.223981470760537e-26,1.7763568394002505e-15,3.4478277707019544e-24,1.865174681370263e-13
gamma,lucb@gamma-poisson,bo-ei@gp-poisson,50,-0.07873397913781649,-0.11701501573188491,-0.04045294254374806,38,-4.133165370462363,0.00013938353693868276,6.825250486741652e-05,0.0043208896450991656,0.0021840801557573286
gamma,lucb@gamma-poisson,bo-ei@gp-poisson-cat,50,-0.06070380911239639,-0.09185340353780844,-0.029554214686984333,38,-3.9162266424943457,0.0002783229433836099,0.00017022784864551,0.008349688301508297,0.0051068354593653
gamma,dad,bo-ei@gp-poisson,50,-0.46985513504481174,-0.5110554241953675,-0.42865484589425595,50,-22.91753926710807,7.686132116771808e-28,1.7763568394002505e-15,5.764599087578857e-26,1.865174681370263e-13
gamma,dad,bo-ei@gp-poisson-cat,50,-0.4518249650193917,-0.48576164740648553,-0.4178882826322978,50,-26.755009545808132,6.774526325052639e-31,1.7763568394002505e-15,5.622856849793691e-29,1.865174681370263e-13
gamma,bo-ei@gp-poisson,bo-ei@gp-poisson-cat,50,0.01803017002542011,-0.0033655320127307306,0.03942587206357095,19,1.693470171705832,0.0967149076944029,0.11619549807268115,1.0,1.0
band1-99_gamma,eig,eig@gamma-poisson,50,-0.06425473335114247,-0.0772524265183195,-0.051257040183965444,46,-9.934433699117914,2.5033265541657123e-13,4.9116266609416925e-12,1.1765634804578848e-11,2.0628831975955109e-10
band1-99_gamma,eig,eig@gammamix-poisson,50,-0.003756926533888425,-0.010777150479403752,0.0032632974116269023,28,-1.075439557029937,0.28744497729852847,0.3374027667706141,1.0,1.0
band1-99_gamma,eig,eig@logskewnormal-quad,50,0.0019023986266587212,-0.0037117746760590657,0.007516571929376508,24,0.6809574562707819,0.4991039241282271,0.43191110415215306,1.0,1.0
band1-99_gamma,eig,eig@logskewnormal-poisson,50,0.0016937109447402498,-0.006904292161098107,0.010291714050578608,26,0.39586396184174205,0.6939238474658814,0.7448958960780061,1.0,1.0
band1-99_gamma,eig,eig@logskewnormal-poisson-m8k,50,-0.003713174123695948,-0.012456511638596741,0.005030163391204846,28,-0.853438719186069,0.3975689167511736,0.5655778099255286,1.0,1.0
band1-99_gamma,eig,systematic,50,-0.01337807942119774,-0.02334527585632417,-0.0034108829860713067,31,-2.69727373190335,0.009559134064896762,0.00939211543820484,0.2676557538171093,0.28262577963157476
band1-99_gamma,eig,random,50,-0.7579804839833583,-0.8045842307169906,-0.7113767372497259,50,-32.68447104792408,6.22100378113085e-35,1.7763568394002505e-15,6.22100378113085e-33,1.865174681370263e-13
band1-99_gamma,eig,d-optimality,50,0.00021090363504676192,-0.002919174717599887,0.003340981987693411,24,0.1354045089804691,0.8928467808349791,0.8620532639894384,1.0,1.0
band1-99_gamma,eig,thompson,50,-0.7474542752647579,-0.8078576924684834,-0.6870508580610325,50,-24.86722890846312,1.9195023009589713e-29,1.7763568394002505e-15,1.6507719788247154e-27,1.865174681370263e-13
band1-99_gamma,eig,lucb,50,-0.3654344137506192,-0.39719657336020364,-0.33367225414103474,50,-23.120844353621468,5.168409716555043e-28,1.7763568394002505e-15,3.61788680158853e-26,1.865174681370263e-13
band1-99_gamma,eig,lucb@gamma-poisson,50,-0.5169477973425499,-0.5628959414005266,-0.47099965328457327,50,-22.609084952752262,1.4113832156405723e-27,1.7763568394002505e-15,9.597405866355892e-26,1.865174681370263e-13
band1-99_gamma,eig,dad,50,0.00021090363504676192,-0.002919174717599887,0.003340981987693411,24,0.1354045089804691,0.8928467808349791,0.8620532639894384,1.0,1.0
band1-99_gamma,eig,bo-ei@gp-poisson,50,-0.5355610636414455,-0.5783164702089049,-0.4928056570739861,50,-25.1722609576017,1.1020691210054106e-29,1.7763568394002505e-15,9.918622089048696e-28,1.865174681370263e-13
band1-99_gamma,eig,bo-ei@gp-poisson-cat,50,-0.5262962439785283,-0.5682225218338641,-0.48436996612319244,50,-25.22599079609871,1.0000493594069496e-29,1.7763568394002505e-15,9.30045904248463e-28,1.865174681370263e-13
band1-99_gamma,eig@gamma-poisson,eig@gammamix-poisson,50,0.06049780681725404,0.04560732667514927,0.07538828695935881,8,8.164605393536863,1.0714481060264487e-10,9.785132704109856e-10,3.8572131816952155e-09,3.326945119397351e-08
band1-99_gamma,eig@gamma-poisson,eig@logskewnormal-quad,50,0.0661571319778012,0.053309119782987614,0.07900514417261477,2,10.347727894883839,6.393473565312319e-14,6.590283874174929e-13,3.068867311349913e-12,2.965627743378718e-11
band1-99_gamma,eig@gamma-poisson,eig@logskewnormal-poisson,50,0.06594844429588272,0.050868113168320385,0.08102877542344504,9,8.78815985293458,1.2224606924366501e-11,2.5226754019058717e-10,4.523104562015605e-10,9.333898987051725e-09
band1-99_gamma,eig@gamma-poisson,eig@logskewnormal-poisson-m8k,50,0.06054155922744652,0.04772412858947284,0.0733589898654202,3,9.491981792374538,1.103759869319815e-12,4.218847493575595e-12,4.6357914511432234e-11,1.8141044222375058e-10
band1-99_gamma,eig@gamma-poisson,systematic,50,0.050876653929944726,0.04148539619288012,0.06026791166700933,4,10.886770094925316,1.1126711371953653e-14,5.453415496958769e-13,5.45208857225729e-13,2.5085711286010337e-11
band1-99_gamma,eig@gamma-poisson,random,50,-0.6937257506322156,-0.7389079780810839,-0.6485435231833474,50,-30.854921692540763,9.204030928462499e-34,1.7763568394002505e-15,8.927910000608624e-32,1.865174681370263e-13
band1-99_gamma,eig@gamma-poisson,d-optimality,50,0.06446563698618923,0.05104669823462586,0.0778845757377526,4,9.654157465925959,6.390752368156187e-13,1.1727507853720454e-11,2.8119310419887223e-11,4.808278220025386e-10
band1-99_gamma,eig@gamma-poisson,thompson,50,-0.6831995419136154,-0.745054074605876,-0.6213450092213548,50,-22.196285731852726,3.2179113585990816e-27,1.7763568394002505e-15,1.96292592874544e-25,1.865174681370263e-13
band1-99_gamma,eig@gamma-poisson,lucb,50,-0.3011796803994767,-0.3355932410003127,-0.2667661197986407,50,-17.58734687983967,8.232615442799853e-23,1.7763568394002505e-15,4.198633875827925e-21,1.865174681370263e-13
band1-99_gamma,eig@gamma-poisson,lucb@gamma-poisson,50,-0.4526930639914074,-0.499363509673695,-0.4060226183091198,50,-19.492438054058532,9.898912551688665e-25,1.7763568394002505e-15,5.2464236523949926e-23,1.865174681370263e-13
band1-99_gamma,eig@gamma-poisson,dad,50,0.06446563698618923,0.05104669823462586,0.0778845757377526,4,9.654157465925959,6.390752368156187e-13,1.1727507853720454e-11,2.8119310419887223e-11,4.808278220025386e-10
band1-99_gamma,eig@gamma-poisson,bo-ei@gp-poisson,50,-0.47130633029030305,-0.5135757297863788,-0.42903693079422733,50,-22.406883980965443,2.1100290098311375e-27,1.7763568394002505e-15,1.350418566291928e-25,1.865174681370263e-13
band1-99_gamma,eig@gamma-poisson,bo-ei@gp-poisson-cat,50,-0.46204151062738574,-0.5033578419790904,-0.4207251792756811,50,-22.473127402786,1.848970938672994e-27,1.7763568394002505e-15,1.201831110137446e-25,1.865174681370263e-13
band1-99_gamma,eig@gammamix-poisson,eig@logskewnormal-quad,50,0.0056593251605471465,0.00020354236645300956,0.011115107954641283,18,2.084547741491662,0.04234437601834073,0.06207125225267518,1.0,1.0
band1-99_gamma,eig@gammamix-poisson,eig@logskewnormal-poisson,50,0.005450637478628675,-0.0027641265327926915,0.013665401490050043,20,1.3333877988937508,0.18857042336824303,0.1781010477908609,1.0,1.0
band1-99_gamma,eig@gammamix-poisson,eig@logskewnormal-poisson-m8k,50,4.3752410192476886e-05,-0.008684159984932703,0.008771664805317657,24,0.01007385914375478,0.9920032631335955,0.9085978224870299,1.0,1.0
band1-99_gamma,eig@gammamix-poisson,systematic,50,-0.009621152887309314,-0.02197959181483579,0.002737286040217163,31,-1.5644719133503893,0.12414284557498953,0.12080975020940343,1.0,1.0
band1-99_gamma,eig@gammamix-poisson,random,50,-0.7542235574494696,-0.8022102844558595,-0.7062368304430796,50,-31.585171126760688,3.087186596020999e-34,1.7763568394002505e-15,3.025442864100579e-32,1.865174681370263e-13
band1-99_gamma,eig@gammamix-poisson,d-optimality,50,0.003967830168935187,-0.0031020049122811233,0.011037665250151499,22,1.127841478765396,0.26487922499635114,0.3724861917482851,1.0,1.0
band1-99_gamma,eig@gammamix-poisson,thompson,50,-0.7436973487308695,-0.8049912101831116,-0.6824034872786273,50,-24.38279691503353,4.6897076537534e-29,1.7763568394002505e-15,3.704869046465186e-27,1.865174681370263e-13
band1-99_gamma,eig@gammamix-poisson,lucb,50,-0.36167748721673076,-0.3943579863691397,-0.3289969880643218,50,-22.240116919520602,2.946521629164577e-27,1.7763568394002505e-15,1.8268434100820376e-25,1.865174681370263e-13
band1-99_gamma,eig@gammamix-poisson,lucb@gamma-poisson,50,-0.5131908708086614,-0.5612303604738286,-0.4651513811434943,50,-21.467664895817105,1.4220307918855738e-26,1.7763568394002505e-15,7.963372434559213e-25,1.865174681370263e-13
band1-99_gamma,eig@gammamix-poisson,dad,50,0.003967830168935187,-0.0031020049122811233,0.011037665250151499,22,1.127841478765396,0.26487922499635114,0.3724861917482851,1.0,1.0
band1-99_gamma,eig@gammamix-poisson,bo-ei@gp-poisson,50,-0.531804137107557,-0.5766182799521359,-0.4869899942629782,50,-23.84739185217974,1.2812336576204108e-28,1.7763568394002505e-15,9.353005700629e-27,1.865174681370263e-13
band1-99_gamma,eig@gammamix-poisson,bo-ei@gp-poisson-cat,50,-0.5225393174446399,-0.5663867161657433,-0.47869191872353645,50,-23.948560311236115,1.0580840405993921e-28,1.7763568394002505e-15,7.829821900435502e-27,1.865174681370263e-13
band1-99_gamma,eig@logskewnormal-quad,eig@logskewnormal-poisson,50,-0.0002086876819184713,-0.008907218035261856,0.008489842671424911,30,-0.048212006033418284,0.9617432582051502,0.8557483168795788,1.0,1.0
band1-99_gamma,eig@logskewnormal-quad,eig@logskewnormal-poisson-m8k,50,-0.005615572750354669,-0.01393928188735655,0.0027081363866472115,34,-1.3557556800303088,0.18139275381028766,0.05060520369320898,1.0,1.0
band1-99_gamma,eig@logskewnormal-quad,systematic,50,-0.01528047804785646,-0.025917998657121195,-0.004642957438591723,29,-2.8866943176330784,0.005776755599896406,0.009116960633276605,0.18485617919668498,0.28262577963157476
band1-99_gamma,eig@logskewnormal-quad,random,50,-0.7598828826100167,-0.8069541346922693,-0.7128116305277641,50,-32.44107085452312,8.831600571673928e-35,1.7763568394002505e-15,8.743284565957189e-33,1.865174681370263e-13
band1-99_gamma,eig@logskewnormal-quad,d-optimality,50,-0.0016914949916119592,-0.007632172384256295,0.004249182401032376,26,-0.5721883590380364,0.5698103720846117,0.5335711137818162,1.0,1.0
band1-99_gamma,eig@logskewnormal-quad,thompson,50,-0.7493566738914166,-0.8102085280855938,-0.6885048196972393,50,-24.746799182559933,2.393468875463275e-29,1.7763568394002505e-15,2.0200220476711484e-27,1.865174681370263e-13
band1-99_gamma,eig@logskewnormal-quad,lucb,50,-0.36733681237727794,-0.3994971892106042,-0.3351764355439517,50,-22.95343010640397,7.164553329869369e-28,1.7763568394002505e-15,4.9435417976098644e-26,1.865174681370263e-13
band1-99_gamma,eig@logskewnormal-quad,lucb@gamma-poisson,50,-0.5188501959692087,-0.5656330267627409,-0.4720673651756765,50,-22.287418010274084,2.6796964140035466e-27,1.7763568394002505e-15,1.6882087408222343e-25,1.865174681370263e-13
band1-99_gamma,eig@logskewnormal-quad,dad,50,-0.0016914949916119592,-0.007632172384256295,0.004249182401032376,26,-0.5721883590380364,0.5698103720846117,0.5335711137818162,1.0,1.0
band1-99_gamma,eig@logskewnormal-quad,bo-ei@gp-poisson,50,-0.5374634622681043,-0.5812249562905842,-0.49370196824562435,50,-24.680904725988164,2.701694086850084e-29,1.7763568394002505e-15,2.2153891512170688e-27,1.865174681370263e-13
band1-99_gamma,eig@logskewnormal-quad,bo-ei@gp-poisson-cat,50,-0.528198642605187,-0.5717746401448452,-0.4846226450655287,50,-24.358705994019672,4.9046719930379966e-29,1.7763568394002505e-15,3.776597434639258e-27,1.865174681370263e-13
band1-99_gamma,eig@logskewnormal-poisson,eig@logskewnormal-poisson-m8k,50,-0.005406885068436198,-0.014785646785190438,0.0039718766483180425,27,-1.1585263248689843,0.25226460968813963,0.3673427625704484,1.0,1.0
band1-99_gamma,eig@logskewnormal-poisson,systematic,50,-0.01507179036593799,-0.025725335552639318,-0.00441824517923666,32,-2.842987584677443,0.006499660306340484,0.0069413795797625966,0.20148946949655502,0.2221241465524031
band1-99_gamma,eig@logskewnormal-poisson,random,50,-0.7596741949280985,-0.8062997748766209,-0.7130486149795762,50,-32.74216539717224,5.727176829120224e-35,1.7763568394002505e-15,5.784448597411426e-33,1.865174681370263e-13
band1-99_gamma,eig@logskewnormal-poisson,d-optimality,50,-0.001482807309693488,-0.009791599728318976,0.006825985108931999,24,-0.358633685963141,0.7214097720487773,0.5984627102635613,1.0,1.0
band1-99_gamma,eig@logskewnormal-poisson,thompson,50,-0.7491479862094983,-0.8091348316151341,-0.6891611408038625,50,-25.096656306090825,1.263871922786282e-29,1.7763568394002505e-15,1.1248460112797909e-27,1.865174681370263e-13
band1-99_gamma,eig@logskewnormal-poisson,lucb,50,-0.3671281246953594,-0.40054477334182204,-0.3337114760488967,50,-22.077964671049912,4.084878240268912e-27,1.7763568394002505e-15,2.4509269441613475e-25,1.865174681370263e-13
band1-99_gamma,eig@logskewnormal-poisson,lucb@gamma-poisson,50,-0.5186415082872902,-0.566323952399815,-0.4709590641747653,50,-21.858131465365187,6.3809712258583576e-27,1.7763568394002505e-15,3.7009633109978473e-25,1.865174681370263e-13
band1-99_gamma,eig@logskewnormal-poisson,dad,50,-0.001482807309693488,-0.009791599728318976,0.006825985108931999,24,-0.358633685963141,0.7214097720487773,0.5984627102635613,1.0,1.0
band1-99_gamma,eig@logskewnormal-poisson,bo-ei@gp-poisson,50,-0.5372547745861858,-0.5812053125704214,-0.4933042366019501,50,-24.565203079541483,3.344261472921713e-29,1.7763568394002505e-15,2.7088517930665874e-27,1.865174681370263e-13
band1-99_gamma,eig@logskewnormal-poisson,bo-ei@gp-poisson-cat,50,-0.5279899549232685,-0.5708992980837587,-0.4850806117627783,50,-24.727377785725636,2.4803950595748858e-29,1.7763568394002505e-15,2.0587278994471553e-27,1.865174681370263e-13
band1-99_gamma,eig@logskewnormal-poisson-m8k,systematic,50,-0.009664905297501792,-0.019453152622158916,0.0001233420271553303,27,-1.9842525133312525,0.05284314618207268,0.0857934137886982,1.0,1.0
band1-99_gamma,eig@logskewnormal-poisson-m8k,random,50,-0.7542673098596621,-0.7998661406764012,-0.708668479042923,50,-33.24113537388415,2.816316007305563e-35,1.7763568394002505e-15,2.9571318076708415e-33,1.865174681370263e-13
band1-99_gamma,eig@logskewnormal-poisson-m8k,d-optimality,50,0.00392407775874271,-0.0040925507637061065,0.011940706281191527,21,0.9836715609881003,0.3301093352080245,0.5398998476772991,1.0,1.0
band1-99_gamma,eig@logskewnormal-poisson-m8k,thompson,50,-0.7437411011410621,-0.802444338804285,-0.6850378634778391,50,-25.460328240543827,6.560312783832986e-30,1.7763568394002505e-15,6.297900272479667e-28,1.865174681370263e-13
band1-99_gamma,eig@logskewnormal-poisson-m8k,lucb,50,-0.36172123962692326,-0.39469296705760815,-0.3287495121962384,50,-22.046344020831214,4.354559486542748e-27,1.7763568394002505e-15,2.569190097060221e-25,1.865174681370263e-13
band1-99_gamma,eig@logskewnormal-poisson-m8k,lucb@gamma-poisson,50,-0.5132346232188538,-0.5605666537021315,-0.4659025927355761,50,-21.79039392832195,7.326484593835775e-27,1.7763568394002505e-15,4.176096218486392e-25,1.865174681370263e-13
band1-99_gamma,eig@logskewnormal-poisson-m8k,dad,50,0.00392407775874271,-0.0040925507637061065,0.011940706281191527,21,0.9836715609881003,0.3301093352080245,0.5398998476772991,1.0,1.0
band1-99_gamma,eig@logskewnormal-poisson-m8k,bo-ei@gp-poisson,50,-0.5318478895177495,-0.5755697071836654,-0.48812607185183365,50,-24.445194773489703,4.176452733302746e-29,1.7763568394002505e-15,3.341162186642197e-27,1.865174681370263e-13
band1-99_gamma,eig@logskewnormal-poisson-m8k,bo-ei@gp-poisson-cat,50,-0.5225830698548323,-0.565013023687153,-0.48015311602251154,50,-24.75067497535879,2.3764965266719394e-29,1.7763568394002505e-15,2.0200220476711484e-27,1.865174681370263e-13
band1-99_gamma,systematic,random,50,-0.7446024045621604,-0.7901639885915385,-0.6990408205327824,50,-32.842022190233166,4.964864468387622e-35,1.7763568394002505e-15,5.163459047123127e-33,1.865174681370263e-13
band1-99_gamma,systematic,d-optimality,50,0.013588983056244501,0.0037409029358908344,0.023437063176598168,20,2.772934776511248,0.007835209278257305,0.00939211543820484,0.23505627834771917,0.28262577963157476
band1-99_gamma,systematic,thompson,50,-0.73407619584356,-0.7946470907616374,-0.6735053009254826,50,-24.354623575042833,4.9420822748247935e-29,1.7763568394002505e-15,3.776597434639258e-27,1.865174681370263e-13
band1-99_gamma,systematic,lucb,50,-0.3520563343294215,-0.3868125072600902,-0.31730016139875283,50,-20.355626983275187,1.4889820797876494e-25,1.7763568394002505e-15,8.040503230853306e-24,1.865174681370263e-13
band1-99_gamma,systematic,lucb@gamma-poisson,50,-0.5035697179213521,-0.5508764504847692,-0.45626298535793497,50,-21.391484477316606,1.6649760862815612e-26,1.7763568394002505e-15,9.157368474548587e-25,1.865174681370263e-13
band1-99_gamma,systematic,dad,50,0.013588983056244501,0.0037409029358908344,0.023437063176598168,20,2.772934776511248,0.007835209278257305,0.00939211543820484,0.23505627834771917,0.28262577963157476
band1-99_gamma,systematic,bo-ei@gp-poisson,50,-0.5221829842202478,-0.5659702743896916,-0.47839569405080395,50,-23.965081882859668,1.0255956787357725e-28,1.7763568394002505e-15,7.691967590518293e-27,1.865174681370263e-13
band1-99_gamma,systematic,bo-ei@gp-poisson-cat,50,-0.5129181645573305,-0.5552086974645307,-0.4706276316501303,50,-24.373011435679977,4.775841988970542e-29,1.7763568394002505e-15,3.725156751397023e-27,1.865174681370263e-13
band1-99_gamma,random,d-optimality,50,0.7581913876184049,0.7117262521987757,0.804656523038034,0,32.79109430764602,5.339779320795772e-35,1.7763568394002505e-15,5.499972700419645e-33,1.865174681370263e-13
band1-99_gamma,random,thompson,50,0.010526208718600216,-0.03980310731211711,0.06085552474931754,20,0.42029596366544153,0.6761067221684692,0.3829036913273498,1.0,1.0
band1-99_gamma,random,lucb,50,0.3925460702327389,0.35141918840479425,0.43367295206068357,1,19.180906188616117,1.99291838131586e-24,3.552713678800501e-15,1.0363175582842472e-22,1.865174681370263e-13
band1-99_gamma,random,lucb@gamma-poisson,50,0.24103268664080824,0.1918657306676595,0.290199642613957,4,9.851602744669156,3.299081573234384e-13,4.9604764740251994e-11,1.5175775236878168e-11,1.9345858248698278e-09
band1-99_gamma,random,dad,50,0.7581913876184049,0.7117262521987757,0.804656523038034,0,32.79109430764602,5.339779320795772e-35,1.7763568394002505e-15,5.499972700419645e-33,1.865174681370263e-13
band1-99_gamma,random,bo-ei@gp-poisson,50,0.22241942034191264,0.17418869966212036,0.2706501410217049,4,9.267300033586643,2.364724642127476e-12,1.616786704516926e-10,9.695371032722652e-11,6.143789477164319e-09
band1-99_gamma,random,bo-ei@gp-poisson-cat,50,0.23168424000482987,0.18138739160804435,0.2819810884016154,5,9.25678101883953,2.4509340102166784e-12,3.489741828843762e-10,9.803736040866714e-11,1.2563070583837543e-08
band1-99_gamma,d-optimality,thompson,50,-0.7476651788998048,-0.8070044282394346,-0.6883259295601749,50,-25.320330909164507,8.435958727544766e-30,1.7763568394002505e-15,8.0141607911675276e-28,1.865174681370263e-13
band1-99_gamma,d-optimality,lucb,50,-0.3656453173856659,-0.39723384325899036,-0.33405679151234147,50,-23.261350603606527,3.9353355020830726e-28,1.7763568394002505e-15,2.8334415614998125e-26,1.865174681370263e-13
band1-99_gamma,d-optimality,lucb@gamma-poisson,50,-0.5171587009775966,-0.5632262214447901,-0.4710911805104032,50,-22.559697344479613,1.5566176873929421e-27,1.7763568394002505e-15,1.0429338505532713e-25,1.865174681370263e-13
band1-99_gamma,d-optimality,dad,50,0.0,0.0,0.0,0,,,,1.0,1.0
band1-99_gamma,d-optimality,bo-ei@gp-poisson,50,-0.5357719672764922,-0.5786782015304041,-0.4928657330225804,50,-25.09365123527927,1.2707817601529074e-29,1.7763568394002505e-15,1.1248460112797909e-27,1.865174681370263e-13
band1-99_gamma,d-optimality,bo-ei@gp-poisson-cat,50,-0.5265071476135751,-0.5684513814989575,-0.48456291372819266,50,-25.2252962566214,1.001304755687946e-29,1.7763568394002505e-15,9.30045904248463e-28,1.865174681370263e-13
band1-99_gamma,thompson,lucb,50,0.38201986151413864,0.33448678277716615,0.4295529402511111,0,16.150808535640234,2.9313036401220336e-21,1.7763568394002505e-15,1.4656518200610168e-19,1.865174681370263e-13
band1-99_gamma,thompson,lucb@gamma-poisson,50,0.23050647792220802,0.18022684493758767,0.28078611090682837,4,9.212877710782772,2.84638125680502e-12,3.6148861681795097e-12,1.1100886901539578e-10,1.5905499139989843e-10
band1-99_gamma,thompson,dad,50,0.7476651788998048,0.6883259295601749,0.8070044282394346,0,25.320330909164507,8.435958727544766e-30,1.7763568394002505e-15,8.0141607911675276e-28,1.865174681370263e-13
band1-99_gamma,thompson,bo-ei@gp-poisson,50,0.2118932116233124,0.15575511474156686,0.26803130850505796,6,7.585140477614885,8.274296416585257e-10,2.1246773229677274e-09,2.730517817473135e-08,7.0114351657935e-08
band1-99_gamma,thompson,bo-ei@gp-poisson-cat,50,0.22115803128622966,0.16309599580272677,0.27922006676973254,3,7.654463014672251,6.472174313936937e-10,8.008242957657785e-10,2.2005392667385584e-08,2.8028850351802248e-08
band1-99_gamma,lucb,lucb@gamma-poisson,50,-0.1515133835919307,-0.18257024053476,-0.12045652664910139,49,-9.803875012867591,3.869241244163032e-13,3.375077994860476e-14,1.7411585598733643e-11,1.5862866575844237e-12
band1-99_gamma,lucb,dad,50,0.3656453173856659,0.33405679151234147,0.39723384325899036,0,23.261350603606527,3.9353355020830726e-28,1.7763568394002505e-15,2.8334415614998125e-26,1.865174681370263e-13
band1-99_gamma,lucb,bo-ei@gp-poisson,50,-0.17012664989082626,-0.20803571547394417,-0.13221758430770836,48,-9.018484036404509,5.533426949792798e-12,8.881784197001252e-15,2.1027022409212632e-10,4.3520742565306136e-13
band1-99_gamma,lucb,bo-ei@gp-poisson-cat,50,-0.16086183022790906,-0.20131784144739095,-0.12040581900842716,48,-7.990504770021012,1.9754806662001893e-10,8.881784197001252e-15,6.914182331700662e-09,4.3520742565306136e-13
band1-99_gamma,lucb@gamma-poisson,dad,50,0.5171587009775966,0.4710911805104032,0.5632262214447901,0,22.559697344479613,1.5566176873929421e-27,1.7763568394002505e-15,1.0429338505532713e-25,1.865174681370263e-13
band1-99_gamma,lucb@gamma-poisson,bo-ei@gp-poisson,50,-0.018613266298895582,-0.05374011213702723,0.016513579539236063,29,-1.0648482134922674,0.2921638900664236,0.21148488261323095,1.0,1.0
band1-99_gamma,lucb@gamma-poisson,bo-ei@gp-poisson-cat,50,-0.009348446635978362,-0.049126148208218576,0.03042925493626185,24,-0.4722848762683861,0.6388201566619939,0.8258163298101913,1.0,1.0
band1-99_gamma,dad,bo-ei@gp-poisson,50,-0.5357719672764922,-0.5786782015304041,-0.4928657330225804,50,-25.09365123527927,1.2707817601529074e-29,1.7763568394002505e-15,1.1248460112797909e-27,1.865174681370263e-13
band1-99_gamma,dad,bo-ei@gp-poisson-cat,50,-0.5265071476135751,-0.5684513814989575,-0.48456291372819266,50,-25.2252962566214,1.001304755687946e-29,1.7763568394002505e-15,9.30045904248463e-28,1.865174681370263e-13
band1-99_gamma,bo-ei@gp-poisson,bo-ei@gp-poisson-cat,50,0.009264819662917222,-0.008055679365015667,0.02658531869085011,28,1.074931625297895,0.2876700662738032,0.9010179923007229,1.0,1.0
band1-99_n192_eval25_gamma,eig,eig@gamma-poisson,50,-0.1454775954439847,-0.15636985871551573,-0.13458533217245366,50,-26.839984131254308,5.856322090296305e-31,1.7763568394002505e-15,3.0452874869540783e-29,1.865174681370263e-13
band1-99_n192_eval25_gamma,eig,eig@gammamix-poisson,50,-0.008878697572982102,-0.015928800557853697,-0.0018285945881105076,30,-2.5308014392004345,0.014641435265634752,0.012931948668784443,0.13177291739071276,0.11638753801905999
band1-99_n192_eval25_gamma,eig,eig@logskewnormal-quad,50,0.004433310189291344,0.00261410745526748,0.006252512923315208,13,4.897238888382056,1.0994796230983985e-05,1.0451820186219152e-05,0.0002528803133126317,0.0002403918642830405
band1-99_n192_eval25_gamma,eig,eig@logskewnormal-poisson,50,0.0020774009851871433,-0.004317018618131401,0.008471820588505687,27,0.6528651287215195,0.5168947984373872,0.652772195247282,1.0,1.0
band1-99_n192_eval25_gamma,eig,eig@logskewnormal-poisson-m8k,50,-0.001282506762214144,-0.007629724669471448,0.005064711145043161,26,-0.40605094522586116,0.6864730250039931,0.46647302992520423,1.0,1.0
band1-99_n192_eval25_gamma,eig,systematic,50,-0.034342509840626964,-0.046280864887174464,-0.02240415479407946,42,-5.780851473046912,5.083392776883049e-07,7.239255257474042e-07,1.4233499775272539e-05,2.0269914720927318e-05
band1-99_n192_eval25_gamma,eig,random,50,-0.717206501379509,-0.7357438574269476,-0.6986691453320705,50,-77.75005353471157,5.443531219398317e-53,1.7763568394002505e-15,5.66127246817425e-51,1.865174681370263e-13
band1-99_n192_eval25_gamma,eig,d-optimality,50,-0.013840925656059398,-0.021438017050075815,-0.0062438342620429795,35,-3.661188212013713,0.0006146656753855299,0.0005510827602233093,0.009219985130782949,0.008266241403349639
band1-99_n192_eval25_gamma,eig,thompson,50,-0.6189107252927305,-0.6382700554676995,-0.5995513951177615,50,-64.2453874333985,5.715616114310802e-49,1.7763568394002505e-15,5.429835308595262e-47,1.865174681370263e-13
band1-99_n192_eval25_gamma,eig,lucb,50,-0.20953544622552847,-0.22377362233661643,-0.1952972701144405,50,-29.573819058730017,6.62691394515908e-33,1.7763568394002505e-15,3.843610088192266e-31,1.865174681370263e-13
band1-99_n192_eval25_gamma,eig,lucb@gamma-poisson,50,-0.6751875691225321,-0.7070889056069375,-0.6432862326381267,50,-42.532394214562245,2.389777955046205e-40,1.7763568394002505e-15,1.9835157026883502e-38,1.865174681370263e-13
band1-99_n192_eval25_gamma,eig,dad,50,-0.013840925656059398,-0.021438017050075815,-0.0062438342620429795,35,-3.661188212013713,0.0006146656753855299,0.0005510827602233093,0.009219985130782949,0.008266241403349639
band1-99_n192_eval25_gamma,eig,bo-ei@gp-poisson,50,-0.3089230996517863,-0.3287787103275153,-0.28906748897605733,50,-31.265933915409256,4.962756438458845e-34,1.7763568394002505e-15,3.325046813767426e-32,1.865174681370263e-13
band1-99_n192_eval25_gamma,eig,bo-ei@gp-poisson-cat,50,-0.31785701458883897,-0.337377500556597,-0.29833652862108095,50,-32.72242230652422,5.891500353120371e-35,1.7763568394002505e-15,4.182965250715464e-33,1.865174681370263e-13
band1-99_n192_eval25_gamma,eig@gamma-poisson,eig@gammamix-poisson,50,0.13659889787100257,0.12262248532993426,0.1505753104120709,0,19.64064539266457,7.117547701704295e-25,1.7763568394002505e-15,2.9181945576987606e-23,1.865174681370263e-13
band1-99_n192_eval25_gamma,eig@gamma-poisson,eig@logskewnormal-quad,50,0.14991090563327603,0.13860242676522655,0.1612193845013255,0,26.639943997013592,8.256820174618936e-31,1.7763568394002505e-15,4.2109782890556574e-29,1.865174681370263e-13
band1-99_n192_eval25_gamma,eig@gamma-poisson,eig@logskewnormal-poisson,50,0.14755499642917183,0.13447454725755179,0.16063544560079188,0,22.66916548875914,1.2531467701937215e-27,1.7763568394002505e-15,5.388531111833002e-26,1.865174681370263e-13
band1-99_n192_eval25_gamma,eig@gamma-poisson,eig@logskewnormal-poisson-m8k,50,0.14419508868177056,0.13150100342036372,0.1568891739431774,0,22.82723595779807,9.176372609670424e-28,1.7763568394002505e-15,4.0376039482549866e-26,1.865174681370263e-13
band1-99_n192_eval25_gamma,eig@gamma-poisson,systematic,50,0.11113508560335772,0.09671288403647268,0.12555728717024275,1,15.485452409536851,1.653780132448055e-20,3.552713678800501e-15,5.953608476812998e-19,1.865174681370263e-13
band1-99_n192_eval25_gamma,eig@gamma-poisson,random,50,-0.5717289059355244,-0.5912188758682336,-0.5522389360028152,50,-58.94992427827269,3.670191710673975e-47,1.7763568394002505e-15,3.266470622499838e-45,1.865174681370263e-13
band1-99_n192_eval25_gamma,eig@gamma-poisson,d-optimality,50,0.1316366697879253,0.11749470206809276,0.14577863750775782,0,18.705585894740384,5.896101576847965e-24,1.7763568394002505e-15,2.358440630739186e-22,1.865174681370263e-13
band1-99_n192_eval25_gamma,eig@gamma-poisson,thompson,50,-0.47343312984874575,-0.4939247010609722,-0.4529415586365193,50,-46.42882111514077,3.60883101398965e-42,1.7763568394002505e-15,3.103594672031099e-40,1.865174681370263e-13
band1-99_n192_eval25_gamma,eig@gamma-poisson,lucb,50,-0.06405785078154377,-0.0824376987691204,-0.04567800279396715,42,-7.003815850997315,6.544068111742664e-09,7.546860913976161e-09,2.0286611146402259e-07,2.4149954924723716e-07
band1-99_n192_eval25_gamma,eig@gamma-poisson,lucb@gamma-poisson,50,-0.5297099736785473,-0.561841496425656,-0.49757845093143876,50,-33.129212528857835,3.299558657740707e-35,1.7763568394002505e-15,2.408677820150716e-33,1.865174681370263e-13
band1-99_n192_eval25_gamma,eig@gamma-poisson,dad,50,0.1316366697879253,0.11749470206809276,0.14577863750775782,0,18.705585894740384,5.896101576847965e-24,1.7763568394002505e-15,2.358440630739186e-22,1.865174681370263e-13
band1-99_n192_eval25_gamma,eig@gamma-poisson,bo-ei@gp-poisson,50,-0.16344550420780166,-0.1846280684519479,-0.1422629399636554,50,-15.50596207760207,1.566723469889555e-20,1.7763568394002505e-15,5.796876838591353e-19,1.865174681370263e-13
band1-99_n192_eval25_gamma,eig@gamma-poisson,bo-ei@gp-poisson-cat,50,-0.17237941914485433,-0.19355817977532086,-0.1512006585143878,50,-16.356453436935155,1.7342835467231517e-21,1.7763568394002505e-15,6.590277477547977e-20,1.865174681370263e-13
band1-99_n192_eval25_gamma,eig@gammamix-poisson,eig@logskewnormal-quad,50,0.013312007762273446,0.006661172427430892,0.019962843097116,12,4.022273866169959,0.00019886621725894056,0.00014903614355255002,0.003381550749583918,0.0026826505839459003
band1-99_n192_eval25_gamma,eig@gammamix-poisson,eig@logskewnormal-poisson,50,0.010956098558169244,0.004627752466342852,0.017284444649995637,12,3.479124567235865,0.0010658348224083668,0.0014846473444478647,0.013855852691308767,0.016331120788926512
band1-99_n192_eval25_gamma,eig@gammamix-poisson,eig@logskewnormal-poisson-m8k,50,0.007596190810767958,0.0020365084587510808,0.013155873162784836,16,2.745681494607379,0.008420083236601024,0.007380741603101981,0.09262091560261126,0.07380741603101981
band1-99_n192_eval25_gamma,eig@gammamix-poisson,systematic,50,-0.025463812267644867,-0.0351892645878846,-0.015738359947405134,38,-5.261600683545944,3.135828085507251e-06,3.801371960321376e-06,8.153153022318853e-05,9.883567096835577e-05
band1-99_n192_eval25_gamma,eig@gammamix-poisson,random,50,-0.7083278038065268,-0.7274415184729464,-0.6892140891401073,50,-74.4720761579927,4.415619087536163e-52,1.7763568394002505e-15,4.4597752784115245e-50,1.865174681370263e-13
band1-99_n192_eval25_gamma,eig@gammamix-poisson,d-optimality,50,-0.004962228083077296,-0.010095584647062849,0.00017112848090825635,28,-1.942582899208771,0.05782481791143143,0.07556206690378708,0.40477372538002,0.5289344683265096
band1-99_n192_eval25_gamma,eig@gammamix-poisson,thompson,50,-0.6100320277197483,-0.6299550257058026,-0.590109029733694,50,-61.53216788052922,4.616200972515529e-48,1.7763568394002505e-15,4.2930669044394416e-46,1.865174681370263e-13
band1-99_n192_eval25_gamma,eig@gammamix-poisson,lucb,50,-0.20065674865254635,-0.21620458576430995,-0.18510891154078274,50,-25.9351079096354,2.8208286060321183e-30,1.7763568394002505e-15,1.382206016955738e-28,1.865174681370263e-13
band1-99_n192_eval25_gamma,eig@gammamix-poisson,lucb@gamma-poisson,50,-0.6663088715495501,-0.6984496281535009,-0.6341681149455993,50,-41.66043211256922,6.419987607270302e-40,1.7763568394002505e-15,5.200189961888945e-38,1.865174681370263e-13
band1-99_n192_eval25_gamma,eig@gammamix-poisson,dad,50,-0.004962228083077296,-0.010095584647062849,0.00017112848090825635,28,-1.942582899208771,0.05782481791143143,0.07556206690378708,0.40477372538002,0.5289344683265096
band1-99_n192_eval25_gamma,eig@gammamix-poisson,bo-ei@gp-poisson,50,-0.3000444020788043,-0.3203399053185643,-0.27974889883904425,50,-29.709132773587918,5.360396685357994e-33,1.7763568394002505e-15,3.2162380112147963e-31,1.865174681370263e-13
band1-99_n192_eval25_gamma,eig@gammamix-poisson,bo-ei@gp-poisson-cat,50,-0.30897831701585693,-0.3285687903187553,-0.28938784371295856,50,-31.69475107031082,2.6256283992268815e-34,1.7763568394002505e-15,1.8116835954665484e-32,1.865174681370263e-13
band1-99_n192_eval25_gamma,eig@logskewnormal-quad,eig@logskewnormal-poisson,50,-0.0023559092041042008,-0.008439229290284643,0.003727410882076242,28,-0.7782554148758014,0.4401604278298586,0.35718707191412413,1.0,1.0
band1-99_n192_eval25_gamma,eig@logskewnormal-quad,eig@logskewnormal-poisson-m8k,50,-0.0057158169515054875,-0.01139386752020181,-3.776638280916355e-05,34,-2.0229415125385586,0.04855329237799451,0.024847675451864504,0.38842633902395607,0.19878140361491603
band1-99_n192_eval25_gamma,eig@logskewnormal-quad,systematic,50,-0.03877582002991831,-0.05053830966398533,-0.027013330395851298,44,-6.624696824881371,2.5312521892795864e-08,7.798730550234723e-08,7.3406313489108e-07,2.2616318595680696e-06
band1-99_n192_eval25_gamma,eig@logskewnormal-quad,random,50,-0.7216398115688003,-0.7405286115039225,-0.7027510116336781,50,-76.77509955297697,1.0052457715598709e-52,1.7763568394002505e-15,1.035403144706667e-50,1.865174681370263e-13
band1-99_n192_eval25_gamma,eig@logskewnormal-quad,d-optimality,50,-0.01827423584535074,-0.025667303687413275,-0.010881168003288207,37,-4.967281866850984,8.654084718922402e-06,7.518488965629899e-06,0.00021635211797306006,0.00018796222414074748
band1-99_n192_eval25_gamma,eig@logskewnormal-quad,thompson,50,-0.6233440354820218,-0.6429657659549797,-0.6037223050090639,50,-63.84027849344157,7.764558510990782e-49,1.7763568394002505e-15,7.2986850003313355e-47,1.865174681370263e-13
band1-99_n192_eval25_gamma,eig@logskewnormal-quad,lucb,50,-0.21396875641481977,-0.22813202349641679,-0.19980548933322276,50,-30.359260468176927,1.957993205635921e-33,1.7763568394002505e-15,1.2531156516069895e-31,1.865174681370263e-13
band1-99_n192_eval25_gamma,eig@logskewnormal-quad,lucb@gamma-poisson,50,-0.6796208793118234,-0.7116070584147038,-0.6476347002089429,50,-42.69810674504882,1.9848991010200476e-40,1.7763568394002505e-15,1.6871642358670406e-38,1.865174681370263e-13
band1-99_n192_eval25_gamma,eig@logskewnormal-quad,dad,50,-0.01827423584535074,-0.025667303687413275,-0.010881168003288207,37,-4.967281866850984,8.654084718922402e-06,7.518488965629899e-06,0.00021635211797306006,0.00018796222414074748
band1-99_n192_eval25_gamma,eig@logskewnormal-quad,bo-ei@gp-poisson,50,-0.3133564098410777,-0.33343588038753574,-0.2932769392946197,50,-31.36105009120523,4.306246991313162e-34,1.7763568394002505e-15,2.9282479540929504e-32,1.865174681370263e-13
band1-99_n192_eval25_gamma,eig@logskewnormal-quad,bo-ei@gp-poisson-cat,50,-0.32229032477813035,-0.34198871024319144,-0.30259193931306927,50,-32.87917464044111,4.7083801979982536e-35,1.7763568394002505e-15,3.3900337425587426e-33,1.865174681370263e-13
band1-99_n192_eval25_gamma,eig@logskewnormal-poisson,eig@logskewnormal-poisson-m8k,50,-0.003359907747401287,-0.00944933043023671,0.0027295149354341353,23,-1.108805835937205,0.2729266006412504,0.4843032319103049,1.0,1.0
band1-99_n192_eval25_gamma,eig@logskewnormal-poisson,systematic,50,-0.03641991082581411,-0.046644619752023185,-0.026195201899605038,41,-7.158008258446003,3.777018256339598e-09,1.757493883758343e-08,1.2086458420286713e-07,5.448231039650864e-07
band1-99_n192_eval25_gamma,eig@logskewnormal-poisson,random,50,-0.7192839023646962,-0.7372265289033915,-0.7013412758260009,50,-80.55983975035606,9.686218537953736e-54,1.7763568394002505e-15,1.0170529464851422e-51,1.865174681370263e-13
band1-99_n192_eval25_gamma,eig@logskewnormal-poisson,d-optimality,50,-0.015918326641246542,-0.022745389406554885,-0.009091263875938197,35,-4.685627792575145,2.2527996041503917e-05,5.121092026350027e-05,0.0004956159129130862,0.0010242184052700054
band1-99_n192_eval25_gamma,eig@logskewnormal-poisson,thompson,50,-0.6209881262779174,-0.6397828339970716,-0.6021934185587633,50,-66.39754018880552,1.1579225743183817e-49,1.7763568394002505e-15,1.1231848970888303e-47,1.865174681370263e-13
band1-99_n192_eval25_gamma,eig@logskewnormal-poisson,lucb,50,-0.2116128472107156,-0.22596443993567375,-0.19726125448575746,50,-29.63099258478345,6.0582142008757136e-33,1.7763568394002505e-15,3.574346378516671e-31,1.865174681370263e-13
band1-99_n192_eval25_gamma,eig@logskewnormal-poisson,lucb@gamma-poisson,50,-0.6772649701077192,-0.7091769398359266,-0.6453530003795119,50,-42.64904123735529,2.096900501458643e-40,1.7763568394002505e-15,1.76139642122526e-38,1.865174681370263e-13
band1-99_n192_eval25_gamma,eig@logskewnormal-poisson,dad,50,-0.015918326641246542,-0.022745389406554885,-0.009091263875938197,35,-4.685627792575145,2.2527996041503917e-05,5.121092026350027e-05,0.0004956159129130862,0.0010242184052700054
band1-99_n192_eval25_gamma,eig@logskewnormal-poisson,bo-ei@gp-poisson,50,-0.31100050063697343,-0.33108459000204654,-0.2909164112719003,50,-31.11811013456836,6.192034359524452e-34,1.7763568394002505e-15,4.086742677286138e-32,1.865174681370263e-13
band1-99_n192_eval25_gamma,eig@logskewnormal-poisson,bo-ei@gp-poisson-cat,50,-0.31993441557402613,-0.3391489861211963,-0.30071984502685595,50,-33.460663482674875,2.067283291209762e-35,1.7763568394002505e-15,1.5297896354952238e-33,1.865174681370263e-13
band1-99_n192_eval25_gamma,eig@logskewnormal-poisson-m8k,systematic,50,-0.03306000307841282,-0.04306516227646291,-0.023054843880362736,41,-6.640230526141225,2.3947623634882256e-08,4.578190981874286e-08,7.184287090464676e-07,1.3734572945622858e-06
band1-99_n192_eval25_gamma,eig@logskewnormal-poisson-m8k,random,50,-0.7159239946172948,-0.734866280138329,-0.6969817090962607,50,-75.95192933038487,1.697443926458944e-52,1.7763568394002505e-15,1.7313928049881229e-50,1.865174681370263e-13
band1-99_n192_eval25_gamma,eig@logskewnormal-poisson-m8k,d-optimality,50,-0.012558418893845253,-0.018805046112702384,-0.006311791674988122,37,-4.040114247634696,0.0001878639305324399,0.0001858580190070569,0.003381550749583918,0.0031595863231199672
band1-99_n192_eval25_gamma,eig@logskewnormal-poisson-m8k,thompson,50,-0.6176282185305163,-0.6369212769303816,-0.598335160130651,50,-64.33248414983474,5.3525919268789414e-49,1.7763568394002505e-15,5.1384882498037835e-47,1.865174681370263e-13
band1-99_n192_eval25_gamma,eig@logskewnormal-poisson-m8k,lucb,50,-0.20825293946331427,-0.22291679416218266,-0.1935890847644459,50,-28.53955926316882,3.4522183311927063e-32,1.7763568394002505e-15,1.91085904326689e-30,1.865174681370263e-13
band1-99_n192_eval25_gamma,eig@logskewnormal-poisson-m8k,lucb@gamma-poisson,50,-0.673905062360318,-0.7059348938057252,-0.6418752309149108,50,-42.281300412198135,3.1701806579016522e-40,1.7763568394002505e-15,2.5995481394793547e-38,1.865174681370263e-13
band1-99_n192_eval25_gamma,eig@logskewnormal-poisson-m8k,dad,50,-0.012558418893845253,-0.018805046112702384,-0.006311791674988122,37,-4.040114247634696,0.0001878639305324399,0.0001858580190070569,0.003381550749583918,0.0031595863231199672
band1-99_n192_eval25_gamma,eig@logskewnormal-poisson-m8k,bo-ei@gp-poisson,50,-0.3076405928895722,-0.32792600978061337,-0.287355175998531,50,-30.476421595243323,1.6363892439543922e-33,1.7763568394002505e-15,1.0636530085703549e-31,1.865174681370263e-13
band1-99_n192_eval25_gamma,eig@logskewnormal-poisson-m8k,bo-ei@gp-poisson-cat,50,-0.31657450782662483,-0.33648032977025133,-0.29666868588299833,50,-31.959508802823137,1.7791677067044115e-34,1.7763568394002505e-15,1.245417394693088e-32,1.865174681370263e-13
band1-99_n192_eval25_gamma,systematic,random,50,-0.6828639915388821,-0.7019060011284216,-0.6638219819493426,50,-72.06521776344483,2.1772552271010216e-51,1.7763568394002505e-15,2.1337101225590012e-49,1.865174681370263e-13
band1-99_n192_eval25_gamma,systematic,d-optimality,50,0.02050158418456757,0.011268899637146772,0.029734268731988367,14,4.462350650844746,4.750641703259243e-05,2.191284211150446e-05,0.0009501283406518486,0.0004820825264530981
band1-99_n192_eval25_gamma,systematic,thompson,50,-0.5845682154521035,-0.6048054606485356,-0.5643309702556714,50,-58.048108760993195,7.730572347787791e-47,1.7763568394002505e-15,6.802903666053256e-45,1.865174681370263e-13
band1-99_n192_eval25_gamma,systematic,lucb,50,-0.17519293638490147,-0.19169211968009456,-0.15869375308970837,50,-21.338231134242093,1.8595559969145898e-26,1.7763568394002505e-15,7.810135187041277e-25,1.865174681370263e-13
band1-99_n192_eval25_gamma,systematic,lucb@gamma-poisson,50,-0.640845059281905,-0.6729757785849545,-0.6087143399788556,50,-40.08084443498006,4.04666079005235e-39,1.7763568394002505e-15,3.1563954162408327e-37,1.865174681370263e-13
band1-99_n192_eval25_gamma,systematic,dad,50,0.02050158418456757,0.011268899637146772,0.029734268731988367,14,4.462350650844746,4.750641703259243e-05,2.191284211150446e-05,0.0009501283406518486,0.0004820825264530981
band1-99_n192_eval25_gamma,systematic,bo-ei@gp-poisson,50,-0.2745805898111594,-0.29530408762765614,-0.25385709199466266,50,-26.626313702776528,8.453056137864027e-31,1.7763568394002505e-15,4.226528068932014e-29,1.865174681370263e-13
band1-99_n192_eval25_gamma,systematic,bo-ei@gp-poisson-cat,50,-0.28351450474821205,-0.3034727794023668,-0.2635562300940573,50,-28.546742540711733,3.4122482915480177e-32,1.7763568394002505e-15,1.91085904326689e-30,1.865174681370263e-13
band1-99_n192_eval25_gamma,random,d-optimality,50,0.7033655757234496,0.6843647069807809,0.7223664444661183,0,74.38954832885554,4.659981895035285e-52,1.7763568394002505e-15,4.659981895035285e-50,1.865174681370263e-13
band1-99_n192_eval25_gamma,random,thompson,50,0.09829577608677859,0.08509320940573438,0.11149834276782279,1,14.961693609319275,6.688710292728177e-20,1.2434497875801753e-14,2.341048602454862e-18,4.227729277772596e-13
band1-99_n192_eval25_gamma,random,lucb,50,0.5076710551539805,0.49089756024950637,0.5244445500584546,0,60.82233826968191,8.092305053945884e-48,1.7763568394002505e-15,7.283074548551296e-46,1.865174681370263e-13
band1-99_n192_eval25_gamma,random,lucb@gamma-poisson,50,0.0420189322569769,0.017720795967591664,0.06631706854636213,18,3.475172118082156,0.0010784863249746637,0.0013303578723942167,0.013855852691308767,0.0159642944687306
band1-99_n192_eval25_gamma,random,dad,50,0.7033655757234496,0.6843647069807809,0.7223664444661183,0,74.38954832885554,4.659981895035285e-52,1.7763568394002505e-15,4.659981895035285e-50,1.865174681370263e-13
band1-99_n192_eval25_gamma,random,bo-ei@gp-poisson,50,0.40828340172772265,0.3866986047295076,0.4298681987259377,0,38.01176420194135,5.018196722868716e-38,1.7763568394002505e-15,3.813829509380224e-36,1.865174681370263e-13
band1-99_n192_eval25_gamma,random,bo-ei@gp-poisson-cat,50,0.3993494867906699,0.37837118459623365,0.42032778898510614,0,38.25489938016247,3.708525871984923e-38,1.7763568394002505e-15,2.8555649214283907e-36,1.865174681370263e-13
band1-99_n192_eval25_gamma,d-optimality,thompson,50,-0.605069799636671,-0.6250375580752845,-0.5851020411980574,50,-60.894831526669485,7.639202257450055e-48,1.7763568394002505e-15,7.02806607685405e-46,1.865174681370263e-13
band1-99_n192_eval25_gamma,d-optimality,lucb,50,-0.19569452056946904,-0.21166109422098436,-0.1797279469179537,50,-24.630385401501616,2.965178101324694e-29,1.7763568394002505e-15,1.3639819266093594e-27,1.865174681370263e-13
band1-99_n192_eval25_gamma,d-optimality,lucb@gamma-poisson,50,-0.6613466434664727,-0.6937897375558033,-0.628903549377142,50,-40.964830117908875,1.4323422866214865e-39,1.7763568394002505e-15,1.1458738292971893e-37,1.865174681370263e-13
band1-99_n192_eval25_gamma,d-optimality,dad,50,0.0,0.0,0.0,0,,,,1.0,1.0
band1-99_n192_eval25_gamma,d-optimality,bo-ei@gp-poisson,50,-0.29508217399572695,-0.31622642314895955,-0.27393792484249435,50,-28.044969839442903,7.746006004147745e-32,1.7763568394002505e-15,4.1828432422397825e-30,1.865174681370263e-13
band1-99_n192_eval25_gamma,d-optimality,bo-ei@gp-poisson-cat,50,-0.3040160889327796,-0.32422085811036633,-0.28381131975519286,50,-30.23757404197014,2.3606573875952447e-33,1.7763568394002505e-15,1.4872141541850041e-31,1.865174681370263e-13
band1-99_n192_eval25_gamma,thompson,lucb,50,0.40937527906720184,0.39388322749823085,0.4248673306361728,0,53.10274238655685,5.675330499193985e-45,1.7763568394002505e-15,4.937537534298767e-43,1.865174681370263e-13
band1-99_n192_eval25_gamma,thompson,lucb@gamma-poisson,50,-0.056276843829801686,-0.07766540170633122,-0.03488828595327215,41,-5.287525808753077,2.86575141665914e-06,2.670359481982132e-06,7.737528824979678e-05,7.209970601351756e-05
band1-99_n192_eval25_gamma,thompson,dad,50,0.605069799636671,0.5851020411980574,0.6250375580752845,0,60.894831526669485,7.639202257450055e-48,1.7763568394002505e-15,7.02806607685405e-46,1.865174681370263e-13
band1-99_n192_eval25_gamma,thompson,bo-ei@gp-poisson,50,0.30998762564094406,0.2892877362513361,0.33068751503055205,0,30.094047585455606,2.9458549947412567e-33,1.7763568394002505e-15,1.7969715467921667e-31,1.865174681370263e-13
band1-99_n192_eval25_gamma,thompson,bo-ei@gp-poisson-cat,50,0.3010537107038914,0.28019809726071737,0.32190932414706547,0,29.008500935484154,1.6228441948378493e-32,1.7763568394002505e-15,9.25021191057574e-31,1.865174681370263e-13
band1-99_n192_eval25_gamma,lucb,lucb@gamma-poisson,50,-0.46565212289700364,-0.49159183977774773,-0.43971240601625955,50,-36.074525392569974,5.9707960469990375e-37,1.7763568394002505e-15,4.478097035249278e-35,1.865174681370263e-13
band1-99_n192_eval25_gamma,lucb,dad,50,0.19569452056946904,0.1797279469179537,0.21166109422098436,0,24.630385401501616,2.965178101324694e-29,1.7763568394002505e-15,1.3639819266093594e-27,1.865174681370263e-13
band1-99_n192_eval25_gamma,lucb,bo-ei@gp-poisson,50,-0.0993876534262579,-0.11474381932437519,-0.0840314875281406,47,-13.006304342301872,1.6483543463030557e-17,7.638334409421077e-14,5.439569342800084e-16,2.5206503551089554e-12
band1-99_n192_eval25_gamma,lucb,bo-ei@gp-poisson-cat,50,-0.10832156836331054,-0.12416918615935706,-0.09247395056726403,48,-13.735839937041852,1.999219059792881e-18,8.881784197001252e-15,6.797344803295796e-17,3.1086244689504383e-13
band1-99_n192_eval25_gamma,lucb@gamma-poisson,dad,50,0.6613466434664727,0.628903549377142,0.6937897375558033,0,40.964830117908875,1.4323422866214865e-39,1.7763568394002505e-15,1.1458738292971893e-37,1.865174681370263e-13
band1-99_n192_eval25_gamma,lucb@gamma-poisson,bo-ei@gp-poisson,50,0.36626446947074576,0.33773210158404743,0.3947968373574441,0,25.796527333850406,3.603812257414779e-30,1.7763568394002505e-15,1.729829883559094e-28,1.865174681370263e-13
band1-99_n192_eval25_gamma,lucb@gamma-poisson,bo-ei@gp-poisson-cat,50,0.35733055453369306,0.3292152967182971,0.38544581234908903,1,25.540673984762307,5.681743345567231e-30,3.552713678800501e-15,2.6704193724165985e-28,1.865174681370263e-13
band1-99_n192_eval25_gamma,dad,bo-ei@gp-poisson,50,-0.29508217399572695,-0.31622642314895955,-0.27393792484249435,50,-28.044969839442903,7.746006004147745e-32,1.7763568394002505e-15,4.1828432422397825e-30,1.865174681370263e-13
band1-99_n192_eval25_gamma,dad,bo-ei@gp-poisson-cat,50,-0.3040160889327796,-0.32422085811036633,-0.28381131975519286,50,-30.23757404197014,2.3606573875952447e-33,1.7763568394002505e-15,1.4872141541850041e-31,1.865174681370263e-13
band1-99_n192_eval25_gamma,bo-ei@gp-poisson,bo-ei@gp-poisson-cat,50,-0.008933914937052645,-0.015727485078723548,-0.002140344795381742,34,-2.6427009442349445,0.011011986003945854,0.0008475708983652908,0.11011986003945853,0.01101842167874878
hardxray,eig,eig@gamma-poisson,50,-0.06108621446601946,-0.06916247785993672,-0.0530099510721022,50,-15.199769736749168,3.530073473361872e-20,1.7763568394002505e-15,1.5885330630128424e-18,1.865174681370263e-13
hardxray,eig,eig@gammamix-poisson,50,-0.005615637831433951,-0.01242700958675295,0.0011957339238850475,29,-1.6567950087180778,0.10395135022843582,0.1255634661063354,1.0,1.0
hardxray,eig,eig@logskewnormal-quad,50,-0.002939098048887008,-0.007212555481982588,0.0013343593842085727,32,-1.3820983948024952,0.17320981343556388,0.10953049393459402,1.0,1.0
hardxray,eig,eig@logskewnormal-poisson,50,-0.003050699054432613,-0.01081416616317454,0.004712768054309315,29,-0.7896741481416325,0.43352290572473035,0.4151920088524754,1.0,1.0
hardxray,eig,eig@logskewnormal-poisson-m8k,50,-0.0038168358807502754,-0.012283337724422255,0.004649665962921703,29,-0.9059489989806104,0.3693962583344412,0.3230277659528582,1.0,1.0
hardxray,eig,systematic,50,-0.00600160756812075,-0.014855700977651341,0.002852485841409842,26,-1.3621588788391041,0.17937698414310335,0.2373529877703877,1.0,1.0
hardxray,eig,random,50,-1.3543166740176773,-1.379732767265535,-1.3289005807698195,50,-107.0818093400942,9.201920967239336e-60,1.7763568394002505e-15,9.109901757566943e-58,1.865174681370263e-13
hardxray,eig,d-optimality,50,0.0003068545754068985,-0.00036738486742969513,0.0009810940182434923,9,0.9145821453921654,0.3648898365914329,0.7432965640803717,1.0,1.0
hardxray,eig,thompson,50,-1.2499549510106136,-1.2791080857837507,-1.2208018162374765,50,-86.1615238506897,3.676619983610124e-55,1.7763568394002505e-15,3.345724185085213e-53,1.865174681370263e-13
hardxray,eig,lucb,50,-1.1070731555653495,-1.1387359563880062,-1.0754103547426928,50,-70.26373982439077,7.440024754323053e-51,1.7763568394002505e-15,5.208017328026137e-49,1.865174681370263e-13
hardxray,eig,lucb@gamma-poisson,50,-1.469656469806381,-1.5222780161405454,-1.4170349234722166,50,-56.1250182587699,3.933164724021165e-46,1.7763568394002505e-15,2.1239089509714291e-44,1.865174681370263e-13
hardxray,eig,dad,50,0.0003068545754068985,-0.00036738486742969513,0.0009810940182434923,9,0.9145821453921654,0.3648898365914329,0.7432965640803717,1.0,1.0
hardxray,eig,bo-ei@gp-poisson,50,-1.2273191089545055,-1.2628794483128425,-1.1917587695961684,50,-69.35788954534422,1.3964120246720163e-50,1.7763568394002505e-15,9.076678160368105e-49,1.865174681370263e-13
hardxray,eig,bo-ei@gp-poisson-cat,50,-1.233293437404885,-1.2675280008366794,-1.1990588739730905,50,-72.39455402609593,1.7448776867268446e-51,1.7763568394002505e-15,1.3610045956469388e-49,1.865174681370263e-13
hardxray,eig@gamma-poisson,eig@gammamix-poisson,50,0.05547057663458551,0.04675818210593043,0.06418297116324059,2,12.79467967474502,3.078077045351301e-17,4.440892098500626e-14,1.3235731295010594e-15,1.7319479184152442e-12
hardxray,eig@gamma-poisson,eig@logskewnormal-quad,50,0.05814711641713245,0.0487792757586628,0.0675149570756021,4,12.473632881094444,8.025851284855848e-17,1.5631940186722204e-13,3.2905990267908977e-15,5.9401372709544376e-12
hardxray,eig@gamma-poisson,eig@logskewnormal-poisson,50,0.058035515411586844,0.04726655790394192,0.06880447291923177,2,10.829900160936049,1.3357729875681013e-14,1.6058265828178264e-12,4.675205456488354e-13,5.780975698144175e-11
hardxray,eig@gamma-poisson,eig@logskewnormal-poisson-m8k,50,0.05726937858526918,0.04608768579217553,0.06845107137836283,4,10.292459932526478,7.66449290313976e-14,2.239985974483716e-12,2.6059275870675184e-12,7.839950910693005e-11
hardxray,eig@gamma-poisson,systematic,50,0.05508460689789871,0.04623848539222551,0.0639307284035719,1,12.51358144900267,7.118500055270958e-17,5.329070518200751e-15,2.9897700232138024e-15,2.1316282072803006e-13
hardxray,eig@gamma-poisson,random,50,-1.2932304595516577,-1.3192720667795181,-1.2671888523237973,50,-99.79583382380196,2.862357250630818e-58,1.7763568394002505e-15,2.7764865331118936e-56,1.865174681370263e-13
hardxray,eig@gamma-poisson,d-optimality,50,0.06139306904142636,0.05337729203243433,0.06940884605041839,0,15.391395137192106,2.120550717578339e-20,1.7763568394002505e-15,9.966588372618194e-19,1.865174681370263e-13
hardxray,eig@gamma-poisson,thompson,50,-1.188868736544594,-1.2190988536044136,-1.1586386194847744,50,-79.03115851088289,2.4591974796167596e-53,1.7763568394002505e-15,2.1640937820627484e-51,1.865174681370263e-13
hardxray,eig@gamma-poisson,lucb,50,-1.0459869410993299,-1.0775390221041161,-1.0144348600945436,50,-66.61967731620993,9.84842537437521e-50,1.7763568394002505e-15,6.10602373211263e-48,1.865174681370263e-13
hardxray,eig@gamma-poisson,lucb@gamma-poisson,50,-1.4085702553403618,-1.4605809956608364,-1.3565595150198873,50,-54.423911050819854,1.7360927386390246e-45,1.7763568394002505e-15,9.027682240922927e-44,1.865174681370263e-13
hardxray,eig@gamma-poisson,dad,50,0.06139306904142636,0.05337729203243433,0.06940884605041839,0,15.391395137192106,2.120550717578339e-20,1.7763568394002505e-15,9.966588372618194e-19,1.865174681370263e-13
hardxray,eig@gamma-poisson,bo-ei@gp-poisson,50,-1.1662328944884859,-1.201706137538095,-1.1307596514388767,50,-66.06762009924098,1.4741257777443711e-49,1.7763568394002505e-15,8.992167244240665e-48,1.865174681370263e-13
hardxray,eig@gamma-poisson,bo-ei@gp-poisson-cat,50,-1.1722072229388656,-1.2063759350537686,-1.1380385108239626,50,-68.94139293516251,1.8703112038992837e-50,1.7763568394002505e-15,1.1969991704955416e-48,1.865174681370263e-13
hardxray,eig@gammamix-poisson,eig@logskewnormal-quad,50,0.002676539782546943,-0.004698478352535071,0.010051557917628956,22,0.7293145548499457,0.46928123772852304,0.46647302992520423,1.0,1.0
hardxray,eig@gammamix-poisson,eig@logskewnormal-poisson,50,0.0025649387770013375,-0.005994061341742447,0.011123938895745122,26,0.6022242527753308,0.5498016590873442,0.5335711137818162,1.0,1.0
hardxray,eig@gammamix-poisson,eig@logskewnormal-poisson-m8k,50,0.001798801950683675,-0.007069481855239534,0.010667085756606885,24,0.40761301010453765,0.6853332706836363,0.7232586770768918,1.0,1.0
hardxray,eig@gammamix-poisson,systematic,50,-0.0003859697366867998,-0.00887819672337102,0.00810625724999742,25,-0.09133472601983894,0.9275989942564764,0.7594325529338448,1.0,1.0
hardxray,eig@gammamix-poisson,random,50,-1.3487010361862437,-1.3739550891594254,-1.323446983213062,50,-107.3220289625836,8.248813204576755e-60,1.7763568394002505e-15,8.40740410638137e-58,1.865174681370263e-13
hardxray,eig@gammamix-poisson,d-optimality,50,0.005922492406840849,-0.0007770297899323073,0.012622014603614005,20,1.7764989402685765,0.08185935640460364,0.11619549807268115,1.0,1.0
hardxray,eig@gammamix-poisson,thompson,50,-1.2443393131791796,-1.274236704268251,-1.2144419220901082,50,-83.63918653976961,1.5614811465415347e-54,1.7763568394002505e-15,1.3897182204219658e-52,1.865174681370263e-13
hardxray,eig@gammamix-poisson,lucb,50,-1.1014575177339154,-1.1327345461856477,-1.0701804892821831,50,-70.76956673821469,5.252744212491246e-51,1.7763568394002505e-15,3.83450327511861e-49,1.865174681370263e-13
hardxray,eig@gammamix-poisson,lucb@gamma-poisson,50,-1.4640408319749472,-1.5168196174296453,-1.411262046520249,50,-55.74399215018413,5.464035349859186e-46,1.7763568394002505e-15,2.8959387354253685e-44,1.865174681370263e-13
hardxray,eig@gammamix-poisson,dad,50,0.005922492406840849,-0.0007770297899323073,0.012622014603614005,20,1.7764989402685765,0.08185935640460364,0.11619549807268115,1.0,1.0
hardxray,eig@gammamix-poisson,bo-ei@gp-poisson,50,-1.2217034711230712,-1.25746693312479,-1.1859400091213523,50,-68.64841671552256,2.2994834733871685e-50,1.7763568394002505e-15,1.448674588233916e-48,1.865174681370263e-13
hardxray,eig@gammamix-poisson,bo-ei@gp-poisson-cat,50,-1.2276777995734511,-1.2619522404350152,-1.193403358711887,50,-71.98106936772189,2.30432791126727e-51,1.7763568394002505e-15,1.774332491675798e-49,1.865174681370263e-13
hardxray,eig@logskewnormal-quad,eig@logskewnormal-poisson,50,-0.00011160100554560514,-0.006186729145212921,0.005963527134121711,26,-0.036916195350482336,0.970701815037008,0.8858855663449852,1.0,1.0
hardxray,eig@logskewnormal-quad,eig@logskewnormal-poisson-m8k,50,-0.0008777378318632678,-0.007791573162622039,0.006036097498895504,27,-0.25512326042199074,0.7996957105461483,0.5918179227766114,1.0,1.0
hardxray,eig@logskewnormal-quad,systematic,50,-0.0030625095192337425,-0.012488775938737876,0.006363756900270391,26,-0.6528929927750173,0.5168769857703311,0.5786292137562761,1.0,1.0
hardxray,eig@logskewnormal-quad,random,50,-1.3513775759687903,-1.3766507508558388,-1.3261044010817418,50,-107.4536509487099,7.76992609900215e-60,1.7763568394002505e-15,8.003023881972214e-58,1.865174681370263e-13
hardxray,eig@logskewnormal-quad,d-optimality,50,0.0032459526242939064,-0.0011493571399984115,0.007641262388586224,18,1.4840787940974527,0.1441926793891742,0.10316599771973678,1.0,1.0
hardxray,eig@logskewnormal-quad,thompson,50,-1.2470158529617266,-1.2760312038103059,-1.2180005021131473,50,-86.36711620332466,3.2738342372669386e-55,1.7763568394002505e-15,3.0446658406582528e-53,1.865174681370263e-13
hardxray,eig@logskewnormal-quad,lucb,50,-1.1041340575164624,-1.1350229364684004,-1.0732451785645245,50,-71.83298765580159,2.5466238397941537e-51,1.7763568394002505e-15,1.9354341182435567e-49,1.865174681370263e-13
hardxray,eig@logskewnormal-quad,lucb@gamma-poisson,50,-1.4667173717574942,-1.5187147282695013,-1.414720015245487,50,-56.685168398330234,2.435289338886679e-46,1.7763568394002505e-15,1.412467816554274e-44,1.865174681370263e-13
hardxray,eig@logskewnormal-quad,dad,50,0.0032459526242939064,-0.0011493571399984115,0.007641262388586224,18,1.4840787940974527,0.1441926793891742,0.10316599771973678,1.0,1.0
hardxray,eig@logskewnormal-quad,bo-ei@gp-poisson,50,-1.2243800109056182,-1.2595541301012128,-1.1892058917100237,50,-69.9515384328409,9.234701461931484e-51,1.7763568394002505e-15,6.3719440087327235e-49,1.865174681370263e-13
hardxray,eig@logskewnormal-quad,bo-ei@gp-poisson-cat,50,-1.230354339355998,-1.264163639427635,-1.1965450392843608,50,-73.13045842491483,1.067757246278886e-51,1.7763568394002505e-15,8.755609419486865e-50,1.865174681370263e-13
hardxray,eig@logskewnormal-poisson,eig@logskewnormal-poisson-m8k,50,-0.0007661368263176627,-0.009045098765756028,0.007512825113120703,27,-0.18596650228412634,0.8532387632508858,0.6876822045635382,1.0,1.0
hardxray,eig@logskewnormal-poisson,systematic,50,-0.0029509085136881375,-0.01249611657611569,0.006594299548739415,29,-0.6212617511695585,0.5373070118598785,0.46647302992520423,1.0,1.0
hardxray,eig@logskewnormal-poisson,random,50,-1.3512659749632447,-1.3759085432826448,-1.3266234066438447,50,-110.19430308015684,2.2731193881741382e-60,1.7763568394002505e-15,2.3867753575828452e-58,1.865174681370263e-13
hardxray,eig@logskewnormal-poisson,d-optimality,50,0.0033575536298395114,-0.004610289967501525,0.011325397227180548,21,0.8468108779281903,0.4012175321783691,0.42072286282100535,1.0,1.0
hardxray,eig@logskewnormal-poisson,thompson,50,-1.2469042519561808,-1.2765635412817846,-1.217244962630577,50,-84.48442173694197,9.572084253741628e-55,1.7763568394002505e-15,8.614875828367465e-53,1.865174681370263e-13
hardxray,eig@logskewnormal-poisson,lucb,50,-1.1040224565109167,-1.13409488607467,-1.0739500269471633,50,-73.7757548034313,6.968981072751541e-52,1.7763568394002505e-15,5.853944101111295e-50,1.865174681370263e-13
hardxray,eig@logskewnormal-poisson,lucb@gamma-poisson,50,-1.4666057707519482,-1.5186232505984865,-1.41458829090541,50,-56.65892788787407,2.49034058506111e-46,1.7763568394002505e-15,1.4194941334848327e-44,1.865174681370263e-13
hardxray,eig@logskewnormal-poisson,dad,50,0.0033575536298395114,-0.004610289967501525,0.011325397227180548,21,0.8468108779281903,0.4012175321783691,0.42072286282100535,1.0,1.0
hardxray,eig@logskewnormal-poisson,bo-ei@gp-poisson,50,-1.224268409900073,-1.2594609370732655,-1.1890758827268804,50,-69.9085765573789,9.514137861842678e-51,1.7763568394002505e-15,6.469613746053021e-49,1.865174681370263e-13
hardxray,eig@logskewnormal-poisson,bo-ei@gp-poisson-cat,50,-1.2302427383504524,-1.2639001548900681,-1.1965853218108367,50,-73.45380593121911,8.618271925470765e-52,1.7763568394002505e-15,7.153165698140735e-50,1.865174681370263e-13
hardxray,eig@logskewnormal-poisson-m8k,systematic,50,-0.0021847716873704746,-0.011499978512515724,0.007130435137774773,24,-0.4713221256525681,0.6395025374517574,0.7448958960780061,1.0,1.0
hardxray,eig@logskewnormal-poisson-m8k,random,50,-1.350499838136927,-1.3753852103436615,-1.3256144659301927,50,-109.0572811176435,3.7710547767832376e-60,1.7763568394002505e-15,3.921896967854567e-58,1.865174681370263e-13
hardxray,eig@logskewnormal-poisson-m8k,d-optimality,50,0.004123690456157174,-0.004315059500128745,0.012562440412443093,21,0.9820016316642787,0.330923040106513,0.31366564109611517,1.0,1.0
hardxray,eig@logskewnormal-poisson-m8k,thompson,50,-1.2461381151298634,-1.27395084805951,-1.2183253822002167,50,-90.03819597816441,4.311778334186788e-56,1.7763568394002505e-15,4.1393072008193165e-54,1.865174681370263e-13
hardxray,eig@logskewnormal-poisson-m8k,lucb,50,-1.103256319684599,-1.1329129632585202,-1.0735996761106779,50,-74.75817601267987,3.665160573852586e-52,1.7763568394002505e-15,3.1153864877746983e-50,1.865174681370263e-13
hardxray,eig@logskewnormal-poisson-m8k,lucb@gamma-poisson,50,-1.4658396339256308,-1.5162876834508676,-1.415391584400394,50,-58.39105887465352,5.815773584995226e-47,1.7763568394002505e-15,3.4894641509971356e-45,1.865174681370263e-13
hardxray,eig@logskewnormal-poisson-m8k,dad,50,0.004123690456157174,-0.004315059500128745,0.012562440412443093,21,0.9820016316642787,0.330923040106513,0.31366564109611517,1.0,1.0
hardxray,eig@logskewnormal-poisson-m8k,bo-ei@gp-poisson,50,-1.223502273073755,-1.2578187635860458,-1.1891857825614642,50,-71.6483484714074,2.8855455891129894e-51,1.7763568394002505e-15,2.1353037359436123e-49,1.865174681370263e-13
hardxray,eig@logskewnormal-poisson-m8k,bo-ei@gp-poisson-cat,50,-1.2294766015241347,-1.2621779410213751,-1.1967752620268943,50,-75.55426692112167,2.190680599248077e-52,1.7763568394002505e-15,1.905892121345827e-50,1.865174681370263e-13
hardxray,systematic,random,50,-1.3483150664495565,-1.374401683364817,-1.322228449534296,50,-103.8670739938005,4.071374603513852e-59,1.7763568394002505e-15,3.989947111443575e-57,1.865174681370263e-13
hardxray,systematic,d-optimality,50,0.006308462143527649,-0.0024726158232940276,0.015089540110349325,22,1.4437099130539868,0.15518412860302797,0.1976349682926415,1.0,1.0
hardxray,systematic,thompson,50,-1.2439533434424928,-1.2729567719731796,-1.214949914911806,50,-86.1904251244384,3.617076404810437e-55,1.7763568394002505e-15,3.327710292425602e-53,1.865174681370263e-13
hardxray,systematic,lucb,50,-1.1010715479972286,-1.1313826621984036,-1.0707604337960537,50,-72.99916797769922,1.1651194476596204e-51,1.7763568394002505e-15,9.437467526042926e-50,1.865174681370263e-13
hardxray,systematic,lucb@gamma-poisson,50,-1.4636548622382604,-1.5145119110338168,-1.412797813442704,50,-57.83514058556246,9.232645906118122e-47,1.7763568394002505e-15,5.447261084609692e-45,1.865174681370263e-13
hardxray,systematic,dad,50,0.006308462143527649,-0.0024726158232940276,0.015089540110349325,22,1.4437099130539868,0.15518412860302797,0.1976349682926415,1.0,1.0
hardxray,systematic,bo-ei@gp-poisson,50,-1.2213175013863846,-1.255530908063341,-1.1871040947094282,50,-71.7358967095107,2.7194527786079065e-51,1.7763568394002505e-15,2.0395895839559298e-49,1.865174681370263e-13
hardxray,systematic,bo-ei@gp-poisson-cat,50,-1.2272918298367643,-1.2602120469154345,-1.1943716127580941,50,-74.91856035083649,3.302746063486784e-52,1.7763568394002505e-15,2.8403616145986344e-50,1.865174681370263e-13
hardxray,random,d-optimality,50,1.3546235285930843,1.3292589732312512,1.3799880839549175,0,107.32369875442413,8.242553045471933e-60,1.7763568394002505e-15,8.40740410638137e-58,1.865174681370263e-13
hardxray,random,thompson,50,0.10436172300706387,0.08117043098876223,0.1275530150253655,4,9.04316732735854,5.084415806622327e-12,2.630606843467831e-11,1.677857216185368e-10,8.681002583443842e-10
hardxray,random,lucb,50,0.24724351845232795,0.22556807376620727,0.26891896313844865,0,22.92245715912128,7.612436910126199e-28,1.7763568394002505e-15,3.8823428241643615e-26,1.865174681370263e-13
hardxray,random,lucb@gamma-poisson,50,-0.11533979578870372,-0.15612145519191611,-0.07455813638549133,43,-5.683535218144275,7.16479637793257e-07,9.745764195656648e-08,2.2927348409384225e-05,3.1186445426101272e-06
hardxray,random,dad,50,1.3546235285930843,1.3292589732312512,1.3799880839549175,0,107.32369875442413,8.242553045471933e-60,1.7763568394002505e-15,8.40740410638137e-58,1.865174681370263e-13
hardxray,random,bo-ei@gp-poisson,50,0.12699756506317203,0.10364247989357164,0.15035265023277242,4,10.92743443551427,9.766215639507125e-15,3.6148861681795097e-12,3.5158376302225647e-13,1.2290612971810333e-10
hardxray,random,bo-ei@gp-poisson-cat,50,0.1210232366127923,0.09938329003212759,0.142663183193457,4,11.238719952830388,3.623908457158817e-15,6.590283874174929e-13,1.3408461291487622e-13,2.4384050334447238e-11
hardxray,d-optimality,thompson,50,-1.2502618055860202,-1.279305292430666,-1.2212183187413743,50,-86.50804147151975,3.0240106936655933e-55,1.7763568394002505e-15,2.8728101589823136e-53,1.865174681370263e-13
hardxray,d-optimality,lucb,50,-1.1073800101407563,-1.138937198331109,-1.0758228219504036,50,-70.51843253738012,6.241881928379605e-51,1.7763568394002505e-15,4.4941549884333154e-49,1.865174681370263e-13
hardxray,d-optimality,lucb@gamma-poisson,50,-1.469963324381788,-1.5225009433631878,-1.4174257054003883,50,-56.226413633469875,3.6050178263027e-46,1.7763568394002505e-15,2.018809982729512e-44,1.865174681370263e-13
hardxray,d-optimality,dad,50,0.0,0.0,0.0,0,,,,1.0,1.0
hardxray,d-optimality,bo-ei@gp-poisson,50,-1.227625963529912,-1.263078438102582,-1.1921734889572422,50,-69.58630579396662,1.1905163062760145e-50,1.7763568394002505e-15,7.976459252049297e-49,1.865174681370263e-13
hardxray,d-optimality,bo-ei@gp-poisson-cat,50,-1.233600291980292,-1.2677296653330743,-1.1994709186275097,50,-72.6357490849416,1.484649889900046e-51,1.7763568394002505e-15,1.187719911920037e-49,1.865174681370263e-13
hardxray,thompson,lucb,50,0.14288179544526414,0.1190199126131462,0.16674367827738207,0,12.033070482472183,3.0549659467624217e-16,1.7763568394002505e-15,1.2219863787049687e-14,1.865174681370263e-13
hardxray,thompson,lucb@gamma-poisson,50,-0.21970151879576755,-0.25863023638874083,-0.18077280120279426,50,-11.341414745482178,2.620107896723539e-15,1.7763568394002505e-15,9.956410007549448e-14,1.865174681370263e-13
hardxray,thompson,dad,50,1.2502618055860202,1.2212183187413743,1.279305292430666,0,86.50804147151975,3.0240106936655933e-55,1.7763568394002505e-15,2.8728101589823136e-53,1.865174681370263e-13
hardxray,thompson,bo-ei@gp-poisson,50,0.022635842056108153,-0.0014934826555568805,0.04676516676777319,17,1.8851927358552523,0.06534068227513981,0.040940454006349825,1.0,1.0
hardxray,thompson,bo-ei@gp-poisson-cat,50,0.016661513605728418,-0.0058240915384176264,0.03914711874987446,21,1.4890666691210068,0.1428783789151606,0.1976349682926415,1.0,1.0
hardxray,lucb,lucb@gamma-poisson,50,-0.3625833142410317,-0.3993295599675122,-0.3258370685145512,50,-19.828922255585603,4.694103747730067e-25,1.7763568394002505e-15,2.3470518738650335e-23,1.865174681370263e-13
hardxray,lucb,dad,50,1.1073800101407563,1.0758228219504036,1.138937198331109,0,70.51843253738012,6.241881928379605e-51,1.7763568394002505e-15,4.4941549884333154e-49,1.865174681370263e-13
hardxray,lucb,bo-ei@gp-poisson,50,-0.12024595338915597,-0.1404915421742022,-0.10000036460410974,50,-11.935602014910366,4.1200825950805355e-16,1.7763568394002505e-15,1.606832212081409e-14,1.865174681370263e-13
hardxray,lucb,bo-ei@gp-poisson-cat,50,-0.1262202818395357,-0.14473466735636553,-0.10770589632270589,50,-13.700111871259995,2.2133844430328326e-18,1.7763568394002505e-15,9.738891549344464e-17,1.865174681370263e-13
hardxray,lucb@gamma-poisson,dad,50,1.469963324381788,1.4174257054003883,1.5225009433631878,0,56.226413633469875,3.6050178263027e-46,1.7763568394002505e-15,2.018809982729512e-44,1.865174681370263e-13
hardxray,lucb@gamma-poisson,bo-ei@gp-poisson,50,0.24233736085187574,0.21533747765385863,0.26933724404989284,0,18.036935783298034,2.810951824844065e-23,1.7763568394002505e-15,1.3492568759251511e-21,1.865174681370263e-13
hardxray,lucb@gamma-poisson,bo-ei@gp-poisson-cat,50,0.236363032401496,0.21025047819136683,0.2624755866116252,0,18.190074133099234,1.9582229415851774e-23,1.7763568394002505e-15,9.595292413767369e-22,1.865174681370263e-13
hardxray,dad,bo-ei@gp-poisson,50,-1.227625963529912,-1.263078438102582,-1.1921734889572422,50,-69.58630579396662,1.1905163062760145e-50,1.7763568394002505e-15,7.976459252049297e-49,1.865174681370263e-13
hardxray,dad,bo-ei@gp-poisson-cat,50,-1.233600291980292,-1.2677296653330743,-1.1994709186275097,50,-72.6357490849416,1.484649889900046e-51,1.7763568394002505e-15,1.187719911920037e-49,1.865174681370263e-13
hardxray,bo-ei@gp-poisson,bo-ei@gp-poisson-cat,50,-0.005974328450379734,-0.011263588720783625,-0.0006850681799758429,43,-2.269856633741156,0.027651492130676598,2.8391607465039215e-07,0.8571962560509745,8.801398314162157e-06
