site,dwell,exposure,y,log_pmf
0,0.1,0.08599526794002044,0,-0.17507831787802486
0,0.1,0.08599526794002044,1,-2.2171807763968943
0,0.1,0.08599526794002044,2,-3.576893126786601
0,0.1,0.08599526794002044,3,-4.5066655148822905
0,0.1,0.08599526794002044,4,-5.233995871095993
0,0.1,0.08599526794002044,5,-5.852144566731369
0,0.1,0.08599526794002044,6,-6.402730676127704
0,0.1,0.08599526794002044,7,-6.907452049376055
0,0.1,0.08599526794002044,8,-7.379004621777754
0,0.1,0.08599526794002044,9,-7.825452027031347
0,0.1,0.08599526794002044,10,-8.252234507820774
0,0.1,0.08599526794002044,11,-8.663195798478831
0,0.1,0.08599526794002044,12,-9.061152362352779
0,0.1,0.08599526794002044,13,-9.44822965129412
0,0.1,0.08599526794002044,14,-9.826071154528904
0,0.1,0.08599526794002044,15,-10.195973931588568
0,0.1,0.08599526794002044,16,-10.558979619810238
0,0.1,0.08599526794002044,17,-10.915937390674785
0,0.1,0.08599526794002044,18,-11.267548630067324
0,0.1,0.08599526794002044,19,-11.614399361015145
0,0.1,0.08599526794002044,20,-11.956984235084121
0,0.1,0.08599526794002044,21,-12.29572459390009
0,0.1,0.08599526794002044,22,-12.630982277078331
0,0.1,0.08599526794002044,23,-12.963070324796789
0,0.1,0.08599526794002044,24,-13.292261377143191
0,0.1,0.08599526794002044,25,-13.61879434058153
0,0.1,0.08599526794002044,26,-13.942879733618014
0,0.1,0.08599526794002044,27,-14.26470401376487
0,0.1,0.08599526794002044,28,-14.584433110237441
0,0.1,0.08599526794002044,29,-14.902215331167852
0,0.1,0.08599526794002044,30,-15.218183773701426
0,0.1,0.08599526794002044,31,-15.532458335619381
0,0.1,0.08599526794002044,32,-15.845147405024349
0,0.1,0.08599526794002044,33,-16.15634928800425
0,0.1,0.08599526794002044,34,-16.46615342157132
0,0.1,0.08599526794002044,35,-16.77464140950248
0,0.1,0.08599526794002044,36,-17.081887911232755
0,0.1,0.08599526794002044,37,-17.387961408129414
0,0.1,0.08599526794002044,38,-17.692924866901123
0,0.1,0.08599526794002044,39,-17.996836316280834
0,0.1,0.08599526794002044,40,-18.299749350241527
0,0.1,0.08599526794002044,41,-18.60171356869803
0,0.1,0.08599526794002044,42,-18.902774964789288
0,0.1,0.08599526794002044,43,-19.2029762663269
0,0.1,0.08599526794002044,44,-19.50235723777014
0,0.1,0.08599526794002044,45,-19.80095494807948
0,0.1,0.08599526794002044,46,-20.09880400897309
0,0.1,0.08599526794002044,47,-20.39593678742706
0,0.1,0.08599526794002044,48,-20.692383595688753
0,2.6031420033166066,2.2385789406113314,0,-1.357117961484019
0,2.6031420033166066,2.2385789406113314,1,-1.6429998001258035
0,2.6031420033166066,2.2385789406113314,2,-2.1165317030372055
0,2.6031420033166066,2.2385789406113314,3,-2.5545419511699095
0,2.6031420033166066,2.2385789406113314,4,-2.9245800346442916
0,2.6031420033166066,2.2385789406113314,5,-3.2354482922913057
0,2.6031420033166066,2.2385789406113314,6,-3.500654486666847
0,2.6031420033166066,2.2385789406113314,7,-3.731080001913104
0,2.6031420033166066,2.2385789406113314,8,-3.934613347775641
0,2.6031420033166066,2.2385789406113314,9,-4.116910199507008
0,2.6031420033166066,2.2385789406113314,10,-4.282085441507559
0,2.6031420033166066,2.2385789406113314,11,-4.4331973223821874
0,2.6031420033166066,2.2385789406113314,12,-4.572568648253628
0,2.6031420033166066,2.2385789406113314,13,-4.701999586374975
0,2.6031420033166066,2.2385789406113314,14,-4.8229108044421
0,2.6031420033166066,2.2385789406113314,15,-4.936441712183748
0,2.6031420033166066,2.2385789406113314,16,-5.043519318294799
0,2.6031420033166066,2.2385789406113314,17,-5.144907476524176
0,2.6031420033166066,2.2385789406113314,18,-5.241242775335871
0,2.6031420033166066,2.2385789406113314,19,-5.333061149847276
0,2.6031420033166066,2.2385789406113314,20,-5.420817928525225
0,2.6031420033166066,2.2385789406113314,21,-5.504903153345748
0,2.6031420033166066,2.2385789406113314,22,-5.585653442635519
0,2.6031420033166066,2.2385789406113314,23,-5.663361287717657
0,2.6031420033166066,2.2385789406113314,24,-5.738282418986178
0,2.6031420033166066,2.2385789406113314,25,-5.810641701482525
0,2.6031420033166066,2.2385789406113314,26,-5.880637897533767
0,2.6031420033166066,2.2385789406113314,27,-5.948447547258895
0,2.6031420033166066,2.2385789406113314,28,-6.014228155480432
0,2.6031420033166066,2.2385789406113314,29,-6.078120828314561
0,2.6031420033166066,2.2385789406113314,30,-6.140252469421001
0,2.6031420033166066,2.2385789406113314,31,-6.200737621134942
0,2.6031420033166066,2.2385789406113314,32,-6.259680017102192
0,2.6031420033166066,2.2385789406113314,33,-6.317173898926044
0,2.6031420033166066,2.2385789406113314,34,-6.3733051385322605
0,2.6031420033166066,2.2385789406113314,35,-6.428152199619313
0,2.6031420033166066,2.2385789406113314,36,-6.4817869650698805
0,2.6031420033166066,2.2385789406113314,37,-6.534275452112852
0,2.6031420033166066,2.2385789406113314,38,-6.585678433005996
0,2.6031420033166066,2.2385789406113314,39,-6.636051975815335
0,2.6031420033166066,2.2385789406113314,40,-6.685447917313852
0,2.6031420033166066,2.2385789406113314,41,-6.733914277963138
0,2.6031420033166066,2.2385789406113314,42,-6.781495627279839
0,2.6031420033166066,2.2385789406113314,43,-6.8282334065330454
0,2.6031420033166066,2.2385789406113314,44,-6.874166214610754
0,2.6031420033166066,2.2385789406113314,45,-6.9193300619842555
0,2.6031420033166066,2.2385789406113314,46,-6.963758596948225
0,2.6031420033166066,2.2385789406113314,47,-7.007483307674861
0,2.6031420033166066,2.2385789406113314,48,-7.050533703151701
0,2.6031420033166066,2.2385789406113314,49,-7.092937475551325
0,2.6031420033166066,2.2385789406113314,50,-7.134720646304886
0,2.6031420033166066,2.2385789406113314,51,-7.175907697788888
0,2.6031420033166066,2.2385789406113314,52,-7.216521692295559
0,2.6031420033166066,2.2385789406113314,53,-7.2565843797298735
0,2.6031420033166066,2.2385789406113314,54,-7.296116295292138
0,2.6031420033166066,2.2385789406113314,55,-7.335136848241931
0,2.6031420033166066,2.2385789406113314,56,-7.373664402702702
0,2.6031420033166066,2.2385789406113314,57,-7.411716351348248
0,2.6031420033166066,2.2385789406113314,58,-7.449309182710196
0,2.6031420033166066,2.2385789406113314,59,-7.486458542757121
0,2.6031420033166066,2.2385789406113314,60,-7.523179291321257
0,2.6031420033166066,2.2385789406113314,61,-7.559485553880038
0,2.6031420033166066,2.2385789406113314,62,-7.595390769146193
0,2.6031420033166066,2.2385789406113314,63,-7.630907732863208
0,2.6031420033166066,2.2385789406113314,64,-7.66604863816734
0,2.6031420033166066,2.2385789406113314,65,-7.70082511283188
0,2.6031420033166066,2.2385789406113314,66,-7.73524825367774
0,2.6031420033166066,2.2385789406113314,67,-7.769328658407248
0,2.6031420033166066,2.2385789406113314,68,-7.803076455086981
0,2.6031420033166066,2.2385789406113314,69,-7.836501329486894
0,2.6031420033166066,2.2385789406113314,70,-7.86961255045786
0,2.6031420033166066,2.2385789406113314,71,-7.9024189935169185
0,2.6031420033166066,2.2385789406113314,72,-7.934929162786248
0,2.6031420033166066,2.2385789406113314,73,-7.967151211425901
0,2.6031420033166066,2.2385789406113314,74,-7.999092960679449
0,2.6031420033166066,2.2385789406113314,75,-8.030761917646245
0,2.6031420033166066,2.2385789406113314,76,-8.062165291879055
0,2.6031420033166066,2.2385789406113314,77,-8.093310010900368
0,2.6031420033166066,2.2385789406113314,78,-8.124202734721322
0,2.6031420033166066,2.2385789406113314,79,-8.154849869437655
0,2.6031420033166066,2.2385789406113314,80,-8.185257579972856
0,2.6031420033166066,2.2385789406113314,81,-8.215431802031603
0,2.6031420033166066,2.2385789406113314,82,-8.245378253322869
0,2.6031420033166066,2.2385789406113314,83,-8.275102444103922
0,2.6031420033166066,2.2385789406113314,84,-8.304609687094839
0,2.6031420033166066,2.2385789406113314,85,-8.333905106806853
0,2.6031420033166066,2.2385789406113314,86,-8.36299364832773
0,2.6031420033166066,2.2385789406113314,87,-8.391880085600363
0,2.6031420033166066,2.2385789406113314,88,-8.420569029228758
0,2.6031420033166066,2.2385789406113314,89,-8.449064933844497
0,2.6031420033166066,2.2385789406113314,90,-8.47737210506277
0,2.6031420033166066,2.2385789406113314,91,-8.505494706054307
0,2.6031420033166066,2.2385789406113314,92,-8.533436763760207
0,2.6031420033166066,2.2385789406113314,93,-8.561202174769548
0,2.6031420033166066,2.2385789406113314,94,-8.588794710886233
0,2.6031420033166066,2.2385789406113314,95,-8.616218024398947
0,2.6031420033166066,2.2385789406113314,96,-8.643475653077743
0,2.6031420033166066,2.2385789406113314,97,-8.670571024911439
0,2.6031420033166066,2.2385789406113314,98,-8.697507462603014
0,2.6031420033166066,2.2385789406113314,99,-8.724288187837132
0,2.6031420033166066,2.2385789406113314,100,-8.750916325333307
0,2.6031420033166066,2.2385789406113314,101,-8.777394906697722
0,2.6031420033166066,2.2385789406113314,102,-8.803726874087246
0,2.6031420033166066,2.2385789406113314,103,-8.829915083692399
0,2.6031420033166066,2.2385789406113314,104,-8.855962309054846
0,2.6031420033166066,2.2385789406113314,105,-8.881871244224882
0,2.6031420033166066,2.2385789406113314,106,-8.907644506770552
0,2.6031420033166066,2.2385789406113314,107,-8.933284640644487
0,2.6031420033166066,2.2385789406113314,108,-8.958794118919329
0,2.6031420033166066,2.2385789406113314,109,-8.984175346396043
0,2.6031420033166066,2.2385789406113314,110,-9.009430662093607
0,2.6031420033166066,2.2385789406113314,111,-9.034562341626597
0,2.6031420033166066,2.2385789406113314,112,-9.059572599476198
0,2.6031420033166066,2.2385789406113314,113,-9.084463591159633
0,2.6031420033166066,2.2385789406113314,114,-9.10923741530597
0,2.6031420033166066,2.2385789406113314,115,-9.133896115639843
0,2.6031420033166066,2.2385789406113314,116,-9.158441682879683
0,2.6031420033166066,2.2385789406113314,117,-9.182876056555173
0,2.6031420033166066,2.2385789406113314,118,-9.207201126747393
0,2.6031420033166066,2.2385789406113314,119,-9.231418735755355
0,2.6031420033166066,2.2385789406113314,120,-9.25553067969257
0,2.6031420033166066,2.2385789406113314,121,-9.279538710018684
0,2.6031420033166066,2.2385789406113314,122,-9.303444535006733
0,2.6031420033166066,2.2385789406113314,123,-9.327249821152392
0,2.6031420033166066,2.2385789406113314,124,-9.350956194523391
0,2.6031420033166066,2.2385789406113314,125,-9.374565242057983
0,2.6031420033166066,2.2385789406113314,126,-9.398078512810045
0,2.6031420033166066,2.2385789406113314,127,-9.421497519145404
0,2.6031420033166066,2.2385789406113314,128,-9.444823737890758
0,2.6031420033166066,2.2385789406113314,129,-9.468058611439275
0,2.6031420033166066,2.2385789406113314,130,-9.491203548811356
0,2.6031420033166066,2.2385789406113314,131,-9.514259926678434
0,2.6031420033166066,2.2385789406113314,132,-9.537229090343416
0,2.6031420033166066,2.2385789406113314,133,-9.560112354687746
0,2.6031420033166066,2.2385789406113314,134,-9.5829110050813
0,2.6031420033166066,2.2385789406113314,135,-9.605626298258855
0,2.6031420033166066,2.2385789406113314,136,-9.628259463164781
0,2.6031420033166066,2.2385789406113314,137,-9.650811701766074
0,2.6031420033166066,2.2385789406113314,138,-9.673284189835883
0,2.6031420033166066,2.2385789406113314,139,-9.695678077709701
0,2.6031420033166066,2.2385789406113314,140,-9.717994491013357
0,2.6031420033166066,2.2385789406113314,141,-9.740234531365772
0,2.6031420033166066,2.2385789406113314,142,-9.762399277056758
0,2.6031420033166066,2.2385789406113314,143,-9.784489783702142
0,2.6031420033166066,2.2385789406113314,144,-9.806507084872564
0,2.6031420033166066,2.2385789406113314,145,-9.828452192705683
0,2.6031420033166066,2.2385789406113314,146,-9.850326098493028
0,2.6031420033166066,2.2385789406113314,147,-9.872129773249455
0,2.6031420033166066,2.2385789406113314,148,-9.893864168261288
0,2.6031420033166066,2.2385789406113314,149,-9.915530215618318
0,2.6031420033166066,2.2385789406113314,150,-9.937128828726983
0,2.6031420033166066,2.2385789406113314,151,-9.958660902804112
0,2.6031420033166066,2.2385789406113314,152,-9.980127315359752
0,2.6031420033166066,2.2385789406113314,153,-10.001528926659134
0,2.6031420033166066,2.2385789406113314,154,-10.022866580171737
0,2.6031420033166066,2.2385789406113314,155,-10.044141103006595
0,2.6031420033166066,2.2385789406113314,156,-10.065353306331517
0,2.6031420033166066,2.2385789406113314,157,-10.086503985781448
0,2.6031420033166066,2.2385789406113314,158,-10.107593921850977
0,2.6031420033166066,2.2385789406113314,159,-10.128623880277061
0,2.6031420033166066,2.2385789406113314,160,-10.149594612407938
0,2.6031420033166066,2.2385789406113314,161,-10.170506855563346
0,2.6031420033166066,2.2385789406113314,162,-10.191361333378651
0,2.6031420033166066,2.2385789406113314,163,-10.212158756143978
0,2.6031420033166066,2.2385789406113314,164,-10.232899821127873
0,2.6031420033166066,2.2385789406113314,165,-10.253585212896994
0,2.6031420033166066,2.2385789406113314,166,-10.274215603619083
0,2.6031420033166066,2.2385789406113314,167,-10.294791653362537
0,2.6031420033166066,2.2385789406113314,168,-10.315314010385961
0,2.6031420033166066,2.2385789406113314,169,-10.33578331141625
0,2.6031420033166066,2.2385789406113314,170,-10.356200181920755
0,2.6031420033166066,2.2385789406113314,171,-10.376565236372628
0,2.6031420033166066,2.2385789406113314,172,-10.396879078505819
0,2.6031420033166066,2.2385789406113314,173,-10.417142301564283
0,2.6031420033166066,2.2385789406113314,174,-10.437355488542764
0,2.6031420033166066,2.2385789406113314,175,-10.457519212422923
0,2.6031420033166066,2.2385789406113314,176,-10.477634036401057
0,2.6031420033166066,2.2385789406113314,177,-10.497700514107848
0,2.6031420033166066,2.2385789406113314,178,-10.517719189826423
0,2.6031420033166066,2.2385789406113314,179,-10.537690598699257
0,2.6031420033166066,2.2385789406113314,180,-10.557615266933837
0,2.6031420033166066,2.2385789406113314,181,-10.577493711998429
0,2.6031420033166066,2.2385789406113314,182,-10.597326442816026
0,2.6031420033166066,2.2385789406113314,183,-10.617113959950458
0,2.6031420033166066,2.2385789406113314,184,-10.636856755789537
0,2.6031420033166066,2.2385789406113314,185,-10.656555314721388
0,2.6031420033166066,2.2385789406113314,186,-10.676210113306453
0,2.6031420033166066,2.2385789406113314,187,-10.69582162044621
0,2.6031420033166066,2.2385789406113314,188,-10.71539029754608
0,2.6031420033166066,2.2385789406113314,189,-10.734916598673223
0,2.6031420033166066,2.2385789406113314,190,-10.754400970713775
0,2.6031420033166066,2.2385789406113314,191,-10.773843853520859
0,2.6031420033166066,2.2385789406113314,192,-10.793245680062952
0,2.6031420033166066,2.2385789406113314,193,-10.812606876566676
0,2.6031420033166066,2.2385789406113314,194,-10.831927862655263
0,2.6031420033166066,2.2385789406113314,195,-10.851209051484872
0,2.6031420033166066,2.2385789406113314,196,-10.870450849877031
0,2.6031420033166066,2.2385789406113314,197,-10.889653658446875
0,2.6031420033166066,2.2385789406113314,198,-10.908817871729113
0,2.6031420033166066,2.2385789406113314,199,-10.927943878300468
0,2.6031420033166066,2.2385789406113314,200,-10.947032060898138
0,2.6031420033166066,2.2385789406113314,201,-10.966082796538487
0,2.6031420033166066,2.2385789406113314,202,-10.985096456627204
0,2.6031420033166066,2.2385789406113314,203,-11.004073407073676
0,2.6031420033166066,2.2385789406113314,204,-11.023014008395805
0,2.6031420033166066,2.2385789406113314,205,-11.041918615827214
0,2.6031420033166066,2.2385789406113314,206,-11.060787579419454
0,2.6031420033166066,2.2385789406113314,207,-11.079621244142274
0,2.6031420033166066,2.2385789406113314,208,-11.098419949981732
0,2.6031420033166066,2.2385789406113314,209,-11.117184032035809
0,2.6031420033166066,2.2385789406113314,210,-11.13591382060683
0,2.6031420033166066,2.2385789406113314,211,-11.154609641294243
0,2.6031420033166066,2.2385789406113314,212,-11.173271815080668
0,2.6031420033166066,2.2385789406113314,213,-11.191900658422057
0,2.6031420033166066,2.2385789406113314,214,-11.210496483330232
0,2.6031420033166066,2.2385789406113314,215,-11.229059597456782
0,2.6031420033166066,2.2385789406113314,216,-11.247590304172988
0,2.6031420033166066,2.2385789406113314,217,-11.266088902648832
0,2.6031420033166066,2.2385789406113314,218,-11.284555687931672
0,2.6031420033166066,2.2385789406113314,219,-11.302990951020703
0,2.6031420033166066,2.2385789406113314,220,-11.321394978939836
0,2.6031420033166066,2.2385789406113314,221,-11.339768054811358
0,2.6031420033166066,2.2385789406113314,222,-11.358110457925974
0,2.6031420033166066,2.2385789406113314,223,-11.37642246380885
0,2.6031420033166066,2.2385789406113314,224,-11.394704344292833
0,2.6031420033166066,2.2385789406113314,225,-11.41295636757836
0,2.6031420033166066,2.2385789406113314,226,-11.431178798300536
0,2.6031420033166066,2.2385789406113314,227,-11.449371897592343
0,2.6031420033166066,2.2385789406113314,228,-11.467535923145348
0,2.6031420033166066,2.2385789406113314,229,-11.48567112926905
0,2.6031420033166066,2.2385789406113314,230,-11.50377776695295
0,2.6031420033166066,2.2385789406113314,231,-11.521856083920781
0,2.6031420033166066,2.2385789406113314,232,-11.539906324685987
0,2.6031420033166066,2.2385789406113314,233,-11.557928730614591
0,2.6031420033166066,2.2385789406113314,234,-11.575923539967832
0,2.6031420033166066,2.2385789406113314,235,-11.593890987964343
0,2.6031420033166066,2.2385789406113314,236,-11.611831306826659
0,2.6031420033166066,2.2385789406113314,237,-11.629744725834186
0,2.6031420033166066,2.2385789406113314,238,-11.647631471371298
0,2.6031420033166066,2.2385789406113314,239,-11.665491766977013
0,2.6031420033166066,2.2385789406113314,240,-11.683325833393198
0,2.6031420033166066,2.2385789406113314,241,-11.701133888606975
0,2.6031420033166066,2.2385789406113314,242,-11.71891614790222
0,2.6031420033166066,2.2385789406113314,243,-11.736672823899582
0,2.6031420033166066,2.2385789406113314,244,-11.754404126603092
0,2.6031420033166066,2.2385789406113314,245,-11.772110263438591
0,2.6031420033166066,2.2385789406113314,246,-11.789791439302505
0,2.6031420033166066,2.2385789406113314,247,-11.807447856597534
0,2.6031420033166066,2.2385789406113314,248,-11.82507971527427
0,2.6031420033166066,2.2385789406113314,249,-11.842687212869961
0,2.6031420033166066,2.2385789406113314,250,-11.860270544550573
0,2.6031420033166066,2.2385789406113314,251,-11.877829903144104
0,2.6031420033166066,2.2385789406113314,252,-11.895365479180256
0,2.6031420033166066,2.2385789406113314,253,-11.91287746092705
0,2.6031420033166066,2.2385789406113314,254,-11.930366034424466
0,2.6031420033166066,2.2385789406113314,255,-11.947831383522768
0,2.6031420033166066,2.2385789406113314,256,-11.965273689913076
0,2.6031420033166066,2.2385789406113314,257,-11.98269313316284
0,2.6031420033166066,2.2385789406113314,258,-12.000089890749493
0,2.6031420033166066,2.2385789406113314,259,-12.017464138091484
0,2.6031420033166066,2.2385789406113314,260,-12.034816048580794
0,2.6031420033166066,2.2385789406113314,261,-12.052145793613178
0,2.6031420033166066,2.2385789406113314,262,-12.069453542619087
0,2.6031420033166066,2.2385789406113314,263,-12.08673946309493
0,2.6031420033166066,2.2385789406113314,264,-12.104003720630018
0,2.6031420033166066,2.2385789406113314,265,-12.121246478937039
0,2.6031420033166066,2.2385789406113314,266,-12.138467899879899
0,2.6031420033166066,2.2385789406113314,267,-12.155668143501472
0,2.6031420033166066,2.2385789406113314,268,-12.172847368050313
0,2.6031420033166066,2.2385789406113314,269,-12.19000573000828
0,2.6031420033166066,2.2385789406113314,270,-12.207143384115895
0,2.6031420033166066,2.2385789406113314,271,-12.224260483399505
0,2.6031420033166066,2.2385789406113314,272,-12.241357179194367
0,2.6031420033166066,2.2385789406113314,273,-12.258433621169772
0,2.6031420033166066,2.2385789406113314,274,-12.275489957356669
0,2.6031420033166066,2.2385789406113314,275,-12.292526334166652
0,2.6031420033166066,2.2385789406113314,276,-12.30954289642061
0,2.6031420033166066,2.2385789406113314,277,-12.32653978736532
0,2.6031420033166066,2.2385789406113314,278,-12.343517148702787
0,2.6031420033166066,2.2385789406113314,279,-12.360475120608427
0,2.6031420033166066,2.2385789406113314,280,-12.377413841753807
0,2.6031420033166066,2.2385789406113314,281,-12.394333449327561
0,2.6031420033166066,2.2385789406113314,282,-12.411234079058133
0,2.6031420033166066,2.2385789406113314,283,-12.428115865233096
0,2.6031420033166066,2.2385789406113314,284,-12.444978940719622
0,2.6031420033166066,2.2385789406113314,285,-12.461823436983579
0,2.6031420033166066,2.2385789406113314,286,-12.47864948411295
0,2.6031420033166066,2.2385789406113314,287,-12.495457210829883
0,2.6031420033166066,2.2385789406113314,288,-12.512246744517526
0,2.6031420033166066,2.2385789406113314,289,-12.5290182112348
0,2.6031420033166066,2.2385789406113314,290,-12.545771735733226
0,2.6031420033166066,2.2385789406113314,291,-12.562507441478076
0,2.6031420033166066,2.2385789406113314,292,-12.57922545066451
0,2.6031420033166066,2.2385789406113314,293,-12.595925884234404
0,2.6031420033166066,2.2385789406113314,294,-12.612608861894088
0,2.6031420033166066,2.2385789406113314,295,-12.629274502131395
0,2.6031420033166066,2.2385789406113314,296,-12.645922922232941
0,2.6031420033166066,2.2385789406113314,297,-12.662554238296863
0,2.6031420033166066,2.2385789406113314,298,-12.679168565252823
0,2.6031420033166066,2.2385789406113314,299,-12.695766016875652
0,2.6031420033166066,2.2385789406113314,300,-12.712346705801266
0,2.6031420033166066,2.2385789406113314,301,-12.728910743540538
0,2.6031420033166066,2.2385789406113314,302,-12.745458240496802
0,2.6031420033166066,2.2385789406113314,303,-12.761989305978588
0,2.6031420033166066,2.2385789406113314,304,-12.778504048213719
0,2.6031420033166066,2.2385789406113314,305,-12.795002574364773
0,2.6031420033166066,2.2385789406113314,306,-12.811484990542496
0,2.6031420033166066,2.2385789406113314,307,-12.82795140182104
0,2.6031420033166066,2.2385789406113314,308,-12.844401912246141
0,2.6031420033166066,2.2385789406113314,309,-12.860836624855821
0,2.6031420033166066,2.2385789406113314,310,-12.877255641688564
0,2.6031420033166066,2.2385789406113314,311,-12.893659063797415
0,2.6031420033166066,2.2385789406113314,312,-12.910046991261808
0,2.6031420033166066,2.2385789406113314,313,-12.926419523202568
0,2.6031420033166066,2.2385789406113314,314,-12.942776757792146
0,2.6031420033166066,2.2385789406113314,315,-12.9591187922653
0,2.6031420033166066,2.2385789406113314,316,-12.975445722933657
0,2.6031420033166066,2.2385789406113314,317,-12.991757645198206
0,2.6031420033166066,2.2385789406113314,318,-13.008054653554765
0,2.6031420033166066,2.2385789406113314,319,-13.024336841613533
0,2.6031420033166066,2.2385789406113314,320,-13.040604302104313
0,2.6031420033166066,2.2385789406113314,321,-13.056857126889255
0,2.6031420033166066,2.2385789406113314,322,-13.073095406973536
0,2.6031420033166066,2.2385789406113314,323,-13.089319232517639
0,2.6031420033166066,2.2385789406113314,324,-13.105528692844857
0,2.6031420033166066,2.2385789406113314,325,-13.121723876453117
0,2.6031420033166066,2.2385789406113314,326,-13.137904871025896
0,2.6031420033166066,2.2385789406113314,327,-13.154071763440626
0,2.6031420033166066,2.2385789406113314,328,-13.170224639780074
0,2.6031420033166066,2.2385789406113314,329,-13.186363585340061
0,2.6031420033166066,2.2385789406113314,330,-13.20248868464084
0,2.6031420033166066,2.2385789406113314,331,-13.218600021436416
0,2.6031420033166066,2.2385789406113314,332,-13.23469767872136
0,2.6031420033166066,2.2385789406113314,333,-13.25078173874492
0,2.6031420033166066,2.2385789406113314,334,-13.266852283012597
0,2.6031420033166066,2.2385789406113314,335,-13.282909392302528
0,2.6031420033166066,2.2385789406113314,336,-13.298953146669575
0,2.6031420033166066,2.2385789406113314,337,-13.314983625455099
0,2.6031420033166066,2.2385789406113314,338,-13.331000907296513
0,2.6031420033166066,2.2385789406113314,339,-13.347005070132283
0,2.6031420033166066,2.2385789406113314,340,-13.362996191216027
0,2.6031420033166066,2.2385789406113314,341,-13.37897434711742
0,2.6031420033166066,2.2385789406113314,342,-13.394939613736298
0,2.6031420033166066,2.2385789406113314,343,-13.410892066306971
0,2.6031420033166066,2.2385789406113314,344,-13.426831779407323
0,2.6031420033166066,2.2385789406113314,345,-13.442758826964038
0,2.6031420033166066,2.2385789406113314,346,-13.45867328226602
0,2.6031420033166066,2.2385789406113314,347,-13.474575217964386
0,2.6031420033166066,2.2385789406113314,348,-13.490464706084751
0,2.6031420033166066,2.2385789406113314,349,-13.506341818034272
0,2.6031420033166066,2.2385789406113314,350,-13.522206624604834
0,2.6031420033166066,2.2385789406113314,351,-13.538059195985099
0,2.6031420033166066,2.2385789406113314,352,-13.553899601762097
0,2.6031420033166066,2.2385789406113314,353,-13.569727910932599
0,2.6031420033166066,2.2385789406113314,354,-13.585544191909932
0,2.6031420033166066,2.2385789406113314,355,-13.60134851252512
0,2.6031420033166066,2.2385789406113314,356,-13.617140940038936
0,2.6031420033166066,2.2385789406113314,357,-13.632921541146672
0,2.6031420033166066,2.2385789406113314,358,-13.64869038198178
0,2.6031420033166066,2.2385789406113314,359,-13.66444752812906
0,2.6031420033166066,2.2385789406113314,360,-13.680193044621703
0,2.6031420033166066,2.2385789406113314,361,-13.695926995954252
0,2.6031420033166066,2.2385789406113314,362,-13.711649446084422
0,2.6031420033166066,2.2385789406113314,363,-13.72736045844401
0,2.6031420033166066,2.2385789406113314,364,-13.743060095938446
0,2.6031420033166066,2.2385789406113314,365,-13.75874842095702
0,2.6031420033166066,2.2385789406113314,366,-13.774425495377884
0,2.6031420033166066,2.2385789406113314,367,-13.790091380570558
0,2.6031420033166066,2.2385789406113314,368,-13.805746137405478
0,2.6031420033166066,2.2385789406113314,369,-13.821389826257402
0,2.6031420033166066,2.2385789406113314,370,-13.837022507011326
0,2.6031420033166066,2.2385789406113314,371,-13.852644239067487
0,2.6031420033166066,2.2385789406113314,372,-13.868255081346362
0,2.6031420033166066,2.2385789406113314,373,-13.883855092293672
0,2.6031420033166066,2.2385789406113314,374,-13.899444329885839
0,2.6031420033166066,2.2385789406113314,375,-13.91502285163726
0,2.6031420033166066,2.2385789406113314,376,-13.930590714600314
0,2.6031420033166066,2.2385789406113314,377,-13.946147975374217
0,2.6031420033166066,2.2385789406113314,378,-13.96169469010708
0,2.6031420033166066,2.2385789406113314,379,-13.977230914505682
0,2.6031420033166066,2.2385789406113314,380,-13.992756703832285
0,2.6031420033166066,2.2385789406113314,381,-14.008272112916458
0,2.6031420033166066,2.2385789406113314,382,-14.02377719615599
0,2.6031420033166066,2.2385789406113314,383,-14.039272007521433
0,2.6031420033166066,2.2385789406113314,384,-14.054756600562925
0,2.6031420033166066,2.2385789406113314,385,-14.070231028410873
0,2.6031420033166066,2.2385789406113314,386,-14.08569534378482
0,2.6031420033166066,2.2385789406113314,387,-14.101149598993217
0,2.6031420033166066,2.2385789406113314,388,-14.11659384593979
0,2.6031420033166066,2.2385789406113314,389,-14.132028136129904
0,2.6031420033166066,2.2385789406113314,390,-14.147452520669432
0,2.6031420033166066,2.2385789406113314,391,-14.162867050272936
0,2.6031420033166066,2.2385789406113314,392,-14.178271775267078
0,2.6031420033166066,2.2385789406113314,393,-14.193666745593802
0,2.6031420033166066,2.2385789406113314,394,-14.209052010813977
0,2.6031420033166066,2.2385789406113314,395,-14.224427620111484
0,2.6031420033166066,2.2385789406113314,396,-14.239793622298222
0,2.6031420033166066,2.2385789406113314,397,-14.255150065816608
0,2.6031420033166066,2.2385789406113314,398,-14.270496998741848
0,2.6031420033166066,2.2385789406113314,399,-14.285834468790355
0,2.6031420033166066,2.2385789406113314,400,-14.301162523319064
0,2.6031420033166066,2.2385789406113314,401,-14.316481209330206
0,2.6031420033166066,2.2385789406113314,402,-14.331790573472446
0,2.6031420033166066,2.2385789406113314,403,-14.347090662052253
0,2.6031420033166066,2.2385789406113314,404,-14.362381521027302
0,2.6031420033166066,2.2385789406113314,405,-14.377663196016485
0,2.6031420033166066,2.2385789406113314,406,-14.392935732300586
0,2.6031420033166066,2.2385789406113314,407,-14.40819917482888
0,2.6031420033166066,2.2385789406113314,408,-14.42345356821572
0,2.6031420033166066,2.2385789406113314,409,-14.43869895674986
0,2.6031420033166066,2.2385789406113314,410,-14.45393538439491
0,2.6031420033166066,2.2385789406113314,411,-14.46916289479843
0,2.6031420033166066,2.2385789406113314,412,-14.484381531281926
0,2.6031420033166066,2.2385789406113314,413,-14.49959133685654
0,2.6031420033166066,2.2385789406113314,414,-14.514792354220319
0,2.6031420033166066,2.2385789406113314,415,-14.529984625763447
0,2.6031420033166066,2.2385789406113314,416,-14.54516819356779
0,2.6031420033166066,2.2385789406113314,417,-14.56034309941576
0,2.6031420033166066,2.2385789406113314,418,-14.57550938478714
0,2.6031420033166066,2.2385789406113314,419,-14.590667090864756
0,2.6031420033166066,2.2385789406113314,420,-14.60581625853699
0,2.6031420033166066,2.2385789406113314,421,-14.62095692839982
0,2.6031420033166066,2.2385789406113314,422,-14.636089140763644
0,2.6031420033166066,2.2385789406113314,423,-14.651212935648957
0,2.6031420033166066,2.2385789406113314,424,-14.666328352795446
0,2.6031420033166066,2.2385789406113314,425,-14.681435431660859
0,2.6031420033166066,2.2385789406113314,426,-14.696534211423725
0,2.6031420033166066,2.2385789406113314,427,-14.711624730989499
0,2.6031420033166066,2.2385789406113314,428,-14.726707028989878
0,2.6031420033166066,2.2385789406113314,429,-14.741781143784621
0,2.6031420033166066,2.2385789406113314,430,-14.756847113467913
0,2.6031420033166066,2.2385789406113314,431,-14.771904975868821
0,2.6031420033166066,2.2385789406113314,432,-14.78695476854925
0,2.6031420033166066,2.2385789406113314,433,-14.801996528815081
0,2.6031420033166066,2.2385789406113314,434,-14.817030293713216
0,2.6031420033166066,2.2385789406113314,435,-14.832056100032261
0,2.6031420033166066,2.2385789406113314,436,-14.847073984311848
0,2.6031420033166066,2.2385789406113314,437,-14.86208398283786
0,2.6031420033166066,2.2385789406113314,438,-14.877086131645385
0,2.6031420033166066,2.2385789406113314,439,-14.892080466528498
0,2.6031420033166066,2.2385789406113314,440,-14.90706702303298
0,2.6031420033166066,2.2385789406113314,441,-14.922045836462459
0,2.6031420033166066,2.2385789406113314,442,-14.937016941883869
0,2.6031420033166066,2.2385789406113314,443,-14.951980374122215
0,2.6031420033166066,2.2385789406113314,444,-14.966936167771493
0,2.6031420033166066,2.2385789406113314,445,-14.981884357189912
0,2.6031420033166066,2.2385789406113314,446,-14.996824976502623
0,2.6031420033166066,2.2385789406113314,447,-15.011758059608312
0,2.6031420033166066,2.2385789406113314,448,-15.026683640181247
0,2.6031420033166066,2.2385789406113314,449,-15.041601751660593
0,2.6031420033166066,2.2385789406113314,450,-15.056512427274058
0,2.6031420033166066,2.2385789406113314,451,-15.071415700019926
0,2.6031420033166066,2.2385789406113314,452,-15.0863116026823
0,2.6031420033166066,2.2385789406113314,453,-15.101200167824729
0,2.6031420033166066,2.2385789406113314,454,-15.116081427795208
0,2.6031420033166066,2.2385789406113314,455,-15.130955414733918
0,2.6031420033166066,2.2385789406113314,456,-15.145822160561622
0,2.6031420033166066,2.2385789406113314,457,-15.16068169699399
0,2.6031420033166066,2.2385789406113314,458,-15.175534055537511
0,2.6031420033166066,2.2385789406113314,459,-15.19037926749381
0,2.6031420033166066,2.2385789406113314,460,-15.20521736395851
0,2.6031420033166066,2.2385789406113314,461,-15.220048375825556
0,2.6031420033166066,2.2385789406113314,462,-15.234872333787663
0,2.6031420033166066,2.2385789406113314,463,-15.249689268340191
0,2.6031420033166066,2.2385789406113314,464,-15.264499209777952
0,2.6031420033166066,2.2385789406113314,465,-15.279302188203175
0,2.6031420033166066,2.2385789406113314,466,-15.294098233524593
0,2.6031420033166066,2.2385789406113314,467,-15.308887375454034
0,2.6031420033166066,2.2385789406113314,468,-15.323669643518244
0,2.6031420033166066,2.2385789406113314,469,-15.338445067050927
0,2.6031420033166066,2.2385789406113314,470,-15.353213675201161
0,2.6031420033166066,2.2385789406113314,471,-15.367975496929077
0,2.6031420033166066,2.2385789406113314,472,-15.38273056101609
0,2.6031420033166066,2.2385789406113314,473,-15.397478896054892
0,2.6031420033166066,2.2385789406113314,474,-15.412220530459237
0,2.6031420033166066,2.2385789406113314,475,-15.426955492465297
0,2.6031420033166066,2.2385789406113314,476,-15.441683810129618
0,2.6031420033166066,2.2385789406113314,477,-15.456405511330033
0,2.6031420033166066,2.2385789406113314,478,-15.471120623772478
0,2.6031420033166066,2.2385789406113314,479,-15.485829174988723
0,2.6031420033166066,2.2385789406113314,480,-15.500531192335913
0,2.6031420033166066,2.2385789406113314,481,-15.515226703004757
0,2.6031420033166066,2.2385789406113314,482,-15.52991573401134
0,2.6031420033166066,2.2385789406113314,483,-15.544598312208493
0,2.6031420033166066,2.2385789406113314,484,-15.559274464279426
0,2.6031420033166066,2.2385789406113314,485,-15.57394421674364
0,2.6031420033166066,2.2385789406113314,486,-15.58860759595602
0,2.6031420033166066,2.2385789406113314,487,-15.60326462811092
0,2.6031420033166066,2.2385789406113314,488,-15.617915339238536
0,2.6031420033166066,2.2385789406113314,489,-15.632559755209442
0,2.6031420033166066,2.2385789406113314,490,-15.647197901741876
0,2.6031420033166066,2.2385789406113314,491,-15.661829804386272
0,2.6031420033166066,2.2385789406113314,492,-15.676455488545272
0,2.6031420033166066,2.2385789406113314,493,-15.69107497946554
0,2.6031420033166066,2.2385789406113314,494,-15.705688302237306
0,2.6031420033166066,2.2385789406113314,495,-15.720295481801188
0,2.6031420033166066,2.2385789406113314,496,-15.734896542945918
0,2.6031420033166066,2.2385789406113314,497,-15.749491510311529
0,2.6031420033166066,2.2385789406113314,498,-15.764080408387983
0,2.6031420033166066,2.2385789406113314,499,-15.778663261518815
0,2.6031420033166066,2.2385789406113314,500,-15.793240093900678
0,2.6031420033166066,2.2385789406113314,501,-15.807810929586523
0,2.6031420033166066,2.2385789406113314,502,-15.822375792484237
0,2.6031420033166066,2.2385789406113314,503,-15.836934706358917
0,2.6031420033166066,2.2385789406113314,504,-15.851487694836052
0,2.6031420033166066,2.2385789406113314,505,-15.86603478139925
0,2.6031420033166066,2.2385789406113314,506,-15.880575989390692
0,2.6031420033166066,2.2385789406113314,507,-15.895111342017955
0,2.6031420033166066,2.2385789406113314,508,-15.909640862349917
0,2.6031420033166066,2.2385789406113314,509,-15.924164573319487
0,2.6031420033166066,2.2385789406113314,510,-15.938682497724514
0,2.6031420033166066,2.2385789406113314,511,-15.953194658229151
0,2.6031420033166066,2.2385789406113314,512,-15.967701077362946
0,2.6031420033166066,2.2385789406113314,513,-15.982201777527209
0,2.6031420033166066,2.2385789406113314,514,-15.996696780989097
0,2.6031420033166066,2.2385789406113314,515,-16.011186109887532
0,2.6031420033166066,2.2385789406113314,516,-16.02566978623274
0,2.6031420033166066,2.2385789406113314,517,-16.040147831904434
0,2.6031420033166066,2.2385789406113314,518,-16.05462026866182
0,2.6031420033166066,2.2385789406113314,519,-16.069087118129957
0,2.6031420033166066,2.2385789406113314,520,-16.083548401815207
0,2.6031420033166066,2.2385789406113314,521,-16.098004141099338
0,2.6031420033166066,2.2385789406113314,522,-16.112454357237695
0,2.6031420033166066,2.2385789406113314,523,-16.12689907136648
0,2.6031420033166066,2.2385789406113314,524,-16.141338304501843
0,2.6031420033166066,2.2385789406113314,525,-16.155772077534877
0,2.6031420033166066,2.2385789406113314,526,-16.170200411243897
0,2.6031420033166066,2.2385789406113314,527,-16.18462332628262
0,2.6031420033166066,2.2385789406113314,528,-16.19904084319198
0,2.6031420033166066,2.2385789406113314,529,-16.213452982395594
0,2.6031420033166066,2.2385789406113314,530,-16.22785976419884
0,2.6031420033166066,2.2385789406113314,531,-16.24226120879341
0,2.6031420033166066,2.2385789406113314,532,-16.256657336259124
0,2.6031420033166066,2.2385789406113314,533,-16.27104816656076
0,2.6031420033166066,2.2385789406113314,534,-16.28543371955122
0,2.6031420033166066,2.2385789406113314,535,-16.29981401497109
0,2.6031420033166066,2.2385789406113314,536,-16.31418907245363
0,2.6031420033166066,2.2385789406113314,537,-16.32855891151705
0,2.6031420033166066,2.2385789406113314,538,-16.342923551576334
0,2.6031420033166066,2.2385789406113314,539,-16.35728301193369
0,2.6031420033166066,2.2385789406113314,540,-16.371637311786273
0,2.6031420033166066,2.2385789406113314,541,-16.38598647022529
0,2.6031420033166066,2.2385789406113314,542,-16.40033050623508
0,2.6031420033166066,2.2385789406113314,543,-16.41466943869584
0,2.6031420033166066,2.2385789406113314,544,-16.429003286381814
0,2.6031420033166066,2.2385789406113314,545,-16.443332067965386
0,2.6031420033166066,2.2385789406113314,546,-16.457655802017072
0,2.6031420033166066,2.2385789406113314,547,-16.471974507002344
0,2.6031420033166066,2.2385789406113314,548,-16.486288201289355
0,2.6031420033166066,2.2385789406113314,549,-16.50059690314349
0,2.6031420033166066,2.2385789406113314,550,-16.514900630730537
0,2.6031420033166066,2.2385789406113314,551,-16.529199402116703
0,2.6031420033166066,2.2385789406113314,552,-16.543493235273147
0,2.6031420033166066,2.2385789406113314,553,-16.557782148069165
0,2.6031420033166066,2.2385789406113314,554,-16.572066158283107
0,2.6031420033166066,2.2385789406113314,555,-16.586345283587818
0,2.6031420033166066,2.2385789406113314,556,-16.60061954157065
0,2.6031420033166066,2.2385789406113314,557,-16.614888949717553
0,2.6031420033166066,2.2385789406113314,558,-16.629153525423973
0,2.6031420033166066,2.2385789406113314,559,-16.64341328599032
0,2.6031420033166066,2.2385789406113314,560,-16.65766824862378
0,2.6031420033166066,2.2385789406113314,561,-16.671918430441494
0,2.6031420033166066,2.2385789406113314,562,-16.686163848466933
0,2.6031420033166066,2.2385789406113314,563,-16.700404519634432
0,2.6031420033166066,2.2385789406113314,564,-16.71464046078647
0,2.6031420033166066,2.2385789406113314,565,-16.728871688678666
0,2.6031420033166066,2.2385789406113314,566,-16.743098219974783
0,2.6031420033166066,2.2385789406113314,567,-16.757320071254455
0,2.6031420033166066,2.2385789406113314,568,-16.771537259002727
0,2.6031420033166066,2.2385789406113314,569,-16.78574979962643
0,2.6031420033166066,2.2385789406113314,570,-16.799957709438715
0,2.6031420033166066,2.2385789406113314,571,-16.81416100467088
0,2.6031420033166066,2.2385789406113314,572,-16.828359701467818
0,2.6031420033166066,2.2385789406113314,573,-16.842553815890298
0,2.6031420033166066,2.2385789406113314,574,-16.85674336391405
0,2.6031420033166066,2.2385789406113314,575,-16.8709283614334
0,2.6031420033166066,2.2385789406113314,576,-16.885108824256278
0,2.6031420033166066,2.2385789406113314,577,-16.89928476811285
0,2.6031420033166066,2.2385789406113314,578,-16.91345620864915
0,2.6031420033166066,2.2385789406113314,579,-16.92762316142982
0,2.6031420033166066,2.2385789406113314,580,-16.941785641939006
0,2.6031420033166066,2.2385789406113314,581,-16.955943665583092
0,2.6031420033166066,2.2385789406113314,582,-16.9700972476857
0,2.6031420033166066,2.2385789406113314,583,-16.984246403493145
0,2.6031420033166066,2.2385789406113314,584,-16.99839114817398
0,2.6031420033166066,2.2385789406113314,585,-17.01253149681763
0,2.6031420033166066,2.2385789406113314,586,-17.026667464438034
0,2.6031420033166066,2.2385789406113314,587,-17.040799065970006
0,2.6031420033166066,2.2385789406113314,588,-17.054926316274233
0,2.6031420033166066,2.2385789406113314,589,-17.06904923013228
0,2.6031420033166066,2.2385789406113314,590,-17.08316782225522
0,2.6031420033166066,2.2385789406113314,591,-17.097282107278645
0,2.6031420033166066,2.2385789406113314,592,-17.111392099759016
0,2.6031420033166066,2.2385789406113314,593,-17.125497814183674
0,2.6031420033166066,2.2385789406113314,594,-17.139599264968112
0,2.6031420033166066,2.2385789406113314,595,-17.153696466447784
0,2.6031420033166066,2.2385789406113314,596,-17.16778943289448
0,2.6031420033166066,2.2385789406113314,597,-17.181878178501776
0,2.6031420033166066,2.2385789406113314,598,-17.195962717397308
0,2.6031420033166066,2.2385789406113314,599,-17.21004306363504
0,2.6031420033166066,2.2385789406113314,600,-17.224119231197093
0,2.6031420033166066,2.2385789406113314,601,-17.23819123399919
0,2.6031420033166066,2.2385789406113314,602,-17.252259085884745
0,2.6031420033166066,2.2385789406113314,603,-17.266322800630334
0,2.6031420033166066,2.2385789406113314,604,-17.280382391943405
0,2.6031420033166066,2.2385789406113314,605,-17.294437873461376
0,2.6031420033166066,2.2385789406113314,606,-17.308489258759366
0,2.6031420033166066,2.2385789406113314,607,-17.322536561339277
0,2.6031420033166066,2.2385789406113314,608,-17.336579794640713
0,2.6031420033166066,2.2385789406113314,609,-17.350618972033246
0,2.6031420033166066,2.2385789406113314,610,-17.364654106825967
0,2.6031420033166066,2.2385789406113314,611,-17.37868521225657
0,2.6031420033166066,2.2385789406113314,612,-17.392712301501362
0,2.6031420033166066,2.2385789406113314,613,-17.40673538767298
0,2.6031420033166066,2.2385789406113314,614,-17.420754483816765
0,2.6031420033166066,2.2385789406113314,615,-17.43476960291666
0,2.6031420033166066,2.2385789406113314,616,-17.448780757892038
0,2.6031420033166066,2.2385789406113314,617,-17.462787961601336
0,2.6031420033166066,2.2385789406113314,618,-17.47679122683705
0,2.6031420033166066,2.2385789406113314,619,-17.490790566334383
0,2.6031420033166066,2.2385789406113314,620,-17.5047859927635
0,2.6031420033166066,2.2385789406113314,621,-17.518777518732733
0,2.6031420033166066,2.2385789406113314,622,-17.53276515679356
0,2.6031420033166066,2.2385789406113314,623,-17.54674891943243
0,2.6031420033166066,2.2385789406113314,624,-17.56072881907896
0,2.6031420033166066,2.2385789406113314,625,-17.57470486810182
0,2.6031420033166066,2.2385789406113314,626,-17.588677078809653
0,2.6031420033166066,2.2385789406113314,627,-17.602645463453356
0,2.6031420033166066,2.2385789406113314,628,-17.61661003422516
0,2.6031420033166066,2.2385789406113314,629,-17.630570803257726
0,2.6031420033166066,2.2385789406113314,630,-17.644527782625957
0,2.6031420033166066,2.2385789406113314,631,-17.658480984353375
0,2.6031420033166066,2.2385789406113314,632,-17.67243042039574
0,2.6031420033166066,2.2385789406113314,633,-17.686376102660617
0,2.6031420033166066,2.2385789406113314,634,-17.700318042995534
0,2.6031420033166066,2.2385789406113314,635,-17.714256253193
0,2.6031420033166066,2.2385789406113314,636,-17.72819074499141
0,2.6031420033166066,2.2385789406113314,637,-17.742121530067763
0,2.6031420033166066,2.2385789406113314,638,-17.75604862005177
0,2.6031420033166066,2.2385789406113314,639,-17.76997202651448
0,2.6031420033166066,2.2385789406113314,640,-17.78389176097373
0,2.6031420033166066,2.2385789406113314,641,-17.79780783489052
0,2.6031420033166066,2.2385789406113314,642,-17.811720259679916
0,2.6031420033166066,2.2385789406113314,643,-17.825629046694687
0,2.6031420033166066,2.2385789406113314,644,-17.839534207238486
0,2.6031420033166066,2.2385789406113314,645,-17.85343575256404
0,2.6031420033166066,2.2385789406113314,646,-17.867333693870407
0,2.6031420033166066,2.2385789406113314,647,-17.881228042302084
0,2.6031420033166066,2.2385789406113314,648,-17.895118808958543
0,2.6031420033166066,2.2385789406113314,649,-17.90900600487923
0,2.6031420033166066,2.2385789406113314,650,-17.922889641059484
0,2.6031420033166066,2.2385789406113314,651,-17.936769728442798
0,2.6031420033166066,2.2385789406113314,652,-17.95064627791764
0,2.6031420033166066,2.2385789406113314,653,-17.964519300328377
0,2.6031420033166066,2.2385789406113314,654,-17.97838880646661
0,2.6031420033166066,2.2385789406113314,655,-17.992254807075298
0,2.6031420033166066,2.2385789406113314,656,-18.00611731284691
0,2.6031420033166066,2.2385789406113314,657,-18.01997633442754
0,2.6031420033166066,2.2385789406113314,658,-18.033831882411434
0,2.6031420033166066,2.2385789406113314,659,-18.047683967346913
0,2.6031420033166066,2.2385789406113314,660,-18.061532599734548
0,2.6031420033166066,2.2385789406113314,661,-18.075377790025797
0,2.6031420033166066,2.2385789406113314,662,-18.089219548626644
0,2.6031420033166066,2.2385789406113314,663,-18.103057885891687
0,2.6031420033166066,2.2385789406113314,664,-18.116892812136413
0,2.6031420033166066,2.2385789406113314,665,-18.130724337621288
0,2.6031420033166066,2.2385789406113314,666,-18.144552472565394
0,2.6031420033166066,2.2385789406113314,667,-18.158377227140974
0,2.6031420033166066,2.2385789406113314,668,-18.172198611475707
0,2.6031420033166066,2.2385789406113314,669,-18.186016635646794
0,2.6031420033166066,2.2385789406113314,670,-18.199831309695057
0,2.6031420033166066,2.2385789406113314,671,-18.213642643606292
0,2.6031420033166066,2.2385789406113314,672,-18.227450647328553
0,2.6031420033166066,2.2385789406113314,673,-18.24125533076578
0,2.6031420033166066,2.2385789406113314,674,-18.255056703774628
0,2.6031420033166066,2.2385789406113314,675,-18.268854776167174
0,2.6031420033166066,2.2385789406113314,676,-18.282649557714578
0,2.6031420033166066,2.2385789406113314,677,-18.296441058144794
0,2.6031420033166066,2.2385789406113314,678,-18.310229287142576
0,2.6031420033166066,2.2385789406113314,679,-18.32401425434584
0,2.6031420033166066,2.2385789406113314,680,-18.337795969356122
0,2.6031420033166066,2.2385789406113314,681,-18.351574441729937
0,2.6031420033166066,2.2385789406113314,682,-18.36534968097969
0,2.6031420033166066,2.2385789406113314,683,-18.37912169657686
0,2.6031420033166066,2.2385789406113314,684,-18.39289049795518
0,2.6031420033166066,2.2385789406113314,685,-18.406656094502452
0,2.6031420033166066,2.2385789406113314,686,-18.42041849556965
0,2.6031420033166066,2.2385789406113314,687,-18.434177710460446
0,2.6031420033166066,2.2385789406113314,688,-18.44793374844305
0,2.6031420033166066,2.2385789406113314,689,-18.46168661874519
0,2.6031420033166066,2.2385789406113314,690,-18.475436330555496
0,2.6031420033166066,2.2385789406113314,691,-18.489182893014842
0,2.6031420033166066,2.2385789406113314,692,-18.50292631523409
0,2.6031420033166066,2.2385789406113314,693,-18.516666606279998
0,2.6031420033166066,2.2385789406113314,694,-18.53040377518066
0,2.6031420033166066,2.2385789406113314,695,-18.54413783092552
0,2.6031420033166066,2.2385789406113314,696,-18.557868782464922
0,2.6031420033166066,2.2385789406113314,697,-18.57159663871191
0,2.6031420033166066,2.2385789406113314,698,-18.585321408538604
0,2.6031420033166066,2.2385789406113314,699,-18.599043100777564
0,2.6031420033166066,2.2385789406113314,700,-18.612761724234517
0,2.6031420033166066,2.2385789406113314,701,-18.62647728766244
0,2.6031420033166066,2.2385789406113314,702,-18.64018979978384
0,2.6031420033166066,2.2385789406113314,703,-18.65389926928985
0,2.6031420033166066,2.2385789406113314,704,-18.667605704824766
0,2.6031420033166066,2.2385789406113314,705,-18.681309114999678
0,2.6031420033166066,2.2385789406113314,706,-18.695009508387486
0,2.6031420033166066,2.2385789406113314,707,-18.708706893531527
0,2.6031420033166066,2.2385789406113314,708,-18.722401278932395
0,2.6031420033166066,2.2385789406113314,709,-18.73609267305521
0,2.6031420033166066,2.2385789406113314,710,-18.749781084328717
0,2.6031420033166066,2.2385789406113314,711,-18.763466521150733
0,2.6031420033166066,2.2385789406113314,712,-18.777148991881333
0,2.6031420033166066,2.2385789406113314,713,-18.79082850484194
0,2.6031420033166066,2.2385789406113314,714,-18.804505068322143
0,2.6031420033166066,2.2385789406113314,715,-18.81817869057879
0,2.6031420033166066,2.2385789406113314,716,-18.831849379828256
0,2.6031420033166066,2.2385789406113314,717,-18.845517144260086
0,2.6031420033166066,2.2385789406113314,718,-18.85918199202426
0,2.6031420033166066,2.2385789406113314,719,-18.872843931234385
0,2.6031420033166066,2.2385789406113314,720,-18.886502969978594
0,2.6031420033166066,2.2385789406113314,721,-18.900159116300912
0,2.6031420033166066,2.2385789406113314,722,-18.91381237822445
0,2.6031420033166066,2.2385789406113314,723,-18.92746276372911
0,2.6031420033166066,2.2385789406113314,724,-18.94111028076388
0,2.6031420033166066,2.2385789406113314,725,-18.954754937245454
0,2.6031420033166066,2.2385789406113314,726,-18.968396741059607
0,2.6031420033166066,2.2385789406113314,727,-18.98203570005664
0,2.6031420033166066,2.2385789406113314,728,-18.995671822059577
0,2.6031420033166066,2.2385789406113314,729,-19.00930511485005
0,2.6031420033166066,2.2385789406113314,730,-19.022935586184687
0,2.6031420033166066,2.2385789406113314,731,-19.0365632437901
0,2.6031420033166066,2.2385789406113314,732,-19.050188095355608
0,2.6031420033166066,2.2385789406113314,733,-19.063810148541435
0,2.6031420033166066,2.2385789406113314,734,-19.077429410974148
0,2.6031420033166066,2.2385789406113314,735,-19.091045890254847
0,2.6031420033166066,2.2385789406113314,736,-19.104659593947346
0,2.6031420033166066,2.2385789406113314,737,-19.118270529589992
0,2.6031420033166066,2.2385789406113314,738,-19.131878704687026
0,2.6031420033166066,2.2385789406113314,739,-19.14548412671222
0,2.6031420033166066,2.2385789406113314,740,-19.159086803109332
0,2.6031420033166066,2.2385789406113314,741,-19.172686741296204
0,2.6031420033166066,2.2385789406113314,742,-19.186283948654292
0,2.6031420033166066,2.2385789406113314,743,-19.199878432537318
0,2.6031420033166066,2.2385789406113314,744,-19.213470200271715
0,2.6031420033166066,2.2385789406113314,745,-19.22705925914981
0,2.6031420033166066,2.2385789406113314,746,-19.240645616444837
0,2.6031420033166066,2.2385789406113314,747,-19.254229279382727
0,2.6031420033166066,2.2385789406113314,748,-19.267810255178503
0,2.6031420033166066,2.2385789406113314,749,-19.281388551009897
0,2.6031420033166066,2.2385789406113314,750,-19.294964174025992
0,2.6031420033166066,2.2385789406113314,751,-19.308537131348587
0,2.6031420033166066,2.2385789406113314,752,-19.32210743007083
0,2.6031420033166066,2.2385789406113314,753,-19.335675077255857
0,2.6031420033166066,2.2385789406113314,754,-19.349240079940884
0,2.6031420033166066,2.2385789406113314,755,-19.362802445137206
0,2.6031420033166066,2.2385789406113314,756,-19.3763621798211
0,2.6031420033166066,2.2385789406113314,757,-19.389919290950203
0,2.6031420033166066,2.2385789406113314,758,-19.403473785450316
0,2.6031420033166066,2.2385789406113314,759,-19.417025670214045
0,2.6031420033166066,2.2385789406113314,760,-19.43057495211626
0,2.6031420033166066,2.2385789406113314,761,-19.444121638002727
0,2.6031420033166066,2.2385789406113314,762,-19.4576657346842
0,2.6031420033166066,2.2385789406113314,763,-19.471207248957327
0,2.6031420033166066,2.2385789406113314,764,-19.484746187582843
0,2.6031420033166066,2.2385789406113314,765,-19.498282557296918
0,2.6031420033166066,2.2385789406113314,766,-19.511816364812077
0,2.6031420033166066,2.2385789406113314,767,-19.525347616809015
0,2.6031420033166066,2.2385789406113314,768,-19.538876319951598
0,2.6031420033166066,2.2385789406113314,769,-19.552402480867315
0,2.6031420033166066,2.2385789406113314,770,-19.565926106161825
0,2.6031420033166066,2.2385789406113314,771,-19.57944720241896
0,2.6031420033166066,2.2385789406113314,772,-19.592965776192088
0,2.6031420033166066,2.2385789406113314,773,-19.60648183401092
0,2.6031420033166066,2.2385789406113314,774,-19.619995382379713
0,2.6031420033166066,2.2385789406113314,775,-19.63350642777634
0,2.6031420033166066,2.2385789406113314,776,-19.647014976657303
0,2.6031420033166066,2.2385789406113314,777,-19.66052103544955
0,2.6031420033166066,2.2385789406113314,778,-19.674024610556827
0,2.6031420033166066,2.2385789406113314,779,-19.687525708362884
0,2.6031420033166066,2.2385789406113314,780,-19.701024335217355
0,2.6031420033166066,2.2385789406113314,781,-19.71452049745396
0,2.6031420033166066,2.2385789406113314,782,-19.72801420137823
0,2.6031420033166066,2.2385789406113314,783,-19.741505453271586
0,2.6031420033166066,2.2385789406113314,784,-19.754994259392262
0,2.6031420033166066,2.2385789406113314,785,-19.76848062597439
0,2.6031420033166066,2.2385789406113314,786,-19.78196455923073
0,2.6031420033166066,2.2385789406113314,787,-19.795446065344933
0,2.6031420033166066,2.2385789406113314,788,-19.80892515048292
0,2.6031420033166066,2.2385789406113314,789,-19.82240182077969
0,2.6031420033166066,2.2385789406113314,790,-19.835876082355227
0,2.6031420033166066,2.2385789406113314,791,-19.84934794130406
0,2.6031420033166066,2.2385789406113314,792,-19.86281740368888
0,2.6031420033166066,2.2385789406113314,793,-19.8762844755651
0,2.6031420033166066,2.2385789406113314,794,-19.889749162955397
0,2.6031420033166066,2.2385789406113314,795,-19.903211471856523
0,2.6031420033166066,2.2385789406113314,796,-19.91667140825068
0,2.6031420033166066,2.2385789406113314,797,-19.930128978093236
0,2.6031420033166066,2.2385789406113314,798,-19.94358418731956
0,2.6031420033166066,2.2385789406113314,799,-19.957037041837268
0,2.6031420033166066,2.2385789406113314,800,-19.970487547542618
0,2.6031420033166066,2.2385789406113314,801,-19.983935710296848
0,2.6031420033166066,2.2385789406113314,802,-19.99738153594801
0,2.6031420033166066,2.2385789406113314,803,-20.010825030318685
0,2.6031420033166066,2.2385789406113314,804,-20.024266199213727
0,2.6031420033166066,2.2385789406113314,805,-20.037705048407517
0,2.6031420033166066,2.2385789406113314,806,-20.05114158366534
0,2.6031420033166066,2.2385789406113314,807,-20.06457581071747
0,2.6031420033166066,2.2385789406113314,808,-20.078007735286448
0,2.6031420033166066,2.2385789406113314,809,-20.091437363060706
0,2.6031420033166066,2.2385789406113314,810,-20.104864699718675
0,2.6031420033166066,2.2385789406113314,811,-20.11828975091332
0,2.6031420033166066,2.2385789406113314,812,-20.13171252227123
0,2.6031420033166066,2.2385789406113314,813,-20.145133019408533
0,2.6031420033166066,2.2385789406113314,814,-20.158551247913167
0,2.6031420033166066,2.2385789406113314,815,-20.171967213355785
0,2.6031420033166066,2.2385789406113314,816,-20.185380921285216
0,2.6031420033166066,2.2385789406113314,817,-20.198792377228003
0,2.6031420033166066,2.2385789406113314,818,-20.212201586697958
0,2.6031420033166066,2.2385789406113314,819,-20.22560855517615
0,2.6031420033166066,2.2385789406113314,820,-20.23901328813683
0,2.6031420033166066,2.2385789406113314,821,-20.252415791026507
0,2.6031420033166066,2.2385789406113314,822,-20.265816069273043
0,2.6031420033166066,2.2385789406113314,823,-20.27921412828475
0,2.6031420033166066,2.2385789406113314,824,-20.29260997345129
0,2.6031420033166066,2.2385789406113314,825,-20.306003610141417
0,2.6031420033166066,2.2385789406113314,826,-20.319395043705228
0,2.6031420033166066,2.2385789406113314,827,-20.33278427947009
0,2.6031420033166066,2.2385789406113314,828,-20.34617132275291
0,2.6031420033166066,2.2385789406113314,829,-20.359556178841487
0,2.6031420033166066,2.2385789406113314,830,-20.372938853009984
0,2.6031420033166066,2.2385789406113314,831,-20.386319350510277
0,2.6031420033166066,2.2385789406113314,832,-20.399697676578327
0,2.6031420033166066,2.2385789406113314,833,-20.413073836428723
0,2.6031420033166066,2.2385789406113314,834,-20.426447835260134
0,2.6031420033166066,2.2385789406113314,835,-20.43981967824986
0,2.6031420033166066,2.2385789406113314,836,-20.453189370557467
0,2.6031420033166066,2.2385789406113314,837,-20.466556917325235
0,2.6031420033166066,2.2385789406113314,838,-20.479922323676348
0,2.6031420033166066,2.2385789406113314,839,-20.493285594713072
0,2.6031420033166066,2.2385789406113314,840,-20.50664673552221
0,2.6031420033166066,2.2385789406113314,841,-20.520005751173287
0,2.6031420033166066,2.2385789406113314,842,-20.533362646717634
0,2.6031420033166066,2.2385789406113314,843,-20.54671742718294
0,2.6031420033166066,2.2385789406113314,844,-20.560070097585978
0,2.6031420033166066,2.2385789406113314,845,-20.57342066292351
0,2.6031420033166066,2.2385789406113314,846,-20.58676912817593
0,2.6031420033166066,2.2385789406113314,847,-20.600115498297257
0,2.6031420033166066,2.2385789406113314,848,-20.613459778239687
0,2.6031420033166066,2.2385789406113314,849,-20.626801972922678
0,2.6031420033166066,2.2385789406113314,850,-20.64014208725841
0,2.6031420033166066,2.2385789406113314,851,-20.65348012613633
0,2.6031420033166066,2.2385789406113314,852,-20.666816094430416
0,2.6031420033166066,2.2385789406113314,853,-20.68014999700101
0,2.6031420033166066,2.2385789406113314,854,-20.693481838682075
0,2.6031420033166066,2.2385789406113314,855,-20.70681162430212
0,2.6031420033166066,2.2385789406113314,856,-20.720139358663275
0,30.0,25.79858038200613,0,-4.970466653010655
0,30.0,25.79858038200613,1,-4.0288269004309925
0,30.0,25.79858038200613,2,-3.602357920869281
0,30.0,25.79858038200613,3,-3.407720822920383
0,30.0,25.79858038200613,4,-3.335046772917525
0,30.0,25.79858038200613,5,-3.330058243699477
0,30.0,25.79858038200613,6,-3.363283881401993
0,30.0,25.79858038200613,7,-3.4179950557984755
0,30.0,25.79858038200613,8,-3.4844618029873393
0,30.0,25.79858038200613,9,-3.556937601419759
0,30.0,25.79858038200613,10,-3.631995789725665
0,30.0,25.79858038200613,11,-3.707585061319109
0,30.0,25.79858038200613,12,-3.7824821613404014
0,30.0,25.79858038200613,13,-3.855969118190786
0,30.0,25.79858038200613,14,-3.927639714148623
0,30.0,25.79858038200613,15,-3.9972815998643343
0,30.0,25.79858038200613,16,-4.064803420427769
0,30.0,25.79858038200613,17,-4.130189165699208
0,30.0,25.79858038200613,18,-4.1934692487082055
0,30.0,25.79858038200613,19,-4.254702017202114
0,30.0,25.79858038200613,20,-4.3139618623213645
0,30.0,25.79858038200613,21,-4.371331550525825
0,30.0,25.79858038200613,22,-4.426897288175085
0,30.0,25.79858038200613,23,-4.480745570027104
0,30.0,25.79858038200613,24,-4.532961200273264
0,30.0,25.79858038200613,25,-4.583626087712056
0,30.0,25.79858038200613,26,-4.632818552893064
0,30.0,25.79858038200613,27,-4.680612973258506
0,30.0,25.79858038200613,28,-4.7270796500414045
0,30.0,25.79858038200613,29,-4.772284818850154
0,30.0,25.79858038200613,30,-4.816290751333335
0,30.0,25.79858038200613,31,-4.859155912437864
0,30.0,25.79858038200613,32,-4.900935149359818
0,30.0,25.79858038200613,33,-4.9416798961716575
0,30.0,25.79858038200613,34,-4.981438383494294
0,30.0,25.79858038200613,35,-5.020255846272804
0,30.0,25.79858038200613,36,-5.058174725240932
0,30.0,25.79858038200613,37,-5.095234859391334
0,30.0,25.79858038200613,38,-5.131473667947554
0,30.0,25.79858038200613,39,-5.166926321130682
0,30.0,25.79858038200613,40,-5.201625899548774
0,30.0,25.79858038200613,41,-5.235603542384241
0,30.0,25.79858038200613,42,-5.268888584777629
0,30.0,25.79858038200613,43,-5.3015086849393365
0,30.0,25.79858038200613,44,-5.3334899415934
0,30.0,25.79858038200613,45,-5.364857002390367
0,30.0,25.79858038200613,46,-5.395633163921148
0,30.0,25.79858038200613,47,-5.425840464007593
0,30.0,25.79858038200613,48,-5.4554997667472245
0,30.0,25.79858038200613,49,-5.484630841050206
0,30.0,25.79858038200613,50,-5.513252433071984
0,30.0,25.79858038200613,51,-5.541382333091691
0,30.0,25.79858038200613,52,-5.569037437286682
0,30.0,25.79858038200613,53,-5.596233804826455
0,30.0,25.79858038200613,54,-5.622986710674199
0,30.0,25.79858038200613,55,-5.649310694454031
0,30.0,25.79858038200613,56,-5.67521960570845
0,30.0,25.79858038200613,57,-5.70072664584599
0,30.0,25.79858038200613,58,-5.725844407049295
0,30.0,25.79858038200613,59,-5.750584908394232
0,30.0,25.79858038200613,60,-5.7749596294057435
0,30.0,25.79858038200613,61,-5.798979541256402
0,30.0,25.79858038200613,62,-5.8226551357990255
0,30.0,25.79858038200613,63,-5.84599645260282
0,30.0,25.79858038200613,64,-5.86901310415199
0,30.0,25.79858038200613,65,-5.891714299349801
0,30.0,25.79858038200613,66,-5.914108865459739
0,30.0,25.79858038200613,67,-5.936205268602905
0,30.0,25.79858038200613,68,-5.958011632922465
0,30.0,25.79858038200613,69,-5.979535758514417
0,30.0,25.79858038200613,70,-6.000785138217922
0,30.0,25.79858038200613,71,-6.021766973347995
0,30.0,25.79858038200613,72,-6.042488188449242
0,30.0,25.79858038200613,73,-6.062955445140703
0,30.0,25.79858038200613,74,-6.0831751551173605
0,30.0,25.79858038200613,75,-6.103153492368464
0,30.0,25.79858038200613,76,-6.122896404666606
0,30.0,25.79858038200613,77,-6.142409624379995
0,30.0,25.79858038200613,78,-6.161698678653168
0,30.0,25.79858038200613,79,-6.180768899000058
0,30.0,25.79858038200613,80,-6.199625430349287
0,30.0,25.79858038200613,81,-6.218273239576306
0,30.0,25.79858038200613,82,-6.236717123560553
0,30.0,25.79858038200613,83,-6.254961716794171
0,30.0,25.79858038200613,84,-6.273011498575031
0,30.0,25.79858038200613,85,-6.2908707998079345
0,30.0,25.79858038200613,86,-6.308543809441788
0,30.0,25.79858038200613,87,-6.3260345805637295
0,30.0,25.79858038200613,88,-6.343347036171637
0,30.0,25.79858038200613,89,-6.360484974647151
0,30.0,25.79858038200613,90,-6.3774520749446575
0,30.0,25.79858038200613,91,-6.394251901515262
0,30.0,25.79858038200613,92,-6.410887908981793
0,30.0,25.79858038200613,93,-6.427363446578696
0,30.0,25.79858038200613,94,-6.443681762371583
0,30.0,25.79858038200613,95,-6.459846007268866
0,30.0,25.79858038200613,96,-6.475859238837999
0,30.0,25.79858038200613,97,-6.491724424936721
0,30.0,25.79858038200613,98,-6.507444447171069
0,30.0,25.79858038200613,99,-6.523022104189423
0,30.0,25.79858038200613,100,-6.538460114820297
0,30.0,25.79858038200613,101,-6.5537611210661035
0,30.0,25.79858038200613,102,-6.5689276909566425
0,30.0,25.79858038200613,103,-6.583962321273064
0,30.0,25.79858038200613,104,-6.5988674401478855
0,30.0,25.79858038200613,105,-6.613645409548426
0,30.0,25.79858038200613,106,-6.6282985276487105
0,30.0,25.79858038200613,107,-6.6428290310972935
0,30.0,25.79858038200613,108,-6.657239097185156
0,30.0,25.79858038200613,109,-6.671530845919691
0,30.0,25.79858038200613,110,-6.685706342008715
0,30.0,25.79858038200613,111,-6.699767596760737
0,30.0,25.79858038200613,112,-6.713716569904009
0,30.0,25.79858038200613,113,-6.727555171327695
0,30.0,25.79858038200613,114,-6.74128526275375
0,30.0,25.79858038200613,115,-6.754908659336352
0,30.0,25.79858038200613,116,-6.7684271311975275
0,30.0,25.79858038200613,117,-6.781842404899053
0,30.0,25.79858038200613,118,-6.795156164856892
0,30.0,25.79858038200613,119,-6.8083700546961134
0,30.0,25.79858038200613,120,-6.821485678554198
0,30.0,25.79858038200613,121,-6.834504602332104
0,30.0,25.79858038200613,122,-6.847428354896054
0,30.0,25.79858038200613,123,-6.860258429233384
0,30.0,25.79858038200613,124,-6.872996283562586
0,30.0,25.79858038200613,125,-6.885643342402191
0,30.0,25.79858038200613,126,-6.898200997598665
0,30.0,25.79858038200613,127,-6.9106706093142956
0,30.0,25.79858038200613,128,-6.923053506980623
0,30.0,25.79858038200613,129,-6.93535099021311
0,30.0,25.79858038200613,130,-6.947564329695568
0,30.0,25.79858038200613,131,-6.959694768029167
0,30.0,25.79858038200613,132,-6.9717435205530345
0,30.0,25.79858038200613,133,-6.983711776132837
0,30.0,25.79858038200613,134,-6.9956006979236784
0,30.0,25.79858038200613,135,-7.007411424103268
0,30.0,25.79858038200613,136,-7.01914506858087
0,30.0,25.79858038200613,137,-7.030802721681128
0,30.0,25.79858038200613,138,-7.042385450803168
0,30.0,25.79858038200613,139,-7.053894301057924
0,30.0,25.79858038200613,140,-7.065330295882846
0,30.0,25.79858038200613,141,-7.0766944376356244
0,30.0,25.79858038200613,142,-7.087987708168428
0,30.0,25.79858038200613,143,-7.099211069382748
0,30.0,25.79858038200613,144,-7.1103654637630465
0,30.0,25.79858038200613,145,-7.121451814897783
0,30.0,25.79858038200613,146,-7.132471027978327
0,30.0,25.79858038200613,147,-7.143423990283723
0,30.0,25.79858038200613,148,-7.154311571649644
0,30.0,25.79858038200613,149,-7.165134624921891
0,30.0,25.79858038200613,150,-7.175893986394713
0,30.0,25.79858038200613,151,-7.186590476236163
0,30.0,25.79858038200613,152,-7.197224898898569
0,30.0,25.79858038200613,153,-7.207798043518253
0,30.0,25.79858038200613,154,-7.218310684299227
0,30.0,25.79858038200613,155,-7.228763580888583
0,30.0,25.79858038200613,156,-7.239157478737966
0,30.0,25.79858038200613,157,-7.249493109454577
0,30.0,25.79858038200613,158,-7.259771191140815
0,30.0,25.79858038200613,159,-7.269992428725218
0,30.0,25.79858038200613,160,-7.28015751428113
0,30.0,25.79858038200613,161,-7.290267127337459
0,30.0,25.79858038200613,162,-7.300321935180009
0,30.0,25.79858038200613,163,-7.310322593142062
0,30.0,25.79858038200613,164,-7.320269744889047
0,30.0,25.79858038200613,165,-7.330164022693155
0,30.0,25.79858038200613,166,-7.34000604769976
0,30.0,25.79858038200613,167,-7.349796430186914
0,30.0,25.79858038200613,168,-7.359535769817669
0,30.0,25.79858038200613,169,-7.369224655883088
0,30.0,25.79858038200613,170,-7.378863667541666
0,30.0,25.79858038200613,171,-7.388453374047615
0,30.0,25.79858038200613,172,-7.397994334977441
0,30.0,25.79858038200613,173,-7.407487100446461
0,30.0,25.79858038200613,174,-7.416932211320714
0,30.0,25.79858038200613,175,-7.426330199423192
0,30.0,25.79858038200613,176,-7.43568158773438
0,30.0,25.79858038200613,177,-7.444986890586379
0,30.0,25.79858038200613,178,-7.45424661385242
0,30.0,25.79858038200613,179,-7.463461255130924
0,30.0,25.79858038200613,180,-7.472631303925469
0,30.0,25.79858038200613,181,-7.481757241819012
0,30.0,25.79858038200613,182,-7.490839542643173
0,30.0,25.79858038200613,183,-7.49987867264342
0,30.0,25.79858038200613,184,-7.50887509064107
0,30.0,25.79858038200613,185,-7.51782924818933
0,30.0,25.79858038200613,186,-7.526741589724382
0,30.0,25.79858038200613,187,-7.5356125527170414
0,30.0,25.79858038200613,188,-7.544442567814188
0,30.0,25.79858038200613,189,-7.55323205898229
0,30.0,25.79858038200613,190,-7.56198144364349
0,30.0,25.79858038200613,191,-7.570691132809075
0,30.0,25.79858038200613,192,-7.579361531211462
0,30.0,25.79858038200613,193,-7.587993037429997
0,30.0,25.79858038200613,194,-7.59658604401544
0,30.0,25.79858038200613,195,-7.605140937610245
0,30.0,25.79858038200613,196,-7.613658099067593
0,30.0,25.79858038200613,197,-7.622137903565702
0,30.0,25.79858038200613,198,-7.630580720718897
0,30.0,25.79858038200613,199,-7.63898691468937
0,30.0,25.79858038200613,200,-7.6473568442900595
0,30.0,25.79858038200613,201,-7.655690863093512
0,30.0,25.79858038200613,202,-7.6639893195290805
0,30.0,25.79858038200613,203,-7.672252556985016
0,30.0,25.79858038200613,204,-7.680480913903623
0,30.0,25.79858038200613,205,-7.688674723875679
0,30.0,25.79858038200613,206,-7.696834315734109
0,30.0,25.79858038200613,207,-7.704960013642322
0,30.0,25.79858038200613,208,-7.713052137182886
0,30.0,25.79858038200613,209,-7.721111001443192
0,30.0,25.79858038200613,210,-7.729136917099468
0,30.0,25.79858038200613,211,-7.737130190498292
0,30.0,25.79858038200613,212,-7.745091123736857
0,30.0,25.79858038200613,213,-7.753020014741694
0,30.0,25.79858038200613,214,-7.7609171573435995
0,30.0,25.79858038200613,215,-7.76878284135448
0,30.0,25.79858038200613,216,-7.776617352637275
0,30.0,25.79858038200613,217,-7.784420973179906
0,30.0,25.79858038200613,218,-7.792193981164744
0,30.0,25.79858038200613,219,-7.79993665103443
0,30.0,25.79858038200613,220,-7.807649253561224
0,30.0,25.79858038200613,221,-7.815332055910731
0,30.0,25.79858038200613,222,-7.822985321706583
0,30.0,25.79858038200613,223,-7.830609311090641
0,30.0,25.79858038200613,224,-7.838204280786997
0,30.0,25.79858038200613,225,-7.845770484158991
0,30.0,25.79858038200613,226,-7.85330817126878
0,30.0,25.79858038200613,227,-7.860817588934354
0,30.0,25.79858038200613,228,-7.868298980784901
0,30.0,25.79858038200613,229,-7.875752587315717
0,30.0,25.79858038200613,230,-7.883178645943006
0,30.0,25.79858038200613,231,-7.8905773910531005
0,30.0,25.79858038200613,232,-7.897949054056128
0,30.0,25.79858038200613,233,-7.905293863436484
0,30.0,25.79858038200613,234,-7.912612044800128
0,30.0,25.79858038200613,235,-7.919903820923808
0,30.0,25.79858038200613,236,-7.92716941180224
0,30.0,25.79858038200613,237,-7.934409034693133
0,30.0,25.79858038200613,238,-7.941622904164022
0,30.0,25.79858038200613,239,-7.948811232135015
0,30.0,25.79858038200613,240,-7.95597422792325
0,30.0,25.79858038200613,241,-7.96311209828484
0,30.0,25.79858038200613,242,-7.970225047455117
0,30.0,25.79858038200613,243,-7.977313277192182
0,30.0,25.79858038200613,244,-7.984376986815094
0,30.0,25.79858038200613,245,-7.9914163732420755
0,30.0,25.79858038200613,246,-7.9984316310315515
0,30.0,25.79858038200613,247,-8.005422952417618
0,30.0,25.79858038200613,248,-8.012390527347222
0,30.0,25.79858038200613,249,-8.01933454351608
0,30.0,25.79858038200613,250,-8.026255186405862
0,30.0,25.79858038200613,251,-8.03315263931647
0,30.0,25.79858038200613,252,-8.04002708340117
0,30.0,25.79858038200613,253,-8.04687869770082
0,30.0,25.79858038200613,254,-8.053707659174208
0,30.0,25.79858038200613,255,-8.060514142733425
0,30.0,25.79858038200613,256,-8.067298321272276
0,30.0,25.79858038200613,257,-8.074060365698458
0,30.0,25.79858038200613,258,-8.080800444964936
0,30.0,25.79858038200613,259,-8.087518726097457
0,30.0,25.79858038200613,260,-8.094215374225925
0,30.0,25.79858038200613,261,-8.100890552609528
0,30.0,25.79858038200613,262,-8.10754442267016
0,30.0,25.79858038200613,263,-8.114177144015272
0,30.0,25.79858038200613,264,-8.120788874467209
0,30.0,25.79858038200613,265,-8.127379770087984
0,30.0,25.79858038200613,266,-8.133949985208275
0,30.0,25.79858038200613,267,-8.140499672449593
0,30.0,25.79858038200613,268,-8.14702898275145
0,30.0,25.79858038200613,269,-8.153538065396148
0,30.0,25.79858038200613,270,-8.160027068030828
0,30.0,25.79858038200613,271,-8.166496136694192
0,30.0,25.79858038200613,272,-8.172945415837418
0,30.0,25.79858038200613,273,-8.17937504834758
0,30.0,25.79858038200613,274,-8.185785175571638
0,30.0,25.79858038200613,275,-8.192175937335989
0,30.0,25.79858038200613,276,-8.19854747197057
0,30.0,25.79858038200613,277,-8.204899916328756
0,30.0,25.79858038200613,278,-8.211233405808386
0,30.0,25.79858038200613,279,-8.217548074373028
0,30.0,25.79858038200613,280,-8.223844054570847
0,30.0,25.79858038200613,281,-8.230121477556551
0,30.0,25.79858038200613,282,-8.236380473107985
0,30.0,25.79858038200613,283,-8.242621169648302
0,30.0,25.79858038200613,284,-8.248843694262902
0,30.0,25.79858038200613,285,-8.255048172718077
0,30.0,25.79858038200613,286,-8.261234729480677
0,30.0,25.79858038200613,287,-8.267403487732892
0,30.0,25.79858038200613,288,-8.27355456939317
0,30.0,25.79858038200613,289,-8.279688095132585
0,30.0,25.79858038200613,290,-8.285804184388596
0,30.0,25.79858038200613,291,-8.291902955387897
0,30.0,25.79858038200613,292,-8.297984525157446
0,30.0,25.79858038200613,293,-8.304049009541174
0,30.0,25.79858038200613,294,-8.310096523220224
0,30.0,25.79858038200613,295,-8.316127179722727
0,30.0,25.79858038200613,296,-8.322141091443584
0,30.0,25.79858038200613,297,-8.32813836965606
0,30.0,25.79858038200613,298,-8.33411912453009
0,30.0,25.79858038200613,299,-8.340083465144446
0,30.0,25.79858038200613,300,-8.346031499500938
0,30.0,25.79858038200613,301,-8.35196333454114
0,30.0,25.79858038200613,302,-8.357879076156152
0,30.0,25.79858038200613,303,-8.36377882920435
0,30.0,25.79858038200613,304,-8.369662697522173
0,30.0,25.79858038200613,305,-8.375530783937663
0,30.0,25.79858038200613,306,-8.381383190285348
0,30.0,25.79858038200613,307,-8.387220017417278
0,30.0,25.79858038200613,308,-8.393041365215069
0,30.0,25.79858038200613,309,-8.398847332603097
0,30.0,25.79858038200613,310,-8.404638017562363
0,30.0,25.79858038200613,311,-8.41041351713993
0,30.0,25.79858038200613,312,-8.416173927460633
0,30.0,25.79858038200613,313,-8.421919343741408
0,30.0,25.79858038200613,314,-8.4276498603014
0,30.0,25.79858038200613,315,-8.433365570570842
0,30.0,25.79858038200613,316,-8.439066567105485
0,30.0,25.79858038200613,317,-8.444752941596263
0,30.0,25.79858038200613,318,-8.450424784879871
0,30.0,25.79858038200613,319,-8.456082186949217
0,30.0,25.79858038200613,320,-8.461725236964114
0,30.0,25.79858038200613,321,-8.467354023261962
0,30.0,25.79858038200613,322,-8.472968633366165
0,30.0,25.79858038200613,323,-8.478569153998635
0,30.0,25.79858038200613,324,-8.484155671086839
0,30.0,25.79858038200613,325,-8.489728269776535
0,30.0,25.79858038200613,326,-8.495287034438135
0,30.0,25.79858038200613,327,-8.500832048678078
0,30.0,25.79858038200613,328,-8.506363395346327
0,30.0,25.79858038200613,329,-8.511881156548085
0,30.0,25.79858038200613,330,-8.517385413649933
0,30.0,25.79858038200613,331,-8.522876247291876
0,30.0,25.79858038200613,332,-8.528353737390532
0,30.0,25.79858038200613,333,-8.533817963154931
0,30.0,25.79858038200613,334,-8.539269003086972
0,30.0,25.79858038200613,335,-8.544706934998246
0,30.0,25.79858038200613,336,-8.550131836011175
0,30.0,25.79858038200613,337,-8.555543782570155
0,30.0,25.79858038200613,338,-8.560942850449507
0,30.0,25.79858038200613,339,-8.566329114760762
0,30.0,25.79858038200613,340,-8.571702649959704
0,30.0,25.79858038200613,341,-8.57706352985592
0,30.0,25.79858038200613,342,-8.582411827618486
0,30.0,25.79858038200613,343,-8.587747615783016
0,30.0,25.79858038200613,344,-8.593070966261891
0,30.0,25.79858038200613,345,-8.59838195034665
0,30.0,25.79858038200613,346,-8.603680638721173
0,30.0,25.79858038200613,347,-8.608967101462369
0,30.0,25.79858038200613,348,-8.614241408050631
0,30.0,25.79858038200613,349,-8.619503627376318
0,30.0,25.79858038200613,350,-8.624753827746801
0,30.0,25.79858038200613,351,-8.62999207689056
0,30.0,25.79858038200613,352,-8.635218441965591
0,30.0,25.79858038200613,353,-8.640432989566236
0,30.0,25.79858038200613,354,-8.645635785729539
0,30.0,25.79858038200613,355,-8.650826895938664
0,30.0,25.79858038200613,356,-8.656006385131988
0,30.0,25.79858038200613,357,-8.661174317709694
0,30.0,25.79858038200613,358,-8.666330757534908
0,30.0,25.79858038200613,359,-8.671475767947115
0,30.0,25.79858038200613,360,-8.676609411760339
0,30.0,25.79858038200613,361,-8.681731751274398
0,30.0,25.79858038200613,362,-8.686842848276498
0,30.0,25.79858038200613,363,-8.691942764051689
0,30.0,25.79858038200613,364,-8.697031559382637
0,30.0,25.79858038200613,365,-8.702109294558838
0,30.0,25.79858038200613,366,-8.707176029382069
0,30.0,25.79858038200613,367,-8.712231823167528
0,30.0,25.79858038200613,368,-8.71727673475543
0,30.0,25.79858038200613,369,-8.722310822510778
0,30.0,25.79858038200613,370,-8.727334144330868
0,30.0,25.79858038200613,371,-8.732346757650518
0,30.0,25.79858038200613,372,-8.737348719444341
0,30.0,25.79858038200613,373,-8.742340086235615
0,30.0,25.79858038200613,374,-8.74732091409787
0,30.0,25.79858038200613,375,-8.752291258661032
0,30.0,25.79858038200613,376,-8.757251175115286
0,30.0,25.79858038200613,377,-8.762200718218239
0,30.0,25.79858038200613,378,-8.767139942294918
0,30.0,25.79858038200613,379,-8.772068901246868
0,30.0,25.79858038200613,380,-8.776987648551469
0,30.0,25.79858038200613,381,-8.781896237273642
0,30.0,25.79858038200613,382,-8.786794720061991
0,30.0,25.79858038200613,383,-8.791683149160619
0,30.0,25.79858038200613,384,-8.796561576405495
0,30.0,25.79858038200613,385,-8.801430053235592
0,30.0,25.79858038200613,386,-8.806288630694027
0,30.0,25.79858038200613,387,-8.811137359431243
0,30.0,25.79858038200613,388,-8.815976289711145
0,30.0,25.79858038200613,389,-8.820805471412697
0,30.0,25.79858038200613,390,-8.825624954036059
0,30.0,25.79858038200613,391,-8.830434786704629
0,30.0,25.79858038200613,392,-8.835235018170508
0,30.0,25.79858038200613,393,-8.840025696815744
0,30.0,25.79858038200613,394,-8.844806870660292
0,30.0,25.79858038200613,395,-8.849578587359744
0,30.0,25.79858038200613,396,-8.854340894215781
0,30.0,25.79858038200613,397,-8.859093838174019
0,30.0,25.79858038200613,398,-8.86383746582969
0,30.0,25.79858038200613,399,-8.868571823430827
0,30.0,25.79858038200613,400,-8.873296956883266
0,30.0,25.79858038200613,401,-8.878012911752919
0,30.0,25.79858038200613,402,-8.882719733267592
0,30.0,25.79858038200613,403,-8.887417466321764
0,30.0,25.79858038200613,404,-8.892106155481358
0,30.0,25.79858038200613,405,-8.896785844984194
0,30.0,25.79858038200613,406,-8.901456578744089
0,30.0,25.79858038200613,407,-8.906118400355169
0,30.0,25.79858038200613,408,-8.910771353093466
0,30.0,25.79858038200613,409,-8.91541547992044
0,30.0,25.79858038200613,410,-8.920050823485937
0,30.0,25.79858038200613,411,-8.92467742613455
0,30.0,25.79858038200613,412,-8.92929532990108
0,30.0,25.79858038200613,413,-8.933904576519964
0,30.0,25.79858038200613,414,-8.938505207425735
0,30.0,25.79858038200613,415,-8.943097263757565
0,30.0,25.79858038200613,416,-8.947680786358589
0,30.0,25.79858038200613,417,-8.952255815782038
0,30.0,25.79858038200613,418,-8.95682239229238
0,30.0,25.79858038200613,419,-8.961380555869638
0,30.0,25.79858038200613,420,-8.965930346208708
0,30.0,25.79858038200613,421,-8.970471802726863
0,30.0,25.79858038200613,422,-8.975004964560569
0,30.0,25.79858038200613,423,-8.979529870575945
0,30.0,25.79858038200613,424,-8.984046559361943
0,30.0,25.79858038200613,425,-8.98855506923887
0,30.0,25.79858038200613,426,-8.99305543826226
0,30.0,25.79858038200613,427,-8.99754770421923
0,30.0,25.79858038200613,428,-9.002031904636894
0,30.0,25.79858038200613,429,-9.006508076781344
0,30.0,25.79858038200613,430,-9.010976257660829
0,30.0,25.79858038200613,431,-9.015436484028484
0,30.0,25.79858038200613,432,-9.01988879238506
0,30.0,25.79858038200613,433,-9.024333218980289
0,30.0,25.79858038200613,434,-9.028769799815834
0,30.0,25.79858038200613,435,-9.033198570645979
0,30.0,25.79858038200613,436,-9.037619566982627
0,30.0,25.79858038200613,437,-9.042032824096893
0,30.0,25.79858038200613,438,-9.046438377017054
0,30.0,25.79858038200613,439,-9.05083626053856
0,30.0,25.79858038200613,440,-9.055226509219025
0,30.0,25.79858038200613,441,-9.059609157381985
0,30.0,25.79858038200613,442,-9.063984239123485
0,30.0,25.79858038200613,443,-9.06835178830731
0,30.0,25.79858038200613,444,-9.07271183857408
0,30.0,25.79858038200613,445,-9.077064423334761
0,30.0,25.79858038200613,446,-9.081409575782274
0,30.0,25.79858038200613,447,-9.085747328884892
0,30.0,25.79858038200613,448,-9.090077715397157
0,30.0,25.79858038200613,449,-9.094400767849876
0,30.0,25.79858038200613,450,-9.098716518563762
0,30.0,25.79858038200613,451,-9.10302499964466
0,30.0,25.79858038200613,452,-9.107326242987867
0,30.0,25.79858038200613,453,-9.111620280278359
0,30.0,25.79858038200613,454,-9.11590714299443
0,30.0,25.79858038200613,455,-9.12018686240883
0,30.0,25.79858038200613,456,-9.124459469587165
0,30.0,25.79858038200613,457,-9.128724995398827
0,30.0,25.79858038200613,458,-9.13298347050629
0,30.0,25.79858038200613,459,-9.137234925377399
0,30.0,25.79858038200613,460,-9.141479390282413
0,30.0,25.79858038200613,461,-9.145716895295593
0,30.0,25.79858038200613,462,-9.14994747029725
0,30.0,25.79858038200613,463,-9.154171144975791
0,30.0,25.79858038200613,464,-9.158387948830224
0,30.0,25.79858038200613,465,-9.162597911169698
0,30.0,25.79858038200613,466,-9.166801061117596
0,30.0,25.79858038200613,467,-9.17099742760972
0,30.0,25.79858038200613,468,-9.175187039400882
0,30.0,25.79858038200613,469,-9.179369925059675
0,30.0,25.79858038200613,470,-9.183546112977567
0,30.0,25.79858038200613,471,-9.187715631363446
0,30.0,25.79858038200613,472,-9.191878508251577
0,30.0,25.79858038200613,473,-9.196034771498418
0,30.0,25.79858038200613,474,-9.200184448783304
0,30.0,25.79858038200613,475,-9.204327567615948
0,30.0,25.79858038200613,476,-9.20846415533235
0,30.0,25.79858038200613,477,-9.212594239097072
0,30.0,25.79858038200613,478,-9.216717845907553
0,30.0,25.79858038200613,479,-9.220835002592523
0,30.0,25.79858038200613,480,-9.22494573581291
0,30.0,25.79858038200613,481,-9.229050072068205
0,30.0,25.79858038200613,482,-9.23314803769101
0,30.0,25.79858038200613,483,-9.237239658853625
0,30.0,25.79858038200613,484,-9.241324961564871
0,30.0,25.79858038200613,485,-9.245403971678499
0,30.0,25.79858038200613,486,-9.24947671488546
0,30.0,25.79858038200613,487,-9.253543216722093
0,30.0,25.79858038200613,488,-9.257603502568756
0,30.0,25.79858038200613,489,-9.261657597649148
0,30.0,25.79858038200613,490,-9.265705527037582
0,30.0,25.79858038200613,491,-9.269747315654442
0,30.0,25.79858038200613,492,-9.273782988267996
0,30.0,25.79858038200613,493,-9.277812569500313
0,30.0,25.79858038200613,494,-9.281836083819528
0,30.0,25.79858038200613,495,-9.28585355555326
0,30.0,25.79858038200613,496,-9.289865008878834
0,30.0,25.79858038200613,497,-9.293870467829876
0,30.0,25.79858038200613,498,-9.297869956296765
0,30.0,25.79858038200613,499,-9.301863498028453
0,30.0,25.79858038200613,500,-9.305851116628148
0,30.0,25.79858038200613,501,-9.309832835564222
0,30.0,25.79858038200613,502,-9.313808678162033
0,30.0,25.79858038200613,503,-9.317778667611194
0,30.0,25.79858038200613,504,-9.321742826963302
0,30.0,25.79858038200613,505,-9.325701179134214
0,30.0,25.79858038200613,506,-9.329653746904043
0,30.0,25.79858038200613,507,-9.333600552920345
0,30.0,25.79858038200613,508,-9.33754161969766
0,30.0,25.79858038200613,509,-9.341476969619109
0,30.0,25.79858038200613,510,-9.345406624937524
0,30.0,25.79858038200613,511,-9.349330607775002
0,30.0,25.79858038200613,512,-9.353248940123805
0,30.0,25.79858038200613,513,-9.357161643851825
0,30.0,25.79858038200613,514,-9.361068740699167
0,30.0,25.79858038200613,515,-9.364970252276564
0,30.0,25.79858038200613,516,-9.368866200076738
0,30.0,25.79858038200613,517,-9.372756605463039
0,30.0,25.79858038200613,518,-9.376641489678534
0,30.0,25.79858038200613,519,-9.380520873844418
0,30.0,25.79858038200613,520,-9.384394778957969
0,30.0,25.79858038200613,521,-9.388263225902094
0,30.0,25.79858038200613,522,-9.392126235435782
0,30.0,25.79858038200613,523,-9.395983828200926
0,30.0,25.79858038200613,524,-9.399836024723228
0,30.0,25.79858038200613,525,-9.40368284541357
0,30.0,25.79858038200613,526,-9.407524310560731
0,30.0,25.79858038200613,527,-9.411360440345035
0,30.0,25.79858038200613,528,-9.4151912548313
0,30.0,25.79858038200613,529,-9.419016773972018
0,30.0,25.79858038200613,530,-9.422837017605545
0,30.0,25.79858038200613,531,-9.426652005458365
0,30.0,25.79858038200613,532,-9.430461757152372
0,30.0,25.79858038200613,533,-9.434266292193499
0,30.0,25.79858038200613,534,-9.43806562998104
0,30.0,25.79858038200613,535,-9.441859789805378
0,30.0,25.79858038200613,536,-9.44564879085435
0,30.0,25.79858038200613,537,-9.449432652201423
0,30.0,25.79858038200613,538,-9.453211392820705
0,30.0,25.79858038200613,539,-9.456985031579663
0,30.0,25.79858038200613,540,-9.460753587240035
0,30.0,25.79858038200613,541,-9.464517078464198
0,30.0,25.79858038200613,542,-9.468275523808572
0,30.0,25.79858038200613,543,-9.472028941727942
0,30.0,25.79858038200613,544,-9.47577735057682
0,30.0,25.79858038200613,545,-9.479520768610357
0,30.0,25.79858038200613,546,-9.483259213982976
0,30.0,25.79858038200613,547,-9.486992704750875
0,30.0,25.79858038200613,548,-9.490721258869527
0,30.0,25.79858038200613,549,-9.494444894200953
0,30.0,25.79858038200613,550,-9.498163628508266
0,30.0,25.79858038200613,551,-9.501877479457491
0,30.0,25.79858038200613,552,-9.505586464623477
0,30.0,25.79858038200613,553,-9.50929060147989
0,30.0,25.79858038200613,554,-9.512989907413314
0,30.0,25.79858038200613,555,-9.516684399711878
0,30.0,25.79858038200613,556,-9.520374095575036
0,30.0,25.79858038200613,557,-9.52405901210561
0,30.0,25.79858038200613,558,-9.527739166318426
0,30.0,25.79858038200613,559,-9.531414575138498
0,30.0,25.79858038200613,560,-9.53508525539739
0,30.0,25.79858038200613,561,-9.538751223839583
0,30.0,25.79858038200613,562,-9.542412497120878
0,30.0,25.79858038200613,563,-9.546069091807041
0,30.0,25.79858038200613,564,-9.549721024378798
0,30.0,25.79858038200613,565,-9.55336831122797
0,30.0,25.79858038200613,566,-9.55701096866089
0,30.0,25.79858038200613,567,-9.560649012899987
0,30.0,25.79858038200613,568,-9.564282460078331
0,30.0,25.79858038200613,569,-9.567911326248279
0,30.0,25.79858038200613,570,-9.571535627375553
0,30.0,25.79858038200613,571,-9.575155379346526
0,30.0,25.79858038200613,572,-9.578770597960485
0,30.0,25.79858038200613,573,-9.582381298935545
0,30.0,25.79858038200613,574,-9.585987497910011
0,30.0,25.79858038200613,575,-9.589589210441247
0,30.0,25.79858038200613,576,-9.593186452002712
0,30.0,25.79858038200613,577,-9.596779237991697
0,30.0,25.79858038200613,578,-9.60036758372432
0,30.0,25.79858038200613,579,-9.603951504436438
0,30.0,25.79858038200613,580,-9.607531015291144
0,30.0,25.79858038200613,581,-9.61110613136809
0,30.0,25.79858038200613,582,-9.614676867669388
0,30.0,25.79858038200613,583,-9.618243239125988
0,30.0,25.79858038200613,584,-9.621805260586754
0,30.0,25.79858038200613,585,-9.625362946828929
0,30.0,25.79858038200613,586,-9.628916312554495
0,30.0,25.79858038200613,587,-9.632465372387443
0,30.0,25.79858038200613,588,-9.636010140879236
0,30.0,25.79858038200613,589,-9.639550632507664
0,30.0,25.79858038200613,590,-9.64308686168026
0,30.0,25.79858038200613,591,-9.646618842727932
0,30.0,25.79858038200613,592,-9.65014658991133
0,30.0,25.79858038200613,593,-9.653670117418343
0,30.0,25.79858038200613,594,-9.657189439367059
0,30.0,25.79858038200613,595,-9.660704569804167
0,30.0,25.79858038200613,596,-9.664215522705419
0,30.0,25.79858038200613,597,-9.66772231197858
0,30.0,25.79858038200613,598,-9.671224951459791
0,30.0,25.79858038200613,599,-9.674723454917668
0,30.0,25.79858038200613,600,-9.678217836052838
0,30.0,25.79858038200613,601,-9.681708108497034
0,30.0,25.79858038200613,602,-9.685194285814916
0,30.0,25.79858038200613,603,-9.688676381504294
0,30.0,25.79858038200613,604,-9.692154408996359
0,30.0,25.79858038200613,605,-9.695628381653862
0,30.0,25.79858038200613,606,-9.69909831277839
0,30.0,25.79858038200613,607,-9.702564215602635
0,30.0,25.79858038200613,608,-9.706026103294718
0,30.0,25.79858038200613,609,-9.70948398895932
0,30.0,25.79858038200613,610,-9.712937885637231
0,30.0,25.79858038200613,611,-9.716387806303985
0,30.0,25.79858038200613,612,-9.71983376387486
0,30.0,25.79858038200613,613,-9.72327577119897
0,30.0,25.79858038200613,614,-9.726713841065632
0,30.0,25.79858038200613,615,-9.730147986200265
0,30.0,25.79858038200613,616,-9.73357821926804
0,30.0,25.79858038200613,617,-9.737004552870914
0,30.0,25.79858038200613,618,-9.74042699955423
0,30.0,25.79858038200613,619,-9.743845571798076
0,30.0,25.79858038200613,620,-9.747260282025465
0,30.0,25.79858038200613,621,-9.750671142598705
0,30.0,25.79858038200613,622,-9.75407816582144
0,30.0,25.79858038200613,623,-9.757481363938425
0,30.0,25.79858038200613,624,-9.76088074913416
0,30.0,25.79858038200613,625,-9.764276333537666
0,30.0,25.79858038200613,626,-9.767668129219757
0,30.0,25.79858038200613,627,-9.771056148190993
0,30.0,25.79858038200613,628,-9.774440402409184
0,30.0,25.79858038200613,629,-9.777820903770973
0,30.0,25.79858038200613,630,-9.78119766411912
0,30.0,25.79858038200613,631,-9.784570695243403
0,30.0,25.79858038200613,632,-9.787940008870848
0,30.0,25.79858038200613,633,-9.791305616679367
0,30.0,25.79858038200613,634,-9.794667530289118
0,30.0,25.79858038200613,635,-9.79802576126842
0,30.0,25.79858038200613,636,-9.801380321126018
0,30.0,25.79858038200613,637,-9.804731221322456
0,30.0,25.79858038200613,638,-9.808078473260068
0,30.0,25.79858038200613,639,-9.811422088291621
0,30.0,25.79858038200613,640,-9.814762077717134
0,30.0,25.79858038200613,641,-9.818098452779779
0,30.0,25.79858038200613,642,-9.821431224674527
0,30.0,25.79858038200613,643,-9.824760404543142
0,30.0,25.79858038200613,644,-9.828086003476002
0,30.0,25.79858038200613,645,-9.831408032511192
0,30.0,25.79858038200613,646,-9.834726502638134
0,30.0,25.79858038200613,647,-9.838041424791228
0,30.0,25.79858038200613,648,-9.841352809860766
0,30.0,25.79858038200613,649,-9.844660668682465
0,30.0,25.79858038200613,650,-9.847965012041115
0,30.0,25.79858038200613,651,-9.851265850678757
0,30.0,25.79858038200613,652,-9.854563195279681
0,30.0,25.79858038200613,653,-9.857857056487703
0,30.0,25.79858038200613,654,-9.861147444892978
0,30.0,25.79858038200613,655,-9.864434371035642
0,30.0,25.79858038200613,656,-9.867717845413537
0,30.0,25.79858038200613,657,-9.870997878475166
0,30.0,25.79858038200613,658,-9.87427448061787
0,30.0,25.79858038200613,659,-9.877547662196477
0,30.0,25.79858038200613,660,-9.880817433516924
0,30.0,25.79858038200613,661,-9.884083804838312
0,30.0,25.79858038200613,662,-9.887346786375176
0,30.0,25.79858038200613,663,-9.890606388295211
0,30.0,25.79858038200613,664,-9.89386262071973
0,30.0,25.79858038200613,665,-9.897115493725934
0,30.0,25.79858038200613,666,-9.900365017342821
0,30.0,25.79858038200613,667,-9.903611201560281
0,30.0,25.79858038200613,668,-9.906854056318636
0,30.0,25.79858038200613,669,-9.910093591515007
0,30.0,25.79858038200613,670,-9.913329817004225
0,30.0,25.79858038200613,671,-9.916562742595644
0,30.0,25.79858038200613,672,-9.919792378054055
0,30.0,25.79858038200613,673,-9.923018733103774
0,30.0,25.79858038200613,674,-9.926241817425009
0,30.0,25.79858038200613,675,-9.9294616406534
0,30.0,25.79858038200613,676,-9.932678212383209
0,30.0,25.79858038200613,677,-9.935891542169585
0,30.0,25.79858038200613,678,-9.939101639519933
0,30.0,25.79858038200613,679,-9.942308513904365
0,30.0,25.79858038200613,680,-9.945512174749794
0,30.0,25.79858038200613,681,-9.948712631441296
0,30.0,25.79858038200613,682,-9.951909893323474
0,30.0,25.79858038200613,683,-9.95510396969864
0,30.0,25.79858038200613,684,-9.958294869832272
0,30.0,25.79858038200613,685,-9.961482602946646
0,30.0,25.79858038200613,686,-9.964667178224019
0,30.0,25.79858038200613,687,-9.967848604807998
0,30.0,25.79858038200613,688,-9.971026891800804
0,30.0,25.79858038200613,689,-9.97420204826578
0,30.0,25.79858038200613,690,-9.977374083230117
0,30.0,25.79858038200613,691,-9.98054300567621
0,30.0,25.79858038200613,692,-9.983708824553489
0,30.0,25.79858038200613,693,-9.986871548769088
0,30.0,25.79858038200613,694,-9.99003118719331
0,30.0,25.79858038200613,695,-9.993187748657803
0,30.0,25.79858038200613,696,-9.99634124195829
0,30.0,25.79858038200613,697,-9.999491675849114
0,30.0,25.79858038200613,698,-10.002639059050509
0,30.0,25.79858038200613,699,-10.005783400242692
0,30.0,25.79858038200613,700,-10.008924708074957
0,30.0,25.79858038200613,701,-10.012062991151126
0,30.0,25.79858038200613,702,-10.015198258042275
0,30.0,25.79858038200613,703,-10.018330517285378
0,30.0,25.79858038200613,704,-10.02145977738057
0,30.0,25.79858038200613,705,-10.024586046787974
0,30.0,25.79858038200613,706,-10.027709333936329
0,30.0,25.79858038200613,707,-10.030829647216635
0,30.0,25.79858038200613,708,-10.033946994986238
0,30.0,25.79858038200613,709,-10.037061385564286
0,30.0,25.79858038200613,710,-10.04017282723764
0,30.0,25.79858038200613,711,-10.043281328259056
0,30.0,25.79858038200613,712,-10.046386896844453
0,30.0,25.79858038200613,713,-10.049489541173827
0,30.0,25.79858038200613,714,-10.052589269398524
0,30.0,25.79858038200613,715,-10.055686089631692
0,30.0,25.79858038200613,716,-10.058780009951917
0,30.0,25.79858038200613,717,-10.061871038409137
0,30.0,25.79858038200613,718,-10.064959183015091
0,30.0,25.79858038200613,719,-10.068044451748321
0,30.0,25.79858038200613,720,-10.071126852557356
0,30.0,25.79858038200613,721,-10.074206393355027
0,30.0,25.79858038200613,722,-10.077283082024834
0,30.0,25.79858038200613,723,-10.080356926413216
0,30.0,25.79858038200613,724,-10.08342793433819
0,30.0,25.79858038200613,725,-10.086496113581845
0,30.0,25.79858038200613,726,-10.089561471899898
0,30.0,25.79858038200613,727,-10.092624017009868
0,30.0,25.79858038200613,728,-10.09568375660244
0,30.0,25.79858038200613,729,-10.098740698333287
0,30.0,25.79858038200613,730,-10.101794849829432
0,30.0,25.79858038200613,731,-10.104846218684699
0,30.0,25.79858038200613,732,-10.107894812464721
0,30.0,25.79858038200613,733,-10.110940638701024
0,30.0,25.79858038200613,734,-10.113983704897393
0,30.0,25.79858038200613,735,-10.117024018523509
0,30.0,25.79858038200613,736,-10.120061587023585
0,30.0,25.79858038200613,737,-10.12309641780773
0,30.0,25.79858038200613,738,-10.126128518260131
0,30.0,25.79858038200613,739,-10.129157895728596
0,30.0,25.79858038200613,740,-10.132184557537741
0,30.0,25.79858038200613,741,-10.135208510980348
0,30.0,25.79858038200613,742,-10.138229763318279
0,30.0,25.79858038200613,743,-10.141248321785199
0,30.0,25.79858038200613,744,-10.144264193588853
0,30.0,25.79858038200613,745,-10.147277385904246
0,30.0,25.79858038200613,746,-10.150287905880006
0,30.0,25.79858038200613,747,-10.153295760633384
0,30.0,25.79858038200613,748,-10.15630095725389
0,30.0,25.79858038200613,749,-10.159303502805571
0,30.0,25.79858038200613,750,-10.162303404323822
0,30.0,25.79858038200613,751,-10.165300668813117
0,30.0,25.79858038200613,752,-10.168295303252009
0,30.0,25.79858038200613,753,-10.171287314591083
0,30.0,25.79858038200613,754,-10.174276709753869
0,30.0,25.79858038200613,755,-10.177263495637746
0,30.0,25.79858038200613,756,-10.180247679108035
0,30.0,25.79858038200613,757,-10.183229267010503
0,30.0,25.79858038200613,758,-10.186208266157266
0,30.0,25.79858038200613,759,-10.189184683335881
0,30.0,25.79858038200613,760,-10.192158525308443
0,30.0,25.79858038200613,761,-10.19512979880794
0,30.0,25.79858038200613,762,-10.19809851054599
0,30.0,25.79858038200613,763,-10.20106466720101
0,30.0,25.79858038200613,764,-10.204028275431412
0,30.0,25.79858038200613,765,-10.206989341866503
0,30.0,25.79858038200613,766,-10.20994787310967
0,30.0,25.79858038200613,767,-10.21290387574065
0,30.0,25.79858038200613,768,-10.215857356310991
0,30.0,25.79858038200613,769,-10.21880832134677
0,30.0,25.79858038200613,770,-10.22175677735315
0,30.0,25.79858038200613,771,-10.224702730807095
0,30.0,25.79858038200613,772,-10.227646188156925
0,30.0,25.79858038200613,773,-10.230587155831401
0,30.0,25.79858038200613,774,-10.233525640233822
0,30.0,25.79858038200613,775,-10.236461647742473
0,30.0,25.79858038200613,776,-10.239395184706083
0,30.0,25.79858038200613,777,-10.242326257457464
0,30.0,25.79858038200613,778,-10.245254872298048
0,30.0,25.79858038200613,779,-10.248181035510626
0,30.0,25.79858038200613,780,-10.251104753348883
0,30.0,25.79858038200613,781,-10.254026032045587
0,30.0,25.79858038200613,782,-10.256944877808948
0,30.0,25.79858038200613,783,-10.259861296825804
0,30.0,25.79858038200613,784,-10.262775295254343
0,30.0,25.79858038200613,785,-10.265686879233428
0,30.0,25.79858038200613,786,-10.268596054877591
0,30.0,25.79858038200613,787,-10.271502828277946
0,30.0,25.79858038200613,788,-10.274407205503095
0,30.0,25.79858038200613,789,-10.277309192597997
0,30.0,25.79858038200613,790,-10.28020879558305
0,30.0,25.79858038200613,791,-10.28310602046092
0,30.0,25.79858038200613,792,-10.286000873205623
0,30.0,25.79858038200613,793,-10.288893359776168
0,30.0,25.79858038200613,794,-10.291783486098822
0,30.0,25.79858038200613,795,-10.294671258085756
0,30.0,25.79858038200613,796,-10.297556681627313
0,30.0,25.79858038200613,797,-10.30043976258473
0,30.0,25.79858038200613,798,-10.303320506803786
0,30.0,25.79858038200613,799,-10.306198920105246
0,30.0,25.79858038200613,800,-10.309075008291686
0,30.0,25.79858038200613,801,-10.311948777140216
0,30.0,25.79858038200613,802,-10.31482023240521
0,30.0,25.79858038200613,803,-10.31768937982649
0,30.0,25.79858038200613,804,-10.320556225114316
0,30.0,25.79858038200613,805,-10.323420773963491
0,30.0,25.79858038200613,806,-10.326283032047442
0,30.0,25.79858038200613,807,-10.329143005013677
0,30.0,25.79858038200613,808,-10.33200069849515
0,30.0,25.79858038200613,809,-10.334856118099808
0,30.0,25.79858038200613,810,-10.337709269417402
0,30.0,25.79858038200613,811,-10.340560158014952
0,30.0,25.79858038200613,812,-10.34340878943901
0,30.0,25.79858038200613,813,-10.34625516921794
0,30.0,25.79858038200613,814,-10.349099302861006
0,30.0,25.79858038200613,815,-10.351941195850188
0,30.0,25.79858038200613,816,-10.354780853655186
0,30.0,25.79858038200613,817,-10.357618281720917
0,30.0,25.79858038200613,818,-10.360453485477066
0,30.0,25.79858038200613,819,-10.363286470327623
0,30.0,25.79858038200613,820,-10.366117241660433
0,30.0,25.79858038200613,821,-10.3689458048447
0,30.0,25.79858038200613,822,-10.371772165226886
0,30.0,25.79858038200613,823,-10.374596328137542
0,30.0,25.79858038200613,824,-10.377418298884933
0,30.0,25.79858038200613,825,-10.380238082759135
0,30.0,25.79858038200613,826,-10.383055685032033
0,30.0,25.79858038200613,827,-10.385871110953232
0,30.0,25.79858038200613,828,-10.388684365761875
0,30.0,25.79858038200613,829,-10.391495454665275
0,30.0,25.79858038200613,830,-10.394304382864831
0,30.0,25.79858038200613,831,-10.397111155533295
0,30.0,25.79858038200613,832,-10.39991577783114
0,30.0,25.79858038200613,833,-10.402718254896556
0,30.0,25.79858038200613,834,-10.405518591851362
0,30.0,25.79858038200613,835,-10.408316793800552
0,30.0,25.79858038200613,836,-10.411112865826382
0,30.0,25.79858038200613,837,-10.413906812997013
0,30.0,25.79858038200613,838,-10.416698640361048
0,30.0,25.79858038200613,839,-10.41948835294663
0,30.0,25.79858038200613,840,-10.422275955770985
0,30.0,25.79858038200613,841,-10.42506145382724
0,30.0,25.79858038200613,842,-10.42784485209306
0,30.0,25.79858038200613,843,-10.430626155526554
0,30.0,25.79858038200613,844,-10.433405369068552
0,30.0,25.79858038200613,845,-10.436182497648062
0,30.0,25.79858038200613,846,-10.438957546170897
0,30.0,25.79858038200613,847,-10.441730519523773
0,30.0,25.79858038200613,848,-10.444501422582945
0,30.0,25.79858038200613,849,-10.447270260201933
0,30.0,25.79858038200613,850,-10.450037037221975
0,30.0,25.79858038200613,851,-10.452801758458847
0,30.0,25.79858038200613,852,-10.455564428725594
0,30.0,25.79858038200613,853,-10.458325052802977
0,30.0,25.79858038200613,854,-10.461083635464021
0,30.0,25.79858038200613,855,-10.463840181467205
0,30.0,25.79858038200613,856,-10.46659469554281
0,30.0,25.79858038200613,857,-10.46934718241748
0,30.0,25.79858038200613,858,-10.47209764679512
0,30.0,25.79858038200613,859,-10.474846093363269
0,30.0,25.79858038200613,860,-10.477592526794453
0,30.0,25.79858038200613,861,-10.480336951745286
0,30.0,25.79858038200613,862,-10.483079372854647
0,30.0,25.79858038200613,863,-10.485819794747314
0,30.0,25.79858038200613,864,-10.48855822203079
0,30.0,25.79858038200613,865,-10.49129465929802
0,30.0,25.79858038200613,866,-10.494029111121037
0,30.0,25.79858038200613,867,-10.496761582065503
0,30.0,25.79858038200613,868,-10.499492076672524
0,30.0,25.79858038200613,869,-10.50222059947366
0,30.0,25.79858038200613,870,-10.504947154979092
0,30.0,25.79858038200613,871,-10.507671747690367
0,30.0,25.79858038200613,872,-10.510394382085835
0,30.0,25.79858038200613,873,-10.513115062637482
0,30.0,25.79858038200613,874,-10.515833793794556
0,30.0,25.79858038200613,875,-10.518550579992663
0,30.0,25.79858038200613,876,-10.521265425655585
0,30.0,25.79858038200613,877,-10.523978335189824
0,30.0,25.79858038200613,878,-10.52668931298642
0,30.0,25.79858038200613,879,-10.529398363422317
0,30.0,25.79858038200613,880,-10.532105490857631
0,30.0,25.79858038200613,881,-10.534810699640659
0,30.0,25.79858038200613,882,-10.537513994103776
0,30.0,25.79858038200613,883,-10.540215378567083
0,30.0,25.79858038200613,884,-10.542914857328853
0,30.0,25.79858038200613,885,-10.545612434679171
0,30.0,25.79858038200613,886,-10.548308114894482
0,30.0,25.79858038200613,887,-10.55100190223304
0,30.0,25.79858038200613,888,-10.553693800939001
0,30.0,25.79858038200613,889,-10.556383815243336
0,30.0,25.79858038200613,890,-10.559071949364736
0,30.0,25.79858038200613,891,-10.561758207505974
0,30.0,25.79858038200613,892,-10.564442593851638
0,30.0,25.79858038200613,893,-10.567125112583582
0,30.0,25.79858038200613,894,-10.56980576785638
0,30.0,25.79858038200613,895,-10.572484563819145
0,30.0,25.79858038200613,896,-10.575161504604623
0,30.0,25.79858038200613,897,-10.577836594331458
0,30.0,25.79858038200613,898,-10.580509837104657
0,30.0,25.79858038200613,899,-10.583181237020128
0,30.0,25.79858038200613,900,-10.585850798151043
0,30.0,25.79858038200613,901,-10.588518524565572
0,30.0,25.79858038200613,902,-10.591184420313695
0,30.0,25.79858038200613,903,-10.59384848942993
0,30.0,25.79858038200613,904,-10.59651073594425
0,30.0,25.79858038200613,905,-10.599171163866615
0,30.0,25.79858038200613,906,-10.601829777195164
0,30.0,25.79858038200613,907,-10.60448657991212
0,30.0,25.79858038200613,908,-10.607141575991974
0,30.0,25.79858038200613,909,-10.609794769390575
0,30.0,25.79858038200613,910,-10.612446164056948
0,30.0,25.79858038200613,911,-10.615095763921929
0,30.0,25.79858038200613,912,-10.617743572906349
0,30.0,25.79858038200613,913,-10.620389594916489
0,30.0,25.79858038200613,914,-10.623033833846804
0,30.0,25.79858038200613,915,-10.62567629357902
0,30.0,25.79858038200613,916,-10.628316977983488
0,30.0,25.79858038200613,917,-10.63095589091283
0,30.0,25.79858038200613,918,-10.633593036213753
0,30.0,25.79858038200613,919,-10.636228417717959
0,30.0,25.79858038200613,920,-10.638862039240777
0,30.0,25.79858038200613,921,-10.641493904592082
0,30.0,25.79858038200613,922,-10.644124017564465
0,30.0,25.79858038200613,923,-10.646752381938697
0,30.0,25.79858038200613,924,-10.64937900148827
0,30.0,25.79858038200613,925,-10.65200387996758
0,30.0,25.79858038200613,926,-10.65462702112147
0,30.0,25.79858038200613,927,-10.657248428684326
0,30.0,25.79858038200613,928,-10.659868106375527
0,30.0,25.79858038200613,929,-10.662486057907628
0,30.0,25.79858038200613,930,-10.665102286975909
0,30.0,25.79858038200613,931,-10.66771679726655
0,30.0,25.79858038200613,932,-10.670329592451182
0,30.0,25.79858038200613,933,-10.67294067619143
0,30.0,25.79858038200613,934,-10.675550052142555
0,30.0,25.79858038200613,935,-10.678157723935712
0,30.0,25.79858038200613,936,-10.680763695207062
0,30.0,25.79858038200613,937,-10.683367969563207
0,30.0,25.79858038200613,938,-10.685970550610293
0,30.0,25.79858038200613,939,-10.688571441942642
0,30.0,25.79858038200613,940,-10.691170647139117
0,30.0,25.79858038200613,941,-10.693768169773122
0,30.0,25.79858038200613,942,-10.696364013397144
0,30.0,25.79858038200613,943,-10.69895818156003
0,30.0,25.79858038200613,944,-10.701550677801535
0,30.0,25.79858038200613,945,-10.704141505639129
0,30.0,25.79858038200613,946,-10.706730668592556
0,30.0,25.79858038200613,947,-10.709318170161097
0,30.0,25.79858038200613,948,-10.711904013837213
0,30.0,25.79858038200613,949,-10.71448820309881
0,30.0,25.79858038200613,950,-10.71707074141652
0,30.0,25.79858038200613,951,-10.719651632250063
0,30.0,25.79858038200613,952,-10.722230879045512
0,30.0,25.79858038200613,953,-10.724808485241667
0,30.0,25.79858038200613,954,-10.727384454262321
0,30.0,25.79858038200613,955,-10.729958789521717
0,30.0,25.79858038200613,956,-10.732531494427278
0,30.0,25.79858038200613,957,-10.735102572371417
0,30.0,25.79858038200613,958,-10.737672026739276
0,30.0,25.79858038200613,959,-10.74023986090053
0,30.0,25.79858038200613,960,-10.742806078219402
0,30.0,25.79858038200613,961,-10.745370682047835
0,30.0,25.79858038200613,962,-10.74793367572822
0,30.0,25.79858038200613,963,-10.750495062590218
0,30.0,25.79858038200613,964,-10.753054845955305
0,30.0,25.79858038200613,965,-10.755613029131766
0,30.0,25.79858038200613,966,-10.758169615422887
0,30.0,25.79858038200613,967,-10.76072460811831
0,30.0,25.79858038200613,968,-10.763278010495853
0,30.0,25.79858038200613,969,-10.76582982582697
0,30.0,25.79858038200613,970,-10.768380057372198
0,30.0,25.79858038200613,971,-10.770928708378435
0,30.0,25.79858038200613,972,-10.773475782088028
0,30.0,25.79858038200613,973,-10.7760212817265
0,30.0,25.79858038200613,974,-10.778565210521649
0,30.0,25.79858038200613,975,-10.78110757167535
0,30.0,25.79858038200613,976,-10.783648368391752
0,30.0,25.79858038200613,977,-10.786187603861364
0,30.0,25.79858038200613,978,-10.78872528126196
0,30.0,25.79858038200613,979,-10.791261403764949
0,30.0,25.79858038200613,980,-10.79379597453719
0,30.0,25.79858038200613,981,-10.796328996720987
0,30.0,25.79858038200613,982,-10.798860473467286
0,30.0,25.79858038200613,983,-10.801390407902929
0,30.0,25.79858038200613,984,-10.803918803151575
0,30.0,25.79858038200613,985,-10.806445662327334
0,30.0,25.79858038200613,986,-10.808970988536132
0,30.0,25.79858038200613,987,-10.811494784870249
0,30.0,25.79858038200613,988,-10.8140170544156
0,30.0,25.79858038200613,989,-10.81653780024537
0,30.0,25.79858038200613,990,-10.819057025432741
0,30.0,25.79858038200613,991,-10.821574733028157
0,30.0,25.79858038200613,992,-10.824090926084338
0,30.0,25.79858038200613,993,-10.826605607637177
0,30.0,25.79858038200613,994,-10.829118780719384
0,30.0,25.79858038200613,995,-10.831630448349571
0,30.0,25.79858038200613,996,-10.834140613540896
0,30.0,25.79858038200613,997,-10.83664927929469
0,30.0,25.79858038200613,998,-10.839156448606829
0,30.0,25.79858038200613,999,-10.841662124461365
0,30.0,25.79858038200613,1000,-10.844166309831436
0,30.0,25.79858038200613,1001,-10.846669007686089
0,30.0,25.79858038200613,1002,-10.849170220983908
0,30.0,25.79858038200613,1003,-10.85166995267302
0,30.0,25.79858038200613,1004,-10.854168205692005
0,30.0,25.79858038200613,1005,-10.856664982978529
0,30.0,25.79858038200613,1006,-10.85916028745207
0,30.0,25.79858038200613,1007,-10.86165412202483
0,30.0,25.79858038200613,1008,-10.864146489604465
0,30.0,25.79858038200613,1009,-10.866637393088624
0,30.0,25.79858038200613,1010,-10.869126835366316
0,30.0,25.79858038200613,1011,-10.871614819316093
0,30.0,25.79858038200613,1012,-10.874101347809685
0,30.0,25.79858038200613,1013,-10.87658642370927
0,30.0,25.79858038200613,1014,-10.879070049873391
0,30.0,25.79858038200613,1015,-10.8815522291424
0,30.0,25.79858038200613,1016,-10.884032964357559
0,30.0,25.79858038200613,1017,-10.886512258349214
0,30.0,25.79858038200613,1018,-10.88899011393589
0,30.0,25.79858038200613,1019,-10.891466533930654
0,30.0,25.79858038200613,1020,-10.89394152114248
0,30.0,25.79858038200613,1021,-10.89641507835988
0,30.0,25.79858038200613,1022,-10.898887208378184
0,30.0,25.79858038200613,1023,-10.90135791397499
0,30.0,25.79858038200613,1024,-10.90382719792153
0,30.0,25.79858038200613,1025,-10.90629506298221
0,30.0,25.79858038200613,1026,-10.9087615119128
0,30.0,25.79858038200613,1027,-10.91122654746134
0,30.0,25.79858038200613,1028,-10.913690172368135
0,30.0,25.79858038200613,1029,-10.916152389365763
0,30.0,25.79858038200613,1030,-10.918613201174523
0,30.0,25.79858038200613,1031,-10.921072610513349
0,30.0,25.79858038200613,1032,-10.923530620090716
0,30.0,25.79858038200613,1033,-10.925987232606005
0,30.0,25.79858038200613,1034,-10.92844245075132
0,30.0,25.79858038200613,1035,-10.930896277213307
0,30.0,25.79858038200613,1036,-10.933348714666792
0,30.0,25.79858038200613,1037,-10.935799765781141
0,30.0,25.79858038200613,1038,-10.938249433218445
0,30.0,25.79858038200613,1039,-10.940697719635793
0,30.0,25.79858038200613,1040,-10.943144627674357
0,30.0,25.79858038200613,1041,-10.945590159975765
0,30.0,25.79858038200613,1042,-10.948034319170276
0,30.0,25.79858038200613,1043,-10.950477107880872
0,30.0,25.79858038200613,1044,-10.952918528726897
0,30.0,25.79858038200613,1045,-10.955358584314055
0,30.0,25.79858038200613,1046,-10.9577972772435
0,30.0,25.79858038200613,1047,-10.960234610110021
0,30.0,25.79858038200613,1048,-10.962670585499765
0,30.0,25.79858038200613,1049,-10.965105205990241
0,30.0,25.79858038200613,1050,-10.967538474155774
0,30.0,25.79858038200613,1051,-10.9699703925575
0,30.0,25.79858038200613,1052,-10.972400963754737
0,30.0,25.79858038200613,1053,-10.974830190297709
0,30.0,25.79858038200613,1054,-10.977258074726635
0,30.0,25.79858038200613,1055,-10.979684619579004
0,30.0,25.79858038200613,1056,-10.982109827380484
0,30.0,25.79858038200613,1057,-10.984533700655376
0,30.0,25.79858038200613,1058,-10.986956241916616
0,30.0,25.79858038200613,1059,-10.989377453666677
0,30.0,25.79858038200613,1060,-10.991797338412127
0,30.0,25.79858038200613,1061,-10.994215898640434
0,30.0,25.79858038200613,1062,-10.996633136839975
0,30.0,25.79858038200613,1063,-10.999049055487305
0,30.0,25.79858038200613,1064,-11.00146365705534
0,30.0,25.79858038200613,1065,-11.003876944011537
0,30.0,25.79858038200613,1066,-11.006288918809716
0,30.0,25.79858038200613,1067,-11.008699583902327
0,30.0,25.79858038200613,1068,-11.011108941733184
0,30.0,25.79858038200613,1069,-11.013516994739277
0,30.0,25.79858038200613,1070,-11.015923745349866
0,30.0,25.79858038200613,1071,-11.018329195994212
0,30.0,25.79858038200613,1072,-11.020733349082477
0,30.0,25.79858038200613,1073,-11.023136207029367
0,30.0,25.79858038200613,1074,-11.025537772233221
0,30.0,25.79858038200613,1075,-11.027938047097834
0,30.0,25.79858038200613,1076,-11.030337034007445
0,30.0,25.79858038200613,1077,-11.032734735349479
0,30.0,25.79858038200613,1078,-11.03513115349817
0,30.0,25.79858038200613,1079,-11.037526290826392
0,30.0,25.79858038200613,1080,-11.039920149693373
0,30.0,25.79858038200613,1081,-11.04231273246107
0,30.0,25.79858038200613,1082,-11.04470404147689
0,30.0,25.79858038200613,1083,-11.04709407908824
0,30.0,25.79858038200613,1084,-11.0494828476307
0,30.0,25.79858038200613,1085,-11.051870349435305
0,30.0,25.79858038200613,1086,-11.054256586828089
0,30.0,25.79858038200613,1087,-11.056641562128263
0,30.0,25.79858038200613,1088,-11.05902527764367
0,30.0,25.79858038200613,1089,-11.061407735684881
0,30.0,25.79858038200613,1090,-11.06378893854837
0,30.0,25.79858038200613,1091,-11.066168888530157
0,30.0,25.79858038200613,1092,-11.068547587914892
0,30.0,25.79858038200613,1093,-11.07092503898268
0,30.0,25.79858038200613,1094,-11.073301244010892
0,30.0,25.79858038200613,1095,-11.0756762052619
0,30.0,25.79858038200613,1096,-11.078049925003981
0,30.0,25.79858038200613,1097,-11.08042240549041
0,30.0,25.79858038200613,1098,-11.082793648969457
0,30.0,25.79858038200613,1099,-11.085163657687573
0,30.0,25.79858038200613,1100,-11.087532433879389
0,30.0,25.79858038200613,1101,-11.089899979778622
0,30.0,25.79858038200613,1102,-11.092266297609896
0,30.0,25.79858038200613,1103,-11.09463138959147
0,30.0,25.79858038200613,1104,-11.096995257937508
0,30.0,25.79858038200613,1105,-11.099357904854443
0,30.0,25.79858038200613,1106,-11.101719332544619
0,30.0,25.79858038200613,1107,-11.104079543202644
0,30.0,25.79858038200613,1108,-11.106438539020402
0,30.0,25.79858038200613,1109,-11.108796322176133
0,30.0,25.79858038200613,1110,-11.111152894850804
0,30.0,25.79858038200613,1111,-11.113508259217198
0,30.0,25.79858038200613,1112,-11.115862417440823
0,30.0,25.79858038200613,1113,-11.11821537167991
0,30.0,25.79858038200613,1114,-11.120567124092233
0,30.0,25.79858038200613,1115,-11.122917676822382
0,30.0,25.79858038200613,1116,-11.125267032015401
0,30.0,25.79858038200613,1117,-11.127615191805873
0,30.0,25.79858038200613,1118,-11.12996215833202
0,30.0,25.79858038200613,1119,-11.132307933710237
0,30.0,25.79858038200613,1120,-11.134652520067831
0,30.0,25.79858038200613,1121,-11.13699591951574
0,30.0,25.79858038200613,1122,-11.139338134161264
0,30.0,25.79858038200613,1123,-11.141679166112155
0,30.0,25.79858038200613,1124,-11.14401901746298
0,30.0,25.79858038200613,1125,-11.146357690305123
0,30.0,25.79858038200613,1126,-11.148695186724964
0,30.0,25.79858038200613,1127,-11.151031508805247
0,30.0,25.79858038200613,1128,-11.153366658618708
0,30.0,25.79858038200613,1129,-11.155700638238088
0,30.0,25.79858038200613,1130,-11.158033449726119
0,30.0,25.79858038200613,1131,-11.160365095140989
0,30.0,25.79858038200613,1132,-11.162695576537246
0,30.0,25.79858038200613,1133,-11.165024895964436
0,30.0,25.79858038200613,1134,-11.167353055461646
0,30.0,25.79858038200613,1135,-11.169680057070238
0,30.0,25.79858038200613,1136,-11.172005902816565
0,30.0,25.79858038200613,1137,-11.17433059473062
0,30.0,25.79858038200613,1138,-11.1766541348333
0,30.0,25.79858038200613,1139,-11.178976525141863
0,30.0,25.79858038200613,1140,-11.181297767664475
0,30.0,25.79858038200613,1141,-11.18361786440748
0,30.0,25.79858038200613,1142,-11.185936817373133
0,30.0,25.79858038200613,1143,-11.188254628555043
0,30.0,25.79858038200613,1144,-11.190571299939094
0,30.0,25.79858038200613,1145,-11.192886833511622
0,30.0,25.79858038200613,1146,-11.195201231255325
0,30.0,25.79858038200613,1147,-11.197514495141988
0,30.0,25.79858038200613,1148,-11.199826627141576
0,30.0,25.79858038200613,1149,-11.20213762921587
0,30.0,25.79858038200613,1150,-11.20444750332301
0,30.0,25.79858038200613,1151,-11.206756251420686
0,30.0,25.79858038200613,1152,-11.209063875455215
0,30.0,25.79858038200613,1153,-11.211370377370187
0,30.0,25.79858038200613,1154,-11.213675759101008
0,30.0,25.79858038200613,1155,-11.215980022588084
0,30.0,25.79858038200613,1156,-11.218283169754088
0,30.0,25.79858038200613,1157,-11.220585202523509
0,30.0,25.79858038200613,1158,-11.2228861228172
0,30.0,25.79858038200613,1159,-11.22518593254783
0,30.0,25.79858038200613,1160,-11.22748463362079
0,30.0,25.79858038200613,1161,-11.229782227945563
0,30.0,25.79858038200613,1162,-11.232078717415718
0,30.0,25.79858038200613,1163,-11.234374103928914
0,30.0,25.79858038200613,1164,-11.236668389372355
0,30.0,25.79858038200613,1165,-11.238961575631421
0,30.0,25.79858038200613,1166,-11.241253664579673
0,30.0,25.79858038200613,1167,-11.243544658103403
0,30.0,25.79858038200613,1168,-11.245834558062526
0,30.0,25.79858038200613,1169,-11.248123366326055
0,30.0,25.79858038200613,1170,-11.250411084753452
0,30.0,25.79858038200613,1171,-11.252697715200085
0,30.0,25.79858038200613,1172,-11.254983259517232
0,30.0,25.79858038200613,1173,-11.257267719548437
0,30.0,25.79858038200613,1174,-11.259551097140886
0,30.0,25.79858038200613,1175,-11.261833394122661
0,30.0,25.79858038200613,1176,-11.264114612333671
0,30.0,25.79858038200613,1177,-11.266394753597453
0,30.0,25.79858038200613,1178,-11.268673819735724
0,30.0,25.79858038200613,1179,-11.270951812570203
0,30.0,25.79858038200613,1180,-11.273228733912148
0,30.0,25.79858038200613,1181,-11.275504585569635
0,30.0,25.79858038200613,1182,-11.277779369347556
0,30.0,25.79858038200613,1183,-11.2800530870458
0,30.0,25.79858038200613,1184,-11.282325740459711
0,30.0,25.79858038200613,1185,-11.284597331380994
0,30.0,25.79858038200613,1186,-11.286867861592256
0,30.0,25.79858038200613,1187,-11.289137332880657
0,30.0,25.79858038200613,1188,-11.291405747015162
0,30.0,25.79858038200613,1189,-11.293673105777927
0,30.0,25.79858038200613,1190,-11.295939410930643
0,30.0,25.79858038200613,1191,-11.298204664241823
0,30.0,25.79858038200613,1192,-11.300468867463152
0,30.0,25.79858038200613,1193,-11.302732022359052
0,30.0,25.79858038200613,1194,-11.304994130671204
0,30.0,25.79858038200613,1195,-11.307255194153115
0,30.0,25.79858038200613,1196,-11.309515214542827
0,30.0,25.79858038200613,1197,-11.311774193578387
0,30.0,25.79858038200613,1198,-11.314032132994654
0,30.0,25.79858038200613,1199,-11.316289034516032
0,30.0,25.79858038200613,1200,-11.318544899872833
0,30.0,25.79858038200613,1201,-11.320799730779456
0,30.0,25.79858038200613,1202,-11.323053528955754
0,30.0,25.79858038200613,1203,-11.325306296111577
0,30.0,25.79858038200613,1204,-11.327558033955867
0,30.0,25.79858038200613,1205,-11.329808744189378
0,30.0,25.79858038200613,1206,-11.332058428514685
0,30.0,25.79858038200613,1207,-11.33430708861981
0,30.0,25.79858038200613,1208,-11.336554726203232
0,30.0,25.79858038200613,1209,-11.33880134294752
0,30.0,25.79858038200613,1210,-11.341046940532962
0,30.0,25.79858038200613,1211,-11.343291520644854
0,30.0,25.79858038200613,1212,-11.345535084946661
0,30.0,25.79858038200613,1213,-11.347777635111854
0,30.0,25.79858038200613,1214,-11.350019172812083
0,30.0,25.79858038200613,1215,-11.352259699704447
0,30.0,25.79858038200613,1216,-11.354499217443319
0,30.0,25.79858038200613,1217,-11.356737727687616
0,30.0,25.79858038200613,1218,-11.358975232081704
0,30.0,25.79858038200613,1219,-11.361211732276317
0,30.0,25.79858038200613,1220,-11.363447229906726
0,30.0,25.79858038200613,1221,-11.365681726613658
0,30.0,25.79858038200613,1222,-11.367915224030568
0,30.0,25.79858038200613,1223,-11.370147723783631
0,30.0,25.79858038200613,1224,-11.372379227503572
0,30.0,25.79858038200613,1225,-11.374609736807471
0,30.0,25.79858038200613,1226,-11.376839253311047
0,30.0,25.79858038200613,1227,-11.37906777863229
0,30.0,25.79858038200613,1228,-11.381295314378733
0,30.0,25.79858038200613,1229,-11.383521862154723
0,30.0,25.79858038200613,1230,-11.3857474235637
0,30.0,25.79858038200613,1231,-11.387972000200918
0,30.0,25.79858038200613,1232,-11.390195593664359
0,30.0,25.79858038200613,1233,-11.392418205539272
0,30.0,25.79858038200613,1234,-11.394639837412726
0,30.0,25.79858038200613,1235,-11.396860490869969
0,30.0,25.79858038200613,1236,-11.399080167485792
0,30.0,25.79858038200613,1237,-11.401298868841806
0,30.0,25.79858038200613,1238,-11.40351659649825
0,30.0,25.79858038200613,1239,-11.405733352030367
0,30.0,25.79858038200613,1240,-11.407949136998852
0,30.0,25.79858038200613,1241,-11.410163952960758
0,30.0,25.79858038200613,1242,-11.41237780147678
0,30.0,25.79858038200613,1243,-11.414590684092147
0,30.0,25.79858038200613,1244,-11.416802602364825
0,30.0,25.79858038200613,1245,-11.419013557829587
0,30.0,25.79858038200613,1246,-11.421223552034391
0,30.0,25.79858038200613,1247,-11.423432586512192
0,30.0,25.79858038200613,1248,-11.425640662796397
0,30.0,25.79858038200613,1249,-11.427847782421324
0,30.0,25.79858038200613,1250,-11.430053946909467
0,30.0,25.79858038200613,1251,-11.432259157779683
0,30.0,25.79858038200613,1252,-11.434463416555374
0,30.0,25.79858038200613,1253,-11.43666672475267
0,30.0,25.79858038200613,1254,-11.438869083883148
0,30.0,25.79858038200613,1255,-11.441070495455207
0,30.0,25.79858038200613,1256,-11.443270960966785
0,30.0,25.79858038200613,1257,-11.44547048192446
0,30.0,25.79858038200613,1258,-11.44766905982435
0,30.0,25.79858038200613,1259,-11.449866696159845
0,30.0,25.79858038200613,1260,-11.452063392424336
0,30.0,25.79858038200613,1261,-11.45425915009757
0,30.0,25.79858038200613,1262,-11.45645397067021
0,30.0,25.79858038200613,1263,-11.458647855616547
0,30.0,25.79858038200613,1264,-11.46084080641451
0,30.0,25.79858038200613,1265,-11.463032824536569
0,30.0,25.79858038200613,1266,-11.46522391144974
0,30.0,25.79858038200613,1267,-11.467414068622858
0,30.0,25.79858038200613,1268,-11.469603297520209
0,30.0,25.79858038200613,1269,-11.471791599596074
0,30.0,25.79858038200613,1270,-11.473978976302007
0,30.0,25.79858038200613,1271,-11.476165429100476
0,30.0,25.79858038200613,1272,-11.47835095943121
0,30.0,25.79858038200613,1273,-11.480535568743946
0,30.0,25.79858038200613,1274,-11.482719258477502
0,30.0,25.79858038200613,1275,-11.48490203007161
0,30.0,25.79858038200613,1276,-11.48708388496145
0,30.0,25.79858038200613,1277,-11.489264824579479
0,30.0,25.79858038200613,1278,-11.491444850352693
0,30.0,25.79858038200613,1279,-11.49362396370445
0,30.0,25.79858038200613,1280,-11.495802166053565
0,30.0,25.79858038200613,1281,-11.497979458827487
0,30.0,25.79858038200613,1282,-11.500155843434115
0,30.0,25.79858038200613,1283,-11.502331321288167
0,30.0,25.79858038200613,1284,-11.504505893796633
0,30.0,25.79858038200613,1285,-11.506679562362862
0,30.0,25.79858038200613,1286,-11.508852328392933
0,30.0,25.79858038200613,1287,-11.511024193280193
0,30.0,25.79858038200613,1288,-11.513195158424352
0,30.0,25.79858038200613,1289,-11.51536522521603
0,30.0,25.79858038200613,1290,-11.517534395041295
0,30.0,25.79858038200613,1291,-11.519702669290766
0,30.0,25.79858038200613,1292,-11.521870049341416
0,30.0,25.79858038200613,1293,-11.524036536577498
0,30.0,25.79858038200613,1294,-11.526202132370528
0,30.0,25.79858038200613,1295,-11.528366838096574
0,30.0,25.79858038200613,1296,-11.530530655122604
0,30.0,25.79858038200613,1297,-11.532693584818318
0,30.0,25.79858038200613,1298,-11.53485562854523
0,30.0,25.79858038200613,1299,-11.537016787661216
0,30.0,25.79858038200613,1300,-11.539177063529607
0,30.0,25.79858038200613,1301,-11.541336457495547
0,30.0,25.79858038200613,1302,-11.54349497091782
0,30.0,25.79858038200613,1303,-11.54565260514157
0,30.0,25.79858038200613,1304,-11.547809361510119
0,30.0,25.79858038200613,1305,-11.549965241364973
0,30.0,25.79858038200613,1306,-11.552120246049455
0,30.0,25.79858038200613,1307,-11.554274376893247
0,30.0,25.79858038200613,1308,-11.556427635228758
0,30.0,25.79858038200613,1309,-11.55858002238476
0,30.0,25.79858038200613,1310,-11.560731539693663
0,30.0,25.79858038200613,1311,-11.562882188472415
0,30.0,25.79858038200613,1312,-11.56503197004615
0,30.0,25.79858038200613,1313,-11.567180885729087
0,30.0,25.79858038200613,1314,-11.569328936835447
0,30.0,25.79858038200613,1315,-11.571476124676721
0,30.0,25.79858038200613,1316,-11.573622450559853
0,30.0,25.79858038200613,1317,-11.575767915797243
0,30.0,25.79858038200613,1318,-11.577912521682194
0,30.0,25.79858038200613,1319,-11.580056269517101
0,30.0,25.79858038200613,1320,-11.582199160598904
0,30.0,25.79858038200613,1321,-11.584341196222724
0,30.0,25.79858038200613,1322,-11.586482377677314
0,30.0,25.79858038200613,1323,-11.588622706250518
0,30.0,25.79858038200613,1324,-11.590762183225635
0,30.0,25.79858038200613,1325,-11.59290080988778
0,30.0,25.79858038200613,1326,-11.595038587511155
0,30.0,25.79858038200613,1327,-11.597175517379057
0,30.0,25.79858038200613,1328,-11.599311600760231
0,30.0,25.79858038200613,1329,-11.601446838920694
0,30.0,25.79858038200613,1330,-11.603581233137376
0,30.0,25.79858038200613,1331,-11.60571478466629
0,30.0,25.79858038200613,1332,-11.607847494775271
0,30.0,25.79858038200613,1333,-11.609979364715784
0,30.0,25.79858038200613,1334,-11.612110395755664
0,30.0,25.79858038200613,1335,-11.614240589137282
0,30.0,25.79858038200613,1336,-11.616369946117558
0,30.0,25.79858038200613,1337,-11.618498467940682
0,30.0,25.79858038200613,1338,-11.620626155851753
0,30.0,25.79858038200613,1339,-11.622753011097686
0,30.0,25.79858038200613,1340,-11.624879034909938
0,30.0,25.79858038200613,1341,-11.627004228531788
0,30.0,25.79858038200613,1342,-11.629128593196512
0,30.0,25.79858038200613,1343,-11.631252130130108
0,30.0,25.79858038200613,1344,-11.633374840567669
0,30.0,25.79858038200613,1345,-11.635496725725645
0,30.0,25.79858038200613,1346,-11.637617786836401
0,30.0,25.79858038200613,1347,-11.639738025117296
0,30.0,25.79858038200613,1348,-11.641857441784325
0,30.0,25.79858038200613,1349,-11.643976038049843
0,30.0,25.79858038200613,1350,-11.646093815133483
0,30.0,25.79858038200613,1351,-11.64821077423396
0,30.0,25.79858038200613,1352,-11.650326916566357
0,30.0,25.79858038200613,1353,-11.652442243335756
0,30.0,25.79858038200613,1354,-11.654556755737232
0,30.0,25.79858038200613,1355,-11.65667045497132
0,30.0,25.79858038200613,1356,-11.65878334223946
0,30.0,25.79858038200613,1357,-11.660895418724905
0,30.0,25.79858038200613,1358,-11.66300668562728
0,30.0,25.79858038200613,1359,-11.665117144129837
0,30.0,25.79858038200613,1360,-11.667226795424014
0,30.0,25.79858038200613,1361,-11.669335640687606
0,30.0,25.79858038200613,1362,-11.671443681103867
0,30.0,25.79858038200613,1363,-11.673550917846953
0,30.0,25.79858038200613,1364,-11.67565735209557
0,30.0,25.79858038200613,1365,-11.677762985019328
0,30.0,25.79858038200613,1366,-11.679867817790566
0,30.0,25.79858038200613,1367,-11.681971851577075
0,30.0,25.79858038200613,1368,-11.684075087544826
0,30.0,25.79858038200613,1369,-11.686177526851608
0,30.0,25.79858038200613,1370,-11.688279170659754
0,30.0,25.79858038200613,1371,-11.69038002012978
0,30.0,25.79858038200613,1372,-11.692480076410376
0,30.0,25.79858038200613,1373,-11.694579340658422
0,30.0,25.79858038200613,1374,-11.696677814020788
0,30.0,25.79858038200613,1375,-11.698775497648896
0,30.0,25.79858038200613,1376,-11.700872392682342
0,30.0,25.79858038200613,1377,-11.702968500268
0,30.0,25.79858038200613,1378,-11.705063821541827
0,30.0,25.79858038200613,1379,-11.707158357640239
0,30.0,25.79858038200613,1380,-11.709252109707833
0,30.0,25.79858038200613,1381,-11.711345078868746
0,30.0,25.79858038200613,1382,-11.713437266253479
0,30.0,25.79858038200613,1383,-11.715528672987986
0,30.0,25.79858038200613,1384,-11.71761930020368
0,30.0,25.79858038200613,1385,-11.7197091490156
0,30.0,25.79858038200613,1386,-11.721798220547882
0,30.0,25.79858038200613,1387,-11.723886515917386
0,30.0,25.79858038200613,1388,-11.725974036245518
0,30.0,25.79858038200613,1389,-11.728060782635495
0,30.0,25.79858038200613,1390,-11.730146756205087
0,30.0,25.79858038200613,1391,-11.732231958057511
0,30.0,25.79858038200613,1392,-11.73431638930235
0,30.0,25.79858038200613,1393,-11.73640005104373
0,30.0,25.79858038200613,1394,-11.738482944377594
0,30.0,25.79858038200613,1395,-11.740565070407158
0,30.0,25.79858038200613,1396,-11.742646430224724
0,30.0,25.79858038200613,1397,-11.744727024931692
0,30.0,25.79858038200613,1398,-11.746806855610359
0,30.0,25.79858038200613,1399,-11.748885923359396
0,30.0,25.79858038200613,1400,-11.7509642292611
0,30.0,25.79858038200613,1401,-11.753041774396863
0,30.0,25.79858038200613,1402,-11.755118559854438
0,30.0,25.79858038200613,1403,-11.757194586711577
0,30.0,25.79858038200613,1404,-11.75926985604876
0,30.0,25.79858038200613,1405,-11.761344368937372
0,30.0,25.79858038200613,1406,-11.763418126451526
0,30.0,25.79858038200613,1407,-11.765491129661697
0,30.0,25.79858038200613,1408,-11.76756337964018
0,30.0,25.79858038200613,1409,-11.76963487745472
0,30.0,25.79858038200613,1410,-11.771705624163971
0,30.0,25.79858038200613,1411,-11.773775620824765
0,30.0,25.79858038200613,1412,-11.775844868511214
0,30.0,25.79858038200613,1413,-11.77791336826833
0,30.0,25.79858038200613,1414,-11.779981121161128
0,30.0,25.79858038200613,1415,-11.782048128230983
0,30.0,25.79858038200613,1416,-11.784114390539273
0,30.0,25.79858038200613,1417,-11.786179909129189
0,30.0,25.79858038200613,1418,-11.788244685049378
0,30.0,25.79858038200613,1419,-11.790308719342121
0,30.0,25.79858038200613,1420,-11.792372013045153
0,30.0,25.79858038200613,1421,-11.794434567202572
0,30.0,25.79858038200613,1422,-11.79649638285575
0,30.0,25.79858038200613,1423,-11.798557461034235
0,30.0,25.79858038200613,1424,-11.800617802773033
0,30.0,25.79858038200613,1425,-11.80267740910169
0,30.0,25.79858038200613,1426,-11.804736281049756
0,30.0,25.79858038200613,1427,-11.806794419644959
0,30.0,25.79858038200613,1428,-11.80885182591139
0,30.0,25.79858038200613,1429,-11.810908500869502
0,30.0,25.79858038200613,1430,-11.812964445543386
0,30.0,25.79858038200613,1431,-11.81501966094531
0,30.0,25.79858038200613,1432,-11.817074148094818
0,30.0,25.79858038200613,1433,-11.819127908005086
0,30.0,25.79858038200613,1434,-11.821180941687473
0,30.0,25.79858038200613,1435,-11.823233250154246
0,30.0,25.79858038200613,1436,-11.825284834408578
0,30.0,25.79858038200613,1437,-11.827335695458189
0,30.0,25.79858038200613,1438,-11.82938583430807
0,30.0,25.79858038200613,1439,-11.831435251956847
0,30.0,25.79858038200613,1440,-11.833483949400417
0,30.0,25.79858038200613,1441,-11.835531927641952
0,30.0,25.79858038200613,1442,-11.837579187673711
0,30.0,25.79858038200613,1443,-11.839625730489772
0,30.0,25.79858038200613,1444,-11.841671557078755
0,30.0,25.79858038200613,1445,-11.84371666843019
0,30.0,25.79858038200613,1446,-11.84576106553179
0,30.0,25.79858038200613,1447,-11.847804749369445
0,30.0,25.79858038200613,1448,-11.849847720921773
0,30.0,25.79858038200613,1449,-11.851889981173755
0,30.0,25.79858038200613,1450,-11.853931531099462
0,30.0,25.79858038200613,1451,-11.855972371681148
0,30.0,25.79858038200613,1452,-11.858012503888332
0,30.0,25.79858038200613,1453,-11.860051928695086
0,30.0,25.79858038200613,1454,-11.862090647073657
0,30.0,25.79858038200613,1455,-11.864128659988111
0,30.0,25.79858038200613,1456,-11.866165968413426
0,30.0,25.79858038200613,1457,-11.868202573306391
0,30.0,25.79858038200613,1458,-11.87023847562834
0,30.0,25.79858038200613,1459,-11.872273676350616
0,30.0,25.79858038200613,1460,-11.87430817642182
0,30.0,25.79858038200613,1461,-11.87634197680238
0,30.0,25.79858038200613,1462,-11.878375078447263
0,30.0,25.79858038200613,1463,-11.880407482308712
0,30.0,25.79858038200613,1464,-11.88243918933351
0,30.0,25.79858038200613,1465,-11.884470200478447
0,30.0,25.79858038200613,1466,-11.886500516685757
0,30.0,25.79858038200613,1467,-11.888530138901316
0,30.0,25.79858038200613,1468,-11.890559068067361
0,30.0,25.79858038200613,1469,-11.892587305127037
0,30.0,25.79858038200613,1470,-11.894614851019853
0,30.0,25.79858038200613,1471,-11.896641706678949
0,30.0,25.79858038200613,1472,-11.898667873046563
0,30.0,25.79858038200613,1473,-11.900693351049469
0,30.0,25.79858038200613,1474,-11.9027181416199
0,30.0,25.79858038200613,1475,-11.904742245695545
0,30.0,25.79858038200613,1476,-11.906765664194992
0,30.0,25.79858038200613,1477,-11.908788398048657
0,30.0,25.79858038200613,1478,-11.910810448177855
0,30.0,25.79858038200613,1479,-11.912831815513002
0,30.0,25.79858038200613,1480,-11.9148525009645
0,30.0,25.79858038200613,1481,-11.916872505453668
0,30.0,25.79858038200613,1482,-11.918891829899096
0,30.0,25.79858038200613,1483,-11.920910475217553
0,30.0,25.79858038200613,1484,-11.922928442315808
0,30.0,25.79858038200613,1485,-11.92494573210972
0,30.0,25.79858038200613,1486,-11.926962345511512
0,30.0,25.79858038200613,1487,-11.928978283418857
0,30.0,25.79858038200613,1488,-11.930993546744887
0,30.0,25.79858038200613,1489,-11.933008136393639
0,30.0,25.79858038200613,1490,-11.935022053260965
0,30.0,25.79858038200613,1491,-11.937035298255452
0,30.0,25.79858038200613,1492,-11.939047872272042
0,30.0,25.79858038200613,1493,-11.941059776203858
0,30.0,25.79858038200613,1494,-11.943071010949481
0,30.0,25.79858038200613,1495,-11.945081577401126
0,30.0,25.79858038200613,1496,-11.947091476452826
0,30.0,25.79858038200613,1497,-11.94910070898679
0,30.0,25.79858038200613,1498,-11.951109275897963
0,30.0,25.79858038200613,1499,-11.953117178068553
0,30.0,25.79858038200613,1500,-11.95512441638077
0,30.0,25.79858038200613,1501,-11.9571309917241
0,30.0,25.79858038200613,1502,-11.959136904972567
0,30.0,25.79858038200613,1503,-11.961142157007473
0,30.0,25.79858038200613,1504,-11.96314674870466
0,30.0,25.79858038200613,1505,-11.96515068094179
0,30.0,25.79858038200613,1506,-11.96715395459016
0,30.0,25.79858038200613,1507,-11.969156570526522
0,30.0,25.79858038200613,1508,-11.971158529611259
0,30.0,25.79858038200613,1509,-11.973159832721123
0,30.0,25.79858038200613,1510,-11.975160480721044
0,30.0,25.79858038200613,1511,-11.977160474474132
0,30.0,25.79858038200613,1512,-11.979159814848046
0,30.0,25.79858038200613,1513,-11.981158502702257
0,30.0,25.79858038200613,1514,-11.983156538888963
0,30.0,25.79858038200613,1515,-11.985153924279459
0,30.0,25.79858038200613,1516,-11.987150659718665
0,30.0,25.79858038200613,1517,-11.989146746071512
0,30.0,25.79858038200613,1518,-11.991142184186558
0,30.0,25.79858038200613,1519,-11.993136974910541
0,30.0,25.79858038200613,1520,-11.995131119101117
0,30.0,25.79858038200613,1521,-11.997124617601386
0,30.0,25.79858038200613,1522,-11.999117471258998
0,30.0,25.79858038200613,1523,-12.001109680919782
0,30.0,25.79858038200613,1524,-12.003101247424112
0,30.0,25.79858038200613,1525,-12.005092171617818
0,30.0,25.79858038200613,1526,-12.007082454336725
0,30.0,25.79858038200613,1527,-12.00907209641666
0,30.0,25.79858038200613,1528,-12.011061098706179
0,30.0,25.79858038200613,1529,-12.013049462024739
0,30.0,25.79858038200613,1530,-12.015037187219079
0,30.0,25.79858038200613,1531,-12.017024275105015
0,30.0,25.79858038200613,1532,-12.019010726532017
0,30.0,25.79858038200613,1533,-12.020996542312261
0,30.0,25.79858038200613,1534,-12.022981723280665
0,30.0,25.79858038200613,1535,-12.024966270258503
0,30.0,25.79858038200613,1536,-12.026950184072504
0,30.0,25.79858038200613,1537,-12.028933465541215
0,30.0,25.79858038200613,1538,-12.030916115490456
0,30.0,25.79858038200613,1539,-12.032898134729678
0,30.0,25.79858038200613,1540,-12.03487952408743
0,30.0,25.79858038200613,1541,-12.036860284368615
0,30.0,25.79858038200613,1542,-12.038840416396326
0,30.0,25.79858038200613,1543,-12.040819920979104
0,30.0,25.79858038200613,1544,-12.04279879892367
0,30.0,25.79858038200613,1545,-12.044777051045841
0,30.0,25.79858038200613,1546,-12.046754678148702
0,30.0,25.79858038200613,1547,-12.048731681040792
0,30.0,25.79858038200613,1548,-12.050708060523377
0,30.0,25.79858038200613,1549,-12.052683817404997
0,30.0,25.79858038200613,1550,-12.054658952485099
0,30.0,25.79858038200613,1551,-12.056633466560399
0,30.0,25.79858038200613,1552,-12.058607360428525
0,30.0,25.79858038200613,1553,-12.060580634895288
0,30.0,25.79858038200613,1554,-12.062553290749221
0,30.0,25.79858038200613,1555,-12.064525328780675
0,30.0,25.79858038200613,1556,-12.066496749789096
0,30.0,25.79858038200613,1557,-12.068467554559376
0,30.0,25.79858038200613,1558,-12.070437743885506
0,30.0,25.79858038200613,1559,-12.07240731855056
0,30.0,25.79858038200613,1560,-12.074376279346708
0,30.0,25.79858038200613,1561,-12.076344627053388
0,30.0,25.79858038200613,1562,-12.078312362455492
0,30.0,25.79858038200613,1563,-12.080279486334277
0,30.0,25.79858038200613,1564,-12.08224599946918
0,30.0,25.79858038200613,1565,-12.084211902641457
0,30.0,25.79858038200613,1566,-12.086177196628725
0,30.0,25.79858038200613,1567,-12.088141882201327
0,30.0,25.79858038200613,1568,-12.090105960135062
0,30.0,25.79858038200613,1569,-12.092069431212096
0,30.0,25.79858038200613,1570,-12.094032296191855
0,30.0,25.79858038200613,1571,-12.095994555845593
0,30.0,25.79858038200613,1572,-12.097956210945469
0,30.0,25.79858038200613,1573,-12.099917262260007
0,30.0,25.79858038200613,1574,-12.101877710552273
0,30.0,25.79858038200613,1575,-12.103837556579876
0,30.0,25.79858038200613,1576,-12.105796801113158
0,30.0,25.79858038200613,1577,-12.107755444911547
0,30.0,25.79858038200613,1578,-12.10971348873629
0,30.0,25.79858038200613,1579,-12.111670933343177
0,30.0,25.79858038200613,1580,-12.113627779489818
0,30.0,25.79858038200613,1581,-12.115584027928364
0,30.0,25.79858038200613,1582,-12.117539679418243
0,30.0,25.79858038200613,1583,-12.119494734706151
0,30.0,25.79858038200613,1584,-12.121449194547878
0,30.0,25.79858038200613,1585,-12.1234030596883
0,30.0,25.79858038200613,1586,-12.125356330886845
0,30.0,25.79858038200613,1587,-12.127309008872018
0,30.0,25.79858038200613,1588,-12.129261094402338
0,30.0,25.79858038200613,1589,-12.131212588220862
0,30.0,25.79858038200613,1590,-12.133163491062462
0,30.0,25.79858038200613,1591,-12.135113803679289
0,30.0,25.79858038200613,1592,-12.13706352679985
0,30.0,25.79858038200613,1593,-12.139012661174476
0,30.0,25.79858038200613,1594,-12.140961207528036
0,30.0,25.79858038200613,1595,-12.142909166607225
0,30.0,25.79858038200613,1596,-12.14485653913691
0,30.0,25.79858038200613,1597,-12.146803325852872
0,30.0,25.79858038200613,1598,-12.148749527492711
0,30.0,25.79858038200613,1599,-12.150695144777657
0,30.0,25.79858038200613,1600,-12.152640178439853
0,30.0,25.79858038200613,1601,-12.154584629206894
0,30.0,25.79858038200613,1602,-12.156528497809106
0,30.0,25.79858038200613,1603,-12.158471784965897
0,30.0,25.79858038200613,1604,-12.160414491400317
0,30.0,25.79858038200613,1605,-12.162356617837233
0,30.0,25.79858038200613,1606,-12.164298164997874
0,30.0,25.79858038200613,1607,-12.16623913360074
0,30.0,25.79858038200613,1608,-12.168179524356148
0,30.0,25.79858038200613,1609,-12.170119337991693
0,30.0,25.79858038200613,1610,-12.172058575214052
0,30.0,25.79858038200613,1611,-12.173997236742636
0,30.0,25.79858038200613,1612,-12.175935323291398
0,30.0,25.79858038200613,1613,-12.177872835565196
0,30.0,25.79858038200613,1614,-12.179809774281622
0,30.0,25.79858038200613,1615,-12.181746140143716
0,30.0,25.79858038200613,1616,-12.183681933861791
0,30.0,25.79858038200613,1617,-12.185617156140708
0,30.0,25.79858038200613,1618,-12.187551807685324
0,30.0,25.79858038200613,1619,-12.189485889198679
0,30.0,25.79858038200613,1620,-12.191419401383811
0,30.0,25.79858038200613,1621,-12.193352344940124
0,30.0,25.79858038200613,1622,-12.195284720565198
0,30.0,25.79858038200613,1623,-12.197216528962073
0,30.0,25.79858038200613,1624,-12.199147770824695
0,30.0,25.79858038200613,1625,-12.201078446854282
0,30.0,25.79858038200613,1626,-12.203008557738414
0,30.0,25.79858038200613,1627,-12.204938104174673
0,30.0,25.79858038200613,1628,-12.206867086846998
0,30.0,25.79858038200613,1629,-12.208795506454791
0,30.0,25.79858038200613,1630,-12.21072336368654
0,30.0,25.79858038200613,1631,-12.212650659227094
0,30.0,25.79858038200613,1632,-12.214577393761303
0,30.0,25.79858038200613,1633,-12.216503567977654
0,30.0,25.79858038200613,1634,-12.218429182568272
0,30.0,25.79858038200613,1635,-12.220354238201637
0,30.0,25.79858038200613,1636,-12.222278735566235
0,30.0,25.79858038200613,1637,-12.224202675345097
0,30.0,25.79858038200613,1638,-12.22612605821216
0,30.0,25.79858038200613,1639,-12.228048884850452
0,30.0,25.79858038200613,1640,-12.22997115593573
0,30.0,25.79858038200613,1641,-12.231892872138289
0,30.0,25.79858038200613,1642,-12.233814034137524
0,30.0,25.79858038200613,1643,-12.235734642609188
0,30.0,25.79858038200613,1644,-12.23765469822176
0,30.0,25.79858038200613,1645,-12.23957420164463
0,30.0,25.79858038200613,1646,-12.241493153546273
0,30.0,25.79858038200613,1647,-12.243411554599717
0,30.0,25.79858038200613,1648,-12.245329405467984
0,30.0,25.79858038200613,1649,-12.247246706815915
0,30.0,25.79858038200613,1650,-12.249163459311987
0,30.0,25.79858038200613,1651,-12.251079663619223
0,30.0,25.79858038200613,1652,-12.252995320398824
0,30.0,25.79858038200613,1653,-12.254910430311995
0,30.0,25.79858038200613,1654,-12.256824994016299
0,30.0,25.79858038200613,1655,-12.2587390121693
0,30.0,25.79858038200613,1656,-12.260652485435841
0,30.0,25.79858038200613,1657,-12.26256541446621
0,30.0,25.79858038200613,1658,-12.26447779991797
0,30.0,25.79858038200613,1659,-12.26638964244323
0,30.0,25.79858038200613,1660,-12.268300942694097
0,30.0,25.79858038200613,1661,-12.27021170132086
0,30.0,25.79858038200613,1662,-12.272121918982904
0,30.0,25.79858038200613,1663,-12.274031596318693
0,30.0,25.79858038200613,1664,-12.275940733978516
0,30.0,25.79858038200613,1665,-12.277849332609932
0,30.0,25.79858038200613,1666,-12.279757392862322
0,30.0,25.79858038200613,1667,-12.28166491537506
0,30.0,25.79858038200613,1668,-12.283571900794797
0,30.0,25.79858038200613,1669,-12.285478349764546
0,30.0,25.79858038200613,1670,-12.287384262920042
0,30.0,25.79858038200613,1671,-12.289289640907938
0,30.0,25.79858038200613,1672,-12.291194484362151
0,30.0,25.79858038200613,1673,-12.293098793922056
0,30.0,25.79858038200613,1674,-12.29500257022157
0,30.0,25.79858038200613,1675,-12.296905813903706
0,30.0,25.79858038200613,1676,-12.298808525591468
0,30.0,25.79858038200613,1677,-12.30071070592787
0,30.0,25.79858038200613,1678,-12.302612355535913
0,30.0,25.79858038200613,1679,-12.304513475054975
0,30.0,25.79858038200613,1680,-12.306414065111696
0,30.0,25.79858038200613,1681,-12.308314126332718
0,30.0,25.79858038200613,1682,-12.310213659345592
0,30.0,25.79858038200613,1683,-12.31211266477878
0,30.0,25.79858038200613,1684,-12.314011143259833
0,30.0,25.79858038200613,1685,-12.31590909540084
0,30.0,25.79858038200613,1686,-12.317806521839358
0,30.0,25.79858038200613,1687,-12.319703423189296
0,30.0,25.79858038200613,1688,-12.321599800071837
0,30.0,25.79858038200613,1689,-12.323495653115444
0,30.0,25.79858038200613,1690,-12.32539098292311
0,30.0,25.79858038200613,1691,-12.32728579012148
0,30.0,25.79858038200613,1692,-12.329180075331735
0,30.0,25.79858038200613,1693,-12.331073839158691
0,30.0,25.79858038200613,1694,-12.332967082221714
0,30.0,25.79858038200613,1695,-12.334859805136531
0,30.0,25.79858038200613,1696,-12.336752008513415
0,30.0,25.79858038200613,1697,-12.338643692955358
0,30.0,25.79858038200613,1698,-12.340534859085366
0,30.0,25.79858038200613,1699,-12.342425507500977
0,30.0,25.79858038200613,1700,-12.344315638821556
0,30.0,25.79858038200613,1701,-12.34620525364737
0,30.0,25.79858038200613,1702,-12.348094352575956
0,30.0,25.79858038200613,1703,-12.34998293622759
0,30.0,25.79858038200613,1704,-12.351871005190716
0,30.0,25.79858038200613,1705,-12.353758560077424
0,30.0,25.79858038200613,1706,-12.355645601490707
0,30.0,25.79858038200613,1707,-12.357532130024467
0,30.0,25.79858038200613,1708,-12.35941814627806
0,30.0,25.79858038200613,1709,-12.3613036508563
0,30.0,25.79858038200613,1710,-12.36318864434763
0,30.0,25.79858038200613,1711,-12.365073127356865
0,30.0,25.79858038200613,1712,-12.366957100472447
0,30.0,25.79858038200613,1713,-12.368840564291915
0,30.0,25.79858038200613,1714,-12.37072351940553
0,30.0,25.79858038200613,1715,-12.372605966409012
0,30.0,25.79858038200613,1716,-12.374487905890803
0,30.0,25.79858038200613,1717,-12.376369338435708
0,30.0,25.79858038200613,1718,-12.378250264643086
0,30.0,25.79858038200613,1719,-12.38013068509774
0,30.0,25.79858038200613,1720,-12.382010600383566
0,30.0,25.79858038200613,1721,-12.383890011083551
0,30.0,25.79858038200613,1722,-12.385768917787047
0,30.0,25.79858038200613,1723,-12.387647321080678
0,30.0,25.79858038200613,1724,-12.389525221540154
0,30.0,25.79858038200613,1725,-12.39140261975028
0,30.0,25.79858038200613,1726,-12.393279516294044
0,30.0,25.79858038200613,1727,-12.395155911750791
0,30.0,25.79858038200613,1728,-12.397031806694415
0,30.0,25.79858038200613,1729,-12.398907201704262
0,30.0,25.79858038200613,1730,-12.4007820973615
0,30.0,25.79858038200613,1731,-12.40265649424093
0,30.0,25.79858038200613,1732,-12.404530392910985
0,30.0,25.79858038200613,1733,-12.406403793952833
0,30.0,25.79858038200613,1734,-12.408276697934909
0,30.0,25.79858038200613,1735,-12.410149105432922
0,30.0,25.79858038200613,1736,-12.412021017015306
0,30.0,25.79858038200613,1737,-12.413892433250496
0,30.0,25.79858038200613,1738,-12.415763354707835
0,30.0,25.79858038200613,1739,-12.41763378195212
0,30.0,25.79858038200613,1740,-12.419503715554512
0,30.0,25.79858038200613,1741,-12.421373156083447
0,30.0,25.79858038200613,1742,-12.423242104100083
0,30.0,25.79858038200613,1743,-12.425110560167397
0,30.0,25.79858038200613,1744,-12.426978524852004
0,30.0,25.79858038200613,1745,-12.428845998713243
0,30.0,25.79858038200613,1746,-12.430712982310453
0,30.0,25.79858038200613,1747,-12.432579476208431
0,30.0,25.79858038200613,1748,-12.43444548096106
0,30.0,25.79858038200613,1749,-12.436310997131315
0,30.0,25.79858038200613,1750,-12.43817602527308
0,30.0,25.79858038200613,1751,-12.440040565942056
0,30.0,25.79858038200613,1752,-12.441904619697581
0,30.0,25.79858038200613,1753,-12.44376818709172
0,30.0,25.79858038200613,1754,-12.445631268672898
0,30.0,25.79858038200613,1755,-12.44749386500773
0,30.0,25.79858038200613,1756,-12.449355976631907
0,30.0,25.79858038200613,1757,-12.451217604111136
0,30.0,25.79858038200613,1758,-12.453078747975653
0,30.0,25.79858038200613,1759,-12.454939408789343
0,30.0,25.79858038200613,1760,-12.456799587095176
0,30.0,25.79858038200613,1761,-12.458659283437939
0,30.0,25.79858038200613,1762,-12.460518498373332
0,30.0,25.79858038200613,1763,-12.462377232431592
0,30.0,25.79858038200613,1764,-12.464235486172058
0,30.0,25.79858038200613,1765,-12.466093260126783
0,30.0,25.79858038200613,1766,-12.467950554840556
0,30.0,25.79858038200613,1767,-12.469807370852706
0,30.0,25.79858038200613,1768,-12.47166370870984
0,30.0,25.79858038200613,1769,-12.47351956894947
0,30.0,25.79858038200613,1770,-12.475374952107288
0,30.0,25.79858038200613,1771,-12.477229858718985
0,30.0,25.79858038200613,1772,-12.479084289325712
0,30.0,25.79858038200613,1773,-12.480938244466799
0,30.0,25.79858038200613,1774,-12.482791724668843
0,30.0,25.79858038200613,1775,-12.484644730469356
0,30.0,25.79858038200613,1776,-12.486497262404939
0,30.0,25.79858038200613,1777,-12.4883493210031
0,30.0,25.79858038200613,1778,-12.490200906795891
0,30.0,25.79858038200613,1779,-12.492052020312642
0,30.0,25.79858038200613,1780,-12.493902662089951
0,30.0,25.79858038200613,1781,-12.495752832642594
0,30.0,25.79858038200613,1782,-12.497602532516268
0,30.0,25.79858038200613,1783,-12.499451762227565
0,30.0,25.79858038200613,1784,-12.501300522298536
0,30.0,25.79858038200613,1785,-12.503148813262143
0,30.0,25.79858038200613,1786,-12.504996635640438
0,30.0,25.79858038200613,1787,-12.506843989953651
0,30.0,25.79858038200613,1788,-12.50869087672929
0,30.0,25.79858038200613,1789,-12.510537296485765
0,30.0,25.79858038200613,1790,-12.512383249745128
0,30.0,25.79858038200613,1791,-12.514228737027608
0,30.0,25.79858038200613,1792,-12.5160737588498
0,30.0,25.79858038200613,1793,-12.517918315726476
0,30.0,25.79858038200613,1794,-12.519762408190601
0,30.0,25.79858038200613,1795,-12.52160603673967
0,30.0,25.79858038200613,1796,-12.523449201901187
0,30.0,25.79858038200613,1797,-12.525291904179923
0,30.0,25.79858038200613,1798,-12.527134144101566
0,30.0,25.79858038200613,1799,-12.528975922171796
0,30.0,25.79858038200613,1800,-12.53081723889811
0,30.0,25.79858038200613,1801,-12.532658094804376
0,30.0,25.79858038200613,1802,-12.534498490394455
0,30.0,25.79858038200613,1803,-12.536338426172208
0,30.0,25.79858038200613,1804,-12.538177902656045
0,30.0,25.79858038200613,1805,-12.540016920351647
0,30.0,25.79858038200613,1806,-12.541855479764692
0,30.0,25.79858038200613,1807,-12.543693581393583
0,30.0,25.79858038200613,1808,-12.545531225756733
0,30.0,25.79858038200613,1809,-12.547368413352544
0,30.0,25.79858038200613,1810,-12.549205144684876
0,30.0,25.79858038200613,1811,-12.551041420253952
0,30.0,25.79858038200613,1812,-12.55287724056545
0,30.0,25.79858038200613,1813,-12.554712606123232
0,30.0,25.79858038200613,1814,-12.55654751742297
0,30.0,25.79858038200613,1815,-12.55838197496307
0,30.0,25.79858038200613,1816,-12.560215979250117
0,30.0,25.79858038200613,1817,-12.562049530769784
0,30.0,25.79858038200613,1818,-12.56388263002593
0,30.0,25.79858038200613,1819,-12.565715277516958
0,30.0,25.79858038200613,1820,-12.567547473735814
0,30.0,25.79858038200613,1821,-12.569379219180902
0,30.0,25.79858038200613,1822,-12.571210514334254
0,30.0,25.79858038200613,1823,-12.573041359705186
0,30.0,25.79858038200613,1824,-12.574871755773913
0,30.0,25.79858038200613,1825,-12.576701703035198
0,30.0,25.79858038200613,1826,-12.578531201982898
0,30.0,25.79858038200613,1827,-12.580360253099954
0,30.0,25.79858038200613,1828,-12.58218885688295
0,30.0,25.79858038200613,1829,-12.584017013817558
0,30.0,25.79858038200613,1830,-12.585844724387627
0,30.0,25.79858038200613,1831,-12.587671989084285
0,30.0,25.79858038200613,1832,-12.589498808394112
0,30.0,25.79858038200613,1833,-12.591325182791863
0,30.0,25.79858038200613,1834,-12.593151112771395
0,30.0,25.79858038200613,1835,-12.594976598818377
0,30.0,25.79858038200613,1836,-12.59680164140211
0,30.0,25.79858038200613,1837,-12.598626241022814
0,30.0,25.79858038200613,1838,-12.600450398146151
0,30.0,25.79858038200613,1839,-12.602274113259611
0,30.0,25.79858038200613,1840,-12.604097386845226
0,30.0,25.79858038200613,1841,-12.605920219370475
0,30.0,25.79858038200613,1842,-12.607742611322848
0,30.0,25.79858038200613,1843,-12.60956456318074
0,30.0,25.79858038200613,1844,-12.611386075417087
0,30.0,25.79858038200613,1845,-12.61320714850119
0,30.0,25.79858038200613,1846,-12.615027782918716
0,30.0,25.79858038200613,1847,-12.616847979138967
0,30.0,25.79858038200613,1848,-12.61866773763488
0,30.0,25.79858038200613,1849,-12.62048705888121
0,30.0,25.79858038200613,1850,-12.622305943345438
0,30.0,25.79858038200613,1851,-12.62412439150323
0,30.0,25.79858038200613,1852,-12.625942403820247
0,30.0,25.79858038200613,1853,-12.627759980770335
0,30.0,25.79858038200613,1854,-12.629577122819157
0,30.0,25.79858038200613,1855,-12.631393830434192
0,30.0,25.79858038200613,1856,-12.633210104088377
0,30.0,25.79858038200613,1857,-12.635025944241917
0,30.0,25.79858038200613,1858,-12.636841351364112
0,30.0,25.79858038200613,1859,-12.638656325915164
0,30.0,25.79858038200613,1860,-12.640470868362556
0,30.0,25.79858038200613,1861,-12.642284979171947
0,30.0,25.79858038200613,1862,-12.644098658805362
0,30.0,25.79858038200613,1863,-12.645911907721185
0,30.0,25.79858038200613,1864,-12.64772472638326
0,30.0,25.79858038200613,1865,-12.64953711524997
0,30.0,25.79858038200613,1866,-12.65134907478334
0,30.0,25.79858038200613,1867,-12.653160605449031
0,30.0,25.79858038200613,1868,-12.654971707689057
0,30.0,25.79858038200613,1869,-12.656782381970899
0,30.0,25.79858038200613,1870,-12.658592628752032
0,30.0,25.79858038200613,1871,-12.660402448489023
0,30.0,25.79858038200613,1872,-12.662211841630253
0,30.0,25.79858038200613,1873,-12.664020808639563
0,30.0,25.79858038200613,1874,-12.665829349960788
0,30.0,25.79858038200613,1875,-12.66763746605777
0,30.0,25.79858038200613,1876,-12.669445157377979
0,30.0,25.79858038200613,1877,-12.671252424370707
0,30.0,25.79858038200613,1878,-12.673059267488881
0,30.0,25.79858038200613,1879,-12.674865687190888
0,30.0,25.79858038200613,1880,-12.676671683907827
0,30.0,25.79858038200613,1881,-12.67847725810536
0,30.0,25.79858038200613,1882,-12.680282410223683
0,30.0,25.79858038200613,1883,-12.682087140713904
0,30.0,25.79858038200613,1884,-12.683891450018038
0,30.0,25.79858038200613,1885,-12.685695338587195
0,30.0,25.79858038200613,1886,-12.687498806865207
0,30.0,25.79858038200613,1887,-12.68930185529409
0,30.0,25.79858038200613,1888,-12.691104484319496
0,30.0,25.79858038200613,1889,-12.692906694385258
0,30.0,25.79858038200613,1890,-12.694708485939756
0,30.0,25.79858038200613,1891,-12.696509859409545
0,30.0,25.79858038200613,1892,-12.698310815245733
0,30.0,25.79858038200613,1893,-12.700111353892154
0,30.0,25.79858038200613,1894,-12.70191147577809
0,30.0,25.79858038200613,1895,-12.70371118135101
0,30.0,25.79858038200613,1896,-12.705510471049294
0,30.0,25.79858038200613,1897,-12.707309345302221
0,30.0,25.79858038200613,1898,-12.709107804555444
0,30.0,25.79858038200613,1899,-12.710905849243701
0,30.0,25.79858038200613,1900,-12.712703479796275
0,30.0,25.79858038200613,1901,-12.714500696655179
0,30.0,25.79858038200613,1902,-12.716297500251514
0,30.0,25.79858038200613,1903,-12.718093891020018
0,30.0,25.79858038200613,1904,-12.719889869393612
0,30.0,25.79858038200613,1905,-12.721685435797937
0,30.0,25.79858038200613,1906,-12.723480590676829
0,30.0,25.79858038200613,1907,-12.725275334450473
0,30.0,25.79858038200613,1908,-12.727069667556336
0,30.0,25.79858038200613,1909,-12.728863590418243
0,30.0,25.79858038200613,1910,-12.730657103464566
0,30.0,25.79858038200613,1911,-12.732450207126405
0,30.0,25.79858038200613,1912,-12.734242901831223
0,30.0,25.79858038200613,1913,-12.736035188004664
0,30.0,25.79858038200613,1914,-12.737827066074189
0,30.0,25.79858038200613,1915,-12.739618536461805
0,30.0,25.79858038200613,1916,-12.741409599598612
0,30.0,25.79858038200613,1917,-12.743200255902977
0,30.0,25.79858038200613,1918,-12.744990505798725
0,30.0,25.79858038200613,1919,-12.7467803497115
0,30.0,25.79858038200613,1920,-12.748569788061488
0,30.0,25.79858038200613,1921,-12.750358821270694
0,30.0,25.79858038200613,1922,-12.752147449757487
0,30.0,25.79858038200613,1923,-12.753935673943872
0,30.0,25.79858038200613,1924,-12.755723494250034
0,30.0,25.79858038200613,1925,-12.757510911094343
0,30.0,25.79858038200613,1926,-12.759297924899712
0,30.0,25.79858038200613,1927,-12.761084536073596
0,30.0,25.79858038200613,1928,-12.762870745037091
0,30.0,25.79858038200613,1929,-12.764656552210383
0,30.0,25.79858038200613,1930,-12.766441958006382
0,30.0,25.79858038200613,1931,-12.768226962838
0,30.0,25.79858038200613,1932,-12.770011567121784
0,30.0,25.79858038200613,1933,-12.771795771268827
0,30.0,25.79858038200613,1934,-12.773579575699316
0,30.0,25.79858038200613,1935,-12.775362980813426
0,30.0,25.79858038200613,1936,-12.777145987033165
0,30.0,25.79858038200613,1937,-12.778928594769624
0,30.0,25.79858038200613,1938,-12.780710804426619
0,30.0,25.79858038200613,1939,-12.78249261641706
0,30.0,25.79858038200613,1940,-12.784274031153856
0,30.0,25.79858038200613,1941,-12.786055049039007
0,30.0,25.79858038200613,1942,-12.78783567048724
0,30.0,25.79858038200613,1943,-12.789615895895096
0,30.0,25.79858038200613,1944,-12.791395725680943
0,30.0,25.79858038200613,1945,-12.793175160247685
0,30.0,25.79858038200613,1946,-12.794954199993683
0,30.0,25.79858038200613,1947,-12.796732845332755
0,30.0,25.79858038200613,1948,-12.798511096668719
0,30.0,25.79858038200613,1949,-12.800288954399932
0,30.0,25.79858038200613,1950,-12.802066418924753
0,30.0,25.79858038200613,1951,-12.803843490657911
0,30.0,25.79858038200613,1952,-12.805620169995947
0,30.0,25.79858038200613,1953,-12.807396457340857
0,30.0,25.79858038200613,1954,-12.809172353088272
0,30.0,25.79858038200613,1955,-12.810947857641096
0,30.0,25.79858038200613,1956,-12.812722971401328
0,30.0,25.79858038200613,1957,-12.814497694763688
0,30.0,25.79858038200613,1958,-12.816272028130172
0,30.0,25.79858038200613,1959,-12.818045971891863
0,30.0,25.79858038200613,1960,-12.819819526450758
0,30.0,25.79858038200613,1961,-12.821592692201577
0,30.0,25.79858038200613,1962,-12.82336546954086
0,30.0,25.79858038200613,1963,-12.82513785886151
0,30.0,25.79858038200613,1964,-12.826909860559155
0,30.0,25.79858038200613,1965,-12.828681475028517
0,30.0,25.79858038200613,1966,-12.83045270265977
0,30.0,25.79858038200613,1967,-12.83222354385127
0,30.0,25.79858038200613,1968,-12.833993998990465
0,30.0,25.79858038200613,1969,-12.835764068468436
0,30.0,25.79858038200613,1970,-12.837533752674446
0,30.0,25.79858038200613,1971,-12.839303052005036
0,30.0,25.79858038200613,1972,-12.841071966845831
0,30.0,25.79858038200613,1973,-12.842840497584277
0,30.0,25.79858038200613,1974,-12.844608644613274
0,30.0,25.79858038200613,1975,-12.84637640831481
0,30.0,25.79858038200613,1976,-12.848143789081789
0,30.0,25.79858038200613,1977,-12.849910787296196
0,30.0,25.79858038200613,1978,-12.851677403347296
0,30.0,25.79858038200613,1979,-12.853443637624352
0,30.0,25.79858038200613,1980,-12.855209490503896
0,30.0,25.79858038200613,1981,-12.85697496237519
0,30.0,25.79858038200613,1982,-12.858740053616586
0,30.0,25.79858038200613,1983,-12.860504764623713
0,30.0,25.79858038200613,1984,-12.862269095762187
0,30.0,25.79858038200613,1985,-12.86403304742764
0,30.0,25.79858038200613,1986,-12.865796619996601
0,30.0,25.79858038200613,1987,-12.86755981385106
0,30.0,25.79858038200613,1988,-12.869322629369364
0,30.0,25.79858038200613,1989,-12.871085066929865
0,30.0,25.79858038200613,1990,-12.872847126910912
0,30.0,25.79858038200613,1991,-12.87460880969995
0,30.0,25.79858038200613,1992,-12.876370115669872
0,30.0,25.79858038200613,1993,-12.878131045197208
0,30.0,25.79858038200613,1994,-12.879891598660308
0,30.0,25.79858038200613,1995,-12.881651776428427
0,30.0,25.79858038200613,1996,-12.883411578885372
0,30.0,25.79858038200613,1997,-12.885171006407674
0,30.0,25.79858038200613,1998,-12.88693005936095
0,30.0,25.79858038200613,1999,-12.888688738127186
0,30.0,25.79858038200613,2000,-12.890447043079277
0,30.0,25.79858038200613,2001,-12.892204974588296
0,30.0,25.79858038200613,2002,-12.893962533026226
0,30.0,25.79858038200613,2003,-12.895719718764141
0,30.0,25.79858038200613,2004,-12.897476532174025
0,30.0,25.79858038200613,2005,-12.89923297362877
0,30.0,25.79858038200613,2006,-12.900989043493993
0,30.0,25.79858038200613,2007,-12.902744742144407
0,30.0,25.79858038200613,2008,-12.904500069945627
0,30.0,25.79858038200613,2009,-12.906255027268728
0,30.0,25.79858038200613,2010,-12.908009614477507
0,30.0,25.79858038200613,2011,-12.909763831946677
0,30.0,25.79858038200613,2012,-12.91151768003094
0,30.0,25.79858038200613,2013,-12.913271159114103
0,30.0,25.79858038200613,2014,-12.915024269547231
0,30.0,25.79858038200613,2015,-12.916777011703218
0,30.0,25.79858038200613,2016,-12.918529385938584
0,30.0,25.79858038200613,2017,-12.920281392625313
0,30.0,25.79858038200613,2018,-12.922033032124475
0,30.0,25.79858038200613,2019,-12.923784304798048
0,30.0,25.79858038200613,2020,-12.925535211016197
0,30.0,25.79858038200613,2021,-12.927285751126348
0,30.0,25.79858038200613,2022,-12.929035925502305
0,30.0,25.79858038200613,2023,-12.930785734502408
0,30.0,25.79858038200613,2024,-12.932535178483178
0,30.0,25.79858038200613,2025,-12.934284257801139
0,30.0,25.79858038200613,2026,-12.936032972829182
0,30.0,25.79858038200613,2027,-12.937781323911096
0,30.0,25.79858038200613,2028,-12.939529311417957
0,30.0,25.79858038200613,2029,-12.941276935699008
0,30.0,25.79858038200613,2030,-12.94302419711805
0,30.0,25.79858038200613,2031,-12.944771096022507
0,30.0,25.79858038200613,2032,-12.94651763277254
0,30.0,25.79858038200613,2033,-12.948263807730129
0,30.0,25.79858038200613,2034,-12.950009621244519
0,30.0,25.79858038200613,2035,-12.951755073668593
0,30.0,25.79858038200613,2036,-12.953500165364332
0,30.0,25.79858038200613,2037,-12.955244896673705
0,30.0,25.79858038200613,2038,-12.956989267956871
0,30.0,25.79858038200613,2039,-12.958733279569444
0,30.0,25.79858038200613,2040,-12.960476931855212
0,30.0,25.79858038200613,2041,-12.962220225173425
0,30.0,25.79858038200613,2042,-12.963963159867873
0,30.0,25.79858038200613,2043,-12.965705736295078
0,30.0,25.79858038200613,2044,-12.96744795479701
0,30.0,25.79858038200613,2045,-12.969189815733827
0,30.0,25.79858038200613,2046,-12.970931319447502
0,30.0,25.79858038200613,2047,-12.972672466289097
0,30.0,25.79858038200613,2048,-12.974413256606042
0,30.0,25.79858038200613,2049,-12.976153690740304
0,30.0,25.79858038200613,2050,-12.977893769046588
0,30.0,25.79858038200613,2051,-12.979633491870501
0,30.0,25.79858038200613,2052,-12.981372859555833
0,30.0,25.79858038200613,2053,-12.983111872440915
0,30.0,25.79858038200613,2054,-12.98485053088227
0,30.0,25.79858038200613,2055,-12.986588835218228
0,30.0,25.79858038200613,2056,-12.9883267857944
0,30.0,25.79858038200613,2057,-12.990064382952752
0,30.0,25.79858038200613,2058,-12.991801627039806
0,30.0,25.79858038200613,2059,-12.99353851839389
0,30.0,25.79858038200613,2060,-12.995275057354249
0,30.0,25.79858038200613,2061,-12.997011244266488
0,30.0,25.79858038200613,2062,-12.998747079474398
0,30.0,25.79858038200613,2063,-13.000482563312673
0,30.0,25.79858038200613,2064,-13.002217696123282
0,30.0,25.79858038200613,2065,-13.003952478242738
0,30.0,25.79858038200613,2066,-13.00568691001665
0,30.0,25.79858038200613,2067,-13.00742099178153
0,30.0,25.79858038200613,2068,-13.009154723868434
0,30.0,25.79858038200613,2069,-13.010888106621152
0,30.0,25.79858038200613,2070,-13.012621140378016
0,30.0,25.79858038200613,2071,-13.014353825468262
0,30.0,25.79858038200613,2072,-13.016086162233862
0,30.0,25.79858038200613,2073,-13.017818151009507
0,30.0,25.79858038200613,2074,-13.019549792129894
0,30.0,25.79858038200613,2075,-13.021281085926077
0,30.0,25.79858038200613,2076,-13.02301203273457
0,30.0,25.79858038200613,2077,-13.024742632889158
0,30.0,25.79858038200613,2078,-13.026472886726353
0,30.0,25.79858038200613,2079,-13.028202794572664
0,30.0,25.79858038200613,2080,-13.029932356764604
0,30.0,25.79858038200613,2081,-13.031661573629592
0,30.0,25.79858038200613,2082,-13.033390445499592
0,30.0,25.79858038200613,2083,-13.035118972710208
0,30.0,25.79858038200613,2084,-13.03684715558704
0,30.0,25.79858038200613,2085,-13.038574994461143
0,30.0,25.79858038200613,2086,-13.040302489663574
0,30.0,25.79858038200613,2087,-13.042029641516294
0,30.0,25.79858038200613,2088,-13.043756450355815
0,30.0,25.79858038200613,2089,-13.045482916507737
0,30.0,25.79858038200613,2090,-13.04720904029584
0,30.0,25.79858038200613,2091,-13.048934822047542
0,30.0,25.79858038200613,2092,-13.050660262095718
0,30.0,25.79858038200613,2093,-13.05238536076233
0,30.0,25.79858038200613,2094,-13.054110118369337
0,30.0,25.79858038200613,2095,-13.055834535245069
0,30.0,25.79858038200613,2096,-13.057558611715123
0,30.0,25.79858038200613,2097,-13.059282348096914
0,30.0,25.79858038200613,2098,-13.061005744723317
0,30.0,25.79858038200613,2099,-13.062728801916293
0,30.0,25.79858038200613,2100,-13.064451519990527
0,30.0,25.79858038200613,2101,-13.066173899278894
0,30.0,25.79858038200613,2102,-13.067895940092441
0,30.0,25.79858038200613,2103,-13.069617642762225
0,30.0,25.79858038200613,2104,-13.071339007601111
0,30.0,25.79858038200613,2105,-13.073060034934699
0,30.0,25.79858038200613,2106,-13.074780725079492
0,30.0,25.79858038200613,2107,-13.07650107836109
0,30.0,25.79858038200613,2108,-13.078221095088722
0,30.0,25.79858038200613,2109,-13.079940775595261
0,30.0,25.79858038200613,2110,-13.081660120179023
0,30.0,25.79858038200613,2111,-13.08337912917834
0,30.0,25.79858038200613,2112,-13.085097802895163
0,30.0,25.79858038200613,2113,-13.08681614165691
0,30.0,25.79858038200613,2114,-13.088534145770083
0,30.0,25.79858038200613,2115,-13.09025181556028
0,30.0,25.79858038200613,2116,-13.091969151335817
0,30.0,25.79858038200613,2117,-13.093686153415021
0,30.0,25.79858038200613,2118,-13.095402822110756
0,30.0,25.79858038200613,2119,-13.097119157739527
0,30.0,25.79858038200613,2120,-13.098835160612381
0,30.0,25.79858038200613,2121,-13.100550831042185
0,30.0,25.79858038200613,2122,-13.102266169341803
0,30.0,25.79858038200613,2123,-13.103981175827741
0,30.0,25.79858038200613,2124,-13.105695850807408
0,30.0,25.79858038200613,2125,-13.107410194599126
0,30.0,25.79858038200613,2126,-13.109124207506667
0,30.0,25.79858038200613,2127,-13.11083788984108
0,30.0,25.79858038200613,2128,-13.112551241915227
0,30.0,25.79858038200613,2129,-13.114264264032883
0,30.0,25.79858038200613,2130,-13.11597695651237
0,30.0,25.79858038200613,2131,-13.117689319659277
0,30.0,25.79858038200613,2132,-13.119401353777377
0,30.0,25.79858038200613,2133,-13.121113059185902
0,30.0,25.79858038200613,2134,-13.122824436177709
0,30.0,25.79858038200613,2135,-13.12453548507203
0,30.0,25.79858038200613,2136,-13.126246206165362
0,30.0,25.79858038200613,2137,-13.127956599774208
0,30.0,25.79858038200613,2138,-13.129666666198702
0,30.0,25.79858038200613,2139,-13.131376405740795
0,30.0,25.79858038200613,2140,-13.133085818707897
0,30.0,25.79858038200613,2141,-13.134794905414694
0,30.0,25.79858038200613,2142,-13.136503666148585
0,30.0,25.79858038200613,2143,-13.138212101224255
0,30.0,25.79858038200613,2144,-13.139920210943657
0,30.0,25.79858038200613,2145,-13.141627995607834
0,30.0,25.79858038200613,2146,-13.143335455519647
0,30.0,25.79858038200613,2147,-13.145042590981049
0,30.0,25.79858038200613,2148,-13.146749402292173
0,30.0,25.79858038200613,2149,-13.148455889758608
0,30.0,25.79858038200613,2150,-13.150162053673213
0,30.0,25.79858038200613,2151,-13.151867894345216
0,30.0,25.79858038200613,2152,-13.153573412070202
0,30.0,25.79858038200613,2153,-13.155278607146485
0,30.0,25.79858038200613,2154,-13.156983479875109
0,30.0,25.79858038200613,2155,-13.158688030552568
0,30.0,25.79858038200613,2156,-13.160392259482634
0,30.0,25.79858038200613,2157,-13.162096166958165
0,30.0,25.79858038200613,2158,-13.163799753275654
0,30.0,25.79858038200613,2159,-13.165503018735237
0,30.0,25.79858038200613,2160,-13.16720596362795
0,30.0,25.79858038200613,2161,-13.168908588259384
0,30.0,25.79858038200613,2162,-13.170610892920578
0,30.0,25.79858038200613,2163,-13.172312877904389
0,30.0,25.79858038200613,2164,-13.17401454351095
0,30.0,25.79858038200613,2165,-13.175715890025842
0,30.0,25.79858038200613,2166,-13.177416917754655
0,30.0,25.79858038200613,2167,-13.179117626981153
0,30.0,25.79858038200613,2168,-13.180818018010925
0,30.0,25.79858038200613,2169,-13.182518091118638
0,30.0,25.79858038200613,2170,-13.184217846617159
0,30.0,25.79858038200613,2171,-13.185917284780245
0,30.0,25.79858038200613,2172,-13.187616405911669
0,30.0,25.79858038200613,2173,-13.189315210301558
0,30.0,25.79858038200613,2174,-13.191013698235494
0,30.0,25.79858038200613,2175,-13.192711870008154
0,30.0,25.79858038200613,2176,-13.194409725908756
0,30.0,25.79858038200613,2177,-13.196107266221063
0,30.0,25.79858038200613,2178,-13.197804491248846
0,30.0,25.79858038200613,2179,-13.199501401259496
0,30.0,25.79858038200613,2180,-13.2011979965677
0,30.0,25.79858038200613,2181,-13.20289427743721
0,30.0,25.79858038200613,2182,-13.204590244175435
0,30.0,25.79858038200613,2183,-13.206285897057043
0,30.0,25.79858038200613,2184,-13.207981236369434
0,30.0,25.79858038200613,2185,-13.209676262405466
0,30.0,25.79858038200613,2186,-13.21137097545072
0,30.0,25.79858038200613,2187,-13.2130653757835
0,30.0,25.79858038200613,2188,-13.214759463696666
0,30.0,25.79858038200613,2189,-13.216453239473068
0,30.0,25.79858038200613,2190,-13.218146703391014
0,30.0,25.79858038200613,2191,-13.219839855747907
0,30.0,25.79858038200613,2192,-13.221532696814776
0,30.0,25.79858038200613,2193,-13.223225226882661
0,30.0,25.79858038200613,2194,-13.224917446233505
0,30.0,25.79858038200613,2195,-13.226609355147431
0,30.0,25.79858038200613,2196,-13.228300953906384
0,30.0,25.79858038200613,2197,-13.229992242797763
0,30.0,25.79858038200613,2198,-13.231683222099875
0,30.0,25.79858038200613,2199,-13.233373892083748
0,30.0,25.79858038200613,2200,-13.235064253051334
0,30.0,25.79858038200613,2201,-13.23675430526275
0,30.0,25.79858038200613,2202,-13.238444049007214
0,30.0,25.79858038200613,2203,-13.240133484568489
0,30.0,25.79858038200613,2204,-13.241822612217604
0,30.0,25.79858038200613,2205,-13.243511432232864
0,30.0,25.79858038200613,2206,-13.245199944898033
0,30.0,25.79858038200613,2207,-13.246888150493234
0,30.0,25.79858038200613,2208,-13.248576049290406
0,30.0,25.79858038200613,2209,-13.250263641569674
0,30.0,25.79858038200613,2210,-13.251950927605705
0,30.0,25.79858038200613,2211,-13.253637907677714
0,30.0,25.79858038200613,2212,-13.25532458205491
0,30.0,25.79858038200613,2213,-13.257010951026515
0,30.0,25.79858038200613,2214,-13.258697014854462
0,30.0,25.79858038200613,2215,-13.260382773822514
0,30.0,25.79858038200613,2216,-13.26206822819988
0,30.0,25.79858038200613,2217,-13.263753378272142
0,30.0,25.79858038200613,2218,-13.265438224290321
0,30.0,25.79858038200613,2219,-13.267122766552731
0,30.0,25.79858038200613,2220,-13.268807005319488
0,30.0,25.79858038200613,2221,-13.270490940867077
0,30.0,25.79858038200613,2222,-13.272174573462891
0,30.0,25.79858038200613,2223,-13.273857903385235
0,30.0,25.79858038200613,2224,-13.275540930903318
0,30.0,25.79858038200613,2225,-13.27722365629181
0,30.0,25.79858038200613,2226,-13.278906079814462
0,30.0,25.79858038200613,2227,-13.280588201752309
0,30.0,25.79858038200613,2228,-13.282270022363647
0,30.0,25.79858038200613,2229,-13.283951541924054
0,30.0,25.79858038200613,2230,-13.285632760706378
0,30.0,25.79858038200613,2231,-13.287313678978009
0,30.0,25.79858038200613,2232,-13.288994297004521
0,30.0,25.79858038200613,2233,-13.290674615053305
0,30.0,25.79858038200613,2234,-13.29235463339721
0,30.0,25.79858038200613,2235,-13.294034352307264
0,30.0,25.79858038200613,2236,-13.295713772038127
0,30.0,25.79858038200613,2237,-13.297392892868103
0,30.0,25.79858038200613,2238,-13.299071715062766
0,30.0,25.79858038200613,2239,-13.30075023888223
0,30.0,25.79858038200613,2240,-13.302428464601164
0,30.0,25.79858038200613,2241,-13.304106392472406
0,30.0,25.79858038200613,2242,-13.305784022772443
0,30.0,25.79858038200613,2243,-13.307461355765028
0,30.0,25.79858038200613,2244,-13.309138391712096
0,30.0,25.79858038200613,2245,-13.31081513088104
0,30.0,25.79858038200613,2246,-13.312491573529243
0,30.0,25.79858038200613,2247,-13.314167719927738
0,30.0,25.79858038200613,2248,-13.315843570330273
0,30.0,25.79858038200613,2249,-13.317519125007877
0,30.0,25.79858038200613,2250,-13.319194384220665
0,30.0,25.79858038200613,2251,-13.320869348230573
0,30.0,25.79858038200613,2252,-13.322544017299535
0,30.0,25.79858038200613,2253,-13.324218391691304
0,30.0,25.79858038200613,2254,-13.325892471651443
0,30.0,25.79858038200613,2255,-13.327566257467353
0,30.0,25.79858038200613,2256,-13.329239749377322
0,30.0,25.79858038200613,2257,-13.33091294765238
0,30.0,25.79858038200613,2258,-13.332585852550821
0,30.0,25.79858038200613,2259,-13.334258464325487
0,30.0,25.79858038200613,2260,-13.335930783243768
0,30.0,25.79858038200613,2261,-13.337602809562142
0,30.0,25.79858038200613,2262,-13.339274543535268
0,30.0,25.79858038200613,2263,-13.340945985426899
0,30.0,25.79858038200613,2264,-13.342617135486236
0,30.0,25.79858038200613,2265,-13.344287993981581
0,30.0,25.79858038200613,2266,-13.345958561154859
0,30.0,25.79858038200613,2267,-13.34762883727619
0,30.0,25.79858038200613,2268,-13.349298822598413
0,30.0,25.79858038200613,2269,-13.350968517374369
0,30.0,25.79858038200613,2270,-13.352637921862353
0,30.0,25.79858038200613,2271,-13.354307036320662
0,30.0,25.79858038200613,2272,-13.355975860989403
0,30.0,25.79858038200613,2273,-13.357644396145972
0,30.0,25.79858038200613,2274,-13.359312642025927
0,30.0,25.79858038200613,2275,-13.360980598893022
0,30.0,25.79858038200613,2276,-13.36264826699464
0,30.0,25.79858038200613,2277,-13.364315646581801
0,30.0,25.79858038200613,2278,-13.365982737921897
0,30.0,25.79858038200613,2279,-13.367649541256853
0,30.0,25.79858038200613,2280,-13.369316056834052
0,30.0,25.79858038200613,2281,-13.370982284919066
0,30.0,25.79858038200613,2282,-13.372648225750183
0,30.0,25.79858038200613,2283,-13.374313879588428
0,30.0,25.79858038200613,2284,-13.375979246679364
0,30.0,25.79858038200613,2285,-13.377644327274922
0,30.0,25.79858038200613,2286,-13.379309121624303
0,30.0,25.79858038200613,2287,-13.380973629978527
0,30.0,25.79858038200613,2288,-13.382637852588616
0,30.0,25.79858038200613,2289,-13.38430178970195
0,30.0,25.79858038200613,2290,-13.385965441564096
0,30.0,25.79858038200613,2291,-13.38762880843153
0,30.0,25.79858038200613,2292,-13.389291890544357
0,30.0,25.79858038200613,2293,-13.390954688159056
0,30.0,25.79858038200613,2294,-13.392617201517552
0,30.0,25.79858038200613,2295,-13.39427943086541
0,30.0,25.79858038200613,2296,-13.395941376460925
0,30.0,25.79858038200613,2297,-13.397603038529653
0,30.0,25.79858038200613,2298,-13.399264417338983
0,30.0,25.79858038200613,2299,-13.400925513129025
0,30.0,25.79858038200613,2300,-13.402586326138064
0,30.0,25.79858038200613,2301,-13.404246856615302
0,30.0,25.79858038200613,2302,-13.405907104809032
0,30.0,25.79858038200613,2303,-13.407567070964816
0,30.0,25.79858038200613,2304,-13.409226755323672
0,30.0,25.79858038200613,2305,-13.410886158131163
0,30.0,25.79858038200613,2306,-13.412545279629214
0,30.0,25.79858038200613,2307,-13.414204120063388
0,30.0,25.79858038200613,2308,-13.415862679673793
0,30.0,25.79858038200613,2309,-13.417520958704173
0,30.0,25.79858038200613,2310,-13.419178957398273
0,30.0,25.79858038200613,2311,-13.420836676005294
0,30.0,25.79858038200613,2312,-13.422494114754429
0,30.0,25.79858038200613,2313,-13.424151273894878
0,30.0,25.79858038200613,2314,-13.425808153661293
0,30.0,25.79858038200613,2315,-13.427464754301056
0,30.0,25.79858038200613,2316,-13.42912107605791
0,30.0,25.79858038200613,2317,-13.430777119166507
0,30.0,25.79858038200613,2318,-13.432432883863314
0,30.0,25.79858038200613,2319,-13.43408837040117
0,30.0,25.79858038200613,2320,-13.435743579005631
0,30.0,25.79858038200613,2321,-13.437398509915894
0,30.0,25.79858038200613,2322,-13.43905316338298
0,30.0,25.79858038200613,2323,-13.440707539636989
0,30.0,25.79858038200613,2324,-13.44236163891621
0,30.0,25.79858038200613,2325,-13.44401546146257
0,30.0,25.79858038200613,2326,-13.445669007510716
0,30.0,25.79858038200613,2327,-13.447322277297118
0,30.0,25.79858038200613,2328,-13.448975271056426
0,30.0,25.79858038200613,2329,-13.450627989032384
0,30.0,25.79858038200613,2330,-13.452280431456003
0,30.0,25.79858038200613,2331,-13.453932598565572
0,30.0,25.79858038200613,2332,-13.45558449059574
0,30.0,25.79858038200613,2333,-13.457236107784794
0,30.0,25.79858038200613,2334,-13.458887450363747
0,30.0,25.79858038200613,2335,-13.460538518567247
0,30.0,25.79858038200613,2336,-13.462189312635402
0,30.0,25.79858038200613,2337,-13.463839832795585
0,30.0,25.79858038200613,2338,-13.465490079288813
0,30.0,25.79858038200613,2339,-13.46714005233973
0,30.0,25.79858038200613,2340,-13.468789752188442
0,30.0,25.79858038200613,2341,-13.470439179068691
0,30.0,25.79858038200613,2342,-13.472088333211488
0,30.0,25.79858038200613,2343,-13.473737214844206
0,30.0,25.79858038200613,2344,-13.475385824205134
0,30.0,25.79858038200613,2345,-13.477034161525282
0,30.0,25.79858038200613,2346,-13.478682227035662
0,30.0,25.79858038200613,2347,-13.480330020967287
0,30.0,25.79858038200613,2348,-13.481977543549348
0,30.0,25.79858038200613,2349,-13.483624795014677
0,30.0,25.79858038200613,2350,-13.485271775592466
0,30.0,25.79858038200613,2351,-13.486918485519183
0,30.0,25.79858038200613,2352,-13.488564925014927
0,30.0,25.79858038200613,2353,-13.490211094314347
0,30.0,25.79858038200613,2354,-13.491856993644816
0,30.0,25.79858038200613,2355,-13.49350262323371
0,30.0,25.79858038200613,2356,-13.495147983312037
0,30.0,25.79858038200613,2357,-13.49679307411445
0,30.0,25.79858038200613,2358,-13.498437895857407
0,30.0,25.79858038200613,2359,-13.50008244877192
0,30.0,25.79858038200613,2360,-13.501726733094458
0,30.0,25.79858038200613,2361,-13.503370749036023
0,30.0,25.79858038200613,2362,-13.505014496836722
0,30.0,25.79858038200613,2363,-13.506657976718472
0,30.0,25.79858038200613,2364,-13.508301188914103
0,30.0,25.79858038200613,2365,-13.509944133640076
0,30.0,25.79858038200613,2366,-13.511586811118306
0,30.0,25.79858038200613,2367,-13.513229221588901
0,30.0,25.79858038200613,2368,-13.514871365270139
0,30.0,25.79858038200613,2369,-13.516513242387575
0,30.0,25.79858038200613,2370,-13.518154853157668
0,30.0,25.79858038200613,2371,-13.519796197816888
0,30.0,25.79858038200613,2372,-13.521437276585331
0,30.0,25.79858038200613,2373,-13.523078089683096
0,30.0,25.79858038200613,2374,-13.524718637341195
0,30.0,25.79858038200613,2375,-13.52635891977063
0,30.0,25.79858038200613,2376,-13.527998937202412
0,30.0,25.79858038200613,2377,-13.529638689862097
0,30.0,25.79858038200613,2378,-13.531278177967963
0,30.0,25.79858038200613,2379,-13.532917401740107
0,30.0,25.79858038200613,2380,-13.534556361404086
0,30.0,25.79858038200613,2381,-13.536195057185452
0,30.0,25.79858038200613,2382,-13.537833489284296
0,30.0,25.79858038200613,2383,-13.539471657947999
0,30.0,25.79858038200613,2384,-13.541109563383927
0,30.0,25.79858038200613,2385,-13.542747205813995
0,30.0,25.79858038200613,2386,-13.54438458546376
0,30.0,25.79858038200613,2387,-13.54602170254968
0,30.0,25.79858038200613,2388,-13.547658557282759
0,30.0,25.79858038200613,2389,-13.549295149892188
0,30.0,25.79858038200613,2390,-13.55093148059261
0,30.0,25.79858038200613,2391,-13.552567549607758
0,30.0,25.79858038200613,2392,-13.554203357152275
0,30.0,25.79858038200613,2393,-13.555838903448077
0,30.0,25.79858038200613,2394,-13.557474188709804
0,30.0,25.79858038200613,2395,-13.55910921314846
0,30.0,25.79858038200613,2396,-13.560743976993237
0,30.0,25.79858038200613,2397,-13.562378480453319
0,30.0,25.79858038200613,2398,-13.564012723750622
0,30.0,25.79858038200613,2399,-13.565646707099788
0,30.0,25.79858038200613,2400,-13.567280430719094
0,30.0,25.79858038200613,2401,-13.568913894819545
0,30.0,25.79858038200613,2402,-13.57054709961578
0,30.0,25.79858038200613,2403,-13.572180045336992
0,30.0,25.79858038200613,2404,-13.573812732181452
0,30.0,25.79858038200613,2405,-13.575445160371075
0,30.0,25.79858038200613,2406,-13.57707733012414
0,30.0,25.79858038200613,2407,-13.578709241651651
0,30.0,25.79858038200613,2408,-13.580340895168248
0,30.0,25.79858038200613,2409,-13.581972290884934
0,30.0,25.79858038200613,2410,-13.58360342901453
0,30.0,25.79858038200613,2411,-13.585234309778954
0,30.0,25.79858038200613,2412,-13.58686493338557
0,30.0,25.79858038200613,2413,-13.588495300043562
0,30.0,25.79858038200613,2414,-13.590125409976665
0,30.0,25.79858038200613,2415,-13.591755263379511
0,30.0,25.79858038200613,2416,-13.593384860481294
0,30.0,25.79858038200613,2417,-13.595014201491196
0,30.0,25.79858038200613,2418,-13.596643286611126
0,30.0,25.79858038200613,2419,-13.598272116057544
0,30.0,25.79858038200613,2420,-13.59990069004327
0,30.0,25.79858038200613,2421,-13.601529008773852
0,30.0,25.79858038200613,2422,-13.603157072473024
0,30.0,25.79858038200613,2423,-13.604784881331781
0,30.0,25.79858038200613,2424,-13.60641243557204
0,30.0,25.79858038200613,2425,-13.608039735399345
0,30.0,25.79858038200613,2426,-13.609666781026519
0,30.0,25.79858038200613,2427,-13.611293572666384
0,30.0,25.79858038200613,2428,-13.61292011051539
0,30.0,25.79858038200613,2429,-13.614546394791816
0,30.0,25.79858038200613,2430,-13.61617242569939
0,30.0,25.79858038200613,2431,-13.61779820345275
0,30.0,25.79858038200613,2432,-13.619423728253807
0,30.0,25.79858038200613,2433,-13.621049000308105
0,30.0,25.79858038200613,2434,-13.622674019833923
0,30.0,25.79858038200613,2435,-13.624298787022255
0,30.0,25.79858038200613,2436,-13.625923302093199
0,30.0,25.79858038200613,2437,-13.627547565245024
0,30.0,25.79858038200613,2438,-13.629171576697829
0,30.0,25.79858038200613,2439,-13.630795336642606
0,30.0,25.79858038200613,2440,-13.632418845286722
0,30.0,25.79858038200613,2441,-13.634042102841178
0,30.0,25.79858038200613,2442,-13.63566510951334
0,30.0,25.79858038200613,2443,-13.637287865499658
0,30.0,25.79858038200613,2444,-13.638910371012955
0,30.0,25.79858038200613,2445,-13.640532626253318
0,30.0,25.79858038200613,2446,-13.642154631428113
0,30.0,25.79858038200613,2447,-13.643776386737429
0,30.0,25.79858038200613,2448,-13.64539789238681
0,30.0,25.79858038200613,2449,-13.647019148581805
0,30.0,25.79858038200613,2450,-13.648640155527957
0,30.0,25.79858038200613,2451,-13.650260913427175
0,30.0,25.79858038200613,2452,-13.65188142247409
0,30.0,25.79858038200613,2453,-13.65350168287425
0,30.0,25.79858038200613,2454,-13.655121694838655
0,30.0,25.79858038200613,2455,-13.656741458561939
0,30.0,25.79858038200613,2456,-13.658360974247827
0,30.0,25.79858038200613,2457,-13.65998024209459
0,30.0,25.79858038200613,2458,-13.66159926231505
0,30.0,25.79858038200613,2459,-13.663218035092925
0,30.0,25.79858038200613,2460,-13.664836560642854
0,30.0,25.79858038200613,2461,-13.666454839157652
0,30.0,25.79858038200613,2462,-13.668072870837406
0,30.0,25.79858038200613,2463,-13.66969065589312
0,30.0,25.79858038200613,2464,-13.671308194519426
0,30.0,25.79858038200613,2465,-13.672925486905498
0,30.0,25.79858038200613,2466,-13.67454253326052
0,30.0,25.79858038200613,2467,-13.676159333786401
0,30.0,25.79858038200613,2468,-13.677775888677772
0,30.0,25.79858038200613,2469,-13.679392198123807
0,30.0,25.79858038200613,2470,-13.681008262340967
0,30.0,25.79858038200613,2471,-13.682624081516607
0,30.0,25.79858038200613,2472,-13.684239655856274
0,30.0,25.79858038200613,2473,-13.68585498555096
0,30.0,25.79858038200613,2474,-13.687470070797119
0,30.0,25.79858038200613,2475,-13.689084911791198
0,30.0,25.79858038200613,2476,-13.690699508736927
0,30.0,25.79858038200613,2477,-13.692313861830755
0,30.0,25.79858038200613,2478,-13.693927971261857
0,30.0,25.79858038200613,2479,-13.695541837230323
0,30.0,25.79858038200613,2480,-13.697155459939879
0,30.0,25.79858038200613,2481,-13.698768839568785
0,30.0,25.79858038200613,2482,-13.700381976326227
0,30.0,25.79858038200613,2483,-13.701994870406836
0,30.0,25.79858038200613,2484,-13.703607522005242
0,30.0,25.79858038200613,2485,-13.705219931305166
0,30.0,25.79858038200613,2486,-13.706832098517609
0,30.0,25.79858038200613,2487,-13.708444023828108
0,30.0,25.79858038200613,2488,-13.710055707429476
0,30.0,25.79858038200613,2489,-13.71166714952362
0,30.0,25.79858038200613,2490,-13.713278350297898
0,30.0,25.79858038200613,2491,-13.714889309943302
0,30.0,25.79858038200613,2492,-13.716500028658103
0,30.0,25.79858038200613,2493,-13.718110506638752
0,30.0,25.79858038200613,2494,-13.719720744067146
0,30.0,25.79858038200613,2495,-13.721330741143376
0,30.0,25.79858038200613,2496,-13.722940498063892
0,30.0,25.79858038200613,2497,-13.724550015008774
0,30.0,25.79858038200613,2498,-13.726159292172653
0,30.0,25.79858038200613,2499,-13.727768329764714
0,30.0,25.79858038200613,2500,-13.729377127950485
0,30.0,25.79858038200613,2501,-13.73098568693915
0,30.0,25.79858038200613,2502,-13.732594006908968
0,30.0,25.79858038200613,2503,-13.73420208806003
0,30.0,25.79858038200613,2504,-13.735809930585148
0,30.0,25.79858038200613,2505,-13.737417534662583
0,30.0,25.79858038200613,2506,-13.739024900490605
0,30.0,25.79858038200613,2507,-13.740632028260208
0,30.0,25.79858038200613,2508,-13.74223891815511
0,30.0,25.79858038200613,2509,-13.74384557037176
0,30.0,25.79858038200613,2510,-13.745451985097517
0,30.0,25.79858038200613,2511,-13.747058162507003
0,30.0,25.79858038200613,2512,-13.748664102813038
0,30.0,25.79858038200613,2513,-13.750269806192065
0,30.0,25.79858038200613,2514,-13.751875272824165
0,30.0,25.79858038200613,2515,-13.753480502903969
0,30.0,25.79858038200613,2516,-13.755085496633384
0,30.0,25.79858038200613,2517,-13.756690254179759
0,30.0,25.79858038200613,2518,-13.758294775735905
0,30.0,25.79858038200613,2519,-13.759899061490998
0,30.0,25.79858038200613,2520,-13.761503111634212
0,30.0,25.79858038200613,2521,-13.763106926347447
0,30.0,25.79858038200613,2522,-13.764710505818059
0,30.0,25.79858038200613,2523,-13.766313850244316
0,30.0,25.79858038200613,2524,-13.76791695978811
0,30.0,25.79858038200613,2525,-13.769519834660443
0,30.0,25.79858038200613,2526,-13.771122475028662
0,30.0,25.79858038200613,2527,-13.77272488108558
0,30.0,25.79858038200613,2528,-13.774327053016734
0,30.0,25.79858038200613,2529,-13.775928990993108
0,30.0,25.79858038200613,2530,-13.777530695229345
0,30.0,25.79858038200613,2531,-13.779132165883695
0,30.0,25.79858038200613,2532,-13.78073340315079
0,30.0,25.79858038200613,2533,-13.78233440721435
0,30.0,25.79858038200613,2534,-13.783935178254453
0,30.0,25.79858038200613,2535,-13.785535716452998
0,30.0,25.79858038200613,2536,-13.787136022002798
0,30.0,25.79858038200613,2537,-13.788736095083934
0,30.0,25.79858038200613,2538,-13.790335935874666
0,30.0,25.79858038200613,2539,-13.791935544558712
0,30.0,25.79858038200613,2540,-13.79353492131797
0,30.0,25.79858038200613,2541,-13.79513406633798
0,30.0,25.79858038200613,2542,-13.796732979793362
0,30.0,25.79858038200613,2543,-13.798331661878748
0,30.0,25.79858038200613,2544,-13.799930112766944
0,30.0,25.79858038200613,2545,-13.801528332645304
0,30.0,25.79858038200613,2546,-13.803126321686634
0,30.0,25.79858038200613,2547,-13.804724080080106
0,30.0,25.79858038200613,2548,-13.806321608000346
0,30.0,25.79858038200613,2549,-13.807918905625613
0,30.0,25.79858038200613,2550,-13.809515973146901
0,30.0,25.79858038200613,2551,-13.811112810737015
0,30.0,25.79858038200613,2552,-13.812709418576034
0,30.0,25.79858038200613,2553,-13.814305796851315
0,30.0,25.79858038200613,2554,-13.815901945730204
0,30.0,25.79858038200613,2555,-13.8174978653946
0,30.0,25.79858038200613,2556,-13.819093556033678
0,30.0,25.79858038200613,2557,-13.820689017818424
0,30.0,25.79858038200613,2558,-13.82228425092346
0,30.0,25.79858038200613,2559,-13.82387925553796
0,30.0,25.79858038200613,2560,-13.825474031840187
0,30.0,25.79858038200613,2561,-13.827068579986573
0,30.0,25.79858038200613,2562,-13.828662900180845
0,30.0,25.79858038200613,2563,-13.830256992592169
0,30.0,25.79858038200613,2564,-13.83185085738971
0,30.0,25.79858038200613,2565,-13.833444494768102
0,30.0,25.79858038200613,2566,-13.835037904881958
0,30.0,25.79858038200613,2567,-13.836631087931366
0,30.0,25.79858038200613,2568,-13.83822404407276
0,30.0,25.79858038200613,2569,-13.839816773498953
0,30.0,25.79858038200613,2570,-13.841409276370015
0,30.0,25.79858038200613,2571,-13.843001552871485
0,30.0,25.79858038200613,2572,-13.844593603181622
0,30.0,25.79858038200613,2573,-13.846185427471411
0,30.0,25.79858038200613,2574,-13.847777025919115
0,30.0,25.79858038200613,2575,-13.849368398697536
0,30.0,25.79858038200613,2576,-13.850959545977659
0,30.0,25.79858038200613,2577,-13.852550467943203
0,30.0,25.79858038200613,2578,-13.854141164761515
0,30.0,25.79858038200613,2579,-13.855731636610855
0,30.0,25.79858038200613,2580,-13.857321883665847
0,30.0,25.79858038200613,2581,-13.858911906093837
0,30.0,25.79858038200613,2582,-13.860501704076725
0,30.0,25.79858038200613,2583,-13.862091277783676
0,30.0,25.79858038200613,2584,-13.863680627391133
0,30.0,25.79858038200613,2585,-13.865269753068262
0,30.0,25.79858038200613,2586,-13.866858654995141
0,30.0,25.79858038200613,2587,-13.868447333330025
0,30.0,25.79858038200613,2588,-13.870035788260267
0,30.0,25.79858038200613,2589,-13.871624019951398
0,30.0,25.79858038200613,2590,-13.873212028572581
0,30.0,25.79858038200613,2591,-13.874799814307536
0,30.0,25.79858038200613,2592,-13.876387377321791
0,30.0,25.79858038200613,2593,-13.877974717784511
0,30.0,25.79858038200613,2594,-13.879561835864862
0,30.0,25.79858038200613,2595,-13.881148731732011
0,30.0,25.79858038200613,2596,-13.882735405571495
0,30.0,25.79858038200613,2597,-13.884321857539746
0,30.0,25.79858038200613,2598,-13.885908087811387
0,30.0,25.79858038200613,2599,-13.887494096559223
0,30.0,25.79858038200613,2600,-13.889079883954238
0,30.0,25.79858038200613,2601,-13.890665450156504
0,30.0,25.79858038200613,2602,-13.89225079534792
0,30.0,25.79858038200613,2603,-13.893835919695832
0,30.0,25.79858038200613,2604,-13.895420823371225
0,30.0,25.79858038200613,2605,-13.897005506534171
0,30.0,25.79858038200613,2606,-13.898589969359293
0,30.0,25.79858038200613,2607,-13.900174212013937
0,30.0,25.79858038200613,2608,-13.901758234669089
0,30.0,25.79858038200613,2609,-13.903342037492095
0,30.0,25.79858038200613,2610,-13.904925620643027
0,30.0,25.79858038200613,2611,-13.90650898431106
0,30.0,25.79858038200613,2612,-13.908092128643531
0,30.0,25.79858038200613,2613,-13.909675053815064
0,30.0,25.79858038200613,2614,-13.911257759991187
0,30.0,25.79858038200613,2615,-13.912840247348342
0,30.0,25.79858038200613,2616,-13.914422516037504
0,30.0,25.79858038200613,2617,-13.916004566238755
0,30.0,25.79858038200613,2618,-13.91758639811762
0,30.0,25.79858038200613,2619,-13.919168011832355
0,30.0,25.79858038200613,2620,-13.920749407559398
0,30.0,25.79858038200613,2621,-13.922330585457004
0,30.0,25.79858038200613,2622,-13.923911545694338
0,30.0,25.79858038200613,2623,-13.925492288438747
0,30.0,25.79858038200613,2624,-13.927072813850302
0,30.0,25.79858038200613,2625,-13.928653122099988
0,30.0,25.79858038200613,2626,-13.930233213347876
0,30.0,25.79858038200613,2627,-13.93181308776677
0,30.0,25.79858038200613,2628,-13.933392745511284
0,30.0,25.79858038200613,2629,-13.93497218675786
0,30.0,25.79858038200613,2630,-13.936551411657476
0,30.0,25.79858038200613,2631,-13.938130420386571
0,30.0,25.79858038200613,2632,-13.939709213103399
0,30.0,25.79858038200613,2633,-13.94128778996621
0,30.0,25.79858038200613,2634,-13.94286615115145
0,30.0,25.79858038200613,2635,-13.944444296813728
0,30.0,25.79858038200613,2636,-13.946022227116757
0,30.0,25.79858038200613,2637,-13.947599942227882
0,30.0,25.79858038200613,2638,-13.949177442307175
0,30.0,25.79858038200613,2639,-13.950754727518344
0,30.0,25.79858038200613,2640,-13.952331798021461
0,30.0,25.79858038200613,2641,-13.953908653980235
0,30.0,25.79858038200613,2642,-13.955485295554737
0,30.0,25.79858038200613,2643,-13.957061722914133
0,30.0,25.79858038200613,2644,-13.958637936214856
0,30.0,25.79858038200613,2645,-13.960213935624253
0,30.0,25.79858038200613,2646,-13.961789721287843
0,30.0,25.79858038200613,2647,-13.963365293389344
0,30.0,25.79858038200613,2648,-13.964940652070638
0,30.0,25.79858038200613,2649,-13.966515797502709
0,30.0,25.79858038200613,2650,-13.968090729847447
0,30.0,25.79858038200613,2651,-13.969665449255828
0,30.0,25.79858038200613,2652,-13.971239955897019
0,30.0,25.79858038200613,2653,-13.97281424993109
0,30.0,25.79858038200613,2654,-13.974388331514476
0,30.0,25.79858038200613,2655,-13.975962200805427
0,30.0,25.79858038200613,2656,-13.977535857965833
0,30.0,25.79858038200613,2657,-13.979109303157585
0,30.0,25.79858038200613,2658,-13.980682536535298
0,30.0,25.79858038200613,2659,-13.982255558262679
0,30.0,25.79858038200613,2660,-13.983828368497981
0,30.0,25.79858038200613,2661,-13.985400967394
0,30.0,25.79858038200613,2662,-13.986973355118081
0,30.0,25.79858038200613,2663,-13.98854553182666
0,30.0,25.79858038200613,2664,-13.990117497674348
0,30.0,25.79858038200613,2665,-13.99168925281758
0,30.0,25.79858038200613,2666,-13.993260797416426
0,30.0,25.79858038200613,2667,-13.99483213162732
0,30.0,25.79858038200613,2668,-13.996403255615789
0,30.0,25.79858038200613,2669,-13.99797416953463
0,30.0,25.79858038200613,2670,-13.999544873532997
0,30.0,25.79858038200613,2671,-14.001115367774602
0,30.0,25.79858038200613,2672,-14.002685652419515
0,30.0,25.79858038200613,2673,-14.004255727618713
0,30.0,25.79858038200613,2674,-14.005825593530446
0,30.0,25.79858038200613,2675,-14.00739525030933
0,30.0,25.79858038200613,2676,-14.008964698115435
0,30.0,25.79858038200613,2677,-14.010533937101556
0,30.0,25.79858038200613,2678,-14.012102967424127
0,30.0,25.79858038200613,2679,-14.013671789243219
0,30.0,25.79858038200613,2680,-14.015240402697074
0,30.0,25.79858038200613,2681,-14.01680880797123
0,30.0,25.79858038200613,2682,-14.018377005189379
0,30.0,25.79858038200613,2683,-14.019944994533418
0,30.0,25.79858038200613,2684,-14.021512776136134
0,30.0,25.79858038200613,2685,-14.023080350161237
0,30.0,25.79858038200613,2686,-14.024647716765159
0,30.0,25.79858038200613,2687,-14.026214876095239
0,30.0,25.79858038200613,2688,-14.027781828315184
0,30.0,25.79858038200613,2689,-14.029348573572335
0,30.0,25.79858038200613,2690,-14.030915112019485
0,30.0,25.79858038200613,2691,-14.032481443813069
0,30.0,25.79858038200613,2692,-14.034047569104061
0,30.0,25.79858038200613,2693,-14.035613488048895
0,30.0,25.79858038200613,2694,-14.037179200800367
0,30.0,25.79858038200613,2695,-14.038744707503994
0,30.0,25.79858038200613,2696,-14.040310008325307
0,30.0,25.79858038200613,2697,-14.041875103402546
0,30.0,25.79858038200613,2698,-14.043439992899422
0,30.0,25.79858038200613,2699,-14.045004676965092
0,30.0,25.79858038200613,2700,-14.046569155748713
0,30.0,25.79858038200613,2701,-14.048133429401261
0,30.0,25.79858038200613,2702,-14.04969749807735
0,30.0,25.79858038200613,2703,-14.051261361927956
0,30.0,25.79858038200613,2704,-14.052825021100418
0,30.0,25.79858038200613,2705,-14.054388475756625
0,30.0,25.79858038200613,2706,-14.05595172603664
0,30.0,25.79858038200613,2707,-14.057514772095075
0,30.0,25.79858038200613,2708,-14.05907761408291
0,30.0,25.79858038200613,2709,-14.06064025214748
0,30.0,25.79858038200613,2710,-14.062202686443399
0,30.0,25.79858038200613,2711,-14.063764917125283
0,30.0,25.79858038200613,2712,-14.06532694432228
0,30.0,25.79858038200613,2713,-14.066888768214469
0,30.0,25.79858038200613,2714,-14.068450388930998
0,30.0,25.79858038200613,2715,-14.070011806622844
0,30.0,25.79858038200613,2716,-14.07157302144644
0,30.0,25.79858038200613,2717,-14.073134033543667
0,30.0,25.79858038200613,2718,-14.074694843074596
0,30.0,25.79858038200613,2719,-14.076255450170194
0,30.0,25.79858038200613,2720,-14.077815854990533
0,30.0,25.79858038200613,2721,-14.079376057690226
0,30.0,25.79858038200613,2722,-14.08093605840206
0,30.0,25.79858038200613,2723,-14.082495857287924
0,30.0,25.79858038200613,2724,-14.08405545449152
0,30.0,25.79858038200613,2725,-14.085614850156546
0,30.0,25.79858038200613,2726,-14.08717404443398
0,30.0,25.79858038200613,2727,-14.088733037472977
0,30.0,25.79858038200613,2728,-14.090291829413601
0,30.0,25.79858038200613,2729,-14.091850420412285
0,30.0,25.79858038200613,2730,-14.09340881061091
0,30.0,25.79858038200613,2731,-14.094967000158633
0,30.0,25.79858038200613,2732,-14.096524989197334
0,30.0,25.79858038200613,2733,-14.098082777874353
0,30.0,25.79858038200613,2734,-14.099640366346122
0,30.0,25.79858038200613,2735,-14.101197754750885
0,30.0,25.79858038200613,2736,-14.102754943237798
0,30.0,25.79858038200613,2737,-14.104311931941467
0,30.0,25.79858038200613,2738,-14.105868721021963
0,30.0,25.79858038200613,2739,-14.107425310621167
0,30.0,25.79858038200613,2740,-14.108981700877322
0,30.0,25.79858038200613,2741,-14.110537891945043
0,30.0,25.79858038200613,2742,-14.112093883962572
0,30.0,25.79858038200613,2743,-14.113649677079067
0,30.0,25.79858038200613,2744,-14.115205271440047
0,30.0,25.79858038200613,2745,-14.116760667181936
0,30.0,25.79858038200613,2746,-14.118315864459348
0,30.0,25.79858038200613,2747,-14.119870863415983
0,30.0,25.79858038200613,2748,-14.121425664195542
0,30.0,25.79858038200613,2749,-14.122980266932629
0,30.0,25.79858038200613,2750,-14.124534671778221
0,30.0,25.79858038200613,2751,-14.126088878876018
0,30.0,25.79858038200613,2752,-14.127642888362445
0,30.0,25.79858038200613,2753,-14.129196700390295
0,30.0,25.79858038200613,2754,-14.130750315099633
0,30.0,25.79858038200613,2755,-14.132303732637794
0,30.0,25.79858038200613,2756,-14.133856953144843
0,30.0,25.79858038200613,2757,-14.13540997676266
0,30.0,25.79858038200613,2758,-14.13696280362403
0,30.0,25.79858038200613,2759,-14.138515433887207
0,30.0,25.79858038200613,2760,-14.140067867684976
0,30.0,25.79858038200613,2761,-14.141620105166496
0,30.0,25.79858038200613,2762,-14.143172146462732
0,30.0,25.79858038200613,2763,-14.144723991721023
0,30.0,25.79858038200613,2764,-14.146275641105078
0,30.0,25.79858038200613,2765,-14.147827094713122
0,30.0,25.79858038200613,2766,-14.14937835271796
0,30.0,25.79858038200613,2767,-14.15092941524874
0,30.0,25.79858038200613,2768,-14.1524802824528
0,30.0,25.79858038200613,2769,-14.154030954464744
0,30.0,25.79858038200613,2770,-14.155581431428274
0,30.0,25.79858038200613,2771,-14.157131713483452
0,30.0,25.79858038200613,2772,-14.158681800781252
0,30.0,25.79858038200613,2773,-14.160231693445368
0,30.0,25.79858038200613,2774,-14.161781391619499
0,30.0,25.79858038200613,2775,-14.16333089545462
0,30.0,25.79858038200613,2776,-14.164880205076244
0,30.0,25.79858038200613,2777,-14.166429320633526
0,30.0,25.79858038200613,2778,-14.167978242259252
0,30.0,25.79858038200613,2779,-14.169526970100762
0,30.0,25.79858038200613,2780,-14.17107550429084
0,30.0,25.79858038200613,2781,-14.172623844978645
0,30.0,25.79858038200613,2782,-14.17417199228241
0,30.0,25.79858038200613,2783,-14.175719946367664
0,30.0,25.79858038200613,2784,-14.177267707341727
0,30.0,25.79858038200613,2785,-14.178815275379222
0,30.0,25.79858038200613,2786,-14.180362650591107
0,30.0,25.79858038200613,2787,-14.18190983312472
0,30.0,25.79858038200613,2788,-14.183456823120125
0,30.0,25.79858038200613,2789,-14.185003620706468
0,30.0,25.79858038200613,2790,-14.186550226040183
0,30.0,25.79858038200613,2791,-14.188096639232228
0,30.0,25.79858038200613,2792,-14.189642860440856
0,30.0,25.79858038200613,2793,-14.191188889798852
0,30.0,25.79858038200613,2794,-14.192734727440822
0,30.0,25.79858038200613,2795,-14.19428037350319
0,30.0,25.79858038200613,2796,-14.19582582812238
0,30.0,25.79858038200613,2797,-14.197371091434817
0,30.0,25.79858038200613,2798,-14.198916163589658
0,30.0,25.79858038200613,2799,-14.20046104469786
0,30.0,25.79858038200613,2800,-14.202005734919496
0,30.0,25.79858038200613,2801,-14.203550234380074
0,30.0,25.79858038200613,2802,-14.20509454321602
0,30.0,25.79858038200613,2803,-14.206638661571034
0,30.0,25.79858038200613,2804,-14.208182589566988
0,30.0,25.79858038200613,2805,-14.209726327340306
0,30.0,25.79858038200613,2806,-14.211269875047421
0,30.0,25.79858038200613,2807,-14.212813232795654
0,30.0,25.79858038200613,2808,-14.214356400739618
0,30.0,25.79858038200613,2809,-14.215899379004824
0,30.0,25.79858038200613,2810,-14.217442167736792
0,30.0,25.79858038200613,2811,-14.218984767053755
0,30.0,25.79858038200613,2812,-14.220527177099413
0,30.0,25.79858038200613,2813,-14.222069398010191
0,30.0,25.79858038200613,2814,-14.223611429920695
0,30.0,25.79858038200613,2815,-14.22515327296371
0,30.0,25.79858038200613,2816,-14.226694927264745
0,30.0,25.79858038200613,2817,-14.228236392967503
0,30.0,25.79858038200613,2818,-14.229777670206587
0,30.0,25.79858038200613,2819,-14.23131875910751
0,30.0,25.79858038200613,2820,-14.232859659806692
0,30.0,25.79858038200613,2821,-14.234400372440561
0,30.0,25.79858038200613,2822,-14.235940897136445
0,30.0,25.79858038200613,2823,-14.237481234038043
0,30.0,25.79858038200613,2824,-14.239021383267229
0,30.0,25.79858038200613,2825,-14.240561344967702
0,30.0,25.79858038200613,2826,-14.24210111925224
0,30.0,25.79858038200613,2827,-14.243640706271819
0,30.0,25.79858038200613,2828,-14.245180106162863
0,30.0,25.79858038200613,2829,-14.246719319039968
0,30.0,25.79858038200613,2830,-14.24825834503774
0,30.0,25.79858038200613,2831,-14.249797184296241
0,30.0,25.79858038200613,2832,-14.251335836948257
0,30.0,25.79858038200613,2833,-14.252874303112023
0,30.0,25.79858038200613,2834,-14.254412582933057
0,30.0,25.79858038200613,2835,-14.255950676544145
0,30.0,25.79858038200613,2836,-14.257488584059885
0,30.0,25.79858038200613,2837,-14.259026305627614
0,30.0,25.79858038200613,2838,-14.260563841369205
0,30.0,25.79858038200613,2839,-14.262101191421081
0,30.0,25.79858038200613,2840,-14.263638355906934
0,30.0,25.79858038200613,2841,-14.265175334963189
0,30.0,25.79858038200613,2842,-14.266712128717174
0,30.0,25.79858038200613,2843,-14.268248737298038
0,30.0,25.79858038200613,2844,-14.269785160838566
0,30.0,25.79858038200613,2845,-14.271321399471546
0,30.0,25.79858038200613,2846,-14.27285745331703
0,30.0,25.79858038200613,2847,-14.27439332251872
0,30.0,25.79858038200613,2848,-14.275929007194847
0,30.0,25.79858038200613,2849,-14.2774645074782
0,30.0,25.79858038200613,2850,-14.278999823501564
0,30.0,25.79858038200613,2851,-14.280534955377718
0,30.0,25.79858038200613,2852,-14.282069903261274
0,30.0,25.79858038200613,2853,-14.283604667266829
0,30.0,25.79858038200613,2854,-14.285139247523531
0,30.0,25.79858038200613,2855,-14.286673644151435
0,30.0,25.79858038200613,2856,-14.288207857297877
0,30.0,25.79858038200613,2857,-14.289741887081092
0,30.0,25.79858038200613,2858,-14.291275733619315
0,30.0,25.79858038200613,2859,-14.292809397068979
0,30.0,25.79858038200613,2860,-14.294342877530127
0,30.0,25.79858038200613,2861,-14.295876175139185
0,30.0,25.79858038200613,2862,-14.297409290021662
0,30.0,25.79858038200613,2863,-14.298942222315802
0,30.0,25.79858038200613,2864,-14.300474972132562
0,30.0,25.79858038200613,2865,-14.30200753962292
0,30.0,25.79858038200613,2866,-14.303539924883282
0,30.0,25.79858038200613,2867,-14.305072128062804
0,30.0,25.79858038200613,2868,-14.306604149283359
0,30.0,25.79858038200613,2869,-14.30813598866682
0,30.0,25.79858038200613,2870,-14.30966764634961
0,30.0,25.79858038200613,2871,-14.311199122444506
0,30.0,25.79858038200613,2872,-14.312730417084296
0,30.0,25.79858038200613,2873,-14.314261530401765
0,30.0,25.79858038200613,2874,-14.315792462515148
0,30.0,25.79858038200613,2875,-14.317323213546317
0,30.0,25.79858038200613,2876,-14.318853783635333
0,30.0,25.79858038200613,2877,-14.3203841728877
0,30.0,25.79858038200613,2878,-14.32191438145803
0,30.0,25.79858038200613,2879,-14.323444409433634
0,30.0,25.79858038200613,2880,-14.324974256976404
0,30.0,25.79858038200613,2881,-14.326503924190021
0,30.0,25.79858038200613,2882,-14.328033411203634
0,30.0,25.79858038200613,2883,-14.329562718144572
0,30.0,25.79858038200613,2884,-14.331091845138346
0,30.0,25.79858038200613,2885,-14.332620792303189
0,30.0,25.79858038200613,2886,-14.334149559764612
0,30.0,25.79858038200613,2887,-14.335678147660857
0,30.0,25.79858038200613,2888,-14.33720655609197
0,30.0,25.79858038200613,2889,-14.338734785201652
0,30.0,25.79858038200613,2890,-14.340262835108135
0,30.0,25.79858038200613,2891,-14.34179070593511
0,30.0,25.79858038200613,2892,-14.34331839780809
0,30.0,25.79858038200613,2893,-14.344845910852584
0,30.0,25.79858038200613,2894,-14.346373245168635
0,30.0,25.79858038200613,2895,-14.347900400916316
0,30.0,25.79858038200613,2896,-14.349427378199309
0,30.0,25.79858038200613,2897,-14.350954177139485
0,30.0,25.79858038200613,2898,-14.352480797858718
0,30.0,25.79858038200613,2899,-14.354007240491612
0,30.0,25.79858038200613,2900,-14.355533505149126
0,30.0,25.79858038200613,2901,-14.35705959195677
0,30.0,25.79858038200613,2902,-14.358585501043692
0,30.0,25.79858038200613,2903,-14.36011123252267
0,30.0,25.79858038200613,2904,-14.361636786515575
0,30.0,25.79858038200613,2905,-14.363162163155195
0,30.0,25.79858038200613,2906,-14.36468736254885
0,30.0,25.79858038200613,2907,-14.366212384842058
0,30.0,25.79858038200613,2908,-14.367737230127588
0,30.0,25.79858038200613,2909,-14.369261898538227
0,30.0,25.79858038200613,2910,-14.370786390210398
0,30.0,25.79858038200613,2911,-14.372310705242327
0,30.0,25.79858038200613,2912,-14.3738348437668
0,30.0,25.79858038200613,2913,-14.375358805905691
0,30.0,25.79858038200613,2914,-14.376882591775413
0,30.0,25.79858038200613,2915,-14.37840620149602
0,30.0,25.79858038200613,2916,-14.379929635194841
0,30.0,25.79858038200613,2917,-14.381452892986474
0,30.0,25.79858038200613,2918,-14.382975974996427
0,30.0,25.79858038200613,2919,-14.384498881339297
0,30.0,25.79858038200613,2920,-14.386021612138777
0,30.0,25.79858038200613,2921,-14.387544167513099
0,30.0,25.79858038200613,2922,-14.389066547580498
0,30.0,25.79858038200613,2923,-14.390588752466485
0,30.0,25.79858038200613,2924,-14.392110782287475
0,30.0,25.79858038200613,2925,-14.393632637161701
0,30.0,25.79858038200613,2926,-14.395154317211038
0,30.0,25.79858038200613,2927,-14.396675822557356
0,30.0,25.79858038200613,2928,-14.398197153313433
0,30.0,25.79858038200613,2929,-14.399718309590227
0,30.0,25.79858038200613,2930,-14.40123929153144
0,30.0,25.79858038200613,2931,-14.40276009924439
0,30.0,25.79858038200613,2932,-14.404280732834579
0,30.0,25.79858038200613,2933,-14.405801192438432
0,30.0,25.79858038200613,2934,-14.407321478166907
0,30.0,25.79858038200613,2935,-14.4088415901346
0,30.0,25.79858038200613,2936,-14.41036152846884
0,30.0,25.79858038200613,2937,-14.411881293280587
0,30.0,25.79858038200613,2938,-14.41340088469535
0,30.0,25.79858038200613,2939,-14.414920302820448
0,30.0,25.79858038200613,2940,-14.416439547772299
0,30.0,25.79858038200613,2941,-14.417958619683688
0,30.0,25.79858038200613,2942,-14.419477518665573
0,30.0,25.79858038200613,2943,-14.420996244825275
0,30.0,25.79858038200613,2944,-14.422514798293761
0,30.0,25.79858038200613,2945,-14.424033179185628
0,30.0,25.79858038200613,2946,-14.425551387600919
0,30.0,25.79858038200613,2947,-14.427069423694249
0,30.0,25.79858038200613,2948,-14.42858728753474
0,30.0,25.79858038200613,2949,-14.430104979277004
0,30.0,25.79858038200613,2950,-14.431622499015631
0,30.0,25.79858038200613,2951,-14.433139846879769
0,30.0,25.79858038200613,2952,-14.434657022976737
0,30.0,25.79858038200613,2953,-14.436174027432045
0,30.0,25.79858038200613,2954,-14.437690860349377
0,30.0,25.79858038200613,2955,-14.439207521857881
0,30.0,25.79858038200613,2956,-14.440724012063058
0,30.0,25.79858038200613,2957,-14.442240331083141
0,30.0,25.79858038200613,2958,-14.44375647904728
0,30.0,25.79858038200613,2959,-14.445272456044606
0,30.0,25.79858038200613,2960,-14.44678826221336
0,30.0,25.79858038200613,2961,-14.448303897657226
0,30.0,25.79858038200613,2962,-14.449819362494438
0,30.0,25.79858038200613,2963,-14.45133465684323
0,30.0,25.79858038200613,2964,-14.452849780809103
0,30.0,25.79858038200613,2965,-14.454364734517569
0,30.0,25.79858038200613,2966,-14.455879518083222
0,30.0,25.79858038200613,2967,-14.457394131609746
0,30.0,25.79858038200613,2968,-14.458908575220832
0,30.0,25.79858038200613,2969,-14.4604228490238
0,30.0,25.79858038200613,2970,-14.46193695314416
0,30.0,25.79858038200613,2971,-14.463450887685596
0,30.0,25.79858038200613,2972,-14.464964652764522
0,30.0,25.79858038200613,2973,-14.466478248499172
0,30.0,25.79858038200613,2974,-14.467991674993229
0,30.0,25.79858038200613,2975,-14.469504932368565
0,30.0,25.79858038200613,2976,-14.47101802073432
0,30.0,25.79858038200613,2977,-14.472530940216004
0,30.0,25.79858038200613,2978,-14.474043690910023
0,30.0,25.79858038200613,2979,-14.475556272941887
0,30.0,25.79858038200613,2980,-14.477068686418917
0,30.0,25.79858038200613,2981,-14.478580931453891
0,30.0,25.79858038200613,2982,-14.480093008161404
0,30.0,25.79858038200613,2983,-14.48160491664514
0,30.0,25.79858038200613,2984,-14.48311665704152
0,30.0,25.79858038200613,2985,-14.48462822943786
0,30.0,25.79858038200613,2986,-14.486139633963305
0,30.0,25.79858038200613,2987,-14.487650870706986
0,30.0,25.79858038200613,2988,-14.489161939810785
0,30.0,25.79858038200613,2989,-14.490672841372927
0,30.0,25.79858038200613,2990,-14.492183575498913
0,30.0,25.79858038200613,2991,-14.493694142310616
0,30.0,25.79858038200613,2992,-14.495204541922632
0,30.0,25.79858038200613,2993,-14.496714774433187
0,30.0,25.79858038200613,2994,-14.498224839953238
0,30.0,25.79858038200613,2995,-14.499734738622848
0,30.0,25.79858038200613,2996,-14.501244470516596
0,30.0,25.79858038200613,2997,-14.502754035754535
0,30.0,25.79858038200613,2998,-14.50426343446945
0,30.0,25.79858038200613,2999,-14.505772666750474
0,30.0,25.79858038200613,3000,-14.507281732715839
0,30.0,25.79858038200613,3001,-14.508790632474685
0,30.0,25.79858038200613,3002,-14.510299366137971
0,30.0,25.79858038200613,3003,-14.511807933823931
0,30.0,25.79858038200613,3004,-14.513316335625333
0,30.0,25.79858038200613,3005,-14.514824571669507
0,30.0,25.79858038200613,3006,-14.516332642049221
0,30.0,25.79858038200613,3007,-14.517840546897261
0,30.0,25.79858038200613,3008,-14.519348286306396
0,30.0,25.79858038200613,3009,-14.520855860400317
0,30.0,25.79858038200613,3010,-14.522363269268155
0,30.0,25.79858038200613,3011,-14.523870513035419
0,30.0,25.79858038200613,3012,-14.525377591805793
0,30.0,25.79858038200613,3013,-14.526884505688415
0,30.0,25.79858038200613,3014,-14.528391254805157
0,30.0,25.79858038200613,3015,-14.529897839245152
0,30.0,25.79858038200613,3016,-14.531404259133907
0,30.0,25.79858038200613,3017,-14.532910514566012
0,30.0,25.79858038200613,3018,-14.534416605663338
0,30.0,25.79858038200613,3019,-14.535922532522292
0,30.0,25.79858038200613,3020,-14.53742829525747
0,30.0,25.79858038200613,3021,-14.53893389398165
0,30.0,25.79858038200613,3022,-14.540439328802151
0,30.0,25.79858038200613,3023,-14.541944599826294
0,30.0,25.79858038200613,3024,-14.543449707157762
0,30.0,25.79858038200613,3025,-14.544954650905694
0,30.0,25.79858038200613,3026,-14.546459431182868
0,30.0,25.79858038200613,3027,-14.547964048096603
0,30.0,25.79858038200613,3028,-14.54946850173421
0,30.0,25.79858038200613,3029,-14.550972792241211
0,30.0,25.79858038200613,3030,-14.552476919699458
0,30.0,25.79858038200613,3031,-14.55398088421991
0,30.0,25.79858038200613,3032,-14.555484685920803
0,30.0,25.79858038200613,3033,-14.556988324896722
0,30.0,25.79858038200613,3034,-14.558491801254988
0,30.0,25.79858038200613,3035,-14.559995115110198
0,30.0,25.79858038200613,3036,-14.561498266566034
0,30.0,25.79858038200613,3037,-14.563001255731635
0,30.0,25.79858038200613,3038,-14.564504082707046
0,30.0,25.79858038200613,3039,-14.566006747599587
0,30.0,25.79858038200613,3040,-14.567509250531131
0,30.0,25.79858038200613,3041,-14.569011591579894
0,30.0,25.79858038200613,3042,-14.570513770880481
0,30.0,25.79858038200613,3043,-14.572015788525661
0,30.0,25.79858038200613,3044,-14.573517644615478
0,30.0,25.79858038200613,3045,-14.575019339271805
0,30.0,25.79858038200613,3046,-14.576520872592866
0,30.0,25.79858038200613,3047,-14.57802224467143
0,30.0,25.79858038200613,3048,-14.57952345564756
0,30.0,25.79858038200613,3049,-14.581024505581283
0,30.0,25.79858038200613,3050,-14.582525394614478
0,30.0,25.79858038200613,3051,-14.58402612283264
0,30.0,25.79858038200613,3052,-14.585526690350363
0,30.0,25.79858038200613,3053,-14.587027097264055
0,30.0,25.79858038200613,3054,-14.588527343697407
0,30.0,25.79858038200613,3055,-14.590027429735912
0,30.0,25.79858038200613,3056,-14.591527355494165
0,30.0,25.79858038200613,3057,-14.593027121072211
0,30.0,25.79858038200613,3058,-14.594526726571914
0,30.0,25.79858038200613,3059,-14.596026172100593
0,30.0,25.79858038200613,3060,-14.597525457772846
0,30.0,25.79858038200613,3061,-14.599024583677803
0,30.0,25.79858038200613,3062,-14.600523549935517
0,30.0,25.79858038200613,3063,-14.602022356636937
0,30.0,25.79858038200613,3064,-14.60352100389666
0,30.0,25.79858038200613,3065,-14.605019491794721
0,30.0,25.79858038200613,3066,-14.606517820469364
0,30.0,25.79858038200613,3067,-14.608015990009719
0,30.0,25.79858038200613,3068,-14.60951400049764
0,30.0,25.79858038200613,3069,-14.61101185207319
0,30.0,25.79858038200613,3070,-14.612509544809129
0,30.0,25.79858038200613,3071,-14.614007078830966
0,30.0,25.79858038200613,3072,-14.61550445423147
0,30.0,25.79858038200613,3073,-14.617001671114323
0,30.0,25.79858038200613,3074,-14.618498729592304
0,30.0,25.79858038200613,3075,-14.619995629747265
0,30.0,25.79858038200613,3076,-14.621492371708356
0,30.0,25.79858038200613,3077,-14.622988955550156
0,30.0,25.79858038200613,3078,-14.624485381396354
0,30.0,25.79858038200613,3079,-14.625981649343359
0,30.0,25.79858038200613,3080,-14.627477759491214
0,30.0,25.79858038200613,3081,-14.62897371194724
0,30.0,25.79858038200613,3082,-14.630469506806023
0,30.0,25.79858038200613,3083,-14.631965144178523
0,30.0,25.79858038200613,3084,-14.633460624157507
0,30.0,25.79858038200613,3085,-14.634955946850297
0,30.0,25.79858038200613,3086,-14.63645111235148
0,30.0,25.79858038200613,3087,-14.63794612077929
0,30.0,25.79858038200613,3088,-14.639440972226495
0,30.0,25.79858038200613,3089,-14.640935666789503
0,30.0,25.79858038200613,3090,-14.642430204570175
0,30.0,25.79858038200613,3091,-14.643924585675833
0,30.0,25.79858038200613,3092,-14.64541881021016
0,30.0,25.79858038200613,3093,-14.64691287826956
0,30.0,25.79858038200613,3094,-14.648406789941347
0,30.0,25.79858038200613,3095,-14.649900545358307
0,30.0,25.79858038200613,3096,-14.651394144591379
0,30.0,25.79858038200613,3097,-14.652887587751522
0,30.0,25.79858038200613,3098,-14.654380874947876
0,30.0,25.79858038200613,3099,-14.655874006265933
0,30.0,25.79858038200613,3100,-14.65736698181665
0,30.0,25.79858038200613,3101,-14.658859801705532
0,30.0,25.79858038200613,3102,-14.660352466019887
0,30.0,25.79858038200613,3103,-14.661844974865218
0,30.0,25.79858038200613,3104,-14.663337328337931
0,30.0,25.79858038200613,3105,-14.664829526548985
0,30.0,25.79858038200613,3106,-14.66632156958569
0,30.0,25.79858038200613,3107,-14.667813457544455
0,30.0,25.79858038200613,3108,-14.669305190543511
0,30.0,25.79858038200613,3109,-14.670796768671991
0,30.0,25.79858038200613,3110,-14.6722881920263
0,30.0,25.79858038200613,3111,-14.673779460719217
0,30.0,25.79858038200613,3112,-14.675270574821681
0,30.0,25.79858038200613,3113,-14.676761534466479
0,30.0,25.79858038200613,3114,-14.678252339724551
0,30.0,25.79858038200613,3115,-14.679742990712313
0,30.0,25.79858038200613,3116,-14.68123348752981
0,30.0,25.79858038200613,3117,-14.682723830269808
0,30.0,25.79858038200613,3118,-14.684214019025077
0,30.0,25.79858038200613,3119,-14.68570405390112
0,30.0,25.79858038200613,3120,-14.687193935001616
0,30.0,25.79858038200613,3121,-14.688683662419336
0,30.0,25.79858038200613,3122,-14.690173236247048
0,30.0,25.79858038200613,3123,-14.691662656590253
0,30.0,25.79858038200613,3124,-14.693151923545358
0,30.0,25.79858038200613,3125,-14.694641037216044
0,30.0,25.79858038200613,3126,-14.696129997676891
0,30.0,25.79858038200613,3127,-14.697618805058866
0,30.0,25.79858038200613,3128,-14.699107459436547
0,30.0,25.79858038200613,3129,-14.700595960920893
0,30.0,25.79858038200613,3130,-14.702084309611948
0,30.0,25.79858038200613,3131,-14.703572505589747
0,30.0,25.79858038200613,3132,-14.70506054894706
0,30.0,25.79858038200613,3133,-14.706548439816672
0,30.0,25.79858038200613,3134,-14.708036178269523
0,30.0,25.79858038200613,3135,-14.70952376440384
0,30.0,25.79858038200613,3136,-14.711011198323305
0,30.0,25.79858038200613,3137,-14.712498480120686
0,30.0,25.79858038200613,3138,-14.713985609890571
0,30.0,25.79858038200613,3139,-14.715472587745737
0,30.0,25.79858038200613,3140,-14.716959413755305
0,30.0,25.79858038200613,3141,-14.71844608803751
0,30.0,25.79858038200613,3142,-14.719932610674206
0,30.0,25.79858038200613,3143,-14.721418981778172
0,30.0,25.79858038200613,3144,-14.722905201434898
0,30.0,25.79858038200613,3145,-14.72439126974443
0,30.0,25.79858038200613,3146,-14.725877186803174
0,30.0,25.79858038200613,3147,-14.727362952705718
0,30.0,25.79858038200613,3148,-14.72884856754483
0,30.0,25.79858038200613,3149,-14.730334031413278
0,30.0,25.79858038200613,3150,-14.731819344414745
0,30.0,25.79858038200613,3151,-14.733304506654733
0,30.0,25.79858038200613,3152,-14.734789518207819
0,30.0,25.79858038200613,3153,-14.736274379177686
0,30.0,25.79858038200613,3154,-14.737759089660742
0,30.0,25.79858038200613,3155,-14.739243649758848
0,30.0,25.79858038200613,3156,-14.74072805955386
0,30.0,25.79858038200613,3157,-14.742212319145821
0,30.0,25.79858038200613,3158,-14.743696428638415
0,30.0,25.79858038200613,3159,-14.745180388118953
0,30.0,25.79858038200613,3160,-14.746664197680204
0,30.0,25.79858038200613,3161,-14.748147857411297
0,30.0,25.79858038200613,3162,-14.74963136742683
0,30.0,25.79858038200613,3163,-14.751114727810474
0,30.0,25.79858038200613,3164,-14.752597938640449
0,30.0,25.79858038200613,3165,-14.754081000042262
0,30.0,25.79858038200613,3166,-14.755563912083218
0,30.0,25.79858038200613,3167,-14.757046674876094
0,30.0,25.79858038200613,3168,-14.75852928850638
0,30.0,25.79858038200613,3169,-14.760011753074124
0,30.0,25.79858038200613,3170,-14.761494068664817
0,30.0,25.79858038200613,3171,-14.762976235374865
0,30.0,25.79858038200613,3172,-14.764458253295217
0,30.0,25.79858038200613,3173,-14.765940122525919
0,30.0,25.79858038200613,3174,-14.767421843163376
0,30.0,25.79858038200613,3175,-14.76890341529672
0,30.0,25.79858038200613,3176,-14.770384839007804
0,30.0,25.79858038200613,3177,-14.771866114411225
0,30.0,25.79858038200613,3178,-14.773347241590656
0,30.0,25.79858038200613,3179,-14.774828220624315
0,30.0,25.79858038200613,3180,-14.776309051635891
0,30.0,25.79858038200613,3181,-14.77778973469269
0,30.0,25.79858038200613,3182,-14.779270269891114
0,30.0,25.79858038200613,3183,-14.780750657349401
0,30.0,25.79858038200613,3184,-14.782230897129395
0,30.0,25.79858038200613,3185,-14.783710989327503
0,30.0,25.79858038200613,3186,-14.785190934047407
0,30.0,25.79858038200613,3187,-14.786670731378237
0,30.0,25.79858038200613,3188,-14.788150381414582
0,30.0,25.79858038200613,3189,-14.789629884249209
0,30.0,25.79858038200613,3190,-14.79110923996761
0,30.0,25.79858038200613,3191,-14.79258844865528
0,30.0,25.79858038200613,3192,-14.794067510424995
0,30.0,25.79858038200613,3193,-14.79554642535497
0,30.0,25.79858038200613,3194,-14.797025193541614
0,30.0,25.79858038200613,3195,-14.798503815070418
0,30.0,25.79858038200613,3196,-14.799982290039608
0,30.0,25.79858038200613,3197,-14.801460618541952
0,30.0,25.79858038200613,3198,-14.802938800659305
0,30.0,25.79858038200613,3199,-14.804416836506263
0,30.0,25.79858038200613,3200,-14.805894726133758
0,30.0,25.79858038200613,3201,-14.807372469670938
0,30.0,25.79858038200613,3202,-14.808850067185105
0,30.0,25.79858038200613,3203,-14.810327518787219
0,30.0,25.79858038200613,3204,-14.8118048245464
0,30.0,25.79858038200613,3205,-14.813281984573607
0,30.0,25.79858038200613,3206,-14.814758998947056
0,30.0,25.79858038200613,3207,-14.81623586777043
0,30.0,25.79858038200613,3208,-14.817712591123765
0,30.0,25.79858038200613,3209,-14.819189169085277
0,30.0,25.79858038200613,3210,-14.820665601776838
0,30.0,25.79858038200613,3211,-14.822141889265751
0,30.0,25.79858038200613,3212,-14.823618031642965
0,30.0,25.79858038200613,3213,-14.825094029006706
0,30.0,25.79858038200613,3214,-14.82656988145338
0,30.0,25.79858038200613,3215,-14.828045589048472
0,30.0,25.79858038200613,3216,-14.829521151901119
0,30.0,25.79858038200613,3217,-14.830996570107729
0,30.0,25.79858038200613,3218,-14.832471843735604
0,30.0,25.79858038200613,3219,-14.833946972884789
0,30.0,25.79858038200613,3220,-14.83542195766806
0,30.0,25.79858038200613,3221,-14.836896798134532
0,30.0,25.79858038200613,3222,-14.838371494391524
0,30.0,25.79858038200613,3223,-14.839846046542718
0,30.0,25.79858038200613,3224,-14.841320454653598
0,30.0,25.79858038200613,3225,-14.842794718827847
0,30.0,25.79858038200613,3226,-14.844268839150956
0,30.0,25.79858038200613,3227,-14.845742815719333
0,30.0,25.79858038200613,3228,-14.8472166486021
0,30.0,25.79858038200613,3229,-14.848690337910213
0,30.0,25.79858038200613,3230,-14.850163883714615
0,30.0,25.79858038200613,3231,-14.851637286118986
0,30.0,25.79858038200613,3232,-14.853110545203364
0,30.0,25.79858038200613,3233,-14.854583661056878
0,30.0,25.79858038200613,3234,-14.856056633774116
0,30.0,25.79858038200613,3235,-14.857529463431476
0,30.0,25.79858038200613,3236,-14.859002150125363
0,30.0,25.79858038200613,3237,-14.860474693954004
0,30.0,25.79858038200613,3238,-14.861947094988338
0,30.0,25.79858038200613,3239,-14.863419353321135
0,30.0,25.79858038200613,3240,-14.864891469037886
0,30.0,25.79858038200613,3241,-14.866363442236818
0,30.0,25.79858038200613,3242,-14.867835273003422
0,30.0,25.79858038200613,3243,-14.86930696140864
0,30.0,25.79858038200613,3244,-14.870778507567067
0,30.0,25.79858038200613,3245,-14.872249911547826
0,30.0,25.79858038200613,3246,-14.87372117343277
0,30.0,25.79858038200613,3247,-14.87519229332922
0,30.0,25.79858038200613,3248,-14.87666327132267
0,30.0,25.79858038200613,3249,-14.878134107474963
0,30.0,25.79858038200613,3250,-14.879604801904335
0,30.0,25.79858038200613,3251,-14.881075354679908
0,30.0,25.79858038200613,3252,-14.88254576589081
0,30.0,25.79858038200613,3253,-14.884016035629813
0,30.0,25.79858038200613,3254,-14.885486163978769
0,30.0,25.79858038200613,3255,-14.886956151026808
0,30.0,25.79858038200613,3256,-14.888425996859425
0,30.0,25.79858038200613,3257,-14.889895701567568
0,30.0,25.79858038200613,3258,-14.891365265222177
0,30.0,25.79858038200613,3259,-14.892834687934212
0,30.0,25.79858038200613,3260,-14.894303969770974
0,30.0,25.79858038200613,3261,-14.895773110823413
0,30.0,25.79858038200613,3262,-14.897242111177022
0,30.0,25.79858038200613,3263,-14.898710970928207
0,30.0,25.79858038200613,3264,-14.900179690151546
0,30.0,25.79858038200613,3265,-14.90164826893799
0,30.0,25.79858038200613,3266,-14.90311670737303
0,30.0,25.79858038200613,3267,-14.904585005538522
0,30.0,25.79858038200613,3268,-14.906053163519957
0,30.0,25.79858038200613,3269,-14.907521181419199
0,30.0,25.79858038200613,3270,-14.908989059296275
0,30.0,25.79858038200613,3271,-14.910456797254867
0,30.0,25.79858038200613,3272,-14.911924395369553
0,30.0,25.79858038200613,3273,-14.913391853731284
0,30.0,25.79858038200613,3274,-14.914859172432827
0,30.0,25.79858038200613,3275,-14.916326351545123
0,30.0,25.79858038200613,3276,-14.91779339116458
0,30.0,25.79858038200613,3277,-14.919260291363955
0,30.0,25.79858038200613,3278,-14.920727052243294
0,30.0,25.79858038200613,3279,-14.922193673877175
0,30.0,25.79858038200613,3280,-14.923660156340176
0,30.0,25.79858038200613,3281,-14.925126499752352
0,30.0,25.79858038200613,3282,-14.926592704162815
0,30.0,25.79858038200613,3283,-14.92805876966797
0,30.0,25.79858038200613,3284,-14.92952469635695
0,30.0,25.79858038200613,3285,-14.930990484313426
0,30.0,25.79858038200613,3286,-14.932456133615617
0,30.0,25.79858038200613,3287,-14.933921644359927
0,30.0,25.79858038200613,3288,-14.935387016606384
0,30.0,25.79858038200613,3289,-14.936852250465947
0,30.0,25.79858038200613,3290,-14.938317346002279
0,30.0,25.79858038200613,3291,-14.939782303317244
0,30.0,25.79858038200613,3292,-14.941247122485422
0,30.0,25.79858038200613,3293,-14.942711803586846
0,30.0,25.79858038200613,3294,-14.94417634670701
0,30.0,25.79858038200613,3295,-14.945640751942321
0,30.0,25.79858038200613,3296,-14.947105019352804
0,30.0,25.79858038200613,3297,-14.9485691490476
0,30.0,25.79858038200613,3298,-14.950033141097649
0,30.0,25.79858038200613,3299,-14.95149699557389
0,30.0,25.79858038200613,3300,-14.952960712580008
0,30.0,25.79858038200613,3301,-14.954424292194219
0,30.0,25.79858038200613,3302,-14.955887734496557
0,30.0,25.79858038200613,3303,-14.957351039561601
0,30.0,25.79858038200613,3304,-14.958814207489397
0,30.0,25.79858038200613,3305,-14.960277238354522
0,30.0,25.79858038200613,3306,-14.961740132233373
0,30.0,25.79858038200613,3307,-14.96320288921872
0,30.0,25.79858038200613,3308,-14.964665509392418
0,30.0,25.79858038200613,3309,-14.966127992821768
0,30.0,25.79858038200613,3310,-14.967590339612272
0,30.0,25.79858038200613,3311,-14.969052549838509
0,30.0,25.79858038200613,3312,-14.970514623578694
0,30.0,25.79858038200613,3313,-14.971976560911045
0,30.0,25.79858038200613,3314,-14.973438361922874
0,30.0,25.79858038200613,3315,-14.974900026714224
0,30.0,25.79858038200613,3316,-14.97636155533057
0,30.0,25.79858038200613,3317,-14.977822947886509
0,30.0,25.79858038200613,3318,-14.979284204440248
0,30.0,25.79858038200613,3319,-14.980745325084555
0,30.0,25.79858038200613,3320,-14.982206309908563
0,30.0,25.79858038200613,3321,-14.983667158979571
0,30.0,25.79858038200613,3322,-14.985127872384894
0,30.0,25.79858038200613,3323,-14.986588450202746
0,30.0,25.79858038200613,3324,-14.988048892533172
0,30.0,25.79858038200613,3325,-14.989509199432561
0,30.0,25.79858038200613,3326,-14.99096937099732
0,30.0,25.79858038200613,3327,-14.992429407298388
0,30.0,25.79858038200613,3328,-14.993889308426716
0,30.0,25.79858038200613,3329,-14.995349074464158
0,30.0,25.79858038200613,3330,-14.99680870549075
0,30.0,25.79858038200613,3331,-14.998268201573794
0,30.0,25.79858038200613,3332,-14.999727562809696
0,30.0,25.79858038200613,3333,-15.001186789262121
0,30.0,25.79858038200613,3334,-15.002645881032933
0,30.0,25.79858038200613,3335,-15.004104838193072
0,30.0,25.79858038200613,3336,-15.005563660828031
0,30.0,25.79858038200613,3337,-15.00702234900875
0,30.0,25.79858038200613,3338,-15.008480902818903
0,30.0,25.79858038200613,3339,-15.00993932234762
0,30.0,25.79858038200613,3340,-15.011397607662204
0,30.0,25.79858038200613,3341,-15.012855758848147
0,30.0,25.79858038200613,3342,-15.0143137759964
0,30.0,25.79858038200613,3343,-15.015771659170625
0,30.0,25.79858038200613,3344,-15.017229408459954
0,30.0,25.79858038200613,3345,-15.018687023942604
0,30.0,25.79858038200613,3346,-15.020144505691334
0,30.0,25.79858038200613,3347,-15.021601853791637
0,30.0,25.79858038200613,3348,-15.02305906833628
0,30.0,25.79858038200613,3349,-15.02451614937074
0,30.0,25.79858038200613,3350,-15.025973097015068
0,30.0,25.79858038200613,3351,-15.027429911336569
0,30.0,25.79858038200613,3352,-15.028886592387991
0,30.0,25.79858038200613,3353,-15.030343140283932
0,30.0,25.79858038200613,3354,-15.031799555078962
0,30.0,25.79858038200613,3355,-15.033255836873124
0,30.0,25.79858038200613,3356,-15.034711985730084
0,30.0,25.79858038200613,3357,-15.036168001728058
0,30.0,25.79858038200613,3358,-15.037623884961633
0,30.0,25.79858038200613,3359,-15.039079635490836
0,30.0,25.79858038200613,3360,-15.040535253408436
0,30.0,25.79858038200613,3361,-15.041990738796287
0,30.0,25.79858038200613,3362,-15.043446091707139
0,30.0,25.79858038200613,3363,-15.044901312246495
0,30.0,25.79858038200613,3364,-15.046356400490751
0,30.0,25.79858038200613,3365,-15.04781135650721
0,30.0,25.79858038200613,3366,-15.049266180372271
0,30.0,25.79858038200613,3367,-15.05072087218052
0,30.0,25.79858038200613,3368,-15.052175432002898
0,30.0,25.79858038200613,3369,-15.053629859903069
0,30.0,25.79858038200613,3370,-15.055084155973802
0,30.0,25.79858038200613,3371,-15.056538320306046
0,30.0,25.79858038200613,3372,-15.057992352952553
0,30.0,25.79858038200613,3373,-15.059446254002452
0,30.0,25.79858038200613,3374,-15.060900023537599
0,30.0,25.79858038200613,3375,-15.062353661627114
0,30.0,25.79858038200613,3376,-15.063807168352852
0,30.0,25.79858038200613,3377,-15.06526054379303
0,30.0,25.79858038200613,3378,-15.066713788029503
0,30.0,25.79858038200613,3379,-15.06816690113503
0,30.0,25.79858038200613,3380,-15.06961988318055
0,30.0,25.79858038200613,3381,-15.071072734255196
0,30.0,25.79858038200613,3382,-15.07252545442627
0,30.0,25.79858038200613,3383,-15.07397804378472
0,30.0,25.79858038200613,3384,-15.075430502390574
0,30.0,25.79858038200613,3385,-15.0768828303366
0,30.0,25.79858038200613,3386,-15.07833502769374
0,30.0,25.79858038200613,3387,-15.07978709453839
0,30.0,25.79858038200613,3388,-15.08123903094149
0,30.0,25.79858038200613,3389,-15.082690836992171
0,30.0,25.79858038200613,3390,-15.084142512754099
0,30.0,25.79858038200613,3391,-15.085594058318222
0,30.0,25.79858038200613,3392,-15.08704547375548
0,30.0,25.79858038200613,3393,-15.08849675912954
0,30.0,25.79858038200613,3394,-15.089947914529532
0,30.0,25.79858038200613,3395,-15.091398940042765
0,30.0,25.79858038200613,3396,-15.092849835729268
0,30.0,25.79858038200613,3397,-15.094300601670895
0,30.0,25.79858038200613,3398,-15.095751237938586
0,30.0,25.79858038200613,3399,-15.097201744612377
0,30.0,25.79858038200613,3400,-15.098652121770485
0,30.0,25.79858038200613,3401,-15.100102369489306
0,30.0,25.79858038200613,3402,-15.101552487839783
0,30.0,25.79858038200613,3403,-15.103002476903768
0,30.0,25.79858038200613,3404,-15.104452336752203
0,30.0,25.79858038200613,3405,-15.105902067463305
0,30.0,25.79858038200613,3406,-15.107351669111651
0,30.0,25.79858038200613,3407,-15.108801141788192
0,30.0,25.79858038200613,3408,-15.11025048554204
0,30.0,25.79858038200613,3409,-15.11169970045141
0,30.0,25.79858038200613,3410,-15.11314878661635
0,30.0,25.79858038200613,3411,-15.114597744087789
0,30.0,25.79858038200613,3412,-15.116046572954858
0,30.0,25.79858038200613,3413,-15.117495273288498
0,30.0,25.79858038200613,3414,-15.118943845170563
0,30.0,25.79858038200613,3415,-15.12039228865926
0,30.0,25.79858038200613,3416,-15.121840603836446
0,30.0,25.79858038200613,3417,-15.123288790794888
0,30.0,25.79858038200613,3418,-15.124736849587336
0,30.0,25.79858038200613,3419,-15.126184780297464
0,30.0,25.79858038200613,3420,-15.12763258300349
0,30.0,25.79858038200613,3421,-15.129080257765438
0,30.0,25.79858038200613,3422,-15.130527804686992
0,30.0,25.79858038200613,3423,-15.131975223797255
0,30.0,25.79858038200613,3424,-15.133422515214463
0,30.0,25.79858038200613,3425,-15.134869679007735
0,30.0,25.79858038200613,3426,-15.136316715217092
0,30.0,25.79858038200613,3427,-15.137763623957127
0,30.0,25.79858038200613,3428,-15.139210405275136
0,30.0,25.79858038200613,3429,-15.140657059256611
0,30.0,25.79858038200613,3430,-15.142103585987044
0,30.0,25.79858038200613,3431,-15.143549985504634
0,30.0,25.79858038200613,3432,-15.144996257922159
0,30.0,25.79858038200613,3433,-15.146442403296007
0,30.0,25.79858038200613,3434,-15.147888421700756
0,30.0,25.79858038200613,3435,-15.149334313214624
0,30.0,25.79858038200613,3436,-15.150780077910369
0,30.0,25.79858038200613,3437,-15.152225715855295
0,30.0,25.79858038200613,3438,-15.153671227120341
0,30.0,25.79858038200613,3439,-15.155116611807372
0,30.0,25.79858038200613,3440,-15.156561869952768
0,30.0,25.79858038200613,3441,-15.158007001643838
0,30.0,25.79858038200613,3442,-15.159452006973353
0,30.0,25.79858038200613,3443,-15.160896885979511
0,30.0,25.79858038200613,3444,-15.162341638753261
0,30.0,25.79858038200613,3445,-15.163786265387373
0,30.0,25.79858038200613,3446,-15.165230765916405
0,30.0,25.79858038200613,3447,-15.166675140444042
0,30.0,25.79858038200613,3448,-15.16811938902849
0,30.0,25.79858038200613,3449,-15.169563511744329
0,30.0,25.79858038200613,3450,-15.171007508666136
0,30.0,25.79858038200613,3451,-15.172451379868491
0,30.0,25.79858038200613,3452,-15.173895125424153
0,30.0,25.79858038200613,3453,-15.175338745404062
0,30.0,25.79858038200613,3454,-15.17678223987916
0,30.0,25.79858038200613,3455,-15.178225608924024
0,30.0,25.79858038200613,3456,-15.179668852611414
0,30.0,25.79858038200613,3457,-15.181111971015909
0,30.0,25.79858038200613,3458,-15.182554964204812
0,30.0,25.79858038200613,3459,-15.183997832256338
0,30.0,25.79858038200613,3460,-15.185440575243248
0,30.0,25.79858038200613,3461,-15.186883193229207
0,30.0,25.79858038200613,3462,-15.188325686288792
0,30.0,25.79858038200613,3463,-15.189768054496582
0,30.0,25.79858038200613,3464,-15.1912102979217
0,30.0,25.79858038200613,3465,-15.192652416649636
0,30.0,25.79858038200613,3466,-15.194094410729505
0,30.0,25.79858038200613,3467,-15.195536280254075
0,30.0,25.79858038200613,3468,-15.196978025281553
0,30.0,25.79858038200613,3469,-15.198419645893793
0,30.0,25.79858038200613,3470,-15.199861142147185
0,30.0,25.79858038200613,3471,-15.201302514123583
0,30.0,25.79858038200613,3472,-15.202743761903022
0,30.0,25.79858038200613,3473,-15.204184885541892
0,30.0,25.79858038200613,3474,-15.205625885122046
0,30.0,25.79858038200613,3475,-15.207066760699874
0,30.0,25.79858038200613,3476,-15.208507512371781
0,30.0,25.79858038200613,3477,-15.209948140186881
0,30.0,25.79858038200613,3478,-15.211388644221572
0,30.0,25.79858038200613,3479,-15.212829024546792
0,30.0,25.79858038200613,3480,-15.214269281246217
0,30.0,25.79858038200613,3481,-15.215709414376235
0,30.0,25.79858038200613,3482,-15.217149424011424
0,30.0,25.79858038200613,3483,-15.218589310219087
0,30.0,25.79858038200613,3484,-15.220029073071984
0,30.0,25.79858038200613,3485,-15.221468712648331
0,30.0,25.79858038200613,3486,-15.222908229011793
0,30.0,25.79858038200613,3487,-15.22434762223331
0,30.0,25.79858038200613,3488,-15.225786892396556
0,30.0,25.79858038200613,3489,-15.227226039550644
0,30.0,25.79858038200613,3490,-15.228665063766513
0,30.0,25.79858038200613,3491,-15.230103965140572
0,30.0,25.79858038200613,3492,-15.231542743711017
0,30.0,25.79858038200613,3493,-15.232981399572438
0,30.0,25.79858038200613,3494,-15.234419932773946
0,30.0,25.79858038200613,3495,-15.235858343411948
0,30.0,25.79858038200613,3496,-15.237296631539195
0,30.0,25.79858038200613,3497,-15.23873479722117
0,30.0,25.79858038200613,3498,-15.240172840543366
0,30.0,25.79858038200613,3499,-15.241610761554895
0,30.0,25.79858038200613,3500,-15.243048560348527
0,30.0,25.79858038200613,3501,-15.244486236975192
0,30.0,25.79858038200613,3502,-15.245923791520383
0,30.0,25.79858038200613,3503,-15.247361224040489
0,30.0,25.79858038200613,3504,-15.248798534613726
0,30.0,25.79858038200613,3505,-15.250235723309217
0,30.0,25.79858038200613,3506,-15.251672790190625
0,30.0,25.79858038200613,3507,-15.25310973533253
0,30.0,25.79858038200613,3508,-15.254546558802232
0,30.0,25.79858038200613,3509,-15.255983260668856
0,30.0,25.79858038200613,3510,-15.257419840992426
0,30.0,25.79858038200613,3511,-15.258856299865712
0,30.0,25.79858038200613,3512,-15.260292637341465
0,30.0,25.79858038200613,3513,-15.261728853485167
0,30.0,25.79858038200613,3514,-15.263164948369578
0,30.0,25.79858038200613,3515,-15.264600922080191
0,30.0,25.79858038200613,3516,-15.266036774649749
0,30.0,25.79858038200613,3517,-15.26747250618375
0,30.0,25.79858038200613,3518,-15.268908116720397
0,30.0,25.79858038200613,3519,-15.27034360635973
0,30.0,25.79858038200613,3520,-15.271778975150866
0,30.0,25.79858038200613,3521,-15.273214223162924
0,30.0,25.79858038200613,3522,-15.274649350470483
0,30.0,25.79858038200613,3523,-15.276084357140846
0,30.0,25.79858038200613,3524,-15.277519243234039
0,30.0,25.79858038200613,3525,-15.278954008822822
0,30.0,25.79858038200613,3526,-15.280388653978136
0,30.0,25.79858038200613,3527,-15.281823178770921
0,30.0,25.79858038200613,3528,-15.283257583264842
0,30.0,25.79858038200613,3529,-15.284691867536296
0,30.0,25.79858038200613,3530,-15.286126031638034
0,30.0,25.79858038200613,3531,-15.287560075648273
0,30.0,25.79858038200613,3532,-15.288993999630677
0,30.0,25.79858038200613,3533,-15.290427803661643
0,30.0,25.79858038200613,3534,-15.291861487790285
0,30.0,25.79858038200613,3535,-15.293295052109372
0,30.0,25.79858038200613,3536,-15.294728496664376
0,30.0,25.79858038200613,3537,-15.296161821531697
0,30.0,25.79858038200613,3538,-15.297595026789551
0,30.0,25.79858038200613,3539,-15.299028112494327
0,30.0,25.79858038200613,3540,-15.30046107870605
0,30.0,25.79858038200613,3541,-15.301893925512033
0,30.0,25.79858038200613,3542,-15.30332665295775
0,30.0,25.79858038200613,3543,-15.304759261128694
0,30.0,25.79858038200613,3544,-15.306191750084892
0,30.0,25.79858038200613,3545,-15.30762411988455
0,30.0,25.79858038200613,3546,-15.309056370609525
0,30.0,25.79858038200613,3547,-15.31048850232348
0,30.0,25.79858038200613,3548,-15.31192051509008
0,30.0,25.79858038200613,3549,-15.31335240897117
0,30.0,25.79858038200613,3550,-15.314784184044967
0,30.0,25.79858038200613,3551,-15.31621584036786
0,30.0,25.79858038200613,3552,-15.317647378019885
0,30.0,25.79858038200613,3553,-15.31907879705561
0,30.0,25.79858038200613,3554,-15.320510097544158
0,30.0,25.79858038200613,3555,-15.32194127955465
0,30.0,25.79858038200613,3556,-15.32337234315257
0,30.0,25.79858038200613,3557,-15.324803288397945
0,30.0,25.79858038200613,3558,-15.326234115378085
0,30.0,25.79858038200613,3559,-15.32766482413119
0,30.0,25.79858038200613,3560,-15.32909541474821
0,30.0,25.79858038200613,3561,-15.330525887278256
0,30.0,25.79858038200613,3562,-15.331956241794089
0,30.0,25.79858038200613,3563,-15.333386478366648
0,30.0,25.79858038200613,3564,-15.334816597057781
0,30.0,25.79858038200613,3565,-15.336246597927513
0,30.0,25.79858038200613,3566,-15.337676481044966
0,30.0,25.79858038200613,3567,-15.339106246484718
0,30.0,25.79858038200613,3568,-15.340535894297702
0,30.0,25.79858038200613,3569,-15.341965424565771
0,30.0,25.79858038200613,3570,-15.34339483735441
0,30.0,25.79858038200613,3571,-15.344824132716369
0,30.0,25.79858038200613,3572,-15.346253310713493
0,30.0,25.79858038200613,3573,-15.347682371431276
0,30.0,25.79858038200613,3574,-15.349111314924286
0,30.0,25.79858038200613,3575,-15.350540141263465
0,30.0,25.79858038200613,3576,-15.351968850499745
0,30.0,25.79858038200613,3577,-15.353397442714979
0,30.0,25.79858038200613,3578,-15.354825917971013
0,30.0,25.79858038200613,3579,-15.356254276320598
0,30.0,25.79858038200613,3580,-15.357682517847408
0,30.0,25.79858038200613,3581,-15.359110642604193
0,30.0,25.79858038200613,3582,-15.360538650660075
0,30.0,25.79858038200613,3583,-15.36196654207508
0,30.0,25.79858038200613,3584,-15.363394316929245
0,30.0,25.79858038200613,3585,-15.364821975264405
0,30.0,25.79858038200613,3586,-15.36624951717151
0,30.0,25.79858038200613,3587,-15.367676942692398
0,30.0,25.79858038200613,3588,-15.369104251899827
0,30.0,25.79858038200613,3589,-15.370531444873833
0,30.0,25.79858038200613,3590,-15.37195852166171
0,30.0,25.79858038200613,3591,-15.373385482325304
0,30.0,25.79858038200613,3592,-15.374812326937374
0,30.0,25.79858038200613,3593,-15.37623905556886
0,30.0,25.79858038200613,3594,-15.377665668267056
0,30.0,25.79858038200613,3595,-15.379092165102904
0,30.0,25.79858038200613,3596,-15.3805185461528
0,30.0,25.79858038200613,3597,-15.381944811462219
0,30.0,25.79858038200613,3598,-15.383370961125749
0,30.0,25.79858038200613,3599,-15.384796995163398
0,30.0,25.79858038200613,3600,-15.386222913677031
0,30.0,25.79858038200613,3601,-15.38764871671576
0,30.0,25.79858038200613,3602,-15.389074404334153
0,30.0,25.79858038200613,3603,-15.390499976614066
0,30.0,25.79858038200613,3604,-15.39192543361007
0,30.0,25.79858038200613,3605,-15.393350775389465
0,30.0,25.79858038200613,3606,-15.394776002014098
0,30.0,25.79858038200613,3607,-15.396201113547633
0,30.0,25.79858038200613,3608,-15.39762611006283
0,30.0,25.79858038200613,3609,-15.399050991605165
0,30.0,25.79858038200613,3610,-15.400475758243758
0,30.0,25.79858038200613,3611,-15.40190041004955
0,30.0,25.79858038200613,3612,-15.403324947084386
0,30.0,25.79858038200613,3613,-15.404749369415569
0,30.0,25.79858038200613,3614,-15.40617367709767
0,30.0,25.79858038200613,3615,-15.40759787019799
0,30.0,25.79858038200613,3616,-15.409021948774736
0,30.0,25.79858038200613,3617,-15.41044591290067
0,30.0,25.79858038200613,3618,-15.411869762635817
0,30.0,25.79858038200613,3619,-15.413293498042023
0,30.0,25.79858038200613,3620,-15.414717119175677
0,30.0,25.79858038200613,3621,-15.416140626109538
0,30.0,25.79858038200613,3622,-15.417564018903633
0,30.0,25.79858038200613,3623,-15.418987297623445
0,30.0,25.79858038200613,3624,-15.420410462325364
0,30.0,25.79858038200613,3625,-15.421833513074873
0,30.0,25.79858038200613,3626,-15.423256449939274
0,30.0,25.79858038200613,3627,-15.424679272982232
0,30.0,25.79858038200613,3628,-15.42610198225286
0,30.0,25.79858038200613,3629,-15.427524577829374
0,30.0,25.79858038200613,3630,-15.428947059760887
0,30.0,25.79858038200613,3631,-15.430369428120159
0,30.0,25.79858038200613,3632,-15.431791682974492
0,30.0,25.79858038200613,3633,-15.433213824356628
0,30.0,25.79858038200613,3634,-15.434635852377525
0,30.0,25.79858038200613,3635,-15.436057767048098
0,30.0,25.79858038200613,3636,-15.437479568479304
0,30.0,25.79858038200613,3637,-15.438901256685696
0,30.0,25.79858038200613,3638,-15.440322831767318
0,30.0,25.79858038200613,3639,-15.441744293764188
0,30.0,25.79858038200613,3640,-15.44316564275816
0,30.0,25.79858038200613,3641,-15.444586878789252
0,30.0,25.79858038200613,3642,-15.446008001928405
0,30.0,25.79858038200613,3643,-15.447429012248378
0,30.0,25.79858038200613,3644,-15.448849909783732
0,30.0,25.79858038200613,3645,-15.450270694625416
0,30.0,25.79858038200613,3646,-15.451691366822544
0,30.0,25.79858038200613,3647,-15.453111926440599
0,30.0,25.79858038200613,3648,-15.454532373539607
0,30.0,25.79858038200613,3649,-15.455952708166862
0,30.0,25.79858038200613,3650,-15.457372930404219
0,30.0,25.79858038200613,3651,-15.458793040309885
0,30.0,25.79858038200613,3652,-15.460213037932974
0,30.0,25.79858038200613,3653,-15.46163292335352
0,30.0,25.79858038200613,3654,-15.463052696620636
0,30.0,25.79858038200613,3655,-15.464472357803444
0,30.0,25.79858038200613,3656,-15.465891906940143
0,30.0,25.79858038200613,3657,-15.467311344118045
0,30.0,25.79858038200613,3658,-15.468730669397175
0,30.0,25.79858038200613,3659,-15.470149882813914
0,30.0,25.79858038200613,3660,-15.471568984457392
0,30.0,25.79858038200613,3661,-15.472987974374902
0,30.0,25.79858038200613,3662,-15.474406852641025
0,30.0,25.79858038200613,3663,-15.475825619292138
0,30.0,25.79858038200613,3664,-15.477244274411916
0,30.0,25.79858038200613,3665,-15.478662818044015
0,30.0,25.79858038200613,3666,-15.480081250253917
0,30.0,25.79858038200613,3667,-15.481499571114384
0,30.0,25.79858038200613,3668,-15.482917780678164
0,30.0,25.79858038200613,3669,-15.484335879003467
0,30.0,25.79858038200613,3670,-15.48575386614668
0,30.0,25.79858038200613,3671,-15.487171742173288
0,30.0,25.79858038200613,3672,-15.488589507150593
0,30.0,25.79858038200613,3673,-15.490007161133164
0,30.0,25.79858038200613,3674,-15.49142470417739
0,30.0,25.79858038200613,3675,-15.492842136337842
0,30.0,25.79858038200613,3676,-15.494259457707287
0,30.0,25.79858038200613,3677,-15.495676668307553
0,30.0,25.79858038200613,3678,-15.497093768216857
0,30.0,25.79858038200613,3679,-15.498510757493406
0,30.0,25.79858038200613,3680,-15.499927636186314
0,30.0,25.79858038200613,3681,-15.501344404375615
0,30.0,25.79858038200613,3682,-15.50276106211588
0,30.0,25.79858038200613,3683,-15.504177609452583
0,30.0,25.79858038200613,3684,-15.505594046458484
0,30.0,25.79858038200613,3685,-15.507010373193609
0,30.0,25.79858038200613,3686,-15.508426589716166
0,30.0,25.79858038200613,3687,-15.509842696075268
0,30.0,25.79858038200613,3688,-15.511258692340036
0,30.0,25.79858038200613,3689,-15.512674578577773
0,30.0,25.79858038200613,3690,-15.51409035483941
0,30.0,25.79858038200613,3691,-15.515506021188614
0,30.0,25.79858038200613,3692,-15.516921577672676
0,30.0,25.79858038200613,3693,-15.5183370243589
0,30.0,25.79858038200613,3694,-15.519752361312769
0,30.0,25.79858038200613,3695,-15.521167588583396
0,30.0,25.79858038200613,3696,-15.522582706236264
0,30.0,25.79858038200613,3697,-15.523997714327763
0,30.0,25.79858038200613,3698,-15.525412612923375
0,30.0,25.79858038200613,3699,-15.526827402075853
0,30.0,25.79858038200613,3700,-15.528242081839764
0,30.0,25.79858038200613,3701,-15.52965665228605
0,30.0,25.79858038200613,3702,-15.531071113467462
0,30.0,25.79858038200613,3703,-15.532485465447664
0,30.0,25.79858038200613,3704,-15.533899708279407
0,30.0,25.79858038200613,3705,-15.535313842022717
0,30.0,25.79858038200613,3706,-15.536727866735802
0,30.0,25.79858038200613,3707,-15.53814178247869
0,30.0,25.79858038200613,3708,-15.539555589305948
0,30.0,25.79858038200613,3709,-15.54096928728488
0,30.0,25.79858038200613,3710,-15.542382876477333
0,30.0,25.79858038200613,3711,-15.543796356917866
0,30.0,25.79858038200613,3712,-15.54520972869743
0,30.0,25.79858038200613,3713,-15.546622991846945
0,30.0,25.79858038200613,3714,-15.548036146435535
0,30.0,25.79858038200613,3715,-15.54944919253414
0,30.0,25.79858038200613,3716,-15.550862130182779
0,30.0,25.79858038200613,3717,-15.552274959437838
0,30.0,25.79858038200613,3718,-15.553687680379355
0,30.0,25.79858038200613,3719,-15.555100293045527
0,30.0,25.79858038200613,3720,-15.556512797501838
0,30.0,25.79858038200613,3721,-15.557925193815592
0,30.0,25.79858038200613,3722,-15.55933748201953
0,30.0,25.79858038200613,3723,-15.560749662195505
0,30.0,25.79858038200613,3724,-15.56216173439445
0,30.0,25.79858038200613,3725,-15.563573698669117
0,30.0,25.79858038200613,3726,-15.56498555508135
0,30.0,25.79858038200613,3727,-15.566397303691176
0,30.0,25.79858038200613,3728,-15.567808944549526
0,30.0,25.79858038200613,3729,-15.569220477734618
0,30.0,25.79858038200613,3730,-15.570631903271916
0,30.0,25.79858038200613,3731,-15.572043221239639
0,30.0,25.79858038200613,3732,-15.573454431688717
0,30.0,25.79858038200613,3733,-15.574865534675538
0,30.0,25.79858038200613,3734,-15.576276530272864
0,30.0,25.79858038200613,3735,-15.57768741852253
0,30.0,25.79858038200613,3736,-15.579098199486381
0,30.0,25.79858038200613,3737,-15.580508873209894
0,30.0,25.79858038200613,3738,-15.581919439773102
0,30.0,25.79858038200613,3739,-15.583329899228758
0,30.0,25.79858038200613,3740,-15.584740251604146
0,30.0,25.79858038200613,3741,-15.58615049699931
0,30.0,25.79858038200613,3742,-15.587560635452448
0,30.0,25.79858038200613,3743,-15.588970667009036
0,30.0,25.79858038200613,3744,-15.590380591738196
0,30.0,25.79858038200613,3745,-15.591790409692678
0,30.0,25.79858038200613,3746,-15.593200120941603
0,30.0,25.79858038200613,3747,-15.594609725528628
0,30.0,25.79858038200613,3748,-15.596019223521054
0,30.0,25.79858038200613,3749,-15.5974286149589
0,30.0,25.79858038200613,3750,-15.598837899905831
0,30.0,25.79858038200613,3751,-15.600247078434606
0,30.0,25.79858038200613,3752,-15.601656150583423
0,30.0,25.79858038200613,3753,-15.603065116410491
0,30.0,25.79858038200613,3754,-15.60447397598675
0,30.0,25.79858038200613,3755,-15.605882729355855
0,30.0,25.79858038200613,3756,-15.607291376574196
0,30.0,25.79858038200613,3757,-15.608699917703618
0,30.0,25.79858038200613,3758,-15.610108352796871
0,30.0,25.79858038200613,3759,-15.611516681912164
0,30.0,25.79858038200613,3760,-15.612924905102247
0,30.0,25.79858038200613,3761,-15.614333022432604
0,30.0,25.79858038200613,3762,-15.61574103394507
0,30.0,25.79858038200613,3763,-15.617148939705132
0,30.0,25.79858038200613,3764,-15.618556739772814
0,30.0,25.79858038200613,3765,-15.619964434191772
0,30.0,25.79858038200613,3766,-15.621372023032947
0,30.0,25.79858038200613,3767,-15.622779506347271
0,30.0,25.79858038200613,3768,-15.624186884180219
0,30.0,25.79858038200613,3769,-15.625594156600911
0,30.0,25.79858038200613,3770,-15.627001323654824
0,30.0,25.79858038200613,3771,-15.628408385403802
0,30.0,25.79858038200613,3772,-15.629815341915148
0,30.0,25.79858038200613,3773,-15.631222193221603
0,30.0,25.79858038200613,3774,-15.632628939386834
0,30.0,25.79858038200613,3775,-15.634035580476322
0,30.0,25.79858038200613,3776,-15.635442116535543
0,30.0,25.79858038200613,3777,-15.636848547628162
0,30.0,25.79858038200613,3778,-15.638254873788739
0,30.0,25.79858038200613,3779,-15.639661095099129
0,30.0,25.79858038200613,3780,-15.641067211608444
0,30.0,25.79858038200613,3781,-15.64247322336034
0,30.0,25.79858038200613,3782,-15.643879130422121
0,30.0,25.79858038200613,3783,-15.645284932837441
0,30.0,25.79858038200613,3784,-15.646690630684517
0,30.0,25.79858038200613,3785,-15.648096223988816
0,30.0,25.79858038200613,3786,-15.649501712821277
0,30.0,25.79858038200613,3787,-15.650907097229194
0,30.0,25.79858038200613,3788,-15.65231237729806
0,30.0,25.79858038200613,3789,-15.65371755303515
0,30.0,25.79858038200613,3790,-15.655122624525958
0,30.0,25.79858038200613,3791,-15.656527591821416
0,30.0,25.79858038200613,3792,-15.657932454970634
0,30.0,25.79858038200613,3793,-15.659337214028184
0,30.0,25.79858038200613,3794,-15.660741869054092
0,30.0,25.79858038200613,3795,-15.66214642009929
0,30.0,25.79858038200613,3796,-15.663550867220167
0,30.0,25.79858038200613,3797,-15.664955210482205
0,30.0,25.79858038200613,3798,-15.666359449919966
0,30.0,25.79858038200613,3799,-15.66776358558802
0,30.0,25.79858038200613,3800,-15.669167617564582
0,30.0,25.79858038200613,3801,-15.670571545886034
0,30.0,25.79858038200613,3802,-15.671975370608763
0,30.0,25.79858038200613,3803,-15.673379091783701
0,30.0,25.79858038200613,3804,-15.67478270948179
0,30.0,25.79858038200613,3805,-15.676186223739407
0,30.0,25.79858038200613,3806,-15.677589634620219
0,30.0,25.79858038200613,3807,-15.678992942171519
0,30.0,25.79858038200613,3808,-15.680396146467885
0,30.0,25.79858038200613,3809,-15.68179924752387
0,30.0,25.79858038200613,3810,-15.683202245428603
0,30.0,25.79858038200613,3811,-15.684605140222104
0,30.0,25.79858038200613,3812,-15.686007931962578
0,30.0,25.79858038200613,3813,-15.687410620702778
0,30.0,25.79858038200613,3814,-15.688813206497272
0,30.0,25.79858038200613,3815,-15.690215689407907
0,30.0,25.79858038200613,3816,-15.69161806945651
0,30.0,25.79858038200613,3817,-15.693020346741307
0,30.0,25.79858038200613,3818,-15.694422521284125
0,30.0,25.79858038200613,3819,-15.695824593152267
0,30.0,25.79858038200613,3820,-15.697226562400303
0,30.0,25.79858038200613,3821,-15.698628429073707
0,30.0,25.79858038200613,3822,-15.700030193237964
0,30.0,25.79858038200613,3823,-15.701431854927634
0,30.0,25.79858038200613,3824,-15.702833414215476
0,30.0,25.79858038200613,3825,-15.704234871154242
0,30.0,25.79858038200613,3826,-15.705636225776672
0,30.0,25.79858038200613,3827,-15.707037478153708
0,30.0,25.79858038200613,3828,-15.708438628332644
0,30.0,25.79858038200613,3829,-15.709839676380781
0,30.0,25.79858038200613,3830,-15.711240622341776
0,30.0,25.79858038200613,3831,-15.712641466253828
0,30.0,25.79858038200613,3832,-15.714042208193334
0,30.0,25.79858038200613,3833,-15.715442848191216
0,30.0,25.79858038200613,3834,-15.716843386320235
0,30.0,25.79858038200613,3835,-15.718243822629503
0,30.0,25.79858038200613,3836,-15.719644157159038
0,30.0,25.79858038200613,3837,-15.721044389983419
0,30.0,25.79858038200613,3838,-15.722444521139025
0,30.0,25.79858038200613,3839,-15.723844550674968
0,30.0,25.79858038200613,3840,-15.725244478660372
0,30.0,25.79858038200613,3841,-15.726644305144347
0,30.0,25.79858038200613,3842,-15.728044030170551
0,30.0,25.79858038200613,3843,-15.72944365379901
0,30.0,25.79858038200613,3844,-15.730843176080654
0,30.0,25.79858038200613,3845,-15.73224259706096
0,30.0,25.79858038200613,3846,-15.73364191680541
0,30.0,25.79858038200613,3847,-15.735041135355843
0,30.0,25.79858038200613,3848,-15.73644025277774
0,30.0,25.79858038200613,3849,-15.73783926911294
0,30.0,25.79858038200613,3850,-15.739238184408734
0,30.0,25.79858038200613,3851,-15.74063699872515
0,30.0,25.79858038200613,3852,-15.742035712125855
0,30.0,25.79858038200613,3853,-15.74343432463813
0,30.0,25.79858038200613,3854,-15.744832836332918
0,30.0,25.79858038200613,3855,-15.746231247266607
0,30.0,25.79858038200613,3856,-15.747629557479215
0,30.0,25.79858038200613,3857,-15.749027767012578
0,30.0,25.79858038200613,3858,-15.750425875943094
0,30.0,25.79858038200613,3859,-15.751823884305324
0,30.0,25.79858038200613,3860,-15.75322179216839
0,30.0,25.79858038200613,3861,-15.754619599563213
0,30.0,25.79858038200613,3862,-15.756017306562555
0,30.0,25.79858038200613,3863,-15.757414913204613
0,30.0,25.79858038200613,3864,-15.758812419543958
0,30.0,25.79858038200613,3865,-15.76020982563334
0,30.0,25.79858038200613,3866,-15.76160713152369
0,30.0,25.79858038200613,3867,-15.763004337271397
0,30.0,25.79858038200613,3868,-15.764401442927394
0,30.0,25.79858038200613,3869,-15.765798448518964
0,30.0,25.79858038200613,3870,-15.767195354140696
0,30.0,25.79858038200613,3871,-15.768592159823513
0,30.0,25.79858038200613,3872,-15.76998886560743
0,30.0,25.79858038200613,3873,-15.77138547156521
0,30.0,25.79858038200613,3874,-15.772781977731412
0,30.0,25.79858038200613,3875,-15.774178384164244
0,30.0,25.79858038200613,3876,-15.775574690905543
0,30.0,25.79858038200613,3877,-15.776970898035344
0,30.0,25.79858038200613,3878,-15.778367005570018
0,30.0,25.79858038200613,3879,-15.779763013589601
0,30.0,25.79858038200613,3880,-15.781158922125016
0,30.0,25.79858038200613,3881,-15.782554731241746
0,30.0,25.79858038200613,3882,-15.78395044097799
0,30.0,25.79858038200613,3883,-15.785346051388316
0,30.0,25.79858038200613,3884,-15.786741562529116
0,30.0,25.79858038200613,3885,-15.788136974447681
0,30.0,25.79858038200613,3886,-15.789532287207678
0,30.0,25.79858038200613,3887,-15.790927500823656
0,30.0,25.79858038200613,3888,-15.792322615388386
0,30.0,25.79858038200613,3889,-15.793717630934609
0,30.0,25.79858038200613,3890,-15.795112547520532
0,30.0,25.79858038200613,3891,-15.796507365175259
0,30.0,25.79858038200613,3892,-15.797902083978826
0,30.0,25.79858038200613,3893,-15.799296703967613
0,30.0,25.79858038200613,3894,-15.800691225179818
0,30.0,25.79858038200613,3895,-15.802085647688202
0,30.0,25.79858038200613,3896,-15.8034799715346
0,30.0,25.79858038200613,3897,-15.804874196766306
0,30.0,25.79858038200613,3898,-15.806268323443348
0,30.0,25.79858038200613,3899,-15.807662351602104
0,30.0,25.79858038200613,3900,-15.80905628130624
0,30.0,25.79858038200613,3901,-15.810450112595774
0,30.0,25.79858038200613,3902,-15.81184384553437
0,30.0,25.79858038200613,3903,-15.813237480158406
0,30.0,25.79858038200613,3904,-15.814631016520636
0,30.0,25.79858038200613,3905,-15.816024454679265
0,30.0,25.79858038200613,3906,-15.817417794676132
0,30.0,25.79858038200613,3907,-15.818811036580357
0,30.0,25.79858038200613,3908,-15.820204180408311
0,30.0,25.79858038200613,3909,-15.821597226232754
0,30.0,25.79858038200613,3910,-15.822990174102799
0,30.0,25.79858038200613,3911,-15.824383024065739
0,30.0,25.79858038200613,3912,-15.825775776163411
0,30.0,25.79858038200613,3913,-15.827168430468575
0,30.0,25.79858038200613,3914,-15.828560987008515
0,30.0,25.79858038200613,3915,-15.82995344584144
0,30.0,25.79858038200613,3916,-15.831345807005547
0,30.0,25.79858038200613,3917,-15.832738070577236
0,30.0,25.79858038200613,3918,-15.834130236591065
0,30.0,25.79858038200613,3919,-15.835522305087053
0,30.0,25.79858038200613,3920,-15.836914276125228
0,30.0,25.79858038200613,3921,-15.83830614975652
0,30.0,25.79858038200613,3922,-15.839697926026403
0,30.0,25.79858038200613,3923,-15.841089605000363
0,30.0,25.79858038200613,3924,-15.842481186702045
0,30.0,25.79858038200613,3925,-15.84387267118602
0,30.0,25.79858038200613,3926,-15.845264058523227
0,30.0,25.79858038200613,3927,-15.846655348737315
0,30.0,25.79858038200613,3928,-15.84804654190286
0,30.0,25.79858038200613,3929,-15.849437638039873
0,30.0,25.79858038200613,3930,-15.850828637219294
0,30.0,25.79858038200613,3931,-15.852219539488416
0,30.0,25.79858038200613,3932,-15.853610344889077
0,30.0,25.79858038200613,3933,-15.855001053472208
0,30.0,25.79858038200613,3934,-15.856391665286921
0,30.0,25.79858038200613,3935,-15.857782180384149
0,30.0,25.79858038200613,3936,-15.85917259882028
0,30.0,25.79858038200613,3937,-15.860562920635331
0,30.0,25.79858038200613,3938,-15.861953145869322
0,30.0,25.79858038200613,3939,-15.863343274589553
0,30.0,25.79858038200613,3940,-15.864733306839682
0,30.0,25.79858038200613,3941,-15.866123242665182
0,30.0,25.79858038200613,3942,-15.86751308210971
0,30.0,25.79858038200613,3943,-15.868902825233292
0,30.0,25.79858038200613,3944,-15.870292472075946
0,30.0,25.79858038200613,3945,-15.871682022690422
0,30.0,25.79858038200613,3946,-15.873071477127652
0,30.0,25.79858038200613,3947,-15.87446083543675
0,30.0,25.79858038200613,3948,-15.875850097657732
0,30.0,25.79858038200613,3949,-15.877239263846988
0,30.0,25.79858038200613,3950,-15.878628334055449
0,30.0,25.79858038200613,3951,-15.880017308321314
0,30.0,25.79858038200613,3952,-15.88140618670279
0,30.0,25.79858038200613,3953,-15.882794969241715
0,30.0,25.79858038200613,3954,-15.88418365598902
0,30.0,25.79858038200613,3955,-15.885572247001093
0,30.0,25.79858038200613,3956,-15.88696074230704
0,30.0,25.79858038200613,3957,-15.888349141977798
0,30.0,25.79858038200613,3958,-15.889737446046112
0,30.0,25.79858038200613,3959,-15.89112565456837
0,30.0,25.79858038200613,3960,-15.892513767584589
0,30.0,25.79858038200613,3961,-15.893901785151158
0,30.0,25.79858038200613,3962,-15.895289707308095
0,30.0,25.79858038200613,3963,-15.896677534111788
0,30.0,25.79858038200613,3964,-15.898065265605894
0,30.0,25.79858038200613,3965,-15.899452901841343
0,30.0,25.79858038200613,3966,-15.900840442858154
0,30.0,25.79858038200613,3967,-15.90222788870362
0,30.0,25.79858038200613,3968,-15.903615239450502
0,30.0,25.79858038200613,3969,-15.90500249511517
0,30.0,25.79858038200613,3970,-15.906389655766745
0,30.0,25.79858038200613,3971,-15.907776721439788
0,30.0,25.79858038200613,3972,-15.90916369218887
0,30.0,25.79858038200613,3973,-15.91055056806674
0,30.0,25.79858038200613,3974,-15.91193734910614
0,30.0,25.79858038200613,3975,-15.913324035352545
0,30.0,25.79858038200613,3976,-15.91471062688963
0,30.0,25.79858038200613,3977,-15.91609712372285
0,30.0,25.79858038200613,3978,-15.91748352591405
0,30.0,25.79858038200613,3979,-15.918869833530536
0,30.0,25.79858038200613,3980,-15.920256046586857
0,30.0,25.79858038200613,3981,-15.92164216514304
0,30.0,25.79858038200613,3982,-15.923028189253657
0,30.0,25.79858038200613,3983,-15.924414118971455
0,30.0,25.79858038200613,3984,-15.925799954318265
0,30.0,25.79858038200613,3985,-15.927185695372302
0,30.0,25.79858038200613,3986,-15.928571342159032
0,30.0,25.79858038200613,3987,-15.929956894731205
0,30.0,25.79858038200613,3988,-15.931342353143393
0,30.0,25.79858038200613,3989,-15.932727717430154
0,30.0,25.79858038200613,3990,-15.934112987642422
0,30.0,25.79858038200613,3991,-15.935498163832946
0,30.0,25.79858038200613,3992,-15.936883246049021
0,30.0,25.79858038200613,3993,-15.938268234332483
0,30.0,25.79858038200613,3994,-15.939653128730626
0,30.0,25.79858038200613,3995,-15.9410379292962
0,30.0,25.79858038200613,3996,-15.942422636072862
0,30.0,25.79858038200613,3997,-15.94380724909881
0,30.0,25.79858038200613,3998,-15.945191768439528
0,30.0,25.79858038200613,3999,-15.946576194125939
0,30.0,25.79858038200613,4000,-15.947960526212611
0,30.0,25.79858038200613,4001,-15.949344764734107
0,30.0,25.79858038200613,4002,-15.950728909759547
0,30.0,25.79858038200613,4003,-15.95211296131258
0,30.0,25.79858038200613,4004,-15.953496919460505
0,30.0,25.79858038200613,4005,-15.954880784223334
0,30.0,25.79858038200613,4006,-15.956264555686559
0,30.0,25.79858038200613,4007,-15.957648233850179
0,30.0,25.79858038200613,4008,-15.959031818799687
0,30.0,25.79858038200613,4009,-15.960415310560549
0,30.0,25.79858038200613,4010,-15.961798709189154
0,30.0,25.79858038200613,4011,-15.963182014732794
0,30.0,25.79858038200613,4012,-15.964565227222394
0,30.0,25.79858038200613,4013,-15.965948346712523
0,30.0,25.79858038200613,4014,-15.967331373248655
0,30.0,25.79858038200613,4015,-15.968714306892636
0,30.0,25.79858038200613,4016,-15.970097147671751
0,30.0,25.79858038200613,4017,-15.971479895636932
0,30.0,25.79858038200613,4018,-15.972862550844567
0,30.0,25.79858038200613,4019,-15.974245113316485
0,30.0,25.79858038200613,4020,-15.975627583138177
0,30.0,25.79858038200613,4021,-15.977009960309644
0,30.0,25.79858038200613,4022,-15.978392244901826
0,30.0,25.79858038200613,4023,-15.979774436969294
0,30.0,25.79858038200613,4024,-15.981156536546607
0,30.0,25.79858038200613,4025,-15.982538543670145
0,30.0,25.79858038200613,4026,-15.983920458399936
0,30.0,25.79858038200613,4027,-15.985302280772359
0,30.0,25.79858038200613,4028,-15.986684010840165
0,30.0,25.79858038200613,4029,-15.988065648654285
0,30.0,25.79858038200613,4030,-15.989447194245642
0,30.0,25.79858038200613,4031,-15.990828647672444
0,30.0,25.79858038200613,4032,-15.992210008965614
0,30.0,25.79858038200613,4033,-15.993591278197911
0,30.0,25.79858038200613,4034,-15.994972455385707
0,30.0,25.79858038200613,4035,-15.996353540587208
0,30.0,25.79858038200613,4036,-15.997734533855166
0,30.0,25.79858038200613,4037,-15.999115435222322
0,30.0,25.79858038200613,4038,-16.00049624473415
0,30.0,25.79858038200613,4039,-16.001876962459775
0,30.0,25.79858038200613,4040,-16.003257588399194
0,30.0,25.79858038200613,4041,-16.004638122643357
0,30.0,25.79858038200613,4042,-16.00601856521409
0,30.0,25.79858038200613,4043,-16.007398916155054
0,30.0,25.79858038200613,4044,-16.008779175520814
0,30.0,25.79858038200613,4045,-16.010159343364123
0,30.0,25.79858038200613,4046,-16.011539419712264
0,30.0,25.79858038200613,4047,-16.012919404612532
0,30.0,25.79858038200613,4048,-16.014299298119496
0,30.0,25.79858038200613,4049,-16.015679100269537
0,30.0,25.79858038200613,4050,-16.01705881112086
0,30.0,25.79858038200613,4051,-16.018438430702574
0,30.0,25.79858038200613,4052,-16.01981795907652
0,30.0,25.79858038200613,4053,-16.021197396279078
0,30.0,25.79858038200613,4054,-16.022576742335715
0,30.0,25.79858038200613,4055,-16.023955997330106
0,30.0,25.79858038200613,4056,-16.0253351612768
0,30.0,25.79858038200613,4057,-16.026714234237645
0,30.0,25.79858038200613,4058,-16.028093216241743
0,30.0,25.79858038200613,4059,-16.02947210735094
0,30.0,25.79858038200613,4060,-16.030850907601618
0,30.0,25.79858038200613,4061,-16.032229617033792
0,30.0,25.79858038200613,4062,-16.03360823568748
0,30.0,25.79858038200613,4063,-16.034986763631807
0,30.0,25.79858038200613,4064,-16.036365200892234
0,30.0,25.79858038200613,4065,-16.037743547519696
0,30.0,25.79858038200613,4066,-16.039121803557848
0,30.0,25.79858038200613,4067,-16.04049996903943
0,30.0,25.79858038200613,4068,-16.04187804402629
0,30.0,25.79858038200613,4069,-16.043256028558446
0,30.0,25.79858038200613,4070,-16.04463392267955
0,30.0,25.79858038200613,4071,-16.046011726418712
0,30.0,25.79858038200613,4072,-16.04738943984505
0,30.0,25.79858038200613,4073,-16.048767062987665
0,30.0,25.79858038200613,4074,-16.05014459590477
0,30.0,25.79858038200613,4075,-16.051522038618188
0,30.0,25.79858038200613,4076,-16.05289939118613
0,30.0,25.79858038200613,4077,-16.054276653663166
0,30.0,25.79858038200613,4078,-16.055653826071122
0,30.0,25.79858038200613,4079,-16.057030908468207
0,30.0,25.79858038200613,4080,-16.0584079008908
0,30.0,25.79858038200613,4081,-16.059784803386194
0,30.0,25.79858038200613,4082,-16.06116161600532
0,30.0,25.79858038200613,4083,-16.06253833877365
0,30.0,25.79858038200613,4084,-16.063914971767574
0,30.0,25.79858038200613,4085,-16.065291515001647
0,30.0,25.79858038200613,4086,-16.066667968523163
0,30.0,25.79858038200613,4087,-16.068044332383053
0,30.0,25.79858038200613,4088,-16.06942060663225
0,30.0,25.79858038200613,4089,-16.070796791296218
0,30.0,25.79858038200613,4090,-16.072172886436803
0,30.0,25.79858038200613,4091,-16.073548892090386
0,30.0,25.79858038200613,4092,-16.074924808300622
0,30.0,25.79858038200613,4093,-16.076300635100253
0,30.0,25.79858038200613,4094,-16.077676372551124
0,30.0,25.79858038200613,4095,-16.079052020678702
0,30.0,25.79858038200613,4096,-16.080427579559384
0,30.0,25.79858038200613,4097,-16.081803049200445
0,30.0,25.79858038200613,4098,-16.08317842965282
0,30.0,25.79858038200613,4099,-16.08455372096016
0,30.0,25.79858038200613,4100,-16.085928923198864
0,30.0,25.79858038200613,4101,-16.08730403635802
0,30.0,25.79858038200613,4102,-16.088679060528577
0,30.0,25.79858038200613,4103,-16.09005399573236
0,30.0,25.79858038200613,4104,-16.091428842002117
0,30.0,25.79858038200613,4105,-16.092803599399687
0,30.0,25.79858038200613,4106,-16.094178267961453
0,30.0,25.79858038200613,4107,-16.095552847727433
0,30.0,25.79858038200613,4108,-16.096927338752195
0,30.0,25.79858038200613,4109,-16.09830174107212
0,30.0,25.79858038200613,4110,-16.09967605471995
0,30.0,25.79858038200613,4111,-16.101050279750254
0,30.0,25.79858038200613,4112,-16.102424416195774
0,30.0,25.79858038200613,4113,-16.103798464121994
0,30.0,25.79858038200613,4114,-16.10517242355438
0,30.0,25.79858038200613,4115,-16.10654629454386
0,30.0,25.79858038200613,4116,-16.107920077119545
0,30.0,25.79858038200613,4117,-16.109293771343275
0,30.0,25.79858038200613,4118,-16.11066737723688
0,30.0,25.79858038200613,4119,-16.11204089485493
0,30.0,25.79858038200613,4120,-16.113414324241077
0,30.0,25.79858038200613,4121,-16.114787665438982
0,30.0,25.79858038200613,4122,-16.116160918495936
0,30.0,25.79858038200613,4123,-16.117534083437405
0,30.0,25.79858038200613,4124,-16.118907160325236
0,30.0,25.79858038200613,4125,-16.120280149177617
0,30.0,25.79858038200613,4126,-16.12165305006731
0,30.0,25.79858038200613,4127,-16.123025863019777
0,30.0,25.79858038200613,4128,-16.124398588067763
0,30.0,25.79858038200613,4129,-16.125771225291302
0,30.0,25.79858038200613,4130,-16.12714377469767
0,30.0,25.79858038200613,4131,-16.128516236334164
0,30.0,25.79858038200613,4132,-16.12988861025171
0,30.0,25.79858038200613,4133,-16.131260896486694
0,30.0,25.79858038200613,4134,-16.132633095090043
0,30.0,25.79858038200613,4135,-16.1340052060945
0,30.0,25.79858038200613,4136,-16.135377229550997
0,30.0,25.79858038200613,4137,-16.136749165488638
0,30.0,25.79858038200613,4138,-16.13812101396563
0,30.0,25.79858038200613,4139,-16.139492775018354
0,30.0,25.79858038200613,4140,-16.140864448690465
0,30.0,25.79858038200613,4141,-16.14223603500743
0,30.0,25.79858038200613,4142,-16.14360753403473
0,30.0,25.79858038200613,4143,-16.144978945805107
0,30.0,25.79858038200613,4144,-16.14635027035858
0,30.0,25.79858038200613,4145,-16.147721507738808
0,30.0,25.79858038200613,4146,-16.14909265799308
0,30.0,25.79858038200613,4147,-16.15046372115414
0,30.0,25.79858038200613,4148,-16.15183469726564
0,30.0,25.79858038200613,4149,-16.15320558637488
0,30.0,25.79858038200613,4150,-16.154576388518237
0,30.0,25.79858038200613,4151,-16.155947103739365
0,30.0,25.79858038200613,4152,-16.157317732092835
0,30.0,25.79858038200613,4153,-16.158688273600475
0,30.0,25.79858038200613,4154,-16.160058728316855
0,30.0,25.79858038200613,4155,-16.161429096260164
0,30.0,25.79858038200613,4156,-16.16279937751044
0,30.0,25.79858038200613,4157,-16.164169572089506
0,30.0,25.79858038200613,4158,-16.16553968002647
0,30.0,25.79858038200613,4159,-16.166909701386814
0,30.0,25.79858038200613,4160,-16.16827963620692
0,30.0,25.79858038200613,4161,-16.169649484504973
0,30.0,25.79858038200613,4162,-16.17101924634646
0,30.0,25.79858038200613,4163,-16.172388921782314
0,30.0,25.79858038200613,4164,-16.17375851081981
0,30.0,25.79858038200613,4165,-16.175128013528067
0,30.0,25.79858038200613,4166,-16.176497429928915
0,30.0,25.79858038200613,4167,-16.177866760080562
0,30.0,25.79858038200613,4168,-16.179236004019387
0,30.0,25.79858038200613,4169,-16.180605161789046
0,30.0,25.79858038200613,4170,-16.18197423342592
0,30.0,25.79858038200613,4171,-16.18334321895911
0,30.0,25.79858038200613,4172,-16.18471211845774
0,30.0,25.79858038200613,4173,-16.18608093195455
0,30.0,25.79858038200613,4174,-16.18744965946773
0,30.0,25.79858038200613,4175,-16.18881830105913
0,30.0,25.79858038200613,4176,-16.190186856765123
0,30.0,25.79858038200613,4177,-16.191555326633008
0,30.0,25.79858038200613,4178,-16.192923710695524
0,30.0,25.79858038200613,4179,-16.194292008999966
0,30.0,25.79858038200613,4180,-16.195660221582713
0,30.0,25.79858038200613,4181,-16.197028348483784
0,30.0,25.79858038200613,4182,-16.198396389757747
0,30.0,25.79858038200613,4183,-16.199764345415517
0,30.0,25.79858038200613,4184,-16.201132215522577
0,30.0,25.79858038200613,4185,-16.202500000115307
0,30.0,25.79858038200613,4186,-16.203867699237364
0,30.0,25.79858038200613,4187,-16.20523531291785
0,30.0,25.79858038200613,4188,-16.20660284121861
0,30.0,25.79858038200613,4189,-16.207970284157838
0,30.0,25.79858038200613,4190,-16.209337641782824
0,30.0,25.79858038200613,4191,-16.210704914140862
0,30.0,25.79858038200613,4192,-16.212072101264695
0,30.0,25.79858038200613,4193,-16.21343920319434
0,30.0,25.79858038200613,4194,-16.214806219991644
0,30.0,25.79858038200613,4195,-16.21617315166388
0,30.0,25.79858038200613,4196,-16.217539998272898
0,30.0,25.79858038200613,4197,-16.21890675985871
0,30.0,25.79858038200613,4198,-16.22027343644679
0,30.0,25.79858038200613,4199,-16.221640028098975
0,30.0,25.79858038200613,4200,-16.22300653482982
0,30.0,25.79858038200613,4201,-16.224372956715726
0,30.0,25.79858038200613,4202,-16.22573929375669
0,30.0,25.79858038200613,4203,-16.227105546014556
0,30.0,25.79858038200613,4204,-16.22847171354026
0,30.0,25.79858038200613,4205,-16.22983779634471
0,30.0,25.79858038200613,4206,-16.231203794497034
0,30.0,25.79858038200613,4207,-16.232569708026332
0,30.0,25.79858038200613,4208,-16.233935536968986
0,30.0,25.79858038200613,4209,-16.23530128136501
0,30.0,25.79858038200613,4210,-16.236666941261703
0,30.0,25.79858038200613,4211,-16.238032516669975
0,30.0,25.79858038200613,4212,-16.239398007688052
0,30.0,25.79858038200613,4213,-16.240763414301384
0,30.0,25.79858038200613,4214,-16.242128736586366
0,30.0,25.79858038200613,4215,-16.243493974557552
0,30.0,25.79858038200613,4216,-16.244859128262235
0,30.0,25.79858038200613,4217,-16.246224197754984
0,30.0,25.79858038200613,4218,-16.24758918305399
0,30.0,25.79858038200613,4219,-16.24895408421382
0,30.0,25.79858038200613,4220,-16.25031890126722
0,30.0,25.79858038200613,4221,-16.251683634254206
0,30.0,25.79858038200613,4222,-16.253048283211157
0,30.0,25.79858038200613,4223,-16.254412848192644
0,30.0,25.79858038200613,4224,-16.25577732922777
0,30.0,25.79858038200613,4225,-16.257141726363827
0,30.0,25.79858038200613,4226,-16.258506039626283
0,30.0,25.79858038200613,4227,-16.259870269062432
0,30.0,25.79858038200613,4228,-16.26123441471593
0,30.0,25.79858038200613,4229,-16.262598476619516
0,30.0,25.79858038200613,4230,-16.263962454809572
0,30.0,25.79858038200613,4231,-16.265326349344306
0,30.0,25.79858038200613,4232,-16.266690160249183
0,30.0,25.79858038200613,4233,-16.268053887560583
0,30.0,25.79858038200613,4234,-16.269417531314886
0,30.0,25.79858038200613,4235,-16.270781091573937
0,30.0,25.79858038200613,4236,-16.272144568355927
0,30.0,25.79858038200613,4237,-16.273507961711786
0,30.0,25.79858038200613,4238,-16.274871271656068
0,30.0,25.79858038200613,4239,-16.276234498272444
0,30.0,25.79858038200613,4240,-16.277597641564554
0,30.0,25.79858038200613,4241,-16.27896070158333
0,30.0,25.79858038200613,4242,-16.280323678372426
0,30.0,25.79858038200613,4243,-16.28168657195731
0,30.0,25.79858038200613,4244,-16.283049382392548
0,30.0,25.79858038200613,4245,-16.284412109714523
0,30.0,25.79858038200613,4246,-16.28577475395234
0,30.0,25.79858038200613,4247,-16.287137315142374
0,30.0,25.79858038200613,4248,-16.28849979333556
0,30.0,25.79858038200613,4249,-16.289862188579193
0,30.0,25.79858038200613,4250,-16.291224500898736
0,30.0,25.79858038200613,4251,-16.292586730334207
0,30.0,25.79858038200613,4252,-16.293948876914712
0,30.0,25.79858038200613,4253,-16.295310940702095
0,30.0,25.79858038200613,4254,-16.29667292172182
0,30.0,25.79858038200613,4255,-16.29803482001755
0,30.0,25.79858038200613,4256,-16.29939663561474
0,30.0,25.79858038200613,4257,-16.300758368571607
0,30.0,25.79858038200613,4258,-16.302120018895423
0,30.0,25.79858038200613,4259,-16.303481586677137
0,30.0,25.79858038200613,4260,-16.304843071909474
0,30.0,25.79858038200613,4261,-16.30620447465428
0,30.0,25.79858038200613,4262,-16.307565794944296
0,30.0,25.79858038200613,4263,-16.308927032812264
0,30.0,25.79858038200613,4264,-16.31028818830184
0,30.0,25.79858038200613,4265,-16.311649261445766
0,30.0,25.79858038200613,4266,-16.31301025229861
0,30.0,25.79858038200613,4267,-16.314371160882203
0,30.0,25.79858038200613,4268,-16.315731987247474
0,30.0,25.79858038200613,4269,-16.31709273141989
0,30.0,25.79858038200613,4270,-16.318453393443107
0,30.0,25.79858038200613,4271,-16.31981397336078
0,30.0,25.79858038200613,4272,-16.32117447120929
0,30.0,25.79858038200613,4273,-16.322534887025014
0,30.0,25.79858038200613,4274,-16.323895220847973
0,30.0,25.79858038200613,4275,-16.325255472714545
0,30.0,25.79858038200613,4276,-16.326615642668386
0,30.0,25.79858038200613,4277,-16.3279757307386
0,30.0,25.79858038200613,4278,-16.329335736961568
0,30.0,25.79858038200613,4279,-16.33069566138822
0,30.0,25.79858038200613,4280,-16.332055504054935
0,30.0,25.79858038200613,4281,-16.333415264976267
0,30.0,25.79858038200613,4282,-16.334774944228613
0,30.0,25.79858038200613,4283,-16.336134541826524
0,30.0,25.79858038200613,4284,-16.337494057813657
0,30.0,25.79858038200613,4285,-16.338853492219116
0,30.0,25.79858038200613,4286,-16.34021284509747
0,30.0,25.79858038200613,4287,-16.341572116474183
0,30.0,25.79858038200613,4288,-16.34293130639655
0,30.0,25.79858038200613,4289,-16.344290414893678
0,30.0,25.79858038200613,4290,-16.345649442001942
0,30.0,25.79858038200613,4291,-16.347008387772277
0,30.0,25.79858038200613,4292,-16.34836725222651
0,30.0,25.79858038200613,4293,-16.34972603541557
0,30.0,25.79858038200613,4294,-16.351084737368566
0,30.0,25.79858038200613,4295,-16.35244335812915
0,30.0,25.79858038200613,4296,-16.353801897733703
0,30.0,25.79858038200613,4297,-16.35516035622588
0,30.0,25.79858038200613,4298,-16.356518733620234
0,30.0,25.79858038200613,4299,-16.357877029982248
0,30.0,25.79858038200613,4300,-16.35923524533375
0,30.0,25.79858038200613,4301,-16.36059337972567
0,30.0,25.79858038200613,4302,-16.361951433172564
0,30.0,25.79858038200613,4303,-16.363309405728998
0,30.0,25.79858038200613,4304,-16.364667297442267
0,30.0,25.79858038200613,4305,-16.36602510833056
0,30.0,25.79858038200613,4306,-16.367382838433898
0,30.0,25.79858038200613,4307,-16.368740487806846
0,30.0,25.79858038200613,4308,-16.370098056456683
0,30.0,25.79858038200613,4309,-16.371455544445254
0,30.0,25.79858038200613,4310,-16.372812951812577
0,30.0,25.79858038200613,4311,-16.374170278569565
0,30.0,25.79858038200613,4312,-16.375527524781702
0,30.0,25.79858038200613,4313,-16.37688469046718
0,30.0,25.79858038200613,4314,-16.378241775680564
0,30.0,25.79858038200613,4315,-16.37959878043641
0,30.0,25.79858038200613,4316,-16.3809557048002
0,30.0,25.79858038200613,4317,-16.382312548775573
0,30.0,25.79858038200613,4318,-16.383669312420736
0,30.0,25.79858038200613,4319,-16.385025995790258
0,30.0,25.79858038200613,4320,-16.386382598887778
0,30.0,25.79858038200613,4321,-16.387739121771503
0,30.0,25.79858038200613,4322,-16.389095564459623
0,30.0,25.79858038200613,4323,-16.39045192700671
0,30.0,25.79858038200613,4324,-16.3918082094455
0,30.0,25.79858038200613,4325,-16.393164411805103
0,30.0,25.79858038200613,4326,-16.394520534143723
0,30.0,25.79858038200613,4327,-16.395876576475914
0,30.0,25.79858038200613,4328,-16.397232538834416
0,30.0,25.79858038200613,4329,-16.398588421277438
0,30.0,25.79858038200613,4330,-16.39994422384136
0,30.0,25.79858038200613,4331,-16.40129994654437
0,30.0,25.79858038200613,4332,-16.40265558942285
0,30.0,25.79858038200613,4333,-16.404011152531368
0,30.0,25.79858038200613,4334,-16.405366635909942
0,30.0,25.79858038200613,4335,-16.406722039573125
0,30.0,25.79858038200613,4336,-16.408077363579125
0,30.0,25.79858038200613,4337,-16.40943260794249
0,30.0,25.79858038200613,4338,-16.41078777271416
0,30.0,25.79858038200613,4339,-16.412142857926867
0,30.0,25.79858038200613,4340,-16.413497863613358
0,30.0,25.79858038200613,4341,-16.41485278983184
0,30.0,25.79858038200613,4342,-16.41620763658959
0,30.0,25.79858038200613,4343,-16.417562403937538
0,30.0,25.79858038200613,4344,-16.418917091922978
0,30.0,25.79858038200613,4345,-16.420271700560463
0,30.0,25.79858038200613,4346,-16.421626229897285
0,30.0,25.79858038200613,4347,-16.42298067996255
0,30.0,25.79858038200613,4348,-16.4243350508181
0,30.0,25.79858038200613,4349,-16.425689342456664
0,30.0,25.79858038200613,4350,-16.427043554951
0,30.0,25.79858038200613,4351,-16.428397688319293
0,30.0,25.79858038200613,4352,-16.429751742619757
0,30.0,25.79858038200613,4353,-16.431105717863304
0,30.0,25.79858038200613,4354,-16.432459614100864
0,30.0,25.79858038200613,4355,-16.433813431354267
0,30.0,25.79858038200613,4356,-16.435167169674443
0,30.0,25.79858038200613,4357,-16.43652082910141
0,30.0,25.79858038200613,4358,-16.43787440965336
0,30.0,25.79858038200613,4359,-16.439227911381224
0,30.0,25.79858038200613,4360,-16.440581334310465
0,30.0,25.79858038200613,4361,-16.441934678481104
0,30.0,25.79858038200613,4362,-16.44328794392952
0,30.0,25.79858038200613,4363,-16.444641130699367
0,30.0,25.79858038200613,4364,-16.445994238812474
0,30.0,25.79858038200613,4365,-16.447347268323412
0,30.0,25.79858038200613,4366,-16.448700219254007
0,30.0,25.79858038200613,4367,-16.450053091629727
0,30.0,25.79858038200613,4368,-16.451405885516053
0,30.0,25.79858038200613,4369,-16.452758600916624
0,30.0,25.79858038200613,4370,-16.454111237900563
0,30.0,25.79858038200613,4371,-16.45546379647878
0,30.0,25.79858038200613,4372,-16.4568162766913
0,30.0,25.79858038200613,4373,-16.458168678589047
0,30.0,25.79858038200613,4374,-16.459521002190215
0,30.0,25.79858038200613,4375,-16.460873247531183
0,30.0,25.79858038200613,4376,-16.462225414670158
0,30.0,25.79858038200613,4377,-16.463577503614417
0,30.0,25.79858038200613,4378,-16.464929514403977
0,30.0,25.79858038200613,4379,-16.466281447093408
0,30.0,25.79858038200613,4380,-16.467633301697262
0,30.0,25.79858038200613,4381,-16.468985078281023
0,30.0,25.79858038200613,4382,-16.470336776833776
0,30.0,25.79858038200613,4383,-16.47168839743192
0,30.0,25.79858038200613,4384,-16.473039940090004
0,30.0,25.79858038200613,4385,-16.474391404851687
0,30.0,25.79858038200613,4386,-16.475742791756986
0,30.0,25.79858038200613,4387,-16.477094100831366
0,30.0,25.79858038200613,4388,-16.47844533210393
0,30.0,25.79858038200613,4389,-16.479796485636527
0,30.0,25.79858038200613,4390,-16.481147561429154
0,30.0,25.79858038200613,4391,-16.48249855955457
0,30.0,25.79858038200613,4392,-16.483849480020055
0,30.0,25.79858038200613,4393,-16.4852003228729
0,30.0,25.79858038200613,4394,-16.48655108815676
0,30.0,25.79858038200613,4395,-16.487901775875272
0,30.0,25.79858038200613,4396,-16.48925238609756
0,30.0,25.79858038200613,4397,-16.490602918838178
0,30.0,25.79858038200613,4398,-16.491953374148054
0,30.0,25.79858038200613,4399,-16.493303752052654
0,30.0,25.79858038200613,4400,-16.49465405258472
0,30.0,25.79858038200613,4401,-16.49600427578791
0,30.0,25.79858038200613,4402,-16.49735442168405
0,30.0,25.79858038200613,4403,-16.49870449033135
0,30.0,25.79858038200613,4404,-16.50005448173708
0,30.0,25.79858038200613,4405,-16.501404395959455
0,30.0,25.79858038200613,4406,-16.502754233020298
0,30.0,25.79858038200613,4407,-16.50410399295599
0,30.0,25.79858038200613,4408,-16.50545367580291
0,30.0,25.79858038200613,4409,-16.506803281597442
0,30.0,25.79858038200613,4410,-16.508152810383237
0,30.0,25.79858038200613,4411,-16.509502262167572
0,30.0,25.79858038200613,4412,-16.510851637015932
0,30.0,25.79858038200613,4413,-16.512200934950144
0,30.0,25.79858038200613,4414,-16.51355015599931
0,30.0,25.79858038200613,4415,-16.514899300214367
0,30.0,25.79858038200613,4416,-16.5162483676135
0,30.0,25.79858038200613,4417,-16.517597358244004
0,30.0,25.79858038200613,4418,-16.518946272127707
0,30.0,25.79858038200613,4419,-16.52029510931554
0,30.0,25.79858038200613,4420,-16.52164386981842
0,30.0,25.79858038200613,4421,-16.522992553690912
0,30.0,25.79858038200613,4422,-16.524341160976675
0,30.0,25.79858038200613,4423,-16.525689691679347
0,30.0,25.79858038200613,4424,-16.527038145849858
0,30.0,25.79858038200613,4425,-16.528386523535502
0,30.0,25.79858038200613,4426,-16.52973482475447
0,30.0,25.79858038200613,4427,-16.531083049539504
0,30.0,25.79858038200613,4428,-16.532431197923344
0,30.0,25.79858038200613,4429,-16.53377926996056
0,30.0,25.79858038200613,4430,-16.535127265683897
0,30.0,25.79858038200613,4431,-16.53647518509699
0,30.0,25.79858038200613,4432,-16.537823028258046
0,30.0,25.79858038200613,4433,-16.539170795203447
0,30.0,25.79858038200613,4434,-16.540518485965933
0,30.0,25.79858038200613,4435,-16.541866100563695
0,30.0,25.79858038200613,4436,-16.54321363904039
0,30.0,25.79858038200613,4437,-16.54456110143967
0,30.0,25.79858038200613,4438,-16.54590848779064
0,30.0,25.79858038200613,4439,-16.547255798122407
0,30.0,25.79858038200613,4440,-16.54860303247135
0,30.0,25.79858038200613,4441,-16.549950190866568
0,30.0,25.79858038200613,4442,-16.551297273366274
0,30.0,25.79858038200613,4443,-16.552644279966827
0,30.0,25.79858038200613,4444,-16.55399121073735
0,30.0,25.79858038200613,4445,-16.555338065696034
0,30.0,25.79858038200613,4446,-16.556684844864705
0,30.0,25.79858038200613,4447,-16.55803154830521
0,30.0,25.79858038200613,4448,-16.559378176032098
0,30.0,25.79858038200613,4449,-16.560724728089028
0,30.0,25.79858038200613,4450,-16.562071204497826
0,30.0,25.79858038200613,4451,-16.56341760530215
0,30.0,25.79858038200613,4452,-16.56476393053474
0,30.0,25.79858038200613,4453,-16.566110180231973
0,30.0,25.79858038200613,4454,-16.56745635442296
0,30.0,25.79858038200613,4455,-16.568802453140435
0,30.0,25.79858038200613,4456,-16.57014847640987
0,30.0,25.79858038200613,4457,-16.571494424278555
0,30.0,25.79858038200613,4458,-16.57284029678287
0,30.0,25.79858038200613,4459,-16.574186093951923
0,30.0,25.79858038200613,4460,-16.575531815825727
0,30.0,25.79858038200613,4461,-16.576877462415197
0,30.0,25.79858038200613,4462,-16.578223033771266
0,30.0,25.79858038200613,4463,-16.57956852995214
0,30.0,25.79858038200613,4464,-16.58091395094327
0,30.0,25.79858038200613,4465,-16.582259296795584
0,30.0,25.79858038200613,4466,-16.583604567556378
0,30.0,25.79858038200613,4467,-16.58494976326203
0,30.0,25.79858038200613,4468,-16.586294883927096
0,30.0,25.79858038200613,4469,-16.587639929584313
0,30.0,25.79858038200613,4470,-16.58898490027734
0,30.0,25.79858038200613,4471,-16.590329796038915
0,30.0,25.79858038200613,4472,-16.591674616905422
0,30.0,25.79858038200613,4473,-16.5930193629096
0,30.0,25.79858038200613,4474,-16.594364034076918
0,30.0,25.79858038200613,4475,-16.595708630443752
0,30.0,25.79858038200613,4476,-16.597053152042847
0,30.0,25.79858038200613,4477,-16.598397598914218
0,30.0,25.79858038200613,4478,-16.599741971083333
0,30.0,25.79858038200613,4479,-16.60108626858657
0,30.0,25.79858038200613,4480,-16.602430491471225
0,30.0,25.79858038200613,4481,-16.60377463974821
0,30.0,25.79858038200613,4482,-16.605118713457543
0,30.0,25.79858038200613,4483,-16.606462712635604
0,30.0,25.79858038200613,4484,-16.607806637329688
0,30.0,25.79858038200613,4485,-16.60915048754343
0,30.0,25.79858038200613,4486,-16.610494263316852
0,30.0,25.79858038200613,4487,-16.611837964708158
0,30.0,25.79858038200613,4488,-16.61318159171735
0,30.0,25.79858038200613,4489,-16.614525144402634
0,30.0,25.79858038200613,4490,-16.6158686227822
0,30.0,25.79858038200613,4491,-16.617212026906984
0,30.0,25.79858038200613,4492,-16.618555356791532
0,30.0,25.79858038200613,4493,-16.619898612472227
0,30.0,25.79858038200613,4494,-16.621241793989086
0,30.0,25.79858038200613,4495,-16.622584901363936
0,30.0,25.79858038200613,4496,-16.62392793464771
0,30.0,25.79858038200613,4497,-16.625270893847684
0,30.0,25.79858038200613,4498,-16.62661377902934
0,30.0,25.79858038200613,4499,-16.62795659019268
0,30.0,25.79858038200613,4500,-16.62929932738136
0,30.0,25.79858038200613,4501,-16.630641990642673
0,30.0,25.79858038200613,4502,-16.63198458000936
0,30.0,25.79858038200613,4503,-16.633327095492334
0,30.0,25.79858038200613,4504,-16.63466953714253
0,30.0,25.79858038200613,4505,-16.636011904978133
0,30.0,25.79858038200613,4506,-16.637354199039166
0,30.0,25.79858038200613,4507,-16.638696419365644
0,30.0,25.79858038200613,4508,-16.64003856598667
0,30.0,25.79858038200613,4509,-16.6413806389168
0,30.0,25.79858038200613,4510,-16.642722638221514
0,30.0,25.79858038200613,4511,-16.644064563915364
0,30.0,25.79858038200613,4512,-16.64540641601654
0,30.0,25.79858038200613,4513,-16.646748194579615
0,30.0,25.79858038200613,4514,-16.64808989963005
0,30.0,25.79858038200613,4515,-16.64943153120059
0,30.0,25.79858038200613,4516,-16.650773089313063
0,30.0,25.79858038200613,4517,-16.652114574036588
0,30.0,25.79858038200613,4518,-16.653455985360253
0,30.0,25.79858038200613,4519,-16.65479732333135
0,30.0,25.79858038200613,4520,-16.656138587997177
0,30.0,25.79858038200613,4521,-16.65747977935773
0,30.0,25.79858038200613,4522,-16.658820897489406
0,30.0,25.79858038200613,4523,-16.66016194238857
0,30.0,25.79858038200613,4524,-16.661502914095237
0,30.0,25.79858038200613,4525,-16.662843812656703
0,30.0,25.79858038200613,4526,-16.66418463808752
0,30.0,25.79858038200613,4527,-16.665525390427703
0,30.0,25.79858038200613,4528,-16.66686606970636
0,30.0,25.79858038200613,4529,-16.66820667595259
0,30.0,25.79858038200613,4530,-16.669547209224604
0,30.0,25.79858038200613,4531,-16.67088766952604
0,30.0,25.79858038200613,4532,-16.672228056886
0,30.0,25.79858038200613,4533,-16.673568371351777
0,30.0,25.79858038200613,4534,-16.674908612956116
0,30.0,25.79858038200613,4535,-16.676248781731758
0,30.0,25.79858038200613,4536,-16.67758887770053
0,30.0,25.79858038200613,4537,-16.678928900895173
0,30.0,25.79858038200613,4538,-16.680268851352068
0,30.0,25.79858038200613,4539,-16.681608729107595
0,30.0,25.79858038200613,4540,-16.682948534194495
0,30.0,25.79858038200613,4541,-16.684288266630958
0,30.0,25.79858038200613,4542,-16.685627926467916
0,30.0,25.79858038200613,4543,-16.686967513712645
0,30.0,25.79858038200613,4544,-16.688307028419715
0,30.0,25.79858038200613,4545,-16.68964647061459
0,30.0,25.79858038200613,4546,-16.690985840315463
0,30.0,25.79858038200613,4547,-16.692325137591453
0,30.0,25.79858038200613,4548,-16.69366436242801
0,30.0,25.79858038200613,4549,-16.695003514886977
0,30.0,25.79858038200613,4550,-16.696342594986547
0,30.0,25.79858038200613,4551,-16.69768160275582
0,30.0,25.79858038200613,4552,-16.69902053824937
0,30.0,25.79858038200613,4553,-16.700359401489024
0,30.0,25.79858038200613,4554,-16.70169819247478
0,30.0,25.79858038200613,4555,-16.70303691127576
0,30.0,25.79858038200613,4556,-16.704375557921068
0,30.0,25.79858038200613,4557,-16.705714132425257
0,30.0,25.79858038200613,4558,-16.707052634839258
0,30.0,25.79858038200613,4559,-16.708391065173984
0,30.0,25.79858038200613,4560,-16.70972942345854
0,30.0,25.79858038200613,4561,-16.711067709751134
0,30.0,25.79858038200613,4562,-16.712405924066317
0,30.0,25.79858038200613,4563,-16.713744066429555
0,30.0,25.79858038200613,4564,-16.715082136899056
0,30.0,25.79858038200613,4565,-16.716420135485734
0,30.0,25.79858038200613,4566,-16.71775806222597
0,30.0,25.79858038200613,4567,-16.71909591713795
0,30.0,25.79858038200613,4568,-16.720433700272608
0,30.0,25.79858038200613,4569,-16.721771411644497
0,30.0,25.79858038200613,4570,-16.723109051286357
0,30.0,25.79858038200613,4571,-16.724446619245484
0,30.0,25.79858038200613,4572,-16.72578411554734
0,30.0,25.79858038200613,4573,-16.72712154021376
0,30.0,25.79858038200613,4574,-16.72845889329203
0,30.0,25.79858038200613,4575,-16.729796174793066
0,30.0,25.79858038200613,4576,-16.731133384760525
0,30.0,25.79858038200613,4577,-16.732470523219874
0,30.0,25.79858038200613,4578,-16.733807590214766
0,30.0,25.79858038200613,4579,-16.735144585774307
0,30.0,25.79858038200613,4580,-16.736481509902134
0,30.0,25.79858038200613,4581,-16.737818362660093
0,30.0,25.79858038200613,4582,-16.739155144084563
0,30.0,25.79858038200613,4583,-16.740491854171907
0,30.0,25.79858038200613,4584,-16.741828492991246
0,30.0,25.79858038200613,4585,-16.743165060538942
0,30.0,25.79858038200613,4586,-16.74450155685865
0,30.0,25.79858038200613,4587,-16.74583798199039
0,30.0,25.79858038200613,4588,-16.747174335966903
0,30.0,25.79858038200613,4589,-16.748510618817292
0,30.0,25.79858038200613,4590,-16.749846830559747
0,30.0,25.79858038200613,4591,-16.751182971234286
0,30.0,25.79858038200613,4592,-16.75251904087365
0,30.0,25.79858038200613,4593,-16.753855039492393
0,30.0,25.79858038200613,4594,-16.75519096714872
0,30.0,25.79858038200613,4595,-16.75652682384991
0,30.0,25.79858038200613,4596,-16.757862609646892
0,30.0,25.79858038200613,4597,-16.759198324557858
0,30.0,25.79858038200613,4598,-16.760533968615547
0,30.0,25.79858038200613,4599,-16.761869541845428
0,30.0,25.79858038200613,4600,-16.763205044287517
0,30.0,25.79858038200613,4601,-16.764540475970918
0,30.0,25.79858038200613,4602,-16.76587583691746
0,30.0,25.79858038200613,4603,-16.767211127170796
0,30.0,25.79858038200613,4604,-16.768546346760033
0,30.0,25.79858038200613,4605,-16.769881495710635
0,30.0,25.79858038200613,4606,-16.77121657404443
0,30.0,25.79858038200613,4607,-16.772551581801437
0,30.0,25.79858038200613,4608,-16.77388651902531
0,30.0,25.79858038200613,4609,-16.775221385730603
0,30.0,25.79858038200613,4610,-16.77655618194278
0,30.0,25.79858038200613,4611,-16.777890907709136
0,30.0,25.79858038200613,4612,-16.779225563033307
0,30.0,25.79858038200613,4613,-16.780560147984417
0,30.0,25.79858038200613,4614,-16.781894662562465
0,30.0,25.79858038200613,4615,-16.783229106814744
0,30.0,25.79858038200613,4616,-16.78456348075217
0,30.0,25.79858038200613,4617,-16.785897784436585
0,30.0,25.79858038200613,4618,-16.78723201787527
0,30.0,25.79858038200613,4619,-16.78856618110096
0,30.0,25.79858038200613,4620,-16.789900274142767
0,30.0,25.79858038200613,4621,-16.791234297037064
0,30.0,25.79858038200613,4622,-16.79256824980932
0,30.0,25.79858038200613,4623,-16.793902132499554
0,30.0,25.79858038200613,4624,-16.795235945122315
0,30.0,25.79858038200613,4625,-16.79656968772126
0,30.0,25.79858038200613,4626,-16.797903360325492
0,30.0,25.79858038200613,4627,-16.799236962949564
0,30.0,25.79858038200613,4628,-16.800570495648046
0,30.0,25.79858038200613,4629,-16.801903958420937
0,30.0,25.79858038200613,4630,-16.80323735133372
0,30.0,25.79858038200613,4631,-16.804570674393673
0,30.0,25.79858038200613,4632,-16.805903927633537
0,30.0,25.79858038200613,4633,-16.807237111096967
0,30.0,25.79858038200613,4634,-16.808570224794877
0,30.0,25.79858038200613,4635,-16.80990326876001
0,30.0,25.79858038200613,4636,-16.811236243043297
0,30.0,25.79858038200613,4637,-16.81256914765565
0,30.0,25.79858038200613,4638,-16.813901982611625
0,30.0,25.79858038200613,4639,-16.815234747987617
0,30.0,25.79858038200613,4640,-16.816567443769074
0,30.0,25.79858038200613,4641,-16.817900070014204
0,30.0,25.79858038200613,4642,-16.81923262673756
0,30.0,25.79858038200613,4643,-16.820565113964605
0,30.0,25.79858038200613,4644,-16.821897531738998
0,30.0,25.79858038200613,4645,-16.823229880086203
0,30.0,25.79858038200613,4646,-16.824562159053514
0,30.0,25.79858038200613,4647,-16.82589436864457
0,30.0,25.79858038200613,4648,-16.82722650887392
0,30.0,25.79858038200613,4649,-16.82855857982888
0,30.0,25.79858038200613,4650,-16.82989058148398
0,30.0,25.79858038200613,4651,-16.831222513893792
0,30.0,25.79858038200613,4652,-16.832554377094695
0,30.0,25.79858038200613,4653,-16.83388617110124
0,30.0,25.79858038200613,4654,-16.835217895938897
0,30.0,25.79858038200613,4655,-16.836549551658592
0,30.0,25.79858038200613,4656,-16.837881138271243
0,30.0,25.79858038200613,4657,-16.83921265582414
0,30.0,25.79858038200613,4658,-16.84054410433184
0,30.0,25.79858038200613,4659,-16.841875483819805
0,30.0,25.79858038200613,4660,-16.84320679433533
0,30.0,25.79858038200613,4661,-16.84453803590388
0,30.0,25.79858038200613,4662,-16.845869208532733
0,30.0,25.79858038200613,4663,-16.847200312272818
0,30.0,25.79858038200613,4664,-16.848531347160517
0,30.0,25.79858038200613,4665,-16.849862313214018
0,30.0,25.79858038200613,4666,-16.851193210466064
0,30.0,25.79858038200613,4667,-16.85252403892757
0,30.0,25.79858038200613,4668,-16.853854798664017
0,30.0,25.79858038200613,4669,-16.855185489657217
0,30.0,25.79858038200613,4670,-16.856516111990842
0,30.0,25.79858038200613,4671,-16.85784666565398
0,30.0,25.79858038200613,4672,-16.859177150690286
0,30.0,25.79858038200613,4673,-16.860507567128863
0,30.0,25.79858038200613,4674,-16.861837914995178
0,30.0,25.79858038200613,4675,-16.863168194329248
0,30.0,25.79858038200613,4676,-16.864498405149263
0,30.0,25.79858038200613,4677,-16.865828547487965
0,30.0,25.79858038200613,4678,-16.867158621381733
0,30.0,25.79858038200613,4679,-16.868488626841483
0,30.0,25.79858038200613,4680,-16.869818563914507
0,30.0,25.79858038200613,4681,-16.871148432618995
0,30.0,25.79858038200613,4682,-16.872478232991327
0,30.0,25.79858038200613,4683,-16.87380796505697
0,30.0,25.79858038200613,4684,-16.8751376288523
0,30.0,25.79858038200613,4685,-16.876467224391874
0,30.0,25.79858038200613,4686,-16.87779675170843
0,30.0,25.79858038200613,4687,-16.879126210845627
0,30.0,25.79858038200613,4688,-16.880455601814376
0,30.0,25.79858038200613,4689,-16.881784924654696
0,30.0,25.79858038200613,4690,-16.88311417939933
0,30.0,25.79858038200613,4691,-16.884443366062825
0,30.0,25.79858038200613,4692,-16.885772484681567
0,30.0,25.79858038200613,4693,-16.887101535291933
0,30.0,25.79858038200613,4694,-16.8884305179012
0,30.0,25.79858038200613,4695,-16.88975943257485
0,30.0,25.79858038200613,4696,-16.891088279291054
0,30.0,25.79858038200613,4697,-16.89241705813349
0,30.0,25.79858038200613,4698,-16.8937457690876
0,30.0,25.79858038200613,4699,-16.8950744122116
0,30.0,25.79858038200613,4700,-16.89640298752731
0,30.0,25.79858038200613,4701,-16.897731495052923
0,30.0,25.79858038200613,4702,-16.899059934817544
0,30.0,25.79858038200613,4703,-16.900388306864826
0,30.0,25.79858038200613,4704,-16.901716611209324
0,30.0,25.79858038200613,4705,-16.9030448478765
0,30.0,25.79858038200613,4706,-16.90437301692093
0,30.0,25.79858038200613,4707,-16.905701118338968
0,30.0,25.79858038200613,4708,-16.907029152167
0,30.0,25.79858038200613,4709,-16.90835711845959
0,30.0,25.79858038200613,4710,-16.909685017220383
0,30.0,25.79858038200613,4711,-16.911012848482116
0,30.0,25.79858038200613,4712,-16.912340612273894
0,30.0,25.79858038200613,4713,-16.91366830862846
0,30.0,25.79858038200613,4714,-16.914995937571277
0,30.0,25.79858038200613,4715,-16.916323499142365
0,30.0,25.79858038200613,4716,-16.91765099334536
0,30.0,25.79858038200613,4717,-16.918978420234836
0,30.0,25.79858038200613,4718,-16.92030577980715
0,30.0,25.79858038200613,4719,-16.921633072131428
0,30.0,25.79858038200613,4720,-16.922960297207666
0,30.0,25.79858038200613,4721,-16.924287455072246
0,30.0,25.79858038200613,4722,-16.92561454575791
0,30.0,25.79858038200613,4723,-16.926941569286484
0,30.0,25.79858038200613,4724,-16.928268525683436
0,30.0,25.79858038200613,4725,-16.929595414996058
0,30.0,25.79858038200613,4726,-16.930922237220713
0,30.0,25.79858038200613,4727,-16.93224899241197
0,30.0,25.79858038200613,4728,-16.93357568059166
0,30.0,25.79858038200613,4729,-16.93490230179252
0,30.0,25.79858038200613,4730,-16.936228856025465
0,30.0,25.79858038200613,4731,-16.937555343345068
0,30.0,25.79858038200613,4732,-16.938881763747688
0,30.0,25.79858038200613,4733,-16.940208117284257
0,30.0,25.79858038200613,4734,-16.941534403991156
0,30.0,25.79858038200613,4735,-16.942860623872022
0,30.0,25.79858038200613,4736,-16.944186776966873
0,30.0,25.79858038200613,4737,-16.945512863304813
0,30.0,25.79858038200613,4738,-16.946838882914946
0,30.0,25.79858038200613,4739,-16.948164835822737
0,30.0,25.79858038200613,4740,-16.949490722050015
0,30.0,25.79858038200613,4741,-16.950816541636797
0,30.0,25.79858038200613,4742,-16.952142294597635
0,30.0,25.79858038200613,4743,-16.953467980979823
0,30.0,25.79858038200613,4744,-16.954793600790637
0,30.0,25.79858038200613,4745,-16.956119154070095
0,30.0,25.79858038200613,4746,-16.957444640854575
0,30.0,25.79858038200613,4747,-16.958770061147717
0,30.0,25.79858038200613,4748,-16.96009541498954
0,30.0,25.79858038200613,4749,-16.961420702423695
0,30.0,25.79858038200613,4750,-16.962745923450186
0,30.0,25.79858038200613,4751,-16.964071078119943
0,30.0,25.79858038200613,4752,-16.965396166454795
0,30.0,25.79858038200613,4753,-16.966721188469293
0,30.0,25.79858038200613,4754,-16.96804614419618
0,30.0,25.79858038200613,4755,-16.969371033693662
0,30.0,25.79858038200613,4756,-16.970695856947188
0,30.0,25.79858038200613,4757,-16.97202061400405
0,30.0,25.79858038200613,4758,-16.97334530488972
0,30.0,25.79858038200613,4759,-16.974669929629655
0,30.0,25.79858038200613,4760,-16.97599448826024
0,30.0,25.79858038200613,4761,-16.977318980799666
0,30.0,25.79858038200613,4762,-16.978643407273395
0,30.0,25.79858038200613,4763,-16.979967767721448
0,30.0,25.79858038200613,4764,-16.981292062162012
0,30.0,25.79858038200613,4765,-16.98261629063147
0,30.0,25.79858038200613,4766,-16.98394045314801
0,30.0,25.79858038200613,4767,-16.985264549737096
0,30.0,25.79858038200613,4768,-16.98658858043875
0,30.0,25.79858038200613,4769,-16.98791254528571
0,30.0,25.79858038200613,4770,-16.989236444285254
0,30.0,25.79858038200613,4771,-16.99056027745921
0,30.0,25.79858038200613,4772,-16.991884044869423
0,30.0,25.79858038200613,4773,-16.993207746512255
0,30.0,25.79858038200613,4774,-16.99453138243136
0,30.0,25.79858038200613,4775,-16.995854952641295
0,30.0,25.79858038200613,4776,-16.99717845718935
0,30.0,25.79858038200613,4777,-16.998501896086438
0,30.0,25.79858038200613,4778,-16.999825269361665
0,30.0,25.79858038200613,4779,-17.00114857705141
0,30.0,25.79858038200613,4780,-17.002471819166587
0,30.0,25.79858038200613,4781,-17.003794995761766
0,30.0,25.79858038200613,4782,-17.005118106851498
0,30.0,25.79858038200613,4783,-17.00644115244306
0,30.0,25.79858038200613,4784,-17.00776413257647
0,30.0,25.79858038200613,4785,-17.009087047306295
0,30.0,25.79858038200613,4786,-17.010409896625262
0,30.0,25.79858038200613,4787,-17.011732680573388
0,30.0,25.79858038200613,4788,-17.01305539917614
0,30.0,25.79858038200613,4789,-17.014378052451704
0,30.0,25.79858038200613,4790,-17.0157006404401
0,30.0,25.79858038200613,4791,-17.01702316316316
0,30.0,25.79858038200613,4792,-17.018345620664533
0,30.0,25.79858038200613,4793,-17.019668012944223
0,30.0,25.79858038200613,4794,-17.020990340060436
0,30.0,25.79858038200613,4795,-17.02231260200226
0,30.0,25.79858038200613,4796,-17.023634798816985
0,30.0,25.79858038200613,4797,-17.02495693055191
0,30.0,25.79858038200613,4798,-17.026278997199753
0,30.0,25.79858038200613,4799,-17.027600998800537
0,30.0,25.79858038200613,4800,-17.028922935379725
0,30.0,25.79858038200613,4801,-17.030244806977336
0,30.0,25.79858038200613,4802,-17.03156661360792
0,30.0,25.79858038200613,4803,-17.03288835529331
0,30.0,25.79858038200613,4804,-17.03421003206624
0,30.0,25.79858038200613,4805,-17.035531643966735
0,30.0,25.79858038200613,4806,-17.036853191005704
0,30.0,25.79858038200613,4807,-17.038174673223168
0,30.0,25.79858038200613,4808,-17.039496090633676
0,30.0,25.79858038200613,4809,-17.04081744325906
0,30.0,25.79858038200613,4810,-17.042138731135694
0,30.0,25.79858038200613,4811,-17.043459954307238
0,30.0,25.79858038200613,4812,-17.044781112762777
0,30.0,25.79858038200613,4813,-17.046102206564157
0,30.0,25.79858038200613,4814,-17.047423235715016
0,30.0,25.79858038200613,4815,-17.048744200262647
0,30.0,25.79858038200613,4816,-17.050065100214326
0,30.0,25.79858038200613,4817,-17.05138593561007
0,30.0,25.79858038200613,4818,-17.052706706460796
0,30.0,25.79858038200613,4819,-17.05402741280652
0,30.0,25.79858038200613,4820,-17.055348054679982
0,30.0,25.79858038200613,4821,-17.056668632103012
0,30.0,25.79858038200613,4822,-17.05798914509016
0,30.0,25.79858038200613,4823,-17.059309593685086
0,30.0,25.79858038200613,4824,-17.060629977902337
0,30.0,25.79858038200613,4825,-17.061950297763744
0,30.0,25.79858038200613,4826,-17.063270553305685
0,30.0,25.79858038200613,4827,-17.06459074456818
0,30.0,25.79858038200613,4828,-17.065910871551225
0,30.0,25.79858038200613,4829,-17.06723093429848
0,30.0,25.79858038200613,4830,-17.068550932817217
0,30.0,25.79858038200613,4831,-17.069870867169286
0,30.0,25.79858038200613,4832,-17.071190737354684
0,30.0,25.79858038200613,4833,-17.07251054339524
0,30.0,25.79858038200613,4834,-17.07383028533461
0,30.0,25.79858038200613,4835,-17.075149963198257
0,30.0,25.79858038200613,4836,-17.07646957701165
0,30.0,25.79858038200613,4837,-17.077789126778427
0,30.0,25.79858038200613,4838,-17.079108612556794
0,30.0,25.79858038200613,4839,-17.08042803435039
0,30.0,25.79858038200613,4840,-17.08174739220287
0,30.0,25.79858038200613,4841,-17.083066686128788
0,30.0,25.79858038200613,4842,-17.084385916153607
0,30.0,25.79858038200613,4843,-17.08570508231371
0,30.0,25.79858038200613,4844,-17.087024184627282
0,30.0,25.79858038200613,4845,-17.08834322312707
0,30.0,25.79858038200613,4846,-17.089662197842173
0,30.0,25.79858038200613,4847,-17.090981108768958
0,30.0,25.79858038200613,4848,-17.09229995598382
0,30.0,25.79858038200613,4849,-17.093618739475843
0,30.0,25.79858038200613,4850,-17.094937459274135
0,30.0,25.79858038200613,4851,-17.096256115429625
0,30.0,25.79858038200613,4852,-17.097574707927762
0,30.0,25.79858038200613,4853,-17.098893236848582
0,30.0,25.79858038200613,4854,-17.100211702159342
0,30.0,25.79858038200613,4855,-17.101530103929164
0,30.0,25.79858038200613,4856,-17.10284844217624
0,30.0,25.79858038200613,4857,-17.104166716900565
0,30.0,25.79858038200613,4858,-17.10548492817854
0,30.0,25.79858038200613,4859,-17.106803075991976
0,30.0,25.79858038200613,4860,-17.108121160373614
0,30.0,25.79858038200613,4861,-17.109439181367108
0,30.0,25.79858038200613,4862,-17.110757138979736
0,30.0,25.79858038200613,4863,-17.112075033247876
0,30.0,25.79858038200613,4864,-17.113392864196996
0,30.0,25.79858038200613,4865,-17.114710631848922
0,30.0,25.79858038200613,4866,-17.11602833624731
0,30.0,25.79858038200613,4867,-17.117345977384886
0,30.0,25.79858038200613,4868,-17.118663555319856
0,30.0,25.79858038200613,4869,-17.119981070059495
0,30.0,25.79858038200613,4870,-17.12129852162927
0,30.0,25.79858038200613,4871,-17.122615910080114
0,30.0,25.79858038200613,4872,-17.123933235393835
0,30.0,25.79858038200613,4873,-17.125250497639556
0,30.0,25.79858038200613,4874,-17.126567696813638
0,30.0,25.79858038200613,4875,-17.12788483295246
0,30.0,25.79858038200613,4876,-17.129201906088767
0,30.0,25.79858038200613,4877,-17.130518916248022
0,30.0,25.79858038200613,4878,-17.1318358634375
0,30.0,25.79858038200613,4879,-17.133152747697224
0,30.0,25.79858038200613,4880,-17.13446956904538
0,30.0,25.79858038200613,4881,-17.135786327525622
0,30.0,25.79858038200613,4882,-17.13710302314159
0,30.0,25.79858038200613,4883,-17.138419655929667
0,30.0,25.79858038200613,4884,-17.139736225918952
0,30.0,25.79858038200613,4885,-17.141052733149465
0,30.0,25.79858038200613,4886,-17.142369177603015
0,30.0,25.79858038200613,4887,-17.14368555933781
0,30.0,25.79858038200613,4888,-17.145001878368404
0,30.0,25.79858038200613,4889,-17.146318134727537
0,30.0,25.79858038200613,4890,-17.147634328440674
0,30.0,25.79858038200613,4891,-17.148950459529644
0,30.0,25.79858038200613,4892,-17.150266528009
0,30.0,25.79858038200613,4893,-17.151582533940584
0,30.0,25.79858038200613,4894,-17.15289847730257
0,30.0,25.79858038200613,4895,-17.154214358164083
0,30.0,25.79858038200613,4896,-17.155530176510567
0,30.0,25.79858038200613,4897,-17.15684593240023
0,30.0,25.79858038200613,4898,-17.158161625836712
0,30.0,25.79858038200613,4899,-17.15947725686003
0,30.0,25.79858038200613,4900,-17.160792825477458
0,30.0,25.79858038200613,4901,-17.162108331747206
0,30.0,25.79858038200613,4902,-17.16342377565472
0,30.0,25.79858038200613,4903,-17.164739157250935
0,30.0,25.79858038200613,4904,-17.166054476557676
0,30.0,25.79858038200613,4905,-17.167369733607686
0,30.0,25.79858038200613,4906,-17.168684928400964
0,30.0,25.79858038200613,4907,-17.17000006097753
0,30.0,25.79858038200613,4908,-17.171315131381036
0,30.0,25.79858038200613,4909,-17.172630139607847
0,30.0,25.79858038200613,4910,-17.173945085690704
0,30.0,25.79858038200613,4911,-17.17525996966235
0,30.0,25.79858038200613,4912,-17.176574791537334
0,30.0,25.79858038200613,4913,-17.177889551362952
0,30.0,25.79858038200613,4914,-17.179204249142842
0,30.0,25.79858038200613,4915,-17.180518884913383
0,30.0,25.79858038200613,4916,-17.181833458692765
0,30.0,25.79858038200613,4917,-17.18314797049554
0,30.0,25.79858038200613,4918,-17.18446242037264
0,30.0,25.79858038200613,4919,-17.185776808342254
0,30.0,25.79858038200613,4920,-17.187091134400745
0,30.0,25.79858038200613,4921,-17.188405398635425
0,30.0,25.79858038200613,4922,-17.189719601002636
0,30.0,25.79858038200613,4923,-17.19103374155695
0,30.0,25.79858038200613,4924,-17.192347820338384
0,30.0,25.79858038200613,4925,-17.19366183735785
0,30.0,25.79858038200613,4926,-17.194975792633542
0,30.0,25.79858038200613,4927,-17.196289686187285
0,30.0,25.79858038200613,4928,-17.197603518062735
0,30.0,25.79858038200613,4929,-17.198917288288996
0,30.0,25.79858038200613,4930,-17.20023099686607
0,30.0,25.79858038200613,4931,-17.20154464383033
0,30.0,25.79858038200613,4932,-17.20285822921089
0,30.0,25.79858038200613,4933,-17.204171753018656
0,30.0,25.79858038200613,4934,-17.20548521529365
0,30.0,25.79858038200613,4935,-17.206798616061334
0,30.0,25.79858038200613,4936,-17.208111955350816
0,30.0,25.79858038200613,4937,-17.209425233158456
0,30.0,25.79858038200613,4938,-17.210738449531547
0,30.0,25.79858038200613,4939,-17.21205160451011
0,30.0,25.79858038200613,4940,-17.213364698086863
0,30.0,25.79858038200613,4941,-17.21467773029819
0,30.0,25.79858038200613,4942,-17.215990701173197
0,30.0,25.79858038200613,4943,-17.21730361073371
0,30.0,25.79858038200613,4944,-17.218616459012466
0,30.0,25.79858038200613,4945,-17.21992924601311
0,30.0,25.79858038200613,4946,-17.221241971790207
0,30.0,25.79858038200613,4947,-17.22255463634012
0,30.0,25.79858038200613,4948,-17.223867239713783
0,30.0,25.79858038200613,4949,-17.22517978190392
0,30.0,25.79858038200613,4950,-17.22649226297237
0,30.0,25.79858038200613,4951,-17.227804682915504
0,30.0,25.79858038200613,4952,-17.229117041773335
0,30.0,25.79858038200613,4953,-17.23042933955678
0,30.0,25.79858038200613,4954,-17.231741576294937
0,30.0,25.79858038200613,4955,-17.233053752031466
0,30.0,25.79858038200613,4956,-17.234365866773643
0,30.0,25.79858038200613,4957,-17.23567792053602
0,30.0,25.79858038200613,4958,-17.23698991336225
0,30.0,25.79858038200613,4959,-17.238301845274165
0,30.0,25.79858038200613,4960,-17.239613716279038
0,30.0,25.79858038200613,4961,-17.240925526420526
0,30.0,25.79858038200613,4962,-17.24223727571318
0,30.0,25.79858038200613,4963,-17.243548964197018
0,30.0,25.79858038200613,4964,-17.244860591882954
0,30.0,25.79858038200613,4965,-17.24617215878554
0,30.0,25.79858038200613,4966,-17.247483664948433
0,30.0,25.79858038200613,4967,-17.24879511038982
0,30.0,25.79858038200613,4968,-17.250106495131533
0,30.0,25.79858038200613,4969,-17.251417819191758
0,30.0,25.79858038200613,4970,-17.252729082606876
0,30.0,25.79858038200613,4971,-17.254040285405992
0,30.0,25.79858038200613,4972,-17.255351427592743
0,30.0,25.79858038200613,4973,-17.256662509203508
0,30.0,25.79858038200613,4974,-17.257973530263754
0,30.0,25.79858038200613,4975,-17.25928449079167
0,30.0,25.79858038200613,4976,-17.260595390830915
0,30.0,25.79858038200613,4977,-17.261906230377846
0,30.0,25.79858038200613,4978,-17.26321700947976
0,30.0,25.79858038200613,4979,-17.264527728143932
0,30.0,25.79858038200613,4980,-17.26583838641038
0,30.0,25.79858038200613,4981,-17.267148984275465
0,30.0,25.79858038200613,4982,-17.268459521801034
0,30.0,25.79858038200613,4983,-17.269769998987087
0,30.0,25.79858038200613,4984,-17.271080415862727
0,30.0,25.79858038200613,4985,-17.272390772449782
0,30.0,25.79858038200613,4986,-17.273701068780994
0,30.0,25.79858038200613,4987,-17.27501130488183
0,30.0,25.79858038200613,4988,-17.27632148074865
0,30.0,25.79858038200613,4989,-17.27763159643966
0,30.0,25.79858038200613,4990,-17.27894165196578
0,30.0,25.79858038200613,4991,-17.280251647345196
0,30.0,25.79858038200613,4992,-17.281561582617925
0,30.0,25.79858038200613,4993,-17.282871457791245
0,30.0,25.79858038200613,4994,-17.284181272897897
0,30.0,25.79858038200613,4995,-17.285491027959708
0,30.0,25.79858038200613,4996,-17.28680072301306
0,30.0,25.79858038200613,4997,-17.288110358050673
0,30.0,25.79858038200613,4998,-17.28941993312712
0,30.0,25.79858038200613,4999,-17.290729448256954
0,30.0,25.79858038200613,5000,-17.292038903458362
0,30.0,25.79858038200613,5001,-17.29334829874226
0,30.0,25.79858038200613,5002,-17.294657634177767
0,30.0,25.79858038200613,5003,-17.295966909746696
0,30.0,25.79858038200613,5004,-17.2972761254927
0,30.0,25.79858038200613,5005,-17.298585281433972
0,30.0,25.79858038200613,5006,-17.2998943775887
0,30.0,25.79858038200613,5007,-17.30120341398235
0,30.0,25.79858038200613,5008,-17.30251239065494
0,30.0,25.79858038200613,5009,-17.30382130760647
0,30.0,25.79858038200613,5010,-17.305130164876957
0,30.0,25.79858038200613,5011,-17.306438962495506
0,30.0,25.79858038200613,5012,-17.307747700469392
0,30.0,25.79858038200613,5013,-17.309056378813167
0,30.0,25.79858038200613,5014,-17.310364997595954
0,30.0,25.79858038200613,5015,-17.3116735568032
0,30.0,25.79858038200613,5016,-17.312982056438543
0,30.0,25.79858038200613,5017,-17.314290496582018
0,30.0,25.79858038200613,5018,-17.315598877222712
0,30.0,25.79858038200613,5019,-17.31690719840428
0,30.0,25.79858038200613,5020,-17.318215460134
0,30.0,25.79858038200613,5021,-17.319523662415506
0,30.0,25.79858038200613,5022,-17.320831805317923
0,30.0,25.79858038200613,5023,-17.32213988883761
0,30.0,25.79858038200613,5024,-17.32344791301459
0,30.0,25.79858038200613,5025,-17.324755877841582
0,30.0,25.79858038200613,5026,-17.326063783373158
0,30.0,25.79858038200613,5027,-17.327371629612955
0,30.0,25.79858038200613,5028,-17.32867941660099
0,30.0,25.79858038200613,5029,-17.329987144355457
0,30.0,25.79858038200613,5030,-17.331294812890903
0,30.0,25.79858038200613,5031,-17.332602422247348
0,30.0,25.79858038200613,5032,-17.33390997242479
0,30.0,25.79858038200613,5033,-17.33521746346689
0,30.0,25.79858038200613,5034,-17.336524895388195
0,30.0,25.79858038200613,5035,-17.337832268228723
0,30.0,25.79858038200613,5036,-17.339139581988476
0,30.0,25.79858038200613,5037,-17.34044683669292
0,30.0,25.79858038200613,5038,-17.34175403238207
0,30.0,25.79858038200613,5039,-17.343061169066843
0,30.0,25.79858038200613,5040,-17.34436824677998
0,30.0,25.79858038200613,5041,-17.345675265543306
0,30.0,25.79858038200613,5042,-17.346982225360463
0,30.0,25.79858038200613,5043,-17.348289126271467
0,30.0,25.79858038200613,5044,-17.34959596830906
0,30.0,25.79858038200613,5045,-17.35090275147688
0,30.0,25.79858038200613,5046,-17.352209475811307
0,30.0,25.79858038200613,5047,-17.35351614133053
0,30.0,25.79858038200613,5048,-17.354822748056378
0,30.0,25.79858038200613,5049,-17.356129296017954
0,30.0,25.79858038200613,5050,-17.357435785237087
0,30.0,25.79858038200613,5051,-17.35874221572469
0,30.0,25.79858038200613,5052,-17.360048587531693
0,30.0,25.79858038200613,5053,-17.361354900661738
0,30.0,25.79858038200613,5054,-17.36266115511846
0,30.0,25.79858038200613,5055,-17.363967350963705
0,30.0,25.79858038200613,5056,-17.36527348820111
0,30.0,25.79858038200613,5057,-17.366579566852508
0,30.0,25.79858038200613,5058,-17.367885586950635
0,30.0,25.79858038200613,5059,-17.36919154849913
0,30.0,25.79858038200613,5060,-17.370497451552566
0,30.0,25.79858038200613,5061,-17.371803296114578
0,30.0,25.79858038200613,5062,-17.373109082206994
0,30.0,25.79858038200613,5063,-17.37441480985528
0,30.0,25.79858038200613,5064,-17.375720479081266
0,30.0,25.79858038200613,5065,-17.377026089914054
0,30.0,25.79858038200613,5066,-17.378331642368195
0,30.0,25.79858038200613,5067,-17.379637136476433
0,30.0,25.79858038200613,5068,-17.38094257226787
0,30.0,25.79858038200613,5069,-17.382247949724317
0,30.0,25.79858038200613,5070,-17.383553268900343
0,30.0,25.79858038200613,5071,-17.384858529835967
0,30.0,25.79858038200613,5072,-17.386163732556653
0,30.0,25.79858038200613,5073,-17.387468877026024
0,30.0,25.79858038200613,5074,-17.38877396330956
0,30.0,25.79858038200613,5075,-17.390078991440006
0,30.0,25.79858038200613,5076,-17.391383961424637
0,30.0,25.79858038200613,5077,-17.392688873281642
0,30.0,25.79858038200613,5078,-17.393993727047402
0,30.0,25.79858038200613,5079,-17.395298522718278
0,30.0,25.79858038200613,5080,-17.396603260345202
0,30.0,25.79858038200613,5081,-17.397907939950002
0,30.0,25.79858038200613,5082,-17.39921256153268
0,30.0,25.79858038200613,5083,-17.4005171251478
0,30.0,25.79858038200613,5084,-17.401821630802644
0,30.0,25.79858038200613,5085,-17.403126078508123
0,30.0,25.79858038200613,5086,-17.404430468289704
0,30.0,25.79858038200613,5087,-17.405734800187403
0,30.0,25.79858038200613,5088,-17.407039074219412
0,30.0,25.79858038200613,5089,-17.408343290400282
0,30.0,25.79858038200613,5090,-17.409647448748203
0,30.0,25.79858038200613,5091,-17.410951549295916
0,30.0,25.79858038200613,5092,-17.412255592068888
0,30.0,25.79858038200613,5093,-17.41355957708531
0,30.0,25.79858038200613,5094,-17.414863504352454
0,30.0,25.79858038200613,5095,-17.416167373924893
0,30.0,25.79858038200613,5096,-17.417471185798988
0,30.0,25.79858038200613,5097,-17.41877494000748
0,30.0,25.79858038200613,5098,-17.420078636583114
0,30.0,25.79858038200613,5099,-17.421382275540438
0,30.0,25.79858038200613,5100,-17.42268585686854
0,30.0,25.79858038200613,5101,-17.423989380632904
0,30.0,25.79858038200613,5102,-17.425292846855356
0,30.0,25.79858038200613,5103,-17.426596255543174
0,30.0,25.79858038200613,5104,-17.42789960670727
0,30.0,25.79858038200613,5105,-17.42920290041313
0,30.0,25.79858038200613,5106,-17.430506136635287
0,30.0,25.79858038200613,5107,-17.43180931541376
0,30.0,25.79858038200613,5108,-17.43311243677401
0,30.0,25.79858038200613,5109,-17.43441550074151
0,30.0,25.79858038200613,5110,-17.435718507352632
0,30.0,25.79858038200613,5111,-17.437021456589193
0,30.0,25.79858038200613,5112,-17.43832434850576
0,30.0,25.79858038200613,5113,-17.439627183113245
0,30.0,25.79858038200613,5114,-17.440929960444393
0,30.0,25.79858038200613,5115,-17.442232680491927
0,30.0,25.79858038200613,5116,-17.443535343332243
0,30.0,25.79858038200613,5117,-17.444837948928964
0,30.0,25.79858038200613,5118,-17.446140497340295
0,30.0,25.79858038200613,5119,-17.447442988566237
0,30.0,25.79858038200613,5120,-17.44874542266136
0,30.0,25.79858038200613,5121,-17.45004779963294
0,30.0,25.79858038200613,5122,-17.45135011949189
0,30.0,25.79858038200613,5123,-17.452652382249127
0,30.0,25.79858038200613,5124,-17.45395458797377
0,30.0,25.79858038200613,5125,-17.45525673664035
0,30.0,25.79858038200613,5126,-17.456558828299805
0,30.0,25.79858038200613,5127,-17.457860862941217
0,30.0,25.79858038200613,5128,-17.45916284064826
0,30.0,25.79858038200613,5129,-17.460464761373643
0,30.0,25.79858038200613,5130,-17.46176662519376
0,30.0,25.79858038200613,5131,-17.46306843211589
0,30.0,25.79858038200613,5132,-17.46437018212184
0,30.0,25.79858038200613,5133,-17.465671875298924
0,30.0,25.79858038200613,5134,-17.466973511603484
0,30.0,25.79858038200613,5135,-17.468275091122834
0,30.0,25.79858038200613,5136,-17.469576613831507
0,30.0,25.79858038200613,5137,-17.470878079765882
0,30.0,25.79858038200613,5138,-17.4721794889587
0,30.0,25.79858038200613,5139,-17.473480841413604
0,30.0,25.79858038200613,5140,-17.474782137170607
0,30.0,25.79858038200613,5141,-17.476083376233348
0,30.0,25.79858038200613,5142,-17.477384558645483
0,30.0,25.79858038200613,5143,-17.478685684417925
0,30.0,25.79858038200613,5144,-17.479986753554314
0,30.0,25.79858038200613,5145,-17.48128776610922
0,30.0,25.79858038200613,5146,-17.482588722086277
0,30.0,25.79858038200613,5147,-17.483889621514592
0,30.0,25.79858038200613,5148,-17.48519046440508
0,30.0,25.79858038200613,5149,-17.48649125079048
0,30.0,25.79858038200613,5150,-17.487791980685344
0,30.0,25.79858038200613,5151,-17.489092654129692
0,30.0,25.79858038200613,5152,-17.49039327112716
0,30.0,25.79858038200613,5153,-17.49169383168139
0,30.0,25.79858038200613,5154,-17.49299433585786
0,30.0,25.79858038200613,5155,-17.49429478365657
0,30.0,25.79858038200613,5156,-17.495595175099353
0,30.0,25.79858038200613,5157,-17.496895510204396
0,30.0,25.79858038200613,5158,-17.498195789000803
0,30.0,25.79858038200613,5159,-17.499496011499488
0,30.0,25.79858038200613,5160,-17.500796177733193
0,30.0,25.79858038200613,5161,-17.502096287727383
0,30.0,25.79858038200613,5162,-17.503396341492973
0,30.0,25.79858038200613,5163,-17.504696339044514
0,30.0,25.79858038200613,5164,-17.505996280436577
0,30.0,25.79858038200613,5165,-17.507296165643695
0,30.0,25.79858038200613,5166,-17.508595994727713
0,30.0,25.79858038200613,5167,-17.5098957677141
0,30.0,25.79858038200613,5168,-17.5111954845883
0,30.0,25.79858038200613,5169,-17.512495145390332
0,30.0,25.79858038200613,5170,-17.51379475013475
0,30.0,25.79858038200613,5171,-17.51509429885793
0,30.0,25.79858038200613,5172,-17.516393791567154
0,30.0,25.79858038200613,5173,-17.51769322830971
0,30.0,25.79858038200613,5174,-17.5189926090856
0,30.0,25.79858038200613,5175,-17.520291933891187
0,30.0,25.79858038200613,5176,-17.521591202802867
0,30.0,25.79858038200613,5177,-17.52289041580245
0,30.0,25.79858038200613,5178,-17.52418957293723
0,30.0,25.79858038200613,5179,-17.52548867420721
0,30.0,25.79858038200613,5180,-17.526787719637852
0,30.0,25.79858038200613,5181,-17.528086709254623
0,30.0,25.79858038200613,5182,-17.52938564309754
0,30.0,25.79858038200613,5183,-17.530684521148416
0,30.0,25.79858038200613,5184,-17.53198334345818
0,30.0,25.79858038200613,5185,-17.533282110045022
0,30.0,25.79858038200613,5186,-17.53458082091622
0,30.0,25.79858038200613,5187,-17.535879476115426
0,30.0,25.79858038200613,5188,-17.53717807564992
0,30.0,25.79858038200613,5189,-17.538476619545165
0,30.0,25.79858038200613,5190,-17.539775107815714
0,30.0,25.79858038200613,5191,-17.541073540487034
0,30.0,25.79858038200613,5192,-17.542371917577313
0,30.0,25.79858038200613,5193,-17.543670239119294
0,30.0,25.79858038200613,5194,-17.544968505116614
0,30.0,25.79858038200613,5195,-17.54626671561293
0,30.0,25.79858038200613,5196,-17.547564870619155
0,30.0,25.79858038200613,5197,-17.54886297015348
0,30.0,25.79858038200613,5198,-17.550161014226816
0,30.0,25.79858038200613,5199,-17.55145900288646
0,30.0,25.79858038200613,5200,-17.552756936139687
0,30.0,25.79858038200613,5201,-17.554054814011963
0,30.0,25.79858038200613,5202,-17.55535263649601
0,30.0,25.79858038200613,5203,-17.55665040366459
0,30.0,25.79858038200613,5204,-17.557948115495876
0,30.0,25.79858038200613,5205,-17.559245772022607
0,30.0,25.79858038200613,5206,-17.560543373281163
0,30.0,25.79858038200613,5207,-17.561840919304288
0,30.0,25.79858038200613,5208,-17.56313841005924
0,30.0,25.79858038200613,5209,-17.564435845615137
0,30.0,25.79858038200613,5210,-17.565733225968344
0,30.0,25.79858038200613,5211,-17.56703055115524
0,30.0,25.79858038200613,5212,-17.56832782117219
0,30.0,25.79858038200613,5213,-17.569625036081035
0,30.0,25.79858038200613,5214,-17.570922195870864
0,30.0,25.79858038200613,5215,-17.572219300574417
0,30.0,25.79858038200613,5216,-17.573516350206248
0,30.0,25.79858038200613,5217,-17.574813344799097
0,30.0,25.79858038200613,5218,-17.57611028437843
0,30.0,25.79858038200613,5219,-17.577407168918782
0,30.0,25.79858038200613,5220,-17.578703998503826
0,30.0,25.79858038200613,5221,-17.580000773126287
0,30.0,25.79858038200613,5222,-17.581297492804353
0,30.0,25.79858038200613,5223,-17.582594157552577
0,30.0,25.79858038200613,5224,-17.58389076742553
0,30.0,25.79858038200613,5225,-17.585187322408657
0,30.0,25.79858038200613,5226,-17.586483822531065
0,30.0,25.79858038200613,5227,-17.587780267821856
0,30.0,25.79858038200613,5228,-17.589076658291944
0,30.0,25.79858038200613,5229,-17.590372993981347
0,30.0,25.79858038200613,5230,-17.591669274886428
0,30.0,25.79858038200613,5231,-17.592965501039927
0,30.0,25.79858038200613,5232,-17.59426167247095
0,30.0,25.79858038200613,5233,-17.595557789183133
0,30.0,25.79858038200613,5234,-17.596853851209218
0,30.0,25.79858038200613,5235,-17.598149858567396
0,30.0,25.79858038200613,5236,-17.599445811283132
0,30.0,25.79858038200613,5237,-17.600741709363703
0,30.0,25.79858038200613,5238,-17.602037552834574
0,30.0,25.79858038200613,5239,-17.60333334172485
0,30.0,25.79858038200613,5240,-17.604629076070907
0,30.0,25.79858038200613,5241,-17.605924755858197
0,30.0,25.79858038200613,5242,-17.607220381112185
0,30.0,25.79858038200613,5243,-17.608515951876527
0,30.0,25.79858038200613,5244,-17.60981146815486
0,30.0,25.79858038200613,5245,-17.611106929979925
0,30.0,25.79858038200613,5246,-17.61240233736264
0,30.0,25.79858038200613,5247,-17.613697690313913
0,30.0,25.79858038200613,5248,-17.61499298888468
0,30.0,25.79858038200613,5249,-17.6162882330713
0,30.0,25.79858038200613,5250,-17.61758342290652
0,30.0,25.79858038200613,5251,-17.618878558408525
0,30.0,25.79858038200613,5252,-17.620173639580955
0,30.0,25.79858038200613,5253,-17.62146866647474
0,30.0,25.79858038200613,5254,-17.62276363909352
0,30.0,25.79858038200613,5255,-17.624058557437294
0,30.0,25.79858038200613,5256,-17.625353421578822
0,30.0,25.79858038200613,5257,-17.626648231481724
0,30.0,25.79858038200613,5258,-17.62794298720057
0,30.0,25.79858038200613,5259,-17.629237688757186
0,30.0,25.79858038200613,5260,-17.630532336155213
0,30.0,25.79858038200613,5261,-17.631826929434666
0,30.0,25.79858038200613,5262,-17.633121468599185
0,30.0,25.79858038200613,5263,-17.63441595366696
0,30.0,25.79858038200613,5264,-17.63571038467437
0,30.0,25.79858038200613,5265,-17.637004761632326
0,30.0,25.79858038200613,5266,-17.638299084551747
0,30.0,25.79858038200613,5267,-17.639593353494476
0,30.0,25.79858038200613,5268,-17.64088756842777
0,30.0,25.79858038200613,5269,-17.64218172940984
0,30.0,25.79858038200613,5270,-17.643475836429772
0,30.0,25.79858038200613,5271,-17.644769889553046
0,30.0,25.79858038200613,5272,-17.64606388875056
0,30.0,25.79858038200613,5273,-17.647357834073247
0,30.0,25.79858038200613,5274,-17.648651725517468
0,30.0,25.79858038200613,5275,-17.64994556314143
0,30.0,25.79858038200613,5276,-17.651239346919667
0,30.0,25.79858038200613,5277,-17.65253307690675
0,30.0,25.79858038200613,5278,-17.653826753120867
0,30.0,25.79858038200613,5279,-17.655120375558383
0,30.0,25.79858038200613,5280,-17.656413944270227
0,30.0,25.79858038200613,5281,-17.657707459245486
0,30.0,25.79858038200613,5282,-17.65900092053873
0,30.0,25.79858038200613,5283,-17.660294328117217
0,30.0,25.79858038200613,5284,-17.661587682079173
0,30.0,25.79858038200613,5285,-17.662880982388216
0,30.0,25.79858038200613,5286,-17.66417422906254
0,30.0,25.79858038200613,5287,-17.66546742215671
0,30.0,25.79858038200613,5288,-17.666760561652538
0,30.0,25.79858038200613,5289,-17.668053647619146
0,30.0,25.79858038200613,5290,-17.669346680020155
0,30.0,25.79858038200613,5291,-17.670639658924685
0,30.0,25.79858038200613,5292,-17.671932584318185
0,30.0,25.79858038200613,5293,-17.673225456237034
0,30.0,25.79858038200613,5294,-17.67451827468851
0,30.0,25.79858038200613,5295,-17.675811039712627
0,30.0,25.79858038200613,5296,-17.67710375132394
0,30.0,25.79858038200613,5297,-17.678396409526087
0,30.0,25.79858038200613,5298,-17.679689014359084
0,30.0,25.79858038200613,5299,-17.68098156584476
0,30.0,25.79858038200613,5300,-17.682274063979477
0,30.0,25.79858038200613,5301,-17.68356650881053
0,30.0,25.79858038200613,5302,-17.684858900334277
0,30.0,25.79858038200613,5303,-17.68615123859074
0,30.0,25.79858038200613,5304,-17.687443523583553
0,30.0,25.79858038200613,5305,-17.688735755338186
0,30.0,25.79858038200613,5306,-17.690027933891017
0,30.0,25.79858038200613,5307,-17.691320059238407
0,30.0,25.79858038200613,5308,-17.69261213140946
0,30.0,25.79858038200613,5309,-17.693904150426008
0,30.0,25.79858038200613,5310,-17.695196116309873
0,30.0,25.79858038200613,5311,-17.696488029086524
0,30.0,25.79858038200613,5312,-17.697779888748684
0,30.0,25.79858038200613,5313,-17.699071695350924
0,30.0,25.79858038200613,5314,-17.700363448889604
0,30.0,25.79858038200613,5315,-17.701655149382916
0,30.0,25.79858038200613,5316,-17.702946796885428
0,30.0,25.79858038200613,5317,-17.704238391368037
0,30.0,25.79858038200613,5318,-17.705529932878036
0,30.0,25.79858038200613,5319,-17.706821421433617
0,30.0,25.79858038200613,5320,-17.70811285704569
0,30.0,25.79858038200613,5321,-17.709404239761554
0,30.0,25.79858038200613,5322,-17.710695569566653
0,30.0,25.79858038200613,5323,-17.711986846486454
0,30.0,25.79858038200613,5324,-17.713278070579165
0,30.0,25.79858038200613,5325,-17.71456924181568
0,30.0,25.79858038200613,5326,-17.71586036023966
0,30.0,25.79858038200613,5327,-17.717151425854738
0,30.0,25.79858038200613,5328,-17.71844243870457
0,30.0,25.79858038200613,5329,-17.71973339878552
0,30.0,25.79858038200613,5330,-17.721024306137608
0,30.0,25.79858038200613,5331,-17.72231516077902
0,30.0,25.79858038200613,5332,-17.723605962713393
0,30.0,25.79858038200613,5333,-17.724896711969834
0,30.0,25.79858038200613,5334,-17.72618740855198
0,30.0,25.79858038200613,5335,-17.727478052521676
0,30.0,25.79858038200613,5336,-17.72876864384618
0,30.0,25.79858038200613,5337,-17.730059182594616
0,30.0,25.79858038200613,5338,-17.731349668745153
0,30.0,25.79858038200613,5339,-17.732640102345087
0,30.0,25.79858038200613,5340,-17.733930483394417
0,30.0,25.79858038200613,5341,-17.735220811929523
0,30.0,25.79858038200613,5342,-17.736511087964956
0,30.0,25.79858038200613,5343,-17.737801311526184
0,30.0,25.79858038200613,5344,-17.73909148260593
0,30.0,25.79858038200613,5345,-17.74038160124421
0,30.0,25.79858038200613,5346,-17.741671667473767
0,30.0,25.79858038200613,5347,-17.742961681290964
0,30.0,25.79858038200613,5348,-17.744251642728543
0,30.0,25.79858038200613,5349,-17.745541551822882
0,30.0,25.79858038200613,5350,-17.74683140854124
0,30.0,25.79858038200613,5351,-17.748121212938187
0,30.0,25.79858038200613,5352,-17.749410965031913
0,30.0,25.79858038200613,5353,-17.75070066483333
0,30.0,25.79858038200613,5354,-17.7519903123861
0,30.0,25.79858038200613,5355,-17.753279907686576
0,30.0,25.79858038200613,5356,-17.754569450752953
0,30.0,25.79858038200613,5357,-17.755858941617973
0,30.0,25.79858038200613,5358,-17.75714838029255
0,30.0,25.79858038200613,5359,-17.758437766798508
0,30.0,25.79858038200613,5360,-17.759727101161317
0,30.0,25.79858038200613,5361,-17.76101638339553
0,30.0,25.79858038200613,5362,-17.76230561348659
0,30.0,25.79858038200613,5363,-17.76359479150726
0,30.0,25.79858038200613,5364,-17.764883917468453
0,30.0,25.79858038200613,5365,-17.766172991362893
0,30.0,25.79858038200613,5366,-17.767462013237875
0,30.0,25.79858038200613,5367,-17.76875098306793
0,30.0,25.79858038200613,5368,-17.770039900936737
0,30.0,25.79858038200613,5369,-17.771328766818826
0,30.0,25.79858038200613,5370,-17.7726175807433
0,30.0,25.79858038200613,5371,-17.773906342728353
0,30.0,25.79858038200613,5372,-17.775195052799447
0,30.0,25.79858038200613,5373,-17.77648371098205
0,30.0,25.79858038200613,5374,-17.777772317283436
0,30.0,25.79858038200613,5375,-17.77906087171816
0,30.0,25.79858038200613,5376,-17.780349374308045
0,30.0,25.79858038200613,5377,-17.781637825104028
0,30.0,25.79858038200613,5378,-17.78292622406245
0,30.0,25.79858038200613,5379,-17.784214571263348
0,30.0,25.79858038200613,5380,-17.785502866695808
0,30.0,25.79858038200613,5381,-17.78679111037438
0,30.0,25.79858038200613,5382,-17.78807930233181
0,30.0,25.79858038200613,5383,-17.78936744259356
0,30.0,25.79858038200613,5384,-17.790655531163267
0,30.0,25.79858038200613,5385,-17.791943568080953
0,30.0,25.79858038200613,5386,-17.793231553324787
0,30.0,25.79858038200613,5387,-17.794519486956617
0,30.0,25.79858038200613,5388,-17.795807368972802
0,30.0,25.79858038200613,5389,-17.797095199406087
0,30.0,25.79858038200613,5390,-17.798382978260108
0,30.0,25.79858038200613,5391,-17.79967070556397
0,30.0,25.79858038200613,5392,-17.800958381328584
0,30.0,25.79858038200613,5393,-17.802246005590334
0,30.0,25.79858038200613,5394,-17.803533578349217
0,30.0,25.79858038200613,5395,-17.80482109964889
0,30.0,25.79858038200613,5396,-17.806108569485716
0,30.0,25.79858038200613,5397,-17.807395987888796
0,30.0,25.79858038200613,5398,-17.808683354854494
0,30.0,25.79858038200613,5399,-17.809970670444656
0,30.0,25.79858038200613,5400,-17.811257934633815
0,30.0,25.79858038200613,5401,-17.812545147469265
0,30.0,25.79858038200613,5402,-17.813832308951007
0,30.0,25.79858038200613,5403,-17.81511941913361
0,30.0,25.79858038200613,5404,-17.81640647798433
0,30.0,25.79858038200613,5405,-17.817693485565016
0,30.0,25.79858038200613,5406,-17.818980441879305
0,30.0,25.79858038200613,5407,-17.820267346949024
0,30.0,25.79858038200613,5408,-17.821554200792363
0,30.0,25.79858038200613,5409,-17.822841003405685
0,30.0,25.79858038200613,5410,-17.82412775485811
0,30.0,25.79858038200613,5411,-17.8254144551169
0,30.0,25.79858038200613,5412,-17.82670110423298
0,30.0,25.79858038200613,5413,-17.82798770220272
0,30.0,25.79858038200613,5414,-17.82927424906977
0,30.0,25.79858038200613,5415,-17.83056074483413
0,30.0,25.79858038200613,5416,-17.831847189532184
0,30.0,25.79858038200613,5417,-17.833133583167566
0,30.0,25.79858038200613,5418,-17.834419925747554
0,30.0,25.79858038200613,5419,-17.83570621731944
0,30.0,25.79858038200613,5420,-17.836992457886865
0,30.0,25.79858038200613,5421,-17.838278647482568
0,30.0,25.79858038200613,5422,-17.83956478608836
0,30.0,25.79858038200613,5423,-17.840850873777
0,30.0,25.79858038200613,5424,-17.842136910508472
0,30.0,25.79858038200613,5425,-17.843422896359172
0,30.0,25.79858038200613,5426,-17.84470883131091
0,30.0,25.79858038200613,5427,-17.84599471539643
0,30.0,25.79858038200613,5428,-17.84728054863028
0,30.0,25.79858038200613,5429,-17.848566331008826
0,30.0,25.79858038200613,5430,-17.849852062590273
0,30.0,25.79858038200613,5431,-17.851137743374622
0,30.0,25.79858038200613,5432,-17.8524233733837
0,30.0,25.79858038200613,5433,-17.853708952628423
0,30.0,25.79858038200613,5434,-17.854994481137894
0,30.0,25.79858038200613,5435,-17.8562799589303
0,30.0,25.79858038200613,5436,-17.857565386009284
0,30.0,25.79858038200613,5437,-17.85885076240031
0,30.0,25.79858038200613,5438,-17.860136088150668
0,30.0,25.79858038200613,5439,-17.861421363238534
0,30.0,25.79858038200613,5440,-17.86270658769665
0,30.0,25.79858038200613,5441,-17.863991761543204
0,30.0,25.79858038200613,5442,-17.865276884818215
0,30.0,25.79858038200613,5443,-17.866561957496216
0,30.0,25.79858038200613,5444,-17.867846979642692
0,30.0,25.79858038200613,5445,-17.86913195124673
0,30.0,25.79858038200613,5446,-17.870416872322878
0,30.0,25.79858038200613,5447,-17.871701742914794
0,30.0,25.79858038200613,5448,-17.872986563007927
0,30.0,25.79858038200613,5449,-17.87427133266776
0,30.0,25.79858038200613,5450,-17.87555605187974
0,30.0,25.79858038200613,5451,-17.87684072064387
0,30.0,25.79858038200613,5452,-17.878125339014716
0,30.0,25.79858038200613,5453,-17.879409906995917
0,30.0,25.79858038200613,5454,-17.880694424620216
0,30.0,25.79858038200613,5455,-17.881978891887613
0,30.0,25.79858038200613,5456,-17.883263308823572
0,30.0,25.79858038200613,5457,-17.884547675460837
0,30.0,25.79858038200613,5458,-17.885831991781217
0,30.0,25.79858038200613,5459,-17.88711625783928
0,30.0,25.79858038200613,5460,-17.888400473613203
0,30.0,25.79858038200613,5461,-17.889684639186655
0,30.0,25.79858038200613,5462,-17.89096875451598
0,30.0,25.79858038200613,5463,-17.892252819630286
0,30.0,25.79858038200613,5464,-17.893536834595054
0,30.0,25.79858038200613,5465,-17.89482079937754
0,30.0,25.79858038200613,5466,-17.896104713999577
0,30.0,25.79858038200613,5467,-17.89738857850118
0,30.0,25.79858038200613,5468,-17.89867239289326
0,30.0,25.79858038200613,5469,-17.899956157194012
0,30.0,25.79858038200613,5470,-17.901239871421623
0,30.0,25.79858038200613,5471,-17.902523535590646
0,30.0,25.79858038200613,5472,-17.903807149711994
0,30.0,25.79858038200613,5473,-17.90509071381841
0,30.0,25.79858038200613,5474,-17.906374227928083
0,30.0,25.79858038200613,5475,-17.907657692059203
0,30.0,25.79858038200613,5476,-17.908941106226322
0,30.0,25.79858038200613,5477,-17.91022447043308
0,30.0,25.79858038200613,5478,-17.91150778471949
0,30.0,25.79858038200613,5479,-17.91279104909647
0,30.0,25.79858038200613,5480,-17.914074263582208
0,30.0,25.79858038200613,5481,-17.915357428198533
0,30.0,25.79858038200613,5482,-17.916640542941806
0,30.0,25.79858038200613,5483,-17.917923607870236
0,30.0,25.79858038200613,5484,-17.919206622961994
0,30.0,25.79858038200613,5485,-17.920489588260736
0,30.0,25.79858038200613,5486,-17.9217725037701
0,30.0,25.79858038200613,5487,-17.923055369526466
0,30.0,25.79858038200613,5488,-17.92433818551892
0,30.0,25.79858038200613,5489,-17.92562095178748
0,30.0,25.79858038200613,5490,-17.92690366835761
0,30.0,25.79858038200613,5491,-17.9281863352184
0,30.0,25.79858038200613,5492,-17.929468952420777
0,30.0,25.79858038200613,5493,-17.930751519968382
0,30.0,25.79858038200613,5494,-17.932034037857576
0,30.0,25.79858038200613,5495,-17.93331650615748
0,30.0,25.79858038200613,5496,-17.934598924835356
0,30.0,25.79858038200613,5497,-17.93588129392758
0,30.0,25.79858038200613,5498,-17.937163613445065
0,30.0,25.79858038200613,5499,-17.93844588343147
0,30.0,25.79858038200613,5500,-17.93972810389407
0,30.0,25.79858038200613,5501,-17.94101027481831
0,30.0,25.79858038200613,5502,-17.94229239626604
0,30.0,25.79858038200613,5503,-17.94357446823726
0,30.0,25.79858038200613,5504,-17.944856490750155
0,30.0,25.79858038200613,5505,-17.94613846382292
0,30.0,25.79858038200613,5506,-17.947420387466465
0,30.0,25.79858038200613,5507,-17.94870226172081
0,30.0,25.79858038200613,5508,-17.94998408657868
0,30.0,25.79858038200613,5509,-17.951265862058264
0,30.0,25.79858038200613,5510,-17.95254758819958
0,30.0,25.79858038200613,5511,-17.95382926501354
0,30.0,25.79858038200613,5512,-17.955110892503782
0,30.0,25.79858038200613,5513,-17.956392470699413
0,30.0,25.79858038200613,5514,-17.95767399961862
0,30.0,25.79858038200613,5515,-17.958955479261405
0,30.0,25.79858038200613,5516,-17.9602369096787
0,30.0,25.79858038200613,5517,-17.9615182908705
0,30.0,25.79858038200613,5518,-17.96279962284045
0,30.0,25.79858038200613,5519,-17.9640809056322
0,30.0,25.79858038200613,5520,-17.965362139249393
0,30.0,25.79858038200613,5521,-17.966643323710215
0,30.0,25.79858038200613,5522,-17.967924459040134
0,30.0,25.79858038200613,5523,-17.969205545242787
0,30.0,25.79858038200613,5524,-17.970486582365467
0,30.0,25.79858038200613,5525,-17.97176757038271
0,30.0,25.79858038200613,5526,-17.97304850933817
0,30.0,25.79858038200613,5527,-17.97432939925004
0,30.0,25.79858038200613,5528,-17.975610240136504
0,30.0,25.79858038200613,5529,-17.976891032004843
0,30.0,25.79858038200613,5530,-17.978171774873246
0,30.0,25.79858038200613,5531,-17.979452468778092
0,30.0,25.79858038200613,5532,-17.98073311370483
0,30.0,25.79858038200613,5533,-17.98201370970439
0,30.0,25.79858038200613,5534,-17.98329425678041
0,30.0,25.79858038200613,5535,-17.984574754961997
0,30.0,25.79858038200613,5536,-17.98585520424551
0,30.0,25.79858038200613,5537,-17.987135604634588
0,30.0,25.79858038200613,5538,-17.988415956198352
0,30.0,25.79858038200613,5539,-17.98969625892589
0,30.0,25.79858038200613,5540,-17.990976512824474
0,30.0,25.79858038200613,5541,-17.9922567179414
0,30.0,25.79858038200613,5542,-17.99353687424393
0,30.0,25.79858038200613,5543,-17.994816981793903
0,30.0,25.79858038200613,5544,-17.99609704061679
0,30.0,25.79858038200613,5545,-17.997377050683482
0,30.0,25.79858038200613,5546,-17.99865701205583
0,30.0,25.79858038200613,5547,-17.999936924722917
0,30.0,25.79858038200613,5548,-18.001216788717485
0,30.0,25.79858038200613,5549,-18.002496604043174
0,30.0,25.79858038200613,5550,-18.003776370750913
0,30.0,25.79858038200613,5551,-18.00505608880796
0,30.0,25.79858038200613,5552,-18.006335758272527
0,30.0,25.79858038200613,5553,-18.00761537914461
0,30.0,25.79858038200613,5554,-18.008894951438762
0,30.0,25.79858038200613,5555,-18.010174475187725
0,30.0,25.79858038200613,5556,-18.0114539503915
0,30.0,25.79858038200613,5557,-18.0127333770901
0,30.0,25.79858038200613,5558,-18.014012755258065
0,30.0,25.79858038200613,5559,-18.015292084957238
0,30.0,25.79858038200613,5560,-18.016571366198534
0,30.0,25.79858038200613,5561,-18.017850598996503
0,30.0,25.79858038200613,5562,-18.019129783340233
0,30.0,25.79858038200613,5563,-18.020408919262465
0,30.0,25.79858038200613,5564,-18.021688006803217
0,30.0,25.79858038200613,5565,-18.022967045973402
0,30.0,25.79858038200613,5566,-18.02424603675847
0,30.0,25.79858038200613,5567,-18.02552497921299
0,30.0,25.79858038200613,5568,-18.026803873322407
0,30.0,25.79858038200613,5569,-18.02808271913038
0,30.0,25.79858038200613,5570,-18.029361516651463
0,30.0,25.79858038200613,5571,-18.03064026590384
0,30.0,25.79858038200613,5572,-18.03191896688024
0,30.0,25.79858038200613,5573,-18.033197619613404
0,30.0,25.79858038200613,5574,-18.03447622412152
0,30.0,25.79858038200613,5575,-18.03575478043733
0,30.0,25.79858038200613,5576,-18.03703328854992
0,30.0,25.79858038200613,5577,-18.038311748488397
0,30.0,25.79858038200613,5578,-18.0395901602855
0,30.0,25.79858038200613,5579,-18.040868523930314
0,30.0,25.79858038200613,5580,-18.042146839455583
0,30.0,25.79858038200613,5581,-18.043425106886772
0,30.0,25.79858038200613,5582,-18.044703326231158
0,30.0,25.79858038200613,5583,-18.045981497499653
0,30.0,25.79858038200613,5584,-18.04725962072864
0,30.0,25.79858038200613,5585,-18.048537695903562
0,30.0,25.79858038200613,5586,-18.04981572306808
0,30.0,25.79858038200613,5587,-18.05109370225493
0,30.0,25.79858038200613,5588,-18.052371633435015
0,30.0,25.79858038200613,5589,-18.05364951664835
0,30.0,25.79858038200613,5590,-18.054927351913122
0,30.0,25.79858038200613,5591,-18.056205139247524
0,30.0,25.79858038200613,5592,-18.057482878684297
0,30.0,25.79858038200613,5593,-18.058760570201613
0,30.0,25.79858038200613,5594,-18.060038213846767
0,30.0,25.79858038200613,5595,-18.061315809623395
0,30.0,25.79858038200613,5596,-18.062593357571515
0,30.0,25.79858038200613,5597,-18.06387085767294
0,30.0,25.79858038200613,5598,-18.065148309964044
0,30.0,25.79858038200613,5599,-18.066425714477575
0,30.0,25.79858038200613,5600,-18.067703071188063
0,30.0,25.79858038200613,5601,-18.068980380146442
0,30.0,25.79858038200613,5602,-18.070257641363625
0,30.0,25.79858038200613,5603,-18.071534854865078
0,30.0,25.79858038200613,5604,-18.072812020639887
0,30.0,25.79858038200613,5605,-18.074089138738984
0,30.0,25.79858038200613,5606,-18.075366209133264
0,30.0,25.79858038200613,5607,-18.076643231902764
0,30.0,25.79858038200613,5608,-18.077920207007466
0,30.0,25.79858038200613,5609,-18.0791971344983
0,30.0,25.79858038200613,5610,-18.08047401437163
0,30.0,25.79858038200613,5611,-18.081750846652923
0,30.0,25.79858038200613,5612,-18.083027631382194
0,30.0,25.79858038200613,5613,-18.08430436854853
0,30.0,25.79858038200613,5614,-18.08558105815193
0,30.0,25.79858038200613,5615,-18.086857700246966
0,30.0,25.79858038200613,5616,-18.088134294851827
0,30.0,25.79858038200613,5617,-18.089410841941046
0,30.0,25.79858038200613,5618,-18.090687341561917
0,30.0,25.79858038200613,5619,-18.09196379373627
0,30.0,25.79858038200613,5620,-18.09324019846774
0,30.0,25.79858038200613,5621,-18.09451655577088
0,30.0,25.79858038200613,5622,-18.095792865696623
0,30.0,25.79858038200613,5623,-18.097069128201312
0,30.0,25.79858038200613,5624,-18.098345343346793
0,30.0,25.79858038200613,5625,-18.09962151114034
0,30.0,25.79858038200613,5626,-18.100897631592872
0,30.0,25.79858038200613,5627,-18.102173704737126
0,30.0,25.79858038200613,5628,-18.10344973056219
0,30.0,25.79858038200613,5629,-18.10472570910808
0,30.0,25.79858038200613,5630,-18.1060016403748
0,30.0,25.79858038200613,5631,-18.107277524395087
0,30.0,25.79858038200613,5632,-18.108553361172582
0,30.0,25.79858038200613,5633,-18.109829150747302
0,30.0,25.79858038200613,5634,-18.111104893108333
0,30.0,25.79858038200613,5635,-18.11238058828478
0,30.0,25.79858038200613,5636,-18.113656236273002
0,30.0,25.79858038200613,5637,-18.114931837138485
0,30.0,25.79858038200613,5638,-18.11620739084485
0,30.0,25.79858038200613,5639,-18.11748289743575
0,30.0,25.79858038200613,5640,-18.118758356936652
0,30.0,25.79858038200613,5641,-18.120033769347557
0,30.0,25.79858038200613,5642,-18.12130913467938
0,30.0,25.79858038200613,5643,-18.122584452950306
0,30.0,25.79858038200613,5644,-18.123859724200358
0,30.0,25.79858038200613,5645,-18.125134948425895
0,30.0,25.79858038200613,5646,-18.1264101256633
0,30.0,25.79858038200613,5647,-18.1276852558871
0,30.0,25.79858038200613,5648,-18.128960339151874
0,30.0,25.79858038200613,5649,-18.130235375475806
0,30.0,25.79858038200613,5650,-18.131510364840707
0,30.0,25.79858038200613,5651,-18.132785307304786
0,30.0,25.79858038200613,5652,-18.13406020285713
0,30.0,25.79858038200613,5653,-18.135335051526837
0,30.0,25.79858038200613,5654,-18.13660985333574
0,30.0,25.79858038200613,5655,-18.13788460826929
0,30.0,25.79858038200613,5656,-18.139159316389325
0,30.0,25.79858038200613,5657,-18.140433977681298
0,30.0,25.79858038200613,5658,-18.141708592148845
0,30.0,25.79858038200613,5659,-18.142983159846537
0,30.0,25.79858038200613,5660,-18.144257680770735
0,30.0,25.79858038200613,5661,-18.145532154954182
0,30.0,25.79858038200613,5662,-18.14680658237505
0,30.0,25.79858038200613,5663,-18.148080963087907
0,30.0,25.79858038200613,5664,-18.149355297096392
0,30.0,25.79858038200613,5665,-18.15062958441142
0,30.0,25.79858038200613,5666,-18.151903825058454
0,30.0,25.79858038200613,5667,-18.153178019059325
0,30.0,25.79858038200613,5668,-18.154452166403118
0,30.0,25.79858038200613,5669,-18.155726267144402
0,30.0,25.79858038200613,5670,-18.157000321264988
0,30.0,25.79858038200613,5671,-18.158274328804893
0,30.0,25.79858038200613,5672,-18.15954828975684
0,30.0,25.79858038200613,5673,-18.16082220416085
0,30.0,25.79858038200613,5674,-18.162096072031474
0,30.0,25.79858038200613,5675,-18.163369893372348
0,30.0,25.79858038200613,5676,-18.164643668212577
0,30.0,25.79858038200613,5677,-18.165917396544884
0,30.0,25.79858038200613,5678,-18.167191078398375
0,30.0,25.79858038200613,5679,-18.16846471382034
0,30.0,25.79858038200613,5680,-18.169738302778043
0,30.0,25.79858038200613,5681,-18.17101184532605
0,30.0,25.79858038200613,5682,-18.172285341453446
0,30.0,25.79858038200613,5683,-18.173558791189336
0,30.0,25.79858038200613,5684,-18.174832194544635
0,30.0,25.79858038200613,5685,-18.176105551537532
0,30.0,25.79858038200613,5686,-18.177378862193493
0,30.0,25.79858038200613,5687,-18.17865212652343
0,30.0,25.79858038200613,5688,-18.179925344549176
0,30.0,25.79858038200613,5689,-18.181198516267088
0,30.0,25.79858038200613,5690,-18.18247164169172
0,30.0,25.79858038200613,5691,-18.183744720866727
0,30.0,25.79858038200613,5692,-18.185017753813938
0,30.0,25.79858038200613,5693,-18.186290740507886
0,30.0,25.79858038200613,5694,-18.18756368100678
0,30.0,25.79858038200613,5695,-18.18883657528515
0,30.0,25.79858038200613,5696,-18.19010942338302
0,30.0,25.79858038200613,5697,-18.191382225325853
0,30.0,25.79858038200613,5698,-18.192654981124562
0,30.0,25.79858038200613,5699,-18.193927690779148
0,30.0,25.79858038200613,5700,-18.195200354322353
0,30.0,25.79858038200613,5701,-18.19647297176509
0,30.0,25.79858038200613,5702,-18.197745543096445
0,30.0,25.79858038200613,5703,-18.19901806838554
0,30.0,25.79858038200613,5704,-18.2002905476251
0,30.0,25.79858038200613,5705,-18.201562980840592
0,30.0,25.79858038200613,5706,-18.202835367995633
0,30.0,25.79858038200613,5707,-18.204107709162983
0,30.0,25.79858038200613,5708,-18.205380004371747
0,30.0,25.79858038200613,5709,-18.20665225357463
0,30.0,25.79858038200613,5710,-18.207924456844395
0,30.0,25.79858038200613,5711,-18.20919661414102
0,30.0,25.79858038200613,5712,-18.210468725540906
0,30.0,25.79858038200613,5713,-18.21174079102586
0,30.0,25.79858038200613,5714,-18.213012810628626
0,30.0,25.79858038200613,5715,-18.214284784349204
0,30.0,25.79858038200613,5716,-18.21555671220578
0,30.0,25.79858038200613,5717,-18.21682859421655
0,30.0,25.79858038200613,5718,-18.218100430414253
0,30.0,25.79858038200613,5719,-18.21937222079525
0,30.0,25.79858038200613,5720,-18.220643965374094
0,30.0,25.79858038200613,5721,-18.221915664183527
0,30.0,25.79858038200613,5722,-18.223187317216272
0,30.0,25.79858038200613,5723,-18.22445892452326
0,30.0,25.79858038200613,5724,-18.225730486068116
0,30.0,25.79858038200613,5725,-18.227002001927232
0,30.0,25.79858038200613,5726,-18.228273472071507
0,30.0,25.79858038200613,5727,-18.22954489653368
0,30.0,25.79858038200613,5728,-18.23081627532467
0,30.0,25.79858038200613,5729,-18.23208760846994
0,30.0,25.79858038200613,5730,-18.233358895987678
0,30.0,25.79858038200613,5731,-18.23463013787061
0,30.0,25.79858038200613,5732,-18.235901334158754
0,30.0,25.79858038200613,5733,-18.237172484855748
0,30.0,25.79858038200613,5734,-18.23844358997978
0,30.0,25.79858038200613,5735,-18.239714649549043
0,30.0,25.79858038200613,5736,-18.24098566357081
0,30.0,25.79858038200613,5737,-18.242256632085102
0,30.0,25.79858038200613,5738,-18.243527555081002
0,30.0,25.79858038200613,5739,-18.2447984325767
0,30.0,25.79858038200613,5740,-18.24606926460494
0,30.0,25.79858038200613,5741,-18.24734005116572
0,30.0,25.79858038200613,5742,-18.248610792277233
0,30.0,25.79858038200613,5743,-18.249881487975856
0,30.0,25.79858038200613,5744,-18.25115213823976
0,30.0,25.79858038200613,5745,-18.25242274313443
0,30.0,25.79858038200613,5746,-18.253693302627127
0,30.0,25.79858038200613,5747,-18.254963816761503
0,30.0,25.79858038200613,5748,-18.25623428553392
0,30.0,25.79858038200613,5749,-18.257504708977123
0,30.0,25.79858038200613,5750,-18.258775087112937
0,30.0,25.79858038200613,5751,-18.260045419937725
0,30.0,25.79858038200613,5752,-18.261315707469677
0,30.0,25.79858038200613,5753,-18.26258594973426
0,30.0,25.79858038200613,5754,-18.26385614674966
0,30.0,25.79858038200613,5755,-18.26512629849769
0,30.0,25.79858038200613,5756,-18.26639640505475
0,30.0,25.79858038200613,5757,-18.26766646637718
0,30.0,25.79858038200613,5758,-18.2689364825341
0,30.0,25.79858038200613,5759,-18.270206453489138
0,30.0,25.79858038200613,5760,-18.27147637929322
0,30.0,25.79858038200613,5761,-18.27274625995362
0,30.0,25.79858038200613,5762,-18.274016095473982
0,30.0,25.79858038200613,5763,-18.275285885883406
0,30.0,25.79858038200613,5764,-18.276555631192807
0,30.0,25.79858038200613,5765,-18.277825331413098
0,30.0,25.79858038200613,5766,-18.279094986584298
0,30.0,25.79858038200613,5767,-18.280364596688216
0,30.0,25.79858038200613,5768,-18.281634161753956
0,30.0,25.79858038200613,5769,-18.282903681806985
0,30.0,25.79858038200613,5770,-18.28417315685094
0,30.0,25.79858038200613,5771,-18.28544258690401
0,30.0,25.79858038200613,5772,-18.28671197198439
0,30.0,25.79858038200613,5773,-18.287981312106623
0,30.0,25.79858038200613,5774,-18.28925060728163
0,30.0,25.79858038200613,5775,-18.290519857531237
0,30.0,25.79858038200613,5776,-18.29178906286272
0,30.0,25.79858038200613,5777,-18.293058223312457
0,30.0,25.79858038200613,5778,-18.294327338869536
0,30.0,25.79858038200613,5779,-18.29559640956306
0,30.0,25.79858038200613,5780,-18.29686543541122
0,30.0,25.79858038200613,5781,-18.29813441642493
0,30.0,25.79858038200613,5782,-18.299403352622377
0,30.0,25.79858038200613,5783,-18.30067224399265
0,30.0,25.79858038200613,5784,-18.301941090601233
0,30.0,25.79858038200613,5785,-18.303209892429933
0,30.0,25.79858038200613,5786,-18.304478649496943
0,30.0,25.79858038200613,5787,-18.30574736182045
0,30.0,25.79858038200613,5788,-18.307016029440476
0,30.0,25.79858038200613,5789,-18.308284652327913
0,30.0,25.79858038200613,5790,-18.309553230515505
0,30.0,25.79858038200613,5791,-18.310821764032355
0,30.0,25.79858038200613,5792,-18.312090252878463
0,30.0,25.79858038200613,5793,-18.31335869709021
0,30.0,25.79858038200613,5794,-18.314627096663955
0,30.0,25.79858038200613,5795,-18.315895451588787
0,30.0,25.79858038200613,5796,-18.31716376196657
0,30.0,25.79858038200613,5797,-18.318432027717265
0,30.0,25.79858038200613,5798,-18.319700248906358
0,30.0,25.79858038200613,5799,-18.320968425537487
0,30.0,25.79858038200613,5800,-18.322236557625203
0,30.0,25.79858038200613,5801,-18.32350464518042
0,30.0,25.79858038200613,5802,-18.324772688243158
0,30.0,25.79858038200613,5803,-18.3260406868025
0,30.0,25.79858038200613,5804,-18.32730864089119
0,30.0,25.79858038200613,5805,-18.328576550487398
0,30.0,25.79858038200613,5806,-18.32984441565297
0,30.0,25.79858038200613,5807,-18.331112236398823
0,30.0,25.79858038200613,5808,-18.33238001269949
0,30.0,25.79858038200613,5809,-18.333647744609536
0,30.0,25.79858038200613,5810,-18.334915432136242
0,30.0,25.79858038200613,5811,-18.33618307527597
0,30.0,25.79858038200613,5812,-18.33745067407237
0,30.0,25.79858038200613,5813,-18.338718228503623
0,30.0,25.79858038200613,5814,-18.339985738635207
0,30.0,25.79858038200613,5815,-18.34125320443438
0,30.0,25.79858038200613,5816,-18.342520625952076
0,30.0,25.79858038200613,5817,-18.343788003184656
0,30.0,25.79858038200613,5818,-18.345055336128482
0,30.0,25.79858038200613,5819,-18.346322624852675
0,30.0,25.79858038200613,5820,-18.347589869339046
0,30.0,25.79858038200613,5821,-18.34885706959487
0,30.0,25.79858038200613,5822,-18.35012422563834
0,30.0,25.79858038200613,5823,-18.351391337480365
0,30.0,25.79858038200613,5824,-18.352658405182794
0,30.0,25.79858038200613,5825,-18.353925428694694
0,30.0,25.79858038200613,5826,-18.355192408088826
0,30.0,25.79858038200613,5827,-18.356459343321532
0,30.0,25.79858038200613,5828,-18.357726234465574
0,30.0,25.79858038200613,5829,-18.358993081499122
0,30.0,25.79858038200613,5830,-18.36025988443673
0,30.0,25.79858038200613,5831,-18.361526643332965
0,30.0,25.79858038200613,5832,-18.362793358158726
0,30.0,25.79858038200613,5833,-18.3640600289322
0,30.0,25.79858038200613,5834,-18.36532665569341
0,30.0,25.79858038200613,5835,-18.36659323846054
0,30.0,25.79858038200613,5836,-18.367859777222677
0,30.0,25.79858038200613,5837,-18.36912627200165
0,30.0,25.79858038200613,5838,-18.37039272281565
0,30.0,25.79858038200613,5839,-18.371659129675592
0,30.0,25.79858038200613,5840,-18.372925492628767
0,30.0,25.79858038200613,5841,-18.374191811635157
0,30.0,25.79858038200613,5842,-18.37545808675297
0,30.0,25.79858038200613,5843,-18.376724317971295
0,30.0,25.79858038200613,5844,-18.37799050534106
0,30.0,25.79858038200613,5845,-18.37925664881861
0,30.0,25.79858038200613,5846,-18.380522748476707
0,30.0,25.79858038200613,5847,-18.38178880429716
0,30.0,25.79858038200613,5848,-18.38305481630907
0,30.0,25.79858038200613,5849,-18.384320784523354
0,30.0,25.79858038200613,5850,-18.38558670892182
0,30.0,25.79858038200613,5851,-18.386852589588145
0,30.0,25.79858038200613,5852,-18.388118426489584
0,30.0,25.79858038200613,5853,-18.38938421965524
0,30.0,25.79858038200613,5854,-18.390649969088756
0,30.0,25.79858038200613,5855,-18.391915674830145
0,30.0,25.79858038200613,5856,-18.393181336868494
0,30.0,25.79858038200613,5857,-18.394446955221994
0,30.0,25.79858038200613,5858,-18.395712529905197
0,30.0,25.79858038200613,5859,-18.396978060965395
0,30.0,25.79858038200613,5860,-18.398243548362572
0,30.0,25.79858038200613,5861,-18.399508992158573
0,30.0,25.79858038200613,5862,-18.40077439234976
0,30.0,25.79858038200613,5863,-18.402039748950685
0,30.0,25.79858038200613,5864,-18.403305061964986
0,30.0,25.79858038200613,5865,-18.404570331429042
0,30.0,25.79858038200613,5866,-18.405835557328302
0,30.0,25.79858038200613,5867,-18.407100739713698
0,30.0,25.79858038200613,5868,-18.408365878588867
0,30.0,25.79858038200613,5869,-18.40963097395381
0,30.0,25.79858038200613,5870,-18.410896025841268
0,30.0,25.79858038200613,5871,-18.41216103425488
0,30.0,25.79858038200613,5872,-18.41342599922011
0,30.0,25.79858038200613,5873,-18.41469092073332
0,30.0,25.79858038200613,5874,-18.41595579881634
0,30.0,25.79858038200613,5875,-18.417220633494637
0,30.0,25.79858038200613,5876,-18.418485424771845
0,30.0,25.79858038200613,5877,-18.41975017265888
0,30.0,25.79858038200613,5878,-18.42101487719576
0,30.0,25.79858038200613,5879,-18.42227953835338
0,30.0,25.79858038200613,5880,-18.42354415620086
0,30.0,25.79858038200613,5881,-18.424808730709103
0,30.0,25.79858038200613,5882,-18.426073261907206
0,30.0,25.79858038200613,5883,-18.427337749817
0,30.0,25.79858038200613,5884,-18.428602194449397
0,30.0,25.79858038200613,5885,-18.42986659581895
0,30.0,25.79858038200613,5886,-18.431130953936574
0,30.0,25.79858038200613,5887,-18.432395268805905
0,30.0,25.79858038200613,5888,-18.43365954047424
0,30.0,25.79858038200613,5889,-18.434923768923383
0,30.0,25.79858038200613,5890,-18.43618795418972
0,30.0,25.79858038200613,5891,-18.43745209628416
0,30.0,25.79858038200613,5892,-18.43871619520307
0,30.0,25.79858038200613,5893,-18.43998025097919
0,30.0,25.79858038200613,5894,-18.44124426362343
0,30.0,25.79858038200613,5895,-18.442508233143073
0,30.0,25.79858038200613,5896,-18.44377215956358
0,30.0,25.79858038200613,5897,-18.445036042892227
0,30.0,25.79858038200613,5898,-18.446299883150843
0,30.0,25.79858038200613,5899,-18.447563680368532
0,30.0,25.79858038200613,5900,-18.44882743451619
0,30.0,25.79858038200613,5901,-18.45009114564475
0,30.0,25.79858038200613,5902,-18.45135481374693
0,30.0,25.79858038200613,5903,-18.452618438848205
0,30.0,25.79858038200613,5904,-18.453882020974035
0,30.0,25.79858038200613,5905,-18.455145560135335
0,30.0,25.79858038200613,5906,-18.456409056303002
0,30.0,25.79858038200613,5907,-18.457672509567985
0,30.0,25.79858038200613,5908,-18.458935919868438
0,30.0,25.79858038200613,5909,-18.46019928728076
0,30.0,25.79858038200613,5910,-18.46146261177948
0,30.0,25.79858038200613,5911,-18.462725893408262
0,30.0,25.79858038200613,5912,-18.463989132141634
0,30.0,25.79858038200613,5913,-18.465252328045082
0,30.0,25.79858038200613,5914,-18.466515481089502
0,30.0,25.79858038200613,5915,-18.467778591303997
0,30.0,25.79858038200613,5916,-18.469041658728585
0,30.0,25.79858038200613,5917,-18.47030468334144
0,30.0,25.79858038200613,5918,-18.4715676651753
0,30.0,25.79858038200613,5919,-18.47283060422653
0,30.0,25.79858038200613,5920,-18.47409350052787
0,30.0,25.79858038200613,5921,-18.47535635410479
0,30.0,25.79858038200613,5922,-18.476619164935457
0,30.0,25.79858038200613,5923,-18.477881933067167
0,30.0,25.79858038200613,5924,-18.479144658489005
0,30.0,25.79858038200613,5925,-18.48040734124099
0,30.0,25.79858038200613,5926,-18.48166998131221
0,30.0,25.79858038200613,5927,-18.482932578731763
0,30.0,25.79858038200613,5928,-18.48419513352512
0,30.0,25.79858038200613,5929,-18.48545764567409
0,30.0,25.79858038200613,5930,-18.48672011523324
0,30.0,25.79858038200613,5931,-18.487982542184383
0,30.0,25.79858038200613,5932,-18.489244926549347
0,30.0,25.79858038200613,5933,-18.490507268360872
0,30.0,25.79858038200613,5934,-18.49176956759713
0,30.0,25.79858038200613,5935,-18.493031824294505
0,30.0,25.79858038200613,5936,-18.494294038496648
0,30.0,25.79858038200613,5937,-18.495556210178094
0,30.0,25.79858038200613,5938,-18.496818339353396
0,30.0,25.79858038200613,5939,-18.498080426033468
0,30.0,25.79858038200613,5940,-18.499342470265603
0,30.0,25.79858038200613,5941,-18.500604472038887
0,30.0,25.79858038200613,5942,-18.501866431378787
0,30.0,25.79858038200613,5943,-18.503128348292577
0,30.0,25.79858038200613,5944,-18.504390222791173
0,30.0,25.79858038200613,5945,-18.505652054885488
0,30.0,25.79858038200613,5946,-18.50691384461554
0,30.0,25.79858038200613,5947,-18.508175591970414
0,30.0,25.79858038200613,5948,-18.50943729697194
0,30.0,25.79858038200613,5949,-18.510698959623753
0,30.0,25.79858038200613,5950,-18.511960579962235
0,30.0,25.79858038200613,5951,-18.51322215799466
0,30.0,25.79858038200613,5952,-18.514483693721033
0,30.0,25.79858038200613,5953,-18.515745187181366
0,30.0,25.79858038200613,5954,-18.517006638346558
0,30.0,25.79858038200613,5955,-18.518268047271178
0,30.0,25.79858038200613,5956,-18.519529413951588
0,30.0,25.79858038200613,5957,-18.52079073842053
0,30.0,25.79858038200613,5958,-18.522052020659814
0,30.0,25.79858038200613,5959,-18.523313260713095
0,30.0,25.79858038200613,5960,-18.524574458562185
0,30.0,25.79858038200613,5961,-18.525835614268928
0,30.0,25.79858038200613,5962,-18.52709672780786
0,30.0,25.79858038200613,5963,-18.528357799218995
0,30.0,25.79858038200613,5964,-18.52961882849506
0,30.0,25.79858038200613,5965,-18.53087981564697
0,30.0,25.79858038200613,5966,-18.5321407607111
0,30.0,25.79858038200613,5967,-18.533401663687457
0,30.0,25.79858038200613,5968,-18.53466252460514
0,30.0,25.79858038200613,5969,-18.535923343453234
0,30.0,25.79858038200613,5970,-18.53718412025357
0,30.0,25.79858038200613,5971,-18.538444855046166
0,30.0,25.79858038200613,5972,-18.539705547805553
0,30.0,25.79858038200613,5973,-18.54096619859358
0,30.0,25.79858038200613,5974,-18.54222680736295
0,30.0,25.79858038200613,5975,-18.543487374190065
0,30.0,25.79858038200613,5976,-18.544747899027627
0,30.0,25.79858038200613,5977,-18.546008381933845
0,30.0,25.79858038200613,5978,-18.54726882292691
0,30.0,25.79858038200613,5979,-18.548529221995906
0,30.0,25.79858038200613,5980,-18.54978957914811
0,30.0,25.79858038200613,5981,-18.551049894423542
0,30.0,25.79858038200613,5982,-18.552310167814923
0,30.0,25.79858038200613,5983,-18.553570399358634
0,30.0,25.79858038200613,5984,-18.554830589054674
0,30.0,25.79858038200613,5985,-18.55609073692851
0,30.0,25.79858038200613,5986,-18.55735084298378
0,30.0,25.79858038200613,5987,-18.558610907220483
0,30.0,25.79858038200613,5988,-18.559870929682276
0,30.0,25.79858038200613,5989,-18.56113091033278
0,30.0,25.79858038200613,5990,-18.56239084926294
0,30.0,25.79858038200613,5991,-18.56365074642183
0,30.0,25.79858038200613,5992,-18.564910601864014
0,30.0,25.79858038200613,5993,-18.566170415578583
0,30.0,25.79858038200613,5994,-18.56743018757645
0,30.0,25.79858038200613,5995,-18.568689917890353
0,30.0,25.79858038200613,5996,-18.569949606527572
0,30.0,25.79858038200613,5997,-18.571209253491745
0,30.0,25.79858038200613,5998,-18.57246885881561
0,30.0,25.79858038200613,5999,-18.573728422495535
0,30.0,25.79858038200613,6000,-18.574987944564256
0,30.0,25.79858038200613,6001,-18.576247425007224
0,30.0,25.79858038200613,6002,-18.577506863864457
0,30.0,25.79858038200613,6003,-18.578766261150506
0,30.0,25.79858038200613,6004,-18.580025616843542
0,30.0,25.79858038200613,6005,-18.581284930987223
0,30.0,25.79858038200613,6006,-18.582544203607014
0,30.0,25.79858038200613,6007,-18.583803434717467
0,30.0,25.79858038200613,6008,-18.58506262428584
0,30.0,25.79858038200613,6009,-18.586321772337598
0,30.0,25.79858038200613,6010,-18.58758087894914
0,30.0,25.79858038200613,6011,-18.58883994407317
0,30.0,25.79858038200613,6012,-18.590098967724245
0,30.0,25.79858038200613,6013,-18.591357949949654
0,30.0,25.79858038200613,6014,-18.59261689074576
0,30.0,25.79858038200613,6015,-18.5938757901162
0,30.0,25.79858038200613,6016,-18.595134648086443
0,30.0,25.79858038200613,6017,-18.59639346468559
0,30.0,25.79858038200613,6018,-18.597652239873625
0,30.0,25.79858038200613,6019,-18.598910973745134
0,30.0,25.79858038200613,6020,-18.600169666256463
0,30.0,25.79858038200613,6021,-18.601428317414886
0,30.0,25.79858038200613,6022,-18.60268692726042
0,30.0,25.79858038200613,6023,-18.60394549579307
0,30.0,25.79858038200613,6024,-18.6052040230674
0,30.0,25.79858038200613,6025,-18.60646250902157
0,30.0,25.79858038200613,6026,-18.607720953739246
0,30.0,25.79858038200613,6027,-18.608979357202244
0,30.0,25.79858038200613,6028,-18.61023771943239
0,30.0,25.79858038200613,6029,-18.611496040411495
0,30.0,25.79858038200613,6030,-18.61275432020868
0,30.0,25.79858038200613,6031,-18.61401255879848
0,30.0,25.79858038200613,6032,-18.615270756213633
0,30.0,25.79858038200613,6033,-18.61652891243959
0,30.0,25.79858038200613,6034,-18.617787027523647
0,30.0,25.79858038200613,6035,-18.619045101473077
0,30.0,25.79858038200613,6036,-18.620303134280604
0,30.0,25.79858038200613,6037,-18.62156112598261
0,30.0,25.79858038200613,6038,-18.62281907658273
0,30.0,25.79858038200613,6039,-18.624076986095517
0,30.0,25.79858038200613,6040,-18.62533485452461
0,30.0,25.79858038200613,6041,-18.626592681888198
0,30.0,25.79858038200613,6042,-18.6278504682263
0,30.0,25.79858038200613,6043,-18.629108213528
0,30.0,25.79858038200613,6044,-18.6303659177933
0,30.0,25.79858038200613,6045,-18.631623581076767
0,30.0,25.79858038200613,6046,-18.63288120334566
0,30.0,25.79858038200613,6047,-18.634138784669105
0,30.0,25.79858038200613,6048,-18.63539632498525
0,30.0,25.79858038200613,6049,-18.636653824381412
0,30.0,25.79858038200613,6050,-18.637911282810293
0,30.0,25.79858038200613,6051,-18.639168700330103
0,30.0,25.79858038200613,6052,-18.640426076951755
0,30.0,25.79858038200613,6053,-18.64168341267525
0,30.0,25.79858038200613,6054,-18.642940707500586
0,30.0,25.79858038200613,6055,-18.64419796145323
0,30.0,25.79858038200613,6056,-18.645455174547735
0,30.0,25.79858038200613,6057,-18.646712346805927
0,30.0,25.79858038200613,6058,-18.647969478235083
0,30.0,25.79858038200613,6059,-18.649226568846117
0,30.0,25.79858038200613,6060,-18.650483618660857
0,30.0,25.79858038200613,6061,-18.651740627661113
0,30.0,25.79858038200613,6062,-18.652997595894178
0,30.0,25.79858038200613,6063,-18.654254523378242
0,30.0,25.79858038200613,6064,-18.655511410109668
0,30.0,25.79858038200613,6065,-18.65676825609573
0,30.0,25.79858038200613,6066,-18.658025061369173
0,30.0,25.79858038200613,6067,-18.659281825926357
0,30.0,25.79858038200613,6068,-18.660538549800023
0,30.0,25.79858038200613,6069,-18.66179523297926
0,30.0,25.79858038200613,6070,-18.66305187548589
0,30.0,25.79858038200613,6071,-18.664308477330835
0,30.0,25.79858038200613,6072,-18.665565038557745
0,30.0,25.79858038200613,6073,-18.666821559137517
0,30.0,25.79858038200613,6074,-18.668078039099257
0,30.0,25.79858038200613,6075,-18.669334478490256
0,30.0,25.79858038200613,6076,-18.670590877274137
0,30.0,25.79858038200613,6077,-18.67184723546181
0,30.0,25.79858038200613,6078,-18.673103553100574
0,30.0,25.79858038200613,6079,-18.674359830208616
0,30.0,25.79858038200613,6080,-18.675616066767745
0,30.0,25.79858038200613,6081,-18.676872262807066
0,30.0,25.79858038200613,6082,-18.67812841832294
0,30.0,25.79858038200613,6083,-18.679384533362665
0,30.0,25.79858038200613,6084,-18.680640607915322
0,30.0,25.79858038200613,6085,-18.681896641991827
0,30.0,25.79858038200613,6086,-18.68315263560673
0,30.0,25.79858038200613,6087,-18.684408588800054
0,30.0,25.79858038200613,6088,-18.685664501564517
0,30.0,25.79858038200613,6089,-18.686920373892846
0,30.0,25.79858038200613,6090,-18.688176205835973
0,30.0,25.79858038200613,6091,-18.689431997375706
0,30.0,25.79858038200613,6092,-18.690687748555703
0,30.0,25.79858038200613,6093,-18.691943459350497
0,30.0,25.79858038200613,6094,-18.693199129821934
0,30.0,25.79858038200613,6095,-18.694454759937273
0,30.0,25.79858038200613,6096,-18.695710349743806
0,30.0,25.79858038200613,6097,-18.696965899234257
0,30.0,25.79858038200613,6098,-18.698221408426818
0,30.0,25.79858038200613,6099,-18.6994768773324
0,30.0,25.79858038200613,6100,-18.700732305976473
0,30.0,25.79858038200613,6101,-18.70198769436267
0,30.0,25.79858038200613,6102,-18.703243042498272
0,30.0,25.79858038200613,6103,-18.70449835040874
0,30.0,25.79858038200613,6104,-18.705753618101355
0,30.0,25.79858038200613,6105,-18.70700884558339
0,30.0,25.79858038200613,6106,-18.708264032869394
0,30.0,25.79858038200613,6107,-18.709519179984838
0,30.0,25.79858038200613,6108,-18.710774286951548
0,30.0,25.79858038200613,6109,-18.712029353744057
0,30.0,25.79858038200613,6110,-18.713284380416937
0,30.0,25.79858038200613,6111,-18.714539366951996
0,30.0,25.79858038200613,6112,-18.715794313367425
0,30.0,25.79858038200613,6113,-18.71704921970688
0,30.0,25.79858038200613,6114,-18.718304085944894
0,30.0,25.79858038200613,6115,-18.719558912106933
0,30.0,25.79858038200613,6116,-18.720813698211188
0,30.0,25.79858038200613,6117,-18.722068444283124
0,30.0,25.79858038200613,6118,-18.72332315030819
0,30.0,25.79858038200613,6119,-18.724577816304574
0,30.0,25.79858038200613,6120,-18.72583244231957
0,30.0,25.79858038200613,6121,-18.72708702830589
0,30.0,25.79858038200613,6122,-18.728341574347198
0,30.0,25.79858038200613,6123,-18.729596080392568
0,30.0,25.79858038200613,6124,-18.730850546489293
0,30.0,25.79858038200613,6125,-18.73210497264465
0,30.0,25.79858038200613,6126,-18.733359358876825
0,30.0,25.79858038200613,6127,-18.734613705185822
0,30.0,25.79858038200613,6128,-18.735868011600743
0,30.0,25.79858038200613,6129,-18.737122278128865
0,30.0,25.79858038200613,6130,-18.73837650476655
0,30.0,25.79858038200613,6131,-18.739630691531985
0,30.0,25.79858038200613,6132,-18.740884838457916
0,30.0,25.79858038200613,6133,-18.742138945555254
0,30.0,25.79858038200613,6134,-18.743393012824
0,30.0,25.79858038200613,6135,-18.744647040267793
0,30.0,25.79858038200613,6136,-18.745901027919373
0,30.0,25.79858038200613,6137,-18.747154975775103
0,30.0,25.79858038200613,6138,-18.748408883875
0,30.0,25.79858038200613,6139,-18.74966275221179
0,30.0,25.79858038200613,6140,-18.75091658078911
0,30.0,25.79858038200613,6141,-18.75217036963606
0,30.0,25.79858038200613,6142,-18.753424118774475
0,30.0,25.79858038200613,6143,-18.7546778281898
0,30.0,25.79858038200613,6144,-18.755931497914773
0,30.0,25.79858038200613,6145,-18.757185127942122
0,30.0,25.79858038200613,6146,-18.75843871831914
0,30.0,25.79858038200613,6147,-18.75969226902764
0,30.0,25.79858038200613,6148,-18.76094578009308
0,30.0,25.79858038200613,6149,-18.76219925154821
0,30.0,25.79858038200613,6150,-18.763452683363923
0,30.0,25.79858038200613,6151,-18.764706075580236
0,30.0,25.79858038200613,6152,-18.765959428200787
0,30.0,25.79858038200613,6153,-18.767212741243767
0,30.0,25.79858038200613,6154,-18.76846601472009
0,30.0,25.79858038200613,6155,-18.76971924863703
0,30.0,25.79858038200613,6156,-18.770972443027333
0,30.0,25.79858038200613,6157,-18.77222559786189
0,30.0,25.79858038200613,6158,-18.773478713191636
0,30.0,25.79858038200613,6159,-18.7747317890384
0,30.0,25.79858038200613,6160,-18.775984825383986
0,30.0,25.79858038200613,6161,-18.77723782226478
0,30.0,25.79858038200613,6162,-18.77849077964804
0,30.0,25.79858038200613,6163,-18.779743697610158
0,30.0,25.79858038200613,6164,-18.780996576103846
0,30.0,25.79858038200613,6165,-18.7822494152055
0,30.0,25.79858038200613,6166,-18.783502214886013
0,30.0,25.79858038200613,6167,-18.784754975170856
0,30.0,25.79858038200613,6168,-18.78600769603456
0,30.0,25.79858038200613,6169,-18.787260377553523
0,30.0,25.79858038200613,6170,-18.788513019695003
0,30.0,25.79858038200613,6171,-18.789765622488105
0,30.0,25.79858038200613,6172,-18.791018185951017
0,30.0,25.79858038200613,6173,-18.792270710091017
0,30.0,25.79858038200613,6174,-18.793523194922656
0,30.0,25.79858038200613,6175,-18.794775640460486
0,30.0,25.79858038200613,6176,-18.796028046686317
0,30.0,25.79858038200613,6177,-18.79728041366927
0,30.0,25.79858038200613,6178,-18.798532741380242
0,30.0,25.79858038200613,6179,-18.799785029833785
0,30.0,25.79858038200613,6180,-18.801037279059003
0,30.0,25.79858038200613,6181,-18.80228948906681
0,30.0,25.79858038200613,6182,-18.80354165986448
0,30.0,25.79858038200613,6183,-18.804793791470203
0,30.0,25.79858038200613,6184,-18.80604588388762
0,30.0,25.79858038200613,6185,-18.807297937127643
0,30.0,25.79858038200613,6186,-18.80854995123029
0,30.0,25.79858038200613,6187,-18.80980192615918
0,30.0,25.79858038200613,6188,-18.81105386194706
0,30.0,25.79858038200613,6189,-18.812305758648492
0,30.0,25.79858038200613,6190,-18.813557616216187
0,30.0,25.79858038200613,6191,-18.814809434697437
0,30.0,25.79858038200613,6192,-18.816061214106796
0,30.0,25.79858038200613,6193,-18.817312954433348
0,30.0,25.79858038200613,6194,-18.818564655691645
0,30.0,25.79858038200613,6195,-18.819816317925344
0,30.0,25.79858038200613,6196,-18.821067941112616
0,30.0,25.79858038200613,6197,-18.82231952529348
0,30.0,25.79858038200613,6198,-18.82357107046066
0,30.0,25.79858038200613,6199,-18.82482257661779
0,30.0,25.79858038200613,6200,-18.82607404381217
0,30.0,25.79858038200613,6201,-18.827325472029244
0,30.0,25.79858038200613,6202,-18.82857686129448
0,30.0,25.79858038200613,6203,-18.82982821163334
0,30.0,25.79858038200613,6204,-18.83107952299126
0,30.0,25.79858038200613,6205,-18.83233079545191
0,30.0,25.79858038200613,6206,-18.833582029004376
0,30.0,25.79858038200613,6207,-18.834833223688676
0,30.0,25.79858038200613,6208,-18.836084379461155
0,30.0,25.79858038200613,6209,-18.837335496369107
0,30.0,25.79858038200613,6210,-18.83858657443436
0,30.0,25.79858038200613,6211,-18.83983761364236
0,30.0,25.79858038200613,6212,-18.841088614022212
0,30.0,25.79858038200613,6213,-18.842339575577554
0,30.0,25.79858038200613,6214,-18.84359049833749
0,30.0,25.79858038200613,6215,-18.844841382283832
0,30.0,25.79858038200613,6216,-18.846092227471146
0,30.0,25.79858038200613,6217,-18.847343033881245
0,30.0,25.79858038200613,6218,-18.848593801532317
0,30.0,25.79858038200613,6219,-18.84984453044619
0,30.0,25.79858038200613,6220,-18.851095220611953
0,30.0,25.79858038200613,6221,-18.852345872062344
0,30.0,25.79858038200613,6222,-18.853596484801002
0,30.0,25.79858038200613,6223,-18.854847058875222
0,30.0,25.79858038200613,6224,-18.856097594226796
0,30.0,25.79858038200613,6225,-18.85734809093212
0,30.0,25.79858038200613,6226,-18.85859854896937
0,30.0,25.79858038200613,6227,-18.859848968367643
0,30.0,25.79858038200613,6228,-18.861099349126945
0,30.0,25.79858038200613,6229,-18.86234969127274
0,30.0,25.79858038200613,6230,-18.863599994812304
0,30.0,25.79858038200613,6231,-18.864850259749275
0,30.0,25.79858038200613,6232,-18.86610048610912
0,30.0,25.79858038200613,6233,-18.86735067390275
0,30.0,25.79858038200613,6234,-18.868600823126528
0,30.0,25.79858038200613,6235,-18.86985093380956
0,30.0,25.79858038200613,6236,-18.871101005962757
0,30.0,25.79858038200613,6237,-18.872351039597035
0,30.0,25.79858038200613,6238,-18.873601034708756
0,30.0,25.79858038200613,6239,-18.874850991337937
0,30.0,25.79858038200613,6240,-18.876100909484578
0,30.0,25.79858038200613,6241,-18.877350789123213
0,30.0,25.79858038200613,6242,-18.878600630352068
0,30.0,25.79858038200613,6243,-18.879850433109297
0,30.0,25.79858038200613,6244,-18.881100197420366
0,30.0,25.79858038200613,6245,-18.882349923321655
0,30.0,25.79858038200613,6246,-18.883599610809526
0,30.0,25.79858038200613,6247,-18.884849259905806
0,30.0,25.79858038200613,6248,-18.886098870617772
0,30.0,25.79858038200613,6249,-18.887348442930872
0,30.0,25.79858038200613,6250,-18.888597976921503
0,30.0,25.79858038200613,6251,-18.88984747254601
0,30.0,25.79858038200613,6252,-18.891096929815305
0,30.0,25.79858038200613,6253,-18.892346348776684
0,30.0,25.79858038200613,6254,-18.893595729433784
0,30.0,25.79858038200613,6255,-18.894845071782967
0,30.0,25.79858038200613,6256,-18.896094375853338
0,30.0,25.79858038200613,6257,-18.897343641626705
0,30.0,25.79858038200613,6258,-18.898592869143087
0,30.0,25.79858038200613,6259,-18.89984205842795
0,30.0,25.79858038200613,6260,-18.901091209463104
0,30.0,25.79858038200613,6261,-18.902340322277652
0,30.0,25.79858038200613,6262,-18.90358939686068
0,30.0,25.79858038200613,6263,-18.90483843324857
0,30.0,25.79858038200613,6264,-18.906087431434045
0,30.0,25.79858038200613,6265,-18.907336391453484
0,30.0,25.79858038200613,6266,-18.908585313310525
0,30.0,25.79858038200613,6267,-18.909834197012444
0,30.0,25.79858038200613,6268,-18.911083042570155
0,30.0,25.79858038200613,6269,-18.91233185000185
0,30.0,25.79858038200613,6270,-18.913580619311162
0,30.0,25.79858038200613,6271,-18.91482935052356
0,30.0,25.79858038200613,6272,-18.9160780436536
0,30.0,25.79858038200613,6273,-18.917326698675808
0,30.0,25.79858038200613,6274,-18.918575315637483
0,30.0,25.79858038200613,6275,-18.919823894556814
0,30.0,25.79858038200613,6276,-18.921072435426524
0,30.0,25.79858038200613,6277,-18.922320938239338
0,30.0,25.79858038200613,6278,-18.923569403053463
0,30.0,25.79858038200613,6279,-18.924817829861624
0,30.0,25.79858038200613,6280,-18.926066218671096
0,30.0,25.79858038200613,6281,-18.92731456951826
0,30.0,25.79858038200613,6282,-18.92856288235582
0,30.0,25.79858038200613,6283,-18.92981115724926
0,30.0,25.79858038200613,6284,-18.931059394180394
0,30.0,25.79858038200613,6285,-18.932307593211064
0,30.0,25.79858038200613,6286,-18.9335557542867
0,30.0,25.79858038200613,6287,-18.93480387746915
0,30.0,25.79858038200613,6288,-18.936051962751137
0,30.0,25.79858038200613,6289,-18.937300010143574
0,30.0,25.79858038200613,6290,-18.938548019642823
0,30.0,25.79858038200613,6291,-18.939795991303455
0,30.0,25.79858038200613,6292,-18.941043925114556
0,30.0,25.79858038200613,6293,-18.942291821076125
0,30.0,25.79858038200613,6294,-18.943539679199077
0,30.0,25.79858038200613,6295,-18.944787499527067
0,30.0,25.79858038200613,6296,-18.946035282038267
0,30.0,25.79858038200613,6297,-18.947283026754505
0,30.0,25.79858038200613,6298,-18.94853073369397
0,30.0,25.79858038200613,6299,-18.94977840288577
0,30.0,25.79858038200613,6300,-18.95102603431171
0,30.0,25.79858038200613,6301,-18.95227362797543
0,30.0,25.79858038200613,6302,-18.9535211839315
0,30.0,25.79858038200613,6303,-18.95476870216173
0,30.0,25.79858038200613,6304,-18.956016182687947
0,30.0,25.79858038200613,6305,-18.95726362552834
0,30.0,25.79858038200613,6306,-18.958511030657448
0,30.0,25.79858038200613,6307,-18.959758398129836
0,30.0,25.79858038200613,6308,-18.961005727949143
0,30.0,25.79858038200613,6309,-18.96225302011537
0,30.0,25.79858038200613,6310,-18.96350027463943
0,30.0,25.79858038200613,6311,-18.964747491539512
0,30.0,25.79858038200613,6312,-18.965994670841084
0,30.0,25.79858038200613,6313,-18.96724181253323
0,30.0,25.79858038200613,6314,-18.96848891663778
0,30.0,25.79858038200613,6315,-18.96973598316565
0,30.0,25.79858038200613,6316,-18.970983012131384
0,30.0,25.79858038200613,6317,-18.972230003542265
0,30.0,25.79858038200613,6318,-18.973476957427394
0,30.0,25.79858038200613,6319,-18.974723873768582
0,30.0,25.79858038200613,6320,-18.97597075260221
0,30.0,25.79858038200613,6321,-18.97721759391736
0,30.0,25.79858038200613,6322,-18.9784643977395
0,30.0,25.79858038200613,6323,-18.979711164101374
0,30.0,25.79858038200613,6324,-18.98095789298479
0,30.0,25.79858038200613,6325,-18.9822045844043
0,30.0,25.79858038200613,6326,-18.983451238378095
0,30.0,25.79858038200613,6327,-18.98469785490981
0,30.0,25.79858038200613,6328,-18.98594443403219
0,30.0,25.79858038200613,6329,-18.987190975748874
0,30.0,25.79858038200613,6330,-18.988437480067134
0,30.0,25.79858038200613,6331,-18.98968394699061
0,30.0,25.79858038200613,6332,-18.990930376548405
0,30.0,25.79858038200613,6333,-18.99217676872597
0,30.0,25.79858038200613,6334,-18.993423123566956
0,30.0,25.79858038200613,6335,-18.994669441053176
0,30.0,25.79858038200613,6336,-18.995915721250114
0,30.0,25.79858038200613,6337,-18.997161964095923
0,30.0,25.79858038200613,6338,-18.998408169645174
0,30.0,25.79858038200613,6339,-18.999654337901504
0,30.0,25.79858038200613,6340,-19.000900468875827
0,30.0,25.79858038200613,6341,-19.002146562597247
0,30.0,25.79858038200613,6342,-19.003392619033022
0,30.0,25.79858038200613,6343,-19.004638638244998
0,30.0,25.79858038200613,6344,-19.00588462022226
0,30.0,25.79858038200613,6345,-19.007130564975725
0,30.0,25.79858038200613,6346,-19.00837647251994
0,30.0,25.79858038200613,6347,-19.00962234285855
0,30.0,25.79858038200613,6348,-19.01086817602065
0,30.0,25.79858038200613,6349,-19.012113972006247
0,30.0,25.79858038200613,6350,-19.013359730822614
0,30.0,25.79858038200613,6351,-19.014605452498856
0,30.0,25.79858038200613,6352,-19.01585113702042
0,30.0,25.79858038200613,6353,-19.01709678443096
0,30.0,25.79858038200613,6354,-19.01834239469774
0,30.0,25.79858038200613,6355,-19.019587967875324
0,30.0,25.79858038200613,6356,-19.020833503967353
0,30.0,25.79858038200613,6357,-19.02207900296655
0,30.0,25.79858038200613,6358,-19.023324464912932
0,30.0,25.79858038200613,6359,-19.024569889781034
0,30.0,25.79858038200613,6360,-19.0258152776036
0,30.0,25.79858038200613,6361,-19.027060628398814
0,30.0,25.79858038200613,6362,-19.028305942181234
0,30.0,25.79858038200613,6363,-19.029551218932667
0,30.0,25.79858038200613,6364,-19.030796458682218
0,30.0,25.79858038200613,6365,-19.032041661466266
0,30.0,25.79858038200613,6366,-19.033286827262984
0,30.0,25.79858038200613,6367,-19.034531956097837
0,30.0,25.79858038200613,6368,-19.035777047970825
0,30.0,25.79858038200613,6369,-19.03702210290014
0,30.0,25.79858038200613,6370,-19.038267120903967
0,30.0,25.79858038200613,6371,-19.03951210198595
0,30.0,25.79858038200613,6372,-19.04075704617155
0,30.0,25.79858038200613,6373,-19.042001953446217
0,30.0,25.79858038200613,6374,-19.043246823857245
0,30.0,25.79858038200613,6375,-19.04449165737917
0,30.0,25.79858038200613,6376,-19.04573645404473
0,30.0,25.79858038200613,6377,-19.046981213857563
0,30.0,25.79858038200613,6378,-19.0482259368395
0,30.0,25.79858038200613,6379,-19.049470622986902
0,30.0,25.79858038200613,6380,-19.05071527231796
0,30.0,25.79858038200613,6381,-19.05195988486541
0,30.0,25.79858038200613,6382,-19.05320446059652
0,30.0,25.79858038200613,6383,-19.054448999569487
0,30.0,25.79858038200613,6384,-19.055693501751577
0,30.0,25.79858038200613,6385,-19.056937967179167
0,30.0,25.79858038200613,6386,-19.05818239588136
0,30.0,25.79858038200613,6387,-19.05942678783633
0,30.0,25.79858038200613,6388,-19.060671143076817
0,30.0,25.79858038200613,6389,-19.061915461595547
0,30.0,25.79858038200613,6390,-19.063159743417984
0,30.0,25.79858038200613,6391,-19.064403988547767
0,30.0,25.79858038200613,6392,-19.06564819701036
0,30.0,25.79858038200613,6393,-19.066892368809405
0,30.0,25.79858038200613,6394,-19.0681365039449
0,30.0,25.79858038200613,6395,-19.06938060245686
0,30.0,25.79858038200613,6396,-19.070624664319823
0,30.0,25.79858038200613,6397,-19.071868689573805
0,30.0,25.79858038200613,6398,-19.073112678200616
0,30.0,25.79858038200613,6399,-19.074356630236636
0,30.0,25.79858038200613,6400,-19.075600545700055
0,30.0,25.79858038200613,6401,-19.076844424590874
0,30.0,25.79858038200613,6402,-19.078088266901815
0,30.0,25.79858038200613,6403,-19.079332072691088
0,30.0,25.79858038200613,6404,-19.080575841918673
0,30.0,25.79858038200613,6405,-19.08181957462095
0,30.0,25.79858038200613,6406,-19.083063270808836
0,30.0,25.79858038200613,6407,-19.08430693047869
0,30.0,25.79858038200613,6408,-19.085550553663253
0,30.0,25.79858038200613,6409,-19.086794140373442
0,30.0,25.79858038200613,6410,-19.08803769060198
0,30.0,25.79858038200613,6411,-19.089281204381606
0,30.0,25.79858038200613,6412,-19.090524681723238
0,30.0,25.79858038200613,6413,-19.091768122601408
0,30.0,25.79858038200613,6414,-19.093011527056134
0,30.0,25.79858038200613,6415,-19.094254895109245
0,30.0,25.79858038200613,6416,-19.0954982267571
0,30.0,25.79858038200613,6417,-19.09674152202153
0,30.0,25.79858038200613,6418,-19.097984780887984
0,30.0,25.79858038200613,6419,-19.099228003385562
0,30.0,25.79858038200613,6420,-19.10047118956156
0,30.0,25.79858038200613,6421,-19.10171433935777
0,30.0,25.79858038200613,6422,-19.102957452799657
0,30.0,25.79858038200613,6423,-19.10420052994907
0,30.0,25.79858038200613,6424,-19.105443570780537
0,30.0,25.79858038200613,6425,-19.106686575304977
0,30.0,25.79858038200613,6426,-19.107929543569682
0,30.0,25.79858038200613,6427,-19.109172475520083
0,30.0,25.79858038200613,6428,-19.11041537120711
0,30.0,25.79858038200613,6429,-19.111658230656232
0,30.0,25.79858038200613,6430,-19.11290105384198
0,30.0,25.79858038200613,6431,-19.114143840815288
0,30.0,25.79858038200613,6432,-19.11538659156524
0,30.0,25.79858038200613,6433,-19.116629306066372
0,30.0,25.79858038200613,6434,-19.117871984387804
0,30.0,25.79858038200613,6435,-19.119114626547727
0,30.0,25.79858038200613,6436,-19.120357232502485
0,30.0,25.79858038200613,6437,-19.12159980229937
0,30.0,25.79858038200613,6438,-19.122842335938387
0,30.0,25.79858038200613,6439,-19.124084833426807
0,30.0,25.79858038200613,6440,-19.125327294793735
0,30.0,25.79858038200613,6441,-19.126569720050085
0,30.0,25.79858038200613,6442,-19.127812109188582
0,30.0,25.79858038200613,6443,-19.129054462212864
0,30.0,25.79858038200613,6444,-19.130296779170223
0,30.0,25.79858038200613,6445,-19.131539060035195
0,30.0,25.79858038200613,6446,-19.132781304847796
0,30.0,25.79858038200613,6447,-19.134023513608028
0,30.0,25.79858038200613,6448,-19.135265686312252
0,30.0,25.79858038200613,6449,-19.136507822978658
0,30.0,25.79858038200613,6450,-19.137749923661815
0,30.0,25.79858038200613,6451,-19.13899198829988
0,30.0,25.79858038200613,6452,-19.14023401695833
0,30.0,25.79858038200613,6453,-19.141476009611708
0,30.0,25.79858038200613,6454,-19.14271796631094
0,30.0,25.79858038200613,6455,-19.143959887041476
0,30.0,25.79858038200613,6456,-19.14520177181059
0,30.0,25.79858038200613,6457,-19.14644362064375
0,30.0,25.79858038200613,6458,-19.147685433548233
0,30.0,25.79858038200613,6459,-19.148927210513122
0,30.0,25.79858038200613,6460,-19.150168951585712
0,30.0,25.79858038200613,6461,-19.15141065675509
0,30.0,25.79858038200613,6462,-19.152652326032168
0,30.0,25.79858038200613,6463,-19.15389395944605
0,30.0,25.79858038200613,6464,-19.15513555697855
0,30.0,25.79858038200613,6465,-19.156377118676957
0,30.0,25.79858038200613,6466,-19.157618644523083
0,30.0,25.79858038200613,6467,-19.158860134535118
0,30.0,25.79858038200613,6468,-19.16010158874944
0,30.0,25.79858038200613,6469,-19.16134300713331
0,30.0,25.79858038200613,6470,-19.162584389708556
0,30.0,25.79858038200613,6471,-19.16382573651883
0,30.0,25.79858038200613,6472,-19.165067047549584
0,30.0,25.79858038200613,6473,-19.16630832281173
0,30.0,25.79858038200613,6474,-19.167549562312544
0,30.0,25.79858038200613,6475,-19.16879076608477
0,30.0,25.79858038200613,6476,-19.170031934110213
0,30.0,25.79858038200613,6477,-19.17127306643617
0,30.0,25.79858038200613,6478,-19.172514163037178
0,30.0,25.79858038200613,6479,-19.173755223942337
0,30.0,25.79858038200613,6480,-19.174996249155285
0,30.0,25.79858038200613,6481,-19.17623723867966
0,30.0,25.79858038200613,6482,-19.177478192555483
0,30.0,25.79858038200613,6483,-19.178719110779113
0,30.0,25.79858038200613,6484,-19.179959993357826
0,30.0,25.79858038200613,6485,-19.18120084029526
0,30.0,25.79858038200613,6486,-19.182441651620522
0,30.0,25.79858038200613,6487,-19.183682427326332
0,30.0,25.79858038200613,6488,-19.18492316743452
0,30.0,25.79858038200613,6489,-19.186163871963274
0,30.0,25.79858038200613,6490,-19.187404540898044
0,30.0,25.79858038200613,6491,-19.188645174278847
0,30.0,25.79858038200613,6492,-19.18988577209477
0,30.0,25.79858038200613,6493,-19.191126334364
0,30.0,25.79858038200613,6494,-19.192366861119282
0,30.0,25.79858038200613,6495,-19.193607352324236
0,30.0,25.79858038200613,6496,-19.194847808018878
0,30.0,25.79858038200613,6497,-19.19608822823595
0,30.0,25.79858038200613,6498,-19.197328612942712
0,30.0,25.79858038200613,6499,-19.19856896217918
0,30.0,25.79858038200613,6500,-19.19980927595263
0,30.0,25.79858038200613,6501,-19.20104955427034
0,30.0,25.79858038200613,6502,-19.202289797121395
0,30.0,25.79858038200613,6503,-19.20353000454945
0,30.0,25.79858038200613,6504,-19.20477017654359
0,30.0,25.79858038200613,6505,-19.20601031313292
0,30.0,25.79858038200613,6506,-19.20725041430653
0,30.0,25.79858038200613,6507,-19.20849048010807
0,30.0,25.79858038200613,6508,-19.209730510493884
0,30.0,25.79858038200613,6509,-19.210970505558564
0,30.0,25.79858038200613,6510,-19.212210465232985
0,30.0,25.79858038200613,6511,-19.213450389560805
0,30.0,25.79858038200613,6512,-19.214690278552936
0,30.0,25.79858038200613,6513,-19.215930132220294
0,30.0,25.79858038200613,6514,-19.217169950551963
0,30.0,25.79858038200613,6515,-19.218409733602513
0,30.0,25.79858038200613,6516,-19.219649481357393
0,30.0,25.79858038200613,6517,-19.220889193812965
0,30.0,25.79858038200613,6518,-19.22212887100197
0,30.0,25.79858038200613,6519,-19.223368512935323
0,30.0,25.79858038200613,6520,-19.224608119609385
0,30.0,25.79858038200613,6521,-19.225847691045985
0,30.0,25.79858038200613,6522,-19.22708722726331
0,30.0,25.79858038200613,6523,-19.22832672825409
0,30.0,25.79858038200613,6524,-19.229566194025594
0,30.0,25.79858038200613,6525,-19.23080562460693
0,30.0,25.79858038200613,6526,-19.232045020001735
0,30.0,25.79858038200613,6527,-19.233284380217285
0,30.0,25.79858038200613,6528,-19.234523705279045
0,30.0,25.79858038200613,6529,-19.235762995168827
0,30.0,25.79858038200613,6530,-19.237002249926647
0,30.0,25.79858038200613,6531,-19.238241469556144
0,30.0,25.79858038200613,6532,-19.239480654064593
0,30.0,25.79858038200613,6533,-19.240719803448357
0,30.0,25.79858038200613,6534,-19.241958917740178
0,30.0,25.79858038200613,6535,-19.243197996936416
0,30.0,25.79858038200613,6536,-19.24443704106254
0,30.0,25.79858038200613,6537,-19.245676050118547
0,30.0,25.79858038200613,6538,-19.246915024108077
0,30.0,25.79858038200613,6539,-19.248153963060233
0,30.0,25.79858038200613,6540,-19.249392866960463
0,30.0,25.79858038200613,6541,-19.25063173583787
0,30.0,25.79858038200613,6542,-19.2518705697252
0,30.0,25.79858038200613,6543,-19.253109368586067
0,30.0,25.79858038200613,6544,-19.254348132475045
0,30.0,25.79858038200613,6545,-19.255586861352114
0,30.0,25.79858038200613,6546,-19.25682555526457
0,30.0,25.79858038200613,6547,-19.258064214208773
0,30.0,25.79858038200613,6548,-19.259302838235655
0,30.0,25.79858038200613,6549,-19.260541427297923
0,30.0,25.79858038200613,6550,-19.261779981435595
0,30.0,25.79858038200613,6551,-19.263018500652308
0,30.0,25.79858038200613,6552,-19.264256984973528
0,30.0,25.79858038200613,6553,-19.265495434377428
0,30.0,25.79858038200613,6554,-19.266733848904025
0,30.0,25.79858038200613,6555,-19.267972228560595
0,30.0,25.79858038200613,6556,-19.26921057332531
0,30.0,25.79858038200613,6557,-19.270448883278206
0,30.0,25.79858038200613,6558,-19.271687158357437
0,30.0,25.79858038200613,6559,-19.272925398613935
0,30.0,25.79858038200613,6560,-19.274163604036787
0,30.0,25.79858038200613,6561,-19.275401774651456
0,30.0,25.79858038200613,6562,-19.276639910476135
0,30.0,25.79858038200613,6563,-19.277878011485356
0,30.0,25.79858038200613,6564,-19.279116077730052
0,30.0,25.79858038200613,6565,-19.280354109192032
0,30.0,25.79858038200613,6566,-19.281592105911315
0,30.0,25.79858038200613,6567,-19.28283006786971
0,30.0,25.79858038200613,6568,-19.28406799509996
0,30.0,25.79858038200613,6569,-19.285305887587512
0,30.0,25.79858038200613,6570,-19.286543745372384
0,30.0,25.79858038200613,6571,-19.287781568458215
0,30.0,25.79858038200613,6572,-19.28901935683409
0,30.0,25.79858038200613,6573,-19.29025711053275
0,30.0,25.79858038200613,6574,-19.291494829539644
0,30.0,25.79858038200613,6575,-19.292732513902067
0,30.0,25.79858038200613,6576,-19.293970163583637
0,30.0,25.79858038200613,6577,-19.2952077786462
0,30.0,25.79858038200613,6578,-19.296445359075207
0,30.0,25.79858038200613,6579,-19.297682904870655
0,30.0,25.79858038200613,6580,-19.298920416054372
0,30.0,25.79858038200613,6581,-19.300157892651825
0,30.0,25.79858038200613,6582,-19.301395334644823
0,30.0,25.79858038200613,6583,-19.302632742058833
0,30.0,25.79858038200613,6584,-19.30387011491932
0,30.0,25.79858038200613,6585,-19.305107453204457
0,30.0,25.79858038200613,6586,-19.30634475693971
0,30.0,25.79858038200613,6587,-19.30758202613599
0,30.0,25.79858038200613,6588,-19.308819260796938
0,30.0,25.79858038200613,6589,-19.310056460969847
0,30.0,25.79858038200613,6590,-19.311293626625613
0,30.0,25.79858038200613,6591,-19.312530757767874
0,30.0,25.79858038200613,6592,-19.313767854447562
0,30.0,25.79858038200613,6593,-19.315004916628297
0,30.0,25.79858038200613,6594,-19.31624194436101
0,30.0,25.79858038200613,6595,-19.317478937627513
0,30.0,25.79858038200613,6596,-19.318715896449632
0,30.0,25.79858038200613,6597,-19.319952820845558
0,30.0,25.79858038200613,6598,-19.321189710804376
0,30.0,25.79858038200613,6599,-19.32242656637338
0,30.0,25.79858038200613,6600,-19.323663387512553
0,30.0,25.79858038200613,6601,-19.32490017428738
0,30.0,25.79858038200613,6602,-19.326136926665114
0,30.0,25.79858038200613,6603,-19.32737364466395
0,30.0,25.79858038200613,6604,-19.32861032833118
0,30.0,25.79858038200613,6605,-19.329846977626786
0,30.0,25.79858038200613,6606,-19.33108359258715
0,30.0,25.79858038200613,6607,-19.33232017320863
0,30.0,25.79858038200613,6608,-19.333556719527607
0,30.0,25.79858038200613,6609,-19.33479323152953
0,30.0,25.79858038200613,6610,-19.336029709228953
0,30.0,25.79858038200613,6611,-19.33726615265134
0,30.0,25.79858038200613,6612,-19.338502561782136
0,30.0,25.79858038200613,6613,-19.339738936639534
0,30.0,25.79858038200613,6614,-19.340975277249
0,30.0,25.79858038200613,6615,-19.342211583636
0,30.0,25.79858038200613,6616,-19.343447855745964
0,30.0,25.79858038200613,6617,-19.344684093666203
0,30.0,25.79858038200613,6618,-19.345920297349423
0,30.0,25.79858038200613,6619,-19.34715646682109
0,30.0,25.79858038200613,6620,-19.348392602121223
0,30.0,25.79858038200613,6621,-19.34962870321708
0,30.0,25.79858038200613,6622,-19.350864770145037
0,30.0,25.79858038200613,6623,-19.352100802916013
0,30.0,25.79858038200613,6624,-19.353336801530006
0,30.0,25.79858038200613,6625,-19.35457276599429
0,30.0,25.79858038200613,6626,-19.355808696330698
0,30.0,25.79858038200613,6627,-19.357044592535587
0,30.0,25.79858038200613,6628,-19.358280454634425
0,30.0,25.79858038200613,6629,-19.359516282634488
0,30.0,25.79858038200613,6630,-19.36075207654305
0,30.0,25.79858038200613,6631,-19.36198783635284
0,30.0,25.79858038200613,6632,-19.36322356211842
0,30.0,25.79858038200613,6633,-19.364459253810693
0,30.0,25.79858038200613,6634,-19.36569491144057
0,30.0,25.79858038200613,6635,-19.36693053504807
0,30.0,25.79858038200613,6636,-19.36816612460045
0,30.0,25.79858038200613,6637,-19.369401680159555
0,30.0,25.79858038200613,6638,-19.37063720170356
0,30.0,25.79858038200613,6639,-19.371872689243375
0,30.0,25.79858038200613,6640,-19.37310814280447
0,30.0,25.79858038200613,6641,-19.37434356236865
0,30.0,25.79858038200613,6642,-19.37557894795411
0,30.0,25.79858038200613,6643,-19.37681429961178
0,30.0,25.79858038200613,6644,-19.378049617308918
0,30.0,25.79858038200613,6645,-19.379284901060075
0,30.0,25.79858038200613,6646,-19.380520150894355
0,30.0,25.79858038200613,6647,-19.381755366797208
0,30.0,25.79858038200613,6648,-19.38299054880865
0,30.0,25.79858038200613,6649,-19.38422569691413
0,30.0,25.79858038200613,6650,-19.385460811131836
0,30.0,25.79858038200613,6651,-19.386695891465408
0,30.0,25.79858038200613,6652,-19.387930937951225
0,30.0,25.79858038200613,6653,-19.38916595056382
0,30.0,25.79858038200613,6654,-19.39040092933594
0,30.0,25.79858038200613,6655,-19.39163587426394
0,30.0,25.79858038200613,6656,-19.392870785366014
0,30.0,25.79858038200613,6657,-19.39410566266035
0,30.0,25.79858038200613,6658,-19.39534050615059
0,30.0,25.79858038200613,6659,-19.396575315844004
0,30.0,25.79858038200613,6660,-19.39781009172968
0,30.0,25.79858038200613,6661,-19.39904483388038
0,30.0,25.79858038200613,6662,-19.400279542237897
0,30.0,25.79858038200613,6663,-19.401514216845882
0,30.0,25.79858038200613,6664,-19.402748857715252
0,30.0,25.79858038200613,6665,-19.403983464846007
0,30.0,25.79858038200613,6666,-19.405218038241784
0,30.0,25.79858038200613,6667,-19.40645257792805
0,30.0,25.79858038200613,6668,-19.407687083915718
0,30.0,25.79858038200613,6669,-19.408921556193874
0,30.0,25.79858038200613,6670,-19.410155994806175
0,30.0,25.79858038200613,6671,-19.41139039974898
0,30.0,25.79858038200613,6672,-19.412624771004104
0,30.0,25.79858038200613,6673,-19.413859108618837
0,30.0,25.79858038200613,6674,-19.415093412582266
0,30.0,25.79858038200613,6675,-19.416327682923495
0,30.0,25.79858038200613,6676,-19.417561919624333
0,30.0,25.79858038200613,6677,-19.418796122728438
0,30.0,25.79858038200613,6678,-19.42003029222853
0,30.0,25.79858038200613,6679,-19.421264428124616
0,30.0,25.79858038200613,6680,-19.42249853043488
0,30.0,25.79858038200613,6681,-19.423732599195702
0,30.0,25.79858038200613,6682,-19.42496663435979
0,30.0,25.79858038200613,6683,-19.42620063597444
0,30.0,25.79858038200613,6684,-19.42743460405056
0,30.0,25.79858038200613,6685,-19.42866853859907
0,30.0,25.79858038200613,6686,-19.429902439634517
0,30.0,25.79858038200613,6687,-19.43113630714599
0,30.0,25.79858038200613,6688,-19.432370141144403
0,30.0,25.79858038200613,6689,-19.433603941669773
0,30.0,25.79858038200613,6690,-19.434837708689358
0,30.0,25.79858038200613,6691,-19.436071442246813
0,30.0,25.79858038200613,6692,-19.437305142345778
0,30.0,25.79858038200613,6693,-19.438538808982614
0,30.0,25.79858038200613,6694,-19.439772442168234
0,30.0,25.79858038200613,6695,-19.441006041942657
0,30.0,25.79858038200613,6696,-19.442239608269503
0,30.0,25.79858038200613,6697,-19.443473141196066
0,30.0,25.79858038200613,6698,-19.444706640722345
0,30.0,25.79858038200613,6699,-19.44594010683379
0,30.0,25.79858038200613,6700,-19.44717353959588
0,30.0,25.79858038200613,6701,-19.448406938968603
0,30.0,25.79858038200613,6702,-19.449640304973784
0,30.0,25.79858038200613,6703,-19.450873637622337
0,30.0,25.79858038200613,6704,-19.452106936932452
0,30.0,25.79858038200613,6705,-19.453340202900492
0,30.0,25.79858038200613,6706,-19.45457343555192
0,30.0,25.79858038200613,6707,-19.455806634894017
0,30.0,25.79858038200613,6708,-19.457039800930417
0,30.0,25.79858038200613,6709,-19.45827293366476
0,30.0,25.79858038200613,6710,-19.459506033129784
0,30.0,25.79858038200613,6711,-19.46073909931458
0,30.0,25.79858038200613,6712,-19.46197213221187
0,30.0,25.79858038200613,6713,-19.463205131876222
0,30.0,25.79858038200613,6714,-19.464438098300363
0,30.0,25.79858038200613,6715,-19.465671031477015
0,30.0,25.79858038200613,6716,-19.466903931435283
0,30.0,25.79858038200613,6717,-19.468136798178804
0,30.0,25.79858038200613,6718,-19.469369631736683
0,30.0,25.79858038200613,6719,-19.470602432047073
0,30.0,25.79858038200613,6720,-19.471835199222753
0,30.0,25.79858038200613,6721,-19.473067933201875
0,30.0,25.79858038200613,6722,-19.474300634017183
0,30.0,25.79858038200613,6723,-19.475533301683228
0,30.0,25.79858038200613,6724,-19.476765936189096
0,30.0,25.79858038200613,6725,-19.477998537574805
0,30.0,25.79858038200613,6726,-19.479231105836718
0,30.0,25.79858038200613,6727,-19.480463640974833
0,30.0,25.79858038200613,6728,-19.481696143003703
0,30.0,25.79858038200613,6729,-19.482928611930603
0,30.0,25.79858038200613,6730,-19.48416104778464
0,30.0,25.79858038200613,6731,-19.48539345054398
0,30.0,25.79858038200613,6732,-19.48662582024501
0,30.0,25.79858038200613,6733,-19.487858156884087
0,30.0,25.79858038200613,6734,-19.48909046048304
0,30.0,25.79858038200613,6735,-19.490322731038233
0,30.0,25.79858038200613,6736,-19.49155496857513
0,30.0,25.79858038200613,6737,-19.49278717307554
0,30.0,25.79858038200613,6738,-19.494019344594037
0,30.0,25.79858038200613,6739,-19.495251483101512
0,30.0,25.79858038200613,6740,-19.496483588623434
0,30.0,25.79858038200613,6741,-19.497715661148888
0,30.0,25.79858038200613,6742,-19.498947700732444
0,30.0,25.79858038200613,6743,-19.500179707334084
0,30.0,25.79858038200613,6744,-19.501411680997464
0,30.0,25.79858038200613,6745,-19.50264362171167
0,30.0,25.79858038200613,6746,-19.50387552951308
0,30.0,25.79858038200613,6747,-19.505107404372595
0,30.0,25.79858038200613,6748,-19.506339246341142
0,30.0,25.79858038200613,6749,-19.507571055393257
0,30.0,25.79858038200613,6750,-19.508802831558043
0,30.0,25.79858038200613,6751,-19.510034574846415
0,30.0,25.79858038200613,6752,-19.511266285276562
0,30.0,25.79858038200613,6753,-19.512497962815743
0,30.0,25.79858038200613,6754,-19.513729607518528
0,30.0,25.79858038200613,6755,-19.51496121937764
0,30.0,25.79858038200613,6756,-19.516192798396716
0,30.0,25.79858038200613,6757,-19.5174243446085
0,30.0,25.79858038200613,6758,-19.518655857987525
0,30.0,25.79858038200613,6759,-19.51988733858836
0,30.0,25.79858038200613,6760,-19.521118786367353
0,30.0,25.79858038200613,6761,-19.52235020137907
0,30.0,25.79858038200613,6762,-19.523581583612597
0,30.0,25.79858038200613,6763,-19.52481293307885
0,30.0,25.79858038200613,6764,-19.526044249796016
0,30.0,25.79858038200613,6765,-19.527275533764097
0,30.0,25.79858038200613,6766,-19.528506784994008
0,30.0,25.79858038200613,6767,-19.529738003493023
0,30.0,25.79858038200613,6768,-19.53096918928297
0,30.0,25.79858038200613,6769,-19.532200342371127
0,30.0,25.79858038200613,6770,-19.533431462753853
0,30.0,25.79858038200613,6771,-19.534662550445702
0,30.0,25.79858038200613,6772,-19.53589360548669
0,30.0,25.79858038200613,6773,-19.53712462782225
0,30.0,25.79858038200613,6774,-19.538355617521503
0,30.0,25.79858038200613,6775,-19.539586574566258
0,30.0,25.79858038200613,6776,-19.540817498956514
0,30.0,25.79858038200613,6777,-19.542048390739566
0,30.0,25.79858038200613,6778,-19.543279249882673
0,30.0,25.79858038200613,6779,-19.544510076440403
0,30.0,25.79858038200613,6780,-19.54574087037274
0,30.0,25.79858038200613,6781,-19.546971631723338
0,30.0,25.79858038200613,6782,-19.54820236050311
0,30.0,25.79858038200613,6783,-19.54943305669751
0,30.0,25.79858038200613,6784,-19.550663720335635
0,30.0,25.79858038200613,6785,-19.551894351424764
0,30.0,25.79858038200613,6786,-19.553124949953983
0,30.0,25.79858038200613,6787,-19.55435551595967
0,30.0,25.79858038200613,6788,-19.555586049452742
0,30.0,25.79858038200613,6789,-19.556816550415007
0,30.0,25.79858038200613,6790,-19.558047018886484
0,30.0,25.79858038200613,6791,-19.55927745484898
0,30.0,25.79858038200613,6792,-19.56050785833888
0,30.0,25.79858038200613,6793,-19.561738229345266
0,30.0,25.79858038200613,6794,-19.562968567871778
0,30.0,25.79858038200613,6795,-19.564198873958432
0,30.0,25.79858038200613,6796,-19.565429147594315
0,30.0,25.79858038200613,6797,-19.566659388786704
0,30.0,25.79858038200613,6798,-19.56788959756834
0,30.0,25.79858038200613,6799,-19.56911977390284
0,30.0,25.79858038200613,6800,-19.570349917833866
0,30.0,25.79858038200613,6801,-19.571580029390518
0,30.0,25.79858038200613,6802,-19.57281010852914
0,30.0,25.79858038200613,6803,-19.574040155300665
0,30.0,25.79858038200613,6804,-19.575270169683264
0,30.0,25.79858038200613,6805,-19.57650015174606
0,30.0,25.79858038200613,6806,-19.577730101412655
0,30.0,25.79858038200613,6807,-19.578960018759446
0,30.0,25.79858038200613,6808,-19.580189903764605
0,30.0,25.79858038200613,6809,-19.58141975646815
0,30.0,25.79858038200613,6810,-19.58264957682279
0,30.0,25.79858038200613,6811,-19.58387936488309
0,30.0,25.79858038200613,6812,-19.585109120645413
0,30.0,25.79858038200613,6813,-19.586338844117037
0,30.0,25.79858038200613,6814,-19.587568535345255
0,30.0,25.79858038200613,6815,-19.588798194279136
0,30.0,25.79858038200613,6816,-19.590027820947782
0,30.0,25.79858038200613,6817,-19.591257415387574
0,30.0,25.79858038200613,6818,-19.592486977587598
0,30.0,25.79858038200613,6819,-19.59371650755149
0,30.0,25.79858038200613,6820,-19.594946005301082
0,30.0,25.79858038200613,6821,-19.596175470829095
0,30.0,25.79858038200613,6822,-19.59740490417191
0,30.0,25.79858038200613,6823,-19.59863430530406
0,30.0,25.79858038200613,6824,-19.599863674261925
0,30.0,25.79858038200613,6825,-19.60109301105642
0,30.0,25.79858038200613,6826,-19.602322315683907
0,30.0,25.79858038200613,6827,-19.603551588162574
0,30.0,25.79858038200613,6828,-19.604780828474233
0,30.0,25.79858038200613,6829,-19.60601003667709
0,30.0,25.79858038200613,6830,-19.607239212745682
0,30.0,25.79858038200613,6831,-19.60846835669092
0,30.0,25.79858038200613,6832,-19.609697468538272
0,30.0,25.79858038200613,6833,-19.610926548291374
0,30.0,25.79858038200613,6834,-19.612155595957503
0,30.0,25.79858038200613,6835,-19.61338461153302
0,30.0,25.79858038200613,6836,-19.61461359503248
0,30.0,25.79858038200613,6837,-19.61584254649226
0,30.0,25.79858038200613,6838,-19.617071465890533
0,30.0,25.79858038200613,6839,-19.618300353252764
0,30.0,25.79858038200613,6840,-19.61952920858623
0,30.0,25.79858038200613,6841,-19.620758031894567
0,30.0,25.79858038200613,6842,-19.621986823181416
0,30.0,25.79858038200613,6843,-19.623215582479517
0,30.0,25.79858038200613,6844,-19.62444430977068
0,30.0,25.79858038200613,6845,-19.625673005098562
0,30.0,25.79858038200613,6846,-19.62690166841587
0,30.0,25.79858038200613,6847,-19.628130299769893
0,30.0,25.79858038200613,6848,-19.629358899215205
0,30.0,25.79858038200613,6849,-19.630587466668132
0,30.0,25.79858038200613,6850,-19.63181600218688
0,30.0,25.79858038200613,6851,-19.633044505796917
0,30.0,25.79858038200613,6852,-19.634272977461862
0,30.0,25.79858038200613,6853,-19.63550141722537
0,30.0,25.79858038200613,6854,-19.63672982510927
0,30.0,25.79858038200613,6855,-19.637958201073545
0,30.0,25.79858038200613,6856,-19.639186545169125
0,30.0,25.79858038200613,6857,-19.640414857385096
0,30.0,25.79858038200613,6858,-19.64164313773965
0,30.0,25.79858038200613,6859,-19.642871386250974
0,30.0,25.79858038200613,6860,-19.644099602908156
0,30.0,25.79858038200613,6861,-19.645327787733024
0,30.0,25.79858038200613,6862,-19.64655594072194
0,30.0,25.79858038200613,6863,-19.64778406187854
0,30.0,25.79858038200613,6864,-19.649012151257395
0,30.0,25.79858038200613,6865,-19.65024020883304
0,30.0,25.79858038200613,6866,-19.651468234620026
0,30.0,25.79858038200613,6867,-19.652696228614715
0,30.0,25.79858038200613,6868,-19.65392419084621
0,30.0,25.79858038200613,6869,-19.655152121299963
0,30.0,25.79858038200613,6870,-19.65638002001235
0,30.0,25.79858038200613,6871,-19.65760788700156
0,30.0,25.79858038200613,6872,-19.658835722231217
0,30.0,25.79858038200613,6873,-19.660063525726784
0,30.0,25.79858038200613,6874,-19.661291297535556
0,30.0,25.79858038200613,6875,-19.662519037617514
0,30.0,25.79858038200613,6876,-19.6637467460054
0,30.0,25.79858038200613,6877,-19.66497442271013
0,30.0,25.79858038200613,6878,-19.666202067742617
0,30.0,25.79858038200613,6879,-19.667429681088308
0,30.0,25.79858038200613,6880,-19.66865726278722
0,30.0,25.79858038200613,6881,-19.66988481283572
0,30.0,25.79858038200613,6882,-19.6711123312338
0,30.0,25.79858038200613,6883,-19.672339817999656
0,30.0,25.79858038200613,6884,-19.673567273136925
0,30.0,25.79858038200613,6885,-19.674794696678347
0,30.0,25.79858038200613,6886,-19.676022088598458
0,30.0,25.79858038200613,6887,-19.677249448940913
0,30.0,25.79858038200613,6888,-19.678476777680245
0,30.0,25.79858038200613,6889,-19.679704074831008
0,30.0,25.79858038200613,6890,-19.68093134042958
0,30.0,25.79858038200613,6891,-19.68215857446141
0,30.0,25.79858038200613,6892,-19.683385776951965
0,30.0,25.79858038200613,6893,-19.68461294788669
0,30.0,25.79858038200613,6894,-19.685840087312883
0,30.0,25.79858038200613,6895,-19.687067195205074
0,30.0,25.79858038200613,6896,-19.688294271581455
0,30.0,25.79858038200613,6897,-19.68952131645294
0,30.0,25.79858038200613,6898,-19.690748329819527
0,30.0,25.79858038200613,6899,-19.69197531171396
0,30.0,25.79858038200613,6900,-19.6932022621326
0,30.0,25.79858038200613,6901,-19.694429181064535
0,30.0,25.79858038200613,6902,-19.695656068542505
0,30.0,25.79858038200613,6903,-19.69688292458106
0,30.0,25.79858038200613,6904,-19.698109749183843
0,30.0,25.79858038200613,6905,-19.69933654235085
0,30.0,25.79858038200613,6906,-19.700563304089357
0,30.0,25.79858038200613,6907,-19.701790034399366
0,30.0,25.79858038200613,6908,-19.703016733335446
0,30.0,25.79858038200613,6909,-19.704243400861216
0,30.0,25.79858038200613,6910,-19.705470037002144
0,30.0,25.79858038200613,6911,-19.70669664175459
0,30.0,25.79858038200613,6912,-19.707923215151297
0,30.0,25.79858038200613,6913,-19.709149757195902
0,30.0,25.79858038200613,6914,-19.71037626786658
0,30.0,25.79858038200613,6915,-19.71160274721062
0,30.0,25.79858038200613,6916,-19.712829195224387
0,30.0,25.79858038200613,6917,-19.714055611933347
0,30.0,25.79858038200613,6918,-19.715281997312033
0,30.0,25.79858038200613,6919,-19.716508351374998
0,30.0,25.79858038200613,6920,-19.717734674147707
0,30.0,25.79858038200613,6921,-19.718960965637436
0,30.0,25.79858038200613,6922,-19.720187225844185
0,30.0,25.79858038200613,6923,-19.72141345479706
0,30.0,25.79858038200613,6924,-19.722639652463315
0,30.0,25.79858038200613,6925,-19.723865818915712
0,30.0,25.79858038200613,6926,-19.725091954106958
0,30.0,25.79858038200613,6927,-19.726318058069793
0,30.0,25.79858038200613,6928,-19.72754413080058
0,30.0,25.79858038200613,6929,-19.728770172324786
0,30.0,25.79858038200613,6930,-19.729996182635134
0,30.0,25.79858038200613,6931,-19.731222161749812
0,30.0,25.79858038200613,6932,-19.732448109679737
0,30.0,25.79858038200613,6933,-19.73367402643582
0,30.0,25.79858038200613,6934,-19.73489991202898
0,30.0,25.79858038200613,6935,-19.736125766451934
0,30.0,25.79858038200613,6936,-19.737351589722877
0,30.0,25.79858038200613,6937,-19.738577381841807
0,30.0,25.79858038200613,6938,-19.739803142845105
0,30.0,25.79858038200613,6939,-19.741028872725494
0,30.0,25.79858038200613,6940,-19.742254571493888
0,30.0,25.79858038200613,6941,-19.743480239135735
0,30.0,25.79858038200613,6942,-19.744705875683778
0,30.0,25.79858038200613,6943,-19.745931481134377
0,30.0,25.79858038200613,6944,-19.747157055527552
0,30.0,25.79858038200613,6945,-19.748382598837836
0,30.0,25.79858038200613,6946,-19.749608111101608
0,30.0,25.79858038200613,6947,-19.750833592278852
0,30.0,25.79858038200613,6948,-19.752059042438688
0,30.0,25.79858038200613,6949,-19.75328446155565
0,30.0,25.79858038200613,6950,-19.754509849655207
0,30.0,25.79858038200613,6951,-19.75573520673008
0,30.0,25.79858038200613,6952,-19.75696053279482
0,30.0,25.79858038200613,6953,-19.758185827860345
0,30.0,25.79858038200613,6954,-19.759411091933927
0,30.0,25.79858038200613,6955,-19.76063632504831
0,30.0,25.79858038200613,6956,-19.761861527159837
0,30.0,25.79858038200613,6957,-19.76308669830125
0,30.0,25.79858038200613,6958,-19.764311838523483
0,30.0,25.79858038200613,6959,-19.7655369477756
0,30.0,25.79858038200613,6960,-19.76676202610126
0,30.0,25.79858038200613,6961,-19.767987073504102
0,30.0,25.79858038200613,6962,-19.76921208996957
0,30.0,25.79858038200613,6963,-19.770437075523134
0,30.0,25.79858038200613,6964,-19.77166203018298
0,30.0,25.79858038200613,6965,-19.772886953960025
0,30.0,25.79858038200613,6966,-19.774111846836078
0,30.0,25.79858038200613,6967,-19.77533670886207
0,30.0,25.79858038200613,6968,-19.776561539997985
0,30.0,25.79858038200613,6969,-19.77778634028384
0,30.0,25.79858038200613,6970,-19.77901110970872
0,30.0,25.79858038200613,6971,-19.78023584831992
0,30.0,25.79858038200613,6972,-19.781460556088334
0,30.0,25.79858038200613,6973,-19.782685233032154
0,30.0,25.79858038200613,6974,-19.783909879158657
0,30.0,25.79858038200613,6975,-19.785134494489668
0,30.0,25.79858038200613,6976,-19.78635907902519
0,30.0,25.79858038200613,6977,-19.787583632768857
0,30.0,25.79858038200613,6978,-19.788808155749777
0,30.0,25.79858038200613,6979,-19.79003264792793
0,30.0,25.79858038200613,6980,-19.791257109379714
0,30.0,25.79858038200613,6981,-19.79248154006511
0,30.0,25.79858038200613,6982,-19.793705939995036
0,30.0,25.79858038200613,6983,-19.79493030922042
0,30.0,25.79858038200613,6984,-19.796154647701243
0,30.0,25.79858038200613,6985,-19.797378955477527
0,30.0,25.79858038200613,6986,-19.79860323253108
0,30.0,25.79858038200613,6987,-19.79982747891647
0,30.0,25.79858038200613,6988,-19.801051694582767
0,30.0,25.79858038200613,6989,-19.80227587956999
0,30.0,25.79858038200613,6990,-19.80350003389269
0,30.0,25.79858038200613,6991,-19.80472415754359
0,30.0,25.79858038200613,6992,-19.805948250544517
0,30.0,25.79858038200613,6993,-19.80717231292094
0,30.0,25.79858038200613,6994,-19.8083963446292
0,30.0,25.79858038200613,6995,-19.80962034572387
0,30.0,25.79858038200613,6996,-19.81084431620131
0,30.0,25.79858038200613,6997,-19.812068256057884
0,30.0,25.79858038200613,6998,-19.81329216531178
0,30.0,25.79858038200613,6999,-19.814516043977548
0,30.0,25.79858038200613,7000,-19.815739892051553
0,30.0,25.79858038200613,7001,-19.816963709551985
0,30.0,25.79858038200613,7002,-19.818187496497032
0,30.0,25.79858038200613,7003,-19.819411252883057
0,30.0,25.79858038200613,7004,-19.820634978702785
0,30.0,25.79858038200613,7005,-19.821858673988956
0,30.0,25.79858038200613,7006,-19.82308233874157
0,30.0,25.79858038200613,7007,-19.824305972975182
0,30.0,25.79858038200613,7008,-19.825529576697065
0,30.0,25.79858038200613,7009,-19.826753149910857
0,30.0,25.79858038200613,7010,-19.827976692605645
0,30.0,25.79858038200613,7011,-19.829200204839637
0,30.0,25.79858038200613,7012,-19.83042368658373
0,30.0,25.79858038200613,7013,-19.831647137859747
0,30.0,25.79858038200613,7014,-19.83287055865678
0,30.0,25.79858038200613,7015,-19.834093949025757
0,30.0,25.79858038200613,7016,-19.835317308933938
0,30.0,25.79858038200613,7017,-19.83654063838496
0,30.0,25.79858038200613,7018,-19.837763937447946
0,30.0,25.79858038200613,7019,-19.838987206082876
0,30.0,25.79858038200613,7020,-19.840210444289752
0,30.0,25.79858038200613,7021,-19.841433652101315
0,30.0,25.79858038200613,7022,-19.842656829521204
0,30.0,25.79858038200613,7023,-19.843879976553055
0,30.0,25.79858038200613,7024,-19.845103093207783
0,30.0,25.79858038200613,7025,-19.84632617949994
0,30.0,25.79858038200613,7026,-19.847549235433164
0,30.0,25.79858038200613,7027,-19.848772261007454
0,30.0,25.79858038200613,7028,-19.849995256255553
0,30.0,25.79858038200613,7029,-19.851218221170186
0,30.0,25.79858038200613,7030,-19.85244115575135
0,30.0,25.79858038200613,7031,-19.853664060006324
0,30.0,25.79858038200613,7032,-19.854886933975123
0,30.0,25.79858038200613,7033,-19.856109777617732
0,30.0,25.79858038200613,7034,-19.85733259100327
0,30.0,25.79858038200613,7035,-19.858555374106274
0,30.0,25.79858038200613,7036,-19.85977812691219
0,30.0,25.79858038200613,7037,-19.861000849461036
0,30.0,25.79858038200613,7038,-19.86222354175645
0,30.0,25.79858038200613,7039,-19.863446203809346
0,30.0,25.79858038200613,7040,-19.864668835616087
0,30.0,25.79858038200613,7041,-19.865891437205775
0,30.0,25.79858038200613,7042,-19.867114008567498
0,30.0,25.79858038200613,7043,-19.86833654973036
0,30.0,25.79858038200613,7044,-19.869559060657977
0,30.0,25.79858038200613,7045,-19.870781541401286
0,30.0,25.79858038200613,7046,-19.87200399198575
0,30.0,25.79858038200613,7047,-19.873226412367714
0,30.0,25.79858038200613,7048,-19.874448802572644
0,30.0,25.79858038200613,7049,-19.87567116263328
0,30.0,25.79858038200613,7050,-19.876893492531437
0,30.0,25.79858038200613,7051,-19.878115792292576
0,30.0,25.79858038200613,7052,-19.879338061909422
0,30.0,25.79858038200613,7053,-19.880560301414718
0,30.0,25.79858038200613,7054,-19.881782510782998
0,30.0,25.79858038200613,7055,-19.883004690039726
0,30.0,25.79858038200613,7056,-19.88422683921037
0,30.0,25.79858038200613,7057,-19.885448958287654
0,30.0,25.79858038200613,7058,-19.886671047275215
0,30.0,25.79858038200613,7059,-19.887893106165777
0,30.0,25.79858038200613,7060,-19.889115135017548
0,30.0,25.79858038200613,7061,-19.8903371338087
0,30.0,25.79858038200613,7062,-19.89155910254287
0,30.0,25.79858038200613,7063,-19.892781041234613
0,30.0,25.79858038200613,7064,-19.894002949902116
0,30.0,25.79858038200613,7065,-19.895224828519915
0,30.0,25.79858038200613,7066,-19.896446677149854
0,30.0,25.79858038200613,7067,-19.89766849575919
0,30.0,25.79858038200613,7068,-19.898890284369756
0,30.0,25.79858038200613,7069,-19.900112042999737
0,30.0,25.79858038200613,7070,-19.901333771630945
0,30.0,25.79858038200613,7071,-19.902555470288846
0,30.0,25.79858038200613,7072,-19.903777138998905
0,30.0,25.79858038200613,7073,-19.904998777739294
0,30.0,25.79858038200613,7074,-19.90622038652093
0,30.0,25.79858038200613,7075,-19.9074419653911
0,30.0,25.79858038200613,7076,-19.908663514309794
0,30.0,25.79858038200613,7077,-19.90988503330975
0,30.0,25.79858038200613,7078,-19.911106522405518
0,30.0,25.79858038200613,7079,-19.912327981571636
0,30.0,25.79858038200613,7080,-19.913549410851758
0,30.0,25.79858038200613,7081,-19.914770810245884
0,30.0,25.79858038200613,7082,-19.91599217976129
0,30.0,25.79858038200613,7083,-19.917213519394338
0,30.0,25.79858038200613,7084,-19.918434829166856
0,30.0,25.79858038200613,7085,-19.919656109075206
0,30.0,25.79858038200613,7086,-19.920877359144853
0,30.0,25.79858038200613,7087,-19.922098579386713
0,30.0,25.79858038200613,7088,-19.92331976978987
0,30.0,25.79858038200613,7089,-19.924540930368877
0,30.0,25.79858038200613,7090,-19.925762061134648
0,30.0,25.79858038200613,7091,-19.926983162098097
0,30.0,25.79858038200613,7092,-19.928204233270137
0,30.0,25.79858038200613,7093,-19.929425274639854
0,30.0,25.79858038200613,7094,-19.930646286229077
0,30.0,25.79858038200613,7095,-19.93186726806327
0,30.0,25.79858038200613,7096,-19.93308822012061
0,30.0,25.79858038200613,7097,-19.93430914242292
0,30.0,25.79858038200613,7098,-19.93553003498839
0,30.0,25.79858038200613,7099,-19.93675089780247
0,30.0,25.79858038200613,7100,-19.937971730905176
0,30.0,25.79858038200613,7101,-19.93919253427832
0,30.0,25.79858038200613,7102,-19.94041330794373
0,30.0,25.79858038200613,7103,-19.941634051894127
0,30.0,25.79858038200613,7104,-19.942854766151342
0,30.0,25.79858038200613,7105,-19.944075450715374
0,30.0,25.79858038200613,7106,-19.945296105622603
0,30.0,25.79858038200613,7107,-19.9465167308512
0,30.0,25.79858038200613,7108,-19.94773732639389
0,30.0,25.79858038200613,7109,-19.948957892308883
0,30.0,25.79858038200613,7110,-19.95017842856707
0,30.0,25.79858038200613,7111,-19.951398935168456
0,30.0,25.79858038200613,7112,-19.952619412171245
0,30.0,25.79858038200613,7113,-19.953839859531783
0,30.0,25.79858038200613,7114,-19.955060277279173
0,30.0,25.79858038200613,7115,-19.95628066542797
0,30.0,25.79858038200613,7116,-19.957501023978168
0,30.0,25.79858038200613,7117,-19.958721352944323
0,30.0,25.79858038200613,7118,-19.95994165235554
0,30.0,25.79858038200613,7119,-19.961161922153607
0,30.0,25.79858038200613,7120,-19.962382162404012
0,30.0,25.79858038200613,7121,-19.963602373106752
0,30.0,25.79858038200613,7122,-19.96482255426183
0,30.0,25.79858038200613,7123,-19.966042705883794
0,30.0,25.79858038200613,7124,-19.96726282796537
0,30.0,25.79858038200613,7125,-19.968482920528388
0,30.0,25.79858038200613,7126,-19.969702983594672
0,30.0,25.79858038200613,7127,-19.970923017127845
0,30.0,25.79858038200613,7128,-19.972143021164285
0,30.0,25.79858038200613,7129,-19.973362995733098
0,30.0,25.79858038200613,7130,-19.97458294081973
0,30.0,25.79858038200613,7131,-19.975802856431457
0,30.0,25.79858038200613,7132,-19.977022742561005
0,30.0,25.79858038200613,7133,-19.97824259924475
0,30.0,25.79858038200613,7134,-19.979462426504526
0,30.0,25.79858038200613,7135,-19.980682224311224
0,30.0,25.79858038200613,7136,-19.98190199267212
0,30.0,25.79858038200613,7137,-19.98312173163815
0,30.0,25.79858038200613,7138,-19.98434144117293
0,30.0,25.79858038200613,7139,-19.985561121283737
0,30.0,25.79858038200613,7140,-19.98678077202878
0,30.0,25.79858038200613,7141,-19.988000393378954
0,30.0,25.79858038200613,7142,-19.989219985326983
0,30.0,25.79858038200613,7143,-19.990439547931075
0,30.0,25.79858038200613,7144,-19.991659081162126
0,30.0,25.79858038200613,7145,-19.992878585020136
0,30.0,25.79858038200613,7146,-19.994098059541486
0,30.0,25.79858038200613,7147,-19.99531750473345
0,30.0,25.79858038200613,7148,-19.99653692059603
0,30.0,25.79858038200613,7149,-19.99775630710012
0,30.0,25.79858038200613,7150,-19.99897566431848
0,30.0,25.79858038200613,7151,-20.00019499221473
0,30.0,25.79858038200613,7152,-20.0014142908107
0,30.0,25.79858038200613,7153,-20.00263356014277
0,30.0,25.79858038200613,7154,-20.003852800145452
0,30.0,25.79858038200613,7155,-20.005072010913338
0,30.0,25.79858038200613,7156,-20.00629119240277
0,30.0,25.79858038200613,7157,-20.007510344635577
0,30.0,25.79858038200613,7158,-20.008729467611758
0,30.0,25.79858038200613,7159,-20.00994856133859
0,30.0,25.79858038200613,7160,-20.0111676258379
0,30.0,25.79858038200613,7161,-20.01238666113879
0,30.0,25.79858038200613,7162,-20.013605667183057
0,30.0,25.79858038200613,7163,-20.01482464403618
0,30.0,25.79858038200613,7164,-20.016043591690888
0,30.0,25.79858038200613,7165,-20.017262510154453
0,30.0,25.79858038200613,7166,-20.018481399441427
0,30.0,25.79858038200613,7167,-20.019700259522708
0,30.0,25.79858038200613,7168,-20.02091909044195
0,30.0,25.79858038200613,7169,-20.02213789222826
0,30.0,25.79858038200613,7170,-20.023356664837976
0,30.0,25.79858038200613,7171,-20.02457540831476
0,30.0,25.79858038200613,7172,-20.025794122644058
0,30.0,25.79858038200613,7173,-20.027012807854973
0,30.0,25.79858038200613,7174,-20.02823146394023
0,30.0,25.79858038200613,7175,-20.02945009091438
0,30.0,25.79858038200613,7176,-20.030668688791977
0,30.0,25.79858038200613,7177,-20.03188725758757
0,30.0,25.79858038200613,7178,-20.033105797257505
0,30.0,25.79858038200613,7179,-20.03432430789637
0,30.0,25.79858038200613,7180,-20.035542789424127
0,30.0,25.79858038200613,7181,-20.036761241898986
0,30.0,25.79858038200613,7182,-20.037979665320947
0,30.0,25.79858038200613,7183,-20.039198059682732
0,30.0,25.79858038200613,7184,-20.04041642504255
0,30.0,25.79858038200613,7185,-20.04163476133492
0,30.0,25.79858038200613,7186,-20.04285306862532
0,30.0,25.79858038200613,7187,-20.044071346891926
0,30.0,25.79858038200613,7188,-20.045289596171116
0,30.0,25.79858038200613,7189,-20.046507816426512
0,30.0,25.79858038200613,7190,-20.047726007709045
0,30.0,25.79858038200613,7191,-20.048944169982335
0,30.0,25.79858038200613,7192,-20.05016230330459
0,30.0,25.79858038200613,7193,-20.05138040765398
0,30.0,25.79858038200613,7194,-20.052598483037784
0,30.0,25.79858038200613,7195,-20.053816529485104
0,30.0,25.79858038200613,7196,-20.05503454699594
0,30.0,25.79858038200613,7197,-20.056252535570295
0,30.0,25.79858038200613,7198,-20.05747049520089
0,30.0,25.79858038200613,7199,-20.058688425916827
0,30.0,25.79858038200613,7200,-20.059906327747214
0,30.0,25.79858038200613,7201,-20.06112420065567
0,30.0,25.79858038200613,7202,-20.062342044671297
0,30.0,25.79858038200613,7203,-20.063559859801373
0,30.0,25.79858038200613,7204,-20.064777646075
0,30.0,25.79858038200613,7205,-20.065995403433973
0,30.0,25.79858038200613,7206,-20.067213131958326
0,30.0,25.79858038200613,7207,-20.06843083162623
0,30.0,25.79858038200613,7208,-20.06964850245224
0,30.0,25.79858038200613,7209,-20.07086614443635
0,30.0,25.79858038200613,7210,-20.07208375759312
0,30.0,25.79858038200613,7211,-20.073301341922544
0,30.0,25.79858038200613,7212,-20.074518897439177
0,30.0,25.79858038200613,7213,-20.075736424179397
0,30.0,25.79858038200613,7214,-20.076953922070444
0,30.0,25.79858038200613,7215,-20.078171391192356
0,30.0,25.79858038200613,7216,-20.07938883154513
0,30.0,25.79858038200613,7217,-20.080606243121494
0,30.0,25.79858038200613,7218,-20.081823625921444
0,30.0,25.79858038200613,7219,-20.083040979981362
0,30.0,25.79858038200613,7220,-20.084258305257592
0,30.0,25.79858038200613,7221,-20.085475601822893
0,30.0,25.79858038200613,7222,-20.08669286963361
0,30.0,25.79858038200613,7223,-20.08791010872612
0,30.0,25.79858038200613,7224,-20.089127319107703
0,30.0,25.79858038200613,7225,-20.09034450077108
0,30.0,25.79858038200613,7226,-20.09156165374536
0,30.0,25.79858038200613,7227,-20.092778777994155
0,30.0,25.79858038200613,7228,-20.093995873568403
0,30.0,25.79858038200613,7229,-20.095212940497206
0,30.0,25.79858038200613,7230,-20.096429978722355
0,30.0,25.79858038200613,7231,-20.097646988309336
0,30.0,25.79858038200613,7232,-20.09886396921449
0,30.0,25.79858038200613,7233,-20.100080921474202
0,30.0,25.79858038200613,7234,-20.101297845110295
0,30.0,25.79858038200613,7235,-20.10251474012277
0,30.0,25.79858038200613,7236,-20.103731606482526
0,30.0,25.79858038200613,7237,-20.104948444233216
0,30.0,25.79858038200613,7238,-20.10616525341122
0,30.0,25.79858038200613,7239,-20.107382033951055
0,30.0,25.79858038200613,7240,-20.10859878592548
0,30.0,25.79858038200613,7241,-20.109815509298116
0,30.0,25.79858038200613,7242,-20.111032204098066
0,30.0,25.79858038200613,7243,-20.11224887034716
0,30.0,25.79858038200613,7244,-20.11346550801629
0,30.0,25.79858038200613,7245,-20.114682117134564
0,30.0,25.79858038200613,7246,-20.115898697723807
0,30.0,25.79858038200613,7247,-20.117115249762193
0,30.0,25.79858038200613,7248,-20.118331773264273
0,30.0,25.79858038200613,7249,-20.119548268266428
0,30.0,25.79858038200613,7250,-20.12076473476138
0,30.0,25.79858038200613,7251,-20.121981172727303
0,30.0,25.79858038200613,7252,-20.123197582222403
0,30.0,25.79858038200613,7253,-20.124413963203025
0,30.0,25.79858038200613,7254,-20.12563031570555
0,30.0,25.79858038200613,7255,-20.126846639744528
0,30.0,25.79858038200613,7256,-20.128062935327236
0,30.0,25.79858038200613,7257,-20.129279202431846
0,30.0,25.79858038200613,7258,-20.130495441094737
0,30.0,25.79858038200613,7259,-20.131711651330463
0,30.0,25.79858038200613,7260,-20.132927833109918
0,30.0,25.79858038200613,7261,-20.134143986462206
0,30.0,25.79858038200613,7262,-20.135360111409156
0,30.0,25.79858038200613,7263,-20.13657620792894
0,30.0,25.79858038200613,7264,-20.137792276057937
0,30.0,25.79858038200613,7265,-20.139008315796147
0,30.0,25.79858038200613,7266,-20.14022432714357
0,30.0,25.79858038200613,7267,-20.141440310107484
0,30.0,25.79858038200613,7268,-20.142656264709714
0,30.0,25.79858038200613,7269,-20.143872190928434
0,30.0,25.79858038200613,7270,-20.145088088814575
0,30.0,25.79858038200613,7271,-20.146303958331757
0,30.0,25.79858038200613,7272,-20.14751979951636
0,30.0,25.79858038200613,7273,-20.148735612397488
0,30.0,25.79858038200613,7274,-20.14995139690238
0,30.0,25.79858038200613,7275,-20.151167153111075
0,30.0,25.79858038200613,7276,-20.152382881016294
0,30.0,25.79858038200613,7277,-20.153598580625314
0,30.0,25.79858038200613,7278,-20.15481425193086
0,30.0,25.79858038200613,7279,-20.156029894940204
0,30.0,25.79858038200613,7280,-20.15724550968973
0,30.0,25.79858038200613,7281,-20.158461096150333
0,30.0,25.79858038200613,7282,-20.159676654351117
0,30.0,25.79858038200613,7283,-20.16089218431391
0,30.0,25.79858038200613,7284,-20.162107686024157
0,30.0,25.79858038200613,7285,-20.163323159481862
0,30.0,25.79858038200613,7286,-20.164538604737956
0,30.0,25.79858038200613,7287,-20.165754021756058
0,30.0,25.79858038200613,7288,-20.166969410521617
0,30.0,25.79858038200613,7289,-20.168184771114667
0,30.0,25.79858038200613,7290,-20.169400103513382
0,30.0,25.79858038200613,7291,-20.17061540770321
0,30.0,25.79858038200613,7292,-20.1718306836987
0,30.0,25.79858038200613,7293,-20.17304593152896
0,30.0,25.79858038200613,7294,-20.174261151186712
0,30.0,25.79858038200613,7295,-20.17547634268651
0,30.0,25.79858038200613,7296,-20.176691506050176
0,30.0,25.79858038200613,7297,-20.177906641226784
0,30.0,25.79858038200613,7298,-20.179121748281815
0,30.0,25.79858038200613,7299,-20.180336827222547
0,30.0,25.79858038200613,7300,-20.181551878019874
0,30.0,25.79858038200613,7301,-20.182766900695626
0,30.0,25.79858038200613,7302,-20.183981895278905
0,30.0,25.79858038200613,7303,-20.18519686176971
0,30.0,25.79858038200613,7304,-20.18641180013894
0,30.0,25.79858038200613,7305,-20.187626710437527
0,30.0,25.79858038200613,7306,-20.188841592672745
0,30.0,25.79858038200613,7307,-20.190056446808214
0,30.0,25.79858038200613,7308,-20.191271272894866
0,30.0,25.79858038200613,7309,-20.19248607095453
0,30.0,25.79858038200613,7310,-20.19370084094355
0,30.0,25.79858038200613,7311,-20.194915582883752
0,30.0,25.79858038200613,7312,-20.19613029678969
0,30.0,25.79858038200613,7313,-20.197344982697743
0,30.0,25.79858038200613,7314,-20.198559640586083
0,30.0,25.79858038200613,7315,-20.19977427045471
0,30.0,25.79858038200613,7316,-20.200988872318177
0,30.0,25.79858038200613,7317,-20.202203446205587
0,30.0,25.79858038200613,7318,-20.203417992087836
0,30.0,25.79858038200613,7319,-20.204632509994028
0,30.0,25.79858038200613,7320,-20.20584699993144
0,30.0,25.79858038200613,7321,-20.20706146192917
0,30.0,25.79858038200613,7322,-20.208275895943572
0,30.0,25.79858038200613,7323,-20.209490302032847
0,30.0,25.79858038200613,7324,-20.210704680167893
0,30.0,25.79858038200613,7325,-20.211919030363262
0,30.0,25.79858038200613,7326,-20.21313335266261
0,30.0,25.79858038200613,7327,-20.21434764702228
0,30.0,25.79858038200613,7328,-20.215561913471376
0,30.0,25.79858038200613,7329,-20.216776152031727
0,30.0,25.79858038200613,7330,-20.217990362696057
0,30.0,25.79858038200613,7331,-20.21920454547164
0,30.0,25.79858038200613,7332,-20.22041870035848
0,30.0,25.79858038200613,7333,-20.221632827385676
0,30.0,25.79858038200613,7334,-20.222846926567783
0,30.0,25.79858038200613,7335,-20.22406099785387
0,30.0,25.79858038200613,7336,-20.225275041323968
0,30.0,25.79858038200613,7337,-20.22648905692715
0,30.0,25.79858038200613,7338,-20.22770304470707
0,30.0,25.79858038200613,7339,-20.22891700467828
0,30.0,25.79858038200613,7340,-20.2301309368044
0,30.0,25.79858038200613,7341,-20.231344841129086
0,30.0,25.79858038200613,7342,-20.23255871765234
0,30.0,25.79858038200613,7343,-20.23377256638871
0,30.0,25.79858038200613,7344,-20.234986387338196
0,30.0,25.79858038200613,7345,-20.23620018048625
0,30.0,25.79858038200613,7346,-20.237413945891078
0,30.0,25.79858038200613,7347,-20.23862768349447
0,30.0,25.79858038200613,7348,-20.23984139336919
0,30.0,25.79858038200613,7349,-20.24105507548613
0,30.0,25.79858038200613,7350,-20.242268729859845
0,30.0,25.79858038200613,7351,-20.24348235649761
0,30.0,25.79858038200613,7352,-20.24469595542125
0,30.0,25.79858038200613,7353,-20.24590952660894
0,30.0,25.79858038200613,7354,-20.24712307008251
0,30.0,25.79858038200613,7355,-20.24833658587106
0,30.0,25.79858038200613,7356,-20.24955007393821
0,30.0,25.79858038200613,7357,-20.250763534334894
0,30.0,25.79858038200613,7358,-20.251976967039283
0,30.0,25.79858038200613,7359,-20.253190372080482
0,30.0,25.79858038200613,7360,-20.254403749443938
0,30.0,25.79858038200613,7361,-20.255617099136927
0,30.0,25.79858038200613,7362,-20.256830421188553
0,30.0,25.79858038200613,7363,-20.258043715598816
0,30.0,25.79858038200613,7364,-20.25925698236044
0,30.0,25.79858038200613,7365,-20.26047022151708
0,30.0,25.79858038200613,7366,-20.26168343304691
0,30.0,25.79858038200613,7367,-20.262896616942655
0,30.0,25.79858038200613,7368,-20.264109773247966
0,30.0,25.79858038200613,7369,-20.265322901926467
0,30.0,25.79858038200613,7370,-20.266536003036364
0,30.0,25.79858038200613,7371,-20.267749076570382
0,30.0,25.79858038200613,7372,-20.268962122499417
0,30.0,25.79858038200613,7373,-20.270175140881676
0,30.0,25.79858038200613,7374,-20.271388131695332
0,30.0,25.79858038200613,7375,-20.272601094940384
0,30.0,25.79858038200613,7376,-20.273814030667765
0,30.0,25.79858038200613,7377,-20.275026938841094
0,30.0,25.79858038200613,7378,-20.2762398194822
0,30.0,25.79858038200613,7379,-20.277452672569254
0,30.0,25.79858038200613,7380,-20.278665498182292
0,30.0,25.79858038200613,7381,-20.279878296263107
0,30.0,25.79858038200613,7382,-20.281091066848077
0,30.0,25.79858038200613,7383,-20.282303809929928
0,30.0,25.79858038200613,7384,-20.283516525552315
0,30.0,25.79858038200613,7385,-20.284729213671582
0,30.0,25.79858038200613,7386,-20.285941874309557
0,30.0,25.79858038200613,7387,-20.287154507480793
0,30.0,25.79858038200613,7388,-20.28836711319984
0,30.0,25.79858038200613,7389,-20.28957969148125
0,30.0,25.79858038200613,7390,-20.290792242310474
0,30.0,25.79858038200613,7391,-20.29200476570206
0,30.0,25.79858038200613,7392,-20.293217261670563
0,30.0,25.79858038200613,7393,-20.29442973021598
0,30.0,25.79858038200613,7394,-20.295642171360143
0,30.0,25.79858038200613,7395,-20.29685458508122
0,30.0,25.79858038200613,7396,-20.298066971415594
0,30.0,25.79858038200613,7397,-20.299279330326883
0,30.0,25.79858038200613,7398,-20.300491661887847
0,30.0,25.79858038200613,7399,-20.30170396607666
0,30.0,25.79858038200613,7400,-20.302916242893318
0,30.0,25.79858038200613,7401,-20.30412849233055
0,30.0,25.79858038200613,7402,-20.30534071441018
0,30.0,25.79858038200613,7403,-20.30655290916131
0,30.0,25.79858038200613,7404,-20.30776507656212
0,30.0,25.79858038200613,7405,-20.30897721665626
0,30.0,25.79858038200613,7406,-20.31018932940735
0,30.0,25.79858038200613,7407,-20.31140141483722
0,30.0,25.79858038200613,7408,-20.31261347294587
0,30.0,25.79858038200613,7409,-20.313825503776954
0,30.0,25.79858038200613,7410,-20.31503750730137
0,30.0,25.79858038200613,7411,-20.31624948352639
0,30.0,25.79858038200613,7412,-20.31746143247385
0,30.0,25.79858038200613,7413,-20.31867335416557
0,30.0,25.79858038200613,7414,-20.319885248594275
0,30.0,25.79858038200613,7415,-20.321097115752693
0,30.0,25.79858038200613,7416,-20.322308955655373
0,30.0,25.79858038200613,7417,-20.323520768309592
0,30.0,25.79858038200613,7418,-20.32473255375173
0,30.0,25.79858038200613,7419,-20.32594431193813
0,30.0,25.79858038200613,7420,-20.327156042927
0,30.0,25.79858038200613,7421,-20.32836774666741
0,30.0,25.79858038200613,7422,-20.329579423239394
0,30.0,25.79858038200613,7423,-20.330791072606573
0,30.0,25.79858038200613,7424,-20.332002694768946
0,30.0,25.79858038200613,7425,-20.333214289741065
0,30.0,25.79858038200613,7426,-20.334425857537482
0,30.0,25.79858038200613,7427,-20.335637398180026
0,30.0,25.79858038200613,7428,-20.336848911646868
0,30.0,25.79858038200613,7429,-20.33806039793801
0,30.0,25.79858038200613,7430,-20.339271857111655
0,30.0,25.79858038200613,7431,-20.34048328912415
0,30.0,25.79858038200613,7432,-20.34169469402643
0,30.0,25.79858038200613,7433,-20.342906071774834
0,30.0,25.79858038200613,7434,-20.34411742241302
0,30.0,25.79858038200613,7435,-20.34532874595554
0,30.0,25.79858038200613,7436,-20.34654004237329
0,30.0,25.79858038200613,7437,-20.347751311709928
0,30.0,25.79858038200613,7438,-20.348962553936346
0,30.0,25.79858038200613,7439,-20.350173769110754
0,30.0,25.79858038200613,7440,-20.351384957174943
0,30.0,25.79858038200613,7441,-20.352596118187122
0,30.0,25.79858038200613,7442,-20.35380725213274
0,30.0,25.79858038200613,7443,-20.355018359026346
0,30.0,25.79858038200613,7444,-20.356229438882494
0,30.0,25.79858038200613,7445,-20.35744049170846
0,30.0,25.79858038200613,7446,-20.358651517467862
0,30.0,25.79858038200613,7447,-20.359862516226187
0,30.0,25.79858038200613,7448,-20.361073487976157
0,30.0,25.79858038200613,7449,-20.36228443266684
0,30.0,25.79858038200613,7450,-20.363495350407376
0,30.0,25.79858038200613,7451,-20.364706241132282
0,30.0,25.79858038200613,7452,-20.365917104863385
0,30.0,25.79858038200613,7453,-20.36712794162979
0,30.0,25.79858038200613,7454,-20.368338751416943
0,30.0,25.79858038200613,7455,-20.369549534224845
0,30.0,25.79858038200613,7456,-20.370760290089876
0,30.0,25.79858038200613,7457,-20.37197101899021
0,30.0,25.79858038200613,7458,-20.373181720962222
0,30.0,25.79858038200613,7459,-20.37439239598409
0,30.0,25.79858038200613,7460,-20.37560304407036
0,30.0,25.79858038200613,7461,-20.376813665242864
0,30.0,25.79858038200613,7462,-20.378024259494325
0,30.0,25.79858038200613,7463,-20.37923482683202
0,30.0,25.79858038200613,7464,-20.38044536726322
0,30.0,25.79858038200613,7465,-20.381655880802484
0,30.0,25.79858038200613,7466,-20.382866367486187
0,30.0,25.79858038200613,7467,-20.3840768272634
0,30.0,25.79858038200613,7468,-20.38528726015595
0,30.0,25.79858038200613,7469,-20.386497666200214
0,30.0,25.79858038200613,7470,-20.387708045381643
0,30.0,25.79858038200613,7471,-20.388918397707513
0,30.0,25.79858038200613,7472,-20.390128723214204
0,30.0,25.79858038200613,7473,-20.391339021850783
0,30.0,25.79858038200613,7474,-20.39254929365363
0,30.0,25.79858038200613,7475,-20.393759538644574
0,30.0,25.79858038200613,7476,-20.394969756838165
0,30.0,25.79858038200613,7477,-20.396179948212577
0,30.0,25.79858038200613,7478,-20.397390112760533
0,30.0,25.79858038200613,7479,-20.398600250569345
0,30.0,25.79858038200613,7480,-20.39981036153715
0,30.0,25.79858038200613,7481,-20.401020445751257
0,30.0,25.79858038200613,7482,-20.402230503197117
0,30.0,25.79858038200613,7483,-20.4034405338529
0,30.0,25.79858038200613,7484,-20.404650537784093
0,30.0,25.79858038200613,7485,-20.405860514932485
0,30.0,25.79858038200613,7486,-20.407070465356284
0,30.0,25.79858038200613,7487,-20.40828038904094
0,30.0,25.79858038200613,7488,-20.40949028598645
0,30.0,25.79858038200613,7489,-20.410700156214645
0,30.0,25.79858038200613,7490,-20.411909999725523
0,30.0,25.79858038200613,7491,-20.413119816519085
0,30.0,25.79858038200613,7492,-20.41432960663171
0,30.0,25.79858038200613,7493,-20.415539370048847
0,30.0,25.79858038200613,7494,-20.416749106770496
0,30.0,25.79858038200613,7495,-20.417958816796656
0,30.0,25.79858038200613,7496,-20.419168500185535
0,30.0,25.79858038200613,7497,-20.4203781568862
0,30.0,25.79858038200613,7498,-20.42158778692776
0,30.0,25.79858038200613,7499,-20.422797390317484
0,30.0,25.79858038200613,7500,-20.42400696708448
0,30.0,25.79858038200613,7501,-20.425216517185092
0,30.0,25.79858038200613,7502,-20.42642604067025
0,30.0,25.79858038200613,7503,-20.42763553753268
0,30.0,25.79858038200613,7504,-20.42884500779421
0,30.0,25.79858038200613,7505,-20.43005445141118
0,30.0,25.79858038200613,7506,-20.431263868441803
0,30.0,25.79858038200613,7507,-20.432473258886077
0,30.0,25.79858038200613,7508,-20.43368262272945
0,30.0,25.79858038200613,7509,-20.4348919600083
0,30.0,25.79858038200613,7510,-20.43610127070808
0,30.0,25.79858038200613,7511,-20.43731055485061
0,30.0,25.79858038200613,7512,-20.438519812392244
0,30.0,25.79858038200613,7513,-20.439729043427562
0,30.0,25.79858038200613,7514,-20.44093824789836
0,30.0,25.79858038200613,7515,-20.442147425841014
0,30.0,25.79858038200613,7516,-20.443356577240976
0,30.0,25.79858038200613,7517,-20.444565702112797
0,30.0,25.79858038200613,7518,-20.445774800492856
0,30.0,25.79858038200613,7519,-20.44698387235205
0,30.0,25.79858038200613,7520,-20.4481929176831
0,30.0,25.79858038200613,7521,-20.449401936551496
0,30.0,25.79858038200613,7522,-20.450610928920852
0,30.0,25.79858038200613,7523,-20.451819894798447
0,30.0,25.79858038200613,7524,-20.45302883422066
0,30.0,25.79858038200613,7525,-20.454237747165664
0,30.0,25.79858038200613,7526,-20.45544663364801
0,30.0,25.79858038200613,7527,-20.456655493667697
0,30.0,25.79858038200613,7528,-20.457864327239278
0,30.0,25.79858038200613,7529,-20.45907313438458
0,30.0,25.79858038200613,7530,-20.460281915103607
0,30.0,25.79858038200613,7531,-20.461490669396355
0,30.0,25.79858038200613,7532,-20.462699397255548
0,30.0,25.79858038200613,7533,-20.463908098717567
0,30.0,25.79858038200613,7534,-20.46511677376786
0,30.0,25.79858038200613,7535,-20.466325422413703
0,30.0,25.79858038200613,7536,-20.467534044669648
0,30.0,25.79858038200613,7537,-20.468742640557522
0,30.0,25.79858038200613,7538,-20.46995121007005
0,30.0,25.79858038200613,7539,-20.47115975319268
0,30.0,25.79858038200613,7540,-20.472368269969067
0,30.0,25.79858038200613,7541,-20.47357676038466
0,30.0,25.79858038200613,7542,-20.47478522445401
0,30.0,25.79858038200613,7543,-20.475993662184393
0,30.0,25.79858038200613,7544,-20.47720207357581
0,30.0,25.79858038200613,7545,-20.478410458642813
0,30.0,25.79858038200613,7546,-20.479618817363573
0,30.0,25.79858038200613,7547,-20.480827149796298
0,30.0,25.79858038200613,7548,-20.48203545591916
0,30.0,25.79858038200613,7549,-20.48324373574671
0,30.0,25.79858038200613,7550,-20.484451989257124
0,30.0,25.79858038200613,7551,-20.485660216523158
0,30.0,25.79858038200613,7552,-20.48686841749388
0,30.0,25.79858038200613,7553,-20.488076592198396
0,30.0,25.79858038200613,7554,-20.48928474062943
0,30.0,25.79858038200613,7555,-20.490492862794255
0,30.0,25.79858038200613,7556,-20.491700958721978
0,30.0,25.79858038200613,7557,-20.492909028383494
0,30.0,25.79858038200613,7558,-20.49411707183701
0,30.0,25.79858038200613,7559,-20.49532508903887
0,30.0,25.79858038200613,7560,-20.496533080010906
0,30.0,25.79858038200613,7561,-20.497741044782217
0,30.0,25.79858038200613,7562,-20.498948983345528
0,30.0,25.79858038200613,7563,-20.500156895708116
0,30.0,25.79858038200613,7564,-20.50136478186998
0,30.0,25.79858038200613,7565,-20.50257264185295
0,30.0,25.79858038200613,7566,-20.503780475642472
0,30.0,25.79858038200613,7567,-20.504988283260374
0,30.0,25.79858038200613,7568,-20.506196064713933
0,30.0,25.79858038200613,7569,-20.507403819995872
0,30.0,25.79858038200613,7570,-20.50861154914257
0,30.0,25.79858038200613,7571,-20.5098192521031
0,30.0,25.79858038200613,7572,-20.51102692895749
0,30.0,25.79858038200613,7573,-20.512234579676644
0,30.0,25.79858038200613,7574,-20.513442204260556
0,30.0,25.79858038200613,7575,-20.51464980274561
0,30.0,25.79858038200613,7576,-20.515857375073594
0,30.0,25.79858038200613,7577,-20.51706492131727
0,30.0,25.79858038200613,7578,-20.51827244149119
0,30.0,25.79858038200613,7579,-20.51947993553715
0,30.0,25.79858038200613,7580,-20.520687403520625
0,30.0,25.79858038200613,7581,-20.521894845397966
0,30.0,25.79858038200613,7582,-20.52310226122738
0,30.0,25.79858038200613,7583,-20.524309650987036
0,30.0,25.79858038200613,7584,-20.525517014698764
0,30.0,25.79858038200613,7585,-20.526724352326184
0,30.0,25.79858038200613,7586,-20.52793166394933
0,30.0,25.79858038200613,7587,-20.529138949517275
0,30.0,25.79858038200613,7588,-20.53034620907367
0,30.0,25.79858038200613,7589,-20.531553442603965
0,30.0,25.79858038200613,7590,-20.532760650079055
0,30.0,25.79858038200613,7591,-20.533967831578977
0,30.0,25.79858038200613,7592,-20.535174987060074
0,30.0,25.79858038200613,7593,-20.536382116544175
0,30.0,25.79858038200613,7594,-20.53758922006766
0,30.0,25.79858038200613,7595,-20.538796297594146
0,30.0,25.79858038200613,7596,-20.540003349130913
0,30.0,25.79858038200613,7597,-20.54121037471434
0,30.0,25.79858038200613,7598,-20.542417374322596
0,30.0,25.79858038200613,7599,-20.543624347992065
0,30.0,25.79858038200613,7600,-20.54483129571547
0,30.0,25.79858038200613,7601,-20.546038217478255
0,30.0,25.79858038200613,7602,-20.547245113294977
0,30.0,25.79858038200613,7603,-20.548451983202014
0,30.0,25.79858038200613,7604,-20.549658827199366
0,30.0,25.79858038200613,7605,-20.55086564525793
0,30.0,25.79858038200613,7606,-20.55207243743591
0,30.0,25.79858038200613,7607,-20.55327920369693
0,30.0,25.79858038200613,7608,-20.55448594407737
0,30.0,25.79858038200613,7609,-20.555692658584505
0,30.0,25.79858038200613,7610,-20.556899347181954
0,30.0,25.79858038200613,7611,-20.55810600992065
0,30.0,25.79858038200613,7612,-20.559312646771488
0,30.0,25.79858038200613,7613,-20.560519257792677
0,30.0,25.79858038200613,7614,-20.56172584294056
0,30.0,25.79858038200613,7615,-20.56293240226607
0,30.0,25.79858038200613,7616,-20.564138935718276
0,30.0,25.79858038200613,7617,-20.565345443348107
0,30.0,25.79858038200613,7618,-20.566551925177393
0,30.0,25.79858038200613,7619,-20.567758381169753
0,30.0,25.79858038200613,7620,-20.568964811347016
0,30.0,25.79858038200613,7621,-20.57017121573101
0,30.0,25.79858038200613,7622,-20.57137759428535
0,30.0,25.79858038200613,7623,-20.572583947097357
0,30.0,25.79858038200613,7624,-20.573790274079713
0,30.0,25.79858038200613,7625,-20.574996575312454
0,30.0,25.79858038200613,7626,-20.576202850751926
0,30.0,25.79858038200613,7627,-20.577409100470888
0,30.0,25.79858038200613,7628,-20.57861532439658
0,30.0,25.79858038200613,7629,-20.57982152255083
0,30.0,25.79858038200613,7630,-20.581027694991846
0,30.0,25.79858038200613,7631,-20.5822338416978
0,30.0,25.79858038200613,7632,-20.58343996266869
0,30.0,25.79858038200613,7633,-20.58464605788997
0,30.0,25.79858038200613,7634,-20.585852127434393
0,30.0,25.79858038200613,7635,-20.587058171236478
0,30.0,25.79858038200613,7636,-20.588264189354433
0,30.0,25.79858038200613,7637,-20.589470181751878
0,30.0,25.79858038200613,7638,-20.590676148465192
0,30.0,25.79858038200613,7639,-20.591882089516204
0,30.0,25.79858038200613,7640,-20.59308800487581
0,30.0,25.79858038200613,7641,-20.59429389454401
0,30.0,25.79858038200613,7642,-20.59549975859356
0,30.0,25.79858038200613,7643,-20.596705596937156
0,30.0,25.79858038200613,7644,-20.59791140966938
0,30.0,25.79858038200613,7645,-20.599117196753852
0,30.0,25.79858038200613,7646,-20.6003229581833
0,30.0,25.79858038200613,7647,-20.601528693994098
0,30.0,25.79858038200613,7648,-20.602734404164423
0,30.0,25.79858038200613,7649,-20.60394008873793
0,30.0,25.79858038200613,7650,-20.605145747692788
0,30.0,25.79858038200613,7651,-20.606351381043552
0,30.0,25.79858038200613,7652,-20.607556988797498
0,30.0,25.79858038200613,7653,-20.60876257094735
0,30.0,25.79858038200613,7654,-20.609968127551312
0,30.0,25.79858038200613,7655,-20.611173658565733
0,30.0,25.79858038200613,7656,-20.612379164005162
0,30.0,25.79858038200613,7657,-20.6135846438696
0,30.0,25.79858038200613,7658,-20.614790098195428
0,30.0,25.79858038200613,7659,-20.61599552693899
0,30.0,25.79858038200613,7660,-20.617200930187593
0,30.0,25.79858038200613,7661,-20.61840630787576
0,30.0,25.79858038200613,7662,-20.61961165999621
0,30.0,25.79858038200613,7663,-20.62081698665081
0,30.0,25.79858038200613,7664,-20.622022287774072
0,30.0,25.79858038200613,7665,-20.623227563366
0,30.0,25.79858038200613,7666,-20.624432813477526
0,30.0,25.79858038200613,7667,-20.62563803808682
0,30.0,25.79858038200613,7668,-20.626843237208433
0,30.0,25.79858038200613,7669,-20.628048410827816
0,30.0,25.79858038200613,7670,-20.629253559017727
0,30.0,25.79858038200613,7671,-20.630458681676302
0,30.0,25.79858038200613,7672,-20.631663778927233
0,30.0,25.79858038200613,7673,-20.632868850668658
0,30.0,25.79858038200613,7674,-20.634073896987886
0,30.0,25.79858038200613,7675,-20.635278917855814
0,30.0,25.79858038200613,7676,-20.636483913308822
0,30.0,25.79858038200613,7677,-20.637688883303255
0,30.0,25.79858038200613,7678,-20.638893827882768
0,30.0,25.79858038200613,7679,-20.640098747040085
0,30.0,25.79858038200613,7680,-20.64130364080431
0,30.0,25.79858038200613,7681,-20.64250850914634
0,30.0,25.79858038200613,7682,-20.643713352095276
0,30.0,25.79858038200613,7683,-20.644918169665672
0,30.0,25.79858038200613,7684,-20.6461229618357
0,30.0,25.79858038200613,7685,-20.64732772864174
0,30.0,25.79858038200613,7686,-20.648532470061966
0,30.0,25.79858038200613,7687,-20.649737186147306
0,30.0,25.79858038200613,7688,-20.650941876839553
0,30.0,25.79858038200613,7689,-20.652146542218745
0,30.0,25.79858038200613,7690,-20.653351182197568
0,30.0,25.79858038200613,7691,-20.65455579689244
0,30.0,25.79858038200613,7692,-20.655760386230597
0,30.0,25.79858038200613,7693,-20.6569649502557
0,30.0,25.79858038200613,7694,-20.658169488945916
0,30.0,25.79858038200613,7695,-20.65937400233763
0,30.0,25.79858038200613,7696,-20.66057849042356
0,30.0,25.79858038200613,7697,-20.661782953196436
0,30.0,25.79858038200613,7698,-20.66298739069991
0,30.0,25.79858038200613,7699,-20.664191802919433
0,30.0,25.79858038200613,7700,-20.665396189833174
0,30.0,25.79858038200613,7701,-20.66660055148479
0,30.0,25.79858038200613,7702,-20.667804887874283
0,30.0,25.79858038200613,7703,-20.6690091990162
0,30.0,25.79858038200613,7704,-20.670213484895996
0,30.0,25.79858038200613,7705,-20.67141774552094
0,30.0,25.79858038200613,7706,-20.672621980934693
0,30.0,25.79858038200613,7707,-20.673826191108148
0,30.0,25.79858038200613,7708,-20.67503037603403
0,30.0,25.79858038200613,7709,-20.676234535755995
0,30.0,25.79858038200613,7710,-20.677438670252215
0,30.0,25.79858038200613,7711,-20.67864277955907
0,30.0,25.79858038200613,7712,-20.67984686365473
0,30.0,25.79858038200613,7713,-20.681050922561028
0,30.0,25.79858038200613,7714,-20.682254956270683
0,30.0,25.79858038200613,7715,-20.683458964790972
0,30.0,25.79858038200613,7716,-20.684662948165553
0,30.0,25.79858038200613,7717,-20.685866906350768
0,30.0,25.79858038200613,7718,-20.687070839382997
0,30.0,25.79858038200613,7719,-20.688274747254965
0,30.0,25.79858038200613,7720,-20.689478630010328
0,30.0,25.79858038200613,7721,-20.6906824875836
0,30.0,25.79858038200613,7722,-20.69188632004027
0,30.0,25.79858038200613,7723,-20.69309012734395
0,30.0,25.79858038200613,7724,-20.694293909574682
0,30.0,25.79858038200613,7725,-20.695497666659705
0,30.0,25.79858038200613,7726,-20.696701398635398
0,30.0,25.79858038200613,7727,-20.697905105509037
0,30.0,25.79858038200613,7728,-20.69910878730245
0,30.0,25.79858038200613,7729,-20.70031244399381
0,30.0,25.79858038200613,7730,-20.70151607557584
0,30.0,25.79858038200613,7731,-20.702719682121298
0,30.0,25.79858038200613,7732,-20.703923263579256
0,30.0,25.79858038200613,7733,-20.70512681998609
0,30.0,25.79858038200613,7734,-20.706330351327253
0,30.0,25.79858038200613,7735,-20.707533857610017
0,30.0,25.79858038200613,7736,-20.70873733885621
0,30.0,25.79858038200613,7737,-20.709940795058557
0,30.0,25.79858038200613,7738,-20.71114422626799
0,30.0,25.79858038200613,7739,-20.712347632404473
0,30.0,25.79858038200613,7740,-20.713551013526214
0,30.0,25.79858038200613,7741,-20.714754369662316
0,30.0,25.79858038200613,7742,-20.7159577007764
0,30.0,25.79858038200613,7743,-20.717161006904846
0,30.0,25.79858038200613,7744,-20.718364288011273
0,30.0,25.79858038200613,7745,-20.719567544161166
0,30.0,25.79858038200613,7746,-20.720770775303592
0,30.0,25.79858038200613,7747,-20.721973981518587
0,30.0,25.79858038200613,7748,-20.72317716274067
4,0.1,0.09979074518419083,0,-0.020189453681634717
4,0.1,0.09979074518419083,1,-4.022480186502015
4,0.1,0.09979074518419083,2,-6.3761420066664805
4,0.1,0.09979074518419083,3,-8.134351800487238
4,0.1,0.09979074518419083,4,-9.672070474600389
4,0.1,0.09979074518419083,5,-11.096889076859497
4,0.1,0.09979074518419083,6,-12.452858308287151
4,0.1,0.09979074518419083,7,-13.762372805019076
4,0.1,0.09979074518419083,8,-15.038399771463938
4,0.1,0.09979074518419083,9,-16.28913003000539
4,0.1,0.09979074518419083,10,-17.52007131534549
4,0.1,0.09979074518419083,11,-18.73510648812197
4,0.1,0.09979074518419083,12,-19.93707625293972
4,2.6031420033166066,2.597694803312315,0,-0.2434150811264093
4,2.6031420033166066,2.597694803312315,1,-2.1172395980763015
4,2.6031420033166066,2.597694803312315,2,-3.2894852874496743
4,2.6031420033166066,2.597694803312315,3,-4.026598321039673
4,2.6031420033166066,2.597694803312315,4,-4.560414371095476
4,2.6031420033166066,2.597694803312315,5,-4.984850247578422
4,2.6031420033166066,2.597694803312315,6,-5.3416531617212355
4,2.6031420033166066,2.597694803312315,7,-5.652558862512505
4,2.6031420033166066,2.597694803312315,8,-5.930278173729274
4,2.6031420033166066,2.597694803312315,9,-6.182881734927882
4,2.6031420033166066,2.597694803312315,10,-6.415813513088278
4,2.6031420033166066,2.597694803312315,11,-6.632919403801864
4,2.6031420033166066,2.597694803312315,12,-6.837017210318567
4,2.6031420033166066,2.597694803312315,13,-7.03023325920644
4,2.6031420033166066,2.597694803312315,14,-7.2142116349142125
4,2.6031420033166066,2.597694803312315,15,-7.390249816047612
4,2.6031420033166066,2.597694803312315,16,-7.55938974352822
4,2.6031420033166066,2.597694803312315,17,-7.722480814144051
4,2.6031420033166066,2.597694803312315,18,-7.880224584507461
4,2.6031420033166066,2.597694803312315,19,-8.033207209374547
4,2.6031420033166066,2.597694803312315,20,-8.18192344357391
4,2.6031420033166066,2.597694803312315,21,-8.326794710822467
4,2.6031420033166066,2.597694803312315,22,-8.468182916815854
4,2.6031420033166066,2.597694803312315,23,-8.606401155523143
4,2.6031420033166066,2.597694803312315,24,-8.741722111263732
4,2.6031420033166066,2.597694803312315,25,-8.87438472720689
4,2.6031420033166066,2.597694803312315,26,-9.004599552573127
4,2.6031420033166066,2.597694803312315,27,-9.132553070772419
4,2.6031420033166066,2.597694803312315,28,-9.258411233009612
4,2.6031420033166066,2.597694803312315,29,-9.3823223662086
4,2.6031420033166066,2.597694803312315,30,-9.504419583669632
4,2.6031420033166066,2.597694803312315,31,-9.624822797138764
4,2.6031420033166066,2.597694803312315,32,-9.743640406852295
4,2.6031420033166066,2.597694803312315,33,-9.860970729491315
4,2.6031420033166066,2.597694803312315,34,-9.976903211357682
4,2.6031420033166066,2.597694803312315,35,-10.091519464408877
4,2.6031420033166066,2.597694803312315,36,-10.20489415531212
4,2.6031420033166066,2.597694803312315,37,-10.317095771852097
4,2.6031420033166066,2.597694803312315,38,-10.428187286451761
4,2.6031420033166066,2.597694803312315,39,-10.538226732948717
4,2.6031420033166066,2.597694803312315,40,-10.647267709890473
4,2.6031420033166066,2.597694803312315,41,-10.755359821303232
4,2.6031420033166066,2.597694803312315,42,-10.862549064031116
4,2.6031420033166066,2.597694803312315,43,-10.96887816923392
4,2.6031420033166066,2.597694803312315,44,-11.074386904403967
4,2.6031420033166066,2.597694803312315,45,-11.179112341255932
4,2.6031420033166066,2.597694803312315,46,-11.283089094014615
4,2.6031420033166066,2.597694803312315,47,-11.38634953194243
4,2.6031420033166066,2.597694803312315,48,-11.488923969376332
4,2.6031420033166066,2.597694803312315,49,-11.590840836072703
4,2.6031420033166066,2.597694803312315,50,-11.69212683025829
4,2.6031420033166066,2.597694803312315,51,-11.792807056452277
4,2.6031420033166066,2.597694803312315,52,-11.892905149843118
4,2.6031420033166066,2.597694803312315,53,-11.992443388763506
4,2.6031420033166066,2.597694803312315,54,-12.091442796604627
4,2.6031420033166066,2.597694803312315,55,-12.189923234337913
4,2.6031420033166066,2.597694803312315,56,-12.287903484664144
4,2.6031420033166066,2.597694803312315,57,-12.385401328682905
4,2.6031420033166066,2.597694803312315,58,-12.48243361586667
4,2.6031420033166066,2.597694803312315,59,-12.57901632802866
4,2.6031420033166066,2.597694803312315,60,-12.67516463789285
4,2.6031420033166066,2.597694803312315,61,-12.7708929628039
4,2.6031420033166066,2.597694803312315,62,-12.866215014052829
4,2.6031420033166066,2.597694803312315,63,-12.96114384224113
4,2.6031420033166066,2.597694803312315,64,-13.05569187905873
4,2.6031420033166066,2.597694803312315,65,-13.149870975811398
4,2.6031420033166066,2.597694803312315,66,-13.243692438995923
4,2.6031420033166066,2.597694803312315,67,-13.337167063190536
4,2.6031420033166066,2.597694803312315,68,-13.430305161500131
4,2.6031420033166066,2.597694803312315,69,-13.523116593771379
4,2.6031420033166066,2.597694803312315,70,-13.615610792770655
4,2.6031420033166066,2.597694803312315,71,-13.70779678849941
4,2.6031420033166066,2.597694803312315,72,-13.799683230802303
4,2.6031420033166066,2.597694803312315,73,-13.891278410411916
4,2.6031420033166066,2.597694803312315,74,-13.982590278556744
4,2.6031420033166066,2.597694803312315,75,-14.073626465248894
4,2.6031420033166066,2.597694803312315,76,-14.164394296356436
4,2.6031420033166066,2.597694803312315,77,-14.254900809556931
4,2.6031420033166066,2.597694803312315,78,-14.345152769258236
4,2.6031420033166066,2.597694803312315,79,-14.435156680565784
4,2.6031420033166066,2.597694803312315,80,-14.524918802369159
4,2.6031420033166066,2.597694803312315,81,-14.614445159612517
4,2.6031420033166066,2.597694803312315,82,-14.703741554811431
4,2.6031420033166066,2.597694803312315,83,-14.792813578868236
4,2.6031420033166066,2.597694803312315,84,-14.881666621238553
4,2.6031420033166066,2.597694803312315,85,-14.970305879494633
4,2.6031420033166066,2.597694803312315,86,-15.058736368327361
4,2.6031420033166066,2.597694803312315,87,-15.14696292802718
4,2.6031420033166066,2.597694803312315,88,-15.234990232477985
4,2.6031420033166066,2.597694803312315,89,-15.32282279669933
4,2.6031420033166066,2.597694803312315,90,-15.410464983965442
4,2.6031420033166066,2.597694803312315,91,-15.497921012529803
4,2.6031420033166066,2.597694803312315,92,-15.585194961981573
4,2.6031420033166066,2.597694803312315,93,-15.672290779257809
4,2.6031420033166066,2.597694803312315,94,-15.759212284332522
4,2.6031420033166066,2.597694803312315,95,-15.84596317560481
4,2.6031420033166066,2.597694803312315,96,-15.932547035003426
4,2.6031420033166066,2.597694803312315,97,-16.01896733282676
4,2.6031420033166066,2.597694803312315,98,-16.10522743233399
4,2.6031420033166066,2.597694803312315,99,-16.191330594102155
4,2.6031420033166066,2.597694803312315,100,-16.27727998016381
4,2.6031420033166066,2.597694803312315,101,-16.363078657939283
4,2.6031420033166066,2.597694803312315,102,-16.44872960397349
4,2.6031420033166066,2.597694803312315,103,-16.53423570749048
4,2.6031420033166066,2.597694803312315,104,-16.619599773776244
4,2.6031420033166066,2.597694803312315,105,-16.70482452739917
4,2.6031420033166066,2.597694803312315,106,-16.789912615276748
4,2.6031420033166066,2.597694803312315,107,-16.87486660959921
4,2.6031420033166066,2.597694803312315,108,-16.95968901061569
4,2.6031420033166066,2.597694803312315,109,-17.044382249293264
4,2.6031420033166066,2.597694803312315,110,-17.128948689851697
4,2.6031420033166066,2.597694803312315,111,-17.213390632186574
4,2.6031420033166066,2.597694803312315,112,-17.29771031418089
4,2.6031420033166066,2.597694803312315,113,-17.381909913914384
4,2.6031420033166066,2.597694803312315,114,-17.46599155177647
4,2.6031420033166066,2.597694803312315,115,-17.54995729248519
4,2.6031420033166066,2.597694803312315,116,-17.633809147019505
4,2.6031420033166066,2.597694803312315,117,-17.717549074467726
4,2.6031420033166066,2.597694803312315,118,-17.801178983798238
4,2.6031420033166066,2.597694803312315,119,-17.884700735554063
4,2.6031420033166066,2.597694803312315,120,-17.96811614347773
4,2.6031420033166066,2.597694803312315,121,-18.05142697606702
4,2.6031420033166066,2.597694803312315,122,-18.134634958068418
4,2.6031420033166066,2.597694803312315,123,-18.21774177190791
4,2.6031420033166066,2.597694803312315,124,-18.300749059063932
4,2.6031420033166066,2.597694803312315,125,-18.383658421386528
4,2.6031420033166066,2.597694803312315,126,-18.466471422362005
4,2.6031420033166066,2.597694803312315,127,-18.549189588328474
4,2.6031420033166066,2.597694803312315,128,-18.631814409643695
4,2.6031420033166066,2.597694803312315,129,-18.714347341806715
4,2.6031420033166066,2.597694803312315,130,-18.79678980653709
4,2.6031420033166066,2.597694803312315,131,-18.87914319281161
4,2.6031420033166066,2.597694803312315,132,-18.961408857862907
4,2.6031420033166066,2.597694803312315,133,-19.043588128138012
4,2.6031420033166066,2.597694803312315,134,-19.12568230022434
4,2.6031420033166066,2.597694803312315,135,-19.20769264173758
4,2.6031420033166066,2.597694803312315,136,-19.28962039217923
4,2.6031420033166066,2.597694803312315,137,-19.371466763762314
4,2.6031420033166066,2.597694803312315,138,-19.453232942205474
4,2.6031420033166066,2.597694803312315,139,-19.534920087500595
4,2.6031420033166066,2.597694803312315,140,-19.61652933465085
4,2.6031420033166066,2.597694803312315,141,-19.698061794383634
4,2.6031420033166066,2.597694803312315,142,-19.779518553838372
4,2.6031420033166066,2.597694803312315,143,-19.860900677229424
4,2.6031420033166066,2.597694803312315,144,-19.942209206485686
4,2.6031420033166066,2.597694803312315,145,-20.023445161869276
4,2.6031420033166066,2.597694803312315,146,-20.104609542571822
4,2.6031420033166066,2.597694803312315,147,-20.18570332729074
4,2.6031420033166066,2.597694803312315,148,-20.26672747478561
4,2.6031420033166066,2.597694803312315,149,-20.347682924416617
4,2.6031420033166066,2.597694803312315,150,-20.42857059666413
4,2.6031420033166066,2.597694803312315,151,-20.509391393631105
4,2.6031420033166066,2.597694803312315,152,-20.5901461995292
4,2.6031420033166066,2.597694803312315,153,-20.670835881149216
4,30.0,29.937223555257248,0,-0.99725884317864
4,30.0,29.937223555257248,1,-1.616599724582544
4,30.0,29.937223555257248,2,-2.275215605650761
4,30.0,29.937223555257248,3,-2.802601682937409
4,30.0,29.937223555257248,4,-3.215149672453082
4,30.0,29.937223555257248,5,-3.5471928481623696
4,30.0,29.937223555257248,6,-3.8233211145797856
4,30.0,29.937223555257248,7,-4.059253040836905
4,30.0,29.937223555257248,8,-4.265160240054362
4,30.0,29.937223555257248,9,-4.447877638475374
4,30.0,29.937223555257248,10,-4.612180403494891
4,30.0,29.937223555257248,11,-4.7615221769553475
4,30.0,29.937223555257248,12,-4.898475925155703
4,30.0,29.937223555257248,13,-5.025007404753898
4,30.0,29.937223555257248,14,-5.142651080526859
4,30.0,29.937223555257248,15,-5.252627067361599
4,30.0,29.937223555257248,16,-5.355921161291162
4,30.0,29.937223555257248,17,-5.453341032477782
4,30.0,29.937223555257248,18,-5.545556584034765
4,30.0,29.937223555257248,19,-5.633129525958795
4,30.0,29.937223555257248,20,-5.716535436800799
4,30.0,29.937223555257248,21,-5.796180486496789
4,30.0,29.937223555257248,22,-5.87241429583189
4,30.0,29.937223555257248,23,-5.945539954284245
4,30.0,29.937223555257248,24,-6.015821916649687
4,30.0,29.937223555257248,25,-6.083492294768954
4,30.0,29.937223555257248,26,-6.148755919986657
4,30.0,29.937223555257248,27,-6.2117944533866325
4,30.0,29.937223555257248,28,-6.272769750724125
4,30.0,29.937223555257248,29,-6.331826638405063
4,30.0,29.937223555257248,30,-6.389095219925538
4,30.0,29.937223555257248,31,-6.444692804884726
4,30.0,29.937223555257248,32,-6.49872553228599
4,30.0,29.937223555257248,33,-6.55128974444297
4,30.0,29.937223555257248,34,-6.6024731560713565
4,30.0,29.937223555257248,35,-6.652355854125746
4,30.0,29.937223555257248,36,-6.701011156943425
4,30.0,29.937223555257248,37,-6.7485063557910525
4,30.0,29.937223555257248,38,-6.794903357607696
4,30.0,29.937223555257248,39,-6.840259244323962
4,30.0,29.937223555257248,40,-6.884626761418376
4,30.0,29.937223555257248,41,-6.92805474618409
4,30.0,29.937223555257248,42,-6.970588504416783
4,30.0,29.937223555257248,43,-7.012270142799567
4,30.0,29.937223555257248,44,-7.053138863092942
4,30.0,29.937223555257248,45,-7.0932312232761365
4,30.0,29.937223555257248,46,-7.132581369999075
4,30.0,29.937223555257248,47,-7.171221246027459
4,30.0,29.937223555257248,48,-7.209180775883583
4,30.0,29.937223555257248,49,-7.246488032319677
4,30.0,29.937223555257248,50,-7.2831693859906625
4,30.0,29.937223555257248,51,-7.319249640304564
4,30.0,29.937223555257248,52,-7.354752153181112
4,30.0,29.937223555257248,53,-7.389698947212269
4,30.0,29.937223555257248,54,-7.424110809527194
4,30.0,29.937223555257248,55,-7.458007382494445
4,30.0,29.937223555257248,56,-7.491407246251287
4,30.0,29.937223555257248,57,-7.52432799392888
4,30.0,29.937223555257248,58,-7.556786300335135
4,30.0,29.937223555257248,59,-7.588797984765835
4,30.0,29.937223555257248,60,-7.6203780685372795
4,30.0,29.937223555257248,61,-7.651540827762419
4,30.0,29.937223555257248,62,-7.6822998418360715
4,30.0,29.937223555257248,63,-7.712668038039952
4,30.0,29.937223555257248,64,-7.742657732635211
4,30.0,29.937223555257248,65,-7.772280668768092
4,30.0,29.937223555257248,66,-7.801548051482444
4,30.0,29.937223555257248,67,-7.830470580097243
4,30.0,29.937223555257248,68,-7.859058478187579
4,30.0,29.937223555257248,69,-7.887321521374348
4,30.0,29.937223555257248,70,-7.915269063115732
4,30.0,29.937223555257248,71,-7.942910058668547
4,30.0,29.937223555257248,72,-7.970253087373054
4,30.0,29.937223555257248,73,-7.99730637340072
4,30.0,29.937223555257248,74,-8.024077805091297
4,30.0,29.937223555257248,75,-8.05057495298941
4,30.0,29.937223555257248,76,-8.076805086688681
4,30.0,29.937223555257248,77,-8.102775190572844
4,30.0,29.937223555257248,78,-8.12849197854199
4,30.0,29.937223555257248,79,-8.153961907800737
4,30.0,29.937223555257248,80,-8.179191191777806
4,30.0,29.937223555257248,81,-8.20418581224378
4,30.0,29.937223555257248,82,-8.228951530685821
4,30.0,29.937223555257248,83,-8.253493898990984
4,30.0,29.937223555257248,84,-8.27781826949091
4,30.0,29.937223555257248,85,-8.301929804412497
4,30.0,29.937223555257248,86,-8.32583348477384
4,30.0,29.937223555257248,87,-8.349534118767837
4,30.0,29.937223555257248,88,-8.373036349665187
4,30.0,29.937223555257248,89,-8.396344663270996
4,30.0,29.937223555257248,90,-8.419463394966032
4,30.0,29.937223555257248,91,-8.442396736356317
4,30.0,29.937223555257248,92,-8.465148741561494
4,30.0,29.937223555257248,93,-8.487723333162124
4,30.0,29.937223555257248,94,-8.510124307829289
4,30.0,29.937223555257248,95,-8.532355341655363
4,30.0,29.937223555257248,96,-8.554419995207171
4,30.0,29.937223555257248,97,-8.576321718315329
4,30.0,29.937223555257248,98,-8.598063854619669
4,30.0,29.937223555257248,99,-8.619649645882975
4,30.0,29.937223555257248,100,-8.641082236087401
4,30.0,29.937223555257248,101,-8.662364675328194
4,30.0,29.937223555257248,102,-8.683499923515159
4,30.0,29.937223555257248,103,-8.70449085389207
4,30.0,29.937223555257248,104,-8.725340256388835
4,30.0,29.937223555257248,105,-8.746050840810925
4,30.0,29.937223555257248,106,-8.766625239878055
4,30.0,29.937223555257248,107,-8.787066012120635
4,30.0,29.937223555257248,108,-8.80737564464174
4,30.0,29.937223555257248,109,-8.827556555750379
4,30.0,29.937223555257248,110,-8.84761109747602
4,30.0,29.937223555257248,111,-8.867541557968353
4,30.0,29.937223555257248,112,-8.887350163790062
4,30.0,29.937223555257248,113,-8.907039082106666
4,30.0,29.937223555257248,114,-8.926610422781367
4,30.0,29.937223555257248,115,-8.946066240376853
4,30.0,29.937223555257248,116,-8.96540853607148
4,30.0,29.937223555257248,117,-8.984639259492313
4,30.0,29.937223555257248,118,-9.003760310471408
4,30.0,29.937223555257248,119,-9.02277354072662
4,30.0,29.937223555257248,120,-9.041680755472543
4,30.0,29.937223555257248,121,-9.060483714965516
4,30.0,29.937223555257248,122,-9.079184135983086
4,30.0,29.937223555257248,123,-9.097783693245377
4,30.0,29.937223555257248,124,-9.116284020776321
4,30.0,29.937223555257248,125,-9.13468671321276
4,30.0,29.937223555257248,126,-9.15299332705955
4,30.0,29.937223555257248,127,-9.17120538189623
4,30.0,29.937223555257248,128,-9.189324361534931
4,30.0,29.937223555257248,129,-9.207351715135575
4,30.0,29.937223555257248,130,-9.225288858274427
4,30.0,29.937223555257248,131,-9.243137173976196
4,30.0,29.937223555257248,132,-9.26089801370283
4,30.0,29.937223555257248,133,-9.278572698306549
4,30.0,29.937223555257248,134,-9.296162518948949
4,30.0,29.937223555257248,135,-9.313668737982299
4,30.0,29.937223555257248,136,-9.33109258980163
4,30.0,29.937223555257248,137,-9.348435281663386
4,30.0,29.937223555257248,138,-9.365697994475555
4,30.0,29.937223555257248,139,-9.382881883559252
4,30.0,29.937223555257248,140,-9.399988079381375
4,30.0,29.937223555257248,141,-9.417017688263671
4,30.0,29.937223555257248,142,-9.433971793064801
4,30.0,29.937223555257248,143,-9.450851453839833
4,30.0,29.937223555257248,144,-9.467657708474848
4,30.0,29.937223555257248,145,-9.484391573301979
4,30.0,29.937223555257248,146,-9.501054043690987
4,30.0,29.937223555257248,147,-9.517646094624
4,30.0,29.937223555257248,148,-9.53416868124508
4,30.0,29.937223555257248,149,-9.550622739397612
4,30.0,29.937223555257248,150,-9.567009186140682
4,30.0,29.937223555257248,151,-9.583328920245991
4,30.0,29.937223555257248,152,-9.599582822683589
4,30.0,29.937223555257248,153,-9.615771757087929
4,30.0,29.937223555257248,154,-9.63189657020938
4,30.0,29.937223555257248,155,-9.647958092351347
4,30.0,29.937223555257248,156,-9.663957137794897
4,30.0,29.937223555257248,157,-9.67989450520655
4,30.0,29.937223555257248,158,-9.695770978036068
4,30.0,29.937223555257248,159,-9.711587324900494
4,30.0,29.937223555257248,160,-9.727344299955222
4,30.0,29.937223555257248,161,-9.743042643256318
4,30.0,29.937223555257248,162,-9.758683081107721
4,30.0,29.937223555257248,163,-9.774266326402413
4,30.0,29.937223555257248,164,-9.789793078947342
4,30.0,29.937223555257248,165,-9.805264025785037
4,30.0,29.937223555257248,166,-9.82067984149977
4,30.0,29.937223555257248,167,-9.836041188517799
4,30.0,29.937223555257248,168,-9.851348717398183
4,30.0,29.937223555257248,169,-9.866603067114044
4,30.0,29.937223555257248,170,-9.881804865326659
4,30.0,29.937223555257248,171,-9.896954728648767
4,30.0,29.937223555257248,172,-9.912053262906044
4,30.0,29.937223555257248,173,-9.927101063384258
4,30.0,29.937223555257248,174,-9.942098715072904
4,30.0,29.937223555257248,175,-9.95704679290269
4,30.0,29.937223555257248,176,-9.971945861973142
4,30.0,29.937223555257248,177,-9.986796477776908
4,30.0,29.937223555257248,178,-10.001599186414511
4,30.0,29.937223555257248,179,-10.01635452480683
4,30.0,29.937223555257248,180,-10.03106302089826
4,30.0,29.937223555257248,181,-10.045725193856116
4,30.0,29.937223555257248,182,-10.060341554265834
4,30.0,29.937223555257248,183,-10.07491260431526
4,30.0,29.937223555257248,184,-10.089438837980866
4,30.0,29.937223555257248,185,-10.103920741205785
4,30.0,29.937223555257248,186,-10.118358792071364
4,30.0,29.937223555257248,187,-10.132753460966898
4,30.0,29.937223555257248,188,-10.147105210753795
4,30.0,29.937223555257248,189,-10.16141449692451
4,30.0,29.937223555257248,190,-10.17568176775943
4,30.0,29.937223555257248,191,-10.18990746447763
4,30.0,29.937223555257248,192,-10.204092021383973
4,30.0,29.937223555257248,193,-10.218235866014071
4,30.0,29.937223555257248,194,-10.232339419272067
4,30.0,29.937223555257248,195,-10.24640309557036
4,30.0,29.937223555257248,196,-10.260427302958634
4,30.0,29.937223555257248,197,-10.274412443256766
4,30.0,29.937223555257248,198,-10.288358912178852
4,30.0,29.937223555257248,199,-10.302267099457241
4,30.0,29.937223555257248,200,-10.316137388962021
4,30.0,29.937223555257248,201,-10.329970158818684
4,30.0,29.937223555257248,202,-10.34376578152113
4,30.0,29.937223555257248,203,-10.357524624044219
4,30.0,29.937223555257248,204,-10.371247047950861
4,30.0,29.937223555257248,205,-10.384933409499114
4,30.0,29.937223555257248,206,-10.398584059745064
4,30.0,29.937223555257248,207,-10.412199344643556
4,30.0,29.937223555257248,208,-10.425779605145964
4,30.0,29.937223555257248,209,-10.43932517729728
4,30.0,29.937223555257248,210,-10.452836392329447
4,30.0,29.937223555257248,211,-10.466313576751633
4,30.0,29.937223555257248,212,-10.479757052442766
4,30.0,29.937223555257248,213,-10.49316713673362
4,30.0,29.937223555257248,214,-10.506544142497875
4,30.0,29.937223555257248,215,-10.51988837823079
4,30.0,29.937223555257248,216,-10.533200148132197
4,30.0,29.937223555257248,217,-10.546479752185734
4,30.0,29.937223555257248,218,-10.55972748623684
4,30.0,29.937223555257248,219,-10.57294364206881
4,30.0,29.937223555257248,220,-10.586128507474188
4,30.0,29.937223555257248,221,-10.599282366329804
4,30.0,29.937223555257248,222,-10.61240549866851
4,30.0,29.937223555257248,223,-10.625498180744204
4,30.0,29.937223555257248,224,-10.638560685104368
4,30.0,29.937223555257248,225,-10.651593280650888
4,30.0,29.937223555257248,226,-10.664596232709288
4,30.0,29.937223555257248,227,-10.677569803089556
4,30.0,29.937223555257248,228,-10.690514250149237
4,30.0,29.937223555257248,229,-10.703429828851755
4,30.0,29.937223555257248,230,-10.716316790828488
4,30.0,29.937223555257248,231,-10.72917538443413
4,30.0,29.937223555257248,232,-10.742005854803766
4,30.0,29.937223555257248,233,-10.754808443910962
4,30.0,29.937223555257248,234,-10.76758339061722
4,30.0,29.937223555257248,235,-10.780330930729848
4,30.0,29.937223555257248,236,-10.793051297049361
4,30.0,29.937223555257248,237,-10.805744719424625
4,30.0,29.937223555257248,238,-10.818411424799011
4,30.0,29.937223555257248,239,-10.831051637261895
4,30.0,29.937223555257248,240,-10.843665578094475
4,30.0,29.937223555257248,241,-10.856253465817632
4,30.0,29.937223555257248,242,-10.868815516236383
4,30.0,29.937223555257248,243,-10.881351942485468
4,30.0,29.937223555257248,244,-10.893862955074939
4,30.0,29.937223555257248,245,-10.906348761928358
4,30.0,29.937223555257248,246,-10.91880956843089
4,30.0,29.937223555257248,247,-10.931245577465676
4,30.0,29.937223555257248,248,-10.943656989457496
4,30.0,29.937223555257248,249,-10.956044002409714
4,30.0,29.937223555257248,250,-10.968406811945544
4,30.0,29.937223555257248,251,-10.980745611344888
4,30.0,29.937223555257248,252,-10.993060591580376
4,30.0,29.937223555257248,253,-11.00535194135749
4,30.0,29.937223555257248,254,-11.017619847145498
4,30.0,29.937223555257248,255,-11.02986449321678
4,30.0,29.937223555257248,256,-11.042086061679912
4,30.0,29.937223555257248,257,-11.054284732511961
4,30.0,29.937223555257248,258,-11.066460683593037
4,30.0,29.937223555257248,259,-11.07861409073938
4,30.0,29.937223555257248,260,-11.090745127734055
4,30.0,29.937223555257248,261,-11.102853966356735
4,30.0,29.937223555257248,262,-11.114940776418381
4,30.0,29.937223555257248,263,-11.127005725787727
4,30.0,29.937223555257248,264,-11.139048980421409
4,30.0,29.937223555257248,265,-11.151070704395453
4,30.0,29.937223555257248,266,-11.163071059928471
4,30.0,29.937223555257248,267,-11.175050207415426
4,30.0,29.937223555257248,268,-11.187008305450933
4,30.0,29.937223555257248,269,-11.19894551085689
4,30.0,29.937223555257248,270,-11.210861978710328
4,30.0,29.937223555257248,271,-11.22275786236729
4,30.0,29.937223555257248,272,-11.234633313489313
4,30.0,29.937223555257248,273,-11.246488482066285
4,30.0,29.937223555257248,274,-11.258323516446113
4,30.0,29.937223555257248,275,-11.270138563351212
4,30.0,29.937223555257248,276,-11.281933767909196
4,30.0,29.937223555257248,277,-11.293709273670617
4,30.0,29.937223555257248,278,-11.305465222635108
4,30.0,29.937223555257248,279,-11.317201755272423
4,30.0,29.937223555257248,280,-11.328919010542778
4,30.0,29.937223555257248,281,-11.340617125921755
4,30.0,29.937223555257248,282,-11.352296237418601
4,30.0,29.937223555257248,283,-11.363956479598288
4,30.0,29.937223555257248,284,-11.375597985601859
4,30.0,29.937223555257248,285,-11.387220887164277
4,30.0,29.937223555257248,286,-11.398825314639554
4,30.0,29.937223555257248,287,-11.410411397013137
4,30.0,29.937223555257248,288,-11.421979261926014
4,30.0,29.937223555257248,289,-11.43352903569165
4,30.0,29.937223555257248,290,-11.445060843313387
4,30.0,29.937223555257248,291,-11.456574808504103
4,30.0,29.937223555257248,292,-11.468071053703612
4,30.0,29.937223555257248,293,-11.479549700095037
4,30.0,29.937223555257248,294,-11.491010867622423
4,30.0,29.937223555257248,295,-11.502454675008822
4,30.0,29.937223555257248,296,-11.513881239771182
4,30.0,29.937223555257248,297,-11.525290678237058
4,30.0,29.937223555257248,298,-11.536683105560302
4,30.0,29.937223555257248,299,-11.548058635738686
4,30.0,29.937223555257248,300,-11.559417381626746
4,30.0,29.937223555257248,301,-11.570759454952723
4,30.0,29.937223555257248,302,-11.582084966332433
4,30.0,29.937223555257248,303,-11.593394025284043
4,30.0,29.937223555257248,304,-11.604686740245471
4,30.0,29.937223555257248,305,-11.615963218582566
4,30.0,29.937223555257248,306,-11.627223566609574
4,30.0,29.937223555257248,307,-11.638467889599143
4,30.0,29.937223555257248,308,-11.64969629179551
4,30.0,29.937223555257248,309,-11.660908876429732
4,30.0,29.937223555257248,310,-11.672105745733562
4,30.0,29.937223555257248,311,-11.683287000948996
4,30.0,29.937223555257248,312,-11.69445274234282
4,30.0,29.937223555257248,313,-11.705603069220034
4,30.0,29.937223555257248,314,-11.716738079935668
4,30.0,29.937223555257248,315,-11.727857871905245
4,30.0,29.937223555257248,316,-11.738962541617058
4,30.0,29.937223555257248,317,-11.750052184647176
4,30.0,29.937223555257248,318,-11.761126895666495
4,30.0,29.937223555257248,319,-11.772186768454377
4,30.0,29.937223555257248,320,-11.783231895910932
4,30.0,29.937223555257248,321,-11.79426237006429
4,30.0,29.937223555257248,322,-11.80527828208493
4,30.0,29.937223555257248,323,-11.816279722294768
4,30.0,29.937223555257248,324,-11.827266780179217
4,30.0,29.937223555257248,325,-11.838239544394229
4,30.0,29.937223555257248,326,-11.849198102779939
4,30.0,29.937223555257248,327,-11.86014254236885
4,30.0,29.937223555257248,328,-11.87107294939584
4,30.0,29.937223555257248,329,-11.88198940930839
4,30.0,29.937223555257248,330,-11.892892006776139
4,30.0,29.937223555257248,331,-11.903780825700425
4,30.0,29.937223555257248,332,-11.914655949220888
4,30.0,29.937223555257248,333,-11.925517459730473
4,30.0,29.937223555257248,334,-11.93636543887702
4,30.0,29.937223555257248,335,-11.947199967579637
4,30.0,29.937223555257248,336,-11.958021126031655
4,30.0,29.937223555257248,337,-11.968828993711087
4,30.0,29.937223555257248,338,-11.979623649390179
4,30.0,29.937223555257248,339,-11.990405171143594
4,30.0,29.937223555257248,340,-12.001173636354553
4,30.0,29.937223555257248,341,-12.011929121725062
4,30.0,29.937223555257248,342,-12.022671703282741
4,30.0,29.937223555257248,343,-12.033401456390594
4,30.0,29.937223555257248,344,-12.044118455751788
4,30.0,29.937223555257248,345,-12.054822775419426
4,30.0,29.937223555257248,346,-12.06551448880383
4,30.0,29.937223555257248,347,-12.076193668678672
4,30.0,29.937223555257248,348,-12.086860387190528
4,30.0,29.937223555257248,349,-12.097514715863882
4,30.0,29.937223555257248,350,-12.108156725609762
4,30.0,29.937223555257248,351,-12.118786486732107
4,30.0,29.937223555257248,352,-12.129404068934138
4,30.0,29.937223555257248,353,-12.140009541325854
4,30.0,29.937223555257248,354,-12.150602972432454
4,30.0,29.937223555257248,355,-12.161184430196146
4,30.0,29.937223555257248,356,-12.171753981987296
4,30.0,29.937223555257248,357,-12.182311694610563
4,30.0,29.937223555257248,358,-12.192857634306948
4,30.0,29.937223555257248,359,-12.20339186676607
4,30.0,29.937223555257248,360,-12.213914457127759
4,30.0,29.937223555257248,361,-12.224425469989784
4,30.0,29.937223555257248,362,-12.234924969411724
4,30.0,29.937223555257248,363,-12.245413018927922
4,30.0,29.937223555257248,364,-12.255889681544078
4,30.0,29.937223555257248,365,-12.266355019748618
4,30.0,29.937223555257248,366,-12.276809095517693
4,30.0,29.937223555257248,367,-12.287251970318595
4,30.0,29.937223555257248,368,-12.29768370511748
4,30.0,29.937223555257248,369,-12.308104360384378
4,30.0,29.937223555257248,370,-12.318513996098192
4,30.0,29.937223555257248,371,-12.328912671752379
4,30.0,29.937223555257248,372,-12.33930044635814
4,30.0,29.937223555257248,373,-12.349677378453963
4,30.0,29.937223555257248,374,-12.360043526104947
4,30.0,29.937223555257248,375,-12.370398946915985
4,30.0,29.937223555257248,376,-12.380743698025855
4,30.0,29.937223555257248,377,-12.39107783612336
4,30.0,29.937223555257248,378,-12.401401417440512
4,30.0,29.937223555257248,379,-12.411714497769582
4,30.0,29.937223555257248,380,-12.422017132457869
4,30.0,29.937223555257248,381,-12.432309376419527
4,30.0,29.937223555257248,382,-12.442591284133742
4,30.0,29.937223555257248,383,-12.452862909653378
4,30.0,29.937223555257248,384,-12.463124306608835
4,30.0,29.937223555257248,385,-12.47337552821192
4,30.0,29.937223555257248,386,-12.483616627260163
4,30.0,29.937223555257248,387,-12.493847656140007
4,30.0,29.937223555257248,388,-12.504068666835893
4,30.0,29.937223555257248,389,-12.514279710926177
4,30.0,29.937223555257248,390,-12.524480839594263
4,30.0,29.937223555257248,391,-12.534672103631111
4,30.0,29.937223555257248,392,-12.544853553436825
4,30.0,29.937223555257248,393,-12.555025239026564
4,30.0,29.937223555257248,394,-12.56518721003532
4,30.0,29.937223555257248,395,-12.575339515718598
4,30.0,29.937223555257248,396,-12.585482204959463
4,30.0,29.937223555257248,397,-12.595615326271274
4,30.0,29.937223555257248,398,-12.605738927801314
4,30.0,29.937223555257248,399,-12.615853057332162
4,30.0,29.937223555257248,400,-12.625957762291693
4,30.0,29.937223555257248,401,-12.636053089747849
4,30.0,29.937223555257248,402,-12.6461390864191
4,30.0,29.937223555257248,403,-12.656215798677168
4,30.0,29.937223555257248,404,-12.66628327254658
4,30.0,29.937223555257248,405,-12.6763415537108
4,30.0,29.937223555257248,406,-12.68639068751496
4,30.0,29.937223555257248,407,-12.696430718973135
4,30.0,29.937223555257248,408,-12.706461692762206
4,30.0,29.937223555257248,409,-12.71648365323482
4,30.0,29.937223555257248,410,-12.726496644417113
4,30.0,29.937223555257248,411,-12.736500710015308
4,30.0,29.937223555257248,412,-12.746495893414577
4,30.0,29.937223555257248,413,-12.756482237686315
4,30.0,29.937223555257248,414,-12.766459785587232
4,30.0,29.937223555257248,415,-12.776428579567765
4,30.0,29.937223555257248,416,-12.786388661767988
4,30.0,29.937223555257248,417,-12.796340074027386
4,30.0,29.937223555257248,418,-12.80628285788349
4,30.0,29.937223555257248,419,-12.816217054577338
4,30.0,29.937223555257248,420,-12.826142705052563
4,30.0,29.937223555257248,421,-12.836059849962668
4,30.0,29.937223555257248,422,-12.84596852967171
4,30.0,29.937223555257248,423,-12.855868784255437
4,30.0,29.937223555257248,424,-12.865760653508106
4,30.0,29.937223555257248,425,-12.875644176940442
4,30.0,29.937223555257248,426,-12.885519393785772
4,30.0,29.937223555257248,427,-12.895386343000938
4,30.0,29.937223555257248,428,-12.905245063270387
4,30.0,29.937223555257248,429,-12.915095593005946
4,30.0,29.937223555257248,430,-12.924937970353186
4,30.0,29.937223555257248,431,-12.934772233189834
4,30.0,29.937223555257248,432,-12.944598419131681
4,30.0,29.937223555257248,433,-12.954416565532584
4,30.0,29.937223555257248,434,-12.964226709488559
4,30.0,29.937223555257248,435,-12.974028887838914
4,30.0,29.937223555257248,436,-12.983823137169212
4,30.0,29.937223555257248,437,-12.993609493814903
4,30.0,29.937223555257248,438,-13.003387993859961
4,30.0,29.937223555257248,439,-13.013158673143254
4,30.0,29.937223555257248,440,-13.022921567258537
4,30.0,29.937223555257248,441,-13.03267671155537
4,30.0,29.937223555257248,442,-13.04242414114684
4,30.0,29.937223555257248,443,-13.052163890904113
4,30.0,29.937223555257248,444,-13.061895995465067
4,30.0,29.937223555257248,445,-13.071620489233611
4,30.0,29.937223555257248,446,-13.081337406378553
4,30.0,29.937223555257248,447,-13.091046780842463
4,30.0,29.937223555257248,448,-13.10074864634281
4,30.0,29.937223555257248,449,-13.110443036364233
4,30.0,29.937223555257248,450,-13.120129984174229
4,30.0,29.937223555257248,451,-13.129809522814286
4,30.0,29.937223555257248,452,-13.139481685110797
4,30.0,29.937223555257248,453,-13.149146503669146
4,30.0,29.937223555257248,454,-13.158804010878486
4,30.0,29.937223555257248,455,-13.168454238919013
4,30.0,29.937223555257248,456,-13.178097219751736
4,30.0,29.937223555257248,457,-13.18773298513439
4,30.0,29.937223555257248,458,-13.197361566613255
4,30.0,29.937223555257248,459,-13.206982995526333
4,30.0,29.937223555257248,460,-13.216597303011314
4,30.0,29.937223555257248,461,-13.226204519999657
4,30.0,29.937223555257248,462,-13.235804677222733
4,30.0,29.937223555257248,463,-13.245397805215008
4,30.0,29.937223555257248,464,-13.254983934306766
4,30.0,29.937223555257248,465,-13.264563094640254
4,30.0,29.937223555257248,466,-13.274135316158992
4,30.0,29.937223555257248,467,-13.283700628613234
4,30.0,29.937223555257248,468,-13.293259061564969
4,30.0,29.937223555257248,469,-13.302810644386101
4,30.0,29.937223555257248,470,-13.312355406259131
4,30.0,29.937223555257248,471,-13.321893376181935
4,30.0,29.937223555257248,472,-13.33142458296844
4,30.0,29.937223555257248,473,-13.340949055249768
4,30.0,29.937223555257248,474,-13.350466821471956
4,30.0,29.937223555257248,475,-13.359977909906194
4,30.0,29.937223555257248,476,-13.36948234864177
4,30.0,29.937223555257248,477,-13.378980165592894
4,30.0,29.937223555257248,478,-13.388471388497338
4,30.0,29.937223555257248,479,-13.39795604491984
4,30.0,29.937223555257248,480,-13.407434162251876
4,30.0,29.937223555257248,481,-13.416905767714853
4,30.0,29.937223555257248,482,-13.426370888360099
4,30.0,29.937223555257248,483,-13.43582955107023
4,30.0,29.937223555257248,484,-13.445281782560743
4,30.0,29.937223555257248,485,-13.454727609383427
4,30.0,29.937223555257248,486,-13.464167057924316
4,30.0,29.937223555257248,487,-13.473600154407096
4,30.0,29.937223555257248,488,-13.483026924895386
4,30.0,29.937223555257248,489,-13.49244739529023
4,30.0,29.937223555257248,490,-13.501861591336239
4,30.0,29.937223555257248,491,-13.511269538619318
4,30.0,29.937223555257248,492,-13.52067126256985
4,30.0,29.937223555257248,493,-13.530066788462465
4,30.0,29.937223555257248,494,-13.53945614141877
4,30.0,29.937223555257248,495,-13.548839346407123
4,30.0,29.937223555257248,496,-13.558216428246725
4,30.0,29.937223555257248,497,-13.567587411604437
4,30.0,29.937223555257248,498,-13.576952321000237
4,30.0,29.937223555257248,499,-13.58631118080426
4,30.0,29.937223555257248,500,-13.595664015242038
4,30.0,29.937223555257248,501,-13.605010848394487
4,30.0,29.937223555257248,502,-13.614351704196098
4,30.0,29.937223555257248,503,-13.623686606441298
4,30.0,29.937223555257248,504,-13.63301557878036
4,30.0,29.937223555257248,505,-13.642338644723042
4,30.0,29.937223555257248,506,-13.651655827641763
4,30.0,29.937223555257248,507,-13.660967150767975
4,30.0,29.937223555257248,508,-13.670272637196705
4,30.0,29.937223555257248,509,-13.679572309887236
4,30.0,29.937223555257248,510,-13.688866191664248
4,30.0,29.937223555257248,511,-13.69815430521645
4,30.0,29.937223555257248,512,-13.707436673099084
4,30.0,29.937223555257248,513,-13.716713317738924
4,30.0,29.937223555257248,514,-13.72598426142814
4,30.0,29.937223555257248,515,-13.735249526329072
4,30.0,29.937223555257248,516,-13.744509134478323
4,30.0,29.937223555257248,517,-13.753763107779934
4,30.0,29.937223555257248,518,-13.763011468015394
4,30.0,29.937223555257248,519,-13.772254236837044
4,30.0,29.937223555257248,520,-13.781491435772397
4,30.0,29.937223555257248,521,-13.790723086227773
4,30.0,29.937223555257248,522,-13.799949209482849
4,30.0,29.937223555257248,523,-13.809169826695653
4,30.0,29.937223555257248,524,-13.818384958905527
4,30.0,29.937223555257248,525,-13.827594627029258
4,30.0,29.937223555257248,526,-13.83679885186426
4,30.0,29.937223555257248,527,-13.845997654090398
4,30.0,29.937223555257248,528,-13.855191054268618
4,30.0,29.937223555257248,529,-13.864379072843905
4,30.0,29.937223555257248,530,-13.873561730146877
4,30.0,29.937223555257248,531,-13.882739046388325
4,30.0,29.937223555257248,532,-13.891911041672403
4,30.0,29.937223555257248,533,-13.901077735984346
4,30.0,29.937223555257248,534,-13.91023914919707
4,30.0,29.937223555257248,535,-13.91939530107412
4,30.0,29.937223555257248,536,-13.928546211270133
4,30.0,29.937223555257248,537,-13.93769189932401
4,30.0,29.937223555257248,538,-13.94683238466938
4,30.0,29.937223555257248,539,-13.955967686632095
4,30.0,29.937223555257248,540,-13.965097824428641
4,30.0,29.937223555257248,541,-13.97422281717114
4,30.0,29.937223555257248,542,-13.983342683864167
4,30.0,29.937223555257248,543,-13.992457443406112
4,30.0,29.937223555257248,544,-14.001567114593046
4,30.0,29.937223555257248,545,-14.010671716116223
4,30.0,29.937223555257248,546,-14.019771266566169
4,30.0,29.937223555257248,547,-14.0288657844295
4,30.0,29.937223555257248,548,-14.037955288089835
4,30.0,29.937223555257248,549,-14.0470397958337
4,30.0,29.937223555257248,550,-14.05611932584644
4,30.0,29.937223555257248,551,-14.065193896214497
4,30.0,29.937223555257248,552,-14.074263524925401
4,30.0,29.937223555257248,553,-14.083328229867549
4,30.0,29.937223555257248,554,-14.092388028835432
4,30.0,29.937223555257248,555,-14.101442939527361
4,30.0,29.937223555257248,556,-14.110492979542288
4,30.0,29.937223555257248,557,-14.119538166387075
4,30.0,29.937223555257248,558,-14.128578517474454
4,30.0,29.937223555257248,559,-14.13761405012234
4,30.0,29.937223555257248,560,-14.146644781556107
4,30.0,29.937223555257248,561,-14.15567072891041
4,30.0,29.937223555257248,562,-14.16469190922736
4,30.0,29.937223555257248,563,-14.173708339456754
4,30.0,29.937223555257248,564,-14.182720036458578
4,30.0,29.937223555257248,565,-14.191727017006189
4,30.0,29.937223555257248,566,-14.2007292977804
4,30.0,29.937223555257248,567,-14.209726895376763
4,30.0,29.937223555257248,568,-14.218719826299877
4,30.0,29.937223555257248,569,-14.227708106969077
4,30.0,29.937223555257248,570,-14.236691753716615
4,30.0,29.937223555257248,571,-14.245670782789476
4,30.0,29.937223555257248,572,-14.254645210349382
4,30.0,29.937223555257248,573,-14.263615052471197
4,30.0,29.937223555257248,574,-14.27258032515043
4,30.0,29.937223555257248,575,-14.281541044293691
4,30.0,29.937223555257248,576,-14.290497225728233
4,30.0,29.937223555257248,577,-14.299448885196954
4,30.0,29.937223555257248,578,-14.308396038361808
4,30.0,29.937223555257248,579,-14.317338700803576
4,30.0,29.937223555257248,580,-14.326276888022777
4,30.0,29.937223555257248,581,-14.33521061543921
4,30.0,29.937223555257248,582,-14.344139898393324
4,30.0,29.937223555257248,583,-14.35306475214553
4,30.0,29.937223555257248,584,-14.361985191879613
4,30.0,29.937223555257248,585,-14.370901232699554
4,30.0,29.937223555257248,586,-14.379812889634978
4,30.0,29.937223555257248,587,-14.388720177634797
4,30.0,29.937223555257248,588,-14.39762311157334
4,30.0,29.937223555257248,589,-14.40652170624786
4,30.0,29.937223555257248,590,-14.415415976383985
4,30.0,29.937223555257248,591,-14.424305936630264
4,30.0,29.937223555257248,592,-14.43319160155862
4,30.0,29.937223555257248,593,-14.442072985670949
4,30.0,29.937223555257248,594,-14.450950103392517
4,30.0,29.937223555257248,595,-14.459822969078333
4,30.0,29.937223555257248,596,-14.468691597010876
4,30.0,29.937223555257248,597,-14.477556001399636
4,30.0,29.937223555257248,598,-14.486416196382708
4,30.0,29.937223555257248,599,-14.495272196028838
4,30.0,29.937223555257248,600,-14.504124014335149
4,30.0,29.937223555257248,601,-14.512971665228052
4,30.0,29.937223555257248,602,-14.521815162565973
4,30.0,29.937223555257248,603,-14.530654520138897
4,30.0,29.937223555257248,604,-14.539489751667235
4,30.0,29.937223555257248,605,-14.548320870800682
4,30.0,29.937223555257248,606,-14.557147891125725
4,30.0,29.937223555257248,607,-14.565970826161093
4,30.0,29.937223555257248,608,-14.57478968935503
4,30.0,29.937223555257248,609,-14.58360449409257
4,30.0,29.937223555257248,610,-14.592415253693718
4,30.0,29.937223555257248,611,-14.601221981409354
4,30.0,29.937223555257248,612,-14.610024690430338
4,30.0,29.937223555257248,613,-14.618823393876129
4,30.0,29.937223555257248,614,-14.627618104809345
4,30.0,29.937223555257248,615,-14.636408836223938
4,30.0,29.937223555257248,616,-14.645195601051556
4,30.0,29.937223555257248,617,-14.653978412162461
4,30.0,29.937223555257248,618,-14.662757282363247
4,30.0,29.937223555257248,619,-14.671532224398208
4,30.0,29.937223555257248,620,-14.680303250949338
4,30.0,29.937223555257248,621,-14.689070374638606
4,30.0,29.937223555257248,622,-14.697833608027496
4,30.0,29.937223555257248,623,-14.706592963616105
4,30.0,29.937223555257248,624,-14.715348453842681
4,30.0,29.937223555257248,625,-14.724100091088177
4,30.0,29.937223555257248,626,-14.732847887672607
4,30.0,29.937223555257248,627,-14.741591855859143
4,30.0,29.937223555257248,628,-14.75033200785093
4,30.0,29.937223555257248,629,-14.759068355792452
4,30.0,29.937223555257248,630,-14.767800911767255
4,30.0,29.937223555257248,631,-14.776529687810227
4,30.0,29.937223555257248,632,-14.785254695890318
4,30.0,29.937223555257248,633,-14.793975947924638
4,30.0,29.937223555257248,634,-14.802693455770724
4,30.0,29.937223555257248,635,-14.811407231232453
4,30.0,29.937223555257248,636,-14.820117286057313
4,30.0,29.937223555257248,637,-14.828823631936404
4,30.0,29.937223555257248,638,-14.83752628050762
4,30.0,29.937223555257248,639,-14.846225243352011
4,30.0,29.937223555257248,640,-14.854920531998788
4,30.0,29.937223555257248,641,-14.863612157920317
4,30.0,29.937223555257248,642,-14.872300132538031
4,30.0,29.937223555257248,643,-14.880984467216978
4,30.0,29.937223555257248,644,-14.889665173273999
4,30.0,29.937223555257248,645,-14.898342261967274
4,30.0,29.937223555257248,646,-14.907015744508145
4,30.0,29.937223555257248,647,-14.915685632050655
4,30.0,29.937223555257248,648,-14.924351935703372
4,30.0,29.937223555257248,649,-14.933014666517566
4,30.0,29.937223555257248,650,-14.941673835496305
4,30.0,29.937223555257248,651,-14.950329453592177
4,30.0,29.937223555257248,652,-14.958981531705478
4,30.0,29.937223555257248,653,-14.967630080689661
4,30.0,29.937223555257248,654,-14.976275111344977
4,30.0,29.937223555257248,655,-14.984916634423927
4,30.0,29.937223555257248,656,-14.993554660628535
4,30.0,29.937223555257248,657,-15.00218920061444
4,30.0,29.937223555257248,658,-15.010820264984988
4,30.0,29.937223555257248,659,-15.019447864297591
4,30.0,29.937223555257248,660,-15.028072009061463
4,30.0,29.937223555257248,661,-15.036692709738974
4,30.0,29.937223555257248,662,-15.04530997674293
4,30.0,29.937223555257248,663,-15.053923820439751
4,30.0,29.937223555257248,664,-15.062534251149929
4,30.0,29.937223555257248,665,-15.07114127914666
4,30.0,29.937223555257248,666,-15.07974491465403
4,30.0,29.937223555257248,667,-15.088345167856561
4,30.0,29.937223555257248,668,-15.096942048888296
4,30.0,29.937223555257248,669,-15.105535567837352
4,30.0,29.937223555257248,670,-15.114125734750461
4,30.0,29.937223555257248,671,-15.122712559625244
4,30.0,29.937223555257248,672,-15.13129605241612
4,30.0,29.937223555257248,673,-15.139876223034763
4,30.0,29.937223555257248,674,-15.148453081345552
4,30.0,29.937223555257248,675,-15.15702663717376
4,30.0,29.937223555257248,676,-15.165596900294632
4,30.0,29.937223555257248,677,-15.174163880446587
4,30.0,29.937223555257248,678,-15.182727587318015
4,30.0,29.937223555257248,679,-15.191288030563657
4,30.0,29.937223555257248,680,-15.199845219785049
4,30.0,29.937223555257248,681,-15.208399164549165
4,30.0,29.937223555257248,682,-15.216949874377507
4,30.0,29.937223555257248,683,-15.225497358750646
4,30.0,29.937223555257248,684,-15.234041627107773
4,30.0,29.937223555257248,685,-15.242582688844879
4,30.0,29.937223555257248,686,-15.251120553319298
4,30.0,29.937223555257248,687,-15.259655229847441
4,30.0,29.937223555257248,688,-15.268186727703425
4,30.0,29.937223555257248,689,-15.276715056119075
4,30.0,29.937223555257248,690,-15.285240224293021
4,30.0,29.937223555257248,691,-15.29376224137569
4,30.0,29.937223555257248,692,-15.302281116484766
4,30.0,29.937223555257248,693,-15.310796858691093
4,30.0,29.937223555257248,694,-15.319309477033231
4,30.0,29.937223555257248,695,-15.327818980506992
4,30.0,29.937223555257248,696,-15.336325378072262
4,30.0,29.937223555257248,697,-15.344828678645273
4,30.0,29.937223555257248,698,-15.35332889110906
4,30.0,29.937223555257248,699,-15.361826024304365
4,30.0,29.937223555257248,700,-15.370320087039646
4,30.0,29.937223555257248,701,-15.378811088076974
4,30.0,29.937223555257248,702,-15.387299036151136
4,30.0,29.937223555257248,703,-15.395783939951444
4,30.0,29.937223555257248,704,-15.40426580813538
4,30.0,29.937223555257248,705,-15.41274464931904
4,30.0,29.937223555257248,706,-15.421220472085325
4,30.0,29.937223555257248,707,-15.429693284979395
4,30.0,29.937223555257248,708,-15.43816309651048
4,30.0,29.937223555257248,709,-15.446629915149616
4,30.0,29.937223555257248,710,-15.455093749336458
4,30.0,29.937223555257248,711,-15.463554607473371
4,30.0,29.937223555257248,712,-15.47201249792771
4,30.0,29.937223555257248,713,-15.48046742902453
4,30.0,29.937223555257248,714,-15.488919409063884
4,30.0,29.937223555257248,715,-15.49736844630671
4,30.0,29.937223555257248,716,-15.505814548978025
4,30.0,29.937223555257248,717,-15.51425772527192
4,30.0,29.937223555257248,718,-15.522697983345198
4,30.0,29.937223555257248,719,-15.531135331321922
4,30.0,29.937223555257248,720,-15.539569777289772
4,30.0,29.937223555257248,721,-15.548001329305963
4,30.0,29.937223555257248,722,-15.556429995397695
4,30.0,29.937223555257248,723,-15.564855783546692
4,30.0,29.937223555257248,724,-15.573278701713308
4,30.0,29.937223555257248,725,-15.58169875782106
4,30.0,29.937223555257248,726,-15.590115959758451
4,30.0,29.937223555257248,727,-15.598530315385789
4,30.0,29.937223555257248,728,-15.606941832526546
4,30.0,29.937223555257248,729,-15.615350518974639
4,30.0,29.937223555257248,730,-15.623756382490784
4,30.0,29.937223555257248,731,-15.632159430805233
4,30.0,29.937223555257248,732,-15.640559671614584
4,30.0,29.937223555257248,733,-15.648957112587697
4,30.0,29.937223555257248,734,-15.657351761354777
4,30.0,29.937223555257248,735,-15.665743625523293
4,30.0,29.937223555257248,736,-15.67413271266206
4,30.0,29.937223555257248,737,-15.682519030317609
4,30.0,29.937223555257248,738,-15.690902585996911
4,30.0,29.937223555257248,739,-15.699283387180559
4,30.0,29.937223555257248,740,-15.707661441321408
4,30.0,29.937223555257248,741,-15.716036755839115
4,30.0,29.937223555257248,742,-15.724409338122415
4,30.0,29.937223555257248,743,-15.732779195528211
4,30.0,29.937223555257248,744,-15.741146335393397
4,30.0,29.937223555257248,745,-15.749510765014394
4,30.0,29.937223555257248,746,-15.757872491663976
4,30.0,29.937223555257248,747,-15.76623152258445
4,30.0,29.937223555257248,748,-15.774587864987199
4,30.0,29.937223555257248,749,-15.782941526058595
4,30.0,29.937223555257248,750,-15.791292512954088
4,30.0,29.937223555257248,751,-15.799640832800025
4,30.0,29.937223555257248,752,-15.807986492696829
4,30.0,29.937223555257248,753,-15.81632949970991
4,30.0,29.937223555257248,754,-15.82466986088467
4,30.0,29.937223555257248,755,-15.833007583236496
4,30.0,29.937223555257248,756,-15.84134267374485
4,30.0,29.937223555257248,757,-15.84967513937646
4,30.0,29.937223555257248,758,-15.858004987057585
4,30.0,29.937223555257248,759,-15.866332223691744
4,30.0,29.937223555257248,760,-15.874656856157445
4,30.0,29.937223555257248,761,-15.882978891301365
4,30.0,29.937223555257248,762,-15.891298335946532
4,30.0,29.937223555257248,763,-15.899615196885962
4,30.0,29.937223555257248,764,-15.907929480893118
4,30.0,29.937223555257248,765,-15.916241194706446
4,30.0,29.937223555257248,766,-15.924550345041654
4,30.0,29.937223555257248,767,-15.93285693858944
4,30.0,29.937223555257248,768,-15.941160982011853
4,30.0,29.937223555257248,769,-15.949462481944112
4,30.0,29.937223555257248,770,-15.957761445002335
4,30.0,29.937223555257248,771,-15.966057877766717
4,30.0,29.937223555257248,772,-15.974351786801082
4,30.0,29.937223555257248,773,-15.982643178636964
4,30.0,29.937223555257248,774,-15.990932059785893
4,30.0,29.937223555257248,775,-15.999218436730745
4,30.0,29.937223555257248,776,-16.007502315926203
4,30.0,29.937223555257248,777,-16.015783703812403
4,30.0,29.937223555257248,778,-16.024062606795823
4,30.0,29.937223555257248,779,-16.03233903126157
4,30.0,29.937223555257248,780,-16.040612983567016
4,30.0,29.937223555257248,781,-16.048884470047696
4,30.0,29.937223555257248,782,-16.05715349701778
4,30.0,29.937223555257248,783,-16.065420070761874
4,30.0,29.937223555257248,784,-16.073684197540487
4,30.0,29.937223555257248,785,-16.081945883595026
4,30.0,29.937223555257248,786,-16.090205135140067
4,30.0,29.937223555257248,787,-16.098461958366997
4,30.0,29.937223555257248,788,-16.10671635944128
4,30.0,29.937223555257248,789,-16.11496834450928
4,30.0,29.937223555257248,790,-16.123217919690532
4,30.0,29.937223555257248,791,-16.13146509108593
4,30.0,29.937223555257248,792,-16.139709864761798
4,30.0,29.937223555257248,793,-16.147952246779013
4,30.0,29.937223555257248,794,-16.15619224315843
4,30.0,29.937223555257248,795,-16.16442985991135
4,30.0,29.937223555257248,796,-16.17266510301998
4,30.0,29.937223555257248,797,-16.180897978441507
4,30.0,29.937223555257248,798,-16.18912849211766
4,30.0,29.937223555257248,799,-16.19735664996152
4,30.0,29.937223555257248,800,-16.205582457869795
4,30.0,29.937223555257248,801,-16.213805921711
4,30.0,29.937223555257248,802,-16.222027047336823
4,30.0,29.937223555257248,803,-16.230245840573943
4,30.0,29.937223555257248,804,-16.23846230722812
4,30.0,29.937223555257248,805,-16.2466764530851
4,30.0,29.937223555257248,806,-16.25488828390654
4,30.0,29.937223555257248,807,-16.26309780543498
4,30.0,29.937223555257248,808,-16.271305023387967
4,30.0,29.937223555257248,809,-16.279509943463935
4,30.0,29.937223555257248,810,-16.28771257134541
4,30.0,29.937223555257248,811,-16.295912912684898
4,30.0,29.937223555257248,812,-16.30411097311945
4,30.0,29.937223555257248,813,-16.312306758262466
4,30.0,29.937223555257248,814,-16.320500273709612
4,30.0,29.937223555257248,815,-16.328691525033364
4,30.0,29.937223555257248,816,-16.336880517789822
4,30.0,29.937223555257248,817,-16.345067257508262
4,30.0,29.937223555257248,818,-16.35325174970204
4,30.0,29.937223555257248,819,-16.361433999863138
4,30.0,29.937223555257248,820,-16.369614013464442
4,30.0,29.937223555257248,821,-16.377791795959283
4,30.0,29.937223555257248,822,-16.385967352775978
4,30.0,29.937223555257248,823,-16.39414068932966
4,30.0,29.937223555257248,824,-16.402311811011813
4,30.0,29.937223555257248,825,-16.410480723196187
4,30.0,29.937223555257248,826,-16.418647431236067
4,30.0,29.937223555257248,827,-16.42681194046382
4,30.0,29.937223555257248,828,-16.434974256197265
4,30.0,29.937223555257248,829,-16.443134383729657
4,30.0,29.937223555257248,830,-16.45129232833834
4,30.0,29.937223555257248,831,-16.45944809527974
4,30.0,29.937223555257248,832,-16.467601689794364
4,30.0,29.937223555257248,833,-16.475753117096346
4,30.0,29.937223555257248,834,-16.48390238238936
4,30.0,29.937223555257248,835,-16.49204949085889
4,30.0,29.937223555257248,836,-16.50019444766268
4,30.0,29.937223555257248,837,-16.50833725794665
4,30.0,29.937223555257248,838,-16.516477926839897
4,30.0,29.937223555257248,839,-16.52461645944787
4,30.0,29.937223555257248,840,-16.53275286086101
4,30.0,29.937223555257248,841,-16.54088713615066
4,30.0,29.937223555257248,842,-16.549019290373153
4,30.0,29.937223555257248,843,-16.55714932856027
4,30.0,29.937223555257248,844,-16.565277255728333
4,30.0,29.937223555257248,845,-16.573403076881377
4,30.0,29.937223555257248,846,-16.58152679700116
4,30.0,29.937223555257248,847,-16.589648421048523
4,30.0,29.937223555257248,848,-16.59776795397339
4,30.0,29.937223555257248,849,-16.6058854007034
4,30.0,29.937223555257248,850,-16.614000766151648
4,30.0,29.937223555257248,851,-16.62211405520985
4,30.0,29.937223555257248,852,-16.630225272758807
4,30.0,29.937223555257248,853,-16.63833442365977
4,30.0,29.937223555257248,854,-16.646441512749433
4,30.0,29.937223555257248,855,-16.65454654486085
4,30.0,29.937223555257248,856,-16.66264952479888
4,30.0,29.937223555257248,857,-16.670750457356107
4,30.0,29.937223555257248,858,-16.678849347309196
4,30.0,29.937223555257248,859,-16.686946199418443
4,30.0,29.937223555257248,860,-16.69504101842186
4,30.0,29.937223555257248,861,-16.70313380905064
4,30.0,29.937223555257248,862,-16.711224576009144
4,30.0,29.937223555257248,863,-16.719313323992637
4,30.0,29.937223555257248,864,-16.72740005767683
4,30.0,29.937223555257248,865,-16.735484781725162
4,30.0,29.937223555257248,866,-16.743567500774233
4,30.0,29.937223555257248,867,-16.75164821945974
4,30.0,29.937223555257248,868,-16.759726942391453
4,30.0,29.937223555257248,869,-16.76780367416505
4,30.0,29.937223555257248,870,-16.775878419358023
4,30.0,29.937223555257248,871,-16.783951182539667
4,30.0,29.937223555257248,872,-16.79202196825655
4,30.0,29.937223555257248,873,-16.800090781043863
4,30.0,29.937223555257248,874,-16.808157625414978
4,30.0,29.937223555257248,875,-16.81622250587462
4,30.0,29.937223555257248,876,-16.824285426909327
4,30.0,29.937223555257248,877,-16.83234639299154
4,30.0,29.937223555257248,878,-16.840405408573687
4,30.0,29.937223555257248,879,-16.848462478100018
4,30.0,29.937223555257248,880,-16.856517605995222
4,30.0,29.937223555257248,881,-16.864570796668986
4,30.0,29.937223555257248,882,-16.87262205451644
4,30.0,29.937223555257248,883,-16.880671383922717
4,30.0,29.937223555257248,884,-16.888718789247022
4,30.0,29.937223555257248,885,-16.896764274843108
4,30.0,29.937223555257248,886,-16.904807845048808
4,30.0,29.937223555257248,887,-16.91284950418286
4,30.0,29.937223555257248,888,-16.920889256554446
4,30.0,29.937223555257248,889,-16.928927106455475
4,30.0,29.937223555257248,890,-16.93696305816239
4,30.0,29.937223555257248,891,-16.944997115939813
4,30.0,29.937223555257248,892,-16.953029284035537
4,30.0,29.937223555257248,893,-16.96105956668599
4,30.0,29.937223555257248,894,-16.969087968113044
4,30.0,29.937223555257248,895,-16.97711449251902
4,30.0,29.937223555257248,896,-16.98513914410033
4,30.0,29.937223555257248,897,-16.993161927032915
4,30.0,29.937223555257248,898,-17.00118284547908
4,30.0,29.937223555257248,899,-17.00920190359612
4,30.0,29.937223555257248,900,-17.017219105515878
4,30.0,29.937223555257248,901,-17.025234455360632
4,30.0,29.937223555257248,902,-17.033247957240846
4,30.0,29.937223555257248,903,-17.041259615250155
4,30.0,29.937223555257248,904,-17.04926943347401
4,30.0,29.937223555257248,905,-17.05727741598058
4,30.0,29.937223555257248,906,-17.065283566821662
4,30.0,29.937223555257248,907,-17.07328789003951
4,30.0,29.937223555257248,908,-17.08129038966227
4,30.0,29.937223555257248,909,-17.08929106970446
4,30.0,29.937223555257248,910,-17.09728993417012
4,30.0,29.937223555257248,911,-17.105286987043755
4,30.0,29.937223555257248,912,-17.113282232303945
4,30.0,29.937223555257248,913,-17.121275673911086
4,30.0,29.937223555257248,914,-17.129267315813294
4,30.0,29.937223555257248,915,-17.137257161948227
4,30.0,29.937223555257248,916,-17.145245216238536
4,30.0,29.937223555257248,917,-17.153231482597775
4,30.0,29.937223555257248,918,-17.161215964918128
4,30.0,29.937223555257248,919,-17.169198667087684
4,30.0,29.937223555257248,920,-17.177179592978163
4,30.0,29.937223555257248,921,-17.18515874644946
4,30.0,29.937223555257248,922,-17.193136131346918
4,30.0,29.937223555257248,923,-17.20111175150815
4,30.0,29.937223555257248,924,-17.20908561075349
4,30.0,29.937223555257248,925,-17.2170577128919
4,30.0,29.937223555257248,926,-17.225028061720522
4,30.0,29.937223555257248,927,-17.232996661026945
4,30.0,29.937223555257248,928,-17.24096351458148
4,30.0,29.937223555257248,929,-17.248928626143524
4,30.0,29.937223555257248,930,-17.25689199946565
4,30.0,29.937223555257248,931,-17.26485363828361
4,30.0,29.937223555257248,932,-17.272813546317693
4,30.0,29.937223555257248,933,-17.280771727282726
4,30.0,29.937223555257248,934,-17.288728184880355
4,30.0,29.937223555257248,935,-17.29668292279767
4,30.0,29.937223555257248,936,-17.304635944710398
4,30.0,29.937223555257248,937,-17.312587254286072
4,30.0,29.937223555257248,938,-17.320536855175405
4,30.0,29.937223555257248,939,-17.328484751020014
4,30.0,29.937223555257248,940,-17.33643094545333
4,30.0,29.937223555257248,941,-17.344375442090595
4,30.0,29.937223555257248,942,-17.3523182445375
4,30.0,29.937223555257248,943,-17.360259356391097
4,30.0,29.937223555257248,944,-17.368198781236615
4,30.0,29.937223555257248,945,-17.376136522644273
4,30.0,29.937223555257248,946,-17.384072584174746
4,30.0,29.937223555257248,947,-17.392006969380063
4,30.0,29.937223555257248,948,-17.399939681798614
4,30.0,29.937223555257248,949,-17.40787072495742
4,30.0,29.937223555257248,950,-17.415800102369403
4,30.0,29.937223555257248,951,-17.423727817545213
4,30.0,29.937223555257248,952,-17.431653873975492
4,30.0,29.937223555257248,953,-17.439578275145877
4,30.0,29.937223555257248,954,-17.44750102452609
4,30.0,29.937223555257248,955,-17.45542212557767
4,30.0,29.937223555257248,956,-17.463341581751237
4,30.0,29.937223555257248,957,-17.47125939648741
4,30.0,29.937223555257248,958,-17.479175573215443
4,30.0,29.937223555257248,959,-17.48709011535003
4,30.0,29.937223555257248,960,-17.495003026303138
4,30.0,29.937223555257248,961,-17.50291430946855
4,30.0,29.937223555257248,962,-17.510823968232316
4,30.0,29.937223555257248,963,-17.518732005971387
4,30.0,29.937223555257248,964,-17.526638426049985
4,30.0,29.937223555257248,965,-17.534543231821416
4,30.0,29.937223555257248,966,-17.542446426633077
4,30.0,29.937223555257248,967,-17.550348013815082
4,30.0,29.937223555257248,968,-17.558247996694362
4,30.0,29.937223555257248,969,-17.56614637858148
4,30.0,29.937223555257248,970,-17.57404316278108
4,30.0,29.937223555257248,971,-17.581938352584174
4,30.0,29.937223555257248,972,-17.58983195127449
4,30.0,29.937223555257248,973,-17.597723962122572
4,30.0,29.937223555257248,974,-17.60561438839578
4,30.0,29.937223555257248,975,-17.613503233337823
4,30.0,29.937223555257248,976,-17.621390500199695
4,30.0,29.937223555257248,977,-17.6292761922101
4,30.0,29.937223555257248,978,-17.637160312589558
4,30.0,29.937223555257248,979,-17.64504286455177
4,30.0,29.937223555257248,980,-17.65292385130134
4,30.0,29.937223555257248,981,-17.660803276027863
4,30.0,29.937223555257248,982,-17.668681141919123
4,30.0,29.937223555257248,983,-17.676557452144706
4,30.0,29.937223555257248,984,-17.684432209867836
4,30.0,29.937223555257248,985,-17.692305418244004
4,30.0,29.937223555257248,986,-17.700177080418243
4,30.0,29.937223555257248,987,-17.70804719952558
4,30.0,29.937223555257248,988,-17.715915778690587
4,30.0,29.937223555257248,989,-17.72378282102737
4,30.0,29.937223555257248,990,-17.73164832964686
4,30.0,29.937223555257248,991,-17.73951230764088
4,30.0,29.937223555257248,992,-17.747374758101714
4,30.0,29.937223555257248,993,-17.75523568410391
4,30.0,29.937223555257248,994,-17.763095088719737
4,30.0,29.937223555257248,995,-17.77095297500601
4,30.0,29.937223555257248,996,-17.77880934601545
4,30.0,29.937223555257248,997,-17.786664204787584
4,30.0,29.937223555257248,998,-17.794517554357398
4,30.0,29.937223555257248,999,-17.802369397746233
4,30.0,29.937223555257248,1000,-17.810219737966335
4,30.0,29.937223555257248,1001,-17.81806857802586
4,30.0,29.937223555257248,1002,-17.825915920918405
4,30.0,29.937223555257248,1003,-17.833761769631664
4,30.0,29.937223555257248,1004,-17.84160612714605
4,30.0,29.937223555257248,1005,-17.84944899642788
4,30.0,29.937223555257248,1006,-17.857290380439835
4,30.0,29.937223555257248,1007,-17.86513028212913
4,30.0,29.937223555257248,1008,-17.872968704443437
4,30.0,29.937223555257248,1009,-17.880805650312695
4,30.0,29.937223555257248,1010,-17.88864112266593
4,30.0,29.937223555257248,1011,-17.89647512442035
4,30.0,29.937223555257248,1012,-17.904307658478146
4,30.0,29.937223555257248,1013,-17.91213872774334
4,30.0,29.937223555257248,1014,-17.91996833510221
4,30.0,29.937223555257248,1015,-17.92779648344377
4,30.0,29.937223555257248,1016,-17.935623175636564
4,30.0,29.937223555257248,1017,-17.9434484145455
4,30.0,29.937223555257248,1018,-17.95127220303094
4,30.0,29.937223555257248,1019,-17.95909454393687
4,30.0,29.937223555257248,1020,-17.96691544010774
4,30.0,29.937223555257248,1021,-17.97473489437253
4,30.0,29.937223555257248,1022,-17.982552909553405
4,30.0,29.937223555257248,1023,-17.990369488467067
4,30.0,29.937223555257248,1024,-17.998184633922037
4,30.0,29.937223555257248,1025,-18.005998348711827
4,30.0,29.937223555257248,1026,-18.01381063562995
4,30.0,29.937223555257248,1027,-18.021621497459464
4,30.0,29.937223555257248,1028,-18.02943093697432
4,30.0,29.937223555257248,1029,-18.03723895693939
4,30.0,29.937223555257248,1030,-18.045045560109074
4,30.0,29.937223555257248,1031,-18.052850749239596
4,30.0,29.937223555257248,1032,-18.060654527069445
4,30.0,29.937223555257248,1033,-18.068456896333473
4,30.0,29.937223555257248,1034,-18.076257859756524
4,30.0,29.937223555257248,1035,-18.084057420056624
4,30.0,29.937223555257248,1036,-18.09185557994452
4,30.0,29.937223555257248,1037,-18.099652342124145
4,30.0,29.937223555257248,1038,-18.10744770928669
4,30.0,29.937223555257248,1039,-18.11524168412062
4,30.0,29.937223555257248,1040,-18.12303426930667
4,30.0,29.937223555257248,1041,-18.13082546751285
4,30.0,29.937223555257248,1042,-18.13861528140488
4,30.0,29.937223555257248,1043,-18.14640371363849
4,30.0,29.937223555257248,1044,-18.15419076686122
4,30.0,29.937223555257248,1045,-18.161976443715602
4,30.0,29.937223555257248,1046,-18.169760746831443
4,30.0,29.937223555257248,1047,-18.177543678835363
4,30.0,29.937223555257248,1048,-18.185325242347616
4,30.0,29.937223555257248,1049,-18.193105439976634
4,30.0,29.937223555257248,1050,-18.200884274324935
4,30.0,29.937223555257248,1051,-18.20866174799049
4,30.0,29.937223555257248,1052,-18.216437863557175
4,30.0,29.937223555257248,1053,-18.224212623611592
4,30.0,29.937223555257248,1054,-18.231986030722155
4,30.0,29.937223555257248,1055,-18.23975808745955
4,30.0,29.937223555257248,1056,-18.247528796379
4,30.0,29.937223555257248,1057,-18.25529816003619
4,30.0,29.937223555257248,1058,-18.263066180971336
4,30.0,29.937223555257248,1059,-18.27083286172102
4,30.0,29.937223555257248,1060,-18.278598204818636
4,30.0,29.937223555257248,1061,-18.28636221278485
4,30.0,29.937223555257248,1062,-18.294124888137148
4,30.0,29.937223555257248,1063,-18.30188623338482
4,30.0,29.937223555257248,1064,-18.309646251023523
4,30.0,29.937223555257248,1065,-18.31740494355482
4,30.0,29.937223555257248,1066,-18.325162313461178
4,30.0,29.937223555257248,1067,-18.332918363225517
4,30.0,29.937223555257248,1068,-18.340673095322572
4,30.0,29.937223555257248,1069,-18.348426512215255
4,30.0,29.937223555257248,1070,-18.356178616363295
4,30.0,29.937223555257248,1071,-18.3639294102246
4,30.0,29.937223555257248,1072,-18.371678896238436
4,30.0,29.937223555257248,1073,-18.379427076848614
4,30.0,29.937223555257248,1074,-18.387173954484396
4,30.0,29.937223555257248,1075,-18.394919531572768
4,30.0,29.937223555257248,1076,-18.40266381053344
4,30.0,29.937223555257248,1077,-18.410406793774754
4,30.0,29.937223555257248,1078,-18.418148483703234
4,30.0,29.937223555257248,1079,-18.425888882719036
4,30.0,29.937223555257248,1080,-18.433627993211857
4,30.0,29.937223555257248,1081,-18.441365817568666
4,30.0,29.937223555257248,1082,-18.449102358166883
4,30.0,29.937223555257248,1083,-18.45683761737847
4,30.0,29.937223555257248,1084,-18.46457159756902
4,30.0,29.937223555257248,1085,-18.47230430109822
4,30.0,29.937223555257248,1086,-18.480035730318477
4,30.0,29.937223555257248,1087,-18.48776588757447
4,30.0,29.937223555257248,1088,-18.495494775204506
4,30.0,29.937223555257248,1089,-18.503222395542352
4,30.0,29.937223555257248,1090,-18.510948750916768
4,30.0,29.937223555257248,1091,-18.51867384364651
4,30.0,29.937223555257248,1092,-18.526397676042606
4,30.0,29.937223555257248,1093,-18.534120250416535
4,30.0,29.937223555257248,1094,-18.541841569067955
4,30.0,29.937223555257248,1095,-18.549561634287883
4,30.0,29.937223555257248,1096,-18.557280448370065
4,30.0,29.937223555257248,1097,-18.564998013594604
4,30.0,29.937223555257248,1098,-18.57271433223751
4,30.0,29.937223555257248,1099,-18.580429406567518
4,30.0,29.937223555257248,1100,-18.58814323885109
4,30.0,29.937223555257248,1101,-18.59585583134195
4,30.0,29.937223555257248,1102,-18.60356718629383
4,30.0,29.937223555257248,1103,-18.611277305949088
4,30.0,29.937223555257248,1104,-18.618986192549173
4,30.0,29.937223555257248,1105,-18.626693848326894
4,30.0,29.937223555257248,1106,-18.634400275510515
4,30.0,29.937223555257248,1107,-18.642105476316473
4,30.0,29.937223555257248,1108,-18.649809452960753
4,30.0,29.937223555257248,1109,-18.65751220765479
4,30.0,29.937223555257248,1110,-18.665213742597743
4,30.0,29.937223555257248,1111,-18.67291405999059
4,30.0,29.937223555257248,1112,-18.680613162021572
4,30.0,29.937223555257248,1113,-18.688311050876663
4,30.0,29.937223555257248,1114,-18.696007728736376
4,30.0,29.937223555257248,1115,-18.703703197769855
4,30.0,29.937223555257248,1116,-18.711397460148063
4,30.0,29.937223555257248,1117,-18.719090518030143
4,30.0,29.937223555257248,1118,-18.726782373575688
4,30.0,29.937223555257248,1119,-18.73447302892974
4,30.0,29.937223555257248,1120,-18.74216248624053
4,30.0,29.937223555257248,1121,-18.749850747646278
4,30.0,29.937223555257248,1122,-18.75753781527702
4,30.0,29.937223555257248,1123,-18.765223691262335
4,30.0,29.937223555257248,1124,-18.772908377721805
4,30.0,29.937223555257248,1125,-18.780591876772732
4,30.0,29.937223555257248,1126,-18.788274190526053
4,30.0,29.937223555257248,1127,-18.79595532108179
4,30.0,29.937223555257248,1128,-18.803635270543154
4,30.0,29.937223555257248,1129,-18.811314041004252
4,30.0,29.937223555257248,1130,-18.818991634548738
4,30.0,29.937223555257248,1131,-18.826668053262082
4,30.0,29.937223555257248,1132,-18.834343299217934
4,30.0,29.937223555257248,1133,-18.842017374491306
4,30.0,29.937223555257248,1134,-18.849690281145385
4,30.0,29.937223555257248,1135,-18.857362021241997
4,30.0,29.937223555257248,1136,-18.86503259683387
4,30.0,29.937223555257248,1137,-18.872702009970098
4,30.0,29.937223555257248,1138,-18.880370262695678
4,30.0,29.937223555257248,1139,-18.88803735705197
4,30.0,29.937223555257248,1140,-18.89570329506715
4,30.0,29.937223555257248,1141,-18.903368078773028
4,30.0,29.937223555257248,1142,-18.9110317101905
4,30.0,29.937223555257248,1143,-18.9186941913391
4,30.0,29.937223555257248,1144,-18.926355524227446
4,30.0,29.937223555257248,1145,-18.934015710860976
4,30.0,29.937223555257248,1146,-18.941674753247852
4,30.0,29.937223555257248,1147,-18.94933265337714
4,30.0,29.937223555257248,1148,-18.95698941324291
4,30.0,29.937223555257248,1149,-18.964645034832856
4,30.0,29.937223555257248,1150,-18.972299520123315
4,30.0,29.937223555257248,1151,-18.979952871092436
4,30.0,29.937223555257248,1152,-18.987605089708367
4,30.0,29.937223555257248,1153,-18.9952561779388
4,30.0,29.937223555257248,1154,-19.00290613774051
4,30.0,29.937223555257248,1155,-19.01055497107437
4,30.0,29.937223555257248,1156,-19.01820267988306
4,30.0,29.937223555257248,1157,-19.025849266116538
4,30.0,29.937223555257248,1158,-19.03349473171157
4,30.0,29.937223555257248,1159,-19.041139078605838
4,30.0,29.937223555257248,1160,-19.04878230872565
4,30.0,29.937223555257248,1161,-19.056424423998223
4,30.0,29.937223555257248,1162,-19.064065426338047
4,30.0,29.937223555257248,1163,-19.071705317668247
4,30.0,29.937223555257248,1164,-19.07934409989558
4,30.0,29.937223555257248,1165,-19.086981774924524
4,30.0,29.937223555257248,1166,-19.09461834464956
4,30.0,29.937223555257248,1167,-19.10225381097517
4,30.0,29.937223555257248,1168,-19.109888175785372
4,30.0,29.937223555257248,1169,-19.11752144097055
4,30.0,29.937223555257248,1170,-19.12515360840517
4,30.0,29.937223555257248,1171,-19.13278467997098
4,30.0,29.937223555257248,1172,-19.140414657535175
4,30.0,29.937223555257248,1173,-19.148043542964487
4,30.0,29.937223555257248,1174,-19.15567133812202
4,30.0,29.937223555257248,1175,-19.16329804486132
4,30.0,29.937223555257248,1176,-19.17092366504049
4,30.0,29.937223555257248,1177,-19.178548200498525
4,30.0,29.937223555257248,1178,-19.186171653082155
4,30.0,29.937223555257248,1179,-19.193794024629014
4,30.0,29.937223555257248,1180,-19.201415316973552
4,30.0,29.937223555257248,1181,-19.209035531940216
4,30.0,29.937223555257248,1182,-19.21665467135709
4,30.0,29.937223555257248,1183,-19.22427273704271
4,30.0,29.937223555257248,1184,-19.231889730809243
4,30.0,29.937223555257248,1185,-19.239505654468402
4,30.0,29.937223555257248,1186,-19.247120509825535
4,30.0,29.937223555257248,1187,-19.25473429868144
4,30.0,29.937223555257248,1188,-19.26234702282919
4,30.0,29.937223555257248,1189,-19.269958684068214
4,30.0,29.937223555257248,1190,-19.277569284178398
4,30.0,29.937223555257248,1191,-19.285178824948716
4,30.0,29.937223555257248,1192,-19.292787308149954
4,30.0,29.937223555257248,1193,-19.30039473555972
4,30.0,29.937223555257248,1194,-19.308001108948346
4,30.0,29.937223555257248,1195,-19.315606430078432
4,30.0,29.937223555257248,1196,-19.32321070071349
4,30.0,29.937223555257248,1197,-19.33081392260793
4,30.0,29.937223555257248,1198,-19.33841609751299
4,30.0,29.937223555257248,1199,-19.346017227174443
4,30.0,29.937223555257248,1200,-19.353617313340337
4,30.0,29.937223555257248,1201,-19.36121635774417
4,30.0,29.937223555257248,1202,-19.368814362120347
4,30.0,29.937223555257248,1203,-19.376411328199183
4,30.0,29.937223555257248,1204,-19.38400725771008
4,30.0,29.937223555257248,1205,-19.39160215237017
4,30.0,29.937223555257248,1206,-19.399196013898845
4,30.0,29.937223555257248,1207,-19.406788844004595
4,30.0,29.937223555257248,1208,-19.414380644401362
4,30.0,29.937223555257248,1209,-19.4219714167899
4,30.0,29.937223555257248,1210,-19.42956116286915
4,30.0,29.937223555257248,1211,-19.43714988434077
4,30.0,29.937223555257248,1212,-19.444737582888237
4,30.0,29.937223555257248,1213,-19.452324260203213
4,30.0,29.937223555257248,1214,-19.45990991797099
4,30.0,29.937223555257248,1215,-19.467494557869585
4,30.0,29.937223555257248,1216,-19.475078181567014
4,30.0,29.937223555257248,1217,-19.48266079074402
4,30.0,29.937223555257248,1218,-19.490242387061343
4,30.0,29.937223555257248,1219,-19.497822972183357
4,30.0,29.937223555257248,1220,-19.50540254776716
4,30.0,29.937223555257248,1221,-19.512981115468946
4,30.0,29.937223555257248,1222,-19.520558676937625
4,30.0,29.937223555257248,1223,-19.528135233820294
4,30.0,29.937223555257248,1224,-19.53571078775859
4,30.0,29.937223555257248,1225,-19.54328534039233
4,30.0,29.937223555257248,1226,-19.550858893350423
4,30.0,29.937223555257248,1227,-19.558431448274504
4,30.0,29.937223555257248,1228,-19.56600300677438
4,30.0,29.937223555257248,1229,-19.573573570486232
4,30.0,29.937223555257248,1230,-19.581143141025322
4,30.0,29.937223555257248,1231,-19.588711720000546
4,30.0,29.937223555257248,1232,-19.59627930902535
4,30.0,29.937223555257248,1233,-19.603845909709534
4,30.0,29.937223555257248,1234,-19.611411523649267
4,30.0,29.937223555257248,1235,-19.618976152446166
4,30.0,29.937223555257248,1236,-19.626539797699124
4,30.0,29.937223555257248,1237,-19.6341024609943
4,30.0,29.937223555257248,1238,-19.64166414391876
4,30.0,29.937223555257248,1239,-19.649224848058665
4,30.0,29.937223555257248,1240,-19.656784574992898
4,30.0,29.937223555257248,1241,-19.664343326291245
4,30.0,29.937223555257248,1242,-19.6719011035335
4,30.0,29.937223555257248,1243,-19.679457908283084
4,30.0,29.937223555257248,1244,-19.687013742103417
4,30.0,29.937223555257248,1245,-19.69456860655974
4,30.0,29.937223555257248,1246,-19.702122503206382
4,30.0,29.937223555257248,1247,-19.70967543359039
4,30.0,29.937223555257248,1248,-19.71722739926973
4,30.0,29.937223555257248,1249,-19.724778401785088
4,30.0,29.937223555257248,1250,-19.7323284426826
4,30.0,29.937223555257248,1251,-19.73987752349568
4,30.0,29.937223555257248,1252,-19.74742564575591
4,30.0,29.937223555257248,1253,-19.754972810999433
4,30.0,29.937223555257248,1254,-19.762519020754198
4,30.0,29.937223555257248,1255,-19.770064276545426
4,30.0,29.937223555257248,1256,-19.77760857988197
4,30.0,29.937223555257248,1257,-19.785151932289054
4,30.0,29.937223555257248,1258,-19.792694335276437
4,30.0,29.937223555257248,1259,-19.80023579035388
4,30.0,29.937223555257248,1260,-19.80777629902751
4,30.0,29.937223555257248,1261,-19.81531586279617
4,30.0,29.937223555257248,1262,-19.822854483157798
4,30.0,29.937223555257248,1263,-19.83039216161579
4,30.0,29.937223555257248,1264,-19.837928899648077
4,30.0,29.937223555257248,1265,-19.845464698747136
4,30.0,29.937223555257248,1266,-19.852999560396356
4,30.0,29.937223555257248,1267,-19.86053348608276
4,30.0,29.937223555257248,1268,-19.868066477279726
4,30.0,29.937223555257248,1269,-19.875598535453364
4,30.0,29.937223555257248,1270,-19.88312966208251
4,30.0,29.937223555257248,1271,-19.89065985863145
4,30.0,29.937223555257248,1272,-19.898189126562656
4,30.0,29.937223555257248,1273,-19.905717467334043
4,30.0,29.937223555257248,1274,-19.913244882403532
4,30.0,29.937223555257248,1275,-19.920771373223587
4,30.0,29.937223555257248,1276,-19.928296941239395
4,30.0,29.937223555257248,1277,-19.935821587908876
4,30.0,29.937223555257248,1278,-19.943345314662665
4,30.0,29.937223555257248,1279,-19.9508681229414
4,30.0,29.937223555257248,1280,-19.958390014182086
4,30.0,29.937223555257248,1281,-19.965910989822632
4,30.0,29.937223555257248,1282,-19.97343105128367
4,30.0,29.937223555257248,1283,-19.980950199994922
4,30.0,29.937223555257248,1284,-19.988468437385208
4,30.0,29.937223555257248,1285,-19.995985764858787
4,30.0,29.937223555257248,1286,-20.003502183845384
4,30.0,29.937223555257248,1287,-20.01101769574835
4,30.0,29.937223555257248,1288,-20.01853230197922
4,30.0,29.937223555257248,1289,-20.026046003944984
4,30.0,29.937223555257248,1290,-20.0335588030499
4,30.0,29.937223555257248,1291,-20.041070700690042
4,30.0,29.937223555257248,1292,-20.048581698260577
4,30.0,29.937223555257248,1293,-20.056091797158487
4,30.0,29.937223555257248,1294,-20.06360099877348
4,30.0,29.937223555257248,1295,-20.071109304483443
4,30.0,29.937223555257248,1296,-20.07861671568172
4,30.0,29.937223555257248,1297,-20.086123233739826
4,30.0,29.937223555257248,1298,-20.093628860045655
4,30.0,29.937223555257248,1299,-20.101133595962537
4,30.0,29.937223555257248,1300,-20.108637442866538
4,30.0,29.937223555257248,1301,-20.11614040212008
4,30.0,29.937223555257248,1302,-20.123642475088317
4,30.0,29.937223555257248,1303,-20.131143663138218
4,30.0,29.937223555257248,1304,-20.138643967620382
4,30.0,29.937223555257248,1305,-20.146143389895414
4,30.0,29.937223555257248,1306,-20.153641931308456
4,30.0,29.937223555257248,1307,-20.161139593214656
4,30.0,29.937223555257248,1308,-20.16863637695188
4,30.0,29.937223555257248,1309,-20.17613228386891
4,30.0,29.937223555257248,1310,-20.183627315300882
4,30.0,29.937223555257248,1311,-20.191121472587483
4,30.0,29.937223555257248,1312,-20.198614757061122
4,30.0,29.937223555257248,1313,-20.206107170050572
4,30.0,29.937223555257248,1314,-20.213598712882785
4,30.0,29.937223555257248,1315,-20.221089386881076
4,30.0,29.937223555257248,1316,-20.22857919336694
4,30.0,29.937223555257248,1317,-20.236068133660964
4,30.0,29.937223555257248,1318,-20.24355620907646
4,30.0,29.937223555257248,1319,-20.251043420921278
4,30.0,29.937223555257248,1320,-20.25852977050782
4,30.0,29.937223555257248,1321,-20.26601525914576
4,30.0,29.937223555257248,1322,-20.273499888135674
4,30.0,29.937223555257248,1323,-20.280983658774502
4,30.0,29.937223555257248,1324,-20.288466572360093
4,30.0,29.937223555257248,1325,-20.295948630186658
4,30.0,29.937223555257248,1326,-20.303429833549316
4,30.0,29.937223555257248,1327,-20.310910183738642
4,30.0,29.937223555257248,1328,-20.318389682031565
4,30.0,29.937223555257248,1329,-20.325868329713202
4,30.0,29.937223555257248,1330,-20.33334612806594
4,30.0,29.937223555257248,1331,-20.3408230783658
4,30.0,29.937223555257248,1332,-20.348299181885167
4,30.0,29.937223555257248,1333,-20.355774439890055
4,30.0,29.937223555257248,1334,-20.363248853663762
4,30.0,29.937223555257248,1335,-20.370722424456844
4,30.0,29.937223555257248,1336,-20.378195153538954
4,30.0,29.937223555257248,1337,-20.385667042167924
4,30.0,29.937223555257248,1338,-20.393138091597947
4,30.0,29.937223555257248,1339,-20.400608303090493
4,30.0,29.937223555257248,1340,-20.40807767789066
4,30.0,29.937223555257248,1341,-20.415546217247183
4,30.0,29.937223555257248,1342,-20.423013922403342
4,30.0,29.937223555257248,1343,-20.430480794608783
4,30.0,29.937223555257248,1344,-20.43794683509951
4,30.0,29.937223555257248,1345,-20.445412045111524
4,30.0,29.937223555257248,1346,-20.45287642588356
4,30.0,29.937223555257248,1347,-20.460339978644342
4,30.0,29.937223555257248,1348,-20.46780270462351
4,30.0,29.937223555257248,1349,-20.47526460504433
4,30.0,29.937223555257248,1350,-20.482725681134625
4,30.0,29.937223555257248,1351,-20.490185934114024
4,30.0,29.937223555257248,1352,-20.497645365195794
4,30.0,29.937223555257248,1353,-20.505103975607753
4,30.0,29.937223555257248,1354,-20.512561766550434
4,30.0,29.937223555257248,1355,-20.52001873923801
4,30.0,29.937223555257248,1356,-20.527474894881934
4,30.0,29.937223555257248,1357,-20.534930234676366
4,30.0,29.937223555257248,1358,-20.542384759834576
4,30.0,29.937223555257248,1359,-20.54983847154891
4,30.0,29.937223555257248,1360,-20.5572913710199
4,30.0,29.937223555257248,1361,-20.564743459443534
4,30.0,29.937223555257248,1362,-20.572194738003063
4,30.0,29.937223555257248,1363,-20.579645207893563
4,30.0,29.937223555257248,1364,-20.587094870300106
4,30.0,29.937223555257248,1365,-20.594543726404126
4,30.0,29.937223555257248,1366,-20.601991777390694
4,30.0,29.937223555257248,1367,-20.609439024437606
4,30.0,29.937223555257248,1368,-20.616885468720838
4,30.0,29.937223555257248,1369,-20.624331111407272
4,30.0,29.937223555257248,1370,-20.631775953675614
4,30.0,29.937223555257248,1371,-20.639219996687288
4,30.0,29.937223555257248,1372,-20.646663241614633
4,30.0,29.937223555257248,1373,-20.654105689614525
4,30.0,29.937223555257248,1374,-20.661547341852028
4,30.0,29.937223555257248,1375,-20.66898819948129
4,30.0,29.937223555257248,1376,-20.676428263662828
4,30.0,29.937223555257248,1377,-20.683867535545332
4,30.0,29.937223555257248,1378,-20.691306016278403
4,30.0,29.937223555257248,1379,-20.698743707014373
4,30.0,29.937223555257248,1380,-20.706180608895565
4,30.0,29.937223555257248,1381,-20.713616723062486
4,30.0,29.937223555257248,1382,-20.72105205066201
7,0.1,0.04914020433069566,0,-0.4269884714764154
7,0.1,0.04914020433069566,1,-1.3423877567097953
7,0.1,0.04914020433069566,2,-2.6946312811305098
7,0.1,0.04914020433069566,3,-4.207661635370762
7,0.1,0.04914020433069566,4,-5.783423258379676
7,0.1,0.04914020433069566,5,-7.380483082803707
7,0.1,0.04914020433069566,6,-8.980820454146718
7,0.1,0.04914020433069566,7,-10.576819283932803
7,0.1,0.04914020433069566,8,-12.16555696845483
7,0.1,0.04914020433069566,9,-13.746216315576469
7,0.1,0.04914020433069566,10,-15.318901433259278
7,0.1,0.04914020433069566,11,-16.884093616907727
7,0.1,0.04914020433069566,12,-18.44240170131289
7,0.1,0.04914020433069566,13,-19.994449324139055
7,2.6031420033166066,1.2791892994479448,0,-5.966344005468024
7,2.6031420033166066,1.2791892994479448,1,-4.584960493139054
7,2.6031420033166066,1.2791892994479448,2,-3.7909433487606674
7,2.6031420033166066,1.2791892994479448,3,-3.297622400274791
7,2.6031420033166066,1.2791892994479448,4,-2.989161646824305
7,2.6031420033166066,1.2791892994479448,5,-2.803765791750917
7,2.6031420033166066,1.2791892994479448,6,-2.7039753705959853
7,2.6031420033166066,1.2791892994479448,7,-2.6654130538838756
7,2.6031420033166066,1.2791892994479448,8,-2.671506764739632
7,2.6031420033166066,1.2791892994479448,9,-2.710657213553944
7,2.6031420033166066,1.2791892994479448,10,-2.7745730935092108
7,2.6031420033166066,1.2791892994479448,11,-2.8572300209000754
7,2.6031420033166066,1.2791892994479448,12,-2.9541910939029665
7,2.6031420033166066,1.2791892994479448,13,-3.0621499100817338
7,2.6031420033166066,1.2791892994479448,14,-3.1786163650273997
7,2.6031420033166066,1.2791892994479448,15,-3.301696921409494
7,2.6031420033166066,1.2791892994479448,16,-3.429938794090013
7,2.6031420033166066,1.2791892994479448,17,-3.562218125053153
7,2.6031420033166066,1.2791892994479448,18,-3.6976588564650075
7,2.6031420033166066,1.2791892994479448,19,-3.8355732818919743
7,2.6031420033166066,1.2791892994479448,20,-3.9754180695309453
7,2.6031420033166066,1.2791892994479448,21,-4.116761437124673
7,2.6031420033166066,1.2791892994479448,22,-4.2592584395890185
7,2.6031420033166066,1.2791892994479448,23,-4.402632211106635
7,2.6031420033166066,1.2791892994479448,24,-4.546659614987782
7,2.6031420033166066,1.2791892994479448,25,-4.6911601832152385
7,2.6031420033166066,1.2791892994479448,26,-4.835987530648538
7,2.6031420033166066,1.2791892994479448,27,-4.981022644957861
7,2.6031420033166066,1.2791892994479448,28,-5.1261686087030185
7,2.6031420033166066,1.2791892994479448,29,-5.271346422533298
7,2.6031420033166066,1.2791892994479448,30,-5.416491680672834
7,2.6031420033166066,1.2791892994479448,31,-5.561551910315643
7,2.6031420033166066,1.2791892994479448,32,-5.706484431355619
7,2.6031420033166066,1.2791892994479448,33,-5.851254626306584
7,2.6031420033166066,1.2791892994479448,34,-5.995834535381704
7,2.6031420033166066,1.2791892994479448,35,-6.140201710696061
7,2.6031420033166066,1.2791892994479448,36,-6.284338278007809
7,2.6031420033166066,1.2791892994479448,37,-6.428230165482802
7,2.6031420033166066,1.2791892994479448,38,-6.571866467489613
7,2.6031420033166066,1.2791892994479448,39,-6.715238918034601
7,2.6031420033166066,1.2791892994479448,40,-6.858341453589631
7,2.6031420033166066,1.2791892994479448,41,-7.001169849088171
7,2.6031420033166066,1.2791892994479448,42,-7.143721414034985
7,2.6031420033166066,1.2791892994479448,43,-7.285994738177521
7,2.6031420033166066,1.2791892994479448,44,-7.427989478176457
7,2.6031420033166066,1.2791892994479448,45,-7.569706178300493
7,2.6031420033166066,1.2791892994479448,46,-7.711146119440855
7,2.6031420033166066,1.2791892994479448,47,-7.852311191766574
7,2.6031420033166066,1.2791892994479448,48,-7.993203787164816
7,2.6031420033166066,1.2791892994479448,49,-8.133826708284587
7,2.6031420033166066,1.2791892994479448,50,-8.274183091544359
7,2.6031420033166066,1.2791892994479448,51,-8.41427634191183
7,2.6031420033166066,1.2791892994479448,52,-8.55411007762811
7,2.6031420033166066,1.2791892994479448,53,-8.693688083349315
7,2.6031420033166066,1.2791892994479448,54,-8.833014270425053
7,2.6031420033166066,1.2791892994479448,55,-8.972092643240245
7,2.6031420033166066,1.2791892994479448,56,-9.110927270713574
7,2.6031420033166066,1.2791892994479448,57,-9.249522262190226
7,2.6031420033166066,1.2791892994479448,58,-9.387881747081877
7,2.6031420033166066,1.2791892994479448,59,-9.526009857707606
7,2.6031420033166066,1.2791892994479448,60,-9.663910714870383
7,2.6031420033166066,1.2791892994479448,61,-9.801588415773807
7,2.6031420033166066,1.2791892994479448,62,-9.939047023943118
7,2.6031420033166066,1.2791892994479448,63,-10.076290560862304
7,2.6031420033166066,1.2791892994479448,64,-10.21332299908164
7,2.6031420033166066,1.2791892994479448,65,-10.35014825658618
7,2.6031420033166066,1.2791892994479448,66,-10.486770192243796
7,2.6031420033166066,1.2791892994479448,67,-10.623192602179245
7,2.6031420033166066,1.2791892994479448,68,-10.7594192169405
7,2.6031420033166066,1.2791892994479448,69,-10.89545369934359
7,2.6031420033166066,1.2791892994479448,70,-11.031299642896954
7,2.6031420033166066,1.2791892994479448,71,-11.16696057072167
7,2.6031420033166066,1.2791892994479448,72,-11.302439934892533
7,2.6031420033166066,1.2791892994479448,73,-11.43774111613925
7,2.6031420033166066,1.2791892994479448,74,-11.572867423851307
7,2.6031420033166066,1.2791892994479448,75,-11.70782209634072
7,2.6031420033166066,1.2791892994479448,76,-11.842608301321036
7,2.6031420033166066,1.2791892994479448,77,-11.97722913656878
7,2.6031420033166066,1.2791892994479448,78,-12.111687630735588
7,2.6031420033166066,1.2791892994479448,79,-12.245986744286
7,2.6031420033166066,1.2791892994479448,80,-12.380129370537645
7,2.6031420033166066,1.2791892994479448,81,-12.514118336783781
7,2.6031420033166066,1.2791892994479448,82,-12.647956405483285
7,2.6031420033166066,1.2791892994479448,83,-12.78164627550089
7,2.6031420033166066,1.2791892994479448,84,-12.915190583387812
7,2.6031420033166066,1.2791892994479448,85,-13.04859190468926
7,2.6031420033166066,1.2791892994479448,86,-13.18185275527236
7,2.6031420033166066,1.2791892994479448,87,-13.31497559266461
7,2.6031420033166066,1.2791892994479448,88,-13.447962817397013
7,2.6031420033166066,1.2791892994479448,89,-13.580816774345635
7,2.6031420033166066,1.2791892994479448,90,-13.713539754067824
7,2.6031420033166066,1.2791892994479448,91,-13.84613399412683
7,2.6031420033166066,1.2791892994479448,92,-13.978601680403756
7,2.6031420033166066,1.2791892994479448,93,-14.110944948392387
7,2.6031420033166066,1.2791892994479448,94,-14.243165884475275
7,2.6031420033166066,1.2791892994479448,95,-14.375266527178269
7,2.6031420033166066,1.2791892994479448,96,-14.50724886840328
7,2.6031420033166066,1.2791892994479448,97,-14.639114854636034
7,2.6031420033166066,1.2791892994479448,98,-14.770866388130173
7,2.6031420033166066,1.2791892994479448,99,-14.902505328065331
7,2.6031420033166066,1.2791892994479448,100,-15.034033491678656
7,2.6031420033166066,1.2791892994479448,101,-15.165452655370416
7,2.6031420033166066,1.2791892994479448,102,-15.296764555783
7,2.6031420033166066,1.2791892994479448,103,-15.427970890852407
7,2.6031420033166066,1.2791892994479448,104,-15.559073320834273
7,2.6031420033166066,1.2791892994479448,105,-15.690073469302433
7,2.6031420033166066,1.2791892994479448,106,-15.820972924121236
7,2.6031420033166066,1.2791892994479448,107,-15.951773238392605
7,2.6031420033166066,1.2791892994479448,108,-16.08247593137679
7,2.6031420033166066,1.2791892994479448,109,-16.213082489387943
7,2.6031420033166066,1.2791892994479448,110,-16.343594366664888
7,2.6031420033166066,1.2791892994479448,111,-16.47401298621827
7,2.6031420033166066,1.2791892994479448,112,-16.604339740652904
7,2.6031420033166066,1.2791892994479448,113,-16.73457599296671
7,2.6031420033166066,1.2791892994479448,114,-16.864723077328563
7,2.6031420033166066,1.2791892994479448,115,-16.994782299831513
7,2.6031420033166066,1.2791892994479448,116,-17.124754939226534
7,2.6031420033166066,1.2791892994479448,117,-17.25464224763317
7,2.6031420033166066,1.2791892994479448,118,-17.384445451231272
7,2.6031420033166066,1.2791892994479448,119,-17.514165750931568
7,2.6031420033166066,1.2791892994479448,120,-17.643804323027553
7,2.6031420033166066,1.2791892994479448,121,-17.77336231982747
7,2.6031420033166066,1.2791892994479448,122,-17.90284087026879
7,2.6031420033166066,1.2791892994479448,123,-18.032241080515064
7,2.6031420033166066,1.2791892994479448,124,-18.161564034533114
7,2.6031420033166066,1.2791892994479448,125,-18.290810794657034
7,2.6031420033166066,1.2791892994479448,126,-18.419982402132916
7,2.6031420033166066,1.2791892994479448,127,-18.549079877648524
7,2.6031420033166066,1.2791892994479448,128,-18.678104221848514
7,2.6031420033166066,1.2791892994479448,129,-18.807056415832733
7,2.6031420033166066,1.2791892994479448,130,-18.935937421642848
7,2.6031420033166066,1.2791892994479448,131,-19.064748182731705
7,2.6031420033166066,1.2791892994479448,132,-19.193489624422682
7,2.6031420033166066,1.2791892994479448,133,-19.32216265435187
7,2.6031420033166066,1.2791892994479448,134,-19.45076816290134
7,2.6031420033166066,1.2791892994479448,135,-19.579307023617446
7,2.6031420033166066,1.2791892994479448,136,-19.707780093618
7,2.6031420033166066,1.2791892994479448,137,-19.83618821398835
7,2.6031420033166066,1.2791892994479448,138,-19.96453221016469
7,2.6031420033166066,1.2791892994479448,139,-20.092812892308814
7,2.6031420033166066,1.2791892994479448,140,-20.221031055669755
7,2.6031420033166066,1.2791892994479448,141,-20.349187480936962
7,2.6031420033166066,1.2791892994479448,142,-20.477282934582945
7,2.6031420033166066,1.2791892994479448,143,-20.605318169197005
7,30.0,14.742061299208697,3,-19.552098102177617
7,30.0,14.742061299208697,4,-18.178808225142145
7,30.0,14.742061299208697,5,-16.99478909887307
7,30.0,14.742061299208697,6,-15.959365870844621
7,30.0,14.742061299208697,7,-15.044549015152072
7,30.0,14.742061299208697,8,-14.2299331816224
7,30.0,14.742061299208697,9,-13.500014677255102
7,30.0,14.742061299208697,10,-12.842644319489715
7,30.0,14.742061299208697,11,-12.248071578885465
7,30.0,14.742061299208697,12,-11.708321616199665
7,30.0,14.742061299208697,13,-11.216771506249742
7,30.0,14.742061299208697,14,-10.767851636936893
7,30.0,14.742061299208697,15,-10.356829021024243
7,30.0,14.742061299208697,16,-9.979646066825424
7,30.0,14.742061299208697,17,-9.632798006527413
7,30.0,14.742061299208697,18,-9.313237959564592
7,30.0,14.742061299208697,19,-9.018302193429513
7,30.0,14.742061299208697,20,-8.745650438021165
7,30.0,14.742061299208697,21,-8.493217617355711
7,30.0,14.742061299208697,22,-8.25917437747491
7,30.0,14.742061299208697,23,-8.041894487403024
7,30.0,14.742061299208697,24,-7.839927679306594
7,30.0,14.742061299208697,25,-7.6519768430207975
7,30.0,14.742061299208697,26,-7.476878743032405
7,30.0,14.742061299208697,27,-7.313587612004266
7,30.0,14.742061299208697,28,-7.161161113565143
7,30.0,14.742061299208697,29,-7.018748271740851
7,30.0,14.742061299208697,30,-6.885579044334147
7,30.0,14.742061299208697,31,-6.760955279288012
7,30.0,14.742061299208697,32,-6.6442428412331775
7,30.0,14.742061299208697,33,-6.534864733368181
7,30.0,14.742061299208697,34,-6.432295069993522
7,30.0,14.742061299208697,35,-6.336053779216462
7,30.0,14.742061299208697,36,-6.2457019348979586
7,30.0,14.742061299208697,37,-6.160837632839543
7,30.0,14.742061299208697,38,-6.08109233926378
7,30.0,14.742061299208697,39,-6.006127650416326
7,30.0,14.742061299208697,40,-5.935632411063565
7,30.0,14.742061299208697,41,-5.869320147122373
7,30.0,14.742061299208697,42,-5.806926773923847
7,30.0,14.742061299208697,43,-5.748208546889753
7,30.0,14.742061299208697,44,-5.692940225869238
7,30.0,14.742061299208697,45,-5.640913428181509
7,30.0,14.742061299208697,46,-5.5919351486651045
7,30.0,14.742061299208697,47,-5.5458264276950935
7,30.0,14.742061299208697,48,-5.5024211508272405
7,30.0,14.742061299208697,49,-5.461564965292595
7,30.0,14.742061299208697,50,-5.423114300773921
7,30.0,14.742061299208697,51,-5.386935483198844
7,30.0,14.742061299208697,52,-5.352903931678281
7,30.0,14.742061299208697,53,-5.32090342987053
7,30.0,14.742061299208697,54,-5.290825464057681
7,30.0,14.742061299208697,55,-5.262568621104672
7,30.0,14.742061299208697,56,-5.236038040239674
7,30.0,14.742061299208697,57,-5.211144913272445
7,30.0,14.742061299208697,58,-5.187806028460047
7,30.0,14.742061299208697,59,-5.165943353750979
7,30.0,14.742061299208697,60,-5.145483655600415
7,30.0,14.742061299208697,61,-5.1263581499530915
7,30.0,14.742061299208697,62,-5.108502182351916
7,30.0,14.742061299208697,63,-5.091854934444772
7,30.0,14.742061299208697,64,-5.076359154446301
7,30.0,14.742061299208697,65,-5.061960909359357
7,30.0,14.742061299208697,66,-5.048609356983725
7,30.0,14.742061299208697,67,-5.0362565359365306
7,30.0,14.742061299208697,68,-5.024857172085113
7,30.0,14.742061299208697,69,-5.014368499949988
7,30.0,14.742061299208697,70,-5.004750097775371
7,30.0,14.742061299208697,71,-4.99596373509047
7,30.0,14.742061299208697,72,-4.987973231696088
7,30.0,14.742061299208697,73,-4.980744327112404
7,30.0,14.742061299208697,74,-4.9742445596138225
7,30.0,14.742061299208697,75,-4.968443154057006
7,30.0,14.742061299208697,76,-4.963310917780532
7,30.0,14.742061299208697,77,-4.9588201439230915
7,30.0,14.742061299208697,78,-4.954944521561892
7,30.0,14.742061299208697,79,-4.951659052128754
7,30.0,14.742061299208697,80,-4.948939971609221
7,30.0,14.742061299208697,81,-4.946764678071183
7,30.0,14.742061299208697,82,-4.945111664113227
7,30.0,14.742061299208697,83,-4.943960453852284
7,30.0,14.742061299208697,84,-4.943291544107886
7,30.0,14.742061299208697,85,-4.943086349465531
7,30.0,14.742061299208697,86,-4.943327150930536
7,30.0,14.742061299208697,87,-4.943997047907025
7,30.0,14.742061299208697,88,-4.945079913257324
7,30.0,14.742061299208697,89,-4.946560351219134
7,30.0,14.742061299208697,90,-4.948423657974146
7,30.0,14.742061299208697,91,-4.950655784678574
7,30.0,14.742061299208697,92,-4.9532433027822975
7,30.0,14.742061299208697,93,-4.956173371475444
7,30.0,14.742061299208697,94,-4.95943370711467
7,30.0,14.742061299208697,95,-4.963012554492394
7,30.0,14.742061299208697,96,-4.966898659823713
7,30.0,14.742061299208697,97,-4.971081245333025
7,30.0,14.742061299208697,98,-4.975549985335292
7,30.0,14.742061299208697,99,-4.9802949837099675
7,30.0,14.742061299208697,100,-4.985306752676365
7,30.0,14.742061299208697,101,-4.990576192785497
7,30.0,14.742061299208697,102,-4.996094574048911
7,30.0,14.742061299208697,103,-5.001853518130716
7,30.0,14.742061299208697,104,-5.007844981535911
7,30.0,14.742061299208697,105,-5.014061239730793
7,30.0,14.742061299208697,106,-5.020494872136325
7,30.0,14.742061299208697,107,-5.0271387479416205
7,30.0,14.742061299208697,108,-5.0339860126848635
7,30.0,14.742061299208697,109,-5.04103007555581
7,30.0,14.742061299208697,110,-5.048264597374157
7,30.0,14.742061299208697,111,-5.055683479205626
7,30.0,14.742061299208697,112,-5.0632808515737935
7,30.0,14.742061299208697,113,-5.07105106423478
7,30.0,14.742061299208697,114,-5.078988676481117
7,30.0,14.742061299208697,115,-5.087088447942563
7,30.0,14.742061299208697,116,-5.095345329855945
7,30.0,14.742061299208697,117,-5.103754456775633
7,30.0,14.742061299208697,118,-5.112311138700974
7,30.0,14.742061299208697,119,-5.121010853596019
7,30.0,14.742061299208697,120,-5.12984924027846
7,30.0,14.742061299208697,121,-5.138822091658369
7,30.0,14.742061299208697,122,-5.14792534830724
7,30.0,14.742061299208697,123,-5.157155092337234
7,30.0,14.742061299208697,124,-5.166507541574845
7,30.0,14.742061299208697,125,-5.175979044014213
7,30.0,14.742061299208697,126,-5.185566072531884
7,30.0,14.742061299208697,127,-5.195265219850967
7,30.0,14.742061299208697,128,-5.205073193740873
7,30.0,14.742061299208697,129,-5.214986812439776
7,30.0,14.742061299208697,130,-5.22500300028878
7,30.0,14.742061299208697,131,-5.235118783565582
7,30.0,14.742061299208697,132,-5.2453312865089
7,30.0,14.742061299208697,133,-5.255637727520195
7,30.0,14.742061299208697,134,-5.266035415539562
7,30.0,14.742061299208697,135,-5.276521746580471
7,30.0,14.742061299208697,136,-5.287094200419517
7,30.0,14.742061299208697,137,-5.297750337432461
7,30.0,14.742061299208697,138,-5.308487795566805
7,30.0,14.742061299208697,139,-5.319304287448404
7,30.0,14.742061299208697,140,-5.330197597612198
7,30.0,14.742061299208697,141,-5.341165579850838
7,30.0,14.742061299208697,142,-5.352206154678555
7,30.0,14.742061299208697,143,-5.36331730690182
7,30.0,14.742061299208697,144,-5.374497083290805
7,30.0,14.742061299208697,145,-5.385743590351353
7,30.0,14.742061299208697,146,-5.397054992187179
7,30.0,14.742061299208697,147,-5.408429508452684
7,30.0,14.742061299208697,148,-5.419865412388475
7,30.0,14.742061299208697,149,-5.431361028937403
7,30.0,14.742061299208697,150,-5.442914732938846
7,30.0,14.742061299208697,151,-5.454524947393367
7,30.0,14.742061299208697,152,-5.4661901417997
7,30.0,14.742061299208697,153,-5.477908830556743
7,30.0,14.742061299208697,154,-5.489679571428979
7,30.0,14.742061299208697,155,-5.501500964073244
7,30.0,14.742061299208697,156,-5.513371648623519
7,30.0,14.742061299208697,157,-5.525290304329758
7,30.0,14.742061299208697,158,-5.537255648250294
7,30.0,14.742061299208697,159,-5.54926643399574
7,30.0,14.742061299208697,160,-5.561321450519301
7,30.0,14.742061299208697,161,-5.573419520954815
7,30.0,14.742061299208697,162,-5.5855595014978405
7,30.0,14.742061299208697,163,-5.597740280329958
7,30.0,14.742061299208697,164,-5.60996077658271
7,30.0,14.742061299208697,165,-5.622219939341107
7,30.0,14.742061299208697,166,-5.634516746682891
7,30.0,14.742061299208697,167,-5.646850204754429
7,30.0,14.742061299208697,168,-5.659219346880889
7,30.0,14.742061299208697,169,-5.671623232707788
7,30.0,14.742061299208697,170,-5.684060947374206
7,30.0,14.742061299208697,171,-5.696531600716327
7,30.0,14.742061299208697,172,-5.70903432649996
7,30.0,14.742061299208697,173,-5.721568281678913
7,30.0,14.742061299208697,174,-5.73413264568191
7,30.0,14.742061299208697,175,-5.7467266197233755
7,30.0,14.742061299208697,176,-5.759349426139522
7,30.0,14.742061299208697,177,-5.77200030774668
7,30.0,14.742061299208697,178,-5.784678527222525
7,30.0,14.742061299208697,179,-5.797383366509109
7,30.0,14.742061299208697,180,-5.810114126236954
7,30.0,14.742061299208697,181,-5.822870125167071
7,30.0,14.742061299208697,182,-5.835650699655446
7,30.0,14.742061299208697,183,-5.848455203130527
7,30.0,14.742061299208697,184,-5.861283005594601
7,30.0,14.742061299208697,185,-5.874133493138572
7,30.0,14.742061299208697,186,-5.887006067471589
7,30.0,14.742061299208697,187,-5.899900145470326
7,30.0,14.742061299208697,188,-5.912815158740614
7,30.0,14.742061299208697,189,-5.925750553194291
7,30.0,14.742061299208697,190,-5.938705788639481
7,30.0,14.742061299208697,191,-5.951680338385927
7,30.0,14.742061299208697,192,-5.964673688861069
7,30.0,14.742061299208697,193,-5.9776853392405656
7,30.0,14.742061299208697,194,-5.990714801088757
7,30.0,14.742061299208697,195,-6.003761598012375
7,30.0,14.742061299208697,196,-6.016825265326133
7,30.0,14.742061299208697,197,-6.029905349724686
7,30.0,14.742061299208697,198,-6.0430014089710085
7,30.0,14.742061299208697,199,-6.056113011590526
7,30.0,14.742061299208697,200,-6.069239736574843
7,30.0,14.742061299208697,201,-6.082381173098327
7,30.0,14.742061299208697,202,-6.095536920238544
7,30.0,14.742061299208697,203,-6.108706586710582
7,30.0,14.742061299208697,204,-6.121889790605053
7,30.0,14.742061299208697,205,-6.135086159136904
7,30.0,14.742061299208697,206,-6.148295328401218
7,30.0,14.742061299208697,207,-6.16151694313686
7,30.0,14.742061299208697,208,-6.174750656495917
7,30.0,14.742061299208697,209,-6.18799612982184
7,30.0,14.742061299208697,210,-6.201253032433613
7,30.0,14.742061299208697,211,-6.214521041415708
7,30.0,14.742061299208697,212,-6.227799841415958
7,30.0,14.742061299208697,213,-6.241089124447569
7,30.0,14.742061299208697,214,-6.254388589698749
7,30.0,14.742061299208697,215,-6.267697943347173
7,30.0,14.742061299208697,216,-6.281016898378539
7,30.0,14.742061299208697,217,-6.294345174413536
7,30.0,14.742061299208697,218,-6.307682497537201
7,30.0,14.742061299208697,219,-6.321028600134525
7,30.0,14.742061299208697,220,-6.334383220729819
7,30.0,14.742061299208697,221,-6.347746103833003
7,30.0,14.742061299208697,222,-6.361116999786873
7,30.0,14.742061299208697,223,-6.374495664621179
7,30.0,14.742061299208697,224,-6.38788185991109
7,30.0,14.742061299208697,225,-6.401275352638152
7,30.0,14.742061299208697,226,-6.414675915055227
7,30.0,14.742061299208697,227,-6.428083324556837
7,30.0,14.742061299208697,228,-6.441497363552855
7,30.0,14.742061299208697,229,-6.454917819342995
7,30.0,14.742061299208697,230,-6.468344483999317
7,30.0,14.742061299208697,231,-6.481777154247936
7,30.0,14.742061299208697,232,-6.495215631354938
7,30.0,14.742061299208697,233,-6.508659721020479
7,30.0,14.742061299208697,234,-6.522109233264587
7,30.0,14.742061299208697,235,-6.535563982330018
7,30.0,14.742061299208697,236,-6.549023786575219
7,30.0,14.742061299208697,237,-6.562488468379058
7,30.0,14.742061299208697,238,-6.575957854043452
7,30.0,14.742061299208697,239,-6.589431773700369
7,30.0,14.742061299208697,240,-6.6029100612207685
7,30.0,14.742061299208697,241,-6.616392554125753
7,30.0,14.742061299208697,242,-6.629879093501302
7,30.0,14.742061299208697,243,-6.643369523913464
7,30.0,14.742061299208697,244,-6.6568636933280345
7,30.0,14.742061299208697,245,-6.670361453029386
7,30.0,14.742061299208697,246,-6.6838626575448075
7,30.0,14.742061299208697,247,-6.6973671645688455
7,30.0,14.742061299208697,248,-6.710874834888443
7,30.0,14.742061299208697,249,-6.724385532313477
7,30.0,14.742061299208697,250,-6.73789912360661
7,30.0,14.742061299208697,251,-6.751415478414401
7,30.0,14.742061299208697,252,-6.7649344692027285
7,30.0,14.742061299208697,253,-6.778455971191988
7,30.0,14.742061299208697,254,-6.791979862293601
7,30.0,14.742061299208697,255,-6.805506023050668
7,30.0,14.742061299208697,256,-6.819034336576749
7,30.0,14.742061299208697,257,-6.832564688497598
7,30.0,14.742061299208697,258,-6.846096966897676
7,30.0,14.742061299208697,259,-6.859631062261087
7,30.0,14.742061299208697,260,-6.8731668674205935
7,30.0,14.742061299208697,261,-6.886704277502588
7,30.0,14.742061299208697,262,-6.90024318988003
7,30.0,14.742061299208697,263,-6.913783504119067
7,30.0,14.742061299208697,264,-6.92732512193129
7,30.0,14.742061299208697,265,-6.94086794712706
7,30.0,14.742061299208697,266,-6.9544118855691295
7,30.0,14.742061299208697,267,-6.967956845126935
7,30.0,14.742061299208697,268,-6.981502735633967
7,30.0,14.742061299208697,269,-6.995049468842808
7,30.0,14.742061299208697,270,-7.008596958385056
7,30.0,14.742061299208697,271,-7.0221451197303395
7,30.0,14.742061299208697,272,-7.035693870144883
7,30.0,14.742061299208697,273,-7.0492431286548936
7,30.0,14.742061299208697,274,-7.062792816006549
7,30.0,14.742061299208697,275,-7.076342854630184
7,30.0,14.742061299208697,276,-7.089893168604021
7,30.0,14.742061299208697,277,-7.103443683618934
7,30.0,14.742061299208697,278,-7.116994326942631
7,30.0,14.742061299208697,279,-7.13054502738828
7,30.0,14.742061299208697,280,-7.144095715280287
7,30.0,14.742061299208697,281,-7.1576463224216695
7,30.0,14.742061299208697,282,-7.17119678206393
7,30.0,14.742061299208697,283,-7.184747028876359
7,30.0,14.742061299208697,284,-7.198296998915566
7,30.0,14.742061299208697,285,-7.211846629596607
7,30.0,14.742061299208697,286,-7.225395859664786
7,30.0,14.742061299208697,287,-7.238944629166554
7,30.0,14.742061299208697,288,-7.2524928794240395
7,30.0,14.742061299208697,289,-7.266040553008111
7,30.0,14.742061299208697,290,-7.279587593710744
7,30.0,14.742061299208697,291,-7.293133946522062
7,30.0,14.742061299208697,292,-7.30667955760407
7,30.0,14.742061299208697,293,-7.320224374265649
7,30.0,14.742061299208697,294,-7.3337683449422
7,30.0,14.742061299208697,295,-7.34731141916825
7,30.0,14.742061299208697,296,-7.360853547558463
7,30.0,14.742061299208697,297,-7.37439468178286
7,30.0,14.742061299208697,298,-7.387934774546807
7,30.0,14.742061299208697,299,-7.4014737795694145
7,30.0,14.742061299208697,300,-7.415011651562736
7,30.0,14.742061299208697,301,-7.428548346211869
7,30.0,14.742061299208697,302,-7.442083820155062
7,30.0,14.742061299208697,303,-7.455618030964274
7,30.0,14.742061299208697,304,-7.469150937126869
7,30.0,14.742061299208697,305,-7.482682498025497
7,30.0,14.742061299208697,306,-7.496212673922628
7,30.0,14.742061299208697,307,-7.509741425941911
7,30.0,14.742061299208697,308,-7.523268716048847
7,30.0,14.742061299208697,309,-7.536794507036234
7,30.0,14.742061299208697,310,-7.550318762507459
7,30.0,14.742061299208697,311,-7.56384144686001
7,30.0,14.742061299208697,312,-7.5773625252678585
7,30.0,14.742061299208697,313,-7.590881963670313
7,30.0,14.742061299208697,314,-7.604399728752014
7,30.0,14.742061299208697,315,-7.617915787930542
7,30.0,14.742061299208697,316,-7.631430109342432
7,30.0,14.742061299208697,317,-7.644942661828395
7,30.0,14.742061299208697,318,-7.65845341491729
7,30.0,14.742061299208697,319,-7.671962338817707
7,30.0,14.742061299208697,320,-7.685469404398532
7,30.0,14.742061299208697,321,-7.698974583180757
7,30.0,14.742061299208697,322,-7.712477847321111
7,30.0,14.742061299208697,323,-7.7259791696031925
7,30.0,14.742061299208697,324,-7.739478523422122
7,30.0,14.742061299208697,325,-7.752975882774194
7,30.0,14.742061299208697,326,-7.766471222245059
7,30.0,14.742061299208697,327,-7.779964516997438
7,30.0,14.742061299208697,328,-7.7934557427606705
7,30.0,14.742061299208697,329,-7.8069448758203634
7,30.0,14.742061299208697,330,-7.820431893005548
7,30.0,14.742061299208697,331,-7.83391677167981
7,30.0,14.742061299208697,332,-7.8473994897314014
7,30.0,14.742061299208697,333,-7.860880025561642
7,30.0,14.742061299208697,334,-7.87435835807446
7,30.0,14.742061299208697,335,-7.887834466670142
7,30.0,14.742061299208697,336,-7.9013083312323715
7,30.0,14.742061299208697,337,-7.9147799321197
7,30.0,14.742061299208697,338,-7.928249250158615
7,30.0,14.742061299208697,339,-7.941716266631147
7,30.0,14.742061299208697,340,-7.9551809632681625
7,30.0,14.742061299208697,341,-7.968643322241405
7,30.0,14.742061299208697,342,-7.98210332615281
7,30.0,14.742061299208697,343,-7.995560958029273
7,30.0,14.742061299208697,344,-8.009016201312079
7,30.0,14.742061299208697,345,-8.02246903984917
7,30.0,14.742061299208697,346,-8.035919457889463
7,30.0,14.742061299208697,347,-8.049367440073297
7,30.0,14.742061299208697,348,-8.062812971425956
7,30.0,14.742061299208697,349,-8.07625603734948
7,30.0,14.742061299208697,350,-8.089696623616987
7,30.0,14.742061299208697,351,-8.10313471636357
7,30.0,14.742061299208697,352,-8.116570302081072
7,30.0,14.742061299208697,353,-8.130003367612062
7,30.0,14.742061299208697,354,-8.143433900141076
7,30.0,14.742061299208697,355,-8.156861887189393
7,30.0,14.742061299208697,356,-8.170287316607642
7,30.0,14.742061299208697,357,-8.18371017657239
7,30.0,14.742061299208697,358,-8.197130455576144
7,30.0,14.742061299208697,359,-8.210548142425864
7,30.0,14.742061299208697,360,-8.223963226231149
7,30.0,14.742061299208697,361,-8.237375696405365
7,30.0,14.742061299208697,362,-8.250785542653034
7,30.0,14.742061299208697,363,-8.264192754971532
7,30.0,14.742061299208697,364,-8.277597323640293
7,30.0,14.742061299208697,365,-8.290999239216603
7,30.0,14.742061299208697,366,-8.304398492532528
7,30.0,14.742061299208697,367,-8.317795074686842
7,30.0,14.742061299208697,368,-8.331188977042757
7,30.0,14.742061299208697,369,-8.344580191219848
7,30.0,14.742061299208697,370,-8.357968709093939
7,30.0,14.742061299208697,371,-8.371354522787897
7,30.0,14.742061299208697,372,-8.38473762466765
7,30.0,14.742061299208697,373,-8.398118007340713
7,30.0,14.742061299208697,374,-8.411495663648452
7,30.0,14.742061299208697,375,-8.424870586663474
7,30.0,14.742061299208697,376,-8.438242769683825
7,30.0,14.742061299208697,377,-8.451612206231744
7,30.0,14.742061299208697,378,-8.464978890044904
7,30.0,14.742061299208697,379,-8.478342815076871
7,30.0,14.742061299208697,380,-8.491703975490168
7,30.0,14.742061299208697,381,-8.505062365654908
7,30.0,14.742061299208697,382,-8.518417980141749
7,30.0,14.742061299208697,383,-8.5317708137203
7,30.0,14.742061299208697,384,-8.545120861356281
7,30.0,14.742061299208697,385,-8.558468118205042
7,30.0,14.742061299208697,386,-8.57181257961031
7,30.0,14.742061299208697,387,-8.585154241099985
7,30.0,14.742061299208697,388,-8.598493098382505
7,30.0,14.742061299208697,389,-8.611829147344451
7,30.0,14.742061299208697,390,-8.625162384044756
7,30.0,14.742061299208697,391,-8.63849280471561
7,30.0,14.742061299208697,392,-8.651820405755302
7,30.0,14.742061299208697,393,-8.665145183726054
7,30.0,14.742061299208697,394,-8.678467135354936
7,30.0,14.742061299208697,395,-8.691786257522608
7,30.0,14.742061299208697,396,-8.70510254726969
7,30.0,14.742061299208697,397,-8.718416001787318
7,30.0,14.742061299208697,398,-8.731726618416815
7,30.0,14.742061299208697,399,-8.745034394646154
7,30.0,14.742061299208697,400,-8.758339328108605
7,30.0,14.742061299208697,401,-8.771641416578746
7,30.0,14.742061299208697,402,-8.78494065796906
7,30.0,14.742061299208697,403,-8.79823705032993
7,30.0,14.742061299208697,404,-8.81153059184453
7,30.0,14.742061299208697,405,-8.824821280828928
7,30.0,14.742061299208697,406,-8.838109115725274
7,30.0,14.742061299208697,407,-8.851394095104865
7,30.0,14.742061299208697,408,-8.864676217662463
7,30.0,14.742061299208697,409,-8.87795548221311
7,30.0,14.742061299208697,410,-8.891231887692584
7,30.0,14.742061299208697,411,-8.904505433156146
7,30.0,14.742061299208697,412,-8.917776117769336
7,30.0,14.742061299208697,413,-8.931043940814334
7,30.0,14.742061299208697,414,-8.944308901682575
7,30.0,14.742061299208697,415,-8.957570999875202
7,30.0,14.742061299208697,416,-8.970830234998516
7,30.0,14.742061299208697,417,-8.984086606765459
7,30.0,14.742061299208697,418,-8.997340114989811
7,30.0,14.742061299208697,419,-9.010590759587672
7,30.0,14.742061299208697,420,-9.023838540571433
7,30.0,14.742061299208697,421,-9.037083458054099
7,30.0,14.742061299208697,422,-9.05032551224076
7,30.0,14.742061299208697,423,-9.063564703431211
7,30.0,14.742061299208697,424,-9.076801032017556
7,30.0,14.742061299208697,425,-9.09003449847853
7,30.0,14.742061299208697,426,-9.103265103385752
7,30.0,14.742061299208697,427,-9.116492847392578
7,30.0,14.742061299208697,428,-9.129717731240362
7,30.0,14.742061299208697,429,-9.142939755752195
7,30.0,14.742061299208697,430,-9.15615892183257
7,30.0,14.742061299208697,431,-9.16937523046738
7,30.0,14.742061299208697,432,-9.182588682718574
7,30.0,14.742061299208697,433,-9.195799279727794
7,30.0,14.742061299208697,434,-9.209007022710125
7,30.0,14.742061299208697,435,-9.222211912954322
7,30.0,14.742061299208697,436,-9.235413951824853
7,30.0,14.742061299208697,437,-9.248613140753719
7,30.0,14.742061299208697,438,-9.261809481243404
7,30.0,14.742061299208697,439,-9.275002974867107
7,30.0,14.742061299208697,440,-9.288193623263282
7,30.0,14.742061299208697,441,-9.301381428135642
7,30.0,14.742061299208697,442,-9.314566391253834
7,30.0,14.742061299208697,443,-9.327748514448444
7,30.0,14.742061299208697,444,-9.340927799615542
7,30.0,14.742061299208697,445,-9.35410424870895
7,30.0,14.742061299208697,446,-9.367277863742288
7,30.0,14.742061299208697,447,-9.380448646789205
7,30.0,14.742061299208697,448,-9.393616599980646
7,30.0,14.742061299208697,449,-9.406781725499627
7,30.0,14.742061299208697,450,-9.419944025588734
7,30.0,14.742061299208697,451,-9.43310350254194
7,30.0,14.742061299208697,452,-9.446260158708014
7,30.0,14.742061299208697,453,-9.459413996484386
7,30.0,14.742061299208697,454,-9.472565018320779
7,30.0,14.742061299208697,455,-9.485713226717849
7,30.0,14.742061299208697,456,-9.498858624221498
7,30.0,14.742061299208697,457,-9.512001213428562
7,30.0,14.742061299208697,458,-9.52514099698044
7,30.0,14.742061299208697,459,-9.538277977564917
7,30.0,14.742061299208697,460,-9.551412157914115
7,30.0,14.742061299208697,461,-9.564543540804948
7,30.0,14.742061299208697,462,-9.577672129055486
7,30.0,14.742061299208697,463,-9.590797925527
7,30.0,14.742061299208697,464,-9.603920933122367
7,30.0,14.742061299208697,465,-9.617041154782896
7,30.0,14.742061299208697,466,-9.630158593491274
7,30.0,14.742061299208697,467,-9.643273252265885
7,30.0,14.742061299208697,468,-9.656385134166044
7,30.0,14.742061299208697,469,-9.669494242287215
7,30.0,14.742061299208697,470,-9.682600579758741
7,30.0,14.742061299208697,471,-9.69570414974703
7,30.0,14.742061299208697,472,-9.708804955454866
7,30.0,14.742061299208697,473,-9.721903000116185
7,30.0,14.742061299208697,474,-9.734998286996301
7,30.0,14.742061299208697,475,-9.748090819398271
7,30.0,14.742061299208697,476,-9.761180600652665
7,30.0,14.742061299208697,477,-9.774267634121884
7,30.0,14.742061299208697,478,-9.787351923198344
7,30.0,14.742061299208697,479,-9.800433471306519
7,30.0,14.742061299208697,480,-9.813512281894987
7,30.0,14.742061299208697,481,-9.82658835844461
7,30.0,14.742061299208697,482,-9.83966170446331
7,30.0,14.742061299208697,483,-9.852732323484474
7,30.0,14.742061299208697,484,-9.865800219066273
7,30.0,14.742061299208697,485,-9.8788653947978
7,30.0,14.742061299208697,486,-9.891927854287928
7,30.0,14.742061299208697,487,-9.904987601173957
7,30.0,14.742061299208697,488,-9.9180446391141
7,30.0,14.742061299208697,489,-9.931098971791585
7,30.0,14.742061299208697,490,-9.944150602912828
7,30.0,14.742061299208697,491,-9.957199536204485
7,30.0,14.742061299208697,492,-9.970245775417084
7,30.0,14.742061299208697,493,-9.983289324320026
7,30.0,14.742061299208697,494,-9.99633018670636
7,30.0,14.742061299208697,495,-10.009368366386411
7,30.0,14.742061299208697,496,-10.02240386719052
7,30.0,14.742061299208697,497,-10.035436692969938
7,30.0,14.742061299208697,498,-10.048466847592522
7,30.0,14.742061299208697,499,-10.06149433494545
7,30.0,14.742061299208697,500,-10.074519158933413
7,30.0,14.742061299208697,501,-10.087541323476785
7,30.0,14.742061299208697,502,-10.10056083251527
7,30.0,14.742061299208697,503,-10.113577690002444
7,30.0,14.742061299208697,504,-10.126591899908703
7,30.0,14.742061299208697,505,-10.139603466220365
7,30.0,14.742061299208697,506,-10.15261239293784
7,30.0,14.742061299208697,507,-10.165618684075639
7,30.0,14.742061299208697,508,-10.178622343663505
7,30.0,14.742061299208697,509,-10.191623375744143
7,30.0,14.742061299208697,510,-10.204621784374808
7,30.0,14.742061299208697,511,-10.217617573623897
7,30.0,14.742061299208697,512,-10.230610747573223
7,30.0,14.742061299208697,513,-10.243601310315967
7,30.0,14.742061299208697,514,-10.256589265959178
7,30.0,14.742061299208697,515,-10.269574618617867
7,30.0,14.742061299208697,516,-10.282557372422502
7,30.0,14.742061299208697,517,-10.29553753150924
7,30.0,14.742061299208697,518,-10.308515100028785
7,30.0,14.742061299208697,519,-10.321490082140258
7,30.0,14.742061299208697,520,-10.334462482010736
7,30.0,14.742061299208697,521,-10.347432303819119
7,30.0,14.742061299208697,522,-10.360399551752948
7,30.0,14.742061299208697,523,-10.373364230005677
7,30.0,14.742061299208697,524,-10.386326342784173
7,30.0,14.742061299208697,525,-10.399285894299169
7,30.0,14.742061299208697,526,-10.412242888769129
7,30.0,14.742061299208697,527,-10.425197330422975
7,30.0,14.742061299208697,528,-10.43814922349327
7,30.0,14.742061299208697,529,-10.451098572222804
7,30.0,14.742061299208697,530,-10.46404538085892
7,30.0,14.742061299208697,531,-10.476989653654641
7,30.0,14.742061299208697,532,-10.489931394870723
7,30.0,14.742061299208697,533,-10.502870608772923
7,30.0,14.742061299208697,534,-10.515807299631774
7,30.0,14.742061299208697,535,-10.52874147172372
7,30.0,14.742061299208697,536,-10.541673129332253
7,30.0,14.742061299208697,537,-10.554602276740184
7,30.0,14.742061299208697,538,-10.5675289182401
7,30.0,14.742061299208697,539,-10.580453058125954
7,30.0,14.742061299208697,540,-10.593374700696245
7,30.0,14.742061299208697,541,-10.606293850254474
7,30.0,14.742061299208697,542,-10.619210511105507
7,30.0,14.742061299208697,543,-10.632124687558985
7,30.0,14.742061299208697,544,-10.645036383927504
7,30.0,14.742061299208697,545,-10.657945604525707
7,30.0,14.742061299208697,546,-10.67085235367233
7,30.0,14.742061299208697,547,-10.683756635686336
7,30.0,14.742061299208697,548,-10.696658454890326
7,30.0,14.742061299208697,549,-10.709557815608036
7,30.0,14.742061299208697,550,-10.7224547221673
7,30.0,14.742061299208697,551,-10.73534917889458
7,30.0,14.742061299208697,552,-10.748241190119757
7,30.0,14.742061299208697,553,-10.761130760172023
7,30.0,14.742061299208697,554,-10.774017893384439
7,30.0,14.742061299208697,555,-10.78690259408802
7,30.0,14.742061299208697,556,-10.79978486661605
7,30.0,14.742061299208697,557,-10.812664715301139
7,30.0,14.742061299208697,558,-10.825542144477481
7,30.0,14.742061299208697,559,-10.83841715848041
7,30.0,14.742061299208697,560,-10.851289761641851
7,30.0,14.742061299208697,561,-10.864159958295772
7,30.0,14.742061299208697,562,-10.877027752776371
7,30.0,14.742061299208697,563,-10.889893149415116
7,30.0,14.742061299208697,564,-10.902756152544384
7,30.0,14.742061299208697,565,-10.915616766495646
7,30.0,14.742061299208697,566,-10.928474995599458
7,30.0,14.742061299208697,567,-10.941330844185245
7,30.0,14.742061299208697,568,-10.954184316579244
7,30.0,14.742061299208697,569,-10.967035417110196
7,30.0,14.742061299208697,570,-10.97988415010093
7,30.0,14.742061299208697,571,-10.992730519875408
7,30.0,14.742061299208697,572,-11.00557453075578
7,30.0,14.742061299208697,573,-11.01841618705987
7,30.0,14.742061299208697,574,-11.031255493107096
7,30.0,14.742061299208697,575,-11.044092453210737
7,30.0,14.742061299208697,576,-11.056927071684072
7,30.0,14.742061299208697,577,-11.069759352838332
7,30.0,14.742061299208697,578,-11.082589300979976
7,30.0,14.742061299208697,579,-11.095416920414323
7,30.0,14.742061299208697,580,-11.108242215443966
7,30.0,14.742061299208697,581,-11.121065190369222
7,30.0,14.742061299208697,582,-11.133885849483363
7,30.0,14.742061299208697,583,-11.146704197081704
7,30.0,14.742061299208697,584,-11.159520237453876
7,30.0,14.742061299208697,585,-11.172333974884964
7,30.0,14.742061299208697,586,-11.185145413659598
7,30.0,14.742061299208697,587,-11.197954558056495
7,30.0,14.742061299208697,588,-11.210761412350507
7,30.0,14.742061299208697,589,-11.223565980813532
7,30.0,14.742061299208697,590,-11.236368267715648
7,30.0,14.742061299208697,591,-11.249168277318063
7,30.0,14.742061299208697,592,-11.26196601388267
7,30.0,14.742061299208697,593,-11.274761481664996
7,30.0,14.742061299208697,594,-11.287554684915563
7,30.0,14.742061299208697,595,-11.30034562788262
7,30.0,14.742061299208697,596,-11.313134314808735
7,30.0,14.742061299208697,597,-11.325920749931242
7,30.0,14.742061299208697,598,-11.338704937485659
7,30.0,14.742061299208697,599,-11.351486881700453
7,30.0,14.742061299208697,600,-11.36426658679909
7,30.0,14.742061299208697,601,-11.377044057002308
7,30.0,14.742061299208697,602,-11.389819296523342
7,30.0,14.742061299208697,603,-11.402592309573151
7,30.0,14.742061299208697,604,-11.415363100355194
7,30.0,14.742061299208697,605,-11.428131673068833
7,30.0,14.742061299208697,606,-11.440898031910478
7,30.0,14.742061299208697,607,-11.45366218106767
7,30.0,14.742061299208697,608,-11.466424124722948
7,30.0,14.742061299208697,609,-11.479183867055667
7,30.0,14.742061299208697,610,-11.491941412239726
7,30.0,14.742061299208697,611,-11.504696764441064
7,30.0,14.742061299208697,612,-11.51744992782153
7,30.0,14.742061299208697,613,-11.530200906538198
7,30.0,14.742061299208697,614,-11.542949704740636
7,30.0,14.742061299208697,615,-11.555696326573639
7,30.0,14.742061299208697,616,-11.568440776177226
7,30.0,14.742061299208697,617,-11.581183057682324
7,30.0,14.742061299208697,618,-11.593923175217355
7,30.0,14.742061299208697,619,-11.606661132902786
7,30.0,14.742061299208697,620,-11.619396934854763
7,30.0,14.742061299208697,621,-11.632130585180562
7,30.0,14.742061299208697,622,-11.644862087984052
7,30.0,14.742061299208697,623,-11.657591447363188
7,30.0,14.742061299208697,624,-11.670318667405468
7,30.0,14.742061299208697,625,-11.683043752197705
7,30.0,14.742061299208697,626,-11.695766705816709
7,30.0,14.742061299208697,627,-11.708487532333152
7,30.0,14.742061299208697,628,-11.72120623581452
7,30.0,14.742061299208697,629,-11.73392282031648
7,30.0,14.742061299208697,630,-11.74663728989242
7,30.0,14.742061299208697,631,-11.759349648589819
7,30.0,14.742061299208697,632,-11.772059900444333
7,30.0,14.742061299208697,633,-11.784768049490935
7,30.0,14.742061299208697,634,-11.797474099754822
7,30.0,14.742061299208697,635,-11.810178055254823
7,30.0,14.742061299208697,636,-11.822879920004539
7,30.0,14.742061299208697,637,-11.835579698007564
7,30.0,14.742061299208697,638,-11.848277393264084
7,30.0,14.742061299208697,639,-11.860973009765871
7,30.0,14.742061299208697,640,-11.873666551498332
7,30.0,14.742061299208697,641,-11.886358022438912
7,30.0,14.742061299208697,642,-11.89904742656097
7,30.0,14.742061299208697,643,-11.911734767826943
7,30.0,14.742061299208697,644,-11.924420050195636
7,30.0,14.742061299208697,645,-11.937103277617211
7,30.0,14.742061299208697,646,-11.949784454036148
7,30.0,14.742061299208697,647,-11.962463583386011
7,30.0,14.742061299208697,648,-11.975140669599227
7,30.0,14.742061299208697,649,-11.987815716596401
7,30.0,14.742061299208697,650,-12.00048872829268
7,30.0,14.742061299208697,651,-12.013159708597527
7,30.0,14.742061299208697,652,-12.02582866140881
7,30.0,14.742061299208697,653,-12.038495590623256
7,30.0,14.742061299208697,654,-12.05116050012623
7,30.0,14.742061299208697,655,-12.063823393796042
7,30.0,14.742061299208697,656,-12.076484275505095
7,30.0,14.742061299208697,657,-12.089143149118286
7,30.0,14.742061299208697,658,-12.101800018492781
7,30.0,14.742061299208697,659,-12.114454887478246
7,30.0,14.742061299208697,660,-12.127107759917294
7,30.0,14.742061299208697,661,-12.13975863964663
7,30.0,14.742061299208697,662,-12.152407530491814
7,30.0,14.742061299208697,663,-12.165054436275
7,30.0,14.742061299208697,664,-12.177699360809925
7,30.0,14.742061299208697,665,-12.19034230790055
7,30.0,14.742061299208697,666,-12.20298328134561
7,30.0,14.742061299208697,667,-12.215622284937012
7,30.0,14.742061299208697,668,-12.228259322458484
7,30.0,14.742061299208697,669,-12.240894397682837
7,30.0,14.742061299208697,670,-12.253527514383563
7,30.0,14.742061299208697,671,-12.266158676316195
7,30.0,14.742061299208697,672,-12.278787887237627
7,30.0,14.742061299208697,673,-12.291415150893386
7,30.0,14.742061299208697,674,-12.304040471022176
7,30.0,14.742061299208697,675,-12.316663851353155
7,30.0,14.742061299208697,676,-12.329285295610475
7,30.0,14.742061299208697,677,-12.341904807511014
7,30.0,14.742061299208697,678,-12.354522390761417
7,30.0,14.742061299208697,679,-12.367138049063783
7,30.0,14.742061299208697,680,-12.379751786111115
7,30.0,14.742061299208697,681,-12.392363605588002
7,30.0,14.742061299208697,682,-12.404973511171988
7,30.0,14.742061299208697,683,-12.417581506534248
7,30.0,14.742061299208697,684,-12.430187595338225
7,30.0,14.742061299208697,685,-12.442791781236451
7,30.0,14.742061299208697,686,-12.455394067879865
7,30.0,14.742061299208697,687,-12.467994458906674
7,30.0,14.742061299208697,688,-12.480592957948488
7,30.0,14.742061299208697,689,-12.4931895686301
7,30.0,14.742061299208697,690,-12.505784294571527
7,30.0,14.742061299208697,691,-12.518377139377094
7,30.0,14.742061299208697,692,-12.530968106653177
7,30.0,14.742061299208697,693,-12.54355719999046
7,30.0,14.742061299208697,694,-12.556144422977127
7,30.0,14.742061299208697,695,-12.56872977919204
7,30.0,14.742061299208697,696,-12.581313272206103
7,30.0,14.742061299208697,697,-12.593894905583625
7,30.0,14.742061299208697,698,-12.606474682879366
7,30.0,14.742061299208697,699,-12.61905260764081
7,30.0,14.742061299208697,700,-12.631628683412487
7,30.0,14.742061299208697,701,-12.64420291372278
7,30.0,14.742061299208697,702,-12.656775302099163
7,30.0,14.742061299208697,703,-12.669345852060246
7,30.0,14.742061299208697,704,-12.681914567115086
7,30.0,14.742061299208697,705,-12.69448145076683
7,30.0,14.742061299208697,706,-12.707046506508163
7,30.0,14.742061299208697,707,-12.719609737828819
7,30.0,14.742061299208697,708,-12.732171148208067
7,30.0,14.742061299208697,709,-12.744730741116086
7,30.0,14.742061299208697,710,-12.757288520017369
7,30.0,14.742061299208697,711,-12.769844488371405
7,30.0,14.742061299208697,712,-12.78239864962518
7,30.0,14.742061299208697,713,-12.794951007219538
7,30.0,14.742061299208697,714,-12.807501564589188
7,30.0,14.742061299208697,715,-12.820050325160196
7,30.0,14.742061299208697,716,-12.83259729235067
7,30.0,14.742061299208697,717,-12.845142469573943
7,30.0,14.742061299208697,718,-12.857685860232664
7,30.0,14.742061299208697,719,-12.870227467719701
7,30.0,14.742061299208697,720,-12.88276729542656
7,30.0,14.742061299208697,721,-12.895305346732016
7,30.0,14.742061299208697,722,-12.907841625011656
7,30.0,14.742061299208697,723,-12.920376133628338
7,30.0,14.742061299208697,724,-12.932908875940825
7,30.0,14.742061299208697,725,-12.945439855300606
7,30.0,14.742061299208697,726,-12.957969075050528
7,30.0,14.742061299208697,727,-12.970496538525708
7,30.0,14.742061299208697,728,-12.983022249053988
7,30.0,14.742061299208697,729,-12.995546209953204
7,30.0,14.742061299208697,730,-13.008068424541648
7,30.0,14.742061299208697,731,-13.02058889611942
7,30.0,14.742061299208697,732,-13.033107627987988
7,30.0,14.742061299208697,733,-13.045624623434719
7,30.0,14.742061299208697,734,-13.058139885745163
7,30.0,14.742061299208697,735,-13.070653418190773
7,30.0,14.742061299208697,736,-13.083165224043455
7,30.0,14.742061299208697,737,-13.095675306562839
7,30.0,14.742061299208697,738,-13.108183669001733
7,30.0,14.742061299208697,739,-13.120690314602939
7,30.0,14.742061299208697,740,-13.133195246607897
7,30.0,14.742061299208697,741,-13.145698468246678
7,30.0,14.742061299208697,742,-13.158199982741621
7,30.0,14.742061299208697,743,-13.170699793309154
7,30.0,14.742061299208697,744,-13.18319790315843
7,30.0,14.742061299208697,745,-13.195694315488595
7,30.0,14.742061299208697,746,-13.208189033496069
7,30.0,14.742061299208697,747,-13.220682060364538
7,30.0,14.742061299208697,748,-13.233173399273596
7,30.0,14.742061299208697,749,-13.24566305339556
7,30.0,14.742061299208697,750,-13.258151025895017
7,30.0,14.742061299208697,751,-13.270637319928824
7,30.0,14.742061299208697,752,-13.283121938646104
7,30.0,14.742061299208697,753,-13.295604885188254
7,30.0,14.742061299208697,754,-13.308086162692575
7,30.0,14.742061299208697,755,-13.320565774287275
7,30.0,14.742061299208697,756,-13.333043723087371
7,30.0,14.742061299208697,757,-13.345520012213342
7,30.0,14.742061299208697,758,-13.357994644767473
7,30.0,14.742061299208697,759,-13.370467623848867
7,30.0,14.742061299208697,760,-13.382938952549353
7,30.0,14.742061299208697,761,-13.39540863395257
7,30.0,14.742061299208697,762,-13.407876671136705
7,30.0,14.742061299208697,763,-13.420343067171757
7,30.0,14.742061299208697,764,-13.43280782511954
7,30.0,14.742061299208697,765,-13.445270948036864
7,30.0,14.742061299208697,766,-13.457732438970993
7,30.0,14.742061299208697,767,-13.470192300964186
7,30.0,14.742061299208697,768,-13.482650537050972
7,30.0,14.742061299208697,769,-13.495107150254512
7,30.0,14.742061299208697,770,-13.507562143601604
7,30.0,14.742061299208697,771,-13.520015520100856
7,30.0,14.742061299208697,772,-13.532467282756784
7,30.0,14.742061299208697,773,-13.544917434571175
7,30.0,14.742061299208697,774,-13.55736597853354
7,30.0,14.742061299208697,775,-13.569812917631566
7,30.0,14.742061299208697,776,-13.582258254838393
7,30.0,14.742061299208697,777,-13.594701993128524
7,30.0,14.742061299208697,778,-13.607144135463273
7,30.0,14.742061299208697,779,-13.61958468480168
7,30.0,14.742061299208697,780,-13.6320236440896
7,30.0,14.742061299208697,781,-13.644461016272885
7,30.0,14.742061299208697,782,-13.656896804285566
7,30.0,14.742061299208697,783,-13.66933101105758
7,30.0,14.742061299208697,784,-13.681763639510677
7,30.0,14.742061299208697,785,-13.69419469255888
7,30.0,14.742061299208697,786,-13.706624173109844
7,30.0,14.742061299208697,787,-13.719052084066675
7,30.0,14.742061299208697,788,-13.73147842832202
7,30.0,14.742061299208697,789,-13.743903208764891
7,30.0,14.742061299208697,790,-13.756326428273837
7,30.0,14.742061299208697,791,-13.768748089724681
7,30.0,14.742061299208697,792,-13.781168195981422
7,30.0,14.742061299208697,793,-13.793586749909423
7,30.0,14.742061299208697,794,-13.806003754356311
7,30.0,14.742061299208697,795,-13.81841921217108
7,30.0,14.742061299208697,796,-13.830833126195444
7,30.0,14.742061299208697,797,-13.843245499259751
7,30.0,14.742061299208697,798,-13.855656334192076
7,30.0,14.742061299208697,799,-13.868065633810033
7,30.0,14.742061299208697,800,-13.880473400928508
7,30.0,14.742061299208697,801,-13.892879638354657
7,30.0,14.742061299208697,802,-13.90528434888472
7,30.0,14.742061299208697,803,-13.91768753531403
7,30.0,14.742061299208697,804,-13.930089200428824
7,30.0,14.742061299208697,805,-13.942489347006244
7,30.0,14.742061299208697,806,-13.954887977824342
7,30.0,14.742061299208697,807,-13.967285095645252
7,30.0,14.742061299208697,808,-13.979680703229747
7,30.0,14.742061299208697,809,-13.992074803330866
7,30.0,14.742061299208697,810,-14.004467398697557
7,30.0,14.742061299208697,811,-14.016858492068309
7,30.0,14.742061299208697,812,-14.029248086174789
7,30.0,14.742061299208697,813,-14.04163618374821
7,30.0,14.742061299208697,814,-14.054022787505687
7,30.0,14.742061299208697,815,-14.066407900162517
7,30.0,14.742061299208697,816,-14.07879152442763
7,30.0,14.742061299208697,817,-14.09117366299995
7,30.0,14.742061299208697,818,-14.103554318577494
7,30.0,14.742061299208697,819,-14.115933493844636
7,30.0,14.742061299208697,820,-14.128311191485295
7,30.0,14.742061299208697,821,-14.140687414176114
7,30.0,14.742061299208697,822,-14.153062164583275
7,30.0,14.742061299208697,823,-14.165435445372509
7,30.0,14.742061299208697,824,-14.177807259198175
7,30.0,14.742061299208697,825,-14.190177608710542
7,30.0,14.742061299208697,826,-14.202546496554419
7,30.0,14.742061299208697,827,-14.214913925366432
7,30.0,14.742061299208697,828,-14.227279897778658
7,30.0,14.742061299208697,829,-14.23964441641317
7,30.0,14.742061299208697,830,-14.252007483892044
7,30.0,14.742061299208697,831,-14.264369102825526
7,30.0,14.742061299208697,832,-14.27672927582114
7,30.0,14.742061299208697,833,-14.289088005476401
7,30.0,14.742061299208697,834,-14.301445294386554
7,30.0,14.742061299208697,835,-14.31380114513911
7,30.0,14.742061299208697,836,-14.326155560314305
7,30.0,14.742061299208697,837,-14.338508542487375
7,30.0,14.742061299208697,838,-14.35086009422946
7,30.0,14.742061299208697,839,-14.36321021809988
7,30.0,14.742061299208697,840,-14.375558916656132
7,30.0,14.742061299208697,841,-14.387906192451624
7,30.0,14.742061299208697,842,-14.400252048029756
7,30.0,14.742061299208697,843,-14.412596485926201
7,30.0,14.742061299208697,844,-14.42493950867572
7,30.0,14.742061299208697,845,-14.437281118803526
7,30.0,14.742061299208697,846,-14.449621318831191
7,30.0,14.742061299208697,847,-14.461960111271651
7,30.0,14.742061299208697,848,-14.474297498633291
7,30.0,14.742061299208697,849,-14.486633483419041
7,30.0,14.742061299208697,850,-14.498968068125919
7,30.0,14.742061299208697,851,-14.511301255240028
7,30.0,14.742061299208697,852,-14.52363304725202
7,30.0,14.742061299208697,853,-14.535963446635265
7,30.0,14.742061299208697,854,-14.548292455864498
7,30.0,14.742061299208697,855,-14.560620077404906
7,30.0,14.742061299208697,856,-14.572946313718944
7,30.0,14.742061299208697,857,-14.58527116726043
7,30.0,14.742061299208697,858,-14.597594640479088
7,30.0,14.742061299208697,859,-14.609916735817364
7,30.0,14.742061299208697,860,-14.622237455711343
7,30.0,14.742061299208697,861,-14.634556802596194
7,30.0,14.742061299208697,862,-14.646874778892084
7,30.0,14.742061299208697,863,-14.65919138702509
7,30.0,14.742061299208697,864,-14.671506629405826
7,30.0,14.742061299208697,865,-14.683820508443091
7,30.0,14.742061299208697,866,-14.69613302653886
7,30.0,14.742061299208697,867,-14.708444186093288
7,30.0,14.742061299208697,868,-14.720753989492891
7,30.0,14.742061299208697,869,-14.733062439125092
7,30.0,14.742061299208697,870,-14.745369537370493
7,30.0,14.742061299208697,871,-14.75767528660333
7,30.0,14.742061299208697,872,-14.769979689191018
7,30.0,14.742061299208697,873,-14.782282747497788
7,30.0,14.742061299208697,874,-14.794584463879687
7,30.0,14.742061299208697,875,-14.806884840687758
7,30.0,14.742061299208697,876,-14.819183880269406
7,30.0,14.742061299208697,877,-14.831481584963399
7,30.0,14.742061299208697,878,-14.84377795710759
7,30.0,14.742061299208697,879,-14.856072999028925
7,30.0,14.742061299208697,880,-14.868366713050705
7,30.0,14.742061299208697,881,-14.880659101492597
7,30.0,14.742061299208697,882,-14.892950166666537
7,30.0,14.742061299208697,883,-14.905239910879459
7,30.0,14.742061299208697,884,-14.917528336434202
7,30.0,14.742061299208697,885,-14.929815445626332
7,30.0,14.742061299208697,886,-14.942101240748684
7,30.0,14.742061299208697,887,-14.954385724081817
7,30.0,14.742061299208697,888,-14.966668897910381
7,30.0,14.742061299208697,889,-14.978950764507204
7,30.0,14.742061299208697,890,-14.99123132614011
7,30.0,14.742061299208697,891,-15.003510585075105
7,30.0,14.742061299208697,892,-15.015788543567282
7,30.0,14.742061299208697,893,-15.028065203873552
7,30.0,14.742061299208697,894,-15.040340568240367
7,30.0,14.742061299208697,895,-15.052614638909176
7,30.0,14.742061299208697,896,-15.064887418117337
7,30.0,14.742061299208697,897,-15.077158908097203
7,30.0,14.742061299208697,898,-15.08942911107249
7,30.0,14.742061299208697,899,-15.101698029269642
7,30.0,14.742061299208697,900,-15.113965664899638
7,30.0,14.742061299208697,901,-15.126232020175735
7,30.0,14.742061299208697,902,-15.138497097301638
7,30.0,14.742061299208697,903,-15.150760898478325
7,30.0,14.742061299208697,904,-15.16302342590086
7,30.0,14.742061299208697,905,-15.175284681760672
7,30.0,14.742061299208697,906,-15.187544668240548
7,30.0,14.742061299208697,907,-15.199803387519182
7,30.0,14.742061299208697,908,-15.212060841772995
7,30.0,14.742061299208697,909,-15.224317033169314
7,30.0,14.742061299208697,910,-15.236571963872734
7,30.0,14.742061299208697,911,-15.248825636042852
7,30.0,14.742061299208697,912,-15.261078051835625
7,30.0,14.742061299208697,913,-15.273329213393822
7,30.0,14.742061299208697,914,-15.28557912286567
7,30.0,14.742061299208697,915,-15.297827782389845
7,30.0,14.742061299208697,916,-15.310075194097749
7,30.0,14.742061299208697,917,-15.322321360120782
7,30.0,14.742061299208697,918,-15.334566282578976
7,30.0,14.742061299208697,919,-15.346809963594637
7,30.0,14.742061299208697,920,-15.359052405276884
7,30.0,14.742061299208697,921,-15.371293609740292
7,30.0,14.742061299208697,922,-15.383533579082155
7,30.0,14.742061299208697,923,-15.395772315405225
7,30.0,14.742061299208697,924,-15.408009820804068
7,30.0,14.742061299208697,925,-15.420246097363247
7,30.0,14.742061299208697,926,-15.432481147169142
7,30.0,14.742061299208697,927,-15.444714972301767
7,30.0,14.742061299208697,928,-15.456947574832043
7,30.0,14.742061299208697,929,-15.469178956833161
7,30.0,14.742061299208697,930,-15.481409120368312
7,30.0,14.742061299208697,931,-15.493638067495226
7,30.0,14.742061299208697,932,-15.505865800270726
7,30.0,14.742061299208697,933,-15.518092320744358
7,30.0,14.742061299208697,934,-15.530317630959757
7,30.0,14.742061299208697,935,-15.54254173295783
7,30.0,14.742061299208697,936,-15.554764628775843
7,30.0,14.742061299208697,937,-15.56698632044288
7,30.0,14.742061299208697,938,-15.579206809985749
7,30.0,14.742061299208697,939,-15.591426099425348
7,30.0,14.742061299208697,940,-15.603644190777118
7,30.0,14.742061299208697,941,-15.615861086057407
7,30.0,14.742061299208697,942,-15.62807678726665
7,30.0,14.742061299208697,943,-15.640291296411647
7,30.0,14.742061299208697,944,-15.652504615491466
7,30.0,14.742061299208697,945,-15.664716746493355
7,30.0,14.742061299208697,946,-15.676927691412743
7,30.0,14.742061299208697,947,-15.689137452228692
7,30.0,14.742061299208697,948,-15.701346030922537
7,30.0,14.742061299208697,949,-15.713553429468789
7,30.0,14.742061299208697,950,-15.725759649834231
7,30.0,14.742061299208697,951,-15.737964693988374
7,30.0,14.742061299208697,952,-15.750168563891634
7,30.0,14.742061299208697,953,-15.762371261499425
7,30.0,14.742061299208697,954,-15.774572788762157
7,30.0,14.742061299208697,955,-15.786773147627969
7,30.0,14.742061299208697,956,-15.79897234003954
7,30.0,14.742061299208697,957,-15.811170367934551
7,30.0,14.742061299208697,958,-15.82336723324886
7,30.0,14.742061299208697,959,-15.83556293791014
7,30.0,14.742061299208697,960,-15.847757483842429
7,30.0,14.742061299208697,961,-15.859950872966579
7,30.0,14.742061299208697,962,-15.872143107196166
7,30.0,14.742061299208697,963,-15.884334188446587
7,30.0,14.742061299208697,964,-15.896524118622324
7,30.0,14.742061299208697,965,-15.90871289962422
7,30.0,14.742061299208697,966,-15.920900533354484
7,30.0,14.742061299208697,967,-15.93308702170259
7,30.0,14.742061299208697,968,-15.945272366562108
7,30.0,14.742061299208697,969,-15.957456569813417
7,30.0,14.742061299208697,970,-15.969639633340535
7,30.0,14.742061299208697,971,-15.981821559016566
7,30.0,14.742061299208697,972,-15.994002348717345
7,30.0,14.742061299208697,973,-16.00618200430506
7,30.0,14.742061299208697,974,-16.01836052765009
7,30.0,14.742061299208697,975,-16.030537920604615
7,30.0,14.742061299208697,976,-16.04271418502674
7,30.0,14.742061299208697,977,-16.05488932276637
7,30.0,14.742061299208697,978,-16.067063335669786
7,30.0,14.742061299208697,979,-16.0792362255778
7,30.0,14.742061299208697,980,-16.091407994330325
7,30.0,14.742061299208697,981,-16.10357864375635
7,30.0,14.742061299208697,982,-16.115748175689873
7,30.0,14.742061299208697,983,-16.12791659195352
7,30.0,14.742061299208697,984,-16.14008389436765
7,30.0,14.742061299208697,985,-16.152250084750335
7,30.0,14.742061299208697,986,-16.164415164914658
7,30.0,14.742061299208697,987,-16.17657913666642
7,30.0,14.742061299208697,988,-16.18874200181051
7,30.0,14.742061299208697,989,-16.200903762146368
7,30.0,14.742061299208697,990,-16.21306441947388
7,30.0,14.742061299208697,991,-16.225223975577023
7,30.0,14.742061299208697,992,-16.237382432251593
7,30.0,14.742061299208697,993,-16.249539791277016
7,30.0,14.742061299208697,994,-16.261696054433173
7,30.0,14.742061299208697,995,-16.2738512234954
7,30.0,14.742061299208697,996,-16.286005300235388
7,30.0,14.742061299208697,997,-16.29815828642029
7,30.0,14.742061299208697,998,-16.31031018381543
7,30.0,14.742061299208697,999,-16.32246099417523
7,30.0,14.742061299208697,1000,-16.334610719260468
7,30.0,14.742061299208697,1001,-16.346759360816918
7,30.0,14.742061299208697,1002,-16.358906920594904
7,30.0,14.742061299208697,1003,-16.371053400338837
7,30.0,14.742061299208697,1004,-16.383198801785397
7,30.0,14.742061299208697,1005,-16.39534312667172
7,30.0,14.742061299208697,1006,-16.40748637672857
7,30.0,14.742061299208697,1007,-16.419628553683083
7,30.0,14.742061299208697,1008,-16.431769659258748
7,30.0,14.742061299208697,1009,-16.443909695173602
7,30.0,14.742061299208697,1010,-16.4560486631475
7,30.0,14.742061299208697,1011,-16.468186564888015
7,30.0,14.742061299208697,1012,-16.480323402106364
7,30.0,14.742061299208697,1013,-16.492459176504667
7,30.0,14.742061299208697,1014,-16.504593889783223
7,30.0,14.742061299208697,1015,-16.516727543637785
7,30.0,14.742061299208697,1016,-16.528860139762287
7,30.0,14.742061299208697,1017,-16.54099167984475
7,30.0,14.742061299208697,1018,-16.55312216557047
7,30.0,14.742061299208697,1019,-16.56525159861792
7,30.0,14.742061299208697,1020,-16.577379980669207
7,30.0,14.742061299208697,1021,-16.589507313392346
7,30.0,14.742061299208697,1022,-16.601633598459898
7,30.0,14.742061299208697,1023,-16.613758837538967
7,30.0,14.742061299208697,1024,-16.62588303228847
7,30.0,14.742061299208697,1025,-16.6380061843696
7,30.0,14.742061299208697,1026,-16.650128295434456
7,30.0,14.742061299208697,1027,-16.66224936713604
7,30.0,14.742061299208697,1028,-16.67436940112009
7,30.0,14.742061299208697,1029,-16.686488399032783
7,30.0,14.742061299208697,1030,-16.698606362509395
7,30.0,14.742061299208697,1031,-16.710723293187925
7,30.0,14.742061299208697,1032,-16.72283919270228
7,30.0,14.742061299208697,1033,-16.734954062681823
7,30.0,14.742061299208697,1034,-16.747067904749542
7,30.0,14.742061299208697,1035,-16.75918072052616
7,30.0,14.742061299208697,1036,-16.77129251163194
7,30.0,14.742061299208697,1037,-16.78340327967942
7,30.0,14.742061299208697,1038,-16.7955130262784
7,30.0,14.742061299208697,1039,-16.807621753038234
7,30.0,14.742061299208697,1040,-16.819729461561906
7,30.0,14.742061299208697,1041,-16.831836153445124
7,30.0,14.742061299208697,1042,-16.84394183028951
7,30.0,14.742061299208697,1043,-16.856046493685312
7,30.0,14.742061299208697,1044,-16.868150145221875
7,30.0,14.742061299208697,1045,-16.880252786485812
7,30.0,14.742061299208697,1046,-16.892354419056915
7,30.0,14.742061299208697,1047,-16.90445504451452
7,30.0,14.742061299208697,1048,-16.91655466443342
7,30.0,14.742061299208697,1049,-16.928653280385674
7,30.0,14.742061299208697,1050,-16.940750893938343
7,30.0,14.742061299208697,1051,-16.952847506656667
7,30.0,14.742061299208697,1052,-16.964943120102248
7,30.0,14.742061299208697,1053,-16.977037735829867
7,30.0,14.742061299208697,1054,-16.989131355397035
7,30.0,14.742061299208697,1055,-17.0012239803508
7,30.0,14.742061299208697,1056,-17.013315612240035
7,30.0,14.742061299208697,1057,-17.025406252611788
7,30.0,14.742061299208697,1058,-17.037495902999012
7,30.0,14.742061299208697,1059,-17.049584564943302
7,30.0,14.742061299208697,1060,-17.06167223997852
7,30.0,14.742061299208697,1061,-17.073758929632163
7,30.0,14.742061299208697,1062,-17.08584463543309
7,30.0,14.742061299208697,1063,-17.097929358903343
7,30.0,14.742061299208697,1064,-17.11001310156314
7,30.0,14.742061299208697,1065,-17.122095864929975
7,30.0,14.742061299208697,1066,-17.134177650514516
7,30.0,14.742061299208697,1067,-17.14625845982971
7,30.0,14.742061299208697,1068,-17.158338294380314
7,30.0,14.742061299208697,1069,-17.170417155669725
7,30.0,14.742061299208697,1070,-17.182495045196333
7,30.0,14.742061299208697,1071,-17.194571964461716
7,30.0,14.742061299208697,1072,-17.206647914952896
7,30.0,14.742061299208697,1073,-17.218722898163264
7,30.0,14.742061299208697,1074,-17.230796915578935
7,30.0,14.742061299208697,1075,-17.242869968684204
7,30.0,14.742061299208697,1076,-17.254942058958363
7,30.0,14.742061299208697,1077,-17.267013187878433
7,30.0,14.742061299208697,1078,-17.27908335691734
7,30.0,14.742061299208697,1079,-17.29115256754801
7,30.0,14.742061299208697,1080,-17.303220821233822
7,30.0,14.742061299208697,1081,-17.315288119442243
7,30.0,14.742061299208697,1082,-17.32735446363347
7,30.0,14.742061299208697,1083,-17.339419855264055
7,30.0,14.742061299208697,1084,-17.351484295787827
7,30.0,14.742061299208697,1085,-17.363547786656795
7,30.0,14.742061299208697,1086,-17.37561032932024
7,30.0,14.742061299208697,1087,-17.38767192522198
7,30.0,14.742061299208697,1088,-17.399732575802204
7,30.0,14.742061299208697,1089,-17.41179228250428
7,30.0,14.742061299208697,1090,-17.42385104675884
7,30.0,14.742061299208697,1091,-17.435908869999253
7,30.0,14.742061299208697,1092,-17.447965753655694
7,30.0,14.742061299208697,1093,-17.46002169915471
7,30.0,14.742061299208697,1094,-17.472076707918745
7,30.0,14.742061299208697,1095,-17.484130781365707
7,30.0,14.742061299208697,1096,-17.49618392091395
7,30.0,14.742061299208697,1097,-17.508236127978194
7,30.0,14.742061299208697,1098,-17.52028740396861
7,30.0,14.742061299208697,1099,-17.532337750292186
7,30.0,14.742061299208697,1100,-17.544387168354092
7,30.0,14.742061299208697,1101,-17.556435659554495
7,30.0,14.742061299208697,1102,-17.568483225293562
7,30.0,14.742061299208697,1103,-17.580529866965094
7,30.0,14.742061299208697,1104,-17.592575585963345
7,30.0,14.742061299208697,1105,-17.604620383674387
7,30.0,14.742061299208697,1106,-17.616664261488836
7,30.0,14.742061299208697,1107,-17.628707220788215
7,30.0,14.742061299208697,1108,-17.640749262953136
7,30.0,14.742061299208697,1109,-17.652790389356937
7,30.0,14.742061299208697,1110,-17.66483060138023
7,30.0,14.742061299208697,1111,-17.676869900391353
7,30.0,14.742061299208697,1112,-17.688908287760455
7,30.0,14.742061299208697,1113,-17.700945764850417
7,30.0,14.742061299208697,1114,-17.712982333028208
7,30.0,14.742061299208697,1115,-17.725017993647157
7,30.0,14.742061299208697,1116,-17.737052748068777
7,30.0,14.742061299208697,1117,-17.74908659764594
7,30.0,14.742061299208697,1118,-17.761119543730615
7,30.0,14.742061299208697,1119,-17.77315158766703
7,30.0,14.742061299208697,1120,-17.785182730804422
7,30.0,14.742061299208697,1121,-17.79721297448384
7,30.0,14.742061299208697,1122,-17.80924232004179
7,30.0,14.742061299208697,1123,-17.821270768817953
7,30.0,14.742061299208697,1124,-17.83329832214747
7,30.0,14.742061299208697,1125,-17.84532498135775
7,30.0,14.742061299208697,1126,-17.85735074777665
7,30.0,14.742061299208697,1127,-17.869375622730217
7,30.0,14.742061299208697,1128,-17.881399607540402
7,30.0,14.742061299208697,1129,-17.8934227035287
7,30.0,14.742061299208697,1130,-17.90544491200933
7,30.0,14.742061299208697,1131,-17.917466234296512
7,30.0,14.742061299208697,1132,-17.929486671701284
7,30.0,14.742061299208697,1133,-17.941506225531953
7,30.0,14.742061299208697,1134,-17.953524897095463
7,30.0,14.742061299208697,1135,-17.96554268769239
7,30.0,14.742061299208697,1136,-17.977559598622406
7,30.0,14.742061299208697,1137,-17.989575631182902
7,30.0,14.742061299208697,1138,-18.001590786669908
7,30.0,14.742061299208697,1139,-18.013605066372634
7,30.0,14.742061299208697,1140,-18.02561847158165
7,30.0,14.742061299208697,1141,-18.037631003582078
7,30.0,14.742061299208697,1142,-18.04964266365721
7,30.0,14.742061299208697,1143,-18.06165345308898
7,30.0,14.742061299208697,1144,-18.07366337315341
7,30.0,14.742061299208697,1145,-18.085672425126972
7,30.0,14.742061299208697,1146,-18.09768061028251
7,30.0,14.742061299208697,1147,-18.109687929887855
7,30.0,14.742061299208697,1148,-18.121694385213118
7,30.0,14.742061299208697,1149,-18.133699977521587
7,30.0,14.742061299208697,1150,-18.145704708072458
7,30.0,14.742061299208697,1151,-18.157708578127654
7,30.0,14.742061299208697,1152,-18.169711588944097
7,30.0,14.742061299208697,1153,-18.181713741773706
7,30.0,14.742061299208697,1154,-18.1937150378684
7,30.0,14.742061299208697,1155,-18.205715478477373
7,30.0,14.742061299208697,1156,-18.217715064844356
7,30.0,14.742061299208697,1157,-18.229713798215357
7,30.0,14.742061299208697,1158,-18.241711679829564
7,30.0,14.742061299208697,1159,-18.253708710924798
7,30.0,14.742061299208697,1160,-18.265704892738427
7,30.0,14.742061299208697,1161,-18.277700226501906
7,30.0,14.742061299208697,1162,-18.289694713443964
7,30.0,14.742061299208697,1163,-18.301688354793782
7,30.0,14.742061299208697,1164,-18.313681151777814
7,30.0,14.742061299208697,1165,-18.325673105617966
7,30.0,14.742061299208697,1166,-18.337664217532506
7,30.0,14.742061299208697,1167,-18.349654488739247
7,30.0,14.742061299208697,1168,-18.361643920454185
7,30.0,14.742061299208697,1169,-18.373632513891494
7,30.0,14.742061299208697,1170,-18.3856202702558
7,30.0,14.742061299208697,1171,-18.397607190759913
7,30.0,14.742061299208697,1172,-18.409593276605733
7,30.0,14.742061299208697,1173,-18.42157852899379
7,30.0,14.742061299208697,1174,-18.433562949127804
7,30.0,14.742061299208697,1175,-18.44554653820194
7,30.0,14.742061299208697,1176,-18.457529297414
7,30.0,14.742061299208697,1177,-18.469511227951784
7,30.0,14.742061299208697,1178,-18.481492331009918
7,30.0,14.742061299208697,1179,-18.493472607770286
7,30.0,14.742061299208697,1180,-18.505452059425238
7,30.0,14.742061299208697,1181,-18.51743068714984
7,30.0,14.742061299208697,1182,-18.529408492129164
7,30.0,14.742061299208697,1183,-18.541385475536913
7,30.0,14.742061299208697,1184,-18.553361638551337
7,30.0,14.742061299208697,1185,-18.5653369823425
7,30.0,14.742061299208697,1186,-18.577311508081834
7,30.0,14.742061299208697,1187,-18.589285216938038
7,30.0,14.742061299208697,1188,-18.60125811007208
7,30.0,14.742061299208697,1189,-18.6132301886513
7,30.0,14.742061299208697,1190,-18.625201453836212
7,30.0,14.742061299208697,1191,-18.637171906784147
7,30.0,14.742061299208697,1192,-18.6491415486488
7,30.0,14.742061299208697,1193,-18.661110380586592
7,30.0,14.742061299208697,1194,-18.673078403744398
7,30.0,14.742061299208697,1195,-18.685045619275
7,30.0,14.742061299208697,1196,-18.697012028323
7,30.0,14.742061299208697,1197,-18.708977632032997
7,30.0,14.742061299208697,1198,-18.72094243154595
7,30.0,14.742061299208697,1199,-18.732906427999637
7,30.0,14.742061299208697,1200,-18.744869622534566
7,30.0,14.742061299208697,1201,-18.756832016280327
7,30.0,14.742061299208697,1202,-18.768793610373336
7,30.0,14.742061299208697,1203,-18.78075440594
7,30.0,14.742061299208697,1204,-18.79271440411037
7,30.0,14.742061299208697,1205,-18.804673606009942
7,30.0,14.742061299208697,1206,-18.816632012761033
7,30.0,14.742061299208697,1207,-18.828589625480504
7,30.0,14.742061299208697,1208,-18.84054644529158
7,30.0,14.742061299208697,1209,-18.852502473309755
7,30.0,14.742061299208697,1210,-18.86445771064598
7,30.0,14.742061299208697,1211,-18.87641215841529
7,30.0,14.742061299208697,1212,-18.888365817724548
7,30.0,14.742061299208697,1213,-18.900318689677874
7,30.0,14.742061299208697,1214,-18.912270775387583
7,30.0,14.742061299208697,1215,-18.924222075950524
7,30.0,14.742061299208697,1216,-18.936172592467187
7,30.0,14.742061299208697,1217,-18.94812232603806
7,30.0,14.742061299208697,1218,-18.960071277756356
7,30.0,14.742061299208697,1219,-18.972019448718015
7,30.0,14.742061299208697,1220,-18.983966840009884
7,30.0,14.742061299208697,1221,-18.995913452725176
7,30.0,14.742061299208697,1222,-19.007859287950737
7,30.0,14.742061299208697,1223,-19.019804346767955
7,30.0,14.742061299208697,1224,-19.03174863026277
7,30.0,14.742061299208697,1225,-19.043692139513837
7,30.0,14.742061299208697,1226,-19.055634875598003
7,30.0,14.742061299208697,1227,-19.067576839593016
7,30.0,14.742061299208697,1228,-19.079518032571173
7,30.0,14.742061299208697,1229,-19.091458455605675
7,30.0,14.742061299208697,1230,-19.103398109767
7,30.0,14.742061299208697,1231,-19.115336996116525
7,30.0,14.742061299208697,1232,-19.127275115725638
7,30.0,14.742061299208697,1233,-19.13921246965208
7,30.0,14.742061299208697,1234,-19.15114905895996
7,30.0,14.742061299208697,1235,-19.163084884707928
7,30.0,14.742061299208697,1236,-19.175019947951
7,30.0,14.742061299208697,1237,-19.1869542497451
7,30.0,14.742061299208697,1238,-19.198887791137054
7,30.0,14.742061299208697,1239,-19.210820573189153
7,30.0,14.742061299208697,1240,-19.222752596937312
7,30.0,14.742061299208697,1241,-19.234683863429268
7,30.0,14.742061299208697,1242,-19.24661437371458
7,30.0,14.742061299208697,1243,-19.258544128829158
7,30.0,14.742061299208697,1244,-19.270473129817105
7,30.0,14.742061299208697,1245,-19.282401377712517
7,30.0,14.742061299208697,1246,-19.294328873556765
7,30.0,14.742061299208697,1247,-19.30625561837212
7,30.0,14.742061299208697,1248,-19.318181613199044
7,30.0,14.742061299208697,1249,-19.330106859065268
7,30.0,14.742061299208697,1250,-19.34203135699579
7,30.0,14.742061299208697,1251,-19.35395510801652
7,30.0,14.742061299208697,1252,-19.365878113148824
7,30.0,14.742061299208697,1253,-19.3778003734177
7,30.0,14.742061299208697,1254,-19.38972188984269
7,30.0,14.742061299208697,1255,-19.401642663436064
7,30.0,14.742061299208697,1256,-19.413562695213727
7,30.0,14.742061299208697,1257,-19.425481986191585
7,30.0,14.742061299208697,1258,-19.437400537377357
7,30.0,14.742061299208697,1259,-19.449318349782402
7,30.0,14.742061299208697,1260,-19.46123542441262
7,30.0,14.742061299208697,1261,-19.473151762272096
7,30.0,14.742061299208697,1262,-19.48506736436582
7,30.0,14.742061299208697,1263,-19.496982231693323
7,30.0,14.742061299208697,1264,-19.508896365254145
7,30.0,14.742061299208697,1265,-19.52080976604327
7,30.0,14.742061299208697,1266,-19.5327224350566
7,30.0,14.742061299208697,1267,-19.544634373288204
7,30.0,14.742061299208697,1268,-19.556545581729438
7,30.0,14.742061299208697,1269,-19.56845606136892
7,30.0,14.742061299208697,1270,-19.580365813188905
7,30.0,14.742061299208697,1271,-19.59227483818438
7,30.0,14.742061299208697,1272,-19.604183137329414
7,30.0,14.742061299208697,1273,-19.61609071161172
7,30.0,14.742061299208697,1274,-19.62799756200627
7,30.0,14.742061299208697,1275,-19.63990368949078
7,30.0,14.742061299208697,1276,-19.651809095045678
7,30.0,14.742061299208697,1277,-19.66371377964049
7,30.0,14.742061299208697,1278,-19.67561774424655
7,30.0,14.742061299208697,1279,-19.68752098983248
7,30.0,14.742061299208697,1280,-19.6994235173687
7,30.0,14.742061299208697,1281,-19.71132532782201
7,30.0,14.742061299208697,1282,-19.723226422153743
7,30.0,14.742061299208697,1283,-19.735126801327056
7,30.0,14.742061299208697,1284,-19.74702646630419
7,30.0,14.742061299208697,1285,-19.75892541804012
7,30.0,14.742061299208697,1286,-19.77082365749345
7,30.0,14.742061299208697,1287,-19.782721185616424
7,30.0,14.742061299208697,1288,-19.794618003364917
7,30.0,14.742061299208697,1289,-19.806514111690262
7,30.0,14.742061299208697,1290,-19.818409511537425
7,30.0,14.742061299208697,1291,-19.830304203855917
7,30.0,14.742061299208697,1292,-19.842198189593432
7,30.0,14.742061299208697,1293,-19.85409146968857
7,30.0,14.742061299208697,1294,-19.865984045086293
7,30.0,14.742061299208697,1295,-19.877875916725202
7,30.0,14.742061299208697,1296,-19.889767085544804
7,30.0,14.742061299208697,1297,-19.90165755247915
7,30.0,14.742061299208697,1298,-19.913547318463202
7,30.0,14.742061299208697,1299,-19.92543638443101
7,30.0,14.742061299208697,1300,-19.937324751312076
7,30.0,14.742061299208697,1301,-19.949212420034087
7,30.0,14.742061299208697,1302,-19.961099391526545
7,30.0,14.742061299208697,1303,-19.97298566671259
7,30.0,14.742061299208697,1304,-19.984871246518992
7,30.0,14.742061299208697,1305,-19.996756131860707
7,30.0,14.742061299208697,1306,-20.008640323667237
7,30.0,14.742061299208697,1307,-20.020523822848077
7,30.0,14.742061299208697,1308,-20.032406630324544
7,30.0,14.742061299208697,1309,-20.044288747006135
7,30.0,14.742061299208697,1310,-20.056170173815076
7,30.0,14.742061299208697,1311,-20.068050911651767
7,30.0,14.742061299208697,1312,-20.07993096143207
7,30.0,14.742061299208697,1313,-20.09181032406184
7,30.0,14.742061299208697,1314,-20.103689000447844
7,30.0,14.742061299208697,1315,-20.115566991490482
7,30.0,14.742061299208697,1316,-20.12744429809743
7,30.0,14.742061299208697,1317,-20.13932092116727
7,30.0,14.742061299208697,1318,-20.15119686159403
7,30.0,14.742061299208697,1319,-20.163072120280845
7,30.0,14.742061299208697,1320,-20.174946698120834
7,30.0,14.742061299208697,1321,-20.186820596008033
7,30.0,14.742061299208697,1322,-20.198693814836474
7,30.0,14.742061299208697,1323,-20.210566355489277
7,30.0,14.742061299208697,1324,-20.222438218862294
7,30.0,14.742061299208697,1325,-20.234309405839554
7,30.0,14.742061299208697,1326,-20.246179917305994
7,30.0,14.742061299208697,1327,-20.258049754146555
7,30.0,14.742061299208697,1328,-20.269918917245263
7,30.0,14.742061299208697,1329,-20.281787407472507
7,30.0,14.742061299208697,1330,-20.29365522571868
7,30.0,14.742061299208697,1331,-20.305522372849623
7,30.0,14.742061299208697,1332,-20.317388849749364
7,30.0,14.742061299208697,1333,-20.329254657281922
7,30.0,14.742061299208697,1334,-20.341119796329508
7,30.0,14.742061299208697,1335,-20.352984267755232
7,30.0,14.742061299208697,1336,-20.3648480724313
7,30.0,14.742061299208697,1337,-20.376711211218094
7,30.0,14.742061299208697,1338,-20.388573684988728
7,30.0,14.742061299208697,1339,-20.400435494600856
7,30.0,14.742061299208697,1340,-20.412296640919408
7,30.0,14.742061299208697,1341,-20.424157124800217
7,30.0,14.742061299208697,1342,-20.436016947109124
7,30.0,14.742061299208697,1343,-20.447876108694686
7,30.0,14.742061299208697,1344,-20.459734610420014
7,30.0,14.742061299208697,1345,-20.471592453131848
7,30.0,14.742061299208697,1346,-20.483449637685112
7,30.0,14.742061299208697,1347,-20.495306164933822
7,30.0,14.742061299208697,1348,-20.50716203572017
7,30.0,14.742061299208697,1349,-20.519017250893626
7,30.0,14.742061299208697,1350,-20.530871811304564
7,30.0,14.742061299208697,1351,-20.542725717786084
7,30.0,14.742061299208697,1352,-20.55457897119311
7,30.0,14.742061299208697,1353,-20.56643157235783
7,30.0,14.742061299208697,1354,-20.578283522123343
7,30.0,14.742061299208697,1355,-20.590134821325478
7,30.0,14.742061299208697,1356,-20.60198547080097
7,30.0,14.742061299208697,1357,-20.613835471384732
7,30.0,14.742061299208697,1358,-20.625684823907136
7,30.0,14.742061299208697,1359,-20.637533529202187
7,30.0,14.742061299208697,1360,-20.649381588100255
7,30.0,14.742061299208697,1361,-20.66122900142625
7,30.0,14.742061299208697,1362,-20.67307577001327
7,30.0,14.742061299208697,1363,-20.684921894674403
7,30.0,14.742061299208697,1364,-20.696767376248204
7,30.0,14.742061299208697,1365,-20.70861221554412
7,30.0,14.742061299208697,1366,-20.720456413391616
