setting,episode,agent,nlpd,dex,regret,touched,ms
shape,0,eig,0.3320831217666093,0.47118975546010744,0.34004982466241573,0.5,16.92841249999999
shape,0,epig,0.3359905605924856,0.4791320386624028,0.34004982466241573,0.5,85.68050624999997
shape,0,maxent,0.3322599371801814,0.525100835209329,0.5724434995610999,0.75,12.827224999999915
shape,0,d-optimality,0.3419408677925711,0.5120793246942467,0.34004982466241573,1.0,0.7210437499999556
shape,0,neyman,0.3428469731240977,0.526898870142769,0.48711678170184375,1.0,1.2953062499999612
shape,0,predictive-variance,0.33108029391618315,0.5529380712476242,0.7176821926527694,0.16666666666666666,2.78994999999993
shape,0,epistemic,0.33108029391618315,0.5529380712476242,0.7176821926527694,0.16666666666666666,2.9073500000000863
shape,0,thompson,0.32889279078125905,0.5449092768445126,0.6374951654093869,0.16666666666666666,3.37294999999993
shape,0,uniform,0.32606686182788774,0.49068873328170076,0.5724434995610999,0.3333333333333333,0.0011499999998942911
shape,0,random,0.3404177576941003,0.5126564580799801,0.5465787098411421,0.5,0.008100000000066387
shape,0,eig@gamma-poisson,0.3488901260356083,0.5096775797035055,0.7176821926527694,1.0,0.9799374999999999
shape,0,eig@lognormal-poisson,0.3265953455612937,0.5092418001026909,0.7176821926527694,1.0,30.164431250000014
shape,0,bo-ei@gp-poisson,0.33276707486184137,0.5645974324686621,0.5724434995610999,0.6666666666666666,1.8329874999999385
shape,0,bo-ucb@gp-poisson,0.33455700667830196,0.5660566114043905,0.4477496007769196,0.8333333333333334,0.0983124999999474
shape,1,eig,0.9053016937845499,0.47767101289525277,0.6188330740692974,0.5,16.410656249999988
shape,1,epig,0.9053016937845499,0.47767101289525277,0.6188330740692974,0.5,87.59953124999991
shape,1,maxent,0.8954819101268585,0.4316272777121329,0.41920005586578035,0.8333333333333334,12.326975000000019
shape,1,d-optimality,0.9641712041964193,0.531721777431497,0.6188330740692974,1.0,0.7101374999998189
shape,1,neyman,0.9550445977365354,0.5397680885280216,0.6188330740692974,1.0,1.3740312499999074
shape,1,predictive-variance,0.9198469830572199,0.45784683722258274,0.7275724226023714,0.16666666666666666,2.8881499999999782
shape,1,epistemic,0.9198469830572199,0.45784683722258274,0.7275724226023714,0.16666666666666666,2.6870999999997203
shape,1,thompson,0.888033952372529,0.43447116360873766,0.7275724226023714,0.08333333333333333,3.1111500000000625
shape,1,uniform,0.9131407462258659,0.4496568189533574,0.5186025868881698,0.3333333333333333,0.001174999999964399
shape,1,random,0.9049412134079872,0.4305870618417623,0.6677201346942014,0.25,0.006133333333361672
shape,1,eig@gamma-poisson,1.022433011459045,0.6050324279608411,0.7416570552753013,1.0,1.0918687499999469
shape,1,eig@lognormal-poisson,0.889196543394306,0.44778631841537125,0.5116468751017931,0.8333333333333334,31.364324999999972
shape,1,bo-ei@gp-poisson,0.8822463808936498,0.438114501353796,0.5213142763620241,0.8333333333333334,1.7202875000000284
shape,1,bo-ucb@gp-poisson,0.8822463808936498,0.438114501353796,0.5213142763620241,0.8333333333333334,0.1014937500000146
shape,2,eig,0.5521099311599795,0.6479151611589413,0.1563898057190906,0.5,16.278550000000003
shape,2,epig,0.5834027586622168,0.6714646012370763,0.1563898057190906,0.5,85.62420624999989
shape,2,maxent,0.6426931569378748,0.7277782179812211,0.1371990670340077,0.5833333333333334,12.575743749999923
shape,2,d-optimality,0.6766050046861783,0.7419166102378083,0.8316556998346848,1.0,0.7260437500000161
shape,2,neyman,0.6770839369389555,0.7540209596248968,0.8628400229353487,1.0,1.2882249999999762
shape,2,predictive-variance,0.6414746967240478,0.7272198176281747,0.8163712490271663,0.16666666666666666,3.856949999999859
shape,2,epistemic,0.6414746967240478,0.7272198176281747,0.8163712490271663,0.16666666666666666,3.0509000000003006
shape,2,thompson,0.63209759525522,0.6235144775030654,0.046877551360033354,0.16666666666666666,3.2522999999997637
shape,2,uniform,0.6588777563770378,0.7677235077721157,0.1371990670340077,0.3333333333333333,0.0013250000001630013
shape,2,random,0.6623637431227912,0.733774343849184,0.079586573072973,0.4166666666666667,0.013366666666551433
shape,2,eig@gamma-poisson,0.7220943218250961,0.7310665016517442,0.1371990670340077,1.0,0.9169374999998259
shape,2,eig@lognormal-poisson,0.6776066718683325,0.7189825037082738,0.1371990670340077,1.0,31.200756249999685
shape,2,bo-ei@gp-poisson,0.6600491268443515,0.7434061097982418,0.13598925743149148,0.5,1.9794687499998798
shape,2,bo-ucb@gp-poisson,0.6605913660978265,0.7439477697211594,0.13598925743149148,0.5833333333333334,0.10908124999986502
shape,3,eig,0.45142004893114307,0.4833253191590566,0.3343969169448794,0.5,16.518906249999745
shape,3,epig,0.45065271897757314,0.476282289707012,0.3343969169448794,0.5,84.90301874999994
shape,3,maxent,0.4628984563414929,0.503639418778919,0.37089414465052506,1.0,12.195981250000099
shape,3,d-optimality,0.45492907182535514,0.48862569361410313,0.3343969169448794,1.0,0.7842000000002347
shape,3,neyman,0.4628984563414929,0.503639418778919,0.37089414465052506,1.0,1.2898562500001098
shape,3,predictive-variance,0.4687397182439115,0.5657942439201902,0.4563962544283663,0.16666666666666666,5.184749999999738
shape,3,epistemic,0.4687397182439115,0.5657942439201902,0.4563962544283663,0.16666666666666666,2.90775000000032
shape,3,thompson,0.473072756465797,0.5851531135619163,0.48893787211324563,0.16666666666666666,3.104600000000346
shape,3,uniform,0.45994406972314095,0.46202988877404905,0.2684434302219738,0.3333333333333333,0.0015499999999057934
shape,3,random,0.4588122491605329,0.4739732506925061,0.22097952167886117,0.5,0.006342857143134698
shape,3,eig@gamma-poisson,0.5023213200420379,0.47632900606836054,0.2663455684479426,1.0,0.934706249999806
shape,3,eig@lognormal-poisson,0.46300063345529113,0.5089440124978877,0.4563962544283663,1.0,33.60482500000006
shape,3,bo-ei@gp-poisson,0.4721703109941291,0.4738595437750032,0.27307098616623576,1.0,1.7186187499997896
shape,3,bo-ucb@gp-poisson,0.4721703109941291,0.4738595437750032,0.27307098616623576,1.0,0.10120625000009653
shape,4,eig,0.3800970893301632,0.6606970601665849,0.13477209815758617,0.5,16.510549999999903
shape,4,epig,0.3723587393310724,0.6407970934134778,0.13477209815758617,0.5,86.7565625000003
shape,4,maxent,0.413169512793953,0.7797736617142613,0.49701295242056015,0.3333333333333333,12.284031250000105
shape,4,d-optimality,0.37414385271383166,0.6890079461533489,0.30845206893287763,1.0,0.7357000000000058
shape,4,neyman,0.3749185642562871,0.7001004118130462,0.12941652147215393,1.0,1.403531249999923
shape,4,predictive-variance,0.41004393872592687,0.7687921062376973,0.49701295242056015,0.16666666666666666,2.8524499999997843
shape,4,epistemic,0.41004393872592687,0.7687921062376973,0.49701295242056015,0.16666666666666666,2.777699999999328
shape,4,thompson,0.409770679013113,0.7274161239223069,0.4963205085167175,0.16666666666666666,3.04540000000042
shape,4,uniform,0.404308071852766,0.6814554090427604,0.46775089497768113,0.3333333333333333,0.0012000000002565514
shape,4,random,0.3859756509915857,0.8026518153861499,0.42479821505025334,0.5,0.0057888888886421025
shape,4,eig@gamma-poisson,0.40868008531310474,0.7403399868918028,0.3955361576073744,0.8333333333333334,1.1673999999998186
shape,4,eig@lognormal-poisson,0.38915723589049067,0.7382671883193915,0.3955361576073744,0.8333333333333334,30.31396874999992
shape,4,bo-ei@gp-poisson,0.42309605354371466,0.7837032545627611,0.6001490036725189,0.5,1.7583437500001686
shape,4,bo-ucb@gp-poisson,0.4239137718289871,0.7849397651988799,0.29550181476871884,0.5833333333333334,0.09881249999987851
shape,5,eig,0.30488824407094123,0.5692546713128507,0.15475641667304882,0.5,16.789849999999994
shape,5,epig,0.30488824407094123,0.5692546713128507,0.15475641667304882,0.5,85.32954374999979
shape,5,maxent,0.3057395601356751,0.6306318189406868,0.1793431493365165,1.0,13.046581250000244
shape,5,d-optimality,0.3051841241062462,0.5965279983792088,0.15475641667304882,1.0,0.7534312499994922
shape,5,neyman,0.3057395601356751,0.6306318189406868,0.1793431493365165,1.0,1.4569062500000562
shape,5,predictive-variance,0.3210487723572254,0.7267973461275162,0.4514575708906084,0.16666666666666666,2.7513500000013735
shape,5,epistemic,0.3210487723572254,0.7267973461275162,0.4514575708906084,0.16666666666666666,2.723000000000475
shape,5,thompson,0.31423086131368255,0.7182798184823279,0.7401197637820502,0.16666666666666666,3.253100000000231
shape,5,uniform,0.32197126623744776,0.7086141070282644,0.757209650268531,0.3333333333333333,0.0012249999996605254
shape,5,random,0.3143897770942846,0.6276082161629521,0.4584797950162396,0.4166666666666667,0.006650000000441025
shape,5,eig@gamma-poisson,0.3252381178097709,0.5655711711415263,0.4926034451264513,1.0,0.9070624999999444
shape,5,eig@lognormal-poisson,0.309635400597588,0.6515209064183085,0.3768696499633938,1.0,30.589381250000216
shape,5,bo-ei@gp-poisson,0.30284357504832493,0.5777080410341552,0.6268065319055923,1.0,1.6810999999996579
shape,5,bo-ucb@gp-poisson,0.30284357504832493,0.5777080410341552,0.6268065319055923,1.0,0.09611874999926329
shape,6,eig,0.3300296942904199,0.5447229762542657,0.0651000774008772,0.5,16.46935624999979
shape,6,epig,0.3300296942904199,0.5447229762542657,0.0651000774008772,0.5,85.4414562500001
shape,6,maxent,0.3361410992007617,0.6068144072235764,0.5501779758399565,1.0,12.120318749999415
shape,6,d-optimality,0.3328551628930861,0.5759421228967766,0.0651000774008772,1.0,0.8043187499997551
shape,6,neyman,0.3361410992007617,0.6068144072235764,0.5501779758399565,1.0,1.4030812500001044
shape,6,predictive-variance,0.3420712199250375,0.6911209121325675,0.8237306970677685,0.16666666666666666,2.789900000001566
shape,6,epistemic,0.3420712199250375,0.6911209121325675,0.8237306970677685,0.16666666666666666,2.816300000000993
shape,6,thompson,0.34108333672050034,0.6631657299796249,0.8418428647330342,0.16666666666666666,3.1808999999984877
shape,6,uniform,0.3380782507966415,0.6662267487016996,0.8717398646274929,0.3333333333333333,0.0011749999995203098
shape,6,random,0.3402451256988095,0.6531734998376594,0.8067658399099787,0.3333333333333333,0.006640000000146529
shape,6,eig@gamma-poisson,0.34607551497044436,0.5476282033928933,0.6550425913557788,1.0,0.9091312500000281
shape,6,eig@lognormal-poisson,0.3438300204139429,0.6282805254614459,0.8237306970677685,1.0,30.939243750000458
shape,6,bo-ei@gp-poisson,0.3375397003536362,0.5465493724434682,0.9068168894505482,1.0,1.7023874999997357
shape,6,bo-ucb@gp-poisson,0.3375397003536362,0.5465493724434682,0.9068168894505482,1.0,0.10181874999970475
shape,7,eig,0.5104862105836455,0.5259071659846182,0.4872852984779657,0.5,16.492275000000056
shape,7,epig,0.5104862105836455,0.5259071659846182,0.4872852984779657,0.5,83.9456437499999
shape,7,maxent,0.5048324858914822,0.5416256873883837,0.5951378556710224,1.0,12.528024999999943
shape,7,d-optimality,0.5050235368716043,0.5311915454751822,0.4872852984779657,1.0,0.7265187500005155
shape,7,neyman,0.5072250110301643,0.5416501748853864,0.5856475413463818,1.0,1.2472062499997438
shape,7,predictive-variance,0.5048342474516733,0.590893750866505,0.12637484305019997,0.16666666666666666,2.7582999999999913
shape,7,epistemic,0.5048342474516733,0.590893750866505,0.12637484305019997,0.16666666666666666,2.7821000000010088
shape,7,thompson,0.5354736033491285,0.571260335321518,0.7676949131991737,0.16666666666666666,3.8068999999989472
shape,7,uniform,0.5283453140141344,0.5664601566051922,0.5891631095642764,0.3333333333333333,0.0011749999995203098
shape,7,random,0.5001975502225744,0.5956454893453753,0.3038495675595689,0.3333333333333333,0.006133333333361672
shape,7,eig@gamma-poisson,0.5545548379522746,0.5234215915592084,0.5091275798990229,1.0,0.9606500000001184
shape,7,eig@lognormal-poisson,0.5065765786698487,0.5484346758361924,0.22379060907748555,1.0,30.956212500000024
shape,7,bo-ei@gp-poisson,0.5145275838783002,0.5839703158485235,0.5951378556710224,1.0,1.8290750000002909
shape,7,bo-ucb@gp-poisson,0.51250109386369,0.5843373990136035,0.6147335595433832,0.9166666666666666,0.10491874999973838
shape,8,eig,0.3505269803020703,0.5302218335224477,0.2937846219229866,0.5,17.011431249999156
shape,8,epig,0.3505269803020703,0.5302218335224477,0.2937846219229866,0.5,85.60765624999966
shape,8,maxent,0.36628190657928134,0.5701761629182253,0.31115774384331535,1.0,12.967425000000254
shape,8,d-optimality,0.3638263781628439,0.5366272379349302,0.5124480256203847,1.0,0.7760375000003261
shape,8,neyman,0.36628190657928134,0.5701761629182253,0.31115774384331535,1.0,1.304068749999887
shape,8,predictive-variance,0.37141409483408744,0.645162160563473,0.709765393905185,0.16666666666666666,3.03740000000019
shape,8,epistemic,0.37141409483408744,0.645162160563473,0.709765393905185,0.16666666666666666,3.418299999999874
shape,8,thompson,0.3687673375930443,0.5764333425438679,0.6678272051228398,0.16666666666666666,3.045100000001355
shape,8,uniform,0.3661228570105109,0.5911842212743156,0.751318874157474,0.3333333333333333,0.001274999999800741
shape,8,random,0.37165082531918436,0.606329083374547,0.4799533492261448,0.3333333333333333,0.0066500000007370845
shape,8,eig@gamma-poisson,0.3999668775066864,0.5039667326396723,0.42911472228682523,1.0,0.9900937500000317
shape,8,eig@lognormal-poisson,0.3736236266552946,0.581490348886412,0.7962466534108781,1.0,30.92333749999976
shape,8,bo-ei@gp-poisson,0.37242309320805883,0.5214396740250872,0.8797383224455121,1.0,1.6745937500002306
shape,8,bo-ucb@gp-poisson,0.37242309320805883,0.5214396740250872,0.8797383224455121,1.0,0.09534375000042061
shape,9,eig,0.4477718415948033,0.473336717500702,0.5990634357299329,0.5,16.336237499999797
shape,9,epig,0.4477718415948033,0.473336717500702,0.5990634357299329,0.5,85.02369374999974
shape,9,maxent,0.4573267660411078,0.5319368567714877,0.14913905827792143,1.0,12.253174999999672
shape,9,d-optimality,0.4529807072116577,0.5028374567838423,0.5990634357299329,1.0,0.7214812500000445
shape,9,neyman,0.4573267660411078,0.5319368567714877,0.14913905827792143,1.0,1.5072750000002522
shape,9,predictive-variance,0.46445393650392264,0.6113987143483778,0.8763593717617987,0.16666666666666666,2.7500000000006963
shape,9,epistemic,0.46445393650392264,0.6113987143483778,0.8763593717617987,0.16666666666666666,3.6141000000000645
shape,9,thompson,0.45656330931132877,0.5605285257737245,0.8751497659112024,0.16666666666666666,3.2573500000001587
shape,9,uniform,0.4567141490805387,0.5643419631401699,0.8519099299398116,0.3333333333333333,0.0011249999989360049
shape,9,random,0.45924333661558553,0.571934703056066,0.8312787664596933,0.5,0.0064750000010604936
shape,9,eig@gamma-poisson,0.5138901991680356,0.48172487795679275,0.7557020291073225,1.0,0.9905750000001046
shape,9,eig@lognormal-poisson,0.4812715588198894,0.5522724018449486,0.8763593717617987,1.0,29.747612499999796
shape,9,bo-ei@gp-poisson,0.4921170094347804,0.4883528220648586,0.914906005225219,1.0,1.7640937500003062
shape,9,bo-ucb@gp-poisson,0.4921170094347804,0.4883528220648586,0.914906005225219,1.0,0.10363124999979156
shape,10,eig,0.5032826255431735,0.7051351522089848,0.8181617651604475,0.5,17.62701249999976
shape,10,epig,0.5032826255431735,0.7051351522089848,0.8181617651604475,0.5,85.3933687499997
shape,10,maxent,0.49672420086935726,0.7138096814636993,0.6542727358745721,1.0,12.356718750000217
shape,10,d-optimality,0.5010633786632571,0.7042884821721176,0.8181617651604475,1.0,0.8378625000000639
shape,10,neyman,0.49672420086935726,0.7138096814636993,0.6542727358745721,1.0,1.2621124999996347
shape,10,predictive-variance,0.49396387013604076,0.7507151614634158,0.4049543450030992,0.16666666666666666,3.0321999999998184
shape,10,epistemic,0.49396387013604076,0.7507151614634158,0.4049543450030992,0.16666666666666666,2.816349999999801
shape,10,thompson,0.5025172307488693,0.7073427407403334,0.42333883731636207,0.16666666666666666,3.229949999999704
shape,10,uniform,0.4895464943978136,0.6524879551275167,0.23920922353849725,0.3333333333333333,0.0012499999995085886
shape,10,random,0.48935711184200725,0.7012359264889786,0.24753197684253342,0.3333333333333333,0.0071600000005389575
shape,10,eig@gamma-poisson,0.5310070104485418,0.6606635738877136,0.7702181574988666,1.0,0.9070687499996843
shape,10,eig@lognormal-poisson,0.4911877752532639,0.7013202589642357,0.4049543450030992,1.0,30.55670625000051
shape,10,bo-ei@gp-poisson,0.5059612938999413,0.6522591334839333,0.39663159169906304,1.0,1.7734312500001792
shape,10,bo-ucb@gp-poisson,0.5059612938999413,0.6522591334839333,0.39663159169906304,1.0,0.1073437499998775
shape,11,eig,0.3172375247427384,0.7894236916457426,0.670830311447148,0.5,16.443806249999415
shape,11,epig,0.3172375247427384,0.7894236916457426,0.670830311447148,0.5,85.69244374999974
shape,11,maxent,0.31302791755085574,0.818765876747761,0.7484637335967019,1.0,12.110512500000059
shape,11,d-optimality,0.314056050332352,0.7963961966007345,0.670830311447148,1.0,0.752787500000407
shape,11,neyman,0.31302791755085574,0.818765876747761,0.7484637335967019,1.0,1.5129562499995863
shape,11,predictive-variance,0.3180278852708779,0.8938044676978824,0.38434496366918913,0.16666666666666666,2.8644999999993814
shape,11,epistemic,0.3180278852708779,0.8938044676978824,0.38434496366918913,0.16666666666666666,2.8009499999974707
shape,11,thompson,0.3235117462423459,0.9054753110408241,0.38434496366918913,0.08333333333333333,3.654150000000911
shape,11,uniform,0.32339457402292726,0.8602175062267668,0.7273892629213342,0.3333333333333333,0.0011000000004202093
shape,11,random,0.3255020413981424,0.8661544923944444,0.678456443121034,0.5,0.005877777777780264
shape,11,eig@gamma-poisson,0.3048690065719383,0.7228441815750419,0.5896245767013304,1.0,0.9249874999999186
shape,11,eig@lognormal-poisson,0.302624714918292,0.806386445250475,0.38434496366918913,1.0,30.20685000000034
shape,11,bo-ei@gp-poisson,0.2946852945412923,0.7039065002269412,0.9424163862978049,1.0,1.6645562499992828
shape,11,bo-ucb@gp-poisson,0.2946852945412923,0.7039065002269412,0.9424163862978049,1.0,0.09856250000028766
shape,12,eig,0.36098474290619836,0.6175803236735522,0.3639779650614652,0.5,18.621412500000154
shape,12,epig,0.36098474290619836,0.6175803236735522,0.3639779650614652,0.5,85.72831250000057
shape,12,maxent,0.360049816415813,0.6662366203136565,0.4778488197380919,1.0,12.405725000001144
shape,12,d-optimality,0.3599628331943862,0.6440941550873814,0.3639779650614652,1.0,0.7431749999993187
shape,12,neyman,0.360049816415813,0.6662366203136565,0.4778488197380919,1.0,1.374718749999282
shape,12,predictive-variance,0.36269858772982816,0.7398192812834654,0.6197868471685928,0.16666666666666666,3.8305499999964354
shape,12,epistemic,0.36269858772982816,0.7398192812834654,0.6197868471685928,0.16666666666666666,4.18665000000118
shape,12,thompson,0.3607664539805083,0.7025844201599237,0.5314389268183746,0.16666666666666666,2.923500000001411
shape,12,uniform,0.34208613204650223,0.700127828450813,0.5218831146154146,0.3333333333333333,0.0014499999991812729
shape,12,random,0.3528117496722496,0.7628500026848501,0.574504356362235,0.16666666666666666,0.010199999994853215
shape,12,eig@gamma-poisson,0.3729097638309755,0.6106968015280209,0.7275177289175329,1.0,1.0257937499997816
shape,12,eig@lognormal-poisson,0.359261505673193,0.6783658118047348,0.6197868471685928,1.0,31.491574999999994
shape,12,bo-ei@gp-poisson,0.35620787535335724,0.5998490946445347,0.5218831146154146,1.0,1.6502812499998853
shape,12,bo-ucb@gp-poisson,0.35620787535335724,0.5998490946445347,0.5218831146154146,1.0,0.09794375000016231
shape,13,eig,0.4106847168662379,0.48145230163060493,0.04383185066151349,0.5,16.187393749999224
shape,13,epig,0.4074257119690013,0.4690741363213973,0.04383185066151349,0.5,85.68095625000005
shape,13,maxent,0.4460091283344083,0.5269836396042706,0.6159913244779067,1.0,12.382818749999913
shape,13,d-optimality,0.4046039495307116,0.4674840353050195,0.04383185066151349,1.0,0.7511437499996276
shape,13,neyman,0.44946297758209397,0.5326767430891478,0.6779046062410431,1.0,1.3851812500003113
shape,13,predictive-variance,0.4466781807844747,0.5858958283498292,0.41667516198681215,0.16666666666666666,2.8562999999977023
shape,13,epistemic,0.4466781807844747,0.5858958283498292,0.41667516198681215,0.16666666666666666,2.9575500000014188
shape,13,thompson,0.4397436825930922,0.5214327279202952,0.33254946838461963,0.16666666666666666,4.194250000001176
shape,13,uniform,0.4437884165159786,0.5155334501082808,0.3402926984853996,0.3333333333333333,0.0011500000010045142
shape,13,random,0.442027826875033,0.52461572532528,0.5416697793717997,0.3333333333333333,0.006619999999202264
shape,13,eig@gamma-poisson,0.42846520499671703,0.4326534623429579,0.38259082675683037,1.0,0.9918750000004195
shape,13,eig@lognormal-poisson,0.4551381139433925,0.5441282592290089,0.41667516198681215,1.0,29.936800000000208
shape,13,bo-ei@gp-poisson,0.4685546402477911,0.5997599807249293,0.6159913244779067,1.0,1.65469375000038
shape,13,bo-ucb@gp-poisson,0.46213512302536536,0.5919102072279404,0.5468852441660546,0.9166666666666666,0.10006874999834992
shape,14,eig,0.35966943441811833,0.5608195504695567,0.2116821482031123,0.5,16.26244374999919
shape,14,epig,0.35966943441811833,0.5608195504695567,0.2116821482031123,0.5,85.50578750000115
shape,14,maxent,0.3686272158695991,0.7347559729262879,0.5299795334271519,0.5,12.664100000000289
shape,14,d-optimality,0.35802260768023847,0.6169474915065445,0.2863915934655869,1.0,0.7297624999997865
shape,14,neyman,0.3597034245542205,0.6343202777434712,0.06391267972372826,1.0,1.2661000000004918
shape,14,predictive-variance,0.37252693857573194,0.7220267240755874,0.8204971576749726,0.16666666666666666,2.773900000001106
shape,14,epistemic,0.37252693857573194,0.7220267240755874,0.8204971576749726,0.16666666666666666,2.789799999998621
shape,14,thompson,0.3672459665556432,0.7286412678608482,0.5299795334271519,0.16666666666666666,3.291799999999512
shape,14,uniform,0.3664930435275369,0.6842859696767023,0.8711069805456244,0.3333333333333333,0.0017000000003264404
shape,14,random,0.3654234270573566,0.7012500060796613,0.5531910560628155,0.25,0.0082999999998871
shape,14,eig@gamma-poisson,0.42534971196342425,0.6502035278625616,0.5299795334271519,1.0,1.0961624999992203
shape,14,eig@lognormal-poisson,0.38452296443905043,0.6869514777171298,0.4888596026434105,0.8333333333333334,29.322606249999605
shape,14,bo-ei@gp-poisson,0.39120136471676153,0.7352049933659829,0.6038008789334673,0.75,1.584812500000421
shape,14,bo-ucb@gp-poisson,0.40161959437713546,0.7481419876613948,0.5968734639813539,0.6666666666666666,0.10161875000003207
shape,15,eig,0.36405508755433996,0.552799390027126,0.5373911287302033,0.5,16.549350000000906
shape,15,epig,0.36405508755433996,0.552799390027126,0.5373911287302033,0.5,85.84101875000005
shape,15,maxent,0.3696193637457699,0.593630381537648,0.5373911287302033,1.0,12.399025000001007
shape,15,d-optimality,0.36243573351837827,0.5683309755216907,0.5373911287302033,1.0,0.7401749999984553
shape,15,neyman,0.3740803866702533,0.6040132127816902,0.5733389004602971,1.0,1.2796499999998545
shape,15,predictive-variance,0.37164197938695764,0.6461385635139374,0.32102505046544055,0.16666666666666666,3.4122500000002276
shape,15,epistemic,0.37164197938695764,0.6461385635139374,0.32102505046544055,0.16666666666666666,3.167099999998868
shape,15,thompson,0.3647010399119883,0.5875239673478474,0.38434253493044224,0.16666666666666666,3.2339499999984866
shape,15,uniform,0.37730120138842116,0.6600199665999364,0.6745615331135343,0.3333333333333333,0.001200000001588819
shape,15,random,0.35817823823923794,0.5934114041461013,0.38434253493044224,0.5,0.006333333332738296
shape,15,eig@gamma-poisson,0.3871398279335562,0.5424275202416426,0.806625243482,1.0,0.9372437500001496
shape,15,eig@lognormal-poisson,0.3802137952042641,0.6147947466506741,0.32102505046544055,1.0,31.65079999999998
shape,15,bo-ei@gp-poisson,0.3897331584827599,0.6706760353037818,0.7725805353713743,0.9166666666666666,1.8873125000009594
shape,15,bo-ucb@gp-poisson,0.38806647677611067,0.6682341890007335,0.806625243482,0.8333333333333334,0.09933124999950138
shape,16,eig,0.8778359905266216,0.628676293808807,0.18651017688326166,0.5,16.579243750000305
shape,16,epig,0.8778359905266216,0.628676293808807,0.18651017688326166,0.5,87.42981250000082
shape,16,maxent,0.9433707376556765,0.6989385080832735,0.8532817944626611,1.0,15.074587500000902
shape,16,d-optimality,0.9963649165848194,0.7083954862468825,0.8348524869166762,1.0,0.9683499999995071
shape,16,neyman,0.9433707376556765,0.6989385080832735,0.8532817944626611,1.0,1.3011874999997453
shape,16,predictive-variance,0.9037412060112754,0.7238545491266335,0.1323289269538046,0.16666666666666666,2.9836500000008925
shape,16,epistemic,0.9037412060112754,0.7238545491266335,0.1323289269538046,0.16666666666666666,2.7900500000015427
shape,16,thompson,0.9099831890504156,0.7352468884523078,0.2091665245433288,0.16666666666666666,3.6137499999959743
shape,16,uniform,0.8445023979574914,0.6405412903889917,0.11149057368263199,0.3333333333333333,0.0012749999989125627
shape,16,random,0.8798190331539417,0.6683102907618504,0.09461716219716695,0.3333333333333333,0.006840000003194291
shape,16,eig@gamma-poisson,1.0467311116403493,0.6956362048967695,0.8948136459002857,1.0,1.080500000000928
shape,16,eig@lognormal-poisson,0.9629695372090361,0.688284429241648,0.14905205451815046,1.0,30.697231249999568
shape,16,bo-ei@gp-poisson,1.0495478433329763,0.6976698866543123,0.11149057368263199,1.0,1.6548937500000527
shape,16,bo-ucb@gp-poisson,1.0495478433329763,0.6976698866543123,0.11149057368263199,1.0,0.09975625000002708
shape,17,eig,0.6514944360632495,0.5585881309777962,0.3335633766528424,0.5,16.98867500000034
shape,17,epig,0.6514944360632495,0.5585881309777962,0.3335633766528424,0.5,85.61294375000017
shape,17,maxent,0.6488395723061663,0.6304222926129354,0.6866853851377543,0.5,12.344118750000632
shape,17,d-optimality,0.6563967064028174,0.5827674682612503,0.3570948258424333,1.0,0.7981875000000471
shape,17,neyman,0.6591378829722204,0.5997947874388169,0.7725905830948184,1.0,1.3756875000003888
shape,17,predictive-variance,0.585190779688164,0.5794598949420698,0.26532210247770993,0.16666666666666666,2.862950000000808
shape,17,epistemic,0.585190779688164,0.5794598949420698,0.26532210247770993,0.16666666666666666,2.9484000000010724
shape,17,thompson,0.6419279293922987,0.6112120405959819,0.5557914455229507,0.16666666666666666,3.110450000001208
shape,17,uniform,0.5829775499702831,0.4763889580670968,0.0623600193965961,0.3333333333333333,0.0013249999994968675
shape,17,random,0.6443170906736728,0.599062326505192,0.7063653452268854,0.3333333333333333,0.007716666665658067
shape,17,eig@gamma-poisson,0.7006130402646042,0.6240244864436095,0.6866853851377543,1.0,0.9495312500003017
shape,17,eig@lognormal-poisson,0.6485028287886893,0.6116641717194368,0.6866853851377543,1.0,30.34099375000121
shape,17,bo-ei@gp-poisson,0.6436974664907945,0.6334760139915458,0.68839365973971,0.75,1.6642375000004428
shape,17,bo-ucb@gp-poisson,0.6416993111120549,0.6295933230513545,0.4837233020566404,0.6666666666666666,0.10019999999988372
shape,18,eig,0.39890555183800586,0.562496065076736,0.44933561915451875,0.5,16.658737500000242
shape,18,epig,0.39890555183800586,0.562496065076736,0.44933561915451875,0.5,85.73651875000054
shape,18,maxent,0.3976611190789265,0.6155390976743368,0.3949648074878691,1.0,12.57570625000115
shape,18,d-optimality,0.3977851642616137,0.5905647392032911,0.44933561915451875,1.0,0.7457437500000275
shape,18,neyman,0.3976611190789265,0.6155390976743368,0.3949648074878691,1.0,1.3458312499992076
shape,18,predictive-variance,0.4025703737592574,0.7014522842783324,0.4788069739023505,0.16666666666666666,2.8356000000009374
shape,18,epistemic,0.4025703737592574,0.7014522842783324,0.4788069739023505,0.16666666666666666,2.852449999998896
shape,18,thompson,0.4075825548863177,0.7019994320417511,0.4788069739023505,0.16666666666666666,3.2251499999986777
shape,18,uniform,0.3970077638584224,0.6202360676288773,0.4512053038086102,0.3333333333333333,0.001250000000396767
shape,18,random,0.4126784936219618,0.658544383133078,0.6304381486315762,0.5,0.014733333332609769
shape,18,eig@gamma-poisson,0.42555051116854226,0.5518039963126505,0.6891473964035644,1.0,0.9206999999991083
shape,18,eig@lognormal-poisson,0.3999844739628628,0.6276065895791021,0.4788069739023505,1.0,30.976874999999904
shape,18,bo-ei@gp-poisson,0.4010880802892054,0.5409879849369117,0.45035842230497825,1.0,1.630474999999354
shape,18,bo-ucb@gp-poisson,0.4010880802892054,0.5409879849369117,0.45035842230497825,1.0,0.1042750000004311
shape,19,eig,0.4651391475458078,0.5161424389232724,0.5078339788821039,0.5,16.207112499999177
shape,19,epig,0.4526238769987687,0.49382809030910607,0.311806389866266,0.5,85.00012500000054
shape,19,maxent,0.5350159126845215,0.6353356514566556,0.661880496991686,1.0,12.448112500000885
shape,19,d-optimality,0.4720887189466298,0.49616280963071463,0.5078339788821039,1.0,0.8380624999997366
shape,19,neyman,0.5350159126845215,0.6353356514566556,0.661880496991686,1.0,1.2874375000002658
shape,19,predictive-variance,0.4768668791857386,0.5683873146494414,0.7052376949367012,0.16666666666666666,2.890799999999416
shape,19,epistemic,0.4768668791857386,0.5683873146494414,0.7052376949367012,0.16666666666666666,2.7703999999992845
shape,19,thompson,0.45738028525605573,0.5649719331277424,0.18281341938044435,0.16666666666666666,3.2022499999975196
shape,19,uniform,0.4790887914672899,0.5417078757504761,0.3198630630695202,0.3333333333333333,0.002175000000548266
shape,19,random,0.5296909325028628,0.6703884698556396,0.5717035084355467,0.4166666666666667,0.007059999998659805
shape,19,eig@gamma-poisson,0.5281491697309063,0.4576300047887421,0.2897509568365299,1.0,0.9247812500001729
shape,19,eig@lognormal-poisson,0.5649399491374527,0.6448611480279314,0.7015493095929468,1.0,30.32585625000017
shape,19,bo-ei@gp-poisson,0.5490892809565538,0.6744078817719291,0.661880496991686,1.0,1.6771937500013046
shape,19,bo-ucb@gp-poisson,0.5864892544756422,0.6919128821355712,0.661880496991686,1.0,0.14552500000108992
shape,20,eig,0.2504348220695783,0.8162330553910737,0.2026207536258815,0.5,16.454631249999796
shape,20,epig,0.2504348220695783,0.8162330553910737,0.2026207536258815,0.5,87.42559999999999
shape,20,maxent,0.2551837327099393,0.8891977045206982,0.23520687452246852,1.0,12.311000000000405
shape,20,d-optimality,0.25238679096667554,0.8557567170400627,0.2026207536258815,1.0,0.7306937499991228
shape,20,neyman,0.2551837327099393,0.8891977045206982,0.23520687452246852,1.0,1.3080750000002972
shape,20,predictive-variance,0.26684614509893373,0.9930281024190637,0.9192396475161664,0.16666666666666666,2.8125499999980264
shape,20,epistemic,0.26684614509893373,0.9930281024190637,0.9192396475161664,0.16666666666666666,2.8478500000019835
shape,20,thompson,0.25891394701801645,0.9184527595397876,0.9453796348984514,0.16666666666666666,3.697549999998273
shape,20,uniform,0.2609855070230646,0.9405568429309094,0.9557749132355942,0.3333333333333333,0.0011750000012966666
shape,20,random,0.2596252633165392,0.933991034480591,0.9192396475161664,0.3333333333333333,0.0068200000015394835
shape,20,eig@gamma-poisson,0.257461348321904,0.8072567955092629,0.5697393276492075,1.0,0.9485812500003021
shape,20,eig@lognormal-poisson,0.26284708166856446,0.9059770610048944,0.9192396475161664,1.0,30.41466875000065
shape,20,bo-ei@gp-poisson,0.24764264362605978,0.7904331485294399,0.9327235335382602,1.0,1.80246875000023
shape,20,bo-ucb@gp-poisson,0.24764264362605978,0.7904331485294399,0.9327235335382602,1.0,0.10941875000014534
shape,21,eig,0.5549154771620404,0.575646181576689,0.19107589652095322,0.5,16.634487500000184
shape,21,epig,0.5549154771620404,0.575646181576689,0.19107589652095322,0.5,85.75173749999988
shape,21,maxent,0.5610271049511275,0.6286345395927241,0.4555260291586191,1.0,12.306768749999364
shape,21,d-optimality,0.5573089041522761,0.6006392064542613,0.19107589652095322,1.0,0.890162499999736
shape,21,neyman,0.5610271049511275,0.6286345395927241,0.4555260291586191,1.0,1.2847437499998726
shape,21,predictive-variance,0.5453031246374346,0.6787573590303849,0.667923796937713,0.16666666666666666,2.9590000000006
shape,21,epistemic,0.5453031246374346,0.6787573590303849,0.667923796937713,0.16666666666666666,2.799450000001258
shape,21,thompson,0.5306995631207577,0.671631797651944,0.49390515521678113,0.16666666666666666,3.102500000000674
shape,21,uniform,0.5473435956521534,0.5642514252534353,0.37870932208415065,0.3333333333333333,0.0012250000001046146
shape,21,random,0.5579592127718642,0.6587153001765027,0.6869978943552904,0.4166666666666667,0.005987500000692592
shape,21,eig@gamma-poisson,0.6515088429781951,0.6157562548276475,0.5246291867809133,1.0,1.0246250000003343
shape,21,eig@lognormal-poisson,0.5841309418902734,0.6616661218902438,0.691841498816602,1.0,29.697868749999135
shape,21,bo-ei@gp-poisson,0.602890711593898,0.6409446681287868,0.6807935465088861,1.0,1.7798250000007343
shape,21,bo-ucb@gp-poisson,0.602890711593898,0.6409446681287868,0.6807935465088861,1.0,0.10255624999988555
shape,22,eig,0.3506945594338049,0.6427783709098236,0.458684025229559,0.5,16.191412500000002
shape,22,epig,0.3506945594338049,0.6427783709098236,0.458684025229559,0.5,85.69506249999792
shape,22,maxent,0.35427409337721416,0.7016169196881458,0.6757478642471793,1.0,12.318174999999876
shape,22,d-optimality,0.350384348216422,0.6675923767880263,0.458684025229559,1.0,0.7930437499998888
shape,22,neyman,0.35427409337721416,0.7016169196881458,0.6757478642471793,1.0,1.2650999999994639
shape,22,predictive-variance,0.3628017985981224,0.775176705979294,0.9266741915197614,0.16666666666666666,2.781099999999981
shape,22,epistemic,0.3628017985981224,0.775176705979294,0.9266741915197614,0.16666666666666666,2.807300000004176
shape,22,thompson,0.37261010648799875,0.7852829797089679,0.9390412561298493,0.16666666666666666,2.978399999996384
shape,22,uniform,0.3543041782523859,0.7198557038143172,0.5040737242844665,0.3333333333333333,0.001800000003271407
shape,22,random,0.3507188787143886,0.701223333169427,0.44095940578908516,0.4166666666666667,0.006428571427566762
shape,22,eig@gamma-poisson,0.36983206495754883,0.6316077274208646,0.40788808942124427,1.0,0.9351312499994435
shape,22,eig@lognormal-poisson,0.3608036473188338,0.7162640288531117,0.9266741915197614,1.0,30.057787500000543
shape,22,bo-ei@gp-poisson,0.3570418582750708,0.6381438532307364,0.9565128511070373,1.0,1.6713624999997734
shape,22,bo-ucb@gp-poisson,0.3570418582750708,0.6381438532307364,0.9565128511070373,1.0,0.09667499999999052
shape,23,eig,0.5120782623346338,0.49614155905294133,0.54085871773486,0.5,16.520762499999897
shape,23,epig,0.5120782623346338,0.49614155905294133,0.54085871773486,0.5,85.45151875000023
shape,23,maxent,0.5130266825989991,0.5122968661494003,0.44092520193358514,1.0,12.338206250000816
shape,23,d-optimality,0.5111801041642942,0.49477116833626344,0.54085871773486,1.0,0.9660625000003087
shape,23,neyman,0.5130266825989991,0.5122968661494003,0.44092520193358514,1.0,1.2803749999998892
shape,23,predictive-variance,0.5225942981104635,0.5655222567744204,0.7638920499132897,0.16666666666666666,3.036250000000962
shape,23,epistemic,0.5225942981104635,0.5655222567744204,0.7638920499132897,0.16666666666666666,2.753850000001279
shape,23,thompson,0.5084820531754248,0.5325628885318766,0.7638920499132897,0.16666666666666666,3.027750000001106
shape,23,uniform,0.5309541089279849,0.5682742688351642,0.437479856508871,0.3333333333333333,0.0012499999986204102
shape,23,random,0.5200168547141903,0.5313632316026604,0.3966485887106415,0.5,0.006350000000783969
shape,23,eig@gamma-poisson,0.564076644442253,0.46500143551653883,0.28898414708545417,1.0,0.9031937500001419
shape,23,eig@lognormal-poisson,0.5148652917585805,0.5106399603441323,0.7638920499132897,1.0,30.8894749999995
shape,23,bo-ei@gp-poisson,0.5291357533265019,0.4770129716477825,0.437479856508871,1.0,1.7985874999988383
shape,23,bo-ucb@gp-poisson,0.5291357533265019,0.4770129716477825,0.437479856508871,1.0,0.09801875000059468
shape,24,eig,0.5611251696975559,0.5221489461387062,0.24031362479129806,0.5,16.22228124999836
shape,24,epig,0.5619349004436234,0.5128610746708472,0.24031362479129806,0.5,87.2774500000002
shape,24,maxent,0.5709560876766343,0.6232926133101089,0.6135161518125559,0.4166666666666667,12.4821562499986
shape,24,d-optimality,0.5550098518578198,0.5155533515181138,0.0835088994335321,1.0,0.7246812499994704
shape,24,neyman,0.5589398948396411,0.5461950476433671,0.4728049518543438,1.0,1.3899687499998592
shape,24,predictive-variance,0.5291774183830671,0.6058810243463064,0.5319409618761691,0.16666666666666666,2.9011000000025433
shape,24,epistemic,0.5291774183830671,0.6058810243463064,0.5319409618761691,0.16666666666666666,3.0807499999951915
shape,24,thompson,0.565534643077445,0.5837427763962951,0.7738213360917294,0.16666666666666666,3.9118500000014933
shape,24,uniform,0.5793820766434085,0.564909182561417,0.7380652441187969,0.3333333333333333,0.0012499999968440534
shape,24,random,0.5574294898773912,0.5731844861462153,0.49308498511637466,0.4166666666666667,0.0066222222222399475
shape,24,eig@gamma-poisson,0.5939330576171742,0.543196914368373,0.6135161518125559,1.0,1.0994812499971474
shape,24,eig@lognormal-poisson,0.5588437586955023,0.5622464772950123,0.6135161518125559,1.0,31.377281249999278
shape,24,bo-ei@gp-poisson,0.5610343509692185,0.6021257792370469,0.45962285180680773,0.5833333333333334,1.8138249999983813
shape,24,bo-ucb@gp-poisson,0.5610343509692185,0.6021257792370469,0.45962285180680773,0.5833333333333334,0.09633750000048735
shape,25,eig,0.46905456328865097,0.6426781126308199,0.5578764465495728,0.5,16.421318750002634
shape,25,epig,0.46905456328865097,0.6426781126308199,0.5578764465495728,0.5,85.76673750000108
shape,25,maxent,0.4713886507540214,0.6912859423352095,0.2742755071299456,1.0,12.492518750001125
shape,25,d-optimality,0.4717517034737608,0.6746590833078182,0.5578764465495728,1.0,0.7858812500005641
shape,25,neyman,0.4713886507540214,0.6912859423352095,0.2742755071299456,1.0,1.2989562499994278
shape,25,predictive-variance,0.47219256492971273,0.7684867455205934,0.7884599084610819,0.16666666666666666,2.7188500000008275
shape,25,epistemic,0.47219256492971273,0.7684867455205934,0.7884599084610819,0.16666666666666666,2.8850500000032753
shape,25,thompson,0.4626180607780188,0.7212104545725874,0.32697137985429325,0.16666666666666666,3.0404500000003054
shape,25,uniform,0.4731755321660172,0.7137433190122556,0.8401936929267092,0.3333333333333333,0.0011499999992281573
shape,25,random,0.47003683811365327,0.7635473555016604,0.3587034708902803,0.3333333333333333,0.006233333337490876
shape,25,eig@gamma-poisson,0.5156075569412596,0.653063585662651,0.856829162511055,1.0,1.0140999999981304
shape,25,eig@lognormal-poisson,0.4785620036847333,0.7070750734122436,0.7884599084610819,1.0,29.844312500002523
shape,25,bo-ei@gp-poisson,0.4920074469681787,0.6384812658726051,0.8426217805391999,1.0,1.7661250000005069
shape,25,bo-ucb@gp-poisson,0.4920074469681787,0.6384812658726051,0.8426217805391999,1.0,0.0986000000002818
shape,26,eig,0.6516206403021725,0.4320832799978987,0.476576881708827,0.5,17.088931249996442
shape,26,epig,0.6516206403021725,0.4320832799978987,0.476576881708827,0.5,86.74681249999949
shape,26,maxent,0.6913071816686222,0.46266856917905386,0.18836328377891148,0.5,12.098331250000705
shape,26,d-optimality,0.6013651839918626,0.35027366172099317,0.07964535061149322,1.0,0.7050937499979426
shape,26,neyman,0.6013651839918626,0.35027366172099317,0.07964535061149322,1.0,1.3356812499996096
shape,26,predictive-variance,0.7597575757359812,0.5245518594240686,0.5852948148762454,0.16666666666666666,2.7564499999996883
shape,26,epistemic,0.7597575757359812,0.5245518594240686,0.5852948148762454,0.16666666666666666,2.8259000000048218
shape,26,thompson,0.7594861877120863,0.5382495001016889,0.5966915741011763,0.08333333333333333,4.169400000009205
shape,26,uniform,0.686252808276648,0.49195515341742013,0.607609732871221,0.3333333333333333,0.001150000002780871
shape,26,random,0.7517657930737989,0.5079253359289686,0.5489668911715219,0.4166666666666667,0.006649999996000133
shape,26,eig@gamma-poisson,0.6597156478712735,0.36109947049168767,0.20422175454034447,0.75,0.9982749999997154
shape,26,eig@lognormal-poisson,0.6391813144450565,0.40209516183435245,0.18836328377891148,0.5833333333333334,30.715456250000273
shape,26,bo-ei@gp-poisson,0.6898944135581,0.487095570159172,0.48527019172600794,0.3333333333333333,1.6519312499996275
shape,26,bo-ucb@gp-poisson,0.6905166336322265,0.48514393083049345,0.4738734325010769,0.4166666666666667,0.1106499999998789
shape,27,eig,0.9834579038531891,0.8143810860357668,0.017486692966514502,0.5,16.06751874999901
shape,27,epig,0.9780233347675321,0.7913055135400145,0.017486692966514502,0.5,86.50520625000357
shape,27,maxent,1.0030960587199025,0.8373916170917413,0.02148183393573358,0.8333333333333334,12.491881249999004
shape,27,d-optimality,1.0458958294514227,0.791379244983512,0.017486692966514502,1.0,0.7061250000024444
shape,27,neyman,1.0210130946201184,0.8114850782367511,0.017486692966514502,1.0,1.3206562499989971
shape,27,predictive-variance,1.1264052141693017,0.9271459278713362,0.6676826248122192,0.08333333333333333,2.7297500000074137
shape,27,epistemic,1.1264052141693017,0.9271459278713362,0.6676826248122192,0.08333333333333333,2.7063000000069337
shape,27,thompson,1.3360545934405696,0.919346298195264,0.33962588035434094,0.16666666666666666,3.1662999999966246
shape,27,uniform,1.1029937498953761,0.8422353314533925,0.020864085744395074,0.3333333333333333,0.0012250000018809715
shape,27,random,1.0173899333847214,0.8452650197753353,0.34004235882712236,0.4166666666666667,0.00679999999656881
shape,27,eig@gamma-poisson,1.0029397600365368,0.8013219196885516,0.33962588035434094,1.0,0.9170437500003459
shape,27,eig@lognormal-poisson,0.9750917478192406,0.8459936261660298,0.34047699715329516,0.8333333333333334,31.029000000001083
shape,27,bo-ei@gp-poisson,0.9471498325237536,0.8873062420500278,0.34047699715329516,0.8333333333333334,1.7622749999999243
shape,27,bo-ucb@gp-poisson,0.953525500065527,0.881590467828454,0.3402436285456794,0.9166666666666666,0.10453125000164931
shape,28,eig,0.5020021817818807,0.42032808299188285,0.29038788444858044,0.5,16.55420000000163
shape,28,epig,0.5051610637908266,0.41848617029419566,0.29038788444858044,0.5,87.7905874999989
shape,28,maxent,0.49948874734387355,0.47399129252001787,0.5691353728069184,0.3333333333333333,12.246056249998638
shape,28,d-optimality,0.5148487710701183,0.4726460132672312,0.29507640259523227,1.0,0.728250000000763
shape,28,neyman,0.49588989106167825,0.4109415640235866,0.28710431426433597,1.0,1.3190375000009524
shape,28,predictive-variance,0.49712117036786463,0.4728290598530204,0.5691353728069184,0.16666666666666666,2.7917500000000928
shape,28,epistemic,0.49712117036786463,0.4728290598530204,0.5691353728069184,0.16666666666666666,3.274749999995663
shape,28,thompson,0.4845695406923856,0.416958178078029,0.2925317600720539,0.16666666666666666,3.653499999998644
shape,28,uniform,0.5135630352265013,0.5105604200835683,0.7248192791143616,0.3333333333333333,0.0011750000012966666
shape,28,random,0.49812500874983084,0.46588312087905315,0.4468129882430659,0.16666666666666666,0.010500000001911758
shape,28,eig@gamma-poisson,0.5641222589728313,0.4182003211467295,0.4468129882430659,1.0,0.9212249999972499
shape,28,eig@lognormal-poisson,0.5031403263879384,0.4220117064784674,0.4468129882430659,1.0,30.659512499998876
shape,28,bo-ei@gp-poisson,0.5055754435049215,0.47521847799054323,0.44504997472754754,0.5,1.7637687499982846
shape,28,bo-ucb@gp-poisson,0.5056949240827823,0.47395573285270926,0.4117130838679709,0.5833333333333334,0.10070625000047073
shape,29,eig,0.37491347318044915,0.5647949341762725,0.41333943064108114,0.5,16.66016250000002
shape,29,epig,0.37491347318044915,0.5647949341762725,0.41333943064108114,0.5,87.81350624999718
shape,29,maxent,0.3768173099472194,0.5958961772283655,0.22167576857060542,1.0,13.051474999999257
shape,29,d-optimality,0.3745161047197545,0.5772240008182344,0.41333943064108114,1.0,0.7346687499980575
shape,29,neyman,0.3768173099472194,0.5958961772283655,0.22167576857060542,1.0,1.2370562499981475
shape,29,predictive-variance,0.3893856081676905,0.6807634494114808,0.6347739188545091,0.16666666666666666,2.788749999993456
shape,29,epistemic,0.3893856081676905,0.6807634494114808,0.6347739188545091,0.16666666666666666,2.7673000000021375
shape,29,thompson,0.3767046719875293,0.6333609830274272,0.6543924464241306,0.16666666666666666,3.344300000001965
shape,29,uniform,0.38195693655147117,0.6170291871663511,0.5608008325248648,0.3333333333333333,0.0013999999950442543
shape,29,random,0.3786800821339764,0.6662797418355967,0.7620040602212617,0.3333333333333333,0.009350000000907244
shape,29,eig@gamma-poisson,0.3955087135933277,0.5283977787287353,0.3318065081387179,1.0,0.914350000001285
shape,29,eig@lognormal-poisson,0.3808838836751411,0.5946947395672542,0.6347739188545091,1.0,33.08384999999969
shape,29,bo-ei@gp-poisson,0.37975915066253746,0.5161097872503495,0.7298963720987105,1.0,1.8317687500015722
shape,29,bo-ucb@gp-poisson,0.37975915066253746,0.5161097872503495,0.7298963720987105,1.0,0.10171875000075659
shape,30,eig,0.49176147155793987,0.6185145501864336,0.7065761379266943,0.5,16.316468750000368
shape,30,epig,0.4920359568879403,0.6046597294756147,0.7065761379266943,0.5,84.97738125000254
shape,30,maxent,0.48770313681185007,0.688780913655005,0.8650607269415108,0.6666666666666666,12.166599999999583
shape,30,d-optimality,0.49979945343900045,0.6372216940452432,0.7065761379266943,1.0,0.731956250000998
shape,30,neyman,0.49149428295048975,0.6375276895995167,0.6013927165542242,1.0,1.4472124999986846
shape,30,predictive-variance,0.47904221382768775,0.6689525157299988,0.2902837621798845,0.16666666666666666,2.8055000000009045
shape,30,epistemic,0.47904221382768775,0.6689525157299988,0.2902837621798845,0.16666666666666666,2.832649999994885
shape,30,thompson,0.47326370290693776,0.5499535186209673,0.2747833741769256,0.16666666666666666,3.188949999994861
shape,30,uniform,0.5173305269070286,0.7233890112840662,0.8650607269415108,0.3333333333333333,0.0011499999992281573
shape,30,random,0.47752786632916194,0.6346063284574514,0.2887321685611782,0.25,0.0070400000026893395
shape,30,eig@gamma-poisson,0.5099153145628347,0.6211742803209581,0.2902837621798845,1.0,0.9414250000006064
shape,30,eig@lognormal-poisson,0.48846500197018733,0.6308542510302915,0.2902837621798845,1.0,30.158749999999124
shape,30,bo-ei@gp-poisson,0.4885351998374894,0.689560913688403,0.8650607269415108,0.5,1.6651687500006673
shape,30,bo-ucb@gp-poisson,0.48870635861484685,0.6880513384145266,0.8650607269415108,0.5833333333333334,0.0969812499986844
shape,31,eig,0.46130103511181186,0.49844888316095576,0.7264191161815254,0.5,16.807300000001746
shape,31,epig,0.46130103511181186,0.49844888316095576,0.7264191161815254,0.5,86.88047499999918
shape,31,maxent,0.46852222168131546,0.5341245037731607,0.10468876694252577,1.0,12.495949999999922
shape,31,d-optimality,0.46694040782277746,0.5193876400970702,0.7264191161815254,1.0,0.764950000002429
shape,31,neyman,0.46852222168131546,0.5341245037731607,0.10468876694252577,1.0,1.3678187499985839
shape,31,predictive-variance,0.4721455123658762,0.6036943487244066,0.79114116736627,0.16666666666666666,3.2868999999990933
shape,31,epistemic,0.4721455123658762,0.6036943487244066,0.79114116736627,0.16666666666666666,2.8199999999998226
shape,31,thompson,0.47146832589360416,0.6025274320188366,0.8530214092311962,0.16666666666666666,3.1287499999947954
shape,31,uniform,0.466582902465041,0.5613635573695623,0.8485790128532813,0.3333333333333333,0.0012750000024652763
shape,31,random,0.47394716701023326,0.5504694828846474,0.7890869603588375,0.5,0.00630000000256814
shape,31,eig@gamma-poisson,0.5014369481262253,0.5064197458564026,0.7952625576099922,1.0,1.0418187499983134
shape,31,eig@lognormal-poisson,0.48067875099308116,0.547939738095672,0.79114116736627,1.0,32.49883749999949
shape,31,bo-ei@gp-poisson,0.49544923286950476,0.5048718342720476,0.7889907042100954,1.0,1.7288437500013742
shape,31,bo-ucb@gp-poisson,0.49544923286950476,0.5048718342720476,0.7889907042100954,1.0,0.09708750000125832
shape,32,eig,0.3188830886153516,0.5016603271182558,0.49780868414261203,0.5,17.0699812499997
shape,32,epig,0.3188830886153516,0.5016603271182558,0.49780868414261203,0.5,87.25558125000089
shape,32,maxent,0.32298646117161706,0.5434172784091172,0.17246726925205594,1.0,12.74658750000146
shape,32,d-optimality,0.32053093275517963,0.5186143559799611,0.49780868414261203,1.0,0.815368750002321
shape,32,neyman,0.32298646117161706,0.5434172784091172,0.17246726925205594,1.0,1.4276062500009346
shape,32,predictive-variance,0.334130030847324,0.6326176518782509,0.5713188855264419,0.16666666666666666,2.7382000000031326
shape,32,epistemic,0.334130030847324,0.6326176518782509,0.5713188855264419,0.16666666666666666,3.1041000000016084
shape,32,thompson,0.32529886052228973,0.5565425048602601,0.7860500662982308,0.16666666666666666,3.486600000002227
shape,32,uniform,0.32704046559199756,0.572265550031515,0.5720118947619798,0.3333333333333333,0.0013750000000811724
shape,32,random,0.327767732925989,0.5760172054279,0.7860500662982308,0.4166666666666667,0.006766666669951367
shape,32,eig@gamma-poisson,0.34351925752855234,0.4808699054280508,0.3572807139901909,1.0,0.9754312499996587
shape,32,eig@lognormal-poisson,0.33190447631086845,0.5490027111024268,0.7860500662982308,1.0,30.657274999998485
shape,32,bo-ei@gp-poisson,0.3260228770296847,0.4840451712533337,0.5610665404098251,1.0,1.6626437499995816
shape,32,bo-ucb@gp-poisson,0.3260228770296847,0.4840451712533337,0.5610665404098251,1.0,0.11092500000042804
shape,33,eig,0.33162527113820334,0.40046156274208544,0.5083509407547504,0.5,16.696693750000158
shape,33,epig,0.33162527113820334,0.40046156274208544,0.5083509407547504,0.5,85.16026874999838
shape,33,maxent,0.35260701144734585,0.5205937692287723,0.5357973147296186,0.5,12.473506250000987
shape,33,d-optimality,0.33091866922563923,0.4064124368801731,0.20385368371068402,1.0,0.8138500000001159
shape,33,neyman,0.3332085221344809,0.43689927937577877,0.40383868840254455,1.0,1.2457999999995195
shape,33,predictive-variance,0.35215869347024104,0.542568098408761,0.8463476471993484,0.16666666666666666,2.7404000000004203
shape,33,epistemic,0.35215869347024104,0.542568098408761,0.8463476471993484,0.16666666666666666,2.911199999992675
shape,33,thompson,0.3363407346302392,0.4010995870186826,0.574393159885299,0.16666666666666666,3.416600000001324
shape,33,uniform,0.3475740260216522,0.48676975880415657,0.8062936955072775,0.3333333333333333,0.0011999999998124622
shape,33,random,0.34159351715991776,0.5035737990391008,0.807709413349747,0.4166666666666667,0.020166666663120243
shape,33,eig@gamma-poisson,0.3739695055116088,0.4317351299977082,0.5357973147296186,1.0,1.01281249999996
shape,33,eig@lognormal-poisson,0.34579904420670277,0.45463781342096815,0.26871563348807287,0.8333333333333334,29.672687500000627
shape,33,bo-ei@gp-poisson,0.3544982498366586,0.5112603338342363,0.2654664844561118,0.75,1.6992499999979316
shape,33,bo-ucb@gp-poisson,0.3530676423222592,0.5146453295379071,0.49574336303754757,0.6666666666666666,0.09616874999895941
shape,34,eig,0.32199534116041956,0.5777361399968071,0.10521062262818175,0.5,16.73279375000103
shape,34,epig,0.32199534116041956,0.5777361399968071,0.10521062262818175,0.5,85.6130749999977
shape,34,maxent,0.3255217763416537,0.6423677409945665,0.18736896278111126,1.0,12.487956249996657
shape,34,d-optimality,0.32320348571053736,0.6091085195238854,0.10521062262818175,1.0,0.7925687499987788
shape,34,neyman,0.3255217763416537,0.6423677409945665,0.18736896278111126,1.0,1.4536187499993858
shape,34,predictive-variance,0.33692447603380193,0.7353077739781695,0.7385501162003886,0.16666666666666666,2.8295999999983223
shape,34,epistemic,0.33692447603380193,0.7353077739781695,0.7385501162003886,0.16666666666666666,2.7416500000043698
shape,34,thompson,0.3251993501262066,0.5958913843085989,0.642560061508465,0.16666666666666666,3.2237500000036334
shape,34,uniform,0.3321638008151007,0.6806269589941192,0.8153663124207658,0.3333333333333333,0.0011999999998124622
shape,34,random,0.32884245534679396,0.6863246038311389,0.4805429481016617,0.5,0.006471428572954859
shape,34,eig@gamma-poisson,0.3509926891691353,0.5897202769720046,0.30115977269425925,1.0,0.9187062500002341
shape,34,eig@lognormal-poisson,0.3353068006506807,0.6673980392686271,0.7385501162003886,1.0,29.476774999999122
shape,34,bo-ei@gp-poisson,0.3280771427250565,0.597414577326107,0.642560061508465,1.0,1.691387500002861
shape,34,bo-ucb@gp-poisson,0.3280771427250565,0.597414577326107,0.642560061508465,1.0,0.09654374999978899
shape,35,eig,0.4314549925705841,0.4798797250688298,0.28529368626566,0.5,16.73055625000064
shape,35,epig,0.4314549925705841,0.4798797250688298,0.28529368626566,0.5,88.30361874999859
shape,35,maxent,0.4297312656290164,0.545897008282209,0.24426759696503664,1.0,12.819537500000422
shape,35,d-optimality,0.4283239154593181,0.5069191121440929,0.28529368626566,1.0,0.74347500000016
shape,35,neyman,0.4297312656290164,0.545897008282209,0.24426759696503664,1.0,1.3545187500003664
shape,35,predictive-variance,0.43338378427865504,0.6336165038002257,0.6254577889849896,0.16666666666666666,2.77175000000085
shape,35,epistemic,0.43338378427865504,0.6336165038002257,0.6254577889849896,0.16666666666666666,2.7376000000032263
shape,35,thompson,0.43338378427865504,0.6336165038002257,0.6254577889849896,0.16666666666666666,3.344649999995397
shape,35,uniform,0.43022076673902965,0.5902940579220559,0.6457379402040928,0.3333333333333333,0.0011500000063335847
shape,35,random,0.428887354626158,0.6035255077546473,0.6457379402040928,0.4166666666666667,0.006825000001597914
shape,35,eig@gamma-poisson,0.47034307144255466,0.47831778207911024,0.3055138282561325,1.0,0.9527937499971273
shape,35,eig@lognormal-poisson,0.4384259433247583,0.5662032078092083,0.8316977188559476,1.0,29.761243750000332
shape,35,bo-ei@gp-poisson,0.4445499446821202,0.4967886298945449,0.6559610905371135,1.0,1.695937500001854
shape,35,bo-ucb@gp-poisson,0.4445499446821202,0.4967886298945449,0.6559610905371135,1.0,0.13378749999937156
shape,36,eig,0.776546617535689,0.6681142617150337,0.8745058817653074,0.5,17.437743749999512
shape,36,epig,0.776546617535689,0.6681142617150337,0.8745058817653074,0.5,85.47457499999744
shape,36,maxent,0.7390792209319789,0.6538193120900663,0.841969600099363,1.0,12.557287499999958
shape,36,d-optimality,0.7574580633289275,0.6543689686748376,0.8745058817653074,1.0,0.7524250000017219
shape,36,neyman,0.7390792209319789,0.6538193120900663,0.841969600099363,1.0,1.2749375000016272
shape,36,predictive-variance,0.7188390816539968,0.6676550527817254,0.18885874182696258,0.16666666666666666,2.7370500000003517
shape,36,epistemic,0.7188390816539968,0.6676550527817254,0.18885874182696258,0.16666666666666666,2.8376499999893667
shape,36,thompson,0.7267097567479498,0.6783757933310264,0.18885874182696258,0.16666666666666666,3.696099999999092
shape,36,uniform,0.7448137826087288,0.6611952676019257,0.3680794271970247,0.3333333333333333,0.0012499999932913397
shape,36,random,0.7314716216598963,0.7115355605694985,0.18885874182696258,0.25,0.006940000000099644
shape,36,eig@gamma-poisson,0.7853160776349452,0.6332748797020133,0.7731246399389677,1.0,1.033581250000637
shape,36,eig@lognormal-poisson,0.7142594365557682,0.6401665210141944,0.18885874182696258,1.0,30.17018124999904
shape,36,bo-ei@gp-poisson,0.760377480887248,0.6357717761016433,0.5001035920583223,1.0,1.693437499999284
shape,36,bo-ucb@gp-poisson,0.760377480887248,0.6357717761016433,0.5001035920583223,1.0,0.10161875000047615
shape,37,eig,0.2567109546122585,0.6677428797213983,-1.5499391400053886e-16,0.5,16.63318750000009
shape,37,epig,0.2567109546122585,0.6677428797213983,-1.5499391400053886e-16,0.5,85.6674312499992
shape,37,maxent,0.2621376318670751,0.7378243826149351,0.47227041853414364,1.0,12.92543749999897
shape,37,d-optimality,0.25874885040382495,0.7013527601298034,-1.5499391400053886e-16,1.0,0.7361624999990823
shape,37,neyman,0.2621376318670751,0.7378243826149351,0.47227041853414364,1.0,1.2810812500010371
shape,37,predictive-variance,0.27191503930758754,0.8325841430951535,0.8568717358655124,0.16666666666666666,2.873350000001551
shape,37,epistemic,0.27191503930758754,0.8325841430951535,0.8568717358655124,0.16666666666666666,2.7663999999987254
shape,37,thompson,0.2726394794843084,0.8335106261953293,0.8568717358655124,0.16666666666666666,3.207750000001397
shape,37,uniform,0.2655831160843585,0.7666916009605036,0.8218115794364834,0.3333333333333333,0.0011250000042650754
shape,37,random,0.26491338309767515,0.7528478004023774,0.8565119529780412,0.25,0.007799999997359919
shape,37,eig@gamma-poisson,0.2676100479842161,0.658550756890319,0.5508515831248986,1.0,1.0165374999990817
shape,37,eig@lognormal-poisson,0.27162414664555057,0.7567456121950775,0.8568717358655124,1.0,30.431862500002183
shape,37,bo-ei@gp-poisson,0.256725724850385,0.6539523486735613,0.8853159233815859,1.0,1.7164249999988002
shape,37,bo-ucb@gp-poisson,0.256725724850385,0.6539523486735613,0.8853159233815859,1.0,0.09858750000013572
shape,38,eig,0.34258190152243606,0.5876455421522938,0.17950014792332267,0.5,16.49768124999973
shape,38,epig,0.3430942830057589,0.5642945094280866,0.17950014792332267,0.5,85.55733125000043
shape,38,maxent,0.349221507898263,0.6532331549576234,0.6016282892460181,0.75,11.981618749998368
shape,38,d-optimality,0.3536825385562082,0.5932155351620023,0.17950014792332267,1.0,0.8223625000001178
shape,38,neyman,0.3561532455548017,0.610765491618172,0.3411763370667474,1.0,1.2918250000018006
shape,38,predictive-variance,0.358571448844327,0.6947631482870357,0.5711777404140821,0.16666666666666666,2.7815000000046552
shape,38,epistemic,0.358571448844327,0.6947631482870357,0.5711777404140821,0.16666666666666666,2.7540500000000634
shape,38,thompson,0.358571448844327,0.6947631482870357,0.5711777404140821,0.16666666666666666,3.138649999996801
shape,38,uniform,0.3495262579181398,0.629156209446314,0.6016282892460181,0.3333333333333333,0.0012249999983282578
shape,38,random,0.35880687860829474,0.6965387395121138,0.5711777404140821,0.16666666666666666,0.01089999999948077
shape,38,eig@gamma-poisson,0.380829507869718,0.5797104424935837,0.5711777404140821,1.0,0.9116187499982331
shape,38,eig@lognormal-poisson,0.3587272928648206,0.6128208893247621,0.5711777404140821,1.0,30.549987500000597
shape,38,bo-ei@gp-poisson,0.36593025799346074,0.6883479990547698,0.6016282892460181,0.6666666666666666,1.6895187500018949
shape,38,bo-ucb@gp-poisson,0.3672377564329532,0.6874391389472458,0.6537690741607324,0.8333333333333334,0.09694375000091071
shape,39,eig,0.4059682181473156,0.6030838213084331,0.5404084917854978,0.5,17.213768750001357
shape,39,epig,0.4059682181473156,0.6030838213084331,0.5404084917854978,0.5,84.81394375000039
shape,39,maxent,0.4138370061182049,0.7634963651509766,0.6954056670753606,0.3333333333333333,12.73294374999967
shape,39,d-optimality,0.40612986949204344,0.6519104549241509,0.5404084917854979,1.0,0.7749499999984977
shape,39,neyman,0.4072754409499586,0.6748816727210754,0.0,1.0,1.3461125000002738
shape,39,predictive-variance,0.42465706135467046,0.7768168720943323,0.7959085682474162,0.16666666666666666,2.845749999998759
shape,39,epistemic,0.42465706135467046,0.7768168720943323,0.7959085682474162,0.16666666666666666,2.838050000008252
shape,39,thompson,0.40835009784888504,0.6727632015442216,0.8488713289237612,0.16666666666666666,3.2794499999937443
shape,39,uniform,0.4154763367984741,0.6841282263875106,0.785863868780206,0.3333333333333333,0.001174999997743953
shape,39,random,0.416219265502426,0.7645339707437003,0.9026360838983247,0.25,0.006740000000604596
shape,39,eig@gamma-poisson,0.4486434810157429,0.6722057194785204,0.6954056670753606,1.0,0.9759875000012741
shape,39,eig@lognormal-poisson,0.42178378091216223,0.6992170108989064,0.6954056670753606,1.0,31.386262499998097
shape,39,bo-ei@gp-poisson,0.43012806978385876,0.7640643298051271,0.06093198123586714,0.5,1.776831250000832
shape,39,bo-ucb@gp-poisson,0.43012806978385876,0.7640643298051271,0.06093198123586714,0.5,0.11686875000282981
shape,40,eig,0.3822894864096835,0.6910010381698195,0.14205031706837148,0.5,16.380868749999777
shape,40,epig,0.37931052909671065,0.672658441365146,0.14205031706837148,0.5,85.00811874999937
shape,40,maxent,0.46016070119563035,0.7460764464185963,0.7276619502155454,1.0,12.405781250001802
shape,40,d-optimality,0.39464405567489647,0.6888763023160782,0.14205031706837148,1.0,0.7233312499987932
shape,40,neyman,0.46016070119563035,0.7460764464185963,0.7276619502155454,1.0,1.396374999998784
shape,40,predictive-variance,0.4591205617529183,0.8195757279098231,0.3277462703122475,0.16666666666666666,2.78149999999755
shape,40,epistemic,0.4591205617529183,0.8195757279098231,0.3277462703122475,0.16666666666666666,2.800849999999855
shape,40,thompson,0.45360549385998467,0.7454000891003143,0.3277462703122475,0.16666666666666666,3.480999999993628
shape,40,uniform,0.45253748889218376,0.7581700455442355,0.3464039638924071,0.3333333333333333,0.001250000000396767
shape,40,random,0.4598543221126479,0.7478056206012477,0.7320190805086164,0.6666666666666666,0.00566666666499158
shape,40,eig@gamma-poisson,0.39190506489515403,0.6603856793637197,0.3464039638924071,1.0,1.0080437499988548
shape,40,eig@lognormal-poisson,0.4620263430208113,0.7632388717470875,0.3277462703122475,1.0,30.340343749999832
shape,40,bo-ei@gp-poisson,0.47304285710436234,0.6952128093018765,0.32599123819029024,1.0,1.774331250001815
shape,40,bo-ucb@gp-poisson,0.47304285710436234,0.6952128093018765,0.32599123819029024,1.0,0.10028124999905685
shape,41,eig,0.3617173836668897,0.6807249604565527,0.46995599302439695,0.5,16.003143749998117
shape,41,epig,0.3663733793096964,0.6778363625281872,0.46995599302439695,0.5,84.6839250000011
shape,41,maxent,0.3537695253849206,0.6733743261944901,0.3990827825838773,1.0,12.690712500000423
shape,41,d-optimality,0.37725720036398824,0.7207294167084082,0.46995599302439695,1.0,0.7807562500001808
shape,41,neyman,0.3537695253849206,0.6733743261944901,0.3990827825838773,1.0,1.3596562500008957
shape,41,predictive-variance,0.3585262281658786,0.7558664916340111,0.7901781936892566,0.16666666666666666,2.7805500000042116
shape,41,epistemic,0.3585262281658786,0.7558664916340111,0.7901781936892566,0.16666666666666666,2.819250000001716
shape,41,thompson,0.3837083371061993,0.7945488636501896,0.7901781936892567,0.16666666666666666,3.584449999998185
shape,41,uniform,0.3548312872125168,0.7178025056451299,0.47487543193740767,0.3333333333333333,0.0012749999989125627
shape,41,random,0.36612046969966827,0.7735878177368364,0.7901781936892567,0.3333333333333333,0.00644999999603139
shape,41,eig@gamma-poisson,0.4012936779779382,0.7105960421137002,0.2755802602153382,1.0,0.914681250000271
shape,41,eig@lognormal-poisson,0.3451731317971533,0.6843283116575372,0.7901781936892566,1.0,29.816049999999095
shape,41,bo-ei@gp-poisson,0.3415229069505799,0.6043702441796012,0.38339956577937334,1.0,1.6276062500013566
shape,41,bo-ucb@gp-poisson,0.3415229069505799,0.6043702441796012,0.38339956577937334,1.0,0.09968750000233229
shape,42,eig,0.40855810412853505,0.6438499540544359,0.020302027331246652,0.5,16.27847500000268
shape,42,epig,0.40518836054127005,0.6220460286413577,0.020302027331246652,0.5,86.0041375000007
shape,42,maxent,0.41325302222121424,0.6964443241027426,0.14195052916365786,0.6666666666666666,12.128768749998464
shape,42,d-optimality,0.40415456308719727,0.6104657385372122,0.020302027331246652,1.0,0.8267687500005394
shape,42,neyman,0.41379976681860303,0.6339460052165737,0.020302027331246652,1.0,1.3192750000010633
shape,42,predictive-variance,0.5345047477582833,0.7885242120509576,0.13963512416878687,0.16666666666666666,2.78715000000318
shape,42,epistemic,0.5345047477582833,0.7885242120509576,0.13963512416878687,0.16666666666666666,2.9426000000043473
shape,42,thompson,0.5359438114267275,0.7928573757145905,0.13963512416878687,0.16666666666666666,3.058299999999292
shape,42,uniform,0.43031065329624324,0.6825212092236483,0.14195052916365786,0.3333333333333333,0.0023999999960722107
shape,42,random,0.4295292323915569,0.6907343787874106,0.13896193821726313,0.5,0.006285714284055237
shape,42,eig@gamma-poisson,0.42111515654746684,0.6006200385578891,0.13963512416878687,1.0,0.9246374999998253
shape,42,eig@lognormal-poisson,0.41466606780011855,0.6900444080028598,0.14195052916365786,0.6666666666666666,30.122975000001162
shape,42,bo-ei@gp-poisson,0.42799506900070194,0.7333854280001285,0.14195052916365786,0.3333333333333333,1.794487499998887
shape,42,bo-ucb@gp-poisson,0.42799506900070194,0.7333854280001285,0.14195052916365786,0.3333333333333333,0.09815000000301666
shape,43,eig,0.42241453294769843,0.6600313793128687,0.4284901029684686,0.5,16.194606249998245
shape,43,epig,0.42375950910983273,0.638188899877337,0.4284901029684686,0.5,85.43971875000089
shape,43,maxent,0.4257085392588422,0.6857435400167504,0.5862908015784819,0.9166666666666666,12.409750000000663
shape,43,d-optimality,0.4310488082918118,0.6606404170326649,0.4284901029684686,1.0,0.7050125000027663
shape,43,neyman,0.4321659420274522,0.6772269917151856,0.17517951722998226,1.0,1.3491187500029866
shape,43,predictive-variance,0.4264273203053961,0.7441228740871456,0.8920834609154318,0.16666666666666666,2.765450000005387
shape,43,epistemic,0.4264273203053961,0.7441228740871456,0.8920834609154318,0.16666666666666666,3.924300000001324
shape,43,thompson,0.43128217488798154,0.7548210006850653,0.6894536306293507,0.16666666666666666,3.1365999999977134
shape,43,uniform,0.42026704682240396,0.6720792678236683,0.5945718105237994,0.3333333333333333,0.0012249999983282578
shape,43,random,0.4338541824062503,0.7642238943685805,0.8920834609154318,0.25,0.008033333334841094
shape,43,eig@gamma-poisson,0.4815597885578311,0.6608214239833539,0.6157270408162194,1.0,1.1100875000007449
shape,43,eig@lognormal-poisson,0.43704389793092374,0.690952888119625,0.6157270408162194,1.0,30.699656249998597
shape,43,bo-ei@gp-poisson,0.44411136649836186,0.7496850512986882,0.5810810590669356,0.9166666666666666,1.637306250001913
shape,43,bo-ucb@gp-poisson,0.4452887422310525,0.7494718171361946,0.6470112359933735,0.9166666666666666,0.1010687499984897
shape,44,eig,0.3892328535815606,0.4216871983659773,0.28684707978659363,0.5,16.630906249999633
shape,44,epig,0.3892328535815606,0.4216871983659773,0.28684707978659363,0.5,85.99359999999922
shape,44,maxent,0.39043419232066356,0.47812217271891655,0.33406159219227544,1.0,12.400268749998666
shape,44,d-optimality,0.3889925604324403,0.44220559313603724,0.28684707978659363,1.0,0.7337374999991653
shape,44,neyman,0.39043419232066356,0.47812217271891655,0.33406159219227544,1.0,1.4153937500012148
shape,44,predictive-variance,0.39804954817946725,0.5642107449091494,0.7844996873721266,0.16666666666666666,2.804600000004598
shape,44,epistemic,0.39804954817946725,0.5642107449091494,0.7844996873721266,0.16666666666666666,3.065249999998798
shape,44,thompson,0.4033981590755953,0.5739529866220959,0.8259344667489137,0.16666666666666666,3.7075000000044156
shape,44,uniform,0.3941829574858684,0.4938301373373722,0.5549789356197163,0.3333333333333333,0.0013499999980126631
shape,44,random,0.39163300552069935,0.5181603804899719,0.5867525783489549,0.3333333333333333,0.007750000005302127
shape,44,eig@gamma-poisson,0.4395305086504618,0.3940580429967945,0.38767778310344403,1.0,0.9527437499992075
shape,44,eig@lognormal-poisson,0.4004741434225502,0.4883938866311446,0.7844996873721266,1.0,30.951850000001002
shape,44,bo-ei@gp-poisson,0.40148327283278046,0.403536452184709,0.803307621714519,1.0,1.5859375000015774
shape,44,bo-ucb@gp-poisson,0.40148327283278046,0.403536452184709,0.803307621714519,1.0,0.11347500000002952
shape,45,eig,0.2739120261278316,0.5874256503833009,0.45146687174263467,0.5,17.78388750000115
shape,45,epig,0.2739120261278316,0.5874256503833009,0.45146687174263467,0.5,84.6949312500005
shape,45,maxent,0.27240212521681434,0.6299453513856869,0.41809477020718505,1.0,12.246662500001726
shape,45,d-optimality,0.27241691174711863,0.6037167668308608,0.45146687174263467,1.0,0.8785312499988152
shape,45,neyman,0.27240212521681434,0.6299453513856869,0.41809477020718505,1.0,1.2820749999979952
shape,45,predictive-variance,0.278662837326415,0.7087031567583322,0.5207684626987009,0.16666666666666666,4.1589500000043245
shape,45,epistemic,0.278662837326415,0.7087031567583322,0.5207684626987009,0.16666666666666666,3.1450499999934323
shape,45,thompson,0.278662837326415,0.7209901686900064,0.5207684626987009,0.16666666666666666,3.6113999999969337
shape,45,uniform,0.28096429569765313,0.6850773769286936,0.8192136025831441,0.3333333333333333,0.0013500000015653768
shape,45,random,0.27405379013335146,0.6615369671496413,0.4447475605159825,0.4166666666666667,0.006900000005316542
shape,45,eig@gamma-poisson,0.26093250934563256,0.5471608818590786,0.5574591574050091,1.0,0.9310625000003014
shape,45,eig@lognormal-poisson,0.26082918190354726,0.6298814451311827,0.5207684626987009,1.0,30.657225000001453
shape,45,bo-ei@gp-poisson,0.24750717433434857,0.5390087743920134,0.8548128742816768,1.0,1.6935687499994856
shape,45,bo-ucb@gp-poisson,0.24750717433434857,0.5390087743920134,0.8548128742816768,1.0,0.0950812499977971
shape,46,eig,0.528308091557983,0.4976838632435438,0.4367087345550632,0.5,16.402737500001763
shape,46,epig,0.528308091557983,0.4976838632435438,0.4367087345550632,0.5,85.02971874999955
shape,46,maxent,0.5298740716493989,0.598679035253166,0.873634065976371,0.08333333333333333,12.276243749999693
shape,46,d-optimality,0.5290864686078912,0.5295154482998188,0.4367087345550632,1.0,0.9583750000015101
shape,46,neyman,0.5326235341763609,0.5539489886065361,0.6747324924158634,1.0,1.304268750000226
shape,46,predictive-variance,0.5258713761956989,0.5875664811995742,0.873634065976371,0.16666666666666666,3.026250000004893
shape,46,epistemic,0.5258713761956989,0.5875664811995742,0.873634065976371,0.16666666666666666,2.875849999995239
shape,46,thompson,0.5198862669489758,0.5152263741436287,0.8584499283525603,0.16666666666666666,2.9553500000076838
shape,46,uniform,0.521368985422126,0.520619432245866,0.39646681280977414,0.3333333333333333,0.0012999999974283583
shape,46,random,0.5262202230924964,0.535064197210935,0.8076770763661478,0.5833333333333334,0.0058888888913896965
shape,46,eig@gamma-poisson,0.5829578039631608,0.5847572797926746,0.873634065976371,1.0,0.919862499998203
shape,46,eig@lognormal-poisson,0.5373811415510635,0.5718254360195707,0.873634065976371,1.0,29.630343750000954
shape,46,bo-ei@gp-poisson,0.5358067641073764,0.6028911204919317,0.873634065976371,0.5,1.6499812499999322
shape,46,bo-ucb@gp-poisson,0.5358067641073764,0.6028911204919317,0.873634065976371,0.5,0.1799312499999317
shape,47,eig,0.3171294113368707,0.6784128451263328,0.031935035546187956,0.5,16.381543749997896
shape,47,epig,0.3171294113368707,0.6784128451263328,0.031935035546187956,0.5,86.0806937499996
shape,47,maxent,0.32319379402243004,0.7626052809129817,0.3602861245902715,1.0,12.326374999999778
shape,47,d-optimality,0.3189215258117728,0.7155539329046002,0.031935035546187956,1.0,0.7246375000011795
shape,47,neyman,0.32319379402243004,0.7626052809129817,0.3602861245902715,1.0,1.4152625000010133
shape,47,predictive-variance,0.33094333210402654,0.8579896870650179,0.9494539225593127,0.16666666666666666,2.740500000001589
shape,47,epistemic,0.33094333210402654,0.8579896870650179,0.9494539225593127,0.16666666666666666,3.023200000001225
shape,47,thompson,0.33202994438235994,0.8298663305327313,0.9494539225593127,0.16666666666666666,3.3197999999927674
shape,47,uniform,0.32329291774586383,0.7932007959343494,0.8532394154362625,0.3333333333333333,0.0012250000018809715
shape,47,random,0.32358799504963937,0.7934752925897923,0.49826311187316447,0.5833333333333334,0.006171428574524336
shape,47,eig@gamma-poisson,0.34171933664823984,0.6854126019404367,0.47958660466936875,1.0,1.0513187500009735
shape,47,eig@lognormal-poisson,0.3326926212118983,0.7903351773657574,0.9494539225593127,1.0,30.390331250000457
shape,47,bo-ei@gp-poisson,0.3241947774881554,0.7020330324517842,0.9183344041715186,1.0,1.689731249998161
shape,47,bo-ucb@gp-poisson,0.3241947774881554,0.7020330324517842,0.9183344041715186,1.0,0.0968937500003264
shape,48,eig,0.53676640210143,0.5578474660263083,0.08919928074782736,0.5,16.589824999999614
shape,48,epig,0.5412739473185711,0.5370848346686422,0.08919928074782736,0.5,85.71135625000093
shape,48,maxent,0.6837044079154971,0.6479088248662366,0.5356457380893906,1.0,12.222881250003148
shape,48,d-optimality,0.5442625788057871,0.5460383798977981,0.08919928074782736,1.0,0.7252937500021872
shape,48,neyman,0.6837044079154971,0.6479088248662366,0.5356457380893906,1.0,1.2783000000000655
shape,48,predictive-variance,0.6790884243885587,0.7113286926864089,0.3420454035153545,0.16666666666666666,2.938750000005541
shape,48,epistemic,0.6790884243885587,0.7113286926864089,0.3420454035153545,0.16666666666666666,2.8843500000022004
shape,48,thompson,0.6718691067565792,0.6670790546990204,0.3420454035153545,0.16666666666666666,3.044399999993175
shape,48,uniform,0.5514366084389043,0.6461265030610902,0.3672427274171644,0.3333333333333333,0.0012499999968440534
shape,48,random,0.5506493737331547,0.6239077897580099,0.37890361500393743,0.4166666666666667,0.006249999998431122
shape,48,eig@gamma-poisson,0.6013459901503452,0.5786303960735435,0.3672427274171644,1.0,0.9360687500006293
shape,48,eig@lognormal-poisson,0.699114705499866,0.6742195203777279,0.3420454035153545,1.0,29.94491250000042
shape,48,bo-ei@gp-poisson,0.7399976939575282,0.6603954971370429,0.3672427274171644,1.0,1.7089874999989263
shape,48,bo-ucb@gp-poisson,0.7399976939575282,0.6603954971370429,0.3672427274171644,1.0,0.09537500000167398
shape,49,eig,0.25581584161589654,0.512256814423765,0.2384105688362995,0.5,16.711937499996665
shape,49,epig,0.25581584161589654,0.512256814423765,0.2384105688362995,0.5,84.64311874999986
shape,49,maxent,0.2586567772964064,0.5619638270173974,0.19608131083034608,1.0,12.124674999999918
shape,49,d-optimality,0.2570607113079887,0.5374070520441642,0.2384105688362995,1.0,0.7236374999965989
shape,49,neyman,0.2586567772964064,0.5619638270173974,0.19608131083034608,1.0,1.3780562499938753
shape,49,predictive-variance,0.2691561439308158,0.6546049447171879,0.6334659768544619,0.16666666666666666,2.8064500000084536
shape,49,epistemic,0.2691561439308158,0.6546049447171879,0.6334659768544619,0.16666666666666666,2.8272999999927606
shape,49,thompson,0.264365516214603,0.6082489479635679,0.6334659768544619,0.16666666666666666,3.553850000002967
shape,49,uniform,0.26486514662738575,0.606115036979552,0.7029687929183043,0.3333333333333333,0.0011750000012966666
shape,49,random,0.2673932760593567,0.6359265924351137,0.3210064863658036,0.25,0.006300000000199664
shape,49,eig@gamma-poisson,0.2570403440037343,0.4715809214063582,0.6078515399083421,1.0,0.9603062499987658
shape,49,eig@lognormal-poisson,0.26112695222220494,0.5633149826305324,0.6334659768544619,1.0,29.213768750000924
shape,49,bo-ei@gp-poisson,0.247073664196347,0.44551893272812,0.6528645059433537,1.0,1.7262187499955672
shape,49,bo-ucb@gp-poisson,0.247073664196347,0.44551893272812,0.6528645059433537,1.0,0.09454374999862125
shape,50,eig,0.6040962631324277,0.7099839047843391,0.096820361353244,0.5,16.329993750000327
shape,50,epig,0.5786402978649967,0.6764526891068938,0.096820361353244,0.5,85.01251875000371
shape,50,maxent,0.5972746331181413,0.7647300199497056,0.16114961082987844,0.8333333333333334,12.02636874999996
shape,50,d-optimality,0.5391663377280794,0.688308570300609,0.096820361353244,1.0,0.7441999999997506
shape,50,neyman,0.5404704506903516,0.7004016395683281,0.10617350716817553,1.0,1.3047124999996385
shape,50,predictive-variance,0.6608760276159104,0.8293088880392187,0.1872068695382708,0.16666666666666666,2.784750000003555
shape,50,epistemic,0.6608760276159104,0.8293088880392187,0.1872068695382708,0.16666666666666666,2.830200000005334
shape,50,thompson,0.6520070486551235,0.8252543666257807,0.8562121108240586,0.16666666666666666,3.2425499999959584
shape,50,uniform,0.6551417679748384,0.7861348157825341,0.22092249344375045,0.3333333333333333,0.0011999999998124622
shape,50,random,0.5882460139428615,0.80510973530242,0.1872068695382708,0.16666666666666666,0.007099999997706163
shape,50,eig@gamma-poisson,0.5724422633124826,0.6849406678989548,0.1872068695382708,1.0,1.057031250001117
shape,50,eig@lognormal-poisson,0.5973395603245287,0.7355619717468449,0.1872068695382708,1.0,30.68960624999839
shape,50,bo-ei@gp-poisson,0.5960294059672119,0.7906781735714716,0.22163940329727774,0.8333333333333334,1.8495062500019088
shape,50,bo-ucb@gp-poisson,0.5960294059672119,0.7906781735714716,0.22163940329727774,0.8333333333333334,0.09770625000093958
shape,51,eig,0.3608531709855154,0.6815337162779936,0.10951610317622756,0.5,16.675824999998312
shape,51,epig,0.3608531709855154,0.6815337162779936,0.10951610317622756,0.5,88.73377499999613
shape,51,maxent,0.36967150114396424,0.7546510879204844,0.26965237179553403,1.0,12.369031249995999
shape,51,d-optimality,0.36291360850496684,0.7189254523208871,0.10951610317622756,1.0,0.7407749999970292
shape,51,neyman,0.37240543960947253,0.7587677961980235,0.26625967907786313,1.0,1.398581250002806
shape,51,predictive-variance,0.3750523093600741,0.8427146819701946,0.3897548183540595,0.16666666666666666,2.7980500000097663
shape,51,epistemic,0.3750523093600741,0.8427146819701946,0.3897548183540595,0.16666666666666666,3.206599999998616
shape,51,thompson,0.36953888710805183,0.836419508449127,0.8970484120361809,0.16666666666666666,3.185099999996055
shape,51,uniform,0.37282681844607146,0.802371617541821,0.47826561511733484,0.3333333333333333,0.0011999999927070348
shape,51,random,0.3774228544952345,0.8296380460684434,0.8222772124788218,0.4166666666666667,0.00587777777620128
shape,51,eig@gamma-poisson,0.4074465080251864,0.6918442176414389,0.5317811238411823,1.0,0.9819499999981218
shape,51,eig@lognormal-poisson,0.38943364937633995,0.7847595913371379,0.6149572408337337,1.0,31.262406250002428
shape,51,bo-ei@gp-poisson,0.39922116847780426,0.8434640347869466,0.26965237179553403,1.0,1.6292187499953315
shape,51,bo-ucb@gp-poisson,0.39703182354636163,0.8437641019796568,0.39696831440302743,0.9166666666666666,0.09828749999662989
shape,52,eig,0.518342601408898,0.6844028324118278,0.7419255066572337,0.5,16.506843749997557
shape,52,epig,0.518342601408898,0.6844028324118278,0.7419255066572337,0.5,86.05881250000458
shape,52,maxent,0.5341681774918485,0.7498385602675227,0.03086383057841813,1.0,12.691843750005205
shape,52,d-optimality,0.531422713781983,0.7239885959931924,0.7419255066572337,1.0,0.7516187500016258
shape,52,neyman,0.5341681774918485,0.7498385602675227,0.03086383057841813,1.0,1.2883937500003384
shape,52,predictive-variance,0.5360719997054296,0.8301426735884948,0.886454477789387,0.16666666666666666,2.7332500000056825
shape,52,epistemic,0.5360719997054296,0.8301426735884948,0.886454477789387,0.16666666666666666,2.767900000009149
shape,52,thompson,0.5243468737978342,0.7115578399373245,0.8784186549056844,0.16666666666666666,3.1367999999929452
shape,52,uniform,0.5282499356070298,0.7715675034263405,0.9118823171004526,0.3333333333333333,0.0011249999900542207
shape,52,random,0.5276325039077312,0.8190481497693403,0.7372157485039093,0.25,0.007566666672194818
shape,52,eig@gamma-poisson,0.5786432766708848,0.7248403728410859,0.8224531755657318,1.0,1.0124125000015027
shape,52,eig@lognormal-poisson,0.5536817661127572,0.7796120452803225,0.886454477789387,1.0,30.29067499999627
shape,52,bo-ei@gp-poisson,0.5760119983532755,0.7317695022401862,0.8784186549056844,1.0,1.678856250002525
shape,52,bo-ucb@gp-poisson,0.5760119983532755,0.7317695022401862,0.8784186549056844,1.0,0.09725624999923355
shape,53,eig,0.9691394609651955,0.5016327994677271,0.7830322951518681,0.5,16.513012499995483
shape,53,epig,0.9691394609651955,0.5016327994677271,0.7830322951518681,0.5,85.34971249999934
shape,53,maxent,0.9248814616869813,0.46893018661036306,0.8096813927164159,1.0,12.120856249996592
shape,53,d-optimality,0.9490848665149595,0.49451459417279187,0.7830322951518681,1.0,0.75682499999985
shape,53,neyman,0.9264117627606027,0.47264413858435605,0.6260819201566978,1.0,1.4721312500025618
shape,53,predictive-variance,0.9001164879055783,0.465666372269569,0.20315835072273164,0.16666666666666666,2.8587000000044327
shape,53,epistemic,0.9001164879055783,0.465666372269569,0.20315835072273164,0.16666666666666666,3.011599999993564
shape,53,thompson,0.9007914612653795,0.4589616827920175,0.14029585979617032,0.16666666666666666,3.5079000000024507
shape,53,uniform,0.9043499192113664,0.49008574842893093,0.21049894656030393,0.3333333333333333,0.001150000002780871
shape,53,random,0.9084371654117828,0.4913108607652088,0.14244301657743286,0.3333333333333333,0.006539999992583034
shape,53,eig@gamma-poisson,1.0305510916833647,0.5281458875200693,0.8476947702235546,1.0,0.9204375000031462
shape,53,eig@lognormal-poisson,0.9336107586438306,0.479111334442404,0.20315835072273164,1.0,29.843318750002013
shape,53,bo-ei@gp-poisson,0.9229508419853416,0.4879975480820187,0.8096813927164159,1.0,1.7372437500018378
shape,53,bo-ucb@gp-poisson,0.9214716061931205,0.48602232438444676,0.8353552036662122,0.9166666666666666,0.09640624999818215
shape,54,eig,0.4471560072116305,0.5522424777884268,0.30731421596995667,0.5,16.34271874999982
shape,54,epig,0.4471560072116305,0.5522424777884268,0.30731421596995667,0.5,85.49944374999896
shape,54,maxent,0.4687571776122685,0.619010886589139,0.30835955824201694,1.0,12.312462499998844
shape,54,d-optimality,0.4690367784349292,0.6074955082418506,0.5687080341682549,1.0,0.738018750002567
shape,54,neyman,0.4687571776122685,0.619010886589139,0.30835955824201694,1.0,1.3525500000017843
shape,54,predictive-variance,0.4703740768136239,0.6886705311294375,0.43617524258975526,0.16666666666666666,3.475300000005177
shape,54,epistemic,0.4703740768136239,0.6886705311294375,0.43617524258975526,0.16666666666666666,2.793349999990369
shape,54,thompson,0.4679569466256403,0.6608632834274646,0.45040577064252396,0.16666666666666666,3.0733000000111588
shape,54,uniform,0.46842203360502693,0.6732305712591619,0.5952218697418892,0.3333333333333333,0.0011750000012966666
shape,54,random,0.4792302774467852,0.7071821600980402,0.786310216144535,0.4166666666666667,0.005924999992856783
shape,54,eig@gamma-poisson,0.5234605427322897,0.597703812762855,0.7498232785099532,1.0,0.9257937500013469
shape,54,eig@lognormal-poisson,0.47676249513434027,0.6358934963421782,0.43617524258975526,1.0,29.093162499998826
shape,54,bo-ei@gp-poisson,0.4872872025563833,0.5874121534134576,0.5693147856319454,1.0,1.8673999999965218
shape,54,bo-ucb@gp-poisson,0.4872872025563833,0.5874121534134576,0.5693147856319454,1.0,0.09618749999695808
shape,55,eig,0.6749213660567454,0.617111753827079,0.24288174270323004,0.5,16.294987500000246
shape,55,epig,0.6749213660567454,0.617111753827079,0.24288174270323004,0.5,84.85319374999811
shape,55,maxent,0.7480754597919518,0.681947037903945,0.7959645174568996,1.0,12.611962499995855
shape,55,d-optimality,0.7513323590807738,0.6633591441572316,0.559876876393127,1.0,0.7452624999970681
shape,55,neyman,0.7480754597919518,0.681947037903945,0.7959645174568996,1.0,1.3198750000000814
shape,55,predictive-variance,0.7308466383465433,0.7144236105117472,0.7087471728426257,0.16666666666666666,2.788750000007667
shape,55,epistemic,0.7308466383465433,0.7144236105117472,0.7087471728426257,0.16666666666666666,2.7822499999956563
shape,55,thompson,0.7289243212822211,0.6855945814701389,0.38460303003693824,0.16666666666666666,5.050500000010061
shape,55,uniform,0.756653531062151,0.724134651825578,0.6251531695007857,0.3333333333333333,0.0012249999983282578
shape,55,random,0.7414524754286962,0.698624384489593,0.38460303003693824,0.3333333333333333,0.0068199999986973125
shape,55,eig@gamma-poisson,0.793532643277997,0.652713110799968,0.4914085689696299,1.0,0.9857874999994465
shape,55,eig@lognormal-poisson,0.7405776937584073,0.6884289598798137,0.7087471728426257,1.0,32.73453750000321
shape,55,bo-ei@gp-poisson,0.783833134003929,0.674065649466078,0.38460303003693824,1.0,1.6820312499987722
shape,55,bo-ucb@gp-poisson,0.783833134003929,0.674065649466078,0.38460303003693824,1.0,0.0975124999982313
shape,56,eig,0.448899407400817,0.4319940748022338,0.29040036068632075,0.5,16.743556250004232
shape,56,epig,0.448899407400817,0.4319940748022338,0.29040036068632075,0.5,85.28081875000026
shape,56,maxent,0.4528059571466654,0.47682189362303795,0.5001151894812608,1.0,12.472106249999726
shape,56,d-optimality,0.45052880109668264,0.4542942024675419,0.29040036068632075,1.0,0.7861437499983026
shape,56,neyman,0.4528059571466654,0.47682189362303795,0.5001151894812608,1.0,1.308649999998579
shape,56,predictive-variance,0.4625352386498321,0.5569598139562297,0.549808213033301,0.16666666666666666,2.859450000002539
shape,56,epistemic,0.4625352386498321,0.5569598139562297,0.549808213033301,0.16666666666666666,2.7441000000010263
shape,56,thompson,0.4509556656789198,0.5323223015015529,0.32647534765642244,0.16666666666666666,2.879149999998276
shape,56,uniform,0.45438413224874724,0.48759461402128235,0.5401957243897185,0.3333333333333333,0.001175000008402094
shape,56,random,0.4452873335657657,0.5257829676936296,0.5366819592650771,0.4166666666666667,0.0074833333343349295
shape,56,eig@gamma-poisson,0.5098697344581377,0.43436573675667683,0.5887230676851009,1.0,0.9806125000011434
shape,56,eig@lognormal-poisson,0.46766160185041056,0.4956867241835977,0.549808213033301,1.0,30.515768750003502
shape,56,bo-ei@gp-poisson,0.4740585403699266,0.4338250849423204,0.5334946453962516,1.0,1.6891000000018863
shape,56,bo-ucb@gp-poisson,0.4740585403699266,0.4338250849423204,0.5334946453962516,1.0,0.10001249999369577
shape,57,eig,0.46207338797745373,0.5730869590251094,0.8236927658395354,0.5,16.27436874999688
shape,57,epig,0.4644294018622994,0.5750033127263688,0.8236927658395354,0.5,84.50978124999864
shape,57,maxent,0.460339957288968,0.5235709603335978,0.7574286231022527,1.0,12.385018749998977
shape,57,d-optimality,0.4757556642308544,0.6080975550658806,0.8236927658395354,1.0,0.7328062499993848
shape,57,neyman,0.460339957288968,0.5235709603335978,0.7574286231022527,1.0,1.2997937499985568
shape,57,predictive-variance,0.46116411410559627,0.5814338566534117,0.6912082636505056,0.16666666666666666,2.833749999993529
shape,57,epistemic,0.46116411410559627,0.5814338566534117,0.6912082636505056,0.16666666666666666,2.8354999999891106
shape,57,thompson,0.4612440806166009,0.5746775845840628,0.5185051709420179,0.16666666666666666,3.1685499999980493
shape,57,uniform,0.461053083746697,0.6004124267719747,0.6224507522657482,0.3333333333333333,0.0011750000012966666
shape,57,random,0.46650861753399425,0.6066740648322319,0.7597317292842655,0.4166666666666667,0.006057142858903067
shape,57,eig@gamma-poisson,0.5294928868334056,0.6154111560085178,0.6618192026134889,1.0,1.1319187499978511
shape,57,eig@lognormal-poisson,0.4656876154548926,0.5186472220706538,0.6510510335283372,1.0,29.361562500000105
shape,57,bo-ei@gp-poisson,0.47223808351046914,0.47740783760633954,0.5476601862280371,1.0,1.7872937500023056
shape,57,bo-ucb@gp-poisson,0.47223808351046914,0.47740783760633954,0.5476601862280371,1.0,0.09536875000293321
shape,58,eig,0.35792631482304493,0.49715396029491743,0.378582305279876,0.5,16.584712500003818
shape,58,epig,0.35792631482304493,0.49715396029491743,0.378582305279876,0.5,84.93856249999965
shape,58,maxent,0.36141235340897243,0.5519427680018412,0.29715019900290307,1.0,12.243268750003367
shape,58,d-optimality,0.3594892371348301,0.5168018399518433,0.378582305279876,1.0,0.7511749999977724
shape,58,neyman,0.36141235340897243,0.5519427680018412,0.29715019900290307,1.0,1.2677312499995708
shape,58,predictive-variance,0.3667184599482148,0.6259519964219941,0.768265276767693,0.16666666666666666,3.3726999999998952
shape,58,epistemic,0.3667184599482148,0.6259519964219941,0.768265276767693,0.16666666666666666,2.7572500000019318
shape,58,thompson,0.36407170270717165,0.5450832222728266,0.6977878699137746,0.16666666666666666,3.077600000011671
shape,58,uniform,0.3602601582901886,0.5068709412139311,0.46164320066210607,0.3333333333333333,0.0011750000012966666
shape,58,random,0.35973645738708687,0.5372222795904911,0.4465159660117073,0.5,0.006014285718590274
shape,58,eig@gamma-poisson,0.4150405087400204,0.48312740142920274,0.43297444694123965,1.0,0.9244562500008158
shape,58,eig@lognormal-poisson,0.3832641643857398,0.5646441478929062,0.768265276767693,1.0,29.320868749998397
shape,58,bo-ei@gp-poisson,0.38288094305056314,0.5006088526346292,0.6977878699137746,1.0,1.7267000000025234
shape,58,bo-ucb@gp-poisson,0.38288094305056314,0.5006088526346292,0.6977878699137746,1.0,0.0992187499981867
shape,59,eig,0.681442125302124,0.5500934912235038,0.5061490807566807,0.5,16.347868749999606
shape,59,epig,0.681442125302124,0.5500934912235038,0.5061490807566807,0.5,85.48368124999861
shape,59,maxent,0.6980793747122235,0.6053244444606657,0.5533569471476836,0.3333333333333333,12.65203124999914
shape,59,d-optimality,0.7135979364269494,0.5995464756218544,0.6515389650481481,1.0,0.8484187500013007
shape,59,neyman,0.7127981827172506,0.5949716470517272,0.5858250822453935,1.0,1.318806249997806
shape,59,predictive-variance,0.6894270474906966,0.6055351051276949,0.653749126217034,0.16666666666666666,2.7791499999949565
shape,59,epistemic,0.6894270474906966,0.6055351051276949,0.653749126217034,0.16666666666666666,2.781699999999887
shape,59,thompson,0.6872085087816567,0.5978621053033786,0.40796706285621614,0.16666666666666666,3.5720000000054597
shape,59,uniform,0.7008507839357508,0.616501211463656,0.4007495385300993,0.3333333333333333,0.0012500000039494807
shape,59,random,0.7212703573580712,0.6515911558802704,0.8709950464332492,0.4166666666666667,0.0067333333362284975
shape,59,eig@gamma-poisson,0.8149479709649842,0.634377112844377,0.49764024355250447,0.8333333333333334,0.893450000003071
shape,59,eig@lognormal-poisson,0.7330206342943796,0.6314231068275177,0.5048577678786214,0.5,30.46713750000052
shape,59,bo-ei@gp-poisson,0.7277903048235936,0.7157649213664551,0.5540511903734736,0.5,1.6974999999987972
shape,59,bo-ucb@gp-poisson,0.7205035704307953,0.6981340255738722,0.5540511903734736,0.5,0.10559374999985494
photon,0,eig,3.267376470336251,0.13484523316153063,0.0,1.0,17.44644583333409
photon,0,epig,3.267376470336251,0.13484523316153063,0.0,1.0,125.100385833334
photon,0,maxent,4.071918150935713,0.4151330101617327,0.056055757421219286,0.20833333333333334,13.066684583333316
photon,0,d-optimality,3.2585173513121752,0.13405349189000962,0.0,1.0,0.7071129166644615
photon,0,neyman,3.3556474261572746,0.1587011161761202,0.0,1.0,4.691769999999688
photon,0,predictive-variance,3.5875136364134725,0.23922543283447797,0.0,0.8125,1.3082340909084615
photon,0,epistemic,3.5875136364134725,0.23922543283447797,0.0,0.8125,1.2956181818204662
photon,0,thompson,3.7519286550272564,0.33223085247741946,0.05967658995771437,0.5625,14.06314545454602
photon,0,uniform,3.6399516589885947,0.30073695382646926,0.07955462059879724,0.5,0.0008333333241239416
photon,0,random,3.8650509638936845,0.3547929417221335,0.1530804700282612,0.4166666666666667,0.005664285715007671
photon,0,eig@gamma-poisson,3.3863543149877677,0.18626106648232316,0.0,1.0,1.3460066666662367
photon,0,eig@lognormal-poisson,3.3108212692824837,0.14741423375768564,0.0,1.0,94.37750791666737
photon,0,bo-ei@gp-poisson,3.6690001995321,0.2630072955448431,0.0,0.8125,7.160646249999658
photon,0,bo-ucb@gp-poisson,3.405305653507996,0.1805428268358181,0.0,1.0,0.4489675000003264
photon,1,eig,3.541464396405764,0.1420592221903089,0.02279648637272738,1.0,17.455194999999435
photon,1,epig,3.541464396405764,0.1420592221903089,0.02279648637272738,1.0,129.2250279166655
photon,1,maxent,4.42676877549989,0.4197384726679326,0.37884285788956784,0.20833333333333334,13.36902458333166
photon,1,d-optimality,3.5462160210229485,0.14461393211543616,0.02279648637272738,1.0,0.7276529166652779
photon,1,neyman,3.53599662259462,0.15064675208564585,0.04545129422639398,1.0,4.685775833331007
photon,1,predictive-variance,4.068613498378915,0.2866744557341428,0.04545129422639398,0.8125,1.279240909088809
photon,1,epistemic,4.068613498378915,0.2866744557341428,0.04545129422639398,0.8125,1.3290113636398617
photon,1,thompson,4.2254221725693695,0.35220688085662055,0.3134527192647023,0.4375,13.029079545454827
photon,1,uniform,3.999571887119132,0.3647043873463044,0.06728354135774799,0.5,0.0008166666655521718
photon,1,random,4.214039601606488,0.35670893087097016,0.24282804079240944,0.4583333333333333,0.0052290322547642355
photon,1,eig@gamma-poisson,3.5556574064120734,0.1430769565038846,0.02279648637272738,1.0,1.3299695833332237
photon,1,eig@lognormal-poisson,3.5441966376507232,0.1456291921497815,0.02279648637272738,1.0,94.62085374999964
photon,1,bo-ei@gp-poisson,4.11622636396039,0.2969537401806055,0.04545129422639398,0.8125,6.741735416666709
photon,1,bo-ucb@gp-poisson,3.6125368825414568,0.18815585529433312,0.0018301288311659346,1.0,0.47353499999876664
photon,2,eig,3.4458231885129287,0.13048135781711387,0.0,1.0,17.43690999999738
photon,2,epig,3.444793534584018,0.13027834671822663,0.0,1.0,128.35600166666978
photon,2,maxent,4.105764360248931,0.37919211094231653,0.14718304787484165,0.20833333333333334,13.469902499999145
photon,2,d-optimality,3.441772708859267,0.12841459445740197,0.0,1.0,0.7221666666668606
photon,2,neyman,3.5586801809119883,0.16849449695611432,0.0,1.0,4.7442899999985855
photon,2,predictive-variance,3.8604523959172403,0.24440247540519158,0.03689849313501628,0.8125,1.2903772727306453
photon,2,epistemic,3.8604523959172403,0.24440247540519158,0.03689849313501628,0.8125,1.276852272724227
photon,2,thompson,3.8939462770959974,0.2954798057174978,0.0,0.5833333333333334,13.093286363632666
photon,2,uniform,3.766612302753878,0.253003212711041,0.03689849313501628,0.5,0.0008333333359663205
photon,2,random,4.084116541220227,0.3643036981414991,0.06103290362757505,0.25,0.009974999990447486
photon,2,eig@gamma-poisson,3.496167069303201,0.1626354789596676,0.0,1.0,1.3701208333320853
photon,2,eig@lognormal-poisson,3.4703385309876684,0.13871476127852977,0.0,1.0,94.02587416666843
photon,2,bo-ei@gp-poisson,4.392814437546326,0.3581198267155617,0.026593603978767536,0.3333333333333333,6.7797633333351355
photon,2,bo-ucb@gp-poisson,3.6552567021200666,0.2006232903332516,0.0,1.0,0.4781112499988656
photon,3,eig,3.3803839690293134,0.13559052357002926,0.005233139424223429,1.0,17.65926500000082
photon,3,epig,3.3803839690293134,0.13559052357002926,0.005233139424223429,1.0,128.81716875000274
photon,3,maxent,4.318070463009161,0.40742654756898883,0.23862707391226037,0.20833333333333334,13.018168750000806
photon,3,d-optimality,3.3801249364622357,0.13520120724043277,0.005233139424223429,1.0,0.7230916666666568
photon,3,neyman,3.408203785868898,0.15061877935808757,0.0,1.0,4.966835833331847
photon,3,predictive-variance,3.8474055614690172,0.2674680684782231,0.12020322899870997,0.8125,1.2910795454607957
photon,3,epistemic,3.8474055614690172,0.2674680684782231,0.12020322899870997,0.8125,1.3763863636339382
photon,3,thompson,4.008417262065918,0.32062710263332855,0.1420240202266381,0.5833333333333334,13.195845454549469
photon,3,uniform,3.97637844147737,0.3386404043932331,0.4652162498605298,0.5,0.0008291666707312592
photon,3,random,3.832656143939362,0.3120684331537395,0.08878397329173657,0.5208333333333334,0.005193333331969067
photon,3,eig@gamma-poisson,3.4414000485584695,0.15297032663676252,0.005233139424223429,1.0,1.3235716666675519
photon,3,eig@lognormal-poisson,3.396436341369793,0.1401884401343179,0.005233139424223429,1.0,95.18598125000086
photon,3,bo-ei@gp-poisson,3.961134202192289,0.2863556489605652,0.12020322899870997,0.8125,6.782906666664464
photon,3,bo-ucb@gp-poisson,3.4543703577440237,0.18233573021072064,0.0,1.0,0.46269666666726533
photon,4,eig,3.4829595859586306,0.12049560367143197,0.0,1.0,18.63325166666788
photon,4,epig,3.4829595859586306,0.12049560367143197,0.0,1.0,135.89732583333452
photon,4,maxent,4.4365596430018615,0.3893580160901882,0.47106415558352505,0.20833333333333334,13.247170416666401
photon,4,d-optimality,3.489223347077742,0.12148783059311462,0.0,1.0,0.8064262500016165
photon,4,neyman,3.4797202108947674,0.11884877785725471,0.0,1.0,4.826807916667046
photon,4,predictive-variance,3.987733834037059,0.24259387402313018,0.0,0.8125,1.2369068181770486
photon,4,epistemic,3.987733834037059,0.24259387402313018,0.0,0.8125,1.3640545454569002
photon,4,thompson,4.174393475967924,0.3519802317205592,0.0,0.375,13.516824999997693
photon,4,uniform,4.0281984608110974,0.3049572903050098,0.2794278592055969,0.5,0.0008208333378926606
photon,4,random,4.148588003651335,0.306511310065825,0.06079729016466634,0.5416666666666666,0.005547368417817205
photon,4,eig@gamma-poisson,3.5352117416920503,0.130985837000953,0.0,1.0,1.412038333334209
photon,4,eig@lognormal-poisson,3.467199039625662,0.11385590497748217,0.0,1.0,96.3033308333332
photon,4,bo-ei@gp-poisson,4.155201037851726,0.2822036470922614,0.0,0.8125,7.216956666663539
photon,4,bo-ucb@gp-poisson,3.5553231039696622,0.15117822283502302,0.0,1.0,0.5098787500003255
photon,5,eig,3.450421293836842,0.1382873347637503,0.0,1.0,17.80667666666697
photon,5,epig,3.454689449614,0.13577933408320195,0.0,1.0,129.2343129166672
photon,5,maxent,4.266604588967307,0.42727444260117226,0.11707716929823343,0.20833333333333334,13.624856666672732
photon,5,d-optimality,3.449776144193901,0.13711585716193997,0.0,1.0,0.7525600000003388
photon,5,neyman,3.402949735185345,0.13410722416790294,0.0,1.0,4.79212541666764
photon,5,predictive-variance,3.8929071873374657,0.2733126873304381,0.0733976442249062,0.8125,1.2992954545567996
photon,5,epistemic,3.8929071873374657,0.2733126873304381,0.0733976442249062,0.8125,1.2408613636358206
photon,5,thompson,4.0584089866616155,0.3780063205847724,0.07339764422490638,0.3958333333333333,13.312611363633406
photon,5,uniform,3.997437729029688,0.35398205017075457,0.43995093078134845,0.5,0.0009916666480573137
photon,5,random,4.222902774123428,0.40562836965167487,0.21281997769695263,0.3125,0.005747058821725659
photon,5,eig@gamma-poisson,3.487984964525762,0.15593874100100222,0.0,1.0,1.331863750001124
photon,5,eig@lognormal-poisson,3.4473601693059677,0.1337333847168969,0.0,1.0,99.63562083333339
photon,5,bo-ei@gp-poisson,3.967302185175613,0.2906246137952844,0.0,0.8125,7.140908750001529
photon,5,bo-ucb@gp-poisson,3.4383825784661206,0.1681433653201253,0.0,1.0,0.5097291666653329
photon,6,eig,3.180789902260661,0.13137709429783465,0.0,1.0,17.736275000000035
photon,6,epig,3.1748526149327,0.12921026274944325,0.0,1.0,119.48355541667061
photon,6,maxent,3.834249062024347,0.3891837681455681,0.20907813277173962,0.20833333333333334,14.325870416673562
photon,6,d-optimality,3.1705219831803437,0.12865129115426516,0.0,1.0,0.7498499999930649
photon,6,neyman,3.2070545256841214,0.14078197713189214,0.0,1.0,4.655254583329811
photon,6,predictive-variance,3.6870217170461324,0.25601576081324456,0.16735207898997803,0.8125,1.312590909097108
photon,6,epistemic,3.6870217170461324,0.25601576081324456,0.16735207898997803,0.8125,1.4138613636176118
photon,6,thompson,3.7322926458042893,0.30343917968196044,0.20907813277173962,0.5833333333333334,13.33550000000049
photon,6,uniform,3.5274818430888915,0.3278732622142892,0.1084249626956493,0.5,0.0018333333381785148
photon,6,random,3.7712787376953045,0.38230042380016743,0.1609835649201527,0.3958333333333333,0.006379310356163026
photon,6,eig@gamma-poisson,3.2105123545464855,0.13114517310378854,0.0,1.0,1.3266504166693949
photon,6,eig@lognormal-poisson,3.1889253283176147,0.12741742757058044,0.0,1.0,103.05975500000292
photon,6,bo-ei@gp-poisson,3.5959532950168698,0.24068420340865518,0.10511995597557487,0.8125,7.208547499997072
photon,6,bo-ucb@gp-poisson,3.2571952243845854,0.1593670830904036,0.0,1.0,0.5117737500010359
photon,7,eig,3.3712481320698267,0.11606691145400015,0.0,1.0,17.592401666671265
photon,7,epig,3.3712481320698267,0.11606691145400015,0.0,1.0,128.03027374999942
photon,7,maxent,4.0183392402942415,0.3227055633776749,0.07631440541177754,0.20833333333333334,12.976537083336837
photon,7,d-optimality,3.369189517173504,0.11516506633427408,0.0,1.0,0.7154829166680088
photon,7,neyman,3.3464244196938764,0.11833923576011239,0.0,1.0,4.5768062500026
photon,7,predictive-variance,3.745206270009046,0.21400395524660906,0.0,0.8125,1.3153590909124349
photon,7,epistemic,3.745206270009046,0.21400395524660906,0.0,0.8125,1.2980636363744742
photon,7,thompson,3.8590690347508314,0.25957640169854246,0.0,0.6041666666666666,13.238886363637903
photon,7,uniform,3.6661652277585755,0.2512405400281814,0.06651190627323673,0.5,0.0008208333307872332
photon,7,random,3.9611963914539348,0.2737904003614431,0.2565425560855294,0.2708333333333333,0.005928571429844202
photon,7,eig@gamma-poisson,3.440330003655959,0.13199922968849828,0.0,1.0,1.3076274999993605
photon,7,eig@lognormal-poisson,3.3928029648931814,0.11831486167808271,0.0,1.0,96.39457125000158
photon,7,bo-ei@gp-poisson,3.770195158549311,0.22401559338906182,0.0,0.8125,7.310531666669817
photon,7,bo-ucb@gp-poisson,3.4808968979356543,0.16641631349922026,0.0,1.0,0.4954091666647287
photon,8,eig,3.302603038435258,0.11746659676497727,0.049365862036326036,1.0,17.705966249996646
photon,8,epig,3.302603038435258,0.11746659676497727,0.049365862036326036,1.0,128.75336624999676
photon,8,maxent,4.02043290880106,0.3699746420614311,0.06380998012250474,0.20833333333333334,14.123441666669123
photon,8,d-optimality,3.3113082110476353,0.12050925187811819,0.049365862036326036,1.0,0.7379587499983131
photon,8,neyman,3.296898039898835,0.13066136826587288,0.0493658620363259,1.0,4.760922083331802
photon,8,predictive-variance,3.7028512230712978,0.2362559716124608,0.0,0.8125,1.2546022727390622
photon,8,epistemic,3.7028512230712978,0.2362559716124608,0.0,0.8125,1.325949999994691
photon,8,thompson,3.7758737226768986,0.25224840487769573,0.0493658620363259,0.6458333333333334,13.200511363640482
photon,8,uniform,3.750216399219706,0.2822101834054672,0.02214920904743182,0.5,0.0008208333355241848
photon,8,random,3.8768271629739055,0.29583021759537875,0.20535804375000605,0.4166666666666667,0.005635999996229657
photon,8,eig@gamma-poisson,3.3383488320487125,0.12076871942081173,0.049365862036326036,1.0,1.41311624999787
photon,8,eig@lognormal-poisson,3.3047244299562544,0.11818214753447312,0.049365862036326036,1.0,94.66891166667419
photon,8,bo-ei@gp-poisson,3.7112813460405305,0.23586228847752738,0.0493658620363259,0.8125,7.043957916671199
photon,8,bo-ucb@gp-poisson,3.3490905675104177,0.15260414123476645,0.0,1.0,0.5377862500007305
photon,9,eig,3.383064955590219,0.1315328872564716,0.034640632970710426,1.0,17.57059749999854
photon,9,epig,3.383064955590219,0.1315328872564716,0.034640632970710426,1.0,126.81764708332727
photon,9,maxent,4.210881621091364,0.3729114693710617,0.479763027159591,0.20833333333333334,14.226799166666618
photon,9,d-optimality,3.385304767472922,0.13293777638079451,0.034640632970710426,1.0,0.721804583337852
photon,9,neyman,3.3958186691424364,0.1359589505323888,0.034640632970710426,1.0,4.661963750002466
photon,9,predictive-variance,3.7266581257497577,0.2204507309534467,0.034640632970710426,0.8125,1.2865045454656288
photon,9,epistemic,3.7266581257497577,0.2204507309534467,0.034640632970710426,0.8125,1.2652022727221182
photon,9,thompson,3.9119891237566145,0.29380034466600347,0.034640632970710426,0.5833333333333334,13.370959090903769
photon,9,uniform,3.687772860002036,0.2947780222679876,0.09208203839432615,0.5,0.001045833334008724
photon,9,random,3.9612090485625173,0.31900011208019385,0.47570022504596315,0.4583333333333333,0.005316666674085961
photon,9,eig@gamma-poisson,3.4038833688833514,0.1353113065053907,0.034640632970710426,1.0,1.3655658333353433
photon,9,eig@lognormal-poisson,3.3910415788768518,0.13433338871809683,0.034640632970710426,1.0,91.52698666666433
photon,9,bo-ei@gp-poisson,3.834251304529308,0.24176032911771717,0.07229970789528936,0.8125,6.562687083327982
photon,9,bo-ucb@gp-poisson,3.4808796405718128,0.16614743631015902,0.04991086774817521,1.0,0.4593658333286991
photon,10,eig,3.3968551362946564,0.13898085696689508,-1.774421610830938e-16,1.0,16.555452083336302
photon,10,epig,3.4031255932359095,0.1410976027040504,0.0,1.0,123.77910999999813
photon,10,maxent,4.2901944359882735,0.4224193698397074,0.4835226581010086,0.20833333333333334,12.699529999997594
photon,10,d-optimality,3.4034049409887452,0.13816399706790253,-1.774421610830938e-16,1.0,0.6953925000033223
photon,10,neyman,3.409990870847589,0.1512924304993847,-1.774421610830938e-16,1.0,4.4424629166655905
photon,10,predictive-variance,3.838520439255402,0.2530766073975234,0.0,0.8125,1.244963636366947
photon,10,epistemic,3.838520439255402,0.2530766073975234,0.0,0.8125,1.2417477272725301
photon,10,thompson,4.014496114306559,0.3342989093420527,0.01908980518122412,0.4375,12.59122727272587
photon,10,uniform,3.983896260871532,0.34824822229514896,0.32779187698416407,0.5,0.0008249999960222946
photon,10,random,4.018927601989235,0.36663037572572943,0.22760988796593717,0.4791666666666667,0.005185714278305957
photon,10,eig@gamma-poisson,3.431320478151706,0.13795969343010261,-1.774421610830938e-16,1.0,1.2624583333329535
photon,10,eig@lognormal-poisson,3.429856199959899,0.14404623672458666,-1.774421610830938e-16,1.0,87.35486833333918
photon,10,bo-ei@gp-poisson,3.9051520081046456,0.2759093700194081,0.0,0.8125,6.778092083335234
photon,10,bo-ucb@gp-poisson,3.458040490139517,0.17768961939686032,0.0,1.0,0.4687837499991095
photon,11,eig,3.2842749120529944,0.1358859517768131,0.0,1.0,16.3062279166643
photon,11,epig,3.2842749120529944,0.1358859517768131,0.0,1.0,116.17712541666472
photon,11,maxent,4.1585982244266715,0.39263655632025385,0.45886877154543676,0.20833333333333334,12.867631249999079
photon,11,d-optimality,3.287307574366608,0.13631656177413598,0.0,1.0,0.6646891666733268
photon,11,neyman,3.339393775533825,0.13764413371696546,0.0,1.0,4.333085416668799
photon,11,predictive-variance,3.9480034847894907,0.28703008680124753,0.20479688495406614,0.8125,1.2406795454570452
photon,11,epistemic,3.9480034847894907,0.28703008680124753,0.20479688495406614,0.8125,1.2280840909113522
photon,11,thompson,3.9208280789934213,0.31948747184623794,0.11460058704802971,0.625,12.870906818195946
photon,11,uniform,3.6985086900631416,0.32690519161026216,0.46538571913383625,0.5,0.0008125000097910137
photon,11,random,4.065753831520813,0.3867485052123045,0.7327585898939623,0.4166666666666667,0.005370833316457417
photon,11,eig@gamma-poisson,3.280332137039821,0.12817094228294304,0.0,1.0,1.2375808333331406
photon,11,eig@lognormal-poisson,3.2405272517372734,0.12299322988636964,0.0,1.0,86.89989958333418
photon,11,bo-ei@gp-poisson,4.023506499446512,0.30752655746584334,0.11460058704802971,0.8125,6.617641249993748
photon,11,bo-ucb@gp-poisson,3.3515245078735014,0.16881488965739053,0.0,1.0,0.4884470833313041
